created at,id,run id,run attempt,workflow name,name,head branch,conclusion,step,html url
"28.08.26, 04:50:27",98757700197,33142965676,1,Send dependabot new vulnerability alerts,Send notifications,main,failure,Teams Notification,https://github.com/DevExpress/DevExtreme/actions/runs/33142965676/job/98757700197
"28.08.26, 13:39:19",98865963854,33176380507,1,Build and pack DevExtreme npm packages,build,feature/remove-systemjs-from-demos,cancelled,Build npm packages,https://github.com/DevExpress/DevExtreme/actions/runs/33176380507/job/98865963854
"28.08.26, 13:44:16",98867305160,33176380507,1,Build and pack DevExtreme npm packages,custom_bundles,feature/remove-systemjs-from-demos,cancelled,,https://github.com/DevExpress/DevExtreme/actions/runs/33176380507/job/98867305160
"28.08.26, 12:52:34",98854163028,33172898340,1,Build and pack DevExtreme npm packages,build,25_2,failure,,https://github.com/DevExpress/DevExtreme/actions/runs/33172898340/job/98854163028
"28.08.26, 11:24:05",98834711683,33167007755,1,Build and pack DevExtreme npm packages,build,feature/26_2_osm-provider-for-dxmap/viewport-and-interactions,cancelled,Build npm packages,https://github.com/DevExpress/DevExtreme/actions/runs/33167007755/job/98834711683
"28.08.26, 11:30:18",98835978311,33167007755,1,Build and pack DevExtreme npm packages,custom_bundles,feature/26_2_osm-provider-for-dxmap/viewport-and-interactions,cancelled,,https://github.com/DevExpress/DevExtreme/actions/runs/33167007755/job/98835978311
"28.08.26, 10:40:27",98825749101,33164246562,1,Build and pack DevExtreme npm packages,build,26_1,cancelled,Post Setup nx cache,https://github.com/DevExpress/DevExtreme/actions/runs/33164246562/job/98825749101
"28.08.26, 10:49:30",98827593478,33164246562,1,Build and pack DevExtreme npm packages,custom_bundles,26_1,cancelled,,https://github.com/DevExpress/DevExtreme/actions/runs/33164246562/job/98827593478
"28.08.26, 09:27:58",98810176367,33159458545,1,Build and pack DevExtreme npm packages,build,playwright-scheduler-pivotgrid,cancelled,Build npm packages,https://github.com/DevExpress/DevExtreme/actions/runs/33159458545/job/98810176367
"28.08.26, 09:29:47",98810583593,33159458545,1,Build and pack DevExtreme npm packages,custom_bundles,playwright-scheduler-pivotgrid,cancelled,,https://github.com/DevExpress/DevExtreme/actions/runs/33159458545/job/98810583593
"28.08.26, 09:23:36",98809187085,33159170273,1,Build and pack DevExtreme npm packages,build,playwright-scheduler-pivotgrid,cancelled,Build npm packages,https://github.com/DevExpress/DevExtreme/actions/runs/33159170273/job/98809187085
"28.08.26, 09:27:58",98810175757,33159170273,1,Build and pack DevExtreme npm packages,custom_bundles,playwright-scheduler-pivotgrid,cancelled,,https://github.com/DevExpress/DevExtreme/actions/runs/33159170273/job/98810175757
"28.08.26, 09:23:17",98809116514,33159133515,1,Build and pack DevExtreme npm packages,build,playwright-scheduler-pivotgrid,cancelled,Use Node.js,https://github.com/DevExpress/DevExtreme/actions/runs/33159133515/job/98809116514
"28.08.26, 09:23:35",98809186767,33159133515,1,Build and pack DevExtreme npm packages,custom_bundles,playwright-scheduler-pivotgrid,cancelled,,https://github.com/DevExpress/DevExtreme/actions/runs/33159133515/job/98809186767
"28.08.26, 09:18:42",98808072428,33158819249,1,Build and pack DevExtreme npm packages,build,playwright-scheduler-pivotgrid,cancelled,Build npm packages,https://github.com/DevExpress/DevExtreme/actions/runs/33158819249/job/98808072428
"28.08.26, 09:23:17",98809116178,33158819249,1,Build and pack DevExtreme npm packages,custom_bundles,playwright-scheduler-pivotgrid,cancelled,,https://github.com/DevExpress/DevExtreme/actions/runs/33158819249/job/98809116178
"28.08.26, 09:12:33",98806680977,33158395340,1,Build and pack DevExtreme npm packages,build,playwright-scheduler-pivotgrid,cancelled,Build npm packages,https://github.com/DevExpress/DevExtreme/actions/runs/33158395340/job/98806680977
"28.08.26, 09:18:42",98808072020,33158395340,1,Build and pack DevExtreme npm packages,custom_bundles,playwright-scheduler-pivotgrid,cancelled,,https://github.com/DevExpress/DevExtreme/actions/runs/33158395340/job/98808072020
"28.08.26, 09:09:22",98805959286,33158176922,1,Build and pack DevExtreme npm packages,build,playwright-scheduler-pivotgrid,cancelled,Build npm packages,https://github.com/DevExpress/DevExtreme/actions/runs/33158176922/job/98805959286
"28.08.26, 09:12:33",98806680215,33158176922,1,Build and pack DevExtreme npm packages,custom_bundles,playwright-scheduler-pivotgrid,cancelled,,https://github.com/DevExpress/DevExtreme/actions/runs/33158176922/job/98806680215
"28.08.26, 09:05:25",98805071472,33157907154,1,Build and pack DevExtreme npm packages,build,playwright-scheduler-pivotgrid,cancelled,Build npm packages,https://github.com/DevExpress/DevExtreme/actions/runs/33157907154/job/98805071472
"28.08.26, 09:09:21",98805958640,33157907154,1,Build and pack DevExtreme npm packages,custom_bundles,playwright-scheduler-pivotgrid,cancelled,,https://github.com/DevExpress/DevExtreme/actions/runs/33157907154/job/98805958640
"28.08.26, 09:03:31",98804657169,33157797303,1,Build and pack DevExtreme npm packages,build,playwright-scheduler-pivotgrid,cancelled,Install dependencies,https://github.com/DevExpress/DevExtreme/actions/runs/33157797303/job/98804657169
"28.08.26, 09:05:25",98805071137,33157797303,1,Build and pack DevExtreme npm packages,custom_bundles,playwright-scheduler-pivotgrid,cancelled,,https://github.com/DevExpress/DevExtreme/actions/runs/33157797303/job/98805071137
"28.08.26, 07:50:29",98789068795,33152975513,1,Build and pack DevExtreme npm packages,build,gh-readonly-queue/main/pr-34937-b4acfa5d5d93b4a667658dbfec25fb22dd6be8fc,failure,Build npm packages,https://github.com/DevExpress/DevExtreme/actions/runs/33152975513/job/98789068795
"28.08.26, 07:48:25",98788644725,33152844969,1,Build and pack DevExtreme npm packages,build,gh-readonly-queue/main/pr-34938-4e11ff93a3cd59ad2c902db02c8592f235a21a1e,failure,Build npm packages,https://github.com/DevExpress/DevExtreme/actions/runs/33152844969/job/98788644725
"28.08.26, 07:45:06",98787957184,33152633395,1,Build and pack DevExtreme npm packages,build,gh-readonly-queue/main/pr-34938-4e11ff93a3cd59ad2c902db02c8592f235a21a1e,failure,Build npm packages,https://github.com/DevExpress/DevExtreme/actions/runs/33152633395/job/98787957184
"28.08.26, 06:47:42",98776836918,33149146173,1,Build and pack DevExtreme npm packages,build,typescript/events/es6_emitters,cancelled,Use Node.js,https://github.com/DevExpress/DevExtreme/actions/runs/33149146173/job/98776836918
"28.08.26, 06:48:06",98776906066,33149146173,1,Build and pack DevExtreme npm packages,custom_bundles,typescript/events/es6_emitters,cancelled,,https://github.com/DevExpress/DevExtreme/actions/runs/33149146173/job/98776906066
"28.08.26, 06:00:43",98768646237,33146495034,1,Build and pack DevExtreme npm packages,build,playwright-scheduler-pivotgrid,cancelled,Build npm packages,https://github.com/DevExpress/DevExtreme/actions/runs/33146495034/job/98768646237
"28.08.26, 06:03:32",98769106214,33146495034,1,Build and pack DevExtreme npm packages,custom_bundles,playwright-scheduler-pivotgrid,cancelled,,https://github.com/DevExpress/DevExtreme/actions/runs/33146495034/job/98769106214
"28.08.26, 05:58:28",98768279145,33146390306,1,Build and pack DevExtreme npm packages,build,playwright-scheduler-pivotgrid,cancelled,Build npm packages,https://github.com/DevExpress/DevExtreme/actions/runs/33146390306/job/98768279145
"28.08.26, 06:00:43",98768645964,33146390306,1,Build and pack DevExtreme npm packages,custom_bundles,playwright-scheduler-pivotgrid,cancelled,,https://github.com/DevExpress/DevExtreme/actions/runs/33146390306/job/98768645964
"28.08.26, 05:41:35",98765574657,33145516433,1,Build and pack DevExtreme npm packages,build,playwright-scheduler-pivotgrid,cancelled,Build npm packages,https://github.com/DevExpress/DevExtreme/actions/runs/33145516433/job/98765574657
"28.08.26, 05:43:51",98765931822,33145516433,1,Build and pack DevExtreme npm packages,custom_bundles,playwright-scheduler-pivotgrid,cancelled,,https://github.com/DevExpress/DevExtreme/actions/runs/33145516433/job/98765931822
"28.08.26, 05:39:31",98765246721,33145424230,1,Build and pack DevExtreme npm packages,build,playwright-scheduler-pivotgrid,cancelled,Build npm packages,https://github.com/DevExpress/DevExtreme/actions/runs/33145424230/job/98765246721
"28.08.26, 05:41:34",98765574149,33145424230,1,Build and pack DevExtreme npm packages,custom_bundles,playwright-scheduler-pivotgrid,cancelled,,https://github.com/DevExpress/DevExtreme/actions/runs/33145424230/job/98765574149
"28.08.26, 05:27:18",98763395978,33144810340,1,Build and pack DevExtreme npm packages,build,playwright-scheduler-pivotgrid,cancelled,Use Node.js,https://github.com/DevExpress/DevExtreme/actions/runs/33144810340/job/98763395978
"28.08.26, 05:27:47",98763468587,33144810340,1,Build and pack DevExtreme npm packages,custom_bundles,playwright-scheduler-pivotgrid,cancelled,,https://github.com/DevExpress/DevExtreme/actions/runs/33144810340/job/98763468587
"28.08.26, 04:22:27",98753506497,33141623141,1,Build and pack DevExtreme npm packages,build,playwright-scheduler-pivotgrid,cancelled,Build npm packages,https://github.com/DevExpress/DevExtreme/actions/runs/33141623141/job/98753506497
"28.08.26, 04:26:13",98754058952,33141623141,1,Build and pack DevExtreme npm packages,custom_bundles,playwright-scheduler-pivotgrid,cancelled,,https://github.com/DevExpress/DevExtreme/actions/runs/33141623141/job/98754058952
"28.08.26, 02:04:09",98732197598,33134777764,1,Build and pack DevExtreme npm packages,build,playwright-components-infra,cancelled,Build npm packages,https://github.com/DevExpress/DevExtreme/actions/runs/33134777764/job/98732197598
"28.08.26, 02:06:36",98732586186,33134777764,1,Build and pack DevExtreme npm packages,custom_bundles,playwright-components-infra,cancelled,,https://github.com/DevExpress/DevExtreme/actions/runs/33134777764/job/98732586186
"28.08.26, 02:02:03",98731866717,33134671720,1,Build and pack DevExtreme npm packages,build,playwright-scheduler-pivotgrid,cancelled,Build npm packages,https://github.com/DevExpress/DevExtreme/actions/runs/33134671720/job/98731866717
"28.08.26, 02:06:00",98732488546,33134671720,1,Build and pack DevExtreme npm packages,custom_bundles,playwright-scheduler-pivotgrid,cancelled,,https://github.com/DevExpress/DevExtreme/actions/runs/33134671720/job/98732488546
"28.08.26, 03:59:15",98749993299,33139754309,1,CodeQL,Send notifications,24_2,failure,Set up job,https://github.com/DevExpress/DevExtreme/actions/runs/33139754309/job/98749993299
"28.08.26, 04:01:33",98750358585,33139754018,1,CodeQL,Send notifications,25_1,failure,Set up job,https://github.com/DevExpress/DevExtreme/actions/runs/33139754018/job/98750358585
"28.08.26, 13:39:19",98865963675,33176380466,1,Default Workflow,main,feature/remove-systemjs-from-demos,cancelled,Run targets,https://github.com/DevExpress/DevExtreme/actions/runs/33176380466/job/98865963675
"28.08.26, 11:24:05",98834711722,33167007762,1,Default Workflow,main,feature/26_2_osm-provider-for-dxmap/viewport-and-interactions,cancelled,Post Setup pnpm cache,https://github.com/DevExpress/DevExtreme/actions/runs/33167007762/job/98834711722
"28.08.26, 09:27:57",98810174099,33159458358,1,Default Workflow,main,playwright-scheduler-pivotgrid,cancelled,Run targets,https://github.com/DevExpress/DevExtreme/actions/runs/33159458358/job/98810174099
"28.08.26, 09:23:36",98809187064,33159170233,1,Default Workflow,main,playwright-scheduler-pivotgrid,cancelled,Run targets,https://github.com/DevExpress/DevExtreme/actions/runs/33159170233/job/98809187064
"28.08.26, 09:23:17",98809118254,33159133478,1,Default Workflow,main,playwright-scheduler-pivotgrid,cancelled,Use Node.js,https://github.com/DevExpress/DevExtreme/actions/runs/33159133478/job/98809118254
"28.08.26, 09:18:26",98808014431,33158819115,1,Default Workflow,main,playwright-scheduler-pivotgrid,cancelled,Run targets,https://github.com/DevExpress/DevExtreme/actions/runs/33158819115/job/98808014431
"28.08.26, 09:09:20",98805953023,33158176933,1,Default Workflow,main,playwright-scheduler-pivotgrid,cancelled,Run targets,https://github.com/DevExpress/DevExtreme/actions/runs/33158176933/job/98805953023
"28.08.26, 09:05:25",98805070357,33157907147,1,Default Workflow,main,playwright-scheduler-pivotgrid,cancelled,Run targets,https://github.com/DevExpress/DevExtreme/actions/runs/33157907147/job/98805070357
"28.08.26, 09:03:31",98804656649,33157797217,1,Default Workflow,main,playwright-scheduler-pivotgrid,cancelled,Install dependencies,https://github.com/DevExpress/DevExtreme/actions/runs/33157797217/job/98804656649
"28.08.26, 07:50:29",98789068855,33152975520,1,Default Workflow,main,gh-readonly-queue/main/pr-34937-b4acfa5d5d93b4a667658dbfec25fb22dd6be8fc,failure,Run targets,https://github.com/DevExpress/DevExtreme/actions/runs/33152975520/job/98789068855
"28.08.26, 07:48:25",98788644937,33152845021,1,Default Workflow,main,gh-readonly-queue/main/pr-34938-4e11ff93a3cd59ad2c902db02c8592f235a21a1e,failure,Run targets,https://github.com/DevExpress/DevExtreme/actions/runs/33152845021/job/98788644937
"28.08.26, 07:45:06",98787956466,33152633429,1,Default Workflow,main,gh-readonly-queue/main/pr-34938-4e11ff93a3cd59ad2c902db02c8592f235a21a1e,failure,Run targets,https://github.com/DevExpress/DevExtreme/actions/runs/33152633429/job/98787956466
"28.08.26, 06:47:42",98776837221,33149146233,1,Default Workflow,main,typescript/events/es6_emitters,cancelled,Use Node.js,https://github.com/DevExpress/DevExtreme/actions/runs/33149146233/job/98776837221
"28.08.26, 06:00:43",98768644411,33146495030,1,Default Workflow,main,playwright-scheduler-pivotgrid,cancelled,Run targets,https://github.com/DevExpress/DevExtreme/actions/runs/33146495030/job/98768644411
"28.08.26, 05:58:28",98768278927,33146390220,1,Default Workflow,main,playwright-scheduler-pivotgrid,cancelled,Run targets,https://github.com/DevExpress/DevExtreme/actions/runs/33146390220/job/98768278927
"28.08.26, 05:41:35",98765575802,33145516451,1,Default Workflow,main,playwright-scheduler-pivotgrid,cancelled,Install dependencies,https://github.com/DevExpress/DevExtreme/actions/runs/33145516451/job/98765575802
"28.08.26, 05:39:31",98765246730,33145424203,1,Default Workflow,main,playwright-scheduler-pivotgrid,cancelled,Run targets,https://github.com/DevExpress/DevExtreme/actions/runs/33145424203/job/98765246730
"28.08.26, 05:27:18",98763396170,33144810379,1,Default Workflow,main,playwright-scheduler-pivotgrid,cancelled,Setup pnpm cache,https://github.com/DevExpress/DevExtreme/actions/runs/33144810379/job/98763396170
"28.08.26, 02:04:09",98732197871,33134777791,1,Default Workflow,main,playwright-components-infra,cancelled,Install dependencies,https://github.com/DevExpress/DevExtreme/actions/runs/33134777791/job/98732197871
"28.08.26, 09:23:07",98809078449,33159133454,1,Demos unit tests,Run unit tests,playwright-scheduler-pivotgrid,cancelled,Run pnpm/action-setup@v6,https://github.com/DevExpress/DevExtreme/actions/runs/33159133454/job/98809078449
"28.08.26, 09:03:36",98804677719,33157797189,1,Demos unit tests,Run unit tests,playwright-scheduler-pivotgrid,cancelled,Post Setup pnpm cache,https://github.com/DevExpress/DevExtreme/actions/runs/33157797189/job/98804677719
"28.08.26, 06:47:50",98776859020,33149146275,1,Demos unit tests,Run unit tests,typescript/events/es6_emitters,cancelled,Use Node.js,https://github.com/DevExpress/DevExtreme/actions/runs/33149146275/job/98776859020
"28.08.26, 05:27:24",98763410143,33144810375,1,Demos unit tests,Run unit tests,playwright-scheduler-pivotgrid,cancelled,Run pnpm/action-setup@v6,https://github.com/DevExpress/DevExtreme/actions/runs/33144810375/job/98763410143
"28.08.26, 18:42:22",98948498483,33200506906,1,Lint,texts,fluent-next/component-tier,failure,Check texts,https://github.com/DevExpress/DevExtreme/actions/runs/33200506906/job/98948498483
"28.08.26, 13:39:19",98865963788,33176380478,1,Lint,JS,feature/remove-systemjs-from-demos,cancelled,Build,https://github.com/DevExpress/DevExtreme/actions/runs/33176380478/job/98865963788
"28.08.26, 13:39:19",98865963843,33176380478,1,Lint,TS,feature/remove-systemjs-from-demos,cancelled,Build,https://github.com/DevExpress/DevExtreme/actions/runs/33176380478/job/98865963843
"28.08.26, 13:44:10",98867280584,33176380478,1,Lint,Send notifications,feature/remove-systemjs-from-demos,cancelled,,https://github.com/DevExpress/DevExtreme/actions/runs/33176380478/job/98867280584
"28.08.26, 11:24:05",98834712025,33167007851,1,Lint,JS,feature/26_2_osm-provider-for-dxmap/viewport-and-interactions,cancelled,Post Setup pnpm cache,https://github.com/DevExpress/DevExtreme/actions/runs/33167007851/job/98834712025
"28.08.26, 11:24:05",98834712061,33167007851,1,Lint,TS,feature/26_2_osm-provider-for-dxmap/viewport-and-interactions,cancelled,Lint .d.ts,https://github.com/DevExpress/DevExtreme/actions/runs/33167007851/job/98834712061
"28.08.26, 11:30:06",98835934347,33167007851,1,Lint,Send notifications,feature/26_2_osm-provider-for-dxmap/viewport-and-interactions,cancelled,,https://github.com/DevExpress/DevExtreme/actions/runs/33167007851/job/98835934347
"28.08.26, 09:27:56",98810168109,33159458438,1,Lint,TS,playwright-scheduler-pivotgrid,cancelled,Build,https://github.com/DevExpress/DevExtreme/actions/runs/33159458438/job/98810168109
"28.08.26, 09:27:56",98810168303,33159458438,1,Lint,JS,playwright-scheduler-pivotgrid,cancelled,Build,https://github.com/DevExpress/DevExtreme/actions/runs/33159458438/job/98810168303
"28.08.26, 09:27:56",98810168324,33159458438,1,Lint,wrappers,playwright-scheduler-pivotgrid,cancelled,,https://github.com/DevExpress/DevExtreme/actions/runs/33159458438/job/98810168324
"28.08.26, 09:27:56",98810168347,33159458438,1,Lint,texts,playwright-scheduler-pivotgrid,cancelled,Post Setup pnpm cache,https://github.com/DevExpress/DevExtreme/actions/runs/33159458438/job/98810168347
"28.08.26, 09:29:48",98810587212,33159458438,1,Lint,Send notifications,playwright-scheduler-pivotgrid,cancelled,,https://github.com/DevExpress/DevExtreme/actions/runs/33159458438/job/98810587212
"28.08.26, 09:23:36",98809189628,33159170221,1,Lint,JS,playwright-scheduler-pivotgrid,cancelled,Build,https://github.com/DevExpress/DevExtreme/actions/runs/33159170221/job/98809189628
"28.08.26, 09:23:36",98809189713,33159170221,1,Lint,TS,playwright-scheduler-pivotgrid,cancelled,Build,https://github.com/DevExpress/DevExtreme/actions/runs/33159170221/job/98809189713
"28.08.26, 09:27:56",98810167823,33159170221,1,Lint,Send notifications,playwright-scheduler-pivotgrid,cancelled,,https://github.com/DevExpress/DevExtreme/actions/runs/33159170221/job/98810167823
"28.08.26, 09:23:17",98809118585,33159133517,1,Lint,component_exports,playwright-scheduler-pivotgrid,cancelled,Use Node.js,https://github.com/DevExpress/DevExtreme/actions/runs/33159133517/job/98809118585
"28.08.26, 09:23:17",98809118738,33159133517,1,Lint,JS,playwright-scheduler-pivotgrid,cancelled,Use Node.js,https://github.com/DevExpress/DevExtreme/actions/runs/33159133517/job/98809118738
"28.08.26, 09:23:17",98809118744,33159133517,1,Lint,wrappers,playwright-scheduler-pivotgrid,cancelled,Use Node.js,https://github.com/DevExpress/DevExtreme/actions/runs/33159133517/job/98809118744
"28.08.26, 09:23:18",98809118806,33159133517,1,Lint,TS,playwright-scheduler-pivotgrid,cancelled,Use Node.js,https://github.com/DevExpress/DevExtreme/actions/runs/33159133517/job/98809118806
"28.08.26, 09:23:18",98809118826,33159133517,1,Lint,texts,playwright-scheduler-pivotgrid,cancelled,Use Node.js,https://github.com/DevExpress/DevExtreme/actions/runs/33159133517/job/98809118826
"28.08.26, 09:23:36",98809188837,33159133517,1,Lint,Send notifications,playwright-scheduler-pivotgrid,cancelled,,https://github.com/DevExpress/DevExtreme/actions/runs/33159133517/job/98809188837
"28.08.26, 09:18:42",98808073356,33158819051,1,Lint,JS,playwright-scheduler-pivotgrid,cancelled,Build,https://github.com/DevExpress/DevExtreme/actions/runs/33158819051/job/98808073356
"28.08.26, 09:18:43",98808073402,33158819051,1,Lint,TS,playwright-scheduler-pivotgrid,cancelled,Lint TS,https://github.com/DevExpress/DevExtreme/actions/runs/33158819051/job/98808073402
"28.08.26, 09:23:17",98809118036,33158819051,1,Lint,Send notifications,playwright-scheduler-pivotgrid,cancelled,,https://github.com/DevExpress/DevExtreme/actions/runs/33158819051/job/98809118036
"28.08.26, 09:12:33",98806680726,33158395424,1,Lint,TS,playwright-scheduler-pivotgrid,cancelled,Lint TS,https://github.com/DevExpress/DevExtreme/actions/runs/33158395424/job/98806680726
"28.08.26, 09:18:42",98808072951,33158395424,1,Lint,Send notifications,playwright-scheduler-pivotgrid,cancelled,,https://github.com/DevExpress/DevExtreme/actions/runs/33158395424/job/98808072951
"28.08.26, 09:09:20",98805952824,33158176914,1,Lint,TS,playwright-scheduler-pivotgrid,cancelled,Build,https://github.com/DevExpress/DevExtreme/actions/runs/33158176914/job/98805952824
"28.08.26, 09:09:20",98805952906,33158176914,1,Lint,JS,playwright-scheduler-pivotgrid,cancelled,Build,https://github.com/DevExpress/DevExtreme/actions/runs/33158176914/job/98805952906
"28.08.26, 09:12:33",98806680235,33158176914,1,Lint,Send notifications,playwright-scheduler-pivotgrid,cancelled,,https://github.com/DevExpress/DevExtreme/actions/runs/33158176914/job/98806680235
"28.08.26, 09:05:26",98805075102,33157907150,1,Lint,TS,playwright-scheduler-pivotgrid,cancelled,Build,https://github.com/DevExpress/DevExtreme/actions/runs/33157907150/job/98805075102
"28.08.26, 09:05:26",98805075299,33157907150,1,Lint,JS,playwright-scheduler-pivotgrid,cancelled,Build,https://github.com/DevExpress/DevExtreme/actions/runs/33157907150/job/98805075299
"28.08.26, 09:09:20",98805952133,33157907150,1,Lint,Send notifications,playwright-scheduler-pivotgrid,cancelled,,https://github.com/DevExpress/DevExtreme/actions/runs/33157907150/job/98805952133
"28.08.26, 09:03:30",98804656601,33157797174,1,Lint,JS,playwright-scheduler-pivotgrid,cancelled,Install dependencies,https://github.com/DevExpress/DevExtreme/actions/runs/33157797174/job/98804656601
"28.08.26, 09:03:31",98804656886,33157797174,1,Lint,wrappers,playwright-scheduler-pivotgrid,cancelled,Install dependencies,https://github.com/DevExpress/DevExtreme/actions/runs/33157797174/job/98804656886
"28.08.26, 09:03:31",98804656896,33157797174,1,Lint,TS,playwright-scheduler-pivotgrid,cancelled,Install dependencies,https://github.com/DevExpress/DevExtreme/actions/runs/33157797174/job/98804656896
"28.08.26, 09:03:31",98804657284,33157797174,1,Lint,texts,playwright-scheduler-pivotgrid,cancelled,Install dependencies,https://github.com/DevExpress/DevExtreme/actions/runs/33157797174/job/98804657284
"28.08.26, 09:05:26",98805074313,33157797174,1,Lint,Send notifications,playwright-scheduler-pivotgrid,cancelled,,https://github.com/DevExpress/DevExtreme/actions/runs/33157797174/job/98805074313
"28.08.26, 07:50:28",98789068570,33152975488,1,Lint,JS,gh-readonly-queue/main/pr-34937-b4acfa5d5d93b4a667658dbfec25fb22dd6be8fc,failure,Build,https://github.com/DevExpress/DevExtreme/actions/runs/33152975488/job/98789068570
"28.08.26, 07:50:29",98789068757,33152975488,1,Lint,TS,gh-readonly-queue/main/pr-34937-b4acfa5d5d93b4a667658dbfec25fb22dd6be8fc,failure,Build,https://github.com/DevExpress/DevExtreme/actions/runs/33152975488/job/98789068757
"28.08.26, 07:48:25",98788644559,33152844985,1,Lint,TS,gh-readonly-queue/main/pr-34938-4e11ff93a3cd59ad2c902db02c8592f235a21a1e,failure,Build,https://github.com/DevExpress/DevExtreme/actions/runs/33152844985/job/98788644559
"28.08.26, 07:48:25",98788644724,33152844985,1,Lint,JS,gh-readonly-queue/main/pr-34938-4e11ff93a3cd59ad2c902db02c8592f235a21a1e,failure,Build,https://github.com/DevExpress/DevExtreme/actions/runs/33152844985/job/98788644724
"28.08.26, 07:45:06",98787956486,33152633426,1,Lint,JS,gh-readonly-queue/main/pr-34938-4e11ff93a3cd59ad2c902db02c8592f235a21a1e,failure,Build,https://github.com/DevExpress/DevExtreme/actions/runs/33152633426/job/98787956486
"28.08.26, 07:45:06",98787956555,33152633426,1,Lint,TS,gh-readonly-queue/main/pr-34938-4e11ff93a3cd59ad2c902db02c8592f235a21a1e,failure,Build,https://github.com/DevExpress/DevExtreme/actions/runs/33152633426/job/98787956555
"28.08.26, 06:47:42",98776836742,33149146139,1,Lint,texts,typescript/events/es6_emitters,cancelled,Use Node.js,https://github.com/DevExpress/DevExtreme/actions/runs/33149146139/job/98776836742
"28.08.26, 06:47:42",98776836942,33149146139,1,Lint,TS,typescript/events/es6_emitters,cancelled,Run pnpm/action-setup@v6,https://github.com/DevExpress/DevExtreme/actions/runs/33149146139/job/98776836942
"28.08.26, 06:47:42",98776836973,33149146139,1,Lint,wrappers,typescript/events/es6_emitters,cancelled,Run pnpm/action-setup@v6,https://github.com/DevExpress/DevExtreme/actions/runs/33149146139/job/98776836973
"28.08.26, 06:47:42",98776836979,33149146139,1,Lint,JS,typescript/events/es6_emitters,cancelled,Run pnpm/action-setup@v6,https://github.com/DevExpress/DevExtreme/actions/runs/33149146139/job/98776836979
"28.08.26, 06:47:42",98776836987,33149146139,1,Lint,component_exports,typescript/events/es6_emitters,cancelled,Run pnpm/action-setup@v6,https://github.com/DevExpress/DevExtreme/actions/runs/33149146139/job/98776836987
"28.08.26, 06:48:08",98776912029,33149146139,1,Lint,Send notifications,typescript/events/es6_emitters,cancelled,,https://github.com/DevExpress/DevExtreme/actions/runs/33149146139/job/98776912029
"28.08.26, 06:14:08",98770889126,33147248268,1,Lint,TS,playwright-scheduler-pivotgrid,failure,Lint Playwright tests,https://github.com/DevExpress/DevExtreme/actions/runs/33147248268/job/98770889126
"28.08.26, 06:00:43",98768643827,33146494940,1,Lint,JS,playwright-scheduler-pivotgrid,cancelled,Lint JS,https://github.com/DevExpress/DevExtreme/actions/runs/33146494940/job/98768643827
"28.08.26, 06:00:43",98768643910,33146494940,1,Lint,TS,playwright-scheduler-pivotgrid,cancelled,Lint TS,https://github.com/DevExpress/DevExtreme/actions/runs/33146494940/job/98768643910
"28.08.26, 06:03:33",98769108533,33146494940,1,Lint,Send notifications,playwright-scheduler-pivotgrid,cancelled,,https://github.com/DevExpress/DevExtreme/actions/runs/33146494940/job/98769108533
"28.08.26, 05:58:28",98768278776,33146390228,1,Lint,JS,playwright-scheduler-pivotgrid,cancelled,Lint JS,https://github.com/DevExpress/DevExtreme/actions/runs/33146390228/job/98768278776
"28.08.26, 05:58:28",98768278800,33146390228,1,Lint,TS,playwright-scheduler-pivotgrid,cancelled,Install dependencies,https://github.com/DevExpress/DevExtreme/actions/runs/33146390228/job/98768278800
"28.08.26, 06:00:42",98768643162,33146390228,1,Lint,Send notifications,playwright-scheduler-pivotgrid,cancelled,,https://github.com/DevExpress/DevExtreme/actions/runs/33146390228/job/98768643162
"28.08.26, 05:41:35",98765576700,33145516462,1,Lint,JS,playwright-scheduler-pivotgrid,cancelled,Install dependencies,https://github.com/DevExpress/DevExtreme/actions/runs/33145516462/job/98765576700
"28.08.26, 05:41:35",98765576816,33145516462,1,Lint,wrappers,playwright-scheduler-pivotgrid,cancelled,Install dependencies,https://github.com/DevExpress/DevExtreme/actions/runs/33145516462/job/98765576816
"28.08.26, 05:41:35",98765576831,33145516462,1,Lint,texts,playwright-scheduler-pivotgrid,cancelled,Install dependencies,https://github.com/DevExpress/DevExtreme/actions/runs/33145516462/job/98765576831
"28.08.26, 05:41:35",98765576867,33145516462,1,Lint,TS,playwright-scheduler-pivotgrid,cancelled,Install dependencies,https://github.com/DevExpress/DevExtreme/actions/runs/33145516462/job/98765576867
"28.08.26, 05:43:49",98765926595,33145516462,1,Lint,Send notifications,playwright-scheduler-pivotgrid,cancelled,,https://github.com/DevExpress/DevExtreme/actions/runs/33145516462/job/98765926595
"28.08.26, 05:39:31",98765246866,33145424249,1,Lint,TS,playwright-scheduler-pivotgrid,cancelled,Lint TS,https://github.com/DevExpress/DevExtreme/actions/runs/33145424249/job/98765246866
"28.08.26, 05:39:31",98765246899,33145424249,1,Lint,JS,playwright-scheduler-pivotgrid,cancelled,Lint JS,https://github.com/DevExpress/DevExtreme/actions/runs/33145424249/job/98765246899
"28.08.26, 05:41:35",98765576467,33145424249,1,Lint,Send notifications,playwright-scheduler-pivotgrid,cancelled,,https://github.com/DevExpress/DevExtreme/actions/runs/33145424249/job/98765576467
"28.08.26, 05:27:18",98763396153,33144810385,1,Lint,TS,playwright-scheduler-pivotgrid,cancelled,Setup pnpm cache,https://github.com/DevExpress/DevExtreme/actions/runs/33144810385/job/98763396153
"28.08.26, 05:27:18",98763396224,33144810385,1,Lint,component_exports,playwright-scheduler-pivotgrid,cancelled,Setup pnpm cache,https://github.com/DevExpress/DevExtreme/actions/runs/33144810385/job/98763396224
"28.08.26, 05:27:18",98763396248,33144810385,1,Lint,JS,playwright-scheduler-pivotgrid,cancelled,Setup pnpm cache,https://github.com/DevExpress/DevExtreme/actions/runs/33144810385/job/98763396248
"28.08.26, 05:27:18",98763396253,33144810385,1,Lint,texts,playwright-scheduler-pivotgrid,cancelled,Setup pnpm cache,https://github.com/DevExpress/DevExtreme/actions/runs/33144810385/job/98763396253
"28.08.26, 05:27:18",98763396256,33144810385,1,Lint,wrappers,playwright-scheduler-pivotgrid,cancelled,Setup pnpm cache,https://github.com/DevExpress/DevExtreme/actions/runs/33144810385/job/98763396256
"28.08.26, 05:27:49",98763471317,33144810385,1,Lint,Send notifications,playwright-scheduler-pivotgrid,cancelled,,https://github.com/DevExpress/DevExtreme/actions/runs/33144810385/job/98763471317
"28.08.26, 04:22:27",98753506746,33141623111,1,Lint,TS,playwright-scheduler-pivotgrid,cancelled,Lint .d.ts,https://github.com/DevExpress/DevExtreme/actions/runs/33141623111/job/98753506746
"28.08.26, 04:26:10",98754052341,33141623111,1,Lint,Send notifications,playwright-scheduler-pivotgrid,cancelled,,https://github.com/DevExpress/DevExtreme/actions/runs/33141623111/job/98754052341
"28.08.26, 02:04:09",98732197651,33134777775,1,Lint,wrappers,playwright-components-infra,cancelled,Install dependencies,https://github.com/DevExpress/DevExtreme/actions/runs/33134777775/job/98732197651
"28.08.26, 02:04:09",98732197762,33134777775,1,Lint,JS,playwright-components-infra,cancelled,Install dependencies,https://github.com/DevExpress/DevExtreme/actions/runs/33134777775/job/98732197762
"28.08.26, 02:04:09",98732197775,33134777775,1,Lint,texts,playwright-components-infra,cancelled,Install dependencies,https://github.com/DevExpress/DevExtreme/actions/runs/33134777775/job/98732197775
"28.08.26, 02:04:09",98732197787,33134777775,1,Lint,TS,playwright-components-infra,cancelled,Install dependencies,https://github.com/DevExpress/DevExtreme/actions/runs/33134777775/job/98732197787
"28.08.26, 02:06:37",98732588197,33134777775,1,Lint,Send notifications,playwright-components-infra,cancelled,,https://github.com/DevExpress/DevExtreme/actions/runs/33134777775/job/98732588197
"28.08.26, 02:02:03",98731867034,33134671727,1,Lint,TS,playwright-scheduler-pivotgrid,cancelled,Lint TS,https://github.com/DevExpress/DevExtreme/actions/runs/33134671727/job/98731867034
"28.08.26, 02:05:52",98732467963,33134671727,1,Lint,Send notifications,playwright-scheduler-pivotgrid,cancelled,,https://github.com/DevExpress/DevExtreme/actions/runs/33134671727/job/98732467963
"28.08.26, 13:47:41",98868232838,33177035607,1,Publishing to GitHub Packages,Build packages,khd/update-sbom-toolkit,failure,,https://github.com/DevExpress/DevExtreme/actions/runs/33177035607/job/98868232838
"28.08.26, 13:47:20",98868141011,33177009055,1,Publishing to GitHub Packages,Build packages,main,cancelled,,https://github.com/DevExpress/DevExtreme/actions/runs/33177009055/job/98868141011
"28.08.26, 13:47:22",98868149566,33177009055,1,Publishing to GitHub Packages,Send notifications,main,cancelled,,https://github.com/DevExpress/DevExtreme/actions/runs/33177009055/job/98868149566
"28.08.26, 13:47:22",98868149641,33177009055,1,Publishing to GitHub Packages,Publish package,main,cancelled,,https://github.com/DevExpress/DevExtreme/actions/runs/33177009055/job/98868149641
"28.08.26, 13:39:19",98865964026,33176380505,1,Playgrounds tests,build,feature/remove-systemjs-from-demos,cancelled,Build,https://github.com/DevExpress/DevExtreme/actions/runs/33176380505/job/98865964026
"28.08.26, 13:44:06",98867260923,33176380505,1,Playgrounds tests,matrix.ARGS.platform,feature/remove-systemjs-from-demos,cancelled,,https://github.com/DevExpress/DevExtreme/actions/runs/33176380505/job/98867260923
"28.08.26, 11:29:40",98835846908,33167007717,1,Playgrounds tests,react,feature/26_2_osm-provider-for-dxmap/viewport-and-interactions,cancelled,,https://github.com/DevExpress/DevExtreme/actions/runs/33167007717/job/98835846908
"28.08.26, 11:29:40",98835846954,33167007717,1,Playgrounds tests,angular,feature/26_2_osm-provider-for-dxmap/viewport-and-interactions,cancelled,,https://github.com/DevExpress/DevExtreme/actions/runs/33167007717/job/98835846954
"28.08.26, 11:29:40",98835846964,33167007717,1,Playgrounds tests,vue,feature/26_2_osm-provider-for-dxmap/viewport-and-interactions,cancelled,,https://github.com/DevExpress/DevExtreme/actions/runs/33167007717/job/98835846964
"28.08.26, 09:27:48",98810140631,33159458276,1,Playgrounds tests,build,playwright-scheduler-pivotgrid,cancelled,Build,https://github.com/DevExpress/DevExtreme/actions/runs/33159458276/job/98810140631
"28.08.26, 09:29:47",98810582414,33159458276,1,Playgrounds tests,matrix.ARGS.platform,playwright-scheduler-pivotgrid,cancelled,,https://github.com/DevExpress/DevExtreme/actions/runs/33159458276/job/98810582414
"28.08.26, 09:23:36",98809187770,33159170220,1,Playgrounds tests,build,playwright-scheduler-pivotgrid,cancelled,Zip artifacts,https://github.com/DevExpress/DevExtreme/actions/runs/33159170220/job/98809187770
"28.08.26, 09:27:47",98810135355,33159170220,1,Playgrounds tests,matrix.ARGS.platform,playwright-scheduler-pivotgrid,cancelled,,https://github.com/DevExpress/DevExtreme/actions/runs/33159170220/job/98810135355
"28.08.26, 09:23:04",98809069010,33159133477,1,Playgrounds tests,build,playwright-scheduler-pivotgrid,cancelled,Setup pnpm cache,https://github.com/DevExpress/DevExtreme/actions/runs/33159133477/job/98809069010
"28.08.26, 09:23:36",98809187024,33159133477,1,Playgrounds tests,matrix.ARGS.platform,playwright-scheduler-pivotgrid,cancelled,,https://github.com/DevExpress/DevExtreme/actions/runs/33159133477/job/98809187024
"28.08.26, 09:18:42",98808071050,33158819095,1,Playgrounds tests,build,playwright-scheduler-pivotgrid,cancelled,Post Setup nx cache,https://github.com/DevExpress/DevExtreme/actions/runs/33158819095/job/98808071050
"28.08.26, 09:23:04",98809067530,33158819095,1,Playgrounds tests,matrix.ARGS.platform,playwright-scheduler-pivotgrid,cancelled,,https://github.com/DevExpress/DevExtreme/actions/runs/33158819095/job/98809067530
"28.08.26, 09:17:18",98807759824,33158395412,1,Playgrounds tests,vue,playwright-scheduler-pivotgrid,cancelled,Install dependencies,https://github.com/DevExpress/DevExtreme/actions/runs/33158395412/job/98807759824
"28.08.26, 09:17:18",98807759841,33158395412,1,Playgrounds tests,angular,playwright-scheduler-pivotgrid,cancelled,Install dependencies,https://github.com/DevExpress/DevExtreme/actions/runs/33158395412/job/98807759841
"28.08.26, 09:17:18",98807759876,33158395412,1,Playgrounds tests,react,playwright-scheduler-pivotgrid,cancelled,Install dependencies,https://github.com/DevExpress/DevExtreme/actions/runs/33158395412/job/98807759876
"28.08.26, 09:09:21",98805956337,33158176979,1,Playgrounds tests,build,playwright-scheduler-pivotgrid,cancelled,Build,https://github.com/DevExpress/DevExtreme/actions/runs/33158176979/job/98805956337
"28.08.26, 09:12:33",98806679491,33158176979,1,Playgrounds tests,matrix.ARGS.platform,playwright-scheduler-pivotgrid,cancelled,,https://github.com/DevExpress/DevExtreme/actions/runs/33158176979/job/98806679491
"28.08.26, 09:05:25",98805070852,33157907108,1,Playgrounds tests,build,playwright-scheduler-pivotgrid,cancelled,Build,https://github.com/DevExpress/DevExtreme/actions/runs/33157907108/job/98805070852
"28.08.26, 09:09:20",98805954942,33157907108,1,Playgrounds tests,matrix.ARGS.platform,playwright-scheduler-pivotgrid,cancelled,,https://github.com/DevExpress/DevExtreme/actions/runs/33157907108/job/98805954942
"28.08.26, 09:03:30",98804656491,33157797169,1,Playgrounds tests,build,playwright-scheduler-pivotgrid,cancelled,Install dependencies,https://github.com/DevExpress/DevExtreme/actions/runs/33157797169/job/98804656491
"28.08.26, 09:05:25",98805069628,33157797169,1,Playgrounds tests,matrix.ARGS.platform,playwright-scheduler-pivotgrid,cancelled,,https://github.com/DevExpress/DevExtreme/actions/runs/33157797169/job/98805069628
"28.08.26, 07:50:29",98789068970,33152975504,1,Playgrounds tests,build,gh-readonly-queue/main/pr-34937-b4acfa5d5d93b4a667658dbfec25fb22dd6be8fc,failure,Build,https://github.com/DevExpress/DevExtreme/actions/runs/33152975504/job/98789068970
"28.08.26, 07:48:25",98788644614,33152844980,1,Playgrounds tests,build,gh-readonly-queue/main/pr-34938-4e11ff93a3cd59ad2c902db02c8592f235a21a1e,failure,Build,https://github.com/DevExpress/DevExtreme/actions/runs/33152844980/job/98788644614
"28.08.26, 07:45:06",98787955539,33152633458,1,Playgrounds tests,build,gh-readonly-queue/main/pr-34938-4e11ff93a3cd59ad2c902db02c8592f235a21a1e,failure,Build,https://github.com/DevExpress/DevExtreme/actions/runs/33152633458/job/98787955539
"28.08.26, 06:47:42",98776836927,33149146174,1,Playgrounds tests,build,typescript/events/es6_emitters,cancelled,Use Node.js,https://github.com/DevExpress/DevExtreme/actions/runs/33149146174/job/98776836927
"28.08.26, 06:48:06",98776907592,33149146174,1,Playgrounds tests,matrix.ARGS.platform,typescript/events/es6_emitters,cancelled,,https://github.com/DevExpress/DevExtreme/actions/runs/33149146174/job/98776907592
"28.08.26, 06:00:37",98768626863,33146494974,1,Playgrounds tests,build,playwright-scheduler-pivotgrid,cancelled,,https://github.com/DevExpress/DevExtreme/actions/runs/33146494974/job/98768626863
"28.08.26, 06:03:17",98769069925,33146494974,1,Playgrounds tests,matrix.ARGS.platform,playwright-scheduler-pivotgrid,cancelled,,https://github.com/DevExpress/DevExtreme/actions/runs/33146494974/job/98769069925
"28.08.26, 05:58:28",98768278647,33146390187,1,Playgrounds tests,build,playwright-scheduler-pivotgrid,cancelled,Post Setup pnpm cache,https://github.com/DevExpress/DevExtreme/actions/runs/33146390187/job/98768278647
"28.08.26, 06:00:37",98768626092,33146390187,1,Playgrounds tests,matrix.ARGS.platform,playwright-scheduler-pivotgrid,cancelled,,https://github.com/DevExpress/DevExtreme/actions/runs/33146390187/job/98768626092
"28.08.26, 05:41:23",98765542393,33145516484,1,Playgrounds tests,build,playwright-scheduler-pivotgrid,cancelled,Setup nx cache,https://github.com/DevExpress/DevExtreme/actions/runs/33145516484/job/98765542393
"28.08.26, 05:43:39",98765901117,33145516484,1,Playgrounds tests,matrix.ARGS.platform,playwright-scheduler-pivotgrid,cancelled,,https://github.com/DevExpress/DevExtreme/actions/runs/33145516484/job/98765901117
"28.08.26, 05:39:31",98765246985,33145424210,1,Playgrounds tests,build,playwright-scheduler-pivotgrid,cancelled,Post Setup nx cache,https://github.com/DevExpress/DevExtreme/actions/runs/33145424210/job/98765246985
"28.08.26, 05:41:22",98765541855,33145424210,1,Playgrounds tests,matrix.ARGS.platform,playwright-scheduler-pivotgrid,cancelled,,https://github.com/DevExpress/DevExtreme/actions/runs/33145424210/job/98765541855
"28.08.26, 05:27:18",98763396206,33144810344,1,Playgrounds tests,build,playwright-scheduler-pivotgrid,cancelled,Use Node.js,https://github.com/DevExpress/DevExtreme/actions/runs/33144810344/job/98763396206
"28.08.26, 05:27:47",98763467256,33144810344,1,Playgrounds tests,matrix.ARGS.platform,playwright-scheduler-pivotgrid,cancelled,,https://github.com/DevExpress/DevExtreme/actions/runs/33144810344/job/98763467256
"28.08.26, 04:24:30",98753809073,33141623061,1,Playgrounds tests,react,playwright-scheduler-pivotgrid,cancelled,Build,https://github.com/DevExpress/DevExtreme/actions/runs/33141623061/job/98753809073
"28.08.26, 04:24:30",98753809110,33141623061,1,Playgrounds tests,vue,playwright-scheduler-pivotgrid,cancelled,Build,https://github.com/DevExpress/DevExtreme/actions/runs/33141623061/job/98753809110
"28.08.26, 04:24:30",98753809132,33141623061,1,Playgrounds tests,angular,playwright-scheduler-pivotgrid,cancelled,Install dependencies,https://github.com/DevExpress/DevExtreme/actions/runs/33141623061/job/98753809132
"28.08.26, 02:04:09",98732197737,33134777821,1,Playgrounds tests,build,playwright-components-infra,cancelled,Install dependencies,https://github.com/DevExpress/DevExtreme/actions/runs/33134777821/job/98732197737
"28.08.26, 02:06:36",98732584345,33134777821,1,Playgrounds tests,matrix.ARGS.platform,playwright-components-infra,cancelled,,https://github.com/DevExpress/DevExtreme/actions/runs/33134777821/job/98732584345
"28.08.26, 02:04:08",98732193929,33134671778,1,Playgrounds tests,angular,playwright-scheduler-pivotgrid,cancelled,Build,https://github.com/DevExpress/DevExtreme/actions/runs/33134671778/job/98732193929
"28.08.26, 02:04:08",98732193941,33134671778,1,Playgrounds tests,react,playwright-scheduler-pivotgrid,cancelled,Build,https://github.com/DevExpress/DevExtreme/actions/runs/33134671778/job/98732193941
"28.08.26, 02:04:08",98732193960,33134671778,1,Playgrounds tests,vue,playwright-scheduler-pivotgrid,cancelled,Build,https://github.com/DevExpress/DevExtreme/actions/runs/33134671778/job/98732193960
"28.08.26, 14:46:19",98884708549,33181256528,1,Playwright tests,scheduler / common (3/3) - fluent,playwright-scheduler-pivotgrid,failure,Run Playwright tests,https://github.com/DevExpress/DevExtreme/actions/runs/33181256528/job/98884708549
"28.08.26, 13:27:30",98862825975,33175083704,1,Playwright tests,scheduler / common (2/3) - fluent,playwright-scheduler-pivotgrid,failure,Run Playwright tests,https://github.com/DevExpress/DevExtreme/actions/runs/33175083704/job/98862825975
"28.08.26, 13:27:30",98862825979,33175083704,1,Playwright tests,scheduler / common (3/3) - fluent,playwright-scheduler-pivotgrid,failure,Run Playwright tests,https://github.com/DevExpress/DevExtreme/actions/runs/33175083704/job/98862825979
"28.08.26, 13:27:30",98862825984,33175083704,1,Playwright tests,common - fluent,playwright-scheduler-pivotgrid,failure,Run Playwright tests,https://github.com/DevExpress/DevExtreme/actions/runs/33175083704/job/98862825984
"28.08.26, 12:43:54",98852126510,33171828632,1,Playwright tests,scheduler / common (3/3) - fluent,playwright-scheduler-pivotgrid,failure,Run Playwright tests,https://github.com/DevExpress/DevExtreme/actions/runs/33171828632/job/98852126510
"28.08.26, 12:43:54",98852126555,33171828632,1,Playwright tests,scheduler / common (1/3) - fluent,playwright-scheduler-pivotgrid,failure,Run Playwright tests,https://github.com/DevExpress/DevExtreme/actions/runs/33171828632/job/98852126555
"28.08.26, 12:43:54",98852126557,33171828632,1,Playwright tests,scheduler / common (2/3) - fluent,playwright-scheduler-pivotgrid,failure,Run Playwright tests,https://github.com/DevExpress/DevExtreme/actions/runs/33171828632/job/98852126557
"28.08.26, 09:28:31",98810299634,33159458231,1,Playwright tests,Build DevExtreme,playwright-scheduler-pivotgrid,cancelled,Install dependencies,https://github.com/DevExpress/DevExtreme/actions/runs/33159458231/job/98810299634
"28.08.26, 09:29:44",98810572610,33159458231,1,Playwright tests,${{ matrix.name }}${{ ((!matrix.theme && ' - fluent') || '') }},playwright-scheduler-pivotgrid,cancelled,,https://github.com/DevExpress/DevExtreme/actions/runs/33159458231/job/98810572610
"28.08.26, 09:24:06",98809301575,33159170314,1,Playwright tests,Build DevExtreme,playwright-scheduler-pivotgrid,cancelled,Build,https://github.com/DevExpress/DevExtreme/actions/runs/33159170314/job/98809301575
"28.08.26, 09:27:56",98810170322,33159170314,1,Playwright tests,${{ matrix.name }}${{ ((!matrix.theme && ' - fluent') || '') }},playwright-scheduler-pivotgrid,cancelled,,https://github.com/DevExpress/DevExtreme/actions/runs/33159170314/job/98810170322
"28.08.26, 09:23:22",98809136168,33159133428,1,Playwright tests,Check if tests should run,playwright-scheduler-pivotgrid,cancelled,Run actions/checkout@v6,https://github.com/DevExpress/DevExtreme/actions/runs/33159133428/job/98809136168
"28.08.26, 09:23:36",98809188668,33159133428,1,Playwright tests,Determine Playwright matrix,playwright-scheduler-pivotgrid,cancelled,,https://github.com/DevExpress/DevExtreme/actions/runs/33159133428/job/98809188668
"28.08.26, 09:23:36",98809188852,33159133428,1,Playwright tests,Build DevExtreme,playwright-scheduler-pivotgrid,cancelled,,https://github.com/DevExpress/DevExtreme/actions/runs/33159133428/job/98809188852
"28.08.26, 09:23:36",98809189049,33159133428,1,Playwright tests,${{ matrix.name }}${{ ((!matrix.theme && ' - fluent') || '') }},playwright-scheduler-pivotgrid,cancelled,,https://github.com/DevExpress/DevExtreme/actions/runs/33159133428/job/98809189049
"28.08.26, 09:19:14",98808187493,33158819083,1,Playwright tests,Build DevExtreme,playwright-scheduler-pivotgrid,cancelled,Build,https://github.com/DevExpress/DevExtreme/actions/runs/33158819083/job/98808187493
"28.08.26, 09:23:16",98809112237,33158819083,1,Playwright tests,${{ matrix.name }}${{ ((!matrix.theme && ' - fluent') || '') }},playwright-scheduler-pivotgrid,cancelled,,https://github.com/DevExpress/DevExtreme/actions/runs/33158819083/job/98809112237
"28.08.26, 09:17:57",98807904317,33158395383,1,Playwright tests,generic,playwright-scheduler-pivotgrid,cancelled,Run pnpm/action-setup@v6,https://github.com/DevExpress/DevExtreme/actions/runs/33158395383/job/98807904317
"28.08.26, 09:17:57",98807904325,33158395383,1,Playwright tests,editors - fluent,playwright-scheduler-pivotgrid,cancelled,Run pnpm/action-setup@v6,https://github.com/DevExpress/DevExtreme/actions/runs/33158395383/job/98807904325
"28.08.26, 09:17:57",98807904333,33158395383,1,Playwright tests,dataGrid (2/4) - fluent,playwright-scheduler-pivotgrid,cancelled,Run pnpm/action-setup@v6,https://github.com/DevExpress/DevExtreme/actions/runs/33158395383/job/98807904333
"28.08.26, 09:17:57",98807904334,33158395383,1,Playwright tests,material - compact,playwright-scheduler-pivotgrid,cancelled,Restore pnpm cache,https://github.com/DevExpress/DevExtreme/actions/runs/33158395383/job/98807904334
"28.08.26, 09:17:57",98807904338,33158395383,1,Playwright tests,dataGrid (1/4) - fluent,playwright-scheduler-pivotgrid,cancelled,Restore pnpm cache,https://github.com/DevExpress/DevExtreme/actions/runs/33158395383/job/98807904338
"28.08.26, 09:17:57",98807904342,33158395383,1,Playwright tests,cardView - fluent,playwright-scheduler-pivotgrid,cancelled,Restore pnpm cache,https://github.com/DevExpress/DevExtreme/actions/runs/33158395383/job/98807904342
"28.08.26, 09:17:57",98807904344,33158395383,1,Playwright tests,material,playwright-scheduler-pivotgrid,cancelled,Get pnpm store directory,https://github.com/DevExpress/DevExtreme/actions/runs/33158395383/job/98807904344
"28.08.26, 09:17:57",98807904348,33158395383,1,Playwright tests,common - fluent,playwright-scheduler-pivotgrid,cancelled,Restore pnpm cache,https://github.com/DevExpress/DevExtreme/actions/runs/33158395383/job/98807904348
"28.08.26, 09:17:57",98807904352,33158395383,1,Playwright tests,dataGrid (3/4) - fluent,playwright-scheduler-pivotgrid,cancelled,Restore pnpm cache,https://github.com/DevExpress/DevExtreme/actions/runs/33158395383/job/98807904352
"28.08.26, 09:17:57",98807904358,33158395383,1,Playwright tests,scheduler / timezones (Europe/Berlin) - fluent,playwright-scheduler-pivotgrid,cancelled,Get pnpm store directory,https://github.com/DevExpress/DevExtreme/actions/runs/33158395383/job/98807904358
"28.08.26, 09:17:57",98807904380,33158395383,1,Playwright tests,scheduler / viewOffset (1/2) - fluent,playwright-scheduler-pivotgrid,cancelled,Restore pnpm cache,https://github.com/DevExpress/DevExtreme/actions/runs/33158395383/job/98807904380
"28.08.26, 09:17:57",98807904390,33158395383,1,Playwright tests,accessibility - fluent,playwright-scheduler-pivotgrid,cancelled,,https://github.com/DevExpress/DevExtreme/actions/runs/33158395383/job/98807904390
"28.08.26, 09:17:57",98807904417,33158395383,1,Playwright tests,navigation - fluent,playwright-scheduler-pivotgrid,cancelled,Restore pnpm cache,https://github.com/DevExpress/DevExtreme/actions/runs/33158395383/job/98807904417
"28.08.26, 09:17:57",98807904418,33158395383,1,Playwright tests,scheduler / common (3/3) - fluent,playwright-scheduler-pivotgrid,cancelled,Run pnpm/action-setup@v6,https://github.com/DevExpress/DevExtreme/actions/runs/33158395383/job/98807904418
"28.08.26, 09:17:57",98807904429,33158395383,1,Playwright tests,scheduler / timezones (America/Los_Angeles) - fluent,playwright-scheduler-pivotgrid,cancelled,Restore pnpm cache,https://github.com/DevExpress/DevExtreme/actions/runs/33158395383/job/98807904429
"28.08.26, 09:17:57",98807904432,33158395383,1,Playwright tests,scheduler / viewOffset (2/2) - fluent,playwright-scheduler-pivotgrid,cancelled,Restore pnpm cache,https://github.com/DevExpress/DevExtreme/actions/runs/33158395383/job/98807904432
"28.08.26, 09:17:57",98807904440,33158395383,1,Playwright tests,scheduler / common (2/3) - fluent,playwright-scheduler-pivotgrid,cancelled,,https://github.com/DevExpress/DevExtreme/actions/runs/33158395383/job/98807904440
"28.08.26, 09:17:57",98807904443,33158395383,1,Playwright tests,dataGrid (4/4) - fluent,playwright-scheduler-pivotgrid,cancelled,,https://github.com/DevExpress/DevExtreme/actions/runs/33158395383/job/98807904443
"28.08.26, 09:17:57",98807904452,33158395383,1,Playwright tests,scheduler / common (1/3) - fluent,playwright-scheduler-pivotgrid,cancelled,Get pnpm store directory,https://github.com/DevExpress/DevExtreme/actions/runs/33158395383/job/98807904452
"28.08.26, 09:09:47",98806056777,33158176754,1,Playwright tests,Build DevExtreme,playwright-scheduler-pivotgrid,cancelled,Build,https://github.com/DevExpress/DevExtreme/actions/runs/33158176754/job/98806056777
"28.08.26, 09:12:32",98806678377,33158176754,1,Playwright tests,${{ matrix.name }}${{ ((!matrix.theme && ' - fluent') || '') }},playwright-scheduler-pivotgrid,cancelled,,https://github.com/DevExpress/DevExtreme/actions/runs/33158176754/job/98806678377
"28.08.26, 09:06:05",98805218607,33157907114,1,Playwright tests,Build DevExtreme,playwright-scheduler-pivotgrid,cancelled,Build,https://github.com/DevExpress/DevExtreme/actions/runs/33157907114/job/98805218607
"28.08.26, 09:09:19",98805949800,33157907114,1,Playwright tests,${{ matrix.name }}${{ ((!matrix.theme && ' - fluent') || '') }},playwright-scheduler-pivotgrid,cancelled,,https://github.com/DevExpress/DevExtreme/actions/runs/33157907114/job/98805949800
"28.08.26, 09:03:58",98804755106,33157797215,1,Playwright tests,Build DevExtreme,playwright-scheduler-pivotgrid,cancelled,Install dependencies,https://github.com/DevExpress/DevExtreme/actions/runs/33157797215/job/98804755106
"28.08.26, 09:05:26",98805075086,33157797215,1,Playwright tests,${{ matrix.name }}${{ ((!matrix.theme && ' - fluent') || '') }},playwright-scheduler-pivotgrid,cancelled,,https://github.com/DevExpress/DevExtreme/actions/runs/33157797215/job/98805075086
"28.08.26, 06:01:06",98768714780,33146495072,1,Playwright tests,Build DevExtreme,playwright-scheduler-pivotgrid,cancelled,Build,https://github.com/DevExpress/DevExtreme/actions/runs/33146495072/job/98768714780
"28.08.26, 06:03:32",98769106331,33146495072,1,Playwright tests,${{ matrix.name }}${{ ((!matrix.theme && ' - fluent') || '') }},playwright-scheduler-pivotgrid,cancelled,,https://github.com/DevExpress/DevExtreme/actions/runs/33146495072/job/98769106331
"28.08.26, 05:58:47",98768325298,33146390275,1,Playwright tests,Build DevExtreme,playwright-scheduler-pivotgrid,cancelled,Build,https://github.com/DevExpress/DevExtreme/actions/runs/33146390275/job/98768325298
"28.08.26, 06:00:43",98768643971,33146390275,1,Playwright tests,${{ matrix.name }}${{ ((!matrix.theme && ' - fluent') || '') }},playwright-scheduler-pivotgrid,cancelled,,https://github.com/DevExpress/DevExtreme/actions/runs/33146390275/job/98768643971
"28.08.26, 05:42:03",98765648591,33145516432,1,Playwright tests,Build DevExtreme,playwright-scheduler-pivotgrid,cancelled,Install dependencies,https://github.com/DevExpress/DevExtreme/actions/runs/33145516432/job/98765648591
"28.08.26, 05:43:43",98765911458,33145516432,1,Playwright tests,${{ matrix.name }}${{ ((!matrix.theme && ' - fluent') || '') }},playwright-scheduler-pivotgrid,cancelled,,https://github.com/DevExpress/DevExtreme/actions/runs/33145516432/job/98765911458
"28.08.26, 05:39:51",98765297499,33145424192,1,Playwright tests,Build DevExtreme,playwright-scheduler-pivotgrid,cancelled,Install dependencies,https://github.com/DevExpress/DevExtreme/actions/runs/33145424192/job/98765297499
"28.08.26, 05:41:35",98765576897,33145424192,1,Playwright tests,${{ matrix.name }}${{ ((!matrix.theme && ' - fluent') || '') }},playwright-scheduler-pivotgrid,cancelled,,https://github.com/DevExpress/DevExtreme/actions/runs/33145424192/job/98765576897
"28.08.26, 05:27:36",98763440349,33144810392,1,Playwright tests,Build DevExtreme,playwright-scheduler-pivotgrid,cancelled,Get sources,https://github.com/DevExpress/DevExtreme/actions/runs/33144810392/job/98763440349
"28.08.26, 05:27:47",98763467695,33144810392,1,Playwright tests,${{ matrix.name }}${{ ((!matrix.theme && ' - fluent') || '') }},playwright-scheduler-pivotgrid,cancelled,,https://github.com/DevExpress/DevExtreme/actions/runs/33144810392/job/98763467695
"28.08.26, 04:50:42",98757738644,33142704855,1,Playwright tests,common - fluent,playwright-scheduler-pivotgrid,failure,Run Playwright tests,https://github.com/DevExpress/DevExtreme/actions/runs/33142704855/job/98757738644
"28.08.26, 04:22:47",98753554403,33141623251,1,Playwright tests,Build DevExtreme,playwright-scheduler-pivotgrid,cancelled,Build,https://github.com/DevExpress/DevExtreme/actions/runs/33141623251/job/98753554403
"28.08.26, 04:26:14",98754061853,33141623251,1,Playwright tests,${{ matrix.name }}${{ ((!matrix.theme && ' - fluent') || '') }},playwright-scheduler-pivotgrid,cancelled,,https://github.com/DevExpress/DevExtreme/actions/runs/33141623251/job/98754061853
"28.08.26, 02:11:04",98733283359,33134860222,1,Playwright tests,generic,playwright-scheduler-pivotgrid,failure,Run Playwright tests,https://github.com/DevExpress/DevExtreme/actions/runs/33134860222/job/98733283359
"28.08.26, 02:11:04",98733283361,33134860222,1,Playwright tests,material,playwright-scheduler-pivotgrid,failure,Run Playwright tests,https://github.com/DevExpress/DevExtreme/actions/runs/33134860222/job/98733283361
"28.08.26, 02:11:04",98733283396,33134860222,1,Playwright tests,common - fluent,playwright-scheduler-pivotgrid,failure,Run Playwright tests,https://github.com/DevExpress/DevExtreme/actions/runs/33134860222/job/98733283396
"28.08.26, 02:04:29",98732248732,33134777911,1,Playwright tests,Build DevExtreme,playwright-components-infra,cancelled,Install dependencies,https://github.com/DevExpress/DevExtreme/actions/runs/33134777911/job/98732248732
"28.08.26, 02:06:36",98732585178,33134777911,1,Playwright tests,${{ matrix.name }}${{ ((!matrix.theme && ' - fluent') || '') }},playwright-components-infra,cancelled,,https://github.com/DevExpress/DevExtreme/actions/runs/33134777911/job/98732585178
"28.08.26, 02:02:21",98731914307,33134671827,1,Playwright tests,Build DevExtreme,playwright-scheduler-pivotgrid,cancelled,Build,https://github.com/DevExpress/DevExtreme/actions/runs/33134671827/job/98731914307
"28.08.26, 02:06:00",98732490344,33134671827,1,Playwright tests,${{ matrix.name }}${{ ((!matrix.theme && ' - fluent') || '') }},playwright-scheduler-pivotgrid,cancelled,,https://github.com/DevExpress/DevExtreme/actions/runs/33134671827/job/98732490344
"28.08.26, 01:18:33",98724859006,33132233693,1,Playwright tests,common - fluent,playwright-scheduler-pivotgrid,failure,Run Playwright tests,https://github.com/DevExpress/DevExtreme/actions/runs/33132233693/job/98724859006
"28.08.26, 13:39:19",98865964009,33176380529,1,QUnit tests,Build,feature/remove-systemjs-from-demos,cancelled,Upload build artifacts,https://github.com/DevExpress/DevExtreme/actions/runs/33176380529/job/98865964009
"28.08.26, 13:44:03",98867245872,33176380529,1,QUnit tests,${{ matrix.constel }}-shadow-dom,feature/remove-systemjs-from-demos,cancelled,,https://github.com/DevExpress/DevExtreme/actions/runs/33176380529/job/98867245872
"28.08.26, 13:44:03",98867246037,33176380529,1,QUnit tests,"Constel ${{ matrix.CONSTEL }}${{ (((matrix.TIMEZONE != '') && format('-{0}', matrix.TIMEZONE)) || '') }}${{ (((matrix.CSP == 'false') && '-no-csp') || '') }}",feature/remove-systemjs-from-demos,cancelled,,https://github.com/DevExpress/DevExtreme/actions/runs/33176380529/job/98867246037
"28.08.26, 13:44:03",98867246473,33176380529,1,QUnit tests,Send notifications,feature/remove-systemjs-from-demos,cancelled,,https://github.com/DevExpress/DevExtreme/actions/runs/33176380529/job/98867246473
"28.08.26, 11:29:46",98835863242,33167007732,1,QUnit tests,ui-shadow-dom,feature/26_2_osm-provider-for-dxmap/viewport-and-interactions,cancelled,,https://github.com/DevExpress/DevExtreme/actions/runs/33167007732/job/98835863242
"28.08.26, 11:29:46",98835863246,33167007732,1,QUnit tests,ui.scheduler-shadow-dom,feature/26_2_osm-provider-for-dxmap/viewport-and-interactions,cancelled,,https://github.com/DevExpress/DevExtreme/actions/runs/33167007732/job/98835863246
"28.08.26, 11:29:46",98835863287,33167007732,1,QUnit tests,ui.widgets-shadow-dom,feature/26_2_osm-provider-for-dxmap/viewport-and-interactions,cancelled,,https://github.com/DevExpress/DevExtreme/actions/runs/33167007732/job/98835863287
"28.08.26, 11:29:46",98835863295,33167007732,1,QUnit tests,Constel misc,feature/26_2_osm-provider-for-dxmap/viewport-and-interactions,cancelled,,https://github.com/DevExpress/DevExtreme/actions/runs/33167007732/job/98835863295
"28.08.26, 11:29:46",98835863320,33167007732,1,QUnit tests,ui.editors-shadow-dom,feature/26_2_osm-provider-for-dxmap/viewport-and-interactions,cancelled,,https://github.com/DevExpress/DevExtreme/actions/runs/33167007732/job/98835863320
"28.08.26, 11:29:46",98835863321,33167007732,1,QUnit tests,ui.grid-shadow-dom,feature/26_2_osm-provider-for-dxmap/viewport-and-interactions,cancelled,,https://github.com/DevExpress/DevExtreme/actions/runs/33167007732/job/98835863321
"28.08.26, 11:29:46",98835863327,33167007732,1,QUnit tests,Constel ui.scheduler,feature/26_2_osm-provider-for-dxmap/viewport-and-interactions,cancelled,,https://github.com/DevExpress/DevExtreme/actions/runs/33167007732/job/98835863327
"28.08.26, 11:29:46",98835863338,33167007732,1,QUnit tests,Constel ui.grid,feature/26_2_osm-provider-for-dxmap/viewport-and-interactions,cancelled,,https://github.com/DevExpress/DevExtreme/actions/runs/33167007732/job/98835863338
"28.08.26, 11:29:46",98835863363,33167007732,1,QUnit tests,Constel ui,feature/26_2_osm-provider-for-dxmap/viewport-and-interactions,cancelled,,https://github.com/DevExpress/DevExtreme/actions/runs/33167007732/job/98835863363
"28.08.26, 11:29:46",98835863387,33167007732,1,QUnit tests,Constel ui.editors,feature/26_2_osm-provider-for-dxmap/viewport-and-interactions,cancelled,,https://github.com/DevExpress/DevExtreme/actions/runs/33167007732/job/98835863387
"28.08.26, 11:29:46",98835863404,33167007732,1,QUnit tests,Constel ui.scheduler-US/Pacific,feature/26_2_osm-provider-for-dxmap/viewport-and-interactions,cancelled,,https://github.com/DevExpress/DevExtreme/actions/runs/33167007732/job/98835863404
"28.08.26, 11:29:46",98835863474,33167007732,1,QUnit tests,Constel ui.widgets-no-csp,feature/26_2_osm-provider-for-dxmap/viewport-and-interactions,cancelled,,https://github.com/DevExpress/DevExtreme/actions/runs/33167007732/job/98835863474
"28.08.26, 11:29:46",98835863556,33167007732,1,QUnit tests,Constel misc-no-csp,feature/26_2_osm-provider-for-dxmap/viewport-and-interactions,cancelled,,https://github.com/DevExpress/DevExtreme/actions/runs/33167007732/job/98835863556
"28.08.26, 11:30:04",98835926082,33167007732,1,QUnit tests,Send notifications,feature/26_2_osm-provider-for-dxmap/viewport-and-interactions,cancelled,,https://github.com/DevExpress/DevExtreme/actions/runs/33167007732/job/98835926082
"28.08.26, 09:27:46",98810132693,33159458286,1,QUnit tests,Build,playwright-scheduler-pivotgrid,cancelled,Build,https://github.com/DevExpress/DevExtreme/actions/runs/33159458286/job/98810132693
"28.08.26, 09:29:47",98810581970,33159458286,1,QUnit tests,${{ matrix.constel }}-shadow-dom,playwright-scheduler-pivotgrid,cancelled,,https://github.com/DevExpress/DevExtreme/actions/runs/33159458286/job/98810581970
"28.08.26, 09:29:47",98810582326,33159458286,1,QUnit tests,"Constel ${{ matrix.CONSTEL }}${{ (((matrix.TIMEZONE != '') && format('-{0}', matrix.TIMEZONE)) || '') }}${{ (((matrix.CSP == 'false') && '-no-csp') || '') }}",playwright-scheduler-pivotgrid,cancelled,,https://github.com/DevExpress/DevExtreme/actions/runs/33159458286/job/98810582326
"28.08.26, 09:29:47",98810582331,33159458286,1,QUnit tests,Send notifications,playwright-scheduler-pivotgrid,cancelled,,https://github.com/DevExpress/DevExtreme/actions/runs/33159458286/job/98810582331
"28.08.26, 09:23:37",98809193048,33159170289,1,QUnit tests,Build,playwright-scheduler-pivotgrid,cancelled,Zip artifacts,https://github.com/DevExpress/DevExtreme/actions/runs/33159170289/job/98809193048
"28.08.26, 09:27:46",98810131516,33159170289,1,QUnit tests,Send notifications,playwright-scheduler-pivotgrid,cancelled,,https://github.com/DevExpress/DevExtreme/actions/runs/33159170289/job/98810131516
"28.08.26, 09:27:46",98810131602,33159170289,1,QUnit tests,${{ matrix.constel }}-shadow-dom,playwright-scheduler-pivotgrid,cancelled,,https://github.com/DevExpress/DevExtreme/actions/runs/33159170289/job/98810131602
"28.08.26, 09:27:46",98810131675,33159170289,1,QUnit tests,"Constel ${{ matrix.CONSTEL }}${{ (((matrix.TIMEZONE != '') && format('-{0}', matrix.TIMEZONE)) || '') }}${{ (((matrix.CSP == 'false') && '-no-csp') || '') }}",playwright-scheduler-pivotgrid,cancelled,,https://github.com/DevExpress/DevExtreme/actions/runs/33159170289/job/98810131675
"28.08.26, 09:23:04",98809068101,33159133425,1,QUnit tests,Build,playwright-scheduler-pivotgrid,cancelled,Setup pnpm cache,https://github.com/DevExpress/DevExtreme/actions/runs/33159133425/job/98809068101
"28.08.26, 09:23:37",98809192047,33159133425,1,QUnit tests,Send notifications,playwright-scheduler-pivotgrid,cancelled,,https://github.com/DevExpress/DevExtreme/actions/runs/33159133425/job/98809192047
"28.08.26, 09:23:37",98809192152,33159133425,1,QUnit tests,${{ matrix.constel }}-shadow-dom,playwright-scheduler-pivotgrid,cancelled,,https://github.com/DevExpress/DevExtreme/actions/runs/33159133425/job/98809192152
"28.08.26, 09:23:37",98809192174,33159133425,1,QUnit tests,"Constel ${{ matrix.CONSTEL }}${{ (((matrix.TIMEZONE != '') && format('-{0}', matrix.TIMEZONE)) || '') }}${{ (((matrix.CSP == 'false') && '-no-csp') || '') }}",playwright-scheduler-pivotgrid,cancelled,,https://github.com/DevExpress/DevExtreme/actions/runs/33159133425/job/98809192174
"28.08.26, 09:18:45",98808080917,33158819348,1,QUnit tests,Build,playwright-scheduler-pivotgrid,cancelled,Post Setup nx cache,https://github.com/DevExpress/DevExtreme/actions/runs/33158819348/job/98808080917
"28.08.26, 09:23:04",98809066591,33158819348,1,QUnit tests,${{ matrix.constel }}-shadow-dom,playwright-scheduler-pivotgrid,cancelled,,https://github.com/DevExpress/DevExtreme/actions/runs/33158819348/job/98809066591
"28.08.26, 09:23:04",98809067096,33158819348,1,QUnit tests,"Constel ${{ matrix.CONSTEL }}${{ (((matrix.TIMEZONE != '') && format('-{0}', matrix.TIMEZONE)) || '') }}${{ (((matrix.CSP == 'false') && '-no-csp') || '') }}",playwright-scheduler-pivotgrid,cancelled,,https://github.com/DevExpress/DevExtreme/actions/runs/33158819348/job/98809067096
"28.08.26, 09:23:04",98809067205,33158819348,1,QUnit tests,Send notifications,playwright-scheduler-pivotgrid,cancelled,,https://github.com/DevExpress/DevExtreme/actions/runs/33158819348/job/98809067205
"28.08.26, 09:17:25",98807787324,33158395464,1,QUnit tests,ui-shadow-dom,playwright-scheduler-pivotgrid,cancelled,Run QUnit tests,https://github.com/DevExpress/DevExtreme/actions/runs/33158395464/job/98807787324
"28.08.26, 09:17:25",98807787345,33158395464,1,QUnit tests,ui.scheduler-shadow-dom,playwright-scheduler-pivotgrid,cancelled,Run QUnit tests,https://github.com/DevExpress/DevExtreme/actions/runs/33158395464/job/98807787345
"28.08.26, 09:17:25",98807787350,33158395464,1,QUnit tests,ui.widgets-shadow-dom,playwright-scheduler-pivotgrid,cancelled,Run QUnit tests,https://github.com/DevExpress/DevExtreme/actions/runs/33158395464/job/98807787350
"28.08.26, 09:17:25",98807787359,33158395464,1,QUnit tests,ui.grid-shadow-dom,playwright-scheduler-pivotgrid,cancelled,Run QUnit tests,https://github.com/DevExpress/DevExtreme/actions/runs/33158395464/job/98807787359
"28.08.26, 09:17:25",98807787376,33158395464,1,QUnit tests,ui.editors-shadow-dom,playwright-scheduler-pivotgrid,cancelled,Run QUnit tests,https://github.com/DevExpress/DevExtreme/actions/runs/33158395464/job/98807787376
"28.08.26, 09:17:25",98807787421,33158395464,1,QUnit tests,Constel ui,playwright-scheduler-pivotgrid,cancelled,Run QUnit tests,https://github.com/DevExpress/DevExtreme/actions/runs/33158395464/job/98807787421
"28.08.26, 09:17:25",98807787427,33158395464,1,QUnit tests,Constel misc-no-csp,playwright-scheduler-pivotgrid,cancelled,Run QUnit tests,https://github.com/DevExpress/DevExtreme/actions/runs/33158395464/job/98807787427
"28.08.26, 09:17:25",98807787429,33158395464,1,QUnit tests,Constel ui.editors,playwright-scheduler-pivotgrid,cancelled,Run QUnit tests,https://github.com/DevExpress/DevExtreme/actions/runs/33158395464/job/98807787429
"28.08.26, 09:17:25",98807787446,33158395464,1,QUnit tests,Constel ui.scheduler,playwright-scheduler-pivotgrid,cancelled,Run QUnit tests,https://github.com/DevExpress/DevExtreme/actions/runs/33158395464/job/98807787446
"28.08.26, 09:17:25",98807787447,33158395464,1,QUnit tests,Constel ui.grid,playwright-scheduler-pivotgrid,cancelled,Run QUnit tests,https://github.com/DevExpress/DevExtreme/actions/runs/33158395464/job/98807787447
"28.08.26, 09:17:25",98807787458,33158395464,1,QUnit tests,Constel misc,playwright-scheduler-pivotgrid,cancelled,Run QUnit tests,https://github.com/DevExpress/DevExtreme/actions/runs/33158395464/job/98807787458
"28.08.26, 09:17:25",98807787460,33158395464,1,QUnit tests,Constel ui.widgets-no-csp,playwright-scheduler-pivotgrid,cancelled,Run QUnit tests,https://github.com/DevExpress/DevExtreme/actions/runs/33158395464/job/98807787460
"28.08.26, 09:17:25",98807787475,33158395464,1,QUnit tests,Constel ui.scheduler-US/Pacific,playwright-scheduler-pivotgrid,cancelled,Run QUnit tests,https://github.com/DevExpress/DevExtreme/actions/runs/33158395464/job/98807787475
"28.08.26, 09:18:45",98808080331,33158395464,1,QUnit tests,Send notifications,playwright-scheduler-pivotgrid,cancelled,,https://github.com/DevExpress/DevExtreme/actions/runs/33158395464/job/98808080331
"28.08.26, 09:09:20",98805954305,33158176806,1,QUnit tests,Build,playwright-scheduler-pivotgrid,cancelled,Build,https://github.com/DevExpress/DevExtreme/actions/runs/33158176806/job/98805954305
"28.08.26, 09:12:33",98806681838,33158176806,1,QUnit tests,${{ matrix.constel }}-shadow-dom,playwright-scheduler-pivotgrid,cancelled,,https://github.com/DevExpress/DevExtreme/actions/runs/33158176806/job/98806681838
"28.08.26, 09:12:34",98806682084,33158176806,1,QUnit tests,"Constel ${{ matrix.CONSTEL }}${{ (((matrix.TIMEZONE != '') && format('-{0}', matrix.TIMEZONE)) || '') }}${{ (((matrix.CSP == 'false') && '-no-csp') || '') }}",playwright-scheduler-pivotgrid,cancelled,,https://github.com/DevExpress/DevExtreme/actions/runs/33158176806/job/98806682084
"28.08.26, 09:12:34",98806682355,33158176806,1,QUnit tests,Send notifications,playwright-scheduler-pivotgrid,cancelled,,https://github.com/DevExpress/DevExtreme/actions/runs/33158176806/job/98806682355
"28.08.26, 09:05:25",98805070074,33157907156,1,QUnit tests,Build,playwright-scheduler-pivotgrid,cancelled,Build,https://github.com/DevExpress/DevExtreme/actions/runs/33157907156/job/98805070074
"28.08.26, 09:09:20",98805952243,33157907156,1,QUnit tests,${{ matrix.constel }}-shadow-dom,playwright-scheduler-pivotgrid,cancelled,,https://github.com/DevExpress/DevExtreme/actions/runs/33157907156/job/98805952243
"28.08.26, 09:09:20",98805952314,33157907156,1,QUnit tests,"Constel ${{ matrix.CONSTEL }}${{ (((matrix.TIMEZONE != '') && format('-{0}', matrix.TIMEZONE)) || '') }}${{ (((matrix.CSP == 'false') && '-no-csp') || '') }}",playwright-scheduler-pivotgrid,cancelled,,https://github.com/DevExpress/DevExtreme/actions/runs/33157907156/job/98805952314
"28.08.26, 09:09:20",98805953010,33157907156,1,QUnit tests,Send notifications,playwright-scheduler-pivotgrid,cancelled,,https://github.com/DevExpress/DevExtreme/actions/runs/33157907156/job/98805953010
"28.08.26, 09:03:30",98804656539,33157797183,1,QUnit tests,Build,playwright-scheduler-pivotgrid,cancelled,Install dependencies,https://github.com/DevExpress/DevExtreme/actions/runs/33157797183/job/98804656539
"28.08.26, 09:05:25",98805068768,33157797183,1,QUnit tests,${{ matrix.constel }}-shadow-dom,playwright-scheduler-pivotgrid,cancelled,,https://github.com/DevExpress/DevExtreme/actions/runs/33157797183/job/98805068768
"28.08.26, 09:05:25",98805068848,33157797183,1,QUnit tests,"Constel ${{ matrix.CONSTEL }}${{ (((matrix.TIMEZONE != '') && format('-{0}', matrix.TIMEZONE)) || '') }}${{ (((matrix.CSP == 'false') && '-no-csp') || '') }}",playwright-scheduler-pivotgrid,cancelled,,https://github.com/DevExpress/DevExtreme/actions/runs/33157797183/job/98805068848
"28.08.26, 09:05:25",98805069570,33157797183,1,QUnit tests,Send notifications,playwright-scheduler-pivotgrid,cancelled,,https://github.com/DevExpress/DevExtreme/actions/runs/33157797183/job/98805069570
"28.08.26, 08:38:55",98799340968,33155811948,1,QUnit tests,Constel ui.scheduler-US/Pacific,refactor/gridcore-datacontroller-merge-datahelper-mixin-26_2,failure,Run QUnit tests,https://github.com/DevExpress/DevExtreme/actions/runs/33155811948/job/98799340968
"28.08.26, 08:01:10",98791288461,33153268435,1,QUnit tests,ui.grid-shadow-dom,refactor/gridcore-datacontroller-merge-datahelper-mixin-26_2,cancelled,Post Run QUnit tests,https://github.com/DevExpress/DevExtreme/actions/runs/33153268435/job/98791288461
"28.08.26, 08:01:10",98791288504,33153268435,1,QUnit tests,ui.widgets-shadow-dom,refactor/gridcore-datacontroller-merge-datahelper-mixin-26_2,cancelled,Post Run QUnit tests,https://github.com/DevExpress/DevExtreme/actions/runs/33153268435/job/98791288504
"28.08.26, 08:01:10",98791288662,33153268435,1,QUnit tests,Constel ui.widgets-no-csp,refactor/gridcore-datacontroller-merge-datahelper-mixin-26_2,cancelled,Post Run QUnit tests,https://github.com/DevExpress/DevExtreme/actions/runs/33153268435/job/98791288662
"28.08.26, 08:06:48",98792494023,33153268435,1,QUnit tests,Send notifications,refactor/gridcore-datacontroller-merge-datahelper-mixin-26_2,cancelled,,https://github.com/DevExpress/DevExtreme/actions/runs/33153268435/job/98792494023
"28.08.26, 07:50:29",98789069293,33152975537,1,QUnit tests,Build,gh-readonly-queue/main/pr-34937-b4acfa5d5d93b4a667658dbfec25fb22dd6be8fc,failure,Build,https://github.com/DevExpress/DevExtreme/actions/runs/33152975537/job/98789069293
"28.08.26, 07:48:25",98788644356,33152844967,1,QUnit tests,Build,gh-readonly-queue/main/pr-34938-4e11ff93a3cd59ad2c902db02c8592f235a21a1e,failure,Build,https://github.com/DevExpress/DevExtreme/actions/runs/33152844967/job/98788644356
"28.08.26, 07:45:06",98787956134,33152633389,1,QUnit tests,Build,gh-readonly-queue/main/pr-34938-4e11ff93a3cd59ad2c902db02c8592f235a21a1e,failure,Build,https://github.com/DevExpress/DevExtreme/actions/runs/33152633389/job/98787956134
"28.08.26, 06:47:42",98776836734,33149146175,1,QUnit tests,Build,typescript/events/es6_emitters,cancelled,Run pnpm/action-setup@v6,https://github.com/DevExpress/DevExtreme/actions/runs/33149146175/job/98776836734
"28.08.26, 06:48:07",98776909274,33149146175,1,QUnit tests,"Constel ${{ matrix.CONSTEL }}${{ (((matrix.TIMEZONE != '') && format('-{0}', matrix.TIMEZONE)) || '') }}${{ (((matrix.CSP == 'false') && '-no-csp') || '') }}",typescript/events/es6_emitters,cancelled,,https://github.com/DevExpress/DevExtreme/actions/runs/33149146175/job/98776909274
"28.08.26, 06:48:07",98776909355,33149146175,1,QUnit tests,${{ matrix.constel }}-shadow-dom,typescript/events/es6_emitters,cancelled,,https://github.com/DevExpress/DevExtreme/actions/runs/33149146175/job/98776909355
"28.08.26, 06:48:07",98776909962,33149146175,1,QUnit tests,Send notifications,typescript/events/es6_emitters,cancelled,,https://github.com/DevExpress/DevExtreme/actions/runs/33149146175/job/98776909962
"28.08.26, 06:02:57",98769016842,33146495020,1,QUnit tests,ui-shadow-dom,playwright-scheduler-pivotgrid,cancelled,Run QUnit tests,https://github.com/DevExpress/DevExtreme/actions/runs/33146495020/job/98769016842
"28.08.26, 06:02:57",98769016865,33146495020,1,QUnit tests,ui.scheduler-shadow-dom,playwright-scheduler-pivotgrid,cancelled,Run QUnit tests,https://github.com/DevExpress/DevExtreme/actions/runs/33146495020/job/98769016865
"28.08.26, 06:02:57",98769016880,33146495020,1,QUnit tests,Constel misc,playwright-scheduler-pivotgrid,cancelled,Run QUnit tests,https://github.com/DevExpress/DevExtreme/actions/runs/33146495020/job/98769016880
"28.08.26, 06:02:57",98769016881,33146495020,1,QUnit tests,ui.editors-shadow-dom,playwright-scheduler-pivotgrid,cancelled,Run QUnit tests,https://github.com/DevExpress/DevExtreme/actions/runs/33146495020/job/98769016881
"28.08.26, 06:02:57",98769016904,33146495020,1,QUnit tests,ui.widgets-shadow-dom,playwright-scheduler-pivotgrid,cancelled,Run QUnit tests,https://github.com/DevExpress/DevExtreme/actions/runs/33146495020/job/98769016904
"28.08.26, 06:02:57",98769016911,33146495020,1,QUnit tests,Constel ui.widgets-no-csp,playwright-scheduler-pivotgrid,cancelled,Run QUnit tests,https://github.com/DevExpress/DevExtreme/actions/runs/33146495020/job/98769016911
"28.08.26, 06:02:57",98769016912,33146495020,1,QUnit tests,Constel ui.scheduler,playwright-scheduler-pivotgrid,cancelled,Run QUnit tests,https://github.com/DevExpress/DevExtreme/actions/runs/33146495020/job/98769016912
"28.08.26, 06:02:57",98769016913,33146495020,1,QUnit tests,Constel ui.grid,playwright-scheduler-pivotgrid,cancelled,Get sources,https://github.com/DevExpress/DevExtreme/actions/runs/33146495020/job/98769016913
"28.08.26, 06:02:57",98769016922,33146495020,1,QUnit tests,ui.grid-shadow-dom,playwright-scheduler-pivotgrid,cancelled,Run QUnit tests,https://github.com/DevExpress/DevExtreme/actions/runs/33146495020/job/98769016922
"28.08.26, 06:02:57",98769016926,33146495020,1,QUnit tests,Constel misc-no-csp,playwright-scheduler-pivotgrid,cancelled,Run QUnit tests,https://github.com/DevExpress/DevExtreme/actions/runs/33146495020/job/98769016926
"28.08.26, 06:02:57",98769016948,33146495020,1,QUnit tests,Constel ui.scheduler-US/Pacific,playwright-scheduler-pivotgrid,cancelled,Run QUnit tests,https://github.com/DevExpress/DevExtreme/actions/runs/33146495020/job/98769016948
"28.08.26, 06:02:57",98769016970,33146495020,1,QUnit tests,Constel ui,playwright-scheduler-pivotgrid,cancelled,Get sources,https://github.com/DevExpress/DevExtreme/actions/runs/33146495020/job/98769016970
"28.08.26, 06:02:57",98769017100,33146495020,1,QUnit tests,Constel ui.editors,playwright-scheduler-pivotgrid,cancelled,Run QUnit tests,https://github.com/DevExpress/DevExtreme/actions/runs/33146495020/job/98769017100
"28.08.26, 06:03:20",98769079058,33146495020,1,QUnit tests,Send notifications,playwright-scheduler-pivotgrid,cancelled,,https://github.com/DevExpress/DevExtreme/actions/runs/33146495020/job/98769079058
"28.08.26, 06:00:19",98768568560,33146390245,1,QUnit tests,ui-shadow-dom,playwright-scheduler-pivotgrid,cancelled,Get sources,https://github.com/DevExpress/DevExtreme/actions/runs/33146390245/job/98768568560
"28.08.26, 06:00:19",98768568567,33146390245,1,QUnit tests,ui.grid-shadow-dom,playwright-scheduler-pivotgrid,cancelled,Get sources,https://github.com/DevExpress/DevExtreme/actions/runs/33146390245/job/98768568567
"28.08.26, 06:00:19",98768568582,33146390245,1,QUnit tests,ui.scheduler-shadow-dom,playwright-scheduler-pivotgrid,cancelled,Get sources,https://github.com/DevExpress/DevExtreme/actions/runs/33146390245/job/98768568582
"28.08.26, 06:00:19",98768568623,33146390245,1,QUnit tests,Constel misc,playwright-scheduler-pivotgrid,cancelled,Get sources,https://github.com/DevExpress/DevExtreme/actions/runs/33146390245/job/98768568623
"28.08.26, 06:00:19",98768568630,33146390245,1,QUnit tests,Constel ui,playwright-scheduler-pivotgrid,cancelled,,https://github.com/DevExpress/DevExtreme/actions/runs/33146390245/job/98768568630
"28.08.26, 06:00:19",98768568632,33146390245,1,QUnit tests,ui.editors-shadow-dom,playwright-scheduler-pivotgrid,cancelled,,https://github.com/DevExpress/DevExtreme/actions/runs/33146390245/job/98768568632
"28.08.26, 06:00:19",98768568669,33146390245,1,QUnit tests,Constel misc-no-csp,playwright-scheduler-pivotgrid,cancelled,,https://github.com/DevExpress/DevExtreme/actions/runs/33146390245/job/98768568669
"28.08.26, 06:00:19",98768568671,33146390245,1,QUnit tests,Constel ui.widgets-no-csp,playwright-scheduler-pivotgrid,cancelled,,https://github.com/DevExpress/DevExtreme/actions/runs/33146390245/job/98768568671
"28.08.26, 06:00:19",98768568690,33146390245,1,QUnit tests,ui.widgets-shadow-dom,playwright-scheduler-pivotgrid,cancelled,,https://github.com/DevExpress/DevExtreme/actions/runs/33146390245/job/98768568690
"28.08.26, 06:00:19",98768568697,33146390245,1,QUnit tests,Constel ui.grid,playwright-scheduler-pivotgrid,cancelled,,https://github.com/DevExpress/DevExtreme/actions/runs/33146390245/job/98768568697
"28.08.26, 06:00:19",98768568707,33146390245,1,QUnit tests,Constel ui.editors,playwright-scheduler-pivotgrid,cancelled,,https://github.com/DevExpress/DevExtreme/actions/runs/33146390245/job/98768568707
"28.08.26, 06:00:19",98768568765,33146390245,1,QUnit tests,Constel ui.scheduler-US/Pacific,playwright-scheduler-pivotgrid,cancelled,,https://github.com/DevExpress/DevExtreme/actions/runs/33146390245/job/98768568765
"28.08.26, 06:00:19",98768568805,33146390245,1,QUnit tests,Constel ui.scheduler,playwright-scheduler-pivotgrid,cancelled,,https://github.com/DevExpress/DevExtreme/actions/runs/33146390245/job/98768568805
"28.08.26, 06:00:30",98768603903,33146390245,1,QUnit tests,Send notifications,playwright-scheduler-pivotgrid,cancelled,,https://github.com/DevExpress/DevExtreme/actions/runs/33146390245/job/98768603903
"28.08.26, 05:41:37",98765580304,33145516491,1,QUnit tests,Build,playwright-scheduler-pivotgrid,cancelled,Install dependencies,https://github.com/DevExpress/DevExtreme/actions/runs/33145516491/job/98765580304
"28.08.26, 05:43:42",98765909715,33145516491,1,QUnit tests,"Constel ${{ matrix.CONSTEL }}${{ (((matrix.TIMEZONE != '') && format('-{0}', matrix.TIMEZONE)) || '') }}${{ (((matrix.CSP == 'false') && '-no-csp') || '') }}",playwright-scheduler-pivotgrid,cancelled,,https://github.com/DevExpress/DevExtreme/actions/runs/33145516491/job/98765909715
"28.08.26, 05:43:42",98765909717,33145516491,1,QUnit tests,${{ matrix.constel }}-shadow-dom,playwright-scheduler-pivotgrid,cancelled,,https://github.com/DevExpress/DevExtreme/actions/runs/33145516491/job/98765909717
"28.08.26, 05:43:42",98765909723,33145516491,1,QUnit tests,Send notifications,playwright-scheduler-pivotgrid,cancelled,,https://github.com/DevExpress/DevExtreme/actions/runs/33145516491/job/98765909723
"28.08.26, 05:39:31",98765247089,33145424234,1,QUnit tests,Build,playwright-scheduler-pivotgrid,cancelled,Install dependencies,https://github.com/DevExpress/DevExtreme/actions/runs/33145424234/job/98765247089
"28.08.26, 05:41:36",98765579326,33145424234,1,QUnit tests,"Constel ${{ matrix.CONSTEL }}${{ (((matrix.TIMEZONE != '') && format('-{0}', matrix.TIMEZONE)) || '') }}${{ (((matrix.CSP == 'false') && '-no-csp') || '') }}",playwright-scheduler-pivotgrid,cancelled,,https://github.com/DevExpress/DevExtreme/actions/runs/33145424234/job/98765579326
"28.08.26, 05:41:36",98765579486,33145424234,1,QUnit tests,${{ matrix.constel }}-shadow-dom,playwright-scheduler-pivotgrid,cancelled,,https://github.com/DevExpress/DevExtreme/actions/runs/33145424234/job/98765579486
"28.08.26, 05:41:37",98765579878,33145424234,1,QUnit tests,Send notifications,playwright-scheduler-pivotgrid,cancelled,,https://github.com/DevExpress/DevExtreme/actions/runs/33145424234/job/98765579878
"28.08.26, 05:27:18",98763395998,33144810318,1,QUnit tests,Build,playwright-scheduler-pivotgrid,cancelled,Setup pnpm cache,https://github.com/DevExpress/DevExtreme/actions/runs/33144810318/job/98763395998
"28.08.26, 05:27:47",98763468512,33144810318,1,QUnit tests,${{ matrix.constel }}-shadow-dom,playwright-scheduler-pivotgrid,cancelled,,https://github.com/DevExpress/DevExtreme/actions/runs/33144810318/job/98763468512
"28.08.26, 05:27:47",98763468686,33144810318,1,QUnit tests,Send notifications,playwright-scheduler-pivotgrid,cancelled,,https://github.com/DevExpress/DevExtreme/actions/runs/33144810318/job/98763468686
"28.08.26, 05:27:48",98763468739,33144810318,1,QUnit tests,"Constel ${{ matrix.CONSTEL }}${{ (((matrix.TIMEZONE != '') && format('-{0}', matrix.TIMEZONE)) || '') }}${{ (((matrix.CSP == 'false') && '-no-csp') || '') }}",playwright-scheduler-pivotgrid,cancelled,,https://github.com/DevExpress/DevExtreme/actions/runs/33144810318/job/98763468739
"28.08.26, 04:38:52",98755934226,33142316541,1,QUnit tests,Constel misc,playwright-scheduler-pivotgrid,cancelled,Post Run QUnit tests,https://github.com/DevExpress/DevExtreme/actions/runs/33142316541/job/98755934226
"28.08.26, 04:45:08",98756881668,33142316541,1,QUnit tests,Send notifications,playwright-scheduler-pivotgrid,cancelled,,https://github.com/DevExpress/DevExtreme/actions/runs/33142316541/job/98756881668
"28.08.26, 04:28:12",98754346712,33141792928,1,QUnit tests,ui.widgets-shadow-dom,playwright-scheduler-pivotgrid,cancelled,Run QUnit tests,https://github.com/DevExpress/DevExtreme/actions/runs/33141792928/job/98754346712
"28.08.26, 04:37:07",98755678370,33141792928,1,QUnit tests,Send notifications,playwright-scheduler-pivotgrid,cancelled,,https://github.com/DevExpress/DevExtreme/actions/runs/33141792928/job/98755678370
"28.08.26, 04:24:18",98753778626,33141623134,1,QUnit tests,ui.widgets-shadow-dom,playwright-scheduler-pivotgrid,cancelled,Run QUnit tests,https://github.com/DevExpress/DevExtreme/actions/runs/33141623134/job/98753778626
"28.08.26, 04:24:18",98753778640,33141623134,1,QUnit tests,ui.editors-shadow-dom,playwright-scheduler-pivotgrid,cancelled,Run QUnit tests,https://github.com/DevExpress/DevExtreme/actions/runs/33141623134/job/98753778640
"28.08.26, 04:24:18",98753778656,33141623134,1,QUnit tests,ui.scheduler-shadow-dom,playwright-scheduler-pivotgrid,cancelled,Run QUnit tests,https://github.com/DevExpress/DevExtreme/actions/runs/33141623134/job/98753778656
"28.08.26, 04:24:18",98753778658,33141623134,1,QUnit tests,ui-shadow-dom,playwright-scheduler-pivotgrid,cancelled,Run QUnit tests,https://github.com/DevExpress/DevExtreme/actions/runs/33141623134/job/98753778658
"28.08.26, 04:24:18",98753778659,33141623134,1,QUnit tests,Constel misc-no-csp,playwright-scheduler-pivotgrid,cancelled,Run QUnit tests,https://github.com/DevExpress/DevExtreme/actions/runs/33141623134/job/98753778659
"28.08.26, 04:24:18",98753778661,33141623134,1,QUnit tests,Constel ui.scheduler-US/Pacific,playwright-scheduler-pivotgrid,cancelled,Run QUnit tests,https://github.com/DevExpress/DevExtreme/actions/runs/33141623134/job/98753778661
"28.08.26, 04:24:18",98753778663,33141623134,1,QUnit tests,Constel misc,playwright-scheduler-pivotgrid,cancelled,Run QUnit tests,https://github.com/DevExpress/DevExtreme/actions/runs/33141623134/job/98753778663
"28.08.26, 04:24:18",98753778664,33141623134,1,QUnit tests,Constel ui.scheduler,playwright-scheduler-pivotgrid,cancelled,Run QUnit tests,https://github.com/DevExpress/DevExtreme/actions/runs/33141623134/job/98753778664
"28.08.26, 04:24:18",98753778676,33141623134,1,QUnit tests,ui.grid-shadow-dom,playwright-scheduler-pivotgrid,cancelled,Run QUnit tests,https://github.com/DevExpress/DevExtreme/actions/runs/33141623134/job/98753778676
"28.08.26, 04:24:18",98753778686,33141623134,1,QUnit tests,Constel ui.grid,playwright-scheduler-pivotgrid,cancelled,Run QUnit tests,https://github.com/DevExpress/DevExtreme/actions/runs/33141623134/job/98753778686
"28.08.26, 04:24:18",98753778695,33141623134,1,QUnit tests,Constel ui.widgets-no-csp,playwright-scheduler-pivotgrid,cancelled,Run QUnit tests,https://github.com/DevExpress/DevExtreme/actions/runs/33141623134/job/98753778695
"28.08.26, 04:24:18",98753778732,33141623134,1,QUnit tests,Constel ui.editors,playwright-scheduler-pivotgrid,cancelled,Run QUnit tests,https://github.com/DevExpress/DevExtreme/actions/runs/33141623134/job/98753778732
"28.08.26, 04:24:18",98753778756,33141623134,1,QUnit tests,Constel ui,playwright-scheduler-pivotgrid,cancelled,Run QUnit tests,https://github.com/DevExpress/DevExtreme/actions/runs/33141623134/job/98753778756
"28.08.26, 04:26:16",98754066970,33141623134,1,QUnit tests,Send notifications,playwright-scheduler-pivotgrid,cancelled,,https://github.com/DevExpress/DevExtreme/actions/runs/33141623134/job/98754066970
"28.08.26, 02:04:09",98732197701,33134777823,1,QUnit tests,Build,playwright-components-infra,cancelled,Install dependencies,https://github.com/DevExpress/DevExtreme/actions/runs/33134777823/job/98732197701
"28.08.26, 02:06:36",98732586128,33134777823,1,QUnit tests,"Constel ${{ matrix.CONSTEL }}${{ (((matrix.TIMEZONE != '') && format('-{0}', matrix.TIMEZONE)) || '') }}${{ (((matrix.CSP == 'false') && '-no-csp') || '') }}",playwright-components-infra,cancelled,,https://github.com/DevExpress/DevExtreme/actions/runs/33134777823/job/98732586128
"28.08.26, 02:06:36",98732586364,33134777823,1,QUnit tests,${{ matrix.constel }}-shadow-dom,playwright-components-infra,cancelled,,https://github.com/DevExpress/DevExtreme/actions/runs/33134777823/job/98732586364
"28.08.26, 02:06:37",98732586792,33134777823,1,QUnit tests,Send notifications,playwright-components-infra,cancelled,,https://github.com/DevExpress/DevExtreme/actions/runs/33134777823/job/98732586792
"28.08.26, 02:03:55",98732159801,33134671728,1,QUnit tests,ui.editors-shadow-dom,playwright-scheduler-pivotgrid,cancelled,Run QUnit tests,https://github.com/DevExpress/DevExtreme/actions/runs/33134671728/job/98732159801
"28.08.26, 02:03:55",98732159829,33134671728,1,QUnit tests,ui-shadow-dom,playwright-scheduler-pivotgrid,cancelled,Run QUnit tests,https://github.com/DevExpress/DevExtreme/actions/runs/33134671728/job/98732159829
"28.08.26, 02:03:55",98732159836,33134671728,1,QUnit tests,Constel misc,playwright-scheduler-pivotgrid,cancelled,Run QUnit tests,https://github.com/DevExpress/DevExtreme/actions/runs/33134671728/job/98732159836
"28.08.26, 02:03:55",98732159838,33134671728,1,QUnit tests,ui.widgets-shadow-dom,playwright-scheduler-pivotgrid,cancelled,Run QUnit tests,https://github.com/DevExpress/DevExtreme/actions/runs/33134671728/job/98732159838
"28.08.26, 02:03:55",98732159840,33134671728,1,QUnit tests,ui.scheduler-shadow-dom,playwright-scheduler-pivotgrid,cancelled,Run QUnit tests,https://github.com/DevExpress/DevExtreme/actions/runs/33134671728/job/98732159840
"28.08.26, 02:03:55",98732159842,33134671728,1,QUnit tests,ui.grid-shadow-dom,playwright-scheduler-pivotgrid,cancelled,Run QUnit tests,https://github.com/DevExpress/DevExtreme/actions/runs/33134671728/job/98732159842
"28.08.26, 02:03:55",98732159849,33134671728,1,QUnit tests,Constel ui.grid,playwright-scheduler-pivotgrid,cancelled,Run QUnit tests,https://github.com/DevExpress/DevExtreme/actions/runs/33134671728/job/98732159849
"28.08.26, 02:03:55",98732159860,33134671728,1,QUnit tests,Constel ui.scheduler,playwright-scheduler-pivotgrid,cancelled,Run QUnit tests,https://github.com/DevExpress/DevExtreme/actions/runs/33134671728/job/98732159860
"28.08.26, 02:03:55",98732159872,33134671728,1,QUnit tests,Constel ui.widgets-no-csp,playwright-scheduler-pivotgrid,cancelled,Run QUnit tests,https://github.com/DevExpress/DevExtreme/actions/runs/33134671728/job/98732159872
"28.08.26, 02:03:55",98732159911,33134671728,1,QUnit tests,Constel ui,playwright-scheduler-pivotgrid,cancelled,Run QUnit tests,https://github.com/DevExpress/DevExtreme/actions/runs/33134671728/job/98732159911
"28.08.26, 02:03:55",98732159917,33134671728,1,QUnit tests,Constel misc-no-csp,playwright-scheduler-pivotgrid,cancelled,Run QUnit tests,https://github.com/DevExpress/DevExtreme/actions/runs/33134671728/job/98732159917
"28.08.26, 02:03:55",98732159924,33134671728,1,QUnit tests,Constel ui.editors,playwright-scheduler-pivotgrid,cancelled,Run QUnit tests,https://github.com/DevExpress/DevExtreme/actions/runs/33134671728/job/98732159924
"28.08.26, 02:03:55",98732160002,33134671728,1,QUnit tests,Constel ui.scheduler-US/Pacific,playwright-scheduler-pivotgrid,cancelled,Run QUnit tests,https://github.com/DevExpress/DevExtreme/actions/runs/33134671728/job/98732160002
"28.08.26, 02:06:02",98732495011,33134671728,1,QUnit tests,Send notifications,playwright-scheduler-pivotgrid,cancelled,,https://github.com/DevExpress/DevExtreme/actions/runs/33134671728/job/98732495011
"28.08.26, 13:39:19",98865963287,33176380429,1,Jest tests,jest-tests,feature/remove-systemjs-from-demos,cancelled,Jest tests,https://github.com/DevExpress/DevExtreme/actions/runs/33176380429/job/98865963287
"28.08.26, 13:44:14",98867297381,33176380429,1,Jest tests,Send notifications,feature/remove-systemjs-from-demos,cancelled,,https://github.com/DevExpress/DevExtreme/actions/runs/33176380429/job/98867297381
"28.08.26, 11:24:05",98834711710,33167007761,1,Jest tests,jest-tests,feature/26_2_osm-provider-for-dxmap/viewport-and-interactions,cancelled,Jest tests,https://github.com/DevExpress/DevExtreme/actions/runs/33167007761/job/98834711710
"28.08.26, 11:30:14",98835962842,33167007761,1,Jest tests,Send notifications,feature/26_2_osm-provider-for-dxmap/viewport-and-interactions,cancelled,,https://github.com/DevExpress/DevExtreme/actions/runs/33167007761/job/98835962842
"28.08.26, 09:27:58",98810175411,33159458340,1,Jest tests,jest-tests,playwright-scheduler-pivotgrid,cancelled,Build localization,https://github.com/DevExpress/DevExtreme/actions/runs/33159458340/job/98810175411
"28.08.26, 09:29:37",98810546010,33159458340,1,Jest tests,Send notifications,playwright-scheduler-pivotgrid,cancelled,,https://github.com/DevExpress/DevExtreme/actions/runs/33159458340/job/98810546010
"28.08.26, 09:23:33",98809178883,33159170316,1,Jest tests,jest-tests,playwright-scheduler-pivotgrid,cancelled,Jest tests,https://github.com/DevExpress/DevExtreme/actions/runs/33159170316/job/98809178883
"28.08.26, 09:27:58",98810174693,33159170316,1,Jest tests,Send notifications,playwright-scheduler-pivotgrid,cancelled,,https://github.com/DevExpress/DevExtreme/actions/runs/33159170316/job/98810174693
"28.08.26, 09:23:17",98809117020,33159133418,1,Jest tests,jest-tests,playwright-scheduler-pivotgrid,cancelled,,https://github.com/DevExpress/DevExtreme/actions/runs/33159133418/job/98809117020
"28.08.26, 09:23:33",98809177760,33159133418,1,Jest tests,Send notifications,playwright-scheduler-pivotgrid,cancelled,,https://github.com/DevExpress/DevExtreme/actions/runs/33159133418/job/98809177760
"28.08.26, 09:18:42",98808070561,33158819359,1,Jest tests,jest-tests,playwright-scheduler-pivotgrid,cancelled,Jest tests,https://github.com/DevExpress/DevExtreme/actions/runs/33158819359/job/98808070561
"28.08.26, 09:23:17",98809116599,33158819359,1,Jest tests,Send notifications,playwright-scheduler-pivotgrid,cancelled,,https://github.com/DevExpress/DevExtreme/actions/runs/33158819359/job/98809116599
"28.08.26, 09:12:33",98806678644,33158395325,1,Jest tests,jest-tests,playwright-scheduler-pivotgrid,cancelled,Jest tests,https://github.com/DevExpress/DevExtreme/actions/runs/33158395325/job/98806678644
"28.08.26, 09:18:42",98808070038,33158395325,1,Jest tests,Send notifications,playwright-scheduler-pivotgrid,cancelled,,https://github.com/DevExpress/DevExtreme/actions/runs/33158395325/job/98808070038
"28.08.26, 09:09:20",98805951839,33158176897,1,Jest tests,jest-tests,playwright-scheduler-pivotgrid,cancelled,Jest tests,https://github.com/DevExpress/DevExtreme/actions/runs/33158176897/job/98805951839
"28.08.26, 09:12:32",98806678202,33158176897,1,Jest tests,Send notifications,playwright-scheduler-pivotgrid,cancelled,,https://github.com/DevExpress/DevExtreme/actions/runs/33158176897/job/98806678202
"28.08.26, 09:05:25",98805071399,33157907148,1,Jest tests,jest-tests,playwright-scheduler-pivotgrid,cancelled,Jest tests,https://github.com/DevExpress/DevExtreme/actions/runs/33157907148/job/98805071399
"28.08.26, 09:09:20",98805951452,33157907148,1,Jest tests,Send notifications,playwright-scheduler-pivotgrid,cancelled,,https://github.com/DevExpress/DevExtreme/actions/runs/33157907148/job/98805951452
"28.08.26, 09:03:30",98804656375,33157797177,1,Jest tests,jest-tests,playwright-scheduler-pivotgrid,cancelled,Check test types,https://github.com/DevExpress/DevExtreme/actions/runs/33157797177/job/98804656375
"28.08.26, 09:05:25",98805070830,33157797177,1,Jest tests,Send notifications,playwright-scheduler-pivotgrid,cancelled,,https://github.com/DevExpress/DevExtreme/actions/runs/33157797177/job/98805070830
"28.08.26, 07:50:29",98789068884,33152975529,1,Jest tests,jest-tests,gh-readonly-queue/main/pr-34937-b4acfa5d5d93b4a667658dbfec25fb22dd6be8fc,failure,Check test types,https://github.com/DevExpress/DevExtreme/actions/runs/33152975529/job/98789068884
"28.08.26, 07:48:25",98788645046,33152844986,1,Jest tests,jest-tests,gh-readonly-queue/main/pr-34938-4e11ff93a3cd59ad2c902db02c8592f235a21a1e,failure,Check test types,https://github.com/DevExpress/DevExtreme/actions/runs/33152844986/job/98788645046
"28.08.26, 07:45:06",98787955325,33152633434,1,Jest tests,jest-tests,gh-readonly-queue/main/pr-34938-4e11ff93a3cd59ad2c902db02c8592f235a21a1e,failure,Check test types,https://github.com/DevExpress/DevExtreme/actions/runs/33152633434/job/98787955325
"28.08.26, 06:47:42",98776837148,33149146196,1,Jest tests,jest-tests,typescript/events/es6_emitters,cancelled,Use Node.js,https://github.com/DevExpress/DevExtreme/actions/runs/33149146196/job/98776837148
"28.08.26, 06:48:06",98776905534,33149146196,1,Jest tests,Send notifications,typescript/events/es6_emitters,cancelled,,https://github.com/DevExpress/DevExtreme/actions/runs/33149146196/job/98776905534
"28.08.26, 06:00:43",98768644487,33146495059,1,Jest tests,jest-tests,playwright-scheduler-pivotgrid,cancelled,Jest tests,https://github.com/DevExpress/DevExtreme/actions/runs/33146495059/job/98768644487
"28.08.26, 06:03:31",98769103561,33146495059,1,Jest tests,Send notifications,playwright-scheduler-pivotgrid,cancelled,,https://github.com/DevExpress/DevExtreme/actions/runs/33146495059/job/98769103561
"28.08.26, 05:58:28",98768278505,33146390210,1,Jest tests,jest-tests,playwright-scheduler-pivotgrid,cancelled,Jest tests,https://github.com/DevExpress/DevExtreme/actions/runs/33146390210/job/98768278505
"28.08.26, 06:00:43",98768643832,33146390210,1,Jest tests,Send notifications,playwright-scheduler-pivotgrid,cancelled,,https://github.com/DevExpress/DevExtreme/actions/runs/33146390210/job/98768643832
"28.08.26, 05:41:35",98765575740,33145516496,1,Jest tests,jest-tests,playwright-scheduler-pivotgrid,cancelled,Jest tests,https://github.com/DevExpress/DevExtreme/actions/runs/33145516496/job/98765575740
"28.08.26, 05:43:50",98765930941,33145516496,1,Jest tests,Send notifications,playwright-scheduler-pivotgrid,cancelled,,https://github.com/DevExpress/DevExtreme/actions/runs/33145516496/job/98765930941
"28.08.26, 05:39:31",98765246830,33145424261,1,Jest tests,jest-tests,playwright-scheduler-pivotgrid,cancelled,Jest tests,https://github.com/DevExpress/DevExtreme/actions/runs/33145424261/job/98765246830
"28.08.26, 05:41:35",98765575212,33145424261,1,Jest tests,Send notifications,playwright-scheduler-pivotgrid,cancelled,,https://github.com/DevExpress/DevExtreme/actions/runs/33145424261/job/98765575212
"28.08.26, 05:27:18",98763395585,33144810307,1,Jest tests,jest-tests,playwright-scheduler-pivotgrid,cancelled,Run pnpm/action-setup@v6,https://github.com/DevExpress/DevExtreme/actions/runs/33144810307/job/98763395585
"28.08.26, 05:27:48",98763469984,33144810307,1,Jest tests,Send notifications,playwright-scheduler-pivotgrid,cancelled,,https://github.com/DevExpress/DevExtreme/actions/runs/33144810307/job/98763469984
"28.08.26, 04:22:27",98753506521,33141623065,1,Jest tests,jest-tests,playwright-scheduler-pivotgrid,cancelled,Jest tests,https://github.com/DevExpress/DevExtreme/actions/runs/33141623065/job/98753506521
"28.08.26, 04:26:13",98754060433,33141623065,1,Jest tests,Send notifications,playwright-scheduler-pivotgrid,cancelled,,https://github.com/DevExpress/DevExtreme/actions/runs/33141623065/job/98754060433
"28.08.26, 02:04:09",98732197416,33134777756,1,Jest tests,jest-tests,playwright-components-infra,cancelled,Install dependencies,https://github.com/DevExpress/DevExtreme/actions/runs/33134777756/job/98732197416
"28.08.26, 02:06:36",98732585060,33134777756,1,Jest tests,Send notifications,playwright-components-infra,cancelled,,https://github.com/DevExpress/DevExtreme/actions/runs/33134777756/job/98732585060
"28.08.26, 02:02:03",98731866669,33134671716,1,Jest tests,jest-tests,playwright-scheduler-pivotgrid,cancelled,Jest tests,https://github.com/DevExpress/DevExtreme/actions/runs/33134671716/job/98731866669
"28.08.26, 02:06:00",98732490551,33134671716,1,Jest tests,Send notifications,playwright-scheduler-pivotgrid,cancelled,,https://github.com/DevExpress/DevExtreme/actions/runs/33134671716/job/98732490551
"28.08.26, 09:23:01",98809056492,33159133411,1,Styles tests,Tests,playwright-scheduler-pivotgrid,cancelled,Setup pnpm cache,https://github.com/DevExpress/DevExtreme/actions/runs/33159133411/job/98809056492
"28.08.26, 09:23:36",98809187787,33159133411,1,Styles tests,Send notifications,playwright-scheduler-pivotgrid,cancelled,,https://github.com/DevExpress/DevExtreme/actions/runs/33159133411/job/98809187787
"28.08.26, 09:03:31",98804656802,33157797237,1,Styles tests,Tests,playwright-scheduler-pivotgrid,cancelled,Install dependencies,https://github.com/DevExpress/DevExtreme/actions/runs/33157797237/job/98804656802
"28.08.26, 09:05:24",98805067391,33157797237,1,Styles tests,Send notifications,playwright-scheduler-pivotgrid,cancelled,,https://github.com/DevExpress/DevExtreme/actions/runs/33157797237/job/98805067391
"28.08.26, 06:47:42",98776837133,33149146213,1,Styles tests,Tests,typescript/events/es6_emitters,cancelled,Run pnpm/action-setup@v6,https://github.com/DevExpress/DevExtreme/actions/runs/33149146213/job/98776837133
"28.08.26, 06:48:07",98776909178,33149146213,1,Styles tests,Send notifications,typescript/events/es6_emitters,cancelled,,https://github.com/DevExpress/DevExtreme/actions/runs/33149146213/job/98776909178
"28.08.26, 05:27:18",98763395969,33144810339,1,Styles tests,Tests,playwright-scheduler-pivotgrid,cancelled,Setup pnpm cache,https://github.com/DevExpress/DevExtreme/actions/runs/33144810339/job/98763395969
"28.08.26, 05:27:47",98763466854,33144810339,1,Styles tests,Send notifications,playwright-scheduler-pivotgrid,cancelled,,https://github.com/DevExpress/DevExtreme/actions/runs/33144810339/job/98763466854
"28.08.26, 02:04:09",98732197894,33134777832,1,Styles tests,Tests,playwright-components-infra,cancelled,Install dependencies,https://github.com/DevExpress/DevExtreme/actions/runs/33134777832/job/98732197894
"28.08.26, 02:06:36",98732585459,33134777832,1,Styles tests,Send notifications,playwright-components-infra,cancelled,,https://github.com/DevExpress/DevExtreme/actions/runs/33134777832/job/98732585459
"28.08.26, 18:48:38",98950108984,33200506916,1,TestCafe tests,cardView - fluent-next,fluent-next/component-tier,failure,Run TestCafe tests,https://github.com/DevExpress/DevExtreme/actions/runs/33200506916/job/98950108984
"28.08.26, 18:58:37",98952675433,33200506916,1,TestCafe tests,quarantine,fluent-next/component-tier,failure,Run quarantined tests,https://github.com/DevExpress/DevExtreme/actions/runs/33200506916/job/98952675433
"28.08.26, 16:39:22",98916114114,33190493186,1,TestCafe tests,common - fluent-next,fluent-next/component-tier,failure,Run TestCafe tests,https://github.com/DevExpress/DevExtreme/actions/runs/33190493186/job/98916114114
"28.08.26, 16:39:22",98916114207,33190493186,1,TestCafe tests,editors - fluent-next,fluent-next/component-tier,failure,Run TestCafe tests,https://github.com/DevExpress/DevExtreme/actions/runs/33190493186/job/98916114207
"28.08.26, 16:39:22",98916114243,33190493186,1,TestCafe tests,cardView - fluent-next,fluent-next/component-tier,failure,Run TestCafe tests,https://github.com/DevExpress/DevExtreme/actions/runs/33190493186/job/98916114243
"28.08.26, 16:49:47",98918905442,33190493186,1,TestCafe tests,quarantine,fluent-next/component-tier,failure,Run quarantined tests,https://github.com/DevExpress/DevExtreme/actions/runs/33190493186/job/98918905442
"28.08.26, 14:32:33",98880779202,33180142403,1,TestCafe tests,dataGrid (1/4) - fluent-next,fluent-next/component-tier,failure,Run TestCafe tests,https://github.com/DevExpress/DevExtreme/actions/runs/33180142403/job/98880779202
"28.08.26, 14:32:33",98880779215,33180142403,1,TestCafe tests,cardView - fluent-next,fluent-next/component-tier,failure,Run TestCafe tests,https://github.com/DevExpress/DevExtreme/actions/runs/33180142403/job/98880779215
"28.08.26, 14:32:33",98880779245,33180142403,1,TestCafe tests,common - fluent-next,fluent-next/component-tier,failure,Run TestCafe tests,https://github.com/DevExpress/DevExtreme/actions/runs/33180142403/job/98880779245
"28.08.26, 14:32:33",98880779262,33180142403,1,TestCafe tests,dataGrid (4/4) - fluent-next,fluent-next/component-tier,failure,Run TestCafe tests,https://github.com/DevExpress/DevExtreme/actions/runs/33180142403/job/98880779262
"28.08.26, 14:32:33",98880779280,33180142403,1,TestCafe tests,dataGrid (2/4) - fluent-next,fluent-next/component-tier,failure,Run TestCafe tests,https://github.com/DevExpress/DevExtreme/actions/runs/33180142403/job/98880779280
"28.08.26, 14:32:33",98880779286,33180142403,1,TestCafe tests,dataGrid (3/4) - fluent-next,fluent-next/component-tier,failure,Run TestCafe tests,https://github.com/DevExpress/DevExtreme/actions/runs/33180142403/job/98880779286
"28.08.26, 14:32:34",98880779416,33180142403,1,TestCafe tests,editors - fluent-next,fluent-next/component-tier,failure,Run TestCafe tests,https://github.com/DevExpress/DevExtreme/actions/runs/33180142403/job/98880779416
"28.08.26, 14:42:39",98883654558,33180142403,1,TestCafe tests,quarantine,fluent-next/component-tier,failure,Run quarantined tests,https://github.com/DevExpress/DevExtreme/actions/runs/33180142403/job/98883654558
"28.08.26, 13:39:54",98866121333,33176380368,1,TestCafe tests,Build DevExtreme,feature/remove-systemjs-from-demos,cancelled,Build,https://github.com/DevExpress/DevExtreme/actions/runs/33176380368/job/98866121333
"28.08.26, 13:44:08",98867270774,33176380368,1,TestCafe tests,${{ matrix.name }}${{ ((!matrix.theme && ' - fluent') || '') }},feature/remove-systemjs-from-demos,cancelled,,https://github.com/DevExpress/DevExtreme/actions/runs/33176380368/job/98867270774
"28.08.26, 13:44:08",98867271290,33176380368,1,TestCafe tests,quarantine,feature/remove-systemjs-from-demos,cancelled,,https://github.com/DevExpress/DevExtreme/actions/runs/33176380368/job/98867271290
"28.08.26, 13:44:08",98867271379,33176380368,1,TestCafe tests,Send notifications,feature/remove-systemjs-from-demos,cancelled,,https://github.com/DevExpress/DevExtreme/actions/runs/33176380368/job/98867271379
"28.08.26, 11:29:52",98835883530,33167007789,1,TestCafe tests,dataGrid (2/4) - fluent,feature/26_2_osm-provider-for-dxmap/viewport-and-interactions,cancelled,,https://github.com/DevExpress/DevExtreme/actions/runs/33167007789/job/98835883530
"28.08.26, 11:29:52",98835883538,33167007789,1,TestCafe tests,accessibility - fluent,feature/26_2_osm-provider-for-dxmap/viewport-and-interactions,cancelled,,https://github.com/DevExpress/DevExtreme/actions/runs/33167007789/job/98835883538
"28.08.26, 11:29:52",98835883540,33167007789,1,TestCafe tests,cardView - fluent,feature/26_2_osm-provider-for-dxmap/viewport-and-interactions,cancelled,,https://github.com/DevExpress/DevExtreme/actions/runs/33167007789/job/98835883540
"28.08.26, 11:29:52",98835883543,33167007789,1,TestCafe tests,scheduler / common (1/3) - fluent,feature/26_2_osm-provider-for-dxmap/viewport-and-interactions,cancelled,,https://github.com/DevExpress/DevExtreme/actions/runs/33167007789/job/98835883543
"28.08.26, 11:29:52",98835883556,33167007789,1,TestCafe tests,dataGrid (3/4) - fluent,feature/26_2_osm-provider-for-dxmap/viewport-and-interactions,cancelled,,https://github.com/DevExpress/DevExtreme/actions/runs/33167007789/job/98835883556
"28.08.26, 11:29:52",98835883557,33167007789,1,TestCafe tests,dataGrid (4/4) - fluent,feature/26_2_osm-provider-for-dxmap/viewport-and-interactions,cancelled,,https://github.com/DevExpress/DevExtreme/actions/runs/33167007789/job/98835883557
"28.08.26, 11:29:52",98835883564,33167007789,1,TestCafe tests,scheduler / common (2/3) - fluent,feature/26_2_osm-provider-for-dxmap/viewport-and-interactions,cancelled,,https://github.com/DevExpress/DevExtreme/actions/runs/33167007789/job/98835883564
"28.08.26, 11:29:52",98835883566,33167007789,1,TestCafe tests,navigation - fluent,feature/26_2_osm-provider-for-dxmap/viewport-and-interactions,cancelled,,https://github.com/DevExpress/DevExtreme/actions/runs/33167007789/job/98835883566
"28.08.26, 11:29:52",98835883572,33167007789,1,TestCafe tests,material - compact,feature/26_2_osm-provider-for-dxmap/viewport-and-interactions,cancelled,,https://github.com/DevExpress/DevExtreme/actions/runs/33167007789/job/98835883572
"28.08.26, 11:29:52",98835883575,33167007789,1,TestCafe tests,scheduler / common (3/3) - fluent,feature/26_2_osm-provider-for-dxmap/viewport-and-interactions,cancelled,,https://github.com/DevExpress/DevExtreme/actions/runs/33167007789/job/98835883575
"28.08.26, 11:29:52",98835883576,33167007789,1,TestCafe tests,scheduler / timezones (Europe/Berlin) - fluent,feature/26_2_osm-provider-for-dxmap/viewport-and-interactions,cancelled,,https://github.com/DevExpress/DevExtreme/actions/runs/33167007789/job/98835883576
"28.08.26, 11:29:52",98835883584,33167007789,1,TestCafe tests,material,feature/26_2_osm-provider-for-dxmap/viewport-and-interactions,cancelled,,https://github.com/DevExpress/DevExtreme/actions/runs/33167007789/job/98835883584
"28.08.26, 11:29:52",98835883592,33167007789,1,TestCafe tests,generic,feature/26_2_osm-provider-for-dxmap/viewport-and-interactions,cancelled,,https://github.com/DevExpress/DevExtreme/actions/runs/33167007789/job/98835883592
"28.08.26, 11:29:52",98835883593,33167007789,1,TestCafe tests,editors - fluent,feature/26_2_osm-provider-for-dxmap/viewport-and-interactions,cancelled,,https://github.com/DevExpress/DevExtreme/actions/runs/33167007789/job/98835883593
"28.08.26, 11:29:52",98835883605,33167007789,1,TestCafe tests,scheduler / viewOffset (1/2) - fluent,feature/26_2_osm-provider-for-dxmap/viewport-and-interactions,cancelled,,https://github.com/DevExpress/DevExtreme/actions/runs/33167007789/job/98835883605
"28.08.26, 11:29:52",98835883615,33167007789,1,TestCafe tests,dataGrid (1/4) - fluent,feature/26_2_osm-provider-for-dxmap/viewport-and-interactions,cancelled,,https://github.com/DevExpress/DevExtreme/actions/runs/33167007789/job/98835883615
"28.08.26, 11:29:52",98835883618,33167007789,1,TestCafe tests,scheduler / timezones (America/Los_Angeles) - fluent,feature/26_2_osm-provider-for-dxmap/viewport-and-interactions,cancelled,,https://github.com/DevExpress/DevExtreme/actions/runs/33167007789/job/98835883618
"28.08.26, 11:29:52",98835883683,33167007789,1,TestCafe tests,scheduler / viewOffset (2/2) - fluent,feature/26_2_osm-provider-for-dxmap/viewport-and-interactions,cancelled,,https://github.com/DevExpress/DevExtreme/actions/runs/33167007789/job/98835883683
"28.08.26, 11:29:52",98835883744,33167007789,1,TestCafe tests,common - fluent,feature/26_2_osm-provider-for-dxmap/viewport-and-interactions,cancelled,,https://github.com/DevExpress/DevExtreme/actions/runs/33167007789/job/98835883744
"28.08.26, 11:30:04",98835926830,33167007789,1,TestCafe tests,Send notifications,feature/26_2_osm-provider-for-dxmap/viewport-and-interactions,cancelled,,https://github.com/DevExpress/DevExtreme/actions/runs/33167007789/job/98835926830
"28.08.26, 11:30:04",98835927111,33167007789,1,TestCafe tests,quarantine,feature/26_2_osm-provider-for-dxmap/viewport-and-interactions,cancelled,,https://github.com/DevExpress/DevExtreme/actions/runs/33167007789/job/98835927111
"28.08.26, 10:10:23",98819516537,33161898802,1,TestCafe tests,scheduler / timezones (America/Los_Angeles) - fluent,gh-readonly-queue/main/pr-34926-a5d793b0411c27069e5faef0382ce49221611355,failure,Run TestCafe tests,https://github.com/DevExpress/DevExtreme/actions/runs/33161898802/job/98819516537
"28.08.26, 09:28:35",98810314311,33159458499,1,TestCafe tests,Build DevExtreme,playwright-scheduler-pivotgrid,cancelled,Show nx cache contents before save,https://github.com/DevExpress/DevExtreme/actions/runs/33159458499/job/98810314311
"28.08.26, 09:29:49",98810589327,33159458499,1,TestCafe tests,${{ matrix.name }}${{ ((!matrix.theme && ' - fluent') || '') }},playwright-scheduler-pivotgrid,cancelled,,https://github.com/DevExpress/DevExtreme/actions/runs/33159458499/job/98810589327
"28.08.26, 09:29:49",98810589838,33159458499,1,TestCafe tests,quarantine,playwright-scheduler-pivotgrid,cancelled,,https://github.com/DevExpress/DevExtreme/actions/runs/33159458499/job/98810589838
"28.08.26, 09:29:49",98810590339,33159458499,1,TestCafe tests,Send notifications,playwright-scheduler-pivotgrid,cancelled,,https://github.com/DevExpress/DevExtreme/actions/runs/33159458499/job/98810590339
"28.08.26, 09:24:10",98809315934,33159170272,1,TestCafe tests,Build DevExtreme,playwright-scheduler-pivotgrid,cancelled,Build,https://github.com/DevExpress/DevExtreme/actions/runs/33159170272/job/98809315934
"28.08.26, 09:27:58",98810174648,33159170272,1,TestCafe tests,${{ matrix.name }}${{ ((!matrix.theme && ' - fluent') || '') }},playwright-scheduler-pivotgrid,cancelled,,https://github.com/DevExpress/DevExtreme/actions/runs/33159170272/job/98810174648
"28.08.26, 09:27:58",98810175329,33159170272,1,TestCafe tests,quarantine,playwright-scheduler-pivotgrid,cancelled,,https://github.com/DevExpress/DevExtreme/actions/runs/33159170272/job/98810175329
"28.08.26, 09:27:58",98810175330,33159170272,1,TestCafe tests,Send notifications,playwright-scheduler-pivotgrid,cancelled,,https://github.com/DevExpress/DevExtreme/actions/runs/33159170272/job/98810175330
"28.08.26, 09:23:16",98809113512,33159133450,1,TestCafe tests,Check if tests should run,playwright-scheduler-pivotgrid,cancelled,Run dorny/paths-filter@v4,https://github.com/DevExpress/DevExtreme/actions/runs/33159133450/job/98809113512
"28.08.26, 09:23:38",98809197219,33159133450,1,TestCafe tests,Build DevExtreme,playwright-scheduler-pivotgrid,cancelled,,https://github.com/DevExpress/DevExtreme/actions/runs/33159133450/job/98809197219
"28.08.26, 09:23:38",98809197499,33159133450,1,TestCafe tests,Determine TestCafe matrix,playwright-scheduler-pivotgrid,cancelled,,https://github.com/DevExpress/DevExtreme/actions/runs/33159133450/job/98809197499
"28.08.26, 09:23:38",98809198140,33159133450,1,TestCafe tests,${{ matrix.name }}${{ ((!matrix.theme && ' - fluent') || '') }},playwright-scheduler-pivotgrid,cancelled,,https://github.com/DevExpress/DevExtreme/actions/runs/33159133450/job/98809198140
"28.08.26, 09:23:39",98809198457,33159133450,1,TestCafe tests,quarantine,playwright-scheduler-pivotgrid,cancelled,,https://github.com/DevExpress/DevExtreme/actions/runs/33159133450/job/98809198457
"28.08.26, 09:23:39",98809199029,33159133450,1,TestCafe tests,Send notifications,playwright-scheduler-pivotgrid,cancelled,,https://github.com/DevExpress/DevExtreme/actions/runs/33159133450/job/98809199029
"28.08.26, 09:19:15",98808192628,33158819345,1,TestCafe tests,Build DevExtreme,playwright-scheduler-pivotgrid,cancelled,Build,https://github.com/DevExpress/DevExtreme/actions/runs/33158819345/job/98808192628
"28.08.26, 09:23:09",98809084896,33158819345,1,TestCafe tests,${{ matrix.name }}${{ ((!matrix.theme && ' - fluent') || '') }},playwright-scheduler-pivotgrid,cancelled,,https://github.com/DevExpress/DevExtreme/actions/runs/33158819345/job/98809084896
"28.08.26, 09:23:09",98809085650,33158819345,1,TestCafe tests,quarantine,playwright-scheduler-pivotgrid,cancelled,,https://github.com/DevExpress/DevExtreme/actions/runs/33158819345/job/98809085650
"28.08.26, 09:23:09",98809086295,33158819345,1,TestCafe tests,Send notifications,playwright-scheduler-pivotgrid,cancelled,,https://github.com/DevExpress/DevExtreme/actions/runs/33158819345/job/98809086295
"28.08.26, 09:17:44",98807856768,33158395461,1,TestCafe tests,generic,playwright-scheduler-pivotgrid,cancelled,Restore pnpm cache,https://github.com/DevExpress/DevExtreme/actions/runs/33158395461/job/98807856768
"28.08.26, 09:17:44",98807856772,33158395461,1,TestCafe tests,material,playwright-scheduler-pivotgrid,cancelled,Restore pnpm cache,https://github.com/DevExpress/DevExtreme/actions/runs/33158395461/job/98807856772
"28.08.26, 09:17:44",98807856778,33158395461,1,TestCafe tests,dataGrid (1/4) - fluent,playwright-scheduler-pivotgrid,cancelled,Install dependencies,https://github.com/DevExpress/DevExtreme/actions/runs/33158395461/job/98807856778
"28.08.26, 09:17:44",98807856795,33158395461,1,TestCafe tests,common - fluent,playwright-scheduler-pivotgrid,cancelled,Install dependencies,https://github.com/DevExpress/DevExtreme/actions/runs/33158395461/job/98807856795
"28.08.26, 09:17:44",98807856797,33158395461,1,TestCafe tests,accessibility - fluent,playwright-scheduler-pivotgrid,cancelled,Install dependencies,https://github.com/DevExpress/DevExtreme/actions/runs/33158395461/job/98807856797
"28.08.26, 09:17:44",98807856801,33158395461,1,TestCafe tests,dataGrid (4/4) - fluent,playwright-scheduler-pivotgrid,cancelled,Install dependencies,https://github.com/DevExpress/DevExtreme/actions/runs/33158395461/job/98807856801
"28.08.26, 09:17:44",98807856817,33158395461,1,TestCafe tests,cardView - fluent,playwright-scheduler-pivotgrid,cancelled,Restore pnpm cache,https://github.com/DevExpress/DevExtreme/actions/runs/33158395461/job/98807856817
"28.08.26, 09:17:44",98807856822,33158395461,1,TestCafe tests,dataGrid (2/4) - fluent,playwright-scheduler-pivotgrid,cancelled,Restore pnpm cache,https://github.com/DevExpress/DevExtreme/actions/runs/33158395461/job/98807856822
"28.08.26, 09:17:44",98807856825,33158395461,1,TestCafe tests,material - compact,playwright-scheduler-pivotgrid,cancelled,Install dependencies,https://github.com/DevExpress/DevExtreme/actions/runs/33158395461/job/98807856825
"28.08.26, 09:17:44",98807856834,33158395461,1,TestCafe tests,dataGrid (3/4) - fluent,playwright-scheduler-pivotgrid,cancelled,Install dependencies,https://github.com/DevExpress/DevExtreme/actions/runs/33158395461/job/98807856834
"28.08.26, 09:17:44",98807856838,33158395461,1,TestCafe tests,navigation - fluent,playwright-scheduler-pivotgrid,cancelled,Restore pnpm cache,https://github.com/DevExpress/DevExtreme/actions/runs/33158395461/job/98807856838
"28.08.26, 09:17:44",98807856868,33158395461,1,TestCafe tests,scheduler / common (3/3) - fluent,playwright-scheduler-pivotgrid,cancelled,Install dependencies,https://github.com/DevExpress/DevExtreme/actions/runs/33158395461/job/98807856868
"28.08.26, 09:17:44",98807856893,33158395461,1,TestCafe tests,scheduler / viewOffset (1/2) - fluent,playwright-scheduler-pivotgrid,cancelled,Install dependencies,https://github.com/DevExpress/DevExtreme/actions/runs/33158395461/job/98807856893
"28.08.26, 09:17:44",98807856897,33158395461,1,TestCafe tests,scheduler / common (1/3) - fluent,playwright-scheduler-pivotgrid,cancelled,Restore pnpm cache,https://github.com/DevExpress/DevExtreme/actions/runs/33158395461/job/98807856897
"28.08.26, 09:17:44",98807856899,33158395461,1,TestCafe tests,scheduler / common (2/3) - fluent,playwright-scheduler-pivotgrid,cancelled,Install dependencies,https://github.com/DevExpress/DevExtreme/actions/runs/33158395461/job/98807856899
"28.08.26, 09:17:44",98807856927,33158395461,1,TestCafe tests,editors - fluent,playwright-scheduler-pivotgrid,cancelled,Restore pnpm cache,https://github.com/DevExpress/DevExtreme/actions/runs/33158395461/job/98807856927
"28.08.26, 09:17:44",98807856935,33158395461,1,TestCafe tests,scheduler / viewOffset (2/2) - fluent,playwright-scheduler-pivotgrid,cancelled,Install dependencies,https://github.com/DevExpress/DevExtreme/actions/runs/33158395461/job/98807856935
"28.08.26, 09:17:44",98807856972,33158395461,1,TestCafe tests,scheduler / timezones (America/Los_Angeles) - fluent,playwright-scheduler-pivotgrid,cancelled,Install dependencies,https://github.com/DevExpress/DevExtreme/actions/runs/33158395461/job/98807856972
"28.08.26, 09:17:44",98807856980,33158395461,1,TestCafe tests,scheduler / timezones (Europe/Berlin) - fluent,playwright-scheduler-pivotgrid,cancelled,Install dependencies,https://github.com/DevExpress/DevExtreme/actions/runs/33158395461/job/98807856980
"28.08.26, 09:18:46",98808085745,33158395461,1,TestCafe tests,quarantine,playwright-scheduler-pivotgrid,cancelled,,https://github.com/DevExpress/DevExtreme/actions/runs/33158395461/job/98808085745
"28.08.26, 09:18:46",98808086462,33158395461,1,TestCafe tests,Send notifications,playwright-scheduler-pivotgrid,cancelled,,https://github.com/DevExpress/DevExtreme/actions/runs/33158395461/job/98808086462
"28.08.26, 09:09:47",98806054095,33158176992,1,TestCafe tests,Build DevExtreme,playwright-scheduler-pivotgrid,cancelled,Build,https://github.com/DevExpress/DevExtreme/actions/runs/33158176992/job/98806054095
"28.08.26, 09:12:33",98806680248,33158176992,1,TestCafe tests,${{ matrix.name }}${{ ((!matrix.theme && ' - fluent') || '') }},playwright-scheduler-pivotgrid,cancelled,,https://github.com/DevExpress/DevExtreme/actions/runs/33158176992/job/98806680248
"28.08.26, 09:12:33",98806680779,33158176992,1,TestCafe tests,quarantine,playwright-scheduler-pivotgrid,cancelled,,https://github.com/DevExpress/DevExtreme/actions/runs/33158176992/job/98806680779
"28.08.26, 09:12:33",98806681104,33158176992,1,TestCafe tests,Send notifications,playwright-scheduler-pivotgrid,cancelled,,https://github.com/DevExpress/DevExtreme/actions/runs/33158176992/job/98806681104
"28.08.26, 09:06:05",98805218497,33157907102,1,TestCafe tests,Build DevExtreme,playwright-scheduler-pivotgrid,cancelled,Build,https://github.com/DevExpress/DevExtreme/actions/runs/33157907102/job/98805218497
"28.08.26, 09:09:20",98805953634,33157907102,1,TestCafe tests,${{ matrix.name }}${{ ((!matrix.theme && ' - fluent') || '') }},playwright-scheduler-pivotgrid,cancelled,,https://github.com/DevExpress/DevExtreme/actions/runs/33157907102/job/98805953634
"28.08.26, 09:09:20",98805953991,33157907102,1,TestCafe tests,Send notifications,playwright-scheduler-pivotgrid,cancelled,,https://github.com/DevExpress/DevExtreme/actions/runs/33157907102/job/98805953991
"28.08.26, 09:09:20",98805954000,33157907102,1,TestCafe tests,quarantine,playwright-scheduler-pivotgrid,cancelled,,https://github.com/DevExpress/DevExtreme/actions/runs/33157907102/job/98805954000
"28.08.26, 09:03:55",98804744457,33157797212,1,TestCafe tests,Build DevExtreme,playwright-scheduler-pivotgrid,cancelled,Show nx cache contents before save,https://github.com/DevExpress/DevExtreme/actions/runs/33157797212/job/98804744457
"28.08.26, 09:05:26",98805072617,33157797212,1,TestCafe tests,${{ matrix.name }}${{ ((!matrix.theme && ' - fluent') || '') }},playwright-scheduler-pivotgrid,cancelled,,https://github.com/DevExpress/DevExtreme/actions/runs/33157797212/job/98805072617
"28.08.26, 09:05:26",98805072709,33157797212,1,TestCafe tests,quarantine,playwright-scheduler-pivotgrid,cancelled,,https://github.com/DevExpress/DevExtreme/actions/runs/33157797212/job/98805072709
"28.08.26, 09:05:26",98805073406,33157797212,1,TestCafe tests,Send notifications,playwright-scheduler-pivotgrid,cancelled,,https://github.com/DevExpress/DevExtreme/actions/runs/33157797212/job/98805073406
"28.08.26, 08:44:23",98800512147,33155909303,1,TestCafe tests,scheduler / viewOffset (1/2) - fluent,fix/gridcore-datacontroller-datasource-cast-25_2,failure,,https://github.com/DevExpress/DevExtreme/actions/runs/33155909303/job/98800512147
"28.08.26, 08:39:50",98799535220,33155865157,1,TestCafe tests,dataGrid (4/4) - fluent,fix/gridcore-datacontroller-datasource-cast-26_1,failure,Run TestCafe tests,https://github.com/DevExpress/DevExtreme/actions/runs/33155865157/job/98799535220
"28.08.26, 08:00:54",98791230043,33153268463,1,TestCafe tests,dataGrid (2/4) - fluent,refactor/gridcore-datacontroller-merge-datahelper-mixin-26_2,cancelled,Run TestCafe tests,https://github.com/DevExpress/DevExtreme/actions/runs/33153268463/job/98791230043
"28.08.26, 08:00:54",98791230069,33153268463,1,TestCafe tests,common - fluent,refactor/gridcore-datacontroller-merge-datahelper-mixin-26_2,cancelled,Run TestCafe tests,https://github.com/DevExpress/DevExtreme/actions/runs/33153268463/job/98791230069
"28.08.26, 08:00:54",98791230085,33153268463,1,TestCafe tests,scheduler / viewOffset (2/2) - fluent,refactor/gridcore-datacontroller-merge-datahelper-mixin-26_2,cancelled,Run TestCafe tests,https://github.com/DevExpress/DevExtreme/actions/runs/33153268463/job/98791230085
"28.08.26, 08:00:54",98791230087,33153268463,1,TestCafe tests,dataGrid (1/4) - fluent,refactor/gridcore-datacontroller-merge-datahelper-mixin-26_2,cancelled,Run TestCafe tests,https://github.com/DevExpress/DevExtreme/actions/runs/33153268463/job/98791230087
"28.08.26, 08:00:54",98791230103,33153268463,1,TestCafe tests,dataGrid (3/4) - fluent,refactor/gridcore-datacontroller-merge-datahelper-mixin-26_2,cancelled,Run TestCafe tests,https://github.com/DevExpress/DevExtreme/actions/runs/33153268463/job/98791230103
"28.08.26, 08:00:54",98791230110,33153268463,1,TestCafe tests,dataGrid (4/4) - fluent,refactor/gridcore-datacontroller-merge-datahelper-mixin-26_2,cancelled,Run TestCafe tests,https://github.com/DevExpress/DevExtreme/actions/runs/33153268463/job/98791230110
"28.08.26, 08:00:54",98791230155,33153268463,1,TestCafe tests,accessibility - fluent,refactor/gridcore-datacontroller-merge-datahelper-mixin-26_2,cancelled,Run TestCafe tests,https://github.com/DevExpress/DevExtreme/actions/runs/33153268463/job/98791230155
"28.08.26, 08:00:54",98791230174,33153268463,1,TestCafe tests,scheduler / viewOffset (1/2) - fluent,refactor/gridcore-datacontroller-merge-datahelper-mixin-26_2,cancelled,Run TestCafe tests,https://github.com/DevExpress/DevExtreme/actions/runs/33153268463/job/98791230174
"28.08.26, 08:06:55",98792517079,33153268463,1,TestCafe tests,Send notifications,refactor/gridcore-datacontroller-merge-datahelper-mixin-26_2,cancelled,,https://github.com/DevExpress/DevExtreme/actions/runs/33153268463/job/98792517079
"28.08.26, 08:06:55",98792517296,33153268463,1,TestCafe tests,quarantine,refactor/gridcore-datacontroller-merge-datahelper-mixin-26_2,cancelled,,https://github.com/DevExpress/DevExtreme/actions/runs/33153268463/job/98792517296
"28.08.26, 07:50:48",98789136161,33152975492,1,TestCafe tests,Build DevExtreme,gh-readonly-queue/main/pr-34937-b4acfa5d5d93b4a667658dbfec25fb22dd6be8fc,failure,Build,https://github.com/DevExpress/DevExtreme/actions/runs/33152975492/job/98789136161
"28.08.26, 07:48:45",98788714989,33152844984,1,TestCafe tests,Build DevExtreme,gh-readonly-queue/main/pr-34938-4e11ff93a3cd59ad2c902db02c8592f235a21a1e,failure,Build,https://github.com/DevExpress/DevExtreme/actions/runs/33152844984/job/98788714989
"28.08.26, 07:45:26",98788030234,33152633400,1,TestCafe tests,Build DevExtreme,gh-readonly-queue/main/pr-34938-4e11ff93a3cd59ad2c902db02c8592f235a21a1e,failure,Build,https://github.com/DevExpress/DevExtreme/actions/runs/33152633400/job/98788030234
"28.08.26, 06:48:01",98776891255,33149146202,1,TestCafe tests,Determine TestCafe matrix,typescript/events/es6_emitters,cancelled,,https://github.com/DevExpress/DevExtreme/actions/runs/33149146202/job/98776891255
"28.08.26, 06:48:01",98776891259,33149146202,1,TestCafe tests,Build DevExtreme,typescript/events/es6_emitters,cancelled,Set up job,https://github.com/DevExpress/DevExtreme/actions/runs/33149146202/job/98776891259
"28.08.26, 06:48:06",98776905066,33149146202,1,TestCafe tests,${{ matrix.name }}${{ ((!matrix.theme && ' - fluent') || '') }},typescript/events/es6_emitters,cancelled,,https://github.com/DevExpress/DevExtreme/actions/runs/33149146202/job/98776905066
"28.08.26, 06:48:06",98776905359,33149146202,1,TestCafe tests,quarantine,typescript/events/es6_emitters,cancelled,,https://github.com/DevExpress/DevExtreme/actions/runs/33149146202/job/98776905359
"28.08.26, 06:48:06",98776905584,33149146202,1,TestCafe tests,Send notifications,typescript/events/es6_emitters,cancelled,,https://github.com/DevExpress/DevExtreme/actions/runs/33149146202/job/98776905584
"28.08.26, 06:12:17",98770581884,33146649408,1,TestCafe tests,quarantine,playwright-scheduler-pivotgrid,cancelled,Run quarantined tests,https://github.com/DevExpress/DevExtreme/actions/runs/33146649408/job/98770581884
"28.08.26, 06:14:24",98770934767,33146649408,1,TestCafe tests,Send notifications,playwright-scheduler-pivotgrid,cancelled,,https://github.com/DevExpress/DevExtreme/actions/runs/33146649408/job/98770934767
"28.08.26, 06:03:12",98769057547,33146495001,1,TestCafe tests,accessibility - fluent,playwright-scheduler-pivotgrid,cancelled,Add run config to flaky test report,https://github.com/DevExpress/DevExtreme/actions/runs/33146495001/job/98769057547
"28.08.26, 06:03:12",98769057571,33146495001,1,TestCafe tests,material,playwright-scheduler-pivotgrid,cancelled,Add run config to flaky test report,https://github.com/DevExpress/DevExtreme/actions/runs/33146495001/job/98769057571
"28.08.26, 06:03:12",98769057575,33146495001,1,TestCafe tests,material - compact,playwright-scheduler-pivotgrid,cancelled,Add run config to flaky test report,https://github.com/DevExpress/DevExtreme/actions/runs/33146495001/job/98769057575
"28.08.26, 06:03:12",98769057576,33146495001,1,TestCafe tests,dataGrid (1/4) - fluent,playwright-scheduler-pivotgrid,cancelled,Add run config to flaky test report,https://github.com/DevExpress/DevExtreme/actions/runs/33146495001/job/98769057576
"28.08.26, 06:03:12",98769057587,33146495001,1,TestCafe tests,editors - fluent,playwright-scheduler-pivotgrid,cancelled,Add run config to flaky test report,https://github.com/DevExpress/DevExtreme/actions/runs/33146495001/job/98769057587
"28.08.26, 06:03:12",98769057596,33146495001,1,TestCafe tests,dataGrid (2/4) - fluent,playwright-scheduler-pivotgrid,cancelled,Add run config to flaky test report,https://github.com/DevExpress/DevExtreme/actions/runs/33146495001/job/98769057596
"28.08.26, 06:03:12",98769057602,33146495001,1,TestCafe tests,common - fluent,playwright-scheduler-pivotgrid,cancelled,Add run config to flaky test report,https://github.com/DevExpress/DevExtreme/actions/runs/33146495001/job/98769057602
"28.08.26, 06:03:12",98769057604,33146495001,1,TestCafe tests,generic,playwright-scheduler-pivotgrid,cancelled,Add run config to flaky test report,https://github.com/DevExpress/DevExtreme/actions/runs/33146495001/job/98769057604
"28.08.26, 06:03:12",98769057621,33146495001,1,TestCafe tests,scheduler / common (3/3) - fluent,playwright-scheduler-pivotgrid,cancelled,Add run config to flaky test report,https://github.com/DevExpress/DevExtreme/actions/runs/33146495001/job/98769057621
"28.08.26, 06:03:12",98769057625,33146495001,1,TestCafe tests,dataGrid (4/4) - fluent,playwright-scheduler-pivotgrid,cancelled,Add run config to flaky test report,https://github.com/DevExpress/DevExtreme/actions/runs/33146495001/job/98769057625
"28.08.26, 06:03:12",98769057629,33146495001,1,TestCafe tests,dataGrid (3/4) - fluent,playwright-scheduler-pivotgrid,cancelled,Add run config to flaky test report,https://github.com/DevExpress/DevExtreme/actions/runs/33146495001/job/98769057629
"28.08.26, 06:03:12",98769057631,33146495001,1,TestCafe tests,scheduler / viewOffset (1/2) - fluent,playwright-scheduler-pivotgrid,cancelled,Add run config to flaky test report,https://github.com/DevExpress/DevExtreme/actions/runs/33146495001/job/98769057631
"28.08.26, 06:03:12",98769057633,33146495001,1,TestCafe tests,cardView - fluent,playwright-scheduler-pivotgrid,cancelled,Add run config to flaky test report,https://github.com/DevExpress/DevExtreme/actions/runs/33146495001/job/98769057633
"28.08.26, 06:03:12",98769057640,33146495001,1,TestCafe tests,scheduler / common (1/3) - fluent,playwright-scheduler-pivotgrid,cancelled,Add run config to flaky test report,https://github.com/DevExpress/DevExtreme/actions/runs/33146495001/job/98769057640
"28.08.26, 06:03:12",98769057646,33146495001,1,TestCafe tests,scheduler / timezones (Europe/Berlin) - fluent,playwright-scheduler-pivotgrid,cancelled,Add run config to flaky test report,https://github.com/DevExpress/DevExtreme/actions/runs/33146495001/job/98769057646
"28.08.26, 06:03:12",98769057653,33146495001,1,TestCafe tests,scheduler / viewOffset (2/2) - fluent,playwright-scheduler-pivotgrid,cancelled,Add run config to flaky test report,https://github.com/DevExpress/DevExtreme/actions/runs/33146495001/job/98769057653
"28.08.26, 06:03:12",98769057656,33146495001,1,TestCafe tests,scheduler / timezones (America/Los_Angeles) - fluent,playwright-scheduler-pivotgrid,cancelled,Add run config to flaky test report,https://github.com/DevExpress/DevExtreme/actions/runs/33146495001/job/98769057656
"28.08.26, 06:03:12",98769057674,33146495001,1,TestCafe tests,navigation - fluent,playwright-scheduler-pivotgrid,cancelled,Add run config to flaky test report,https://github.com/DevExpress/DevExtreme/actions/runs/33146495001/job/98769057674
"28.08.26, 06:03:12",98769057693,33146495001,1,TestCafe tests,scheduler / common (2/3) - fluent,playwright-scheduler-pivotgrid,cancelled,Add run config to flaky test report,https://github.com/DevExpress/DevExtreme/actions/runs/33146495001/job/98769057693
"28.08.26, 06:03:36",98769118819,33146495001,1,TestCafe tests,quarantine,playwright-scheduler-pivotgrid,cancelled,,https://github.com/DevExpress/DevExtreme/actions/runs/33146495001/job/98769118819
"28.08.26, 06:03:36",98769119187,33146495001,1,TestCafe tests,Send notifications,playwright-scheduler-pivotgrid,cancelled,,https://github.com/DevExpress/DevExtreme/actions/runs/33146495001/job/98769119187
"28.08.26, 05:58:50",98768334562,33146390225,1,TestCafe tests,Build DevExtreme,playwright-scheduler-pivotgrid,cancelled,Upload build artifacts,https://github.com/DevExpress/DevExtreme/actions/runs/33146390225/job/98768334562
"28.08.26, 06:00:30",98768604545,33146390225,1,TestCafe tests,${{ matrix.name }}${{ ((!matrix.theme && ' - fluent') || '') }},playwright-scheduler-pivotgrid,cancelled,,https://github.com/DevExpress/DevExtreme/actions/runs/33146390225/job/98768604545
"28.08.26, 06:00:30",98768605173,33146390225,1,TestCafe tests,quarantine,playwright-scheduler-pivotgrid,cancelled,,https://github.com/DevExpress/DevExtreme/actions/runs/33146390225/job/98768605173
"28.08.26, 06:00:31",98768605620,33146390225,1,TestCafe tests,Send notifications,playwright-scheduler-pivotgrid,cancelled,,https://github.com/DevExpress/DevExtreme/actions/runs/33146390225/job/98768605620
"28.08.26, 05:41:52",98765620081,33145516440,1,TestCafe tests,Build DevExtreme,playwright-scheduler-pivotgrid,cancelled,Show nx cache contents before save,https://github.com/DevExpress/DevExtreme/actions/runs/33145516440/job/98765620081
"28.08.26, 05:43:43",98765911852,33145516440,1,TestCafe tests,${{ matrix.name }}${{ ((!matrix.theme && ' - fluent') || '') }},playwright-scheduler-pivotgrid,cancelled,,https://github.com/DevExpress/DevExtreme/actions/runs/33145516440/job/98765911852
"28.08.26, 05:43:43",98765912354,33145516440,1,TestCafe tests,quarantine,playwright-scheduler-pivotgrid,cancelled,,https://github.com/DevExpress/DevExtreme/actions/runs/33145516440/job/98765912354
"28.08.26, 05:43:43",98765912486,33145516440,1,TestCafe tests,Send notifications,playwright-scheduler-pivotgrid,cancelled,,https://github.com/DevExpress/DevExtreme/actions/runs/33145516440/job/98765912486
"28.08.26, 05:39:49",98765293411,33145424182,1,TestCafe tests,Build DevExtreme,playwright-scheduler-pivotgrid,cancelled,Build,https://github.com/DevExpress/DevExtreme/actions/runs/33145424182/job/98765293411
"28.08.26, 05:41:26",98765551964,33145424182,1,TestCafe tests,${{ matrix.name }}${{ ((!matrix.theme && ' - fluent') || '') }},playwright-scheduler-pivotgrid,cancelled,,https://github.com/DevExpress/DevExtreme/actions/runs/33145424182/job/98765551964
"28.08.26, 05:41:26",98765551980,33145424182,1,TestCafe tests,quarantine,playwright-scheduler-pivotgrid,cancelled,,https://github.com/DevExpress/DevExtreme/actions/runs/33145424182/job/98765551980
"28.08.26, 05:41:26",98765552553,33145424182,1,TestCafe tests,Send notifications,playwright-scheduler-pivotgrid,cancelled,,https://github.com/DevExpress/DevExtreme/actions/runs/33145424182/job/98765552553
"28.08.26, 05:27:36",98763439733,33144810304,1,TestCafe tests,Build DevExtreme,playwright-scheduler-pivotgrid,cancelled,Show nx cache contents before save,https://github.com/DevExpress/DevExtreme/actions/runs/33144810304/job/98763439733
"28.08.26, 05:27:47",98763468568,33144810304,1,TestCafe tests,${{ matrix.name }}${{ ((!matrix.theme && ' - fluent') || '') }},playwright-scheduler-pivotgrid,cancelled,,https://github.com/DevExpress/DevExtreme/actions/runs/33144810304/job/98763468568
"28.08.26, 05:27:48",98763469329,33144810304,1,TestCafe tests,quarantine,playwright-scheduler-pivotgrid,cancelled,,https://github.com/DevExpress/DevExtreme/actions/runs/33144810304/job/98763469329
"28.08.26, 05:27:48",98763469793,33144810304,1,TestCafe tests,Send notifications,playwright-scheduler-pivotgrid,cancelled,,https://github.com/DevExpress/DevExtreme/actions/runs/33144810304/job/98763469793
"28.08.26, 04:44:35",98756797809,33142316600,1,TestCafe tests,generic,playwright-scheduler-pivotgrid,cancelled,Use Node.js,https://github.com/DevExpress/DevExtreme/actions/runs/33142316600/job/98756797809
"28.08.26, 04:44:35",98756797815,33142316600,1,TestCafe tests,accessibility - fluent,playwright-scheduler-pivotgrid,cancelled,Use Node.js,https://github.com/DevExpress/DevExtreme/actions/runs/33142316600/job/98756797815
"28.08.26, 04:44:35",98756797819,33142316600,1,TestCafe tests,material - compact,playwright-scheduler-pivotgrid,cancelled,Use Node.js,https://github.com/DevExpress/DevExtreme/actions/runs/33142316600/job/98756797819
"28.08.26, 04:44:35",98756797828,33142316600,1,TestCafe tests,editors - fluent,playwright-scheduler-pivotgrid,cancelled,Use Node.js,https://github.com/DevExpress/DevExtreme/actions/runs/33142316600/job/98756797828
"28.08.26, 04:44:35",98756797830,33142316600,1,TestCafe tests,common - fluent,playwright-scheduler-pivotgrid,cancelled,Use Node.js,https://github.com/DevExpress/DevExtreme/actions/runs/33142316600/job/98756797830
"28.08.26, 04:44:35",98756797853,33142316600,1,TestCafe tests,material,playwright-scheduler-pivotgrid,cancelled,Use Node.js,https://github.com/DevExpress/DevExtreme/actions/runs/33142316600/job/98756797853
"28.08.26, 04:44:35",98756797862,33142316600,1,TestCafe tests,cardView - fluent,playwright-scheduler-pivotgrid,cancelled,Use Node.js,https://github.com/DevExpress/DevExtreme/actions/runs/33142316600/job/98756797862
"28.08.26, 04:44:35",98756797868,33142316600,1,TestCafe tests,dataGrid (3/4) - fluent,playwright-scheduler-pivotgrid,cancelled,Use Node.js,https://github.com/DevExpress/DevExtreme/actions/runs/33142316600/job/98756797868
"28.08.26, 04:44:35",98756797880,33142316600,1,TestCafe tests,scheduler / common (1/3) - fluent,playwright-scheduler-pivotgrid,cancelled,Use Node.js,https://github.com/DevExpress/DevExtreme/actions/runs/33142316600/job/98756797880
"28.08.26, 04:44:35",98756797888,33142316600,1,TestCafe tests,scheduler / timezones (Europe/Berlin) - fluent,playwright-scheduler-pivotgrid,cancelled,Use Node.js,https://github.com/DevExpress/DevExtreme/actions/runs/33142316600/job/98756797888
"28.08.26, 04:44:35",98756797897,33142316600,1,TestCafe tests,dataGrid (2/4) - fluent,playwright-scheduler-pivotgrid,cancelled,Use Node.js,https://github.com/DevExpress/DevExtreme/actions/runs/33142316600/job/98756797897
"28.08.26, 04:44:35",98756797902,33142316600,1,TestCafe tests,dataGrid (1/4) - fluent,playwright-scheduler-pivotgrid,cancelled,Use Node.js,https://github.com/DevExpress/DevExtreme/actions/runs/33142316600/job/98756797902
"28.08.26, 04:44:35",98756797906,33142316600,1,TestCafe tests,scheduler / viewOffset (2/2) - fluent,playwright-scheduler-pivotgrid,cancelled,Use Node.js,https://github.com/DevExpress/DevExtreme/actions/runs/33142316600/job/98756797906
"28.08.26, 04:44:35",98756797921,33142316600,1,TestCafe tests,scheduler / common (2/3) - fluent,playwright-scheduler-pivotgrid,cancelled,Use Node.js,https://github.com/DevExpress/DevExtreme/actions/runs/33142316600/job/98756797921
"28.08.26, 04:44:35",98756797923,33142316600,1,TestCafe tests,scheduler / common (3/3) - fluent,playwright-scheduler-pivotgrid,cancelled,Use Node.js,https://github.com/DevExpress/DevExtreme/actions/runs/33142316600/job/98756797923
"28.08.26, 04:44:35",98756797926,33142316600,1,TestCafe tests,navigation - fluent,playwright-scheduler-pivotgrid,cancelled,Use Node.js,https://github.com/DevExpress/DevExtreme/actions/runs/33142316600/job/98756797926
"28.08.26, 04:44:35",98756797957,33142316600,1,TestCafe tests,scheduler / viewOffset (1/2) - fluent,playwright-scheduler-pivotgrid,cancelled,Use Node.js,https://github.com/DevExpress/DevExtreme/actions/runs/33142316600/job/98756797957
"28.08.26, 04:44:35",98756797961,33142316600,1,TestCafe tests,scheduler / timezones (America/Los_Angeles) - fluent,playwright-scheduler-pivotgrid,cancelled,Use Node.js,https://github.com/DevExpress/DevExtreme/actions/runs/33142316600/job/98756797961
"28.08.26, 04:44:35",98756797988,33142316600,1,TestCafe tests,dataGrid (4/4) - fluent,playwright-scheduler-pivotgrid,cancelled,Use Node.js,https://github.com/DevExpress/DevExtreme/actions/runs/33142316600/job/98756797988
"28.08.26, 04:45:03",98756867572,33142316600,1,TestCafe tests,quarantine,playwright-scheduler-pivotgrid,cancelled,,https://github.com/DevExpress/DevExtreme/actions/runs/33142316600/job/98756867572
"28.08.26, 04:45:03",98756867923,33142316600,1,TestCafe tests,Send notifications,playwright-scheduler-pivotgrid,cancelled,,https://github.com/DevExpress/DevExtreme/actions/runs/33142316600/job/98756867923
"28.08.26, 04:28:36",98754407178,33141792935,1,TestCafe tests,scheduler / common (1/3) - fluent,playwright-scheduler-pivotgrid,cancelled,,https://github.com/DevExpress/DevExtreme/actions/runs/33141792935/job/98754407178
"28.08.26, 04:41:57",98756395433,33141792935,1,TestCafe tests,quarantine,playwright-scheduler-pivotgrid,cancelled,,https://github.com/DevExpress/DevExtreme/actions/runs/33141792935/job/98756395433
"28.08.26, 04:41:57",98756395456,33141792935,1,TestCafe tests,Send notifications,playwright-scheduler-pivotgrid,cancelled,,https://github.com/DevExpress/DevExtreme/actions/runs/33141792935/job/98756395456
"28.08.26, 04:24:43",98753840361,33141623063,1,TestCafe tests,common - fluent,playwright-scheduler-pivotgrid,cancelled,Install dependencies,https://github.com/DevExpress/DevExtreme/actions/runs/33141623063/job/98753840361
"28.08.26, 04:24:43",98753840371,33141623063,1,TestCafe tests,material - compact,playwright-scheduler-pivotgrid,cancelled,Install dependencies,https://github.com/DevExpress/DevExtreme/actions/runs/33141623063/job/98753840371
"28.08.26, 04:24:43",98753840380,33141623063,1,TestCafe tests,dataGrid (1/4) - fluent,playwright-scheduler-pivotgrid,cancelled,Install dependencies,https://github.com/DevExpress/DevExtreme/actions/runs/33141623063/job/98753840380
"28.08.26, 04:24:43",98753840395,33141623063,1,TestCafe tests,accessibility - fluent,playwright-scheduler-pivotgrid,cancelled,Install dependencies,https://github.com/DevExpress/DevExtreme/actions/runs/33141623063/job/98753840395
"28.08.26, 04:24:43",98753840400,33141623063,1,TestCafe tests,scheduler / timezones (America/Los_Angeles) - fluent,playwright-scheduler-pivotgrid,cancelled,Install dependencies,https://github.com/DevExpress/DevExtreme/actions/runs/33141623063/job/98753840400
"28.08.26, 04:24:43",98753840403,33141623063,1,TestCafe tests,dataGrid (3/4) - fluent,playwright-scheduler-pivotgrid,cancelled,Install dependencies,https://github.com/DevExpress/DevExtreme/actions/runs/33141623063/job/98753840403
"28.08.26, 04:24:43",98753840410,33141623063,1,TestCafe tests,generic,playwright-scheduler-pivotgrid,cancelled,Install dependencies,https://github.com/DevExpress/DevExtreme/actions/runs/33141623063/job/98753840410
"28.08.26, 04:24:43",98753840420,33141623063,1,TestCafe tests,material,playwright-scheduler-pivotgrid,cancelled,Restore pnpm cache,https://github.com/DevExpress/DevExtreme/actions/runs/33141623063/job/98753840420
"28.08.26, 04:24:43",98753840424,33141623063,1,TestCafe tests,scheduler / viewOffset (1/2) - fluent,playwright-scheduler-pivotgrid,cancelled,Install dependencies,https://github.com/DevExpress/DevExtreme/actions/runs/33141623063/job/98753840424
"28.08.26, 04:24:43",98753840427,33141623063,1,TestCafe tests,navigation - fluent,playwright-scheduler-pivotgrid,cancelled,Install dependencies,https://github.com/DevExpress/DevExtreme/actions/runs/33141623063/job/98753840427
"28.08.26, 04:24:43",98753840429,33141623063,1,TestCafe tests,scheduler / common (1/3) - fluent,playwright-scheduler-pivotgrid,cancelled,Install dependencies,https://github.com/DevExpress/DevExtreme/actions/runs/33141623063/job/98753840429
"28.08.26, 04:24:43",98753840435,33141623063,1,TestCafe tests,scheduler / common (3/3) - fluent,playwright-scheduler-pivotgrid,cancelled,Install dependencies,https://github.com/DevExpress/DevExtreme/actions/runs/33141623063/job/98753840435
"28.08.26, 04:24:43",98753840442,33141623063,1,TestCafe tests,dataGrid (2/4) - fluent,playwright-scheduler-pivotgrid,cancelled,Install dependencies,https://github.com/DevExpress/DevExtreme/actions/runs/33141623063/job/98753840442
"28.08.26, 04:24:43",98753840450,33141623063,1,TestCafe tests,dataGrid (4/4) - fluent,playwright-scheduler-pivotgrid,cancelled,Install dependencies,https://github.com/DevExpress/DevExtreme/actions/runs/33141623063/job/98753840450
"28.08.26, 04:24:43",98753840461,33141623063,1,TestCafe tests,cardView - fluent,playwright-scheduler-pivotgrid,cancelled,Install dependencies,https://github.com/DevExpress/DevExtreme/actions/runs/33141623063/job/98753840461
"28.08.26, 04:24:43",98753840466,33141623063,1,TestCafe tests,scheduler / timezones (Europe/Berlin) - fluent,playwright-scheduler-pivotgrid,cancelled,Install dependencies,https://github.com/DevExpress/DevExtreme/actions/runs/33141623063/job/98753840466
"28.08.26, 04:24:43",98753840485,33141623063,1,TestCafe tests,editors - fluent,playwright-scheduler-pivotgrid,cancelled,Install dependencies,https://github.com/DevExpress/DevExtreme/actions/runs/33141623063/job/98753840485
"28.08.26, 04:24:43",98753840531,33141623063,1,TestCafe tests,scheduler / common (2/3) - fluent,playwright-scheduler-pivotgrid,cancelled,Install dependencies,https://github.com/DevExpress/DevExtreme/actions/runs/33141623063/job/98753840531
"28.08.26, 04:24:43",98753840553,33141623063,1,TestCafe tests,scheduler / viewOffset (2/2) - fluent,playwright-scheduler-pivotgrid,cancelled,Install dependencies,https://github.com/DevExpress/DevExtreme/actions/runs/33141623063/job/98753840553
"28.08.26, 04:26:10",98754052091,33141623063,1,TestCafe tests,quarantine,playwright-scheduler-pivotgrid,cancelled,,https://github.com/DevExpress/DevExtreme/actions/runs/33141623063/job/98754052091
"28.08.26, 04:26:10",98754052372,33141623063,1,TestCafe tests,Send notifications,playwright-scheduler-pivotgrid,cancelled,,https://github.com/DevExpress/DevExtreme/actions/runs/33141623063/job/98754052372
"28.08.26, 02:04:26",98732241191,33134777822,1,TestCafe tests,Build DevExtreme,playwright-components-infra,cancelled,Show nx cache contents before save,https://github.com/DevExpress/DevExtreme/actions/runs/33134777822/job/98732241191
"28.08.26, 02:06:37",98732586781,33134777822,1,TestCafe tests,${{ matrix.name }}${{ ((!matrix.theme && ' - fluent') || '') }},playwright-components-infra,cancelled,,https://github.com/DevExpress/DevExtreme/actions/runs/33134777822/job/98732586781
"28.08.26, 02:06:37",98732587177,33134777822,1,TestCafe tests,quarantine,playwright-components-infra,cancelled,,https://github.com/DevExpress/DevExtreme/actions/runs/33134777822/job/98732587177
"28.08.26, 02:06:37",98732587661,33134777822,1,TestCafe tests,Send notifications,playwright-components-infra,cancelled,,https://github.com/DevExpress/DevExtreme/actions/runs/33134777822/job/98732587661
"28.08.26, 02:04:22",98732230786,33134671651,1,TestCafe tests,accessibility - fluent,playwright-scheduler-pivotgrid,cancelled,Use Node.js,https://github.com/DevExpress/DevExtreme/actions/runs/33134671651/job/98732230786
"28.08.26, 02:04:22",98732230797,33134671651,1,TestCafe tests,scheduler / common (2/3) - fluent,playwright-scheduler-pivotgrid,cancelled,Use Node.js,https://github.com/DevExpress/DevExtreme/actions/runs/33134671651/job/98732230797
"28.08.26, 02:04:22",98732230809,33134671651,1,TestCafe tests,material - compact,playwright-scheduler-pivotgrid,cancelled,Use Node.js,https://github.com/DevExpress/DevExtreme/actions/runs/33134671651/job/98732230809
"28.08.26, 02:04:22",98732230812,33134671651,1,TestCafe tests,common - fluent,playwright-scheduler-pivotgrid,cancelled,Use Node.js,https://github.com/DevExpress/DevExtreme/actions/runs/33134671651/job/98732230812
"28.08.26, 02:04:22",98732230823,33134671651,1,TestCafe tests,cardView - fluent,playwright-scheduler-pivotgrid,cancelled,Use Node.js,https://github.com/DevExpress/DevExtreme/actions/runs/33134671651/job/98732230823
"28.08.26, 02:04:22",98732230837,33134671651,1,TestCafe tests,editors - fluent,playwright-scheduler-pivotgrid,cancelled,Unpack artifacts,https://github.com/DevExpress/DevExtreme/actions/runs/33134671651/job/98732230837
"28.08.26, 02:04:22",98732230839,33134671651,1,TestCafe tests,generic,playwright-scheduler-pivotgrid,cancelled,Use Node.js,https://github.com/DevExpress/DevExtreme/actions/runs/33134671651/job/98732230839
"28.08.26, 02:04:22",98732230842,33134671651,1,TestCafe tests,dataGrid (3/4) - fluent,playwright-scheduler-pivotgrid,cancelled,Use Node.js,https://github.com/DevExpress/DevExtreme/actions/runs/33134671651/job/98732230842
"28.08.26, 02:04:22",98732230846,33134671651,1,TestCafe tests,scheduler / common (3/3) - fluent,playwright-scheduler-pivotgrid,cancelled,Use Node.js,https://github.com/DevExpress/DevExtreme/actions/runs/33134671651/job/98732230846
"28.08.26, 02:04:22",98732230848,33134671651,1,TestCafe tests,scheduler / timezones (America/Los_Angeles) - fluent,playwright-scheduler-pivotgrid,cancelled,Use Node.js,https://github.com/DevExpress/DevExtreme/actions/runs/33134671651/job/98732230848
"28.08.26, 02:04:22",98732230856,33134671651,1,TestCafe tests,dataGrid (2/4) - fluent,playwright-scheduler-pivotgrid,cancelled,Use Node.js,https://github.com/DevExpress/DevExtreme/actions/runs/33134671651/job/98732230856
"28.08.26, 02:04:22",98732230865,33134671651,1,TestCafe tests,material,playwright-scheduler-pivotgrid,cancelled,Use Node.js,https://github.com/DevExpress/DevExtreme/actions/runs/33134671651/job/98732230865
"28.08.26, 02:04:22",98732230873,33134671651,1,TestCafe tests,scheduler / viewOffset (1/2) - fluent,playwright-scheduler-pivotgrid,cancelled,Use Node.js,https://github.com/DevExpress/DevExtreme/actions/runs/33134671651/job/98732230873
"28.08.26, 02:04:22",98732230874,33134671651,1,TestCafe tests,dataGrid (1/4) - fluent,playwright-scheduler-pivotgrid,cancelled,Download artifacts,https://github.com/DevExpress/DevExtreme/actions/runs/33134671651/job/98732230874
"28.08.26, 02:04:22",98732230877,33134671651,1,TestCafe tests,dataGrid (4/4) - fluent,playwright-scheduler-pivotgrid,cancelled,Use Node.js,https://github.com/DevExpress/DevExtreme/actions/runs/33134671651/job/98732230877
"28.08.26, 02:04:22",98732230887,33134671651,1,TestCafe tests,navigation - fluent,playwright-scheduler-pivotgrid,cancelled,Unpack artifacts,https://github.com/DevExpress/DevExtreme/actions/runs/33134671651/job/98732230887
"28.08.26, 02:04:22",98732230907,33134671651,1,TestCafe tests,scheduler / common (1/3) - fluent,playwright-scheduler-pivotgrid,cancelled,Use Node.js,https://github.com/DevExpress/DevExtreme/actions/runs/33134671651/job/98732230907
"28.08.26, 02:04:22",98732230929,33134671651,1,TestCafe tests,scheduler / viewOffset (2/2) - fluent,playwright-scheduler-pivotgrid,cancelled,Use Node.js,https://github.com/DevExpress/DevExtreme/actions/runs/33134671651/job/98732230929
"28.08.26, 02:04:22",98732231003,33134671651,1,TestCafe tests,scheduler / timezones (Europe/Berlin) - fluent,playwright-scheduler-pivotgrid,cancelled,Unpack artifacts,https://github.com/DevExpress/DevExtreme/actions/runs/33134671651/job/98732231003
"28.08.26, 02:05:52",98732468331,33134671651,1,TestCafe tests,quarantine,playwright-scheduler-pivotgrid,cancelled,,https://github.com/DevExpress/DevExtreme/actions/runs/33134671651/job/98732468331
"28.08.26, 02:05:52",98732468619,33134671651,1,TestCafe tests,Send notifications,playwright-scheduler-pivotgrid,cancelled,,https://github.com/DevExpress/DevExtreme/actions/runs/33134671651/job/98732468619
"28.08.26, 09:27:42",98810116755,33159458443,1,Themebuilder and Styles tests,test,playwright-scheduler-pivotgrid,cancelled,Post Setup pnpm cache,https://github.com/DevExpress/DevExtreme/actions/runs/33159458443/job/98810116755
"28.08.26, 09:29:40",98810554987,33159458443,1,Themebuilder and Styles tests,Send notifications,playwright-scheduler-pivotgrid,cancelled,,https://github.com/DevExpress/DevExtreme/actions/runs/33159458443/job/98810554987
"28.08.26, 09:23:01",98809056381,33159133441,1,Themebuilder and Styles tests,test,playwright-scheduler-pivotgrid,cancelled,Setup pnpm cache,https://github.com/DevExpress/DevExtreme/actions/runs/33159133441/job/98809056381
"28.08.26, 09:23:36",98809189797,33159133441,1,Themebuilder and Styles tests,Send notifications,playwright-scheduler-pivotgrid,cancelled,,https://github.com/DevExpress/DevExtreme/actions/runs/33159133441/job/98809189797
"28.08.26, 09:05:26",98805073095,33157907174,1,Themebuilder and Styles tests,test,playwright-scheduler-pivotgrid,cancelled,Post Setup pnpm cache,https://github.com/DevExpress/DevExtreme/actions/runs/33157907174/job/98805073095
"28.08.26, 09:09:07",98805903589,33157907174,1,Themebuilder and Styles tests,Send notifications,playwright-scheduler-pivotgrid,cancelled,,https://github.com/DevExpress/DevExtreme/actions/runs/33157907174/job/98805903589
"28.08.26, 09:03:31",98804656680,33157797233,1,Themebuilder and Styles tests,test,playwright-scheduler-pivotgrid,cancelled,Install dependencies,https://github.com/DevExpress/DevExtreme/actions/runs/33157797233/job/98804656680
"28.08.26, 09:05:26",98805072720,33157797233,1,Themebuilder and Styles tests,Send notifications,playwright-scheduler-pivotgrid,cancelled,,https://github.com/DevExpress/DevExtreme/actions/runs/33157797233/job/98805072720
"28.08.26, 06:47:42",98776837785,33149146281,1,Themebuilder and Styles tests,test,typescript/events/es6_emitters,cancelled,Use Node.js,https://github.com/DevExpress/DevExtreme/actions/runs/33149146281/job/98776837785
"28.08.26, 06:48:06",98776905904,33149146281,1,Themebuilder and Styles tests,Send notifications,typescript/events/es6_emitters,cancelled,,https://github.com/DevExpress/DevExtreme/actions/runs/33149146281/job/98776905904
"28.08.26, 05:41:36",98765578456,33145516454,1,Themebuilder and Styles tests,test,playwright-scheduler-pivotgrid,cancelled,Install dependencies,https://github.com/DevExpress/DevExtreme/actions/runs/33145516454/job/98765578456
"28.08.26, 05:43:46",98765919107,33145516454,1,Themebuilder and Styles tests,Send notifications,playwright-scheduler-pivotgrid,cancelled,,https://github.com/DevExpress/DevExtreme/actions/runs/33145516454/job/98765919107
"28.08.26, 05:39:31",98765246548,33145424171,1,Themebuilder and Styles tests,test,playwright-scheduler-pivotgrid,cancelled,Install dependencies,https://github.com/DevExpress/DevExtreme/actions/runs/33145424171/job/98765246548
"28.08.26, 05:41:36",98765577632,33145424171,1,Themebuilder and Styles tests,Send notifications,playwright-scheduler-pivotgrid,cancelled,,https://github.com/DevExpress/DevExtreme/actions/runs/33145424171/job/98765577632
"28.08.26, 05:27:18",98763395736,33144810338,1,Themebuilder and Styles tests,test,playwright-scheduler-pivotgrid,cancelled,Setup pnpm cache,https://github.com/DevExpress/DevExtreme/actions/runs/33144810338/job/98763395736
"28.08.26, 05:27:47",98763468262,33144810338,1,Themebuilder and Styles tests,Send notifications,playwright-scheduler-pivotgrid,cancelled,,https://github.com/DevExpress/DevExtreme/actions/runs/33144810338/job/98763468262
"28.08.26, 02:04:09",98732197808,33134777803,1,Themebuilder and Styles tests,test,playwright-components-infra,cancelled,Install dependencies,https://github.com/DevExpress/DevExtreme/actions/runs/33134777803/job/98732197808
"28.08.26, 02:06:35",98732583268,33134777803,1,Themebuilder and Styles tests,Send notifications,playwright-components-infra,cancelled,,https://github.com/DevExpress/DevExtreme/actions/runs/33134777803/job/98732583268
"28.08.26, 09:27:41",98810116518,33159458532,1,TS Declarations,validate-declarations,playwright-scheduler-pivotgrid,cancelled,Validate declarations,https://github.com/DevExpress/DevExtreme/actions/runs/33159458532/job/98810116518
"28.08.26, 09:27:42",98810116766,33159458532,1,TS Declarations,check-ts-bundle,playwright-scheduler-pivotgrid,cancelled,Post Setup pnpm cache,https://github.com/DevExpress/DevExtreme/actions/runs/33159458532/job/98810116766
"28.08.26, 09:29:36",98810541207,33159458532,1,TS Declarations,Send notifications,playwright-scheduler-pivotgrid,cancelled,,https://github.com/DevExpress/DevExtreme/actions/runs/33159458532/job/98810541207
"28.08.26, 09:23:01",98809055911,33159133427,1,TS Declarations,check-ts-bundle,playwright-scheduler-pivotgrid,cancelled,Setup pnpm cache,https://github.com/DevExpress/DevExtreme/actions/runs/33159133427/job/98809055911
"28.08.26, 09:23:01",98809056093,33159133427,1,TS Declarations,validate-declarations,playwright-scheduler-pivotgrid,cancelled,Setup pnpm cache,https://github.com/DevExpress/DevExtreme/actions/runs/33159133427/job/98809056093
"28.08.26, 09:23:37",98809191714,33159133427,1,TS Declarations,Send notifications,playwright-scheduler-pivotgrid,cancelled,,https://github.com/DevExpress/DevExtreme/actions/runs/33159133427/job/98809191714
"28.08.26, 09:03:30",98804656639,33157797193,1,TS Declarations,validate-declarations,playwright-scheduler-pivotgrid,cancelled,Install dependencies,https://github.com/DevExpress/DevExtreme/actions/runs/33157797193/job/98804656639
"28.08.26, 09:03:31",98804656839,33157797193,1,TS Declarations,check-ts-bundle,playwright-scheduler-pivotgrid,cancelled,Install dependencies,https://github.com/DevExpress/DevExtreme/actions/runs/33157797193/job/98804656839
"28.08.26, 09:05:26",98805073335,33157797193,1,TS Declarations,Send notifications,playwright-scheduler-pivotgrid,cancelled,,https://github.com/DevExpress/DevExtreme/actions/runs/33157797193/job/98805073335
"28.08.26, 06:47:42",98776837569,33149146252,1,TS Declarations,check-ts-bundle,typescript/events/es6_emitters,cancelled,Run pnpm/action-setup@v6,https://github.com/DevExpress/DevExtreme/actions/runs/33149146252/job/98776837569
"28.08.26, 06:47:42",98776837668,33149146252,1,TS Declarations,validate-declarations,typescript/events/es6_emitters,cancelled,Run pnpm/action-setup@v6,https://github.com/DevExpress/DevExtreme/actions/runs/33149146252/job/98776837668
"28.08.26, 06:48:07",98776909090,33149146252,1,TS Declarations,Send notifications,typescript/events/es6_emitters,cancelled,,https://github.com/DevExpress/DevExtreme/actions/runs/33149146252/job/98776909090
"28.08.26, 05:41:20",98765534752,33145516435,1,TS Declarations,check-ts-bundle,playwright-scheduler-pivotgrid,cancelled,Check dx.all.d.ts is up-to-date,https://github.com/DevExpress/DevExtreme/actions/runs/33145516435/job/98765534752
"28.08.26, 05:43:52",98765933554,33145516435,1,TS Declarations,Send notifications,playwright-scheduler-pivotgrid,cancelled,,https://github.com/DevExpress/DevExtreme/actions/runs/33145516435/job/98765933554
"28.08.26, 05:27:18",98763396575,33144810356,1,TS Declarations,validate-declarations,playwright-scheduler-pivotgrid,cancelled,Use Node.js,https://github.com/DevExpress/DevExtreme/actions/runs/33144810356/job/98763396575
"28.08.26, 05:27:18",98763396723,33144810356,1,TS Declarations,check-ts-bundle,playwright-scheduler-pivotgrid,cancelled,Setup pnpm cache,https://github.com/DevExpress/DevExtreme/actions/runs/33144810356/job/98763396723
"28.08.26, 05:27:48",98763469034,33144810356,1,TS Declarations,Send notifications,playwright-scheduler-pivotgrid,cancelled,,https://github.com/DevExpress/DevExtreme/actions/runs/33144810356/job/98763469034
"28.08.26, 02:04:09",98732197603,33134777767,1,TS Declarations,validate-declarations,playwright-components-infra,cancelled,Install dependencies,https://github.com/DevExpress/DevExtreme/actions/runs/33134777767/job/98732197603
"28.08.26, 02:04:09",98732197735,33134777767,1,TS Declarations,check-ts-bundle,playwright-components-infra,cancelled,Install dependencies,https://github.com/DevExpress/DevExtreme/actions/runs/33134777767/job/98732197735
"28.08.26, 02:06:37",98732587120,33134777767,1,TS Declarations,Send notifications,playwright-components-infra,cancelled,,https://github.com/DevExpress/DevExtreme/actions/runs/33134777767/job/98732587120
"28.08.26, 18:56:58",98952257591,33201152859,1,Demos Visual Tests,CSP check (jQuery),typescript/events/observer_cleanup,failure,,https://github.com/DevExpress/DevExtreme/actions/runs/33201152859/job/98952257591
"28.08.26, 18:51:27",98950836722,33200506923,1,Demos Visual Tests,jquery(2/3)-screenshots-material.blue.light,fluent-next/component-tier,failure,Run TestCafe tests (jQuery),https://github.com/DevExpress/DevExtreme/actions/runs/33200506923/job/98950836722
"28.08.26, 18:51:27",98950836737,33200506923,1,Demos Visual Tests,jquery-accessibility-fluent-next.blue.dark,fluent-next/component-tier,failure,Run TestCafe tests (jQuery),https://github.com/DevExpress/DevExtreme/actions/runs/33200506923/job/98950836737
"28.08.26, 18:51:27",98950836755,33200506923,1,Demos Visual Tests,jquery(1/3)-screenshots-fluent-next.blue.light,fluent-next/component-tier,failure,Run TestCafe tests (jQuery),https://github.com/DevExpress/DevExtreme/actions/runs/33200506923/job/98950836755
"28.08.26, 18:51:27",98950836756,33200506923,1,Demos Visual Tests,jquery(3/3)-screenshots-fluent-next.blue.light,fluent-next/component-tier,failure,Run TestCafe tests (jQuery),https://github.com/DevExpress/DevExtreme/actions/runs/33200506923/job/98950836756
"28.08.26, 18:51:27",98950836829,33200506923,1,Demos Visual Tests,jquery(2/3)-screenshots-fluent-next.blue.light,fluent-next/component-tier,failure,Run TestCafe tests (jQuery),https://github.com/DevExpress/DevExtreme/actions/runs/33200506923/job/98950836829
"28.08.26, 18:51:27",98950836840,33200506923,1,Demos Visual Tests,jquery(1/3)-screenshots-material.blue.light,fluent-next/component-tier,failure,Run TestCafe tests (jQuery),https://github.com/DevExpress/DevExtreme/actions/runs/33200506923/job/98950836840
"28.08.26, 18:51:27",98950836868,33200506923,1,Demos Visual Tests,jquery(2/3)-screenshots-fluent.blue.light,fluent-next/component-tier,failure,Run TestCafe tests (jQuery),https://github.com/DevExpress/DevExtreme/actions/runs/33200506923/job/98950836868
"28.08.26, 18:51:27",98950836933,33200506923,1,Demos Visual Tests,jquery(1/3)-screenshots-fluent.blue.light,fluent-next/component-tier,failure,Run TestCafe tests (jQuery),https://github.com/DevExpress/DevExtreme/actions/runs/33200506923/job/98950836933
"28.08.26, 18:56:01",98952008009,33200506923,1,Demos Visual Tests,vue(5/5)-screenshots-fluent.blue.light,fluent-next/component-tier,failure,Run TestCafe tests,https://github.com/DevExpress/DevExtreme/actions/runs/33200506923/job/98952008009
"28.08.26, 18:56:02",98952008025,33200506923,1,Demos Visual Tests,vue(2/5)-screenshots-fluent-next.blue.light,fluent-next/component-tier,failure,Run TestCafe tests,https://github.com/DevExpress/DevExtreme/actions/runs/33200506923/job/98952008025
"28.08.26, 18:56:02",98952008039,33200506923,1,Demos Visual Tests,react(3/3)-screenshots-fluent-next.blue.light,fluent-next/component-tier,failure,Run TestCafe tests,https://github.com/DevExpress/DevExtreme/actions/runs/33200506923/job/98952008039
"28.08.26, 18:56:02",98952008042,33200506923,1,Demos Visual Tests,angular(2/10)-screenshots-fluent.blue.light,fluent-next/component-tier,failure,Run TestCafe tests,https://github.com/DevExpress/DevExtreme/actions/runs/33200506923/job/98952008042
"28.08.26, 18:56:02",98952008061,33200506923,1,Demos Visual Tests,vue(1/5)-screenshots-fluent.blue.light,fluent-next/component-tier,failure,Run TestCafe tests,https://github.com/DevExpress/DevExtreme/actions/runs/33200506923/job/98952008061
"28.08.26, 18:56:02",98952008067,33200506923,1,Demos Visual Tests,angular(2/10)-screenshots-fluent-next.blue.light,fluent-next/component-tier,failure,Run TestCafe tests,https://github.com/DevExpress/DevExtreme/actions/runs/33200506923/job/98952008067
"28.08.26, 18:56:02",98952008070,33200506923,1,Demos Visual Tests,vue(4/5)-screenshots-fluent.blue.light,fluent-next/component-tier,failure,Run TestCafe tests,https://github.com/DevExpress/DevExtreme/actions/runs/33200506923/job/98952008070
"28.08.26, 18:56:02",98952008071,33200506923,1,Demos Visual Tests,react(1/3)-screenshots-fluent.blue.light,fluent-next/component-tier,failure,Run TestCafe tests,https://github.com/DevExpress/DevExtreme/actions/runs/33200506923/job/98952008071
"28.08.26, 18:56:02",98952008073,33200506923,1,Demos Visual Tests,vue(4/5)-screenshots-fluent-next.blue.light,fluent-next/component-tier,failure,Run TestCafe tests,https://github.com/DevExpress/DevExtreme/actions/runs/33200506923/job/98952008073
"28.08.26, 18:56:02",98952008074,33200506923,1,Demos Visual Tests,angular(3/10)-screenshots-fluent.blue.light,fluent-next/component-tier,failure,Run TestCafe tests,https://github.com/DevExpress/DevExtreme/actions/runs/33200506923/job/98952008074
"28.08.26, 18:56:02",98952008075,33200506923,1,Demos Visual Tests,react(2/3)-screenshots-fluent.blue.light,fluent-next/component-tier,failure,Run TestCafe tests,https://github.com/DevExpress/DevExtreme/actions/runs/33200506923/job/98952008075
"28.08.26, 18:56:02",98952008086,33200506923,1,Demos Visual Tests,angular(6/10)-screenshots-fluent.blue.light,fluent-next/component-tier,failure,Run TestCafe tests,https://github.com/DevExpress/DevExtreme/actions/runs/33200506923/job/98952008086
"28.08.26, 18:56:02",98952008092,33200506923,1,Demos Visual Tests,angular(4/10)-screenshots-fluent.blue.light,fluent-next/component-tier,failure,Run TestCafe tests,https://github.com/DevExpress/DevExtreme/actions/runs/33200506923/job/98952008092
"28.08.26, 18:56:02",98952008100,33200506923,1,Demos Visual Tests,vue(5/5)-screenshots-fluent-next.blue.light,fluent-next/component-tier,failure,Run TestCafe tests,https://github.com/DevExpress/DevExtreme/actions/runs/33200506923/job/98952008100
"28.08.26, 18:56:02",98952008103,33200506923,1,Demos Visual Tests,react(2/3)-screenshots-fluent-next.blue.light,fluent-next/component-tier,failure,Run TestCafe tests,https://github.com/DevExpress/DevExtreme/actions/runs/33200506923/job/98952008103
"28.08.26, 18:56:02",98952008105,33200506923,1,Demos Visual Tests,react(1/3)-screenshots-fluent-next.blue.light,fluent-next/component-tier,failure,Run TestCafe tests,https://github.com/DevExpress/DevExtreme/actions/runs/33200506923/job/98952008105
"28.08.26, 18:56:02",98952008124,33200506923,1,Demos Visual Tests,angular(4/10)-screenshots-fluent-next.blue.light,fluent-next/component-tier,failure,Run TestCafe tests,https://github.com/DevExpress/DevExtreme/actions/runs/33200506923/job/98952008124
"28.08.26, 18:56:02",98952008132,33200506923,1,Demos Visual Tests,vue(2/5)-screenshots-fluent.blue.light,fluent-next/component-tier,failure,Run TestCafe tests,https://github.com/DevExpress/DevExtreme/actions/runs/33200506923/job/98952008132
"28.08.26, 18:56:02",98952008138,33200506923,1,Demos Visual Tests,angular(5/10)-screenshots-fluent-next.blue.light,fluent-next/component-tier,failure,Run TestCafe tests,https://github.com/DevExpress/DevExtreme/actions/runs/33200506923/job/98952008138
"28.08.26, 18:56:02",98952008146,33200506923,1,Demos Visual Tests,angular(7/10)-screenshots-fluent-next.blue.light,fluent-next/component-tier,failure,Run TestCafe tests,https://github.com/DevExpress/DevExtreme/actions/runs/33200506923/job/98952008146
"28.08.26, 18:56:02",98952008165,33200506923,1,Demos Visual Tests,vue(1/5)-screenshots-fluent-next.blue.light,fluent-next/component-tier,failure,Run TestCafe tests,https://github.com/DevExpress/DevExtreme/actions/runs/33200506923/job/98952008165
"28.08.26, 18:56:02",98952008174,33200506923,1,Demos Visual Tests,vue(3/5)-screenshots-fluent.blue.light,fluent-next/component-tier,failure,Run TestCafe tests,https://github.com/DevExpress/DevExtreme/actions/runs/33200506923/job/98952008174
"28.08.26, 18:56:02",98952008179,33200506923,1,Demos Visual Tests,angular(6/10)-screenshots-fluent-next.blue.light,fluent-next/component-tier,failure,Run TestCafe tests,https://github.com/DevExpress/DevExtreme/actions/runs/33200506923/job/98952008179
"28.08.26, 18:56:02",98952008233,33200506923,1,Demos Visual Tests,angular(7/10)-screenshots-fluent.blue.light,fluent-next/component-tier,failure,Run TestCafe tests,https://github.com/DevExpress/DevExtreme/actions/runs/33200506923/job/98952008233
"28.08.26, 18:56:02",98952008387,33200506923,1,Demos Visual Tests,angular(10/10)-screenshots-fluent.blue.light,fluent-next/component-tier,failure,Run TestCafe tests,https://github.com/DevExpress/DevExtreme/actions/runs/33200506923/job/98952008387
"28.08.26, 18:56:02",98952008523,33200506923,1,Demos Visual Tests,angular(10/10)-screenshots-fluent-next.blue.light,fluent-next/component-tier,failure,Run TestCafe tests,https://github.com/DevExpress/DevExtreme/actions/runs/33200506923/job/98952008523
"28.08.26, 16:42:22",98916909329,33190493142,1,Demos Visual Tests,jquery(1/3)-screenshots-fluent-next.blue.light,fluent-next/component-tier,failure,Run TestCafe tests (jQuery),https://github.com/DevExpress/DevExtreme/actions/runs/33190493142/job/98916909329
"28.08.26, 16:42:22",98916909500,33190493142,1,Demos Visual Tests,jquery(3/3)-screenshots-fluent-next.blue.light,fluent-next/component-tier,failure,Run TestCafe tests (jQuery),https://github.com/DevExpress/DevExtreme/actions/runs/33190493142/job/98916909500
"28.08.26, 16:46:55",98918147546,33190493142,1,Demos Visual Tests,react(3/3)-screenshots-fluent-next.blue.light,fluent-next/component-tier,failure,Run TestCafe tests,https://github.com/DevExpress/DevExtreme/actions/runs/33190493142/job/98918147546
"28.08.26, 16:46:55",98918147576,33190493142,1,Demos Visual Tests,angular(3/10)-screenshots-fluent-next.blue.light,fluent-next/component-tier,failure,Run TestCafe tests,https://github.com/DevExpress/DevExtreme/actions/runs/33190493142/job/98918147576
"28.08.26, 16:46:55",98918147581,33190493142,1,Demos Visual Tests,vue(4/5)-screenshots-fluent-next.blue.light,fluent-next/component-tier,failure,Run TestCafe tests,https://github.com/DevExpress/DevExtreme/actions/runs/33190493142/job/98918147581
"28.08.26, 16:46:55",98918147585,33190493142,1,Demos Visual Tests,vue(3/5)-screenshots-fluent-next.blue.light,fluent-next/component-tier,failure,Run TestCafe tests,https://github.com/DevExpress/DevExtreme/actions/runs/33190493142/job/98918147585
"28.08.26, 16:46:55",98918147622,33190493142,1,Demos Visual Tests,angular(4/10)-screenshots-fluent-next.blue.light,fluent-next/component-tier,failure,Run TestCafe tests,https://github.com/DevExpress/DevExtreme/actions/runs/33190493142/job/98918147622
"28.08.26, 16:46:55",98918147628,33190493142,1,Demos Visual Tests,react(1/3)-screenshots-fluent-next.blue.light,fluent-next/component-tier,failure,Run TestCafe tests,https://github.com/DevExpress/DevExtreme/actions/runs/33190493142/job/98918147628
"28.08.26, 16:46:55",98918147648,33190493142,1,Demos Visual Tests,angular(5/10)-screenshots-fluent-next.blue.light,fluent-next/component-tier,failure,Run TestCafe tests,https://github.com/DevExpress/DevExtreme/actions/runs/33190493142/job/98918147648
"28.08.26, 16:46:55",98918147669,33190493142,1,Demos Visual Tests,vue(5/5)-screenshots-fluent-next.blue.light,fluent-next/component-tier,failure,Run TestCafe tests,https://github.com/DevExpress/DevExtreme/actions/runs/33190493142/job/98918147669
"28.08.26, 14:33:18",98880989904,33180142427,1,Demos Visual Tests,jquery(2/3)-screenshots-fluent-next.blue.light,fluent-next/component-tier,failure,Run TestCafe tests (jQuery),https://github.com/DevExpress/DevExtreme/actions/runs/33180142427/job/98880989904
"28.08.26, 14:33:18",98880989994,33180142427,1,Demos Visual Tests,jquery(1/3)-screenshots-fluent-next.blue.light,fluent-next/component-tier,failure,Run TestCafe tests (jQuery),https://github.com/DevExpress/DevExtreme/actions/runs/33180142427/job/98880989994
"28.08.26, 14:33:18",98880990009,33180142427,1,Demos Visual Tests,jquery(3/3)-screenshots-fluent-next.blue.light,fluent-next/component-tier,failure,Run TestCafe tests (jQuery),https://github.com/DevExpress/DevExtreme/actions/runs/33180142427/job/98880990009
"28.08.26, 13:40:17",98866228537,33176380454,1,Demos Visual Tests,Build DevExtreme,feature/remove-systemjs-from-demos,cancelled,DevExtreme - Build-all,https://github.com/DevExpress/DevExtreme/actions/runs/33176380454/job/98866228537
"28.08.26, 13:44:18",98867313276,33176380454,1,Demos Visual Tests,Check TS and lint code base,feature/remove-systemjs-from-demos,cancelled,,https://github.com/DevExpress/DevExtreme/actions/runs/33176380454/job/98867313276
"28.08.26, 13:44:18",98867313439,33176380454,1,Demos Visual Tests,"matrix.SHARD_TOTAL == 1 && format('CSP check ({0})', matrix.FRAMEWORK) || format('CSP check ({0} {1}/{2})', matrix.FRAMEWORK, matrix.SHARD_INDEX, matrix.SHARD_TOTAL)",feature/remove-systemjs-from-demos,cancelled,,https://github.com/DevExpress/DevExtreme/actions/runs/33176380454/job/98867313439
"28.08.26, 13:44:18",98867313781,33176380454,1,Demos Visual Tests,Check generated demos (changed only),feature/remove-systemjs-from-demos,cancelled,,https://github.com/DevExpress/DevExtreme/actions/runs/33176380454/job/98867313781
"28.08.26, 13:44:18",98867313803,33176380454,1,Demos Visual Tests,${{ matrix.CONSTEL }}-${{ matrix.STRATEGY }}-${{ matrix.THEME }},feature/remove-systemjs-from-demos,cancelled,,https://github.com/DevExpress/DevExtreme/actions/runs/33176380454/job/98867313803
"28.08.26, 13:44:18",98867313864,33176380454,1,Demos Visual Tests,Check generated demos,feature/remove-systemjs-from-demos,cancelled,,https://github.com/DevExpress/DevExtreme/actions/runs/33176380454/job/98867313864
"28.08.26, 13:44:18",98867313918,33176380454,1,Demos Visual Tests,"Build vendor bundles (React, Vue)",feature/remove-systemjs-from-demos,cancelled,,https://github.com/DevExpress/DevExtreme/actions/runs/33176380454/job/98867313918
"28.08.26, 13:44:18",98867313926,33176380454,1,Demos Visual Tests,CSP check (jQuery),feature/remove-systemjs-from-demos,cancelled,,https://github.com/DevExpress/DevExtreme/actions/runs/33176380454/job/98867313926
"28.08.26, 13:44:18",98867314447,33176380454,1,Demos Visual Tests,CSP Violations Summary,feature/remove-systemjs-from-demos,cancelled,,https://github.com/DevExpress/DevExtreme/actions/runs/33176380454/job/98867314447
"28.08.26, 13:44:18",98867314703,33176380454,1,Demos Visual Tests,"matrix.SHARD_TOTAL == 1 && format('Build demos ({0})', matrix.FRAMEWORK) || format('Build demos ({0} {1}/{2})', matrix.FRAMEWORK, matrix.SHARD_INDEX, matrix.SHARD_TOTAL)",feature/remove-systemjs-from-demos,cancelled,,https://github.com/DevExpress/DevExtreme/actions/runs/33176380454/job/98867314703
"28.08.26, 13:44:18",98867314853,33176380454,1,Demos Visual Tests,${{ matrix.CONSTEL }}-screenshots-${{ matrix.THEME }},feature/remove-systemjs-from-demos,cancelled,,https://github.com/DevExpress/DevExtreme/actions/runs/33176380454/job/98867314853
"28.08.26, 13:44:18",98867315328,33176380454,1,Demos Visual Tests,${{ matrix.CONSTEL }}-screenshots-${{ matrix.THEME }},feature/remove-systemjs-from-demos,cancelled,,https://github.com/DevExpress/DevExtreme/actions/runs/33176380454/job/98867315328
"28.08.26, 13:44:18",98867315740,33176380454,1,Demos Visual Tests,merge-artifacts,feature/remove-systemjs-from-demos,cancelled,,https://github.com/DevExpress/DevExtreme/actions/runs/33176380454/job/98867315740
"28.08.26, 13:38:59",98865879202,33175813855,1,Demos Visual Tests,jquery-accessibility-fluent-next.blue.dark,fluent-next/ifs,failure,Run TestCafe tests (jQuery),https://github.com/DevExpress/DevExtreme/actions/runs/33175813855/job/98865879202
"28.08.26, 13:05:42",98857360721,33172894231,1,Demos Visual Tests,angular(10/10)-screenshots-fluent.blue.light,26_1,failure,,https://github.com/DevExpress/DevExtreme/actions/runs/33172894231/job/98857360721
"28.08.26, 12:04:48",98843310885,33168606463,1,Demos Visual Tests,angular(2/10)-screenshots-fluent.blue.light,gh-readonly-queue/main/pr-34965-a5d793b0411c27069e5faef0382ce49221611355,failure,Run TestCafe tests,https://github.com/DevExpress/DevExtreme/actions/runs/33168606463/job/98843310885
"28.08.26, 12:04:48",98843310904,33168606463,1,Demos Visual Tests,angular(3/10)-screenshots-fluent.blue.light,gh-readonly-queue/main/pr-34965-a5d793b0411c27069e5faef0382ce49221611355,failure,Run TestCafe tests,https://github.com/DevExpress/DevExtreme/actions/runs/33168606463/job/98843310904
"28.08.26, 12:04:48",98843310966,33168606463,1,Demos Visual Tests,angular(1/10)-screenshots-fluent.blue.light,gh-readonly-queue/main/pr-34965-a5d793b0411c27069e5faef0382ce49221611355,failure,Run TestCafe tests,https://github.com/DevExpress/DevExtreme/actions/runs/33168606463/job/98843310966
"28.08.26, 11:31:26",98836217384,33167007711,1,Demos Visual Tests,Check TS and lint code base,feature/26_2_osm-provider-for-dxmap/viewport-and-interactions,cancelled,,https://github.com/DevExpress/DevExtreme/actions/runs/33167007711/job/98836217384
"28.08.26, 11:31:26",98836217443,33167007711,1,Demos Visual Tests,Build Demos Bundles,feature/26_2_osm-provider-for-dxmap/viewport-and-interactions,cancelled,,https://github.com/DevExpress/DevExtreme/actions/runs/33167007711/job/98836217443
"28.08.26, 11:31:26",98836217485,33167007711,1,Demos Visual Tests,Check generated demos (changed only),feature/26_2_osm-provider-for-dxmap/viewport-and-interactions,cancelled,,https://github.com/DevExpress/DevExtreme/actions/runs/33167007711/job/98836217485
"28.08.26, 11:31:26",98836217495,33167007711,1,Demos Visual Tests,"matrix.SHARD_TOTAL == 1 && format('CSP check ({0})', matrix.FRAMEWORK) || format('CSP check ({0} {1}/{2})', matrix.FRAMEWORK, matrix.SHARD_INDEX, matrix.SHARD_TOTAL)",feature/26_2_osm-provider-for-dxmap/viewport-and-interactions,cancelled,,https://github.com/DevExpress/DevExtreme/actions/runs/33167007711/job/98836217495
"28.08.26, 11:31:26",98836217511,33167007711,1,Demos Visual Tests,${{ matrix.CONSTEL }}-screenshots-${{ matrix.THEME }},feature/26_2_osm-provider-for-dxmap/viewport-and-interactions,cancelled,,https://github.com/DevExpress/DevExtreme/actions/runs/33167007711/job/98836217511
"28.08.26, 11:31:26",98836217542,33167007711,1,Demos Visual Tests,Check generated demos,feature/26_2_osm-provider-for-dxmap/viewport-and-interactions,cancelled,,https://github.com/DevExpress/DevExtreme/actions/runs/33167007711/job/98836217542
"28.08.26, 11:31:26",98836217576,33167007711,1,Demos Visual Tests,${{ matrix.CONSTEL }}-screenshots-${{ matrix.THEME }},feature/26_2_osm-provider-for-dxmap/viewport-and-interactions,cancelled,,https://github.com/DevExpress/DevExtreme/actions/runs/33167007711/job/98836217576
"28.08.26, 11:36:41",98837308993,33167007711,1,Demos Visual Tests,merge-artifacts,feature/26_2_osm-provider-for-dxmap/viewport-and-interactions,cancelled,,https://github.com/DevExpress/DevExtreme/actions/runs/33167007711/job/98837308993
"28.08.26, 10:17:46",98821067294,33161898827,1,Demos Visual Tests,angular(4/10)-screenshots-fluent.blue.light,gh-readonly-queue/main/pr-34926-a5d793b0411c27069e5faef0382ce49221611355,cancelled,Run TestCafe tests,https://github.com/DevExpress/DevExtreme/actions/runs/33161898827/job/98821067294
"28.08.26, 10:17:46",98821067313,33161898827,1,Demos Visual Tests,angular(1/10)-screenshots-fluent.blue.light,gh-readonly-queue/main/pr-34926-a5d793b0411c27069e5faef0382ce49221611355,cancelled,Run TestCafe tests,https://github.com/DevExpress/DevExtreme/actions/runs/33161898827/job/98821067313
"28.08.26, 10:17:46",98821067322,33161898827,1,Demos Visual Tests,angular(5/10)-screenshots-fluent.blue.light,gh-readonly-queue/main/pr-34926-a5d793b0411c27069e5faef0382ce49221611355,cancelled,Run TestCafe tests,https://github.com/DevExpress/DevExtreme/actions/runs/33161898827/job/98821067322
"28.08.26, 10:17:46",98821067357,33161898827,1,Demos Visual Tests,angular(7/10)-screenshots-fluent.blue.light,gh-readonly-queue/main/pr-34926-a5d793b0411c27069e5faef0382ce49221611355,cancelled,Run TestCafe tests,https://github.com/DevExpress/DevExtreme/actions/runs/33161898827/job/98821067357
"28.08.26, 10:17:46",98821067374,33161898827,1,Demos Visual Tests,angular(3/10)-screenshots-fluent.blue.light,gh-readonly-queue/main/pr-34926-a5d793b0411c27069e5faef0382ce49221611355,failure,Run TestCafe tests,https://github.com/DevExpress/DevExtreme/actions/runs/33161898827/job/98821067374
"28.08.26, 10:17:46",98821067391,33161898827,1,Demos Visual Tests,angular(8/10)-screenshots-fluent.blue.light,gh-readonly-queue/main/pr-34926-a5d793b0411c27069e5faef0382ce49221611355,cancelled,Run TestCafe tests,https://github.com/DevExpress/DevExtreme/actions/runs/33161898827/job/98821067391
"28.08.26, 10:17:46",98821067400,33161898827,1,Demos Visual Tests,angular(2/10)-screenshots-fluent.blue.light,gh-readonly-queue/main/pr-34926-a5d793b0411c27069e5faef0382ce49221611355,failure,Run TestCafe tests,https://github.com/DevExpress/DevExtreme/actions/runs/33161898827/job/98821067400
"28.08.26, 10:17:46",98821067415,33161898827,1,Demos Visual Tests,angular(6/10)-screenshots-fluent.blue.light,gh-readonly-queue/main/pr-34926-a5d793b0411c27069e5faef0382ce49221611355,cancelled,Run TestCafe tests,https://github.com/DevExpress/DevExtreme/actions/runs/33161898827/job/98821067415
"28.08.26, 10:16:40",98820839784,33161816984,1,Demos Visual Tests,angular(5/10)-screenshots-fluent.blue.light,gh-readonly-queue/main/pr-34938-df1db078d1f7bc9993131795dc97a7add3a59f55,cancelled,Run TestCafe tests,https://github.com/DevExpress/DevExtreme/actions/runs/33161816984/job/98820839784
"28.08.26, 10:16:40",98820839785,33161816984,1,Demos Visual Tests,angular(3/10)-screenshots-fluent.blue.light,gh-readonly-queue/main/pr-34938-df1db078d1f7bc9993131795dc97a7add3a59f55,failure,Run TestCafe tests,https://github.com/DevExpress/DevExtreme/actions/runs/33161816984/job/98820839785
"28.08.26, 10:16:40",98820839800,33161816984,1,Demos Visual Tests,angular(1/10)-screenshots-fluent.blue.light,gh-readonly-queue/main/pr-34938-df1db078d1f7bc9993131795dc97a7add3a59f55,failure,Run TestCafe tests,https://github.com/DevExpress/DevExtreme/actions/runs/33161816984/job/98820839800
"28.08.26, 10:16:40",98820839813,33161816984,1,Demos Visual Tests,angular(7/10)-screenshots-fluent.blue.light,gh-readonly-queue/main/pr-34938-df1db078d1f7bc9993131795dc97a7add3a59f55,cancelled,Run TestCafe tests,https://github.com/DevExpress/DevExtreme/actions/runs/33161816984/job/98820839813
"28.08.26, 10:16:40",98820839818,33161816984,1,Demos Visual Tests,angular(2/10)-screenshots-fluent.blue.light,gh-readonly-queue/main/pr-34938-df1db078d1f7bc9993131795dc97a7add3a59f55,failure,Run TestCafe tests,https://github.com/DevExpress/DevExtreme/actions/runs/33161816984/job/98820839818
"28.08.26, 10:16:40",98820839856,33161816984,1,Demos Visual Tests,angular(9/10)-screenshots-fluent.blue.light,gh-readonly-queue/main/pr-34938-df1db078d1f7bc9993131795dc97a7add3a59f55,failure,Run TestCafe tests,https://github.com/DevExpress/DevExtreme/actions/runs/33161816984/job/98820839856
"28.08.26, 11:49:27",98839955392,33161816984,2,Demos Visual Tests,angular(3/10)-screenshots-fluent.blue.light,gh-readonly-queue/main/pr-34938-df1db078d1f7bc9993131795dc97a7add3a59f55,failure,,https://github.com/DevExpress/DevExtreme/actions/runs/33161816984/job/98839955392
"28.08.26, 11:49:27",98839955493,33161816984,2,Demos Visual Tests,angular(1/10)-screenshots-fluent.blue.light,gh-readonly-queue/main/pr-34938-df1db078d1f7bc9993131795dc97a7add3a59f55,failure,Run TestCafe tests,https://github.com/DevExpress/DevExtreme/actions/runs/33161816984/job/98839955493
"28.08.26, 12:27:20",98848317584,33161816984,3,Demos Visual Tests,angular(1/10)-screenshots-fluent.blue.light,gh-readonly-queue/main/pr-34938-df1db078d1f7bc9993131795dc97a7add3a59f55,failure,Run TestCafe tests,https://github.com/DevExpress/DevExtreme/actions/runs/33161816984/job/98848317584
"28.08.26, 10:02:33",98817827921,33161178966,1,Demos Visual Tests,CSP check (Vue 2/2),gh-readonly-queue/main/pr-34938-d3e9a9df8afc3b49847d491d0ff8f1776fff5962,failure,,https://github.com/DevExpress/DevExtreme/actions/runs/33161178966/job/98817827921
"28.08.26, 10:08:15",98819066638,33161178966,1,Demos Visual Tests,angular(5/10)-screenshots-fluent.blue.light,gh-readonly-queue/main/pr-34938-d3e9a9df8afc3b49847d491d0ff8f1776fff5962,cancelled,Run TestCafe tests,https://github.com/DevExpress/DevExtreme/actions/runs/33161178966/job/98819066638
"28.08.26, 10:08:15",98819066645,33161178966,1,Demos Visual Tests,angular(2/10)-screenshots-fluent.blue.light,gh-readonly-queue/main/pr-34938-d3e9a9df8afc3b49847d491d0ff8f1776fff5962,failure,Run TestCafe tests,https://github.com/DevExpress/DevExtreme/actions/runs/33161178966/job/98819066645
"28.08.26, 10:08:15",98819066674,33161178966,1,Demos Visual Tests,angular(7/10)-screenshots-fluent.blue.light,gh-readonly-queue/main/pr-34938-d3e9a9df8afc3b49847d491d0ff8f1776fff5962,cancelled,Run TestCafe tests,https://github.com/DevExpress/DevExtreme/actions/runs/33161178966/job/98819066674
"28.08.26, 10:08:15",98819066678,33161178966,1,Demos Visual Tests,angular(1/10)-screenshots-fluent.blue.light,gh-readonly-queue/main/pr-34938-d3e9a9df8afc3b49847d491d0ff8f1776fff5962,failure,Run TestCafe tests,https://github.com/DevExpress/DevExtreme/actions/runs/33161178966/job/98819066678
"28.08.26, 10:08:15",98819066706,33161178966,1,Demos Visual Tests,angular(10/10)-screenshots-fluent.blue.light,gh-readonly-queue/main/pr-34938-d3e9a9df8afc3b49847d491d0ff8f1776fff5962,cancelled,Run TestCafe tests,https://github.com/DevExpress/DevExtreme/actions/runs/33161178966/job/98819066706
"28.08.26, 10:08:15",98819066800,33161178966,1,Demos Visual Tests,angular(3/10)-screenshots-fluent.blue.light,gh-readonly-queue/main/pr-34938-d3e9a9df8afc3b49847d491d0ff8f1776fff5962,failure,Run TestCafe tests,https://github.com/DevExpress/DevExtreme/actions/runs/33161178966/job/98819066800
"28.08.26, 09:28:44",98810347473,33159458364,1,Demos Visual Tests,Build DevExtreme,playwright-scheduler-pivotgrid,cancelled,Install dependencies,https://github.com/DevExpress/DevExtreme/actions/runs/33159458364/job/98810347473
"28.08.26, 09:29:49",98810590017,33159458364,1,Demos Visual Tests,"matrix.SHARD_TOTAL == 1 && format('CSP check ({0})', matrix.FRAMEWORK) || format('CSP check ({0} {1}/{2})', matrix.FRAMEWORK, matrix.SHARD_INDEX, matrix.SHARD_TOTAL)",playwright-scheduler-pivotgrid,cancelled,,https://github.com/DevExpress/DevExtreme/actions/runs/33159458364/job/98810590017
"28.08.26, 09:29:49",98810590169,33159458364,1,Demos Visual Tests,Check TS and lint code base,playwright-scheduler-pivotgrid,cancelled,,https://github.com/DevExpress/DevExtreme/actions/runs/33159458364/job/98810590169
"28.08.26, 09:29:49",98810590174,33159458364,1,Demos Visual Tests,Check generated demos (changed only),playwright-scheduler-pivotgrid,cancelled,,https://github.com/DevExpress/DevExtreme/actions/runs/33159458364/job/98810590174
"28.08.26, 09:29:49",98810590307,33159458364,1,Demos Visual Tests,${{ matrix.CONSTEL }}-${{ matrix.STRATEGY }}-${{ matrix.THEME }},playwright-scheduler-pivotgrid,cancelled,,https://github.com/DevExpress/DevExtreme/actions/runs/33159458364/job/98810590307
"28.08.26, 09:29:49",98810590313,33159458364,1,Demos Visual Tests,CSP Violations Summary,playwright-scheduler-pivotgrid,cancelled,,https://github.com/DevExpress/DevExtreme/actions/runs/33159458364/job/98810590313
"28.08.26, 09:29:49",98810590329,33159458364,1,Demos Visual Tests,CSP check (jQuery),playwright-scheduler-pivotgrid,cancelled,,https://github.com/DevExpress/DevExtreme/actions/runs/33159458364/job/98810590329
"28.08.26, 09:29:49",98810590553,33159458364,1,Demos Visual Tests,${{ matrix.CONSTEL }}-screenshots-${{ matrix.THEME }},playwright-scheduler-pivotgrid,cancelled,,https://github.com/DevExpress/DevExtreme/actions/runs/33159458364/job/98810590553
"28.08.26, 09:29:49",98810590672,33159458364,1,Demos Visual Tests,Build Demos Bundles,playwright-scheduler-pivotgrid,cancelled,,https://github.com/DevExpress/DevExtreme/actions/runs/33159458364/job/98810590672
"28.08.26, 09:29:49",98810590702,33159458364,1,Demos Visual Tests,Check generated demos,playwright-scheduler-pivotgrid,cancelled,,https://github.com/DevExpress/DevExtreme/actions/runs/33159458364/job/98810590702
"28.08.26, 09:29:49",98810590731,33159458364,1,Demos Visual Tests,${{ matrix.CONSTEL }}-screenshots-${{ matrix.THEME }},playwright-scheduler-pivotgrid,cancelled,,https://github.com/DevExpress/DevExtreme/actions/runs/33159458364/job/98810590731
"28.08.26, 09:29:49",98810590940,33159458364,1,Demos Visual Tests,merge-artifacts,playwright-scheduler-pivotgrid,cancelled,,https://github.com/DevExpress/DevExtreme/actions/runs/33159458364/job/98810590940
"28.08.26, 09:24:32",98809398398,33159170264,1,Demos Visual Tests,Build DevExtreme,playwright-scheduler-pivotgrid,cancelled,DevExtreme - Build,https://github.com/DevExpress/DevExtreme/actions/runs/33159170264/job/98809398398
"28.08.26, 09:27:57",98810173657,33159170264,1,Demos Visual Tests,Check TS and lint code base,playwright-scheduler-pivotgrid,cancelled,,https://github.com/DevExpress/DevExtreme/actions/runs/33159170264/job/98810173657
"28.08.26, 09:27:57",98810173697,33159170264,1,Demos Visual Tests,Check generated demos,playwright-scheduler-pivotgrid,cancelled,,https://github.com/DevExpress/DevExtreme/actions/runs/33159170264/job/98810173697
"28.08.26, 09:27:57",98810174007,33159170264,1,Demos Visual Tests,Check generated demos (changed only),playwright-scheduler-pivotgrid,cancelled,,https://github.com/DevExpress/DevExtreme/actions/runs/33159170264/job/98810174007
"28.08.26, 09:27:57",98810174255,33159170264,1,Demos Visual Tests,${{ matrix.CONSTEL }}-${{ matrix.STRATEGY }}-${{ matrix.THEME }},playwright-scheduler-pivotgrid,cancelled,,https://github.com/DevExpress/DevExtreme/actions/runs/33159170264/job/98810174255
"28.08.26, 09:27:58",98810174329,33159170264,1,Demos Visual Tests,${{ matrix.CONSTEL }}-screenshots-${{ matrix.THEME }},playwright-scheduler-pivotgrid,cancelled,,https://github.com/DevExpress/DevExtreme/actions/runs/33159170264/job/98810174329
"28.08.26, 09:27:58",98810174361,33159170264,1,Demos Visual Tests,CSP Violations Summary,playwright-scheduler-pivotgrid,cancelled,,https://github.com/DevExpress/DevExtreme/actions/runs/33159170264/job/98810174361
"28.08.26, 09:27:58",98810174494,33159170264,1,Demos Visual Tests,"matrix.SHARD_TOTAL == 1 && format('CSP check ({0})', matrix.FRAMEWORK) || format('CSP check ({0} {1}/{2})', matrix.FRAMEWORK, matrix.SHARD_INDEX, matrix.SHARD_TOTAL)",playwright-scheduler-pivotgrid,cancelled,,https://github.com/DevExpress/DevExtreme/actions/runs/33159170264/job/98810174494
"28.08.26, 09:27:58",98810174539,33159170264,1,Demos Visual Tests,Build Demos Bundles,playwright-scheduler-pivotgrid,cancelled,,https://github.com/DevExpress/DevExtreme/actions/runs/33159170264/job/98810174539
"28.08.26, 09:27:58",98810174667,33159170264,1,Demos Visual Tests,CSP check (jQuery),playwright-scheduler-pivotgrid,cancelled,,https://github.com/DevExpress/DevExtreme/actions/runs/33159170264/job/98810174667
"28.08.26, 09:27:58",98810174841,33159170264,1,Demos Visual Tests,${{ matrix.CONSTEL }}-screenshots-${{ matrix.THEME }},playwright-scheduler-pivotgrid,cancelled,,https://github.com/DevExpress/DevExtreme/actions/runs/33159170264/job/98810174841
"28.08.26, 09:27:58",98810175576,33159170264,1,Demos Visual Tests,merge-artifacts,playwright-scheduler-pivotgrid,cancelled,,https://github.com/DevExpress/DevExtreme/actions/runs/33159170264/job/98810175576
"28.08.26, 09:23:21",98809132137,33159133431,1,Demos Visual Tests,Get changed demos,playwright-scheduler-pivotgrid,cancelled,Get changed files,https://github.com/DevExpress/DevExtreme/actions/runs/33159133431/job/98809132137
"28.08.26, 09:23:36",98809188108,33159133431,1,Demos Visual Tests,Determine scope for framework tests,playwright-scheduler-pivotgrid,cancelled,,https://github.com/DevExpress/DevExtreme/actions/runs/33159133431/job/98809188108
"28.08.26, 09:23:36",98809189226,33159133431,1,Demos Visual Tests,Build DevExtreme,playwright-scheduler-pivotgrid,cancelled,,https://github.com/DevExpress/DevExtreme/actions/runs/33159133431/job/98809189226
"28.08.26, 09:23:36",98809189275,33159133431,1,Demos Visual Tests,Determine jQuery test matrix,playwright-scheduler-pivotgrid,cancelled,,https://github.com/DevExpress/DevExtreme/actions/runs/33159133431/job/98809189275
"28.08.26, 09:23:36",98809189365,33159133431,1,Demos Visual Tests,${{ matrix.CONSTEL }}-${{ matrix.STRATEGY }}-${{ matrix.THEME }},playwright-scheduler-pivotgrid,cancelled,,https://github.com/DevExpress/DevExtreme/actions/runs/33159133431/job/98809189365
"28.08.26, 09:23:36",98809189467,33159133431,1,Demos Visual Tests,"matrix.SHARD_TOTAL == 1 && format('CSP check ({0})', matrix.FRAMEWORK) || format('CSP check ({0} {1}/{2})', matrix.FRAMEWORK, matrix.SHARD_INDEX, matrix.SHARD_TOTAL)",playwright-scheduler-pivotgrid,cancelled,,https://github.com/DevExpress/DevExtreme/actions/runs/33159133431/job/98809189467
"28.08.26, 09:23:36",98809189535,33159133431,1,Demos Visual Tests,Check generated demos (changed only),playwright-scheduler-pivotgrid,cancelled,,https://github.com/DevExpress/DevExtreme/actions/runs/33159133431/job/98809189535
"28.08.26, 09:23:36",98809189623,33159133431,1,Demos Visual Tests,Check TS and lint code base,playwright-scheduler-pivotgrid,cancelled,,https://github.com/DevExpress/DevExtreme/actions/runs/33159133431/job/98809189623
"28.08.26, 09:23:36",98809189775,33159133431,1,Demos Visual Tests,Build Demos Bundles,playwright-scheduler-pivotgrid,cancelled,,https://github.com/DevExpress/DevExtreme/actions/runs/33159133431/job/98809189775
"28.08.26, 09:23:36",98809189776,33159133431,1,Demos Visual Tests,Check generated demos,playwright-scheduler-pivotgrid,cancelled,,https://github.com/DevExpress/DevExtreme/actions/runs/33159133431/job/98809189776
"28.08.26, 09:23:36",98809189897,33159133431,1,Demos Visual Tests,CSP check (jQuery),playwright-scheduler-pivotgrid,cancelled,,https://github.com/DevExpress/DevExtreme/actions/runs/33159133431/job/98809189897
"28.08.26, 09:23:36",98809190295,33159133431,1,Demos Visual Tests,${{ matrix.CONSTEL }}-screenshots-${{ matrix.THEME }},playwright-scheduler-pivotgrid,cancelled,,https://github.com/DevExpress/DevExtreme/actions/runs/33159133431/job/98809190295
"28.08.26, 09:23:36",98809190440,33159133431,1,Demos Visual Tests,CSP Violations Summary,playwright-scheduler-pivotgrid,cancelled,,https://github.com/DevExpress/DevExtreme/actions/runs/33159133431/job/98809190440
"28.08.26, 09:23:37",98809190928,33159133431,1,Demos Visual Tests,${{ matrix.CONSTEL }}-screenshots-${{ matrix.THEME }},playwright-scheduler-pivotgrid,cancelled,,https://github.com/DevExpress/DevExtreme/actions/runs/33159133431/job/98809190928
"28.08.26, 09:23:37",98809191211,33159133431,1,Demos Visual Tests,merge-artifacts,playwright-scheduler-pivotgrid,cancelled,,https://github.com/DevExpress/DevExtreme/actions/runs/33159133431/job/98809191211
"28.08.26, 09:19:21",98808215659,33158819161,1,Demos Visual Tests,Build DevExtreme,playwright-scheduler-pivotgrid,cancelled,DevExtreme - Build,https://github.com/DevExpress/DevExtreme/actions/runs/33158819161/job/98808215659
"28.08.26, 09:23:14",98809107045,33158819161,1,Demos Visual Tests,Check generated demos (changed only),playwright-scheduler-pivotgrid,cancelled,,https://github.com/DevExpress/DevExtreme/actions/runs/33158819161/job/98809107045
"28.08.26, 09:23:14",98809107305,33158819161,1,Demos Visual Tests,Check generated demos,playwright-scheduler-pivotgrid,cancelled,,https://github.com/DevExpress/DevExtreme/actions/runs/33158819161/job/98809107305
"28.08.26, 09:23:14",98809107513,33158819161,1,Demos Visual Tests,Build Demos Bundles,playwright-scheduler-pivotgrid,cancelled,,https://github.com/DevExpress/DevExtreme/actions/runs/33158819161/job/98809107513
"28.08.26, 09:23:14",98809107523,33158819161,1,Demos Visual Tests,CSP check (jQuery),playwright-scheduler-pivotgrid,cancelled,,https://github.com/DevExpress/DevExtreme/actions/runs/33158819161/job/98809107523
"28.08.26, 09:23:14",98809107595,33158819161,1,Demos Visual Tests,CSP Violations Summary,playwright-scheduler-pivotgrid,cancelled,,https://github.com/DevExpress/DevExtreme/actions/runs/33158819161/job/98809107595
"28.08.26, 09:23:15",98809107739,33158819161,1,Demos Visual Tests,${{ matrix.CONSTEL }}-${{ matrix.STRATEGY }}-${{ matrix.THEME }},playwright-scheduler-pivotgrid,cancelled,,https://github.com/DevExpress/DevExtreme/actions/runs/33158819161/job/98809107739
"28.08.26, 09:23:15",98809107774,33158819161,1,Demos Visual Tests,"matrix.SHARD_TOTAL == 1 && format('CSP check ({0})', matrix.FRAMEWORK) || format('CSP check ({0} {1}/{2})', matrix.FRAMEWORK, matrix.SHARD_INDEX, matrix.SHARD_TOTAL)",playwright-scheduler-pivotgrid,cancelled,,https://github.com/DevExpress/DevExtreme/actions/runs/33158819161/job/98809107774
"28.08.26, 09:23:15",98809107836,33158819161,1,Demos Visual Tests,Check TS and lint code base,playwright-scheduler-pivotgrid,cancelled,,https://github.com/DevExpress/DevExtreme/actions/runs/33158819161/job/98809107836
"28.08.26, 09:23:15",98809107977,33158819161,1,Demos Visual Tests,${{ matrix.CONSTEL }}-screenshots-${{ matrix.THEME }},playwright-scheduler-pivotgrid,cancelled,,https://github.com/DevExpress/DevExtreme/actions/runs/33158819161/job/98809107977
"28.08.26, 09:23:15",98809108103,33158819161,1,Demos Visual Tests,${{ matrix.CONSTEL }}-screenshots-${{ matrix.THEME }},playwright-scheduler-pivotgrid,cancelled,,https://github.com/DevExpress/DevExtreme/actions/runs/33158819161/job/98809108103
"28.08.26, 09:23:15",98809108471,33158819161,1,Demos Visual Tests,merge-artifacts,playwright-scheduler-pivotgrid,cancelled,,https://github.com/DevExpress/DevExtreme/actions/runs/33158819161/job/98809108471
"28.08.26, 09:17:58",98807910339,33158395343,1,Demos Visual Tests,CSP check (jQuery),playwright-scheduler-pivotgrid,cancelled,,https://github.com/DevExpress/DevExtreme/actions/runs/33158395343/job/98807910339
"28.08.26, 09:17:58",98807910380,33158395343,1,Demos Visual Tests,jquery(1/3)-screenshots-material.blue.light,playwright-scheduler-pivotgrid,cancelled,,https://github.com/DevExpress/DevExtreme/actions/runs/33158395343/job/98807910380
"28.08.26, 09:17:58",98807910413,33158395343,1,Demos Visual Tests,jquery(2/3)-screenshots-material.blue.light,playwright-scheduler-pivotgrid,cancelled,,https://github.com/DevExpress/DevExtreme/actions/runs/33158395343/job/98807910413
"28.08.26, 09:17:58",98807910422,33158395343,1,Demos Visual Tests,jquery(1/3)-screenshots-fluent.blue.light,playwright-scheduler-pivotgrid,cancelled,,https://github.com/DevExpress/DevExtreme/actions/runs/33158395343/job/98807910422
"28.08.26, 09:17:58",98807910441,33158395343,1,Demos Visual Tests,jquery-accessibility-material.blue.light,playwright-scheduler-pivotgrid,cancelled,,https://github.com/DevExpress/DevExtreme/actions/runs/33158395343/job/98807910441
"28.08.26, 09:17:58",98807910470,33158395343,1,Demos Visual Tests,jquery(2/3)-screenshots-fluent.blue.light,playwright-scheduler-pivotgrid,cancelled,,https://github.com/DevExpress/DevExtreme/actions/runs/33158395343/job/98807910470
"28.08.26, 09:17:58",98807910479,33158395343,1,Demos Visual Tests,jquery-accessibility-fluent.blue.light,playwright-scheduler-pivotgrid,cancelled,,https://github.com/DevExpress/DevExtreme/actions/runs/33158395343/job/98807910479
"28.08.26, 09:17:58",98807910513,33158395343,1,Demos Visual Tests,jquery(3/3)-screenshots-fluent.blue.light,playwright-scheduler-pivotgrid,cancelled,,https://github.com/DevExpress/DevExtreme/actions/runs/33158395343/job/98807910513
"28.08.26, 09:17:58",98807910517,33158395343,1,Demos Visual Tests,jquery(3/3)-screenshots-material.blue.light,playwright-scheduler-pivotgrid,cancelled,,https://github.com/DevExpress/DevExtreme/actions/runs/33158395343/job/98807910517
"28.08.26, 09:18:27",98808016007,33158395343,1,Demos Visual Tests,CSP Violations Summary,playwright-scheduler-pivotgrid,cancelled,,https://github.com/DevExpress/DevExtreme/actions/runs/33158395343/job/98808016007
"28.08.26, 09:18:27",98808016105,33158395343,1,Demos Visual Tests,merge-artifacts,playwright-scheduler-pivotgrid,cancelled,,https://github.com/DevExpress/DevExtreme/actions/runs/33158395343/job/98808016105
"28.08.26, 09:10:04",98806119586,33158176986,1,Demos Visual Tests,Build DevExtreme,playwright-scheduler-pivotgrid,cancelled,DevExtreme - Build,https://github.com/DevExpress/DevExtreme/actions/runs/33158176986/job/98806119586
"28.08.26, 09:12:32",98806677024,33158176986,1,Demos Visual Tests,"matrix.SHARD_TOTAL == 1 && format('CSP check ({0})', matrix.FRAMEWORK) || format('CSP check ({0} {1}/{2})', matrix.FRAMEWORK, matrix.SHARD_INDEX, matrix.SHARD_TOTAL)",playwright-scheduler-pivotgrid,cancelled,,https://github.com/DevExpress/DevExtreme/actions/runs/33158176986/job/98806677024
"28.08.26, 09:12:32",98806677254,33158176986,1,Demos Visual Tests,${{ matrix.CONSTEL }}-${{ matrix.STRATEGY }}-${{ matrix.THEME }},playwright-scheduler-pivotgrid,cancelled,,https://github.com/DevExpress/DevExtreme/actions/runs/33158176986/job/98806677254
"28.08.26, 09:12:32",98806677329,33158176986,1,Demos Visual Tests,${{ matrix.CONSTEL }}-screenshots-${{ matrix.THEME }},playwright-scheduler-pivotgrid,cancelled,,https://github.com/DevExpress/DevExtreme/actions/runs/33158176986/job/98806677329
"28.08.26, 09:12:32",98806677437,33158176986,1,Demos Visual Tests,Check generated demos (changed only),playwright-scheduler-pivotgrid,cancelled,,https://github.com/DevExpress/DevExtreme/actions/runs/33158176986/job/98806677437
"28.08.26, 09:12:32",98806677491,33158176986,1,Demos Visual Tests,CSP check (jQuery),playwright-scheduler-pivotgrid,cancelled,,https://github.com/DevExpress/DevExtreme/actions/runs/33158176986/job/98806677491
"28.08.26, 09:12:32",98806677509,33158176986,1,Demos Visual Tests,Build Demos Bundles,playwright-scheduler-pivotgrid,cancelled,,https://github.com/DevExpress/DevExtreme/actions/runs/33158176986/job/98806677509
"28.08.26, 09:12:32",98806677518,33158176986,1,Demos Visual Tests,Check TS and lint code base,playwright-scheduler-pivotgrid,cancelled,,https://github.com/DevExpress/DevExtreme/actions/runs/33158176986/job/98806677518
"28.08.26, 09:12:32",98806677553,33158176986,1,Demos Visual Tests,Check generated demos,playwright-scheduler-pivotgrid,cancelled,,https://github.com/DevExpress/DevExtreme/actions/runs/33158176986/job/98806677553
"28.08.26, 09:12:32",98806677735,33158176986,1,Demos Visual Tests,${{ matrix.CONSTEL }}-screenshots-${{ matrix.THEME }},playwright-scheduler-pivotgrid,cancelled,,https://github.com/DevExpress/DevExtreme/actions/runs/33158176986/job/98806677735
"28.08.26, 09:12:32",98806678311,33158176986,1,Demos Visual Tests,CSP Violations Summary,playwright-scheduler-pivotgrid,cancelled,,https://github.com/DevExpress/DevExtreme/actions/runs/33158176986/job/98806678311
"28.08.26, 09:12:32",98806678351,33158176986,1,Demos Visual Tests,merge-artifacts,playwright-scheduler-pivotgrid,cancelled,,https://github.com/DevExpress/DevExtreme/actions/runs/33158176986/job/98806678351
"28.08.26, 09:06:12",98805242888,33157907189,1,Demos Visual Tests,Build DevExtreme,playwright-scheduler-pivotgrid,cancelled,DevExtreme - Build,https://github.com/DevExpress/DevExtreme/actions/runs/33157907189/job/98805242888
"28.08.26, 09:09:20",98805954037,33157907189,1,Demos Visual Tests,${{ matrix.CONSTEL }}-${{ matrix.STRATEGY }}-${{ matrix.THEME }},playwright-scheduler-pivotgrid,cancelled,,https://github.com/DevExpress/DevExtreme/actions/runs/33157907189/job/98805954037
"28.08.26, 09:09:20",98805954110,33157907189,1,Demos Visual Tests,"matrix.SHARD_TOTAL == 1 && format('CSP check ({0})', matrix.FRAMEWORK) || format('CSP check ({0} {1}/{2})', matrix.FRAMEWORK, matrix.SHARD_INDEX, matrix.SHARD_TOTAL)",playwright-scheduler-pivotgrid,cancelled,,https://github.com/DevExpress/DevExtreme/actions/runs/33157907189/job/98805954110
"28.08.26, 09:09:20",98805954124,33157907189,1,Demos Visual Tests,Build Demos Bundles,playwright-scheduler-pivotgrid,cancelled,,https://github.com/DevExpress/DevExtreme/actions/runs/33157907189/job/98805954124
"28.08.26, 09:09:20",98805954143,33157907189,1,Demos Visual Tests,Check generated demos,playwright-scheduler-pivotgrid,cancelled,,https://github.com/DevExpress/DevExtreme/actions/runs/33157907189/job/98805954143
"28.08.26, 09:09:20",98805954258,33157907189,1,Demos Visual Tests,Check generated demos (changed only),playwright-scheduler-pivotgrid,cancelled,,https://github.com/DevExpress/DevExtreme/actions/runs/33157907189/job/98805954258
"28.08.26, 09:09:20",98805954293,33157907189,1,Demos Visual Tests,CSP Violations Summary,playwright-scheduler-pivotgrid,cancelled,,https://github.com/DevExpress/DevExtreme/actions/runs/33157907189/job/98805954293
"28.08.26, 09:09:20",98805954306,33157907189,1,Demos Visual Tests,CSP check (jQuery),playwright-scheduler-pivotgrid,cancelled,,https://github.com/DevExpress/DevExtreme/actions/runs/33157907189/job/98805954306
"28.08.26, 09:09:20",98805954495,33157907189,1,Demos Visual Tests,Check TS and lint code base,playwright-scheduler-pivotgrid,cancelled,,https://github.com/DevExpress/DevExtreme/actions/runs/33157907189/job/98805954495
"28.08.26, 09:09:20",98805954508,33157907189,1,Demos Visual Tests,${{ matrix.CONSTEL }}-screenshots-${{ matrix.THEME }},playwright-scheduler-pivotgrid,cancelled,,https://github.com/DevExpress/DevExtreme/actions/runs/33157907189/job/98805954508
"28.08.26, 09:09:20",98805954545,33157907189,1,Demos Visual Tests,${{ matrix.CONSTEL }}-screenshots-${{ matrix.THEME }},playwright-scheduler-pivotgrid,cancelled,,https://github.com/DevExpress/DevExtreme/actions/runs/33157907189/job/98805954545
"28.08.26, 09:09:20",98805954861,33157907189,1,Demos Visual Tests,merge-artifacts,playwright-scheduler-pivotgrid,cancelled,,https://github.com/DevExpress/DevExtreme/actions/runs/33157907189/job/98805954861
"28.08.26, 09:04:21",98804834116,33157797187,1,Demos Visual Tests,Build DevExtreme,playwright-scheduler-pivotgrid,cancelled,Install dependencies,https://github.com/DevExpress/DevExtreme/actions/runs/33157797187/job/98804834116
"28.08.26, 09:05:25",98805070776,33157797187,1,Demos Visual Tests,Check generated demos,playwright-scheduler-pivotgrid,cancelled,,https://github.com/DevExpress/DevExtreme/actions/runs/33157797187/job/98805070776
"28.08.26, 09:05:25",98805070799,33157797187,1,Demos Visual Tests,"matrix.SHARD_TOTAL == 1 && format('CSP check ({0})', matrix.FRAMEWORK) || format('CSP check ({0} {1}/{2})', matrix.FRAMEWORK, matrix.SHARD_INDEX, matrix.SHARD_TOTAL)",playwright-scheduler-pivotgrid,cancelled,,https://github.com/DevExpress/DevExtreme/actions/runs/33157797187/job/98805070799
"28.08.26, 09:05:25",98805070845,33157797187,1,Demos Visual Tests,Build Demos Bundles,playwright-scheduler-pivotgrid,cancelled,,https://github.com/DevExpress/DevExtreme/actions/runs/33157797187/job/98805070845
"28.08.26, 09:05:25",98805070967,33157797187,1,Demos Visual Tests,${{ matrix.CONSTEL }}-${{ matrix.STRATEGY }}-${{ matrix.THEME }},playwright-scheduler-pivotgrid,cancelled,,https://github.com/DevExpress/DevExtreme/actions/runs/33157797187/job/98805070967
"28.08.26, 09:05:25",98805070988,33157797187,1,Demos Visual Tests,CSP check (jQuery),playwright-scheduler-pivotgrid,cancelled,,https://github.com/DevExpress/DevExtreme/actions/runs/33157797187/job/98805070988
"28.08.26, 09:05:25",98805071070,33157797187,1,Demos Visual Tests,Check generated demos (changed only),playwright-scheduler-pivotgrid,cancelled,,https://github.com/DevExpress/DevExtreme/actions/runs/33157797187/job/98805071070
"28.08.26, 09:05:25",98805071080,33157797187,1,Demos Visual Tests,Check TS and lint code base,playwright-scheduler-pivotgrid,cancelled,,https://github.com/DevExpress/DevExtreme/actions/runs/33157797187/job/98805071080
"28.08.26, 09:05:25",98805071578,33157797187,1,Demos Visual Tests,${{ matrix.CONSTEL }}-screenshots-${{ matrix.THEME }},playwright-scheduler-pivotgrid,cancelled,,https://github.com/DevExpress/DevExtreme/actions/runs/33157797187/job/98805071578
"28.08.26, 09:05:25",98805071647,33157797187,1,Demos Visual Tests,${{ matrix.CONSTEL }}-screenshots-${{ matrix.THEME }},playwright-scheduler-pivotgrid,cancelled,,https://github.com/DevExpress/DevExtreme/actions/runs/33157797187/job/98805071647
"28.08.26, 09:05:25",98805071747,33157797187,1,Demos Visual Tests,merge-artifacts,playwright-scheduler-pivotgrid,cancelled,,https://github.com/DevExpress/DevExtreme/actions/runs/33157797187/job/98805071747
"28.08.26, 09:05:25",98805071778,33157797187,1,Demos Visual Tests,CSP Violations Summary,playwright-scheduler-pivotgrid,cancelled,,https://github.com/DevExpress/DevExtreme/actions/runs/33157797187/job/98805071778
"28.08.26, 09:14:00",98807011490,33157639439,1,Demos Visual Tests,angular(1/10)-screenshots-fluent.blue.light,gh-readonly-queue/main/pr-34967-365e23e05bafef5ee563bac9ac817fda9aeb6441,cancelled,,https://github.com/DevExpress/DevExtreme/actions/runs/33157639439/job/98807011490
"28.08.26, 09:14:00",98807011501,33157639439,1,Demos Visual Tests,angular(3/10)-screenshots-fluent.blue.light,gh-readonly-queue/main/pr-34967-365e23e05bafef5ee563bac9ac817fda9aeb6441,failure,Run TestCafe tests,https://github.com/DevExpress/DevExtreme/actions/runs/33157639439/job/98807011501
"28.08.26, 09:14:00",98807011550,33157639439,1,Demos Visual Tests,angular(2/10)-screenshots-fluent.blue.light,gh-readonly-queue/main/pr-34967-365e23e05bafef5ee563bac9ac817fda9aeb6441,failure,Run TestCafe tests,https://github.com/DevExpress/DevExtreme/actions/runs/33157639439/job/98807011550
"28.08.26, 09:14:00",98807011606,33157639439,1,Demos Visual Tests,angular(6/10)-screenshots-fluent.blue.light,gh-readonly-queue/main/pr-34967-365e23e05bafef5ee563bac9ac817fda9aeb6441,cancelled,,https://github.com/DevExpress/DevExtreme/actions/runs/33157639439/job/98807011606
"28.08.26, 10:11:29",98819749798,33157639439,1,Demos Visual Tests,merge-artifacts,gh-readonly-queue/main/pr-34967-365e23e05bafef5ee563bac9ac817fda9aeb6441,cancelled,,https://github.com/DevExpress/DevExtreme/actions/runs/33157639439/job/98819749798
"28.08.26, 12:17:20",98846098644,33157639439,2,Demos Visual Tests,angular(3/10)-screenshots-fluent.blue.light,gh-readonly-queue/main/pr-34967-365e23e05bafef5ee563bac9ac817fda9aeb6441,failure,Run TestCafe tests,https://github.com/DevExpress/DevExtreme/actions/runs/33157639439/job/98846098644
"28.08.26, 12:17:20",98846098652,33157639439,2,Demos Visual Tests,angular(2/10)-screenshots-fluent.blue.light,gh-readonly-queue/main/pr-34967-365e23e05bafef5ee563bac9ac817fda9aeb6441,failure,Run TestCafe tests,https://github.com/DevExpress/DevExtreme/actions/runs/33157639439/job/98846098652
"28.08.26, 08:49:24",98801595375,33156154149,1,Demos Visual Tests,Build Demos Bundles,gh-readonly-queue/main/pr-34962-cdbfdba135dde4745c957e9a6328168bc89184c7,failure,,https://github.com/DevExpress/DevExtreme/actions/runs/33156154149/job/98801595375
"28.08.26, 09:12:46",98806731242,33156154149,2,Demos Visual Tests,angular(1/10)-screenshots-fluent.blue.light,gh-readonly-queue/main/pr-34962-cdbfdba135dde4745c957e9a6328168bc89184c7,failure,Run TestCafe tests,https://github.com/DevExpress/DevExtreme/actions/runs/33156154149/job/98806731242
"28.08.26, 09:12:46",98806731267,33156154149,2,Demos Visual Tests,angular(2/10)-screenshots-fluent.blue.light,gh-readonly-queue/main/pr-34962-cdbfdba135dde4745c957e9a6328168bc89184c7,failure,Run TestCafe tests,https://github.com/DevExpress/DevExtreme/actions/runs/33156154149/job/98806731267
"28.08.26, 09:12:46",98806731295,33156154149,2,Demos Visual Tests,angular(4/10)-screenshots-fluent.blue.light,gh-readonly-queue/main/pr-34962-cdbfdba135dde4745c957e9a6328168bc89184c7,failure,,https://github.com/DevExpress/DevExtreme/actions/runs/33156154149/job/98806731295
"28.08.26, 09:12:46",98806731305,33156154149,2,Demos Visual Tests,angular(3/10)-screenshots-fluent.blue.light,gh-readonly-queue/main/pr-34962-cdbfdba135dde4745c957e9a6328168bc89184c7,failure,,https://github.com/DevExpress/DevExtreme/actions/runs/33156154149/job/98806731305
"28.08.26, 09:12:47",98806731345,33156154149,2,Demos Visual Tests,angular(9/10)-screenshots-fluent.blue.light,gh-readonly-queue/main/pr-34962-cdbfdba135dde4745c957e9a6328168bc89184c7,failure,,https://github.com/DevExpress/DevExtreme/actions/runs/33156154149/job/98806731345
"28.08.26, 09:12:47",98806731421,33156154149,2,Demos Visual Tests,angular(8/10)-screenshots-fluent.blue.light,gh-readonly-queue/main/pr-34962-cdbfdba135dde4745c957e9a6328168bc89184c7,failure,,https://github.com/DevExpress/DevExtreme/actions/runs/33156154149/job/98806731421
"28.08.26, 08:01:12",98791296014,33153268449,1,Demos Visual Tests,CSP check (jQuery),refactor/gridcore-datacontroller-merge-datahelper-mixin-26_2,cancelled,Run CSP Check,https://github.com/DevExpress/DevExtreme/actions/runs/33153268449/job/98791296014
"28.08.26, 08:01:12",98791296081,33153268449,1,Demos Visual Tests,jquery(1/3)-screenshots-material.blue.light,refactor/gridcore-datacontroller-merge-datahelper-mixin-26_2,cancelled,Run TestCafe tests (jQuery),https://github.com/DevExpress/DevExtreme/actions/runs/33153268449/job/98791296081
"28.08.26, 08:06:53",98792512172,33153268449,1,Demos Visual Tests,CSP Violations Summary,refactor/gridcore-datacontroller-merge-datahelper-mixin-26_2,cancelled,,https://github.com/DevExpress/DevExtreme/actions/runs/33153268449/job/98792512172
"28.08.26, 08:06:56",98792522817,33153268449,1,Demos Visual Tests,merge-artifacts,refactor/gridcore-datacontroller-merge-datahelper-mixin-26_2,cancelled,,https://github.com/DevExpress/DevExtreme/actions/runs/33153268449/job/98792522817
"28.08.26, 07:50:41",98789113671,33152975502,1,Demos Visual Tests,Build DevExtreme,gh-readonly-queue/main/pr-34937-b4acfa5d5d93b4a667658dbfec25fb22dd6be8fc,failure,DevExtreme - Build-all,https://github.com/DevExpress/DevExtreme/actions/runs/33152975502/job/98789113671
"28.08.26, 07:48:40",98788697954,33152844963,1,Demos Visual Tests,Build DevExtreme,gh-readonly-queue/main/pr-34938-4e11ff93a3cd59ad2c902db02c8592f235a21a1e,failure,DevExtreme - Build-all,https://github.com/DevExpress/DevExtreme/actions/runs/33152844963/job/98788697954
"28.08.26, 07:45:17",98787999572,33152633456,1,Demos Visual Tests,Build DevExtreme,gh-readonly-queue/main/pr-34938-4e11ff93a3cd59ad2c902db02c8592f235a21a1e,failure,DevExtreme - Build-all,https://github.com/DevExpress/DevExtreme/actions/runs/33152633456/job/98787999572
"28.08.26, 07:19:45",98782859933,33150661671,1,Demos Visual Tests,jquery(1/3)-screenshots-fluent.blue.light,lavrov/on-demand-runners,cancelled,Run TestCafe tests (jQuery),https://github.com/DevExpress/DevExtreme/actions/runs/33150661671/job/98782859933
"28.08.26, 07:19:45",98782859936,33150661671,1,Demos Visual Tests,jquery(3/3)-screenshots-material.blue.light,lavrov/on-demand-runners,cancelled,Run TestCafe tests (jQuery),https://github.com/DevExpress/DevExtreme/actions/runs/33150661671/job/98782859936
"28.08.26, 07:19:45",98782859944,33150661671,1,Demos Visual Tests,jquery-accessibility-material.blue.light,lavrov/on-demand-runners,cancelled,Run TestCafe tests (jQuery),https://github.com/DevExpress/DevExtreme/actions/runs/33150661671/job/98782859944
"28.08.26, 07:19:45",98782859954,33150661671,1,Demos Visual Tests,jquery(3/3)-screenshots-fluent.blue.light,lavrov/on-demand-runners,cancelled,Run TestCafe tests (jQuery),https://github.com/DevExpress/DevExtreme/actions/runs/33150661671/job/98782859954
"28.08.26, 07:19:45",98782859956,33150661671,1,Demos Visual Tests,jquery(2/3)-screenshots-material.blue.light,lavrov/on-demand-runners,cancelled,Run TestCafe tests (jQuery),https://github.com/DevExpress/DevExtreme/actions/runs/33150661671/job/98782859956
"28.08.26, 07:19:45",98782859965,33150661671,1,Demos Visual Tests,jquery-accessibility-fluent.blue.light,lavrov/on-demand-runners,cancelled,Run TestCafe tests (jQuery),https://github.com/DevExpress/DevExtreme/actions/runs/33150661671/job/98782859965
"28.08.26, 07:19:45",98782859974,33150661671,1,Demos Visual Tests,jquery(1/3)-screenshots-material.blue.light,lavrov/on-demand-runners,cancelled,Run TestCafe tests (jQuery),https://github.com/DevExpress/DevExtreme/actions/runs/33150661671/job/98782859974
"28.08.26, 08:23:43",98796095820,33150661671,1,Demos Visual Tests,merge-artifacts,lavrov/on-demand-runners,cancelled,,https://github.com/DevExpress/DevExtreme/actions/runs/33150661671/job/98796095820
"28.08.26, 06:47:49",98776856307,33149146247,1,Demos Visual Tests,Get changed demos,typescript/events/es6_emitters,cancelled,Get sources,https://github.com/DevExpress/DevExtreme/actions/runs/33149146247/job/98776856307
"28.08.26, 06:48:07",98776908911,33149146247,1,Demos Visual Tests,Determine scope for framework tests,typescript/events/es6_emitters,cancelled,,https://github.com/DevExpress/DevExtreme/actions/runs/33149146247/job/98776908911
"28.08.26, 06:48:07",98776909510,33149146247,1,Demos Visual Tests,Determine jQuery test matrix,typescript/events/es6_emitters,cancelled,,https://github.com/DevExpress/DevExtreme/actions/runs/33149146247/job/98776909510
"28.08.26, 06:48:07",98776909721,33149146247,1,Demos Visual Tests,Build DevExtreme,typescript/events/es6_emitters,cancelled,,https://github.com/DevExpress/DevExtreme/actions/runs/33149146247/job/98776909721
"28.08.26, 06:48:07",98776909724,33149146247,1,Demos Visual Tests,CSP check (jQuery),typescript/events/es6_emitters,cancelled,,https://github.com/DevExpress/DevExtreme/actions/runs/33149146247/job/98776909724
"28.08.26, 06:48:07",98776909817,33149146247,1,Demos Visual Tests,Check generated demos,typescript/events/es6_emitters,cancelled,,https://github.com/DevExpress/DevExtreme/actions/runs/33149146247/job/98776909817
"28.08.26, 06:48:07",98776909889,33149146247,1,Demos Visual Tests,Check TS and lint code base,typescript/events/es6_emitters,cancelled,,https://github.com/DevExpress/DevExtreme/actions/runs/33149146247/job/98776909889
"28.08.26, 06:48:07",98776910070,33149146247,1,Demos Visual Tests,Check generated demos (changed only),typescript/events/es6_emitters,cancelled,,https://github.com/DevExpress/DevExtreme/actions/runs/33149146247/job/98776910070
"28.08.26, 06:48:07",98776910093,33149146247,1,Demos Visual Tests,Build Demos Bundles,typescript/events/es6_emitters,cancelled,,https://github.com/DevExpress/DevExtreme/actions/runs/33149146247/job/98776910093
"28.08.26, 06:48:07",98776910142,33149146247,1,Demos Visual Tests,"matrix.SHARD_TOTAL == 1 && format('CSP check ({0})', matrix.FRAMEWORK) || format('CSP check ({0} {1}/{2})', matrix.FRAMEWORK, matrix.SHARD_INDEX, matrix.SHARD_TOTAL)",typescript/events/es6_emitters,cancelled,,https://github.com/DevExpress/DevExtreme/actions/runs/33149146247/job/98776910142
"28.08.26, 06:48:07",98776910178,33149146247,1,Demos Visual Tests,${{ matrix.CONSTEL }}-screenshots-${{ matrix.THEME }},typescript/events/es6_emitters,cancelled,,https://github.com/DevExpress/DevExtreme/actions/runs/33149146247/job/98776910178
"28.08.26, 06:48:07",98776910187,33149146247,1,Demos Visual Tests,${{ matrix.CONSTEL }}-${{ matrix.STRATEGY }}-${{ matrix.THEME }},typescript/events/es6_emitters,cancelled,,https://github.com/DevExpress/DevExtreme/actions/runs/33149146247/job/98776910187
"28.08.26, 06:48:07",98776910212,33149146247,1,Demos Visual Tests,CSP Violations Summary,typescript/events/es6_emitters,cancelled,,https://github.com/DevExpress/DevExtreme/actions/runs/33149146247/job/98776910212
"28.08.26, 06:48:07",98776910515,33149146247,1,Demos Visual Tests,${{ matrix.CONSTEL }}-screenshots-${{ matrix.THEME }},typescript/events/es6_emitters,cancelled,,https://github.com/DevExpress/DevExtreme/actions/runs/33149146247/job/98776910515
"28.08.26, 06:48:07",98776910587,33149146247,1,Demos Visual Tests,merge-artifacts,typescript/events/es6_emitters,cancelled,,https://github.com/DevExpress/DevExtreme/actions/runs/33149146247/job/98776910587
"28.08.26, 06:17:00",98771376813,33147248261,1,Demos Visual Tests,CSP check (jQuery),playwright-scheduler-pivotgrid,cancelled,Run CSP Check,https://github.com/DevExpress/DevExtreme/actions/runs/33147248261/job/98771376813
"28.08.26, 06:26:17",98772954413,33147248261,1,Demos Visual Tests,CSP Violations Summary,playwright-scheduler-pivotgrid,cancelled,,https://github.com/DevExpress/DevExtreme/actions/runs/33147248261/job/98772954413
"28.08.26, 06:06:40",98769631781,33146649223,1,Demos Visual Tests,CSP check (jQuery),playwright-scheduler-pivotgrid,cancelled,Run CSP Check,https://github.com/DevExpress/DevExtreme/actions/runs/33146649223/job/98769631781
"28.08.26, 06:14:24",98770934330,33146649223,1,Demos Visual Tests,CSP Violations Summary,playwright-scheduler-pivotgrid,cancelled,,https://github.com/DevExpress/DevExtreme/actions/runs/33146649223/job/98770934330
"28.08.26, 06:03:09",98769051378,33146494912,1,Demos Visual Tests,CSP check (jQuery),playwright-scheduler-pivotgrid,cancelled,Get sources,https://github.com/DevExpress/DevExtreme/actions/runs/33146494912/job/98769051378
"28.08.26, 06:03:09",98769051449,33146494912,1,Demos Visual Tests,jquery-accessibility-material.blue.light,playwright-scheduler-pivotgrid,cancelled,Get sources,https://github.com/DevExpress/DevExtreme/actions/runs/33146494912/job/98769051449
"28.08.26, 06:03:09",98769051450,33146494912,1,Demos Visual Tests,jquery(3/3)-screenshots-fluent.blue.light,playwright-scheduler-pivotgrid,cancelled,Get sources,https://github.com/DevExpress/DevExtreme/actions/runs/33146494912/job/98769051450
"28.08.26, 06:03:09",98769051454,33146494912,1,Demos Visual Tests,jquery(2/3)-screenshots-fluent.blue.light,playwright-scheduler-pivotgrid,cancelled,Get sources,https://github.com/DevExpress/DevExtreme/actions/runs/33146494912/job/98769051454
"28.08.26, 06:03:09",98769051455,33146494912,1,Demos Visual Tests,jquery-accessibility-fluent.blue.light,playwright-scheduler-pivotgrid,cancelled,Get sources,https://github.com/DevExpress/DevExtreme/actions/runs/33146494912/job/98769051455
"28.08.26, 06:03:09",98769051462,33146494912,1,Demos Visual Tests,jquery(3/3)-screenshots-material.blue.light,playwright-scheduler-pivotgrid,cancelled,Get sources,https://github.com/DevExpress/DevExtreme/actions/runs/33146494912/job/98769051462
"28.08.26, 06:03:09",98769051464,33146494912,1,Demos Visual Tests,jquery(2/3)-screenshots-material.blue.light,playwright-scheduler-pivotgrid,cancelled,Get sources,https://github.com/DevExpress/DevExtreme/actions/runs/33146494912/job/98769051464
"28.08.26, 06:03:09",98769051490,33146494912,1,Demos Visual Tests,jquery(1/3)-screenshots-material.blue.light,playwright-scheduler-pivotgrid,cancelled,Get sources,https://github.com/DevExpress/DevExtreme/actions/runs/33146494912/job/98769051490
"28.08.26, 06:03:09",98769051510,33146494912,1,Demos Visual Tests,jquery(1/3)-screenshots-fluent.blue.light,playwright-scheduler-pivotgrid,cancelled,Get sources,https://github.com/DevExpress/DevExtreme/actions/runs/33146494912/job/98769051510
"28.08.26, 06:03:19",98769075524,33146494912,1,Demos Visual Tests,CSP Violations Summary,playwright-scheduler-pivotgrid,cancelled,,https://github.com/DevExpress/DevExtreme/actions/runs/33146494912/job/98769075524
"28.08.26, 06:03:36",98769117742,33146494912,1,Demos Visual Tests,merge-artifacts,playwright-scheduler-pivotgrid,cancelled,,https://github.com/DevExpress/DevExtreme/actions/runs/33146494912/job/98769117742
"28.08.26, 05:59:24",98768419126,33146390214,1,Demos Visual Tests,Build DevExtreme,playwright-scheduler-pivotgrid,cancelled,Install dependencies,https://github.com/DevExpress/DevExtreme/actions/runs/33146390214/job/98768419126
"28.08.26, 06:00:35",98768619676,33146390214,1,Demos Visual Tests,Check generated demos (changed only),playwright-scheduler-pivotgrid,cancelled,,https://github.com/DevExpress/DevExtreme/actions/runs/33146390214/job/98768619676
"28.08.26, 06:00:35",98768619826,33146390214,1,Demos Visual Tests,Check generated demos,playwright-scheduler-pivotgrid,cancelled,,https://github.com/DevExpress/DevExtreme/actions/runs/33146390214/job/98768619826
"28.08.26, 06:00:35",98768619842,33146390214,1,Demos Visual Tests,Check TS and lint code base,playwright-scheduler-pivotgrid,cancelled,,https://github.com/DevExpress/DevExtreme/actions/runs/33146390214/job/98768619842
"28.08.26, 06:00:35",98768619971,33146390214,1,Demos Visual Tests,CSP check (jQuery),playwright-scheduler-pivotgrid,cancelled,,https://github.com/DevExpress/DevExtreme/actions/runs/33146390214/job/98768619971
"28.08.26, 06:00:35",98768620018,33146390214,1,Demos Visual Tests,${{ matrix.CONSTEL }}-${{ matrix.STRATEGY }}-${{ matrix.THEME }},playwright-scheduler-pivotgrid,cancelled,,https://github.com/DevExpress/DevExtreme/actions/runs/33146390214/job/98768620018
"28.08.26, 06:00:35",98768620022,33146390214,1,Demos Visual Tests,CSP Violations Summary,playwright-scheduler-pivotgrid,cancelled,,https://github.com/DevExpress/DevExtreme/actions/runs/33146390214/job/98768620022
"28.08.26, 06:00:35",98768620046,33146390214,1,Demos Visual Tests,"matrix.SHARD_TOTAL == 1 && format('CSP check ({0})', matrix.FRAMEWORK) || format('CSP check ({0} {1}/{2})', matrix.FRAMEWORK, matrix.SHARD_INDEX, matrix.SHARD_TOTAL)",playwright-scheduler-pivotgrid,cancelled,,https://github.com/DevExpress/DevExtreme/actions/runs/33146390214/job/98768620046
"28.08.26, 06:00:35",98768620112,33146390214,1,Demos Visual Tests,${{ matrix.CONSTEL }}-screenshots-${{ matrix.THEME }},playwright-scheduler-pivotgrid,cancelled,,https://github.com/DevExpress/DevExtreme/actions/runs/33146390214/job/98768620112
"28.08.26, 06:00:35",98768620151,33146390214,1,Demos Visual Tests,Build Demos Bundles,playwright-scheduler-pivotgrid,cancelled,,https://github.com/DevExpress/DevExtreme/actions/runs/33146390214/job/98768620151
"28.08.26, 06:00:35",98768620558,33146390214,1,Demos Visual Tests,${{ matrix.CONSTEL }}-screenshots-${{ matrix.THEME }},playwright-scheduler-pivotgrid,cancelled,,https://github.com/DevExpress/DevExtreme/actions/runs/33146390214/job/98768620558
"28.08.26, 06:00:35",98768621055,33146390214,1,Demos Visual Tests,merge-artifacts,playwright-scheduler-pivotgrid,cancelled,,https://github.com/DevExpress/DevExtreme/actions/runs/33146390214/job/98768621055
"28.08.26, 05:46:22",98766344506,33145629043,1,Demos Visual Tests,CSP check (jQuery),playwright-scheduler-pivotgrid,cancelled,Run CSP Check,https://github.com/DevExpress/DevExtreme/actions/runs/33145629043/job/98766344506
"28.08.26, 05:58:45",98768322144,33145629043,1,Demos Visual Tests,CSP Violations Summary,playwright-scheduler-pivotgrid,cancelled,,https://github.com/DevExpress/DevExtreme/actions/runs/33145629043/job/98768322144
"28.08.26, 05:42:05",98765655830,33145516443,1,Demos Visual Tests,Build DevExtreme,playwright-scheduler-pivotgrid,cancelled,Install dependencies,https://github.com/DevExpress/DevExtreme/actions/runs/33145516443/job/98765655830
"28.08.26, 05:43:47",98765922157,33145516443,1,Demos Visual Tests,Check generated demos (changed only),playwright-scheduler-pivotgrid,cancelled,,https://github.com/DevExpress/DevExtreme/actions/runs/33145516443/job/98765922157
"28.08.26, 05:43:47",98765922207,33145516443,1,Demos Visual Tests,"matrix.SHARD_TOTAL == 1 && format('CSP check ({0})', matrix.FRAMEWORK) || format('CSP check ({0} {1}/{2})', matrix.FRAMEWORK, matrix.SHARD_INDEX, matrix.SHARD_TOTAL)",playwright-scheduler-pivotgrid,cancelled,,https://github.com/DevExpress/DevExtreme/actions/runs/33145516443/job/98765922207
"28.08.26, 05:43:47",98765922301,33145516443,1,Demos Visual Tests,Build Demos Bundles,playwright-scheduler-pivotgrid,cancelled,,https://github.com/DevExpress/DevExtreme/actions/runs/33145516443/job/98765922301
"28.08.26, 05:43:47",98765922366,33145516443,1,Demos Visual Tests,${{ matrix.CONSTEL }}-${{ matrix.STRATEGY }}-${{ matrix.THEME }},playwright-scheduler-pivotgrid,cancelled,,https://github.com/DevExpress/DevExtreme/actions/runs/33145516443/job/98765922366
"28.08.26, 05:43:47",98765922381,33145516443,1,Demos Visual Tests,${{ matrix.CONSTEL }}-screenshots-${{ matrix.THEME }},playwright-scheduler-pivotgrid,cancelled,,https://github.com/DevExpress/DevExtreme/actions/runs/33145516443/job/98765922381
"28.08.26, 05:43:47",98765922391,33145516443,1,Demos Visual Tests,Check TS and lint code base,playwright-scheduler-pivotgrid,cancelled,,https://github.com/DevExpress/DevExtreme/actions/runs/33145516443/job/98765922391
"28.08.26, 05:43:47",98765922457,33145516443,1,Demos Visual Tests,CSP check (jQuery),playwright-scheduler-pivotgrid,cancelled,,https://github.com/DevExpress/DevExtreme/actions/runs/33145516443/job/98765922457
"28.08.26, 05:43:47",98765922497,33145516443,1,Demos Visual Tests,Check generated demos,playwright-scheduler-pivotgrid,cancelled,,https://github.com/DevExpress/DevExtreme/actions/runs/33145516443/job/98765922497
"28.08.26, 05:43:47",98765922537,33145516443,1,Demos Visual Tests,${{ matrix.CONSTEL }}-screenshots-${{ matrix.THEME }},playwright-scheduler-pivotgrid,cancelled,,https://github.com/DevExpress/DevExtreme/actions/runs/33145516443/job/98765922537
"28.08.26, 05:43:47",98765922844,33145516443,1,Demos Visual Tests,CSP Violations Summary,playwright-scheduler-pivotgrid,cancelled,,https://github.com/DevExpress/DevExtreme/actions/runs/33145516443/job/98765922844
"28.08.26, 05:43:47",98765923059,33145516443,1,Demos Visual Tests,merge-artifacts,playwright-scheduler-pivotgrid,cancelled,,https://github.com/DevExpress/DevExtreme/actions/runs/33145516443/job/98765923059
"28.08.26, 05:40:23",98765384546,33145424197,1,Demos Visual Tests,Build DevExtreme,playwright-scheduler-pivotgrid,cancelled,Install dependencies,https://github.com/DevExpress/DevExtreme/actions/runs/33145424197/job/98765384546
"28.08.26, 05:41:31",98765565357,33145424197,1,Demos Visual Tests,CSP check (jQuery),playwright-scheduler-pivotgrid,cancelled,,https://github.com/DevExpress/DevExtreme/actions/runs/33145424197/job/98765565357
"28.08.26, 05:41:31",98765565391,33145424197,1,Demos Visual Tests,"matrix.SHARD_TOTAL == 1 && format('CSP check ({0})', matrix.FRAMEWORK) || format('CSP check ({0} {1}/{2})', matrix.FRAMEWORK, matrix.SHARD_INDEX, matrix.SHARD_TOTAL)",playwright-scheduler-pivotgrid,cancelled,,https://github.com/DevExpress/DevExtreme/actions/runs/33145424197/job/98765565391
"28.08.26, 05:41:31",98765565410,33145424197,1,Demos Visual Tests,${{ matrix.CONSTEL }}-${{ matrix.STRATEGY }}-${{ matrix.THEME }},playwright-scheduler-pivotgrid,cancelled,,https://github.com/DevExpress/DevExtreme/actions/runs/33145424197/job/98765565410
"28.08.26, 05:41:31",98765565419,33145424197,1,Demos Visual Tests,Check generated demos,playwright-scheduler-pivotgrid,cancelled,,https://github.com/DevExpress/DevExtreme/actions/runs/33145424197/job/98765565419
"28.08.26, 05:41:31",98765565559,33145424197,1,Demos Visual Tests,Build Demos Bundles,playwright-scheduler-pivotgrid,cancelled,,https://github.com/DevExpress/DevExtreme/actions/runs/33145424197/job/98765565559
"28.08.26, 05:41:31",98765565772,33145424197,1,Demos Visual Tests,Check TS and lint code base,playwright-scheduler-pivotgrid,cancelled,,https://github.com/DevExpress/DevExtreme/actions/runs/33145424197/job/98765565772
"28.08.26, 05:41:31",98765565835,33145424197,1,Demos Visual Tests,Check generated demos (changed only),playwright-scheduler-pivotgrid,cancelled,,https://github.com/DevExpress/DevExtreme/actions/runs/33145424197/job/98765565835
"28.08.26, 05:41:31",98765565966,33145424197,1,Demos Visual Tests,${{ matrix.CONSTEL }}-screenshots-${{ matrix.THEME }},playwright-scheduler-pivotgrid,cancelled,,https://github.com/DevExpress/DevExtreme/actions/runs/33145424197/job/98765565966
"28.08.26, 05:41:31",98765565969,33145424197,1,Demos Visual Tests,${{ matrix.CONSTEL }}-screenshots-${{ matrix.THEME }},playwright-scheduler-pivotgrid,cancelled,,https://github.com/DevExpress/DevExtreme/actions/runs/33145424197/job/98765565969
"28.08.26, 05:41:31",98765566229,33145424197,1,Demos Visual Tests,CSP Violations Summary,playwright-scheduler-pivotgrid,cancelled,,https://github.com/DevExpress/DevExtreme/actions/runs/33145424197/job/98765566229
"28.08.26, 05:41:31",98765566369,33145424197,1,Demos Visual Tests,merge-artifacts,playwright-scheduler-pivotgrid,cancelled,,https://github.com/DevExpress/DevExtreme/actions/runs/33145424197/job/98765566369
"28.08.26, 05:30:50",98763929609,33144832283,1,Demos Visual Tests,CSP check (jQuery),playwright-scheduler-pivotgrid,cancelled,Run CSP Check,https://github.com/DevExpress/DevExtreme/actions/runs/33144832283/job/98763929609
"28.08.26, 05:39:46",98765285468,33144832283,1,Demos Visual Tests,CSP Violations Summary,playwright-scheduler-pivotgrid,cancelled,,https://github.com/DevExpress/DevExtreme/actions/runs/33144832283/job/98765285468
"28.08.26, 05:27:42",98763454404,33144810352,1,Demos Visual Tests,Determine scope for framework tests,playwright-scheduler-pivotgrid,cancelled,,https://github.com/DevExpress/DevExtreme/actions/runs/33144810352/job/98763454404
"28.08.26, 05:27:47",98763467246,33144810352,1,Demos Visual Tests,${{ matrix.CONSTEL }}-${{ matrix.STRATEGY }}-${{ matrix.THEME }},playwright-scheduler-pivotgrid,cancelled,,https://github.com/DevExpress/DevExtreme/actions/runs/33144810352/job/98763467246
"28.08.26, 05:27:47",98763467254,33144810352,1,Demos Visual Tests,Check TS and lint code base,playwright-scheduler-pivotgrid,cancelled,,https://github.com/DevExpress/DevExtreme/actions/runs/33144810352/job/98763467254
"28.08.26, 05:27:47",98763467400,33144810352,1,Demos Visual Tests,Determine jQuery test matrix,playwright-scheduler-pivotgrid,cancelled,,https://github.com/DevExpress/DevExtreme/actions/runs/33144810352/job/98763467400
"28.08.26, 05:27:47",98763467413,33144810352,1,Demos Visual Tests,Check generated demos (changed only),playwright-scheduler-pivotgrid,cancelled,,https://github.com/DevExpress/DevExtreme/actions/runs/33144810352/job/98763467413
"28.08.26, 05:27:47",98763467443,33144810352,1,Demos Visual Tests,Build DevExtreme,playwright-scheduler-pivotgrid,cancelled,,https://github.com/DevExpress/DevExtreme/actions/runs/33144810352/job/98763467443
"28.08.26, 05:27:47",98763467513,33144810352,1,Demos Visual Tests,Build Demos Bundles,playwright-scheduler-pivotgrid,cancelled,,https://github.com/DevExpress/DevExtreme/actions/runs/33144810352/job/98763467513
"28.08.26, 05:27:47",98763467523,33144810352,1,Demos Visual Tests,"matrix.SHARD_TOTAL == 1 && format('CSP check ({0})', matrix.FRAMEWORK) || format('CSP check ({0} {1}/{2})', matrix.FRAMEWORK, matrix.SHARD_INDEX, matrix.SHARD_TOTAL)",playwright-scheduler-pivotgrid,cancelled,,https://github.com/DevExpress/DevExtreme/actions/runs/33144810352/job/98763467523
"28.08.26, 05:27:47",98763467550,33144810352,1,Demos Visual Tests,Check generated demos,playwright-scheduler-pivotgrid,cancelled,,https://github.com/DevExpress/DevExtreme/actions/runs/33144810352/job/98763467550
"28.08.26, 05:27:47",98763467605,33144810352,1,Demos Visual Tests,${{ matrix.CONSTEL }}-screenshots-${{ matrix.THEME }},playwright-scheduler-pivotgrid,cancelled,,https://github.com/DevExpress/DevExtreme/actions/runs/33144810352/job/98763467605
"28.08.26, 05:27:47",98763467652,33144810352,1,Demos Visual Tests,CSP Violations Summary,playwright-scheduler-pivotgrid,cancelled,,https://github.com/DevExpress/DevExtreme/actions/runs/33144810352/job/98763467652
"28.08.26, 05:27:47",98763467668,33144810352,1,Demos Visual Tests,CSP check (jQuery),playwright-scheduler-pivotgrid,cancelled,,https://github.com/DevExpress/DevExtreme/actions/runs/33144810352/job/98763467668
"28.08.26, 05:27:47",98763467846,33144810352,1,Demos Visual Tests,${{ matrix.CONSTEL }}-screenshots-${{ matrix.THEME }},playwright-scheduler-pivotgrid,cancelled,,https://github.com/DevExpress/DevExtreme/actions/runs/33144810352/job/98763467846
"28.08.26, 05:27:47",98763468154,33144810352,1,Demos Visual Tests,merge-artifacts,playwright-scheduler-pivotgrid,cancelled,,https://github.com/DevExpress/DevExtreme/actions/runs/33144810352/job/98763468154
"28.08.26, 04:39:43",98756058326,33142316639,1,Demos Visual Tests,CSP check (jQuery),playwright-scheduler-pivotgrid,cancelled,Run CSP Check,https://github.com/DevExpress/DevExtreme/actions/runs/33142316639/job/98756058326
"28.08.26, 04:39:43",98756058418,33142316639,1,Demos Visual Tests,jquery(2/3)-screenshots-fluent.blue.light,playwright-scheduler-pivotgrid,cancelled,Run TestCafe tests (jQuery),https://github.com/DevExpress/DevExtreme/actions/runs/33142316639/job/98756058418
"28.08.26, 04:39:43",98756058424,33142316639,1,Demos Visual Tests,jquery(2/3)-screenshots-material.blue.light,playwright-scheduler-pivotgrid,cancelled,Run TestCafe tests (jQuery),https://github.com/DevExpress/DevExtreme/actions/runs/33142316639/job/98756058424
"28.08.26, 04:39:43",98756058426,33142316639,1,Demos Visual Tests,jquery-accessibility-fluent.blue.light,playwright-scheduler-pivotgrid,cancelled,Run TestCafe tests (jQuery),https://github.com/DevExpress/DevExtreme/actions/runs/33142316639/job/98756058426
"28.08.26, 04:39:43",98756058444,33142316639,1,Demos Visual Tests,jquery(3/3)-screenshots-fluent.blue.light,playwright-scheduler-pivotgrid,cancelled,Run TestCafe tests (jQuery),https://github.com/DevExpress/DevExtreme/actions/runs/33142316639/job/98756058444
"28.08.26, 04:39:43",98756058445,33142316639,1,Demos Visual Tests,jquery-accessibility-material.blue.light,playwright-scheduler-pivotgrid,cancelled,Run TestCafe tests (jQuery),https://github.com/DevExpress/DevExtreme/actions/runs/33142316639/job/98756058445
"28.08.26, 04:39:43",98756058452,33142316639,1,Demos Visual Tests,jquery(1/3)-screenshots-material.blue.light,playwright-scheduler-pivotgrid,cancelled,Run TestCafe tests (jQuery),https://github.com/DevExpress/DevExtreme/actions/runs/33142316639/job/98756058452
"28.08.26, 04:39:43",98756058455,33142316639,1,Demos Visual Tests,jquery(1/3)-screenshots-fluent.blue.light,playwright-scheduler-pivotgrid,cancelled,Run TestCafe tests (jQuery),https://github.com/DevExpress/DevExtreme/actions/runs/33142316639/job/98756058455
"28.08.26, 04:39:43",98756058675,33142316639,1,Demos Visual Tests,jquery(3/3)-screenshots-material.blue.light,playwright-scheduler-pivotgrid,cancelled,Run TestCafe tests (jQuery),https://github.com/DevExpress/DevExtreme/actions/runs/33142316639/job/98756058675
"28.08.26, 04:45:13",98756893049,33142316639,1,Demos Visual Tests,CSP Violations Summary,playwright-scheduler-pivotgrid,cancelled,,https://github.com/DevExpress/DevExtreme/actions/runs/33142316639/job/98756893049
"28.08.26, 04:45:17",98756905964,33142316639,1,Demos Visual Tests,merge-artifacts,playwright-scheduler-pivotgrid,cancelled,,https://github.com/DevExpress/DevExtreme/actions/runs/33142316639/job/98756905964
"28.08.26, 04:28:42",98754420286,33141792970,1,Demos Visual Tests,CSP check (jQuery),playwright-scheduler-pivotgrid,cancelled,Run CSP Check,https://github.com/DevExpress/DevExtreme/actions/runs/33141792970/job/98754420286
"28.08.26, 04:37:07",98755676943,33141792970,1,Demos Visual Tests,CSP Violations Summary,playwright-scheduler-pivotgrid,cancelled,,https://github.com/DevExpress/DevExtreme/actions/runs/33141792970/job/98755676943
"28.08.26, 04:25:06",98753895762,33141623052,1,Demos Visual Tests,CSP check (jQuery),playwright-scheduler-pivotgrid,cancelled,,https://github.com/DevExpress/DevExtreme/actions/runs/33141623052/job/98753895762
"28.08.26, 04:25:06",98753895803,33141623052,1,Demos Visual Tests,jquery(1/3)-screenshots-material.blue.light,playwright-scheduler-pivotgrid,cancelled,Install dependencies,https://github.com/DevExpress/DevExtreme/actions/runs/33141623052/job/98753895803
"28.08.26, 04:25:06",98753895811,33141623052,1,Demos Visual Tests,jquery-accessibility-material.blue.light,playwright-scheduler-pivotgrid,cancelled,,https://github.com/DevExpress/DevExtreme/actions/runs/33141623052/job/98753895811
"28.08.26, 04:25:06",98753895820,33141623052,1,Demos Visual Tests,jquery(1/3)-screenshots-fluent.blue.light,playwright-scheduler-pivotgrid,cancelled,,https://github.com/DevExpress/DevExtreme/actions/runs/33141623052/job/98753895820
"28.08.26, 04:25:06",98753895822,33141623052,1,Demos Visual Tests,jquery(2/3)-screenshots-fluent.blue.light,playwright-scheduler-pivotgrid,cancelled,,https://github.com/DevExpress/DevExtreme/actions/runs/33141623052/job/98753895822
"28.08.26, 04:25:06",98753895838,33141623052,1,Demos Visual Tests,jquery(3/3)-screenshots-material.blue.light,playwright-scheduler-pivotgrid,cancelled,,https://github.com/DevExpress/DevExtreme/actions/runs/33141623052/job/98753895838
"28.08.26, 04:25:06",98753895841,33141623052,1,Demos Visual Tests,jquery(2/3)-screenshots-material.blue.light,playwright-scheduler-pivotgrid,cancelled,,https://github.com/DevExpress/DevExtreme/actions/runs/33141623052/job/98753895841
"28.08.26, 04:25:06",98753895859,33141623052,1,Demos Visual Tests,jquery(3/3)-screenshots-fluent.blue.light,playwright-scheduler-pivotgrid,cancelled,,https://github.com/DevExpress/DevExtreme/actions/runs/33141623052/job/98753895859
"28.08.26, 04:25:06",98753895888,33141623052,1,Demos Visual Tests,jquery-accessibility-fluent.blue.light,playwright-scheduler-pivotgrid,cancelled,,https://github.com/DevExpress/DevExtreme/actions/runs/33141623052/job/98753895888
"28.08.26, 04:25:59",98754024902,33141623052,1,Demos Visual Tests,CSP Violations Summary,playwright-scheduler-pivotgrid,cancelled,,https://github.com/DevExpress/DevExtreme/actions/runs/33141623052/job/98754024902
"28.08.26, 04:26:13",98754060788,33141623052,1,Demos Visual Tests,merge-artifacts,playwright-scheduler-pivotgrid,cancelled,,https://github.com/DevExpress/DevExtreme/actions/runs/33141623052/job/98754060788
"28.08.26, 02:04:42",98732284534,33134777798,1,Demos Visual Tests,Build DevExtreme,playwright-components-infra,cancelled,Install dependencies,https://github.com/DevExpress/DevExtreme/actions/runs/33134777798/job/98732284534
"28.08.26, 02:06:36",98732584335,33134777798,1,Demos Visual Tests,Check generated demos,playwright-components-infra,cancelled,,https://github.com/DevExpress/DevExtreme/actions/runs/33134777798/job/98732584335
"28.08.26, 02:06:36",98732584418,33134777798,1,Demos Visual Tests,Check TS and lint code base,playwright-components-infra,cancelled,,https://github.com/DevExpress/DevExtreme/actions/runs/33134777798/job/98732584418
"28.08.26, 02:06:36",98732584538,33134777798,1,Demos Visual Tests,${{ matrix.CONSTEL }}-${{ matrix.STRATEGY }}-${{ matrix.THEME }},playwright-components-infra,cancelled,,https://github.com/DevExpress/DevExtreme/actions/runs/33134777798/job/98732584538
"28.08.26, 02:06:36",98732584646,33134777798,1,Demos Visual Tests,CSP check (jQuery),playwright-components-infra,cancelled,,https://github.com/DevExpress/DevExtreme/actions/runs/33134777798/job/98732584646
"28.08.26, 02:06:36",98732584647,33134777798,1,Demos Visual Tests,"matrix.SHARD_TOTAL == 1 && format('CSP check ({0})', matrix.FRAMEWORK) || format('CSP check ({0} {1}/{2})', matrix.FRAMEWORK, matrix.SHARD_INDEX, matrix.SHARD_TOTAL)",playwright-components-infra,cancelled,,https://github.com/DevExpress/DevExtreme/actions/runs/33134777798/job/98732584647
"28.08.26, 02:06:36",98732584708,33134777798,1,Demos Visual Tests,${{ matrix.CONSTEL }}-screenshots-${{ matrix.THEME }},playwright-components-infra,cancelled,,https://github.com/DevExpress/DevExtreme/actions/runs/33134777798/job/98732584708
"28.08.26, 02:06:36",98732584743,33134777798,1,Demos Visual Tests,Check generated demos (changed only),playwright-components-infra,cancelled,,https://github.com/DevExpress/DevExtreme/actions/runs/33134777798/job/98732584743
"28.08.26, 02:06:36",98732584860,33134777798,1,Demos Visual Tests,Build Demos Bundles,playwright-components-infra,cancelled,,https://github.com/DevExpress/DevExtreme/actions/runs/33134777798/job/98732584860
"28.08.26, 02:06:36",98732584913,33134777798,1,Demos Visual Tests,${{ matrix.CONSTEL }}-screenshots-${{ matrix.THEME }},playwright-components-infra,cancelled,,https://github.com/DevExpress/DevExtreme/actions/runs/33134777798/job/98732584913
"28.08.26, 02:06:36",98732584937,33134777798,1,Demos Visual Tests,CSP Violations Summary,playwright-components-infra,cancelled,,https://github.com/DevExpress/DevExtreme/actions/runs/33134777798/job/98732584937
"28.08.26, 02:06:36",98732585089,33134777798,1,Demos Visual Tests,merge-artifacts,playwright-components-infra,cancelled,,https://github.com/DevExpress/DevExtreme/actions/runs/33134777798/job/98732585089
"28.08.26, 02:04:41",98732281754,33134671743,1,Demos Visual Tests,CSP check (jQuery),playwright-scheduler-pivotgrid,cancelled,Use Node.js,https://github.com/DevExpress/DevExtreme/actions/runs/33134671743/job/98732281754
"28.08.26, 02:04:41",98732281798,33134671743,1,Demos Visual Tests,jquery(1/3)-screenshots-material.blue.light,playwright-scheduler-pivotgrid,cancelled,Use Node.js,https://github.com/DevExpress/DevExtreme/actions/runs/33134671743/job/98732281798
"28.08.26, 02:04:41",98732281818,33134671743,1,Demos Visual Tests,jquery(2/3)-screenshots-fluent.blue.light,playwright-scheduler-pivotgrid,cancelled,Use Node.js,https://github.com/DevExpress/DevExtreme/actions/runs/33134671743/job/98732281818
"28.08.26, 02:04:41",98732281825,33134671743,1,Demos Visual Tests,jquery-accessibility-material.blue.light,playwright-scheduler-pivotgrid,cancelled,Use Node.js,https://github.com/DevExpress/DevExtreme/actions/runs/33134671743/job/98732281825
"28.08.26, 02:04:41",98732281833,33134671743,1,Demos Visual Tests,jquery(3/3)-screenshots-fluent.blue.light,playwright-scheduler-pivotgrid,cancelled,Use Node.js,https://github.com/DevExpress/DevExtreme/actions/runs/33134671743/job/98732281833
"28.08.26, 02:04:41",98732281851,33134671743,1,Demos Visual Tests,jquery(3/3)-screenshots-material.blue.light,playwright-scheduler-pivotgrid,cancelled,Unpack artifacts,https://github.com/DevExpress/DevExtreme/actions/runs/33134671743/job/98732281851
"28.08.26, 02:04:41",98732281852,33134671743,1,Demos Visual Tests,jquery(2/3)-screenshots-material.blue.light,playwright-scheduler-pivotgrid,cancelled,Use Node.js,https://github.com/DevExpress/DevExtreme/actions/runs/33134671743/job/98732281852
"28.08.26, 02:04:41",98732281859,33134671743,1,Demos Visual Tests,jquery(1/3)-screenshots-fluent.blue.light,playwright-scheduler-pivotgrid,cancelled,Use Node.js,https://github.com/DevExpress/DevExtreme/actions/runs/33134671743/job/98732281859
"28.08.26, 02:04:41",98732281866,33134671743,1,Demos Visual Tests,jquery-accessibility-fluent.blue.light,playwright-scheduler-pivotgrid,cancelled,Use Node.js,https://github.com/DevExpress/DevExtreme/actions/runs/33134671743/job/98732281866
"28.08.26, 02:05:48",98732457805,33134671743,1,Demos Visual Tests,CSP Violations Summary,playwright-scheduler-pivotgrid,cancelled,,https://github.com/DevExpress/DevExtreme/actions/runs/33134671743/job/98732457805
"28.08.26, 02:05:49",98732460849,33134671743,1,Demos Visual Tests,merge-artifacts,playwright-scheduler-pivotgrid,cancelled,,https://github.com/DevExpress/DevExtreme/actions/runs/33134671743/job/98732460849
"28.08.26, 13:39:19",98865963933,33176380508,1,Wrappers Tests,build,feature/remove-systemjs-from-demos,cancelled,Build devextreme package,https://github.com/DevExpress/DevExtreme/actions/runs/33176380508/job/98865963933
"28.08.26, 13:44:08",98867269086,33176380508,1,Wrappers Tests,test,feature/remove-systemjs-from-demos,cancelled,,https://github.com/DevExpress/DevExtreme/actions/runs/33176380508/job/98867269086
"28.08.26, 13:06:05",98857455086,33173471950,1,Wrappers Tests,test (vue),gh-readonly-queue/main/pr-34974-093effda14344701e84f9984e491e1a16e6b2f08,failure,,https://github.com/DevExpress/DevExtreme/actions/runs/33173471950/job/98857455086
"28.08.26, 12:04:14",98843179463,33169155153,1,Wrappers Tests,test (angular),gh-readonly-queue/main/pr-34965-3bb34d1398fcd49b0386ba50f60f7f24c149d599,failure,,https://github.com/DevExpress/DevExtreme/actions/runs/33169155153/job/98843179463
"28.08.26, 11:53:18",98840781112,33168860627,1,Wrappers Tests,build,extract_grouping_data_26_1,failure,,https://github.com/DevExpress/DevExtreme/actions/runs/33168860627/job/98840781112
"28.08.26, 11:29:31",98835815858,33167007786,1,Wrappers Tests,test (angular),feature/26_2_osm-provider-for-dxmap/viewport-and-interactions,cancelled,,https://github.com/DevExpress/DevExtreme/actions/runs/33167007786/job/98835815858
"28.08.26, 11:29:31",98835815878,33167007786,1,Wrappers Tests,test (react),feature/26_2_osm-provider-for-dxmap/viewport-and-interactions,cancelled,Setup pnpm cache,https://github.com/DevExpress/DevExtreme/actions/runs/33167007786/job/98835815878
"28.08.26, 11:29:31",98835815889,33167007786,1,Wrappers Tests,test (vue),feature/26_2_osm-provider-for-dxmap/viewport-and-interactions,cancelled,,https://github.com/DevExpress/DevExtreme/actions/runs/33167007786/job/98835815889
"28.08.26, 10:44:25",98826571049,33164246537,1,Wrappers Tests,test (angular),26_1,cancelled,Post Setup nx cache,https://github.com/DevExpress/DevExtreme/actions/runs/33164246537/job/98826571049
"28.08.26, 10:44:25",98826571082,33164246537,1,Wrappers Tests,test (react),26_1,cancelled,Post Setup nx cache,https://github.com/DevExpress/DevExtreme/actions/runs/33164246537/job/98826571082
"28.08.26, 09:27:45",98810129900,33159458246,1,Wrappers Tests,build,playwright-scheduler-pivotgrid,cancelled,Build devextreme package,https://github.com/DevExpress/DevExtreme/actions/runs/33159458246/job/98810129900
"28.08.26, 09:27:45",98810130073,33159458246,1,Wrappers Tests,check-regenerate,playwright-scheduler-pivotgrid,cancelled,Generate wrappers,https://github.com/DevExpress/DevExtreme/actions/runs/33159458246/job/98810130073
"28.08.26, 09:29:48",98810587498,33159458246,1,Wrappers Tests,test,playwright-scheduler-pivotgrid,cancelled,,https://github.com/DevExpress/DevExtreme/actions/runs/33159458246/job/98810587498
"28.08.26, 09:23:38",98809195177,33159170208,1,Wrappers Tests,build,playwright-scheduler-pivotgrid,cancelled,Build devextreme package,https://github.com/DevExpress/DevExtreme/actions/runs/33159170208/job/98809195177
"28.08.26, 09:27:45",98810129169,33159170208,1,Wrappers Tests,test,playwright-scheduler-pivotgrid,cancelled,,https://github.com/DevExpress/DevExtreme/actions/runs/33159170208/job/98810129169
"28.08.26, 09:23:04",98809067271,33159133409,1,Wrappers Tests,build,playwright-scheduler-pivotgrid,cancelled,Run pnpm/action-setup@v6,https://github.com/DevExpress/DevExtreme/actions/runs/33159133409/job/98809067271
"28.08.26, 09:23:04",98809067567,33159133409,1,Wrappers Tests,check-regenerate,playwright-scheduler-pivotgrid,cancelled,Setup pnpm cache,https://github.com/DevExpress/DevExtreme/actions/runs/33159133409/job/98809067567
"28.08.26, 09:23:38",98809194732,33159133409,1,Wrappers Tests,test,playwright-scheduler-pivotgrid,cancelled,,https://github.com/DevExpress/DevExtreme/actions/runs/33159133409/job/98809194732
"28.08.26, 09:18:37",98808051882,33158819431,1,Wrappers Tests,build,playwright-scheduler-pivotgrid,cancelled,Post Setup nx cache,https://github.com/DevExpress/DevExtreme/actions/runs/33158819431/job/98808051882
"28.08.26, 09:23:04",98809066630,33158819431,1,Wrappers Tests,test,playwright-scheduler-pivotgrid,cancelled,,https://github.com/DevExpress/DevExtreme/actions/runs/33158819431/job/98809066630
"28.08.26, 09:17:18",98807760188,33158395416,1,Wrappers Tests,test (react),playwright-scheduler-pivotgrid,cancelled,Install dependencies,https://github.com/DevExpress/DevExtreme/actions/runs/33158395416/job/98807760188
"28.08.26, 09:17:18",98807760202,33158395416,1,Wrappers Tests,test (vue),playwright-scheduler-pivotgrid,cancelled,Install dependencies,https://github.com/DevExpress/DevExtreme/actions/runs/33158395416/job/98807760202
"28.08.26, 09:17:18",98807760244,33158395416,1,Wrappers Tests,test (angular),playwright-scheduler-pivotgrid,cancelled,Install dependencies,https://github.com/DevExpress/DevExtreme/actions/runs/33158395416/job/98807760244
"28.08.26, 09:09:19",98805949947,33158176766,1,Wrappers Tests,build,playwright-scheduler-pivotgrid,cancelled,Build devextreme package,https://github.com/DevExpress/DevExtreme/actions/runs/33158176766/job/98805949947
"28.08.26, 09:12:33",98806680533,33158176766,1,Wrappers Tests,test,playwright-scheduler-pivotgrid,cancelled,,https://github.com/DevExpress/DevExtreme/actions/runs/33158176766/job/98806680533
"28.08.26, 09:05:26",98805074114,33157907135,1,Wrappers Tests,build,playwright-scheduler-pivotgrid,cancelled,Build devextreme package,https://github.com/DevExpress/DevExtreme/actions/runs/33157907135/job/98805074114
"28.08.26, 09:09:19",98805949438,33157907135,1,Wrappers Tests,test,playwright-scheduler-pivotgrid,cancelled,,https://github.com/DevExpress/DevExtreme/actions/runs/33157907135/job/98805949438
"28.08.26, 09:03:31",98804656811,33157797213,1,Wrappers Tests,build,playwright-scheduler-pivotgrid,cancelled,Install dependencies,https://github.com/DevExpress/DevExtreme/actions/runs/33157797213/job/98804656811
"28.08.26, 09:03:31",98804657014,33157797213,1,Wrappers Tests,check-regenerate,playwright-scheduler-pivotgrid,cancelled,Install dependencies,https://github.com/DevExpress/DevExtreme/actions/runs/33157797213/job/98804657014
"28.08.26, 09:05:25",98805070431,33157797213,1,Wrappers Tests,test,playwright-scheduler-pivotgrid,cancelled,,https://github.com/DevExpress/DevExtreme/actions/runs/33157797213/job/98805070431
"28.08.26, 08:41:11",98799832339,33155909309,1,Wrappers Tests,test (angular),fix/gridcore-datacontroller-datasource-cast-25_2,failure,,https://github.com/DevExpress/DevExtreme/actions/runs/33155909309/job/98799832339
"28.08.26, 08:00:34",98791155809,33153268517,1,Wrappers Tests,test (angular),refactor/gridcore-datacontroller-merge-datahelper-mixin-26_2,cancelled,Test angular,https://github.com/DevExpress/DevExtreme/actions/runs/33153268517/job/98791155809
"28.08.26, 08:00:34",98791155828,33153268517,1,Wrappers Tests,test (react),refactor/gridcore-datacontroller-merge-datahelper-mixin-26_2,cancelled,Post Setup nx cache,https://github.com/DevExpress/DevExtreme/actions/runs/33153268517/job/98791155828
"28.08.26, 07:50:29",98789069007,33152975476,1,Wrappers Tests,build,gh-readonly-queue/main/pr-34937-b4acfa5d5d93b4a667658dbfec25fb22dd6be8fc,failure,Build devextreme package,https://github.com/DevExpress/DevExtreme/actions/runs/33152975476/job/98789069007
"28.08.26, 07:48:25",98788644507,33152844989,1,Wrappers Tests,build,gh-readonly-queue/main/pr-34938-4e11ff93a3cd59ad2c902db02c8592f235a21a1e,failure,Build devextreme package,https://github.com/DevExpress/DevExtreme/actions/runs/33152844989/job/98788644507
"28.08.26, 07:45:05",98787955156,33152633399,1,Wrappers Tests,build,gh-readonly-queue/main/pr-34938-4e11ff93a3cd59ad2c902db02c8592f235a21a1e,failure,Build devextreme package,https://github.com/DevExpress/DevExtreme/actions/runs/33152633399/job/98787955156
"28.08.26, 06:47:42",98776837377,33149146225,1,Wrappers Tests,check-regenerate,typescript/events/es6_emitters,cancelled,Use Node.js,https://github.com/DevExpress/DevExtreme/actions/runs/33149146225/job/98776837377
"28.08.26, 06:47:42",98776837544,33149146225,1,Wrappers Tests,build,typescript/events/es6_emitters,cancelled,Run pnpm/action-setup@v6,https://github.com/DevExpress/DevExtreme/actions/runs/33149146225/job/98776837544
"28.08.26, 06:48:07",98776908429,33149146225,1,Wrappers Tests,test,typescript/events/es6_emitters,cancelled,,https://github.com/DevExpress/DevExtreme/actions/runs/33149146225/job/98776908429
"28.08.26, 06:02:53",98769006522,33146495128,1,Wrappers Tests,test (react),playwright-scheduler-pivotgrid,cancelled,Run pnpm/action-setup@v6,https://github.com/DevExpress/DevExtreme/actions/runs/33146495128/job/98769006522
"28.08.26, 06:02:53",98769006526,33146495128,1,Wrappers Tests,test (vue),playwright-scheduler-pivotgrid,cancelled,Use Node.js,https://github.com/DevExpress/DevExtreme/actions/runs/33146495128/job/98769006526
"28.08.26, 06:02:53",98769006529,33146495128,1,Wrappers Tests,test (angular),playwright-scheduler-pivotgrid,cancelled,Run pnpm/action-setup@v6,https://github.com/DevExpress/DevExtreme/actions/runs/33146495128/job/98769006529
"28.08.26, 05:58:28",98768278933,33146390248,1,Wrappers Tests,build,playwright-scheduler-pivotgrid,cancelled,Install dependencies,https://github.com/DevExpress/DevExtreme/actions/runs/33146390248/job/98768278933
"28.08.26, 06:00:37",98768627020,33146390248,1,Wrappers Tests,test,playwright-scheduler-pivotgrid,cancelled,,https://github.com/DevExpress/DevExtreme/actions/runs/33146390248/job/98768627020
"28.08.26, 05:41:31",98765566588,33145516420,1,Wrappers Tests,check-regenerate,playwright-scheduler-pivotgrid,cancelled,Generate wrappers,https://github.com/DevExpress/DevExtreme/actions/runs/33145516420/job/98765566588
"28.08.26, 05:43:23",98765859671,33145516420,1,Wrappers Tests,test (angular),playwright-scheduler-pivotgrid,cancelled,Get sources,https://github.com/DevExpress/DevExtreme/actions/runs/33145516420/job/98765859671
"28.08.26, 05:43:23",98765859707,33145516420,1,Wrappers Tests,test (react),playwright-scheduler-pivotgrid,cancelled,Use Node.js,https://github.com/DevExpress/DevExtreme/actions/runs/33145516420/job/98765859707
"28.08.26, 05:43:23",98765859713,33145516420,1,Wrappers Tests,test (vue),playwright-scheduler-pivotgrid,cancelled,Get sources,https://github.com/DevExpress/DevExtreme/actions/runs/33145516420/job/98765859713
"28.08.26, 05:39:31",98765246575,33145424178,1,Wrappers Tests,build,playwright-scheduler-pivotgrid,cancelled,Post Setup pnpm cache,https://github.com/DevExpress/DevExtreme/actions/runs/33145424178/job/98765246575
"28.08.26, 05:39:31",98765246806,33145424178,1,Wrappers Tests,check-regenerate,playwright-scheduler-pivotgrid,cancelled,Install dependencies,https://github.com/DevExpress/DevExtreme/actions/runs/33145424178/job/98765246806
"28.08.26, 05:41:22",98765541797,33145424178,1,Wrappers Tests,test,playwright-scheduler-pivotgrid,cancelled,,https://github.com/DevExpress/DevExtreme/actions/runs/33145424178/job/98765541797
"28.08.26, 05:27:18",98763396184,33144810358,1,Wrappers Tests,build,playwright-scheduler-pivotgrid,cancelled,Setup pnpm cache,https://github.com/DevExpress/DevExtreme/actions/runs/33144810358/job/98763396184
"28.08.26, 05:27:18",98763396214,33144810358,1,Wrappers Tests,check-regenerate,playwright-scheduler-pivotgrid,cancelled,Setup pnpm cache,https://github.com/DevExpress/DevExtreme/actions/runs/33144810358/job/98763396214
"28.08.26, 05:27:47",98763466422,33144810358,1,Wrappers Tests,test,playwright-scheduler-pivotgrid,cancelled,,https://github.com/DevExpress/DevExtreme/actions/runs/33144810358/job/98763466422
"28.08.26, 04:24:19",98753780653,33141623090,1,Wrappers Tests,test (react),playwright-scheduler-pivotgrid,cancelled,Pack react,https://github.com/DevExpress/DevExtreme/actions/runs/33141623090/job/98753780653
"28.08.26, 04:24:19",98753780684,33141623090,1,Wrappers Tests,test (angular),playwright-scheduler-pivotgrid,cancelled,Pack angular,https://github.com/DevExpress/DevExtreme/actions/runs/33141623090/job/98753780684
"28.08.26, 04:24:19",98753780712,33141623090,1,Wrappers Tests,test (vue),playwright-scheduler-pivotgrid,cancelled,Pack vue,https://github.com/DevExpress/DevExtreme/actions/runs/33141623090/job/98753780712
"28.08.26, 02:04:09",98732197852,33134777828,1,Wrappers Tests,build,playwright-components-infra,cancelled,Install dependencies,https://github.com/DevExpress/DevExtreme/actions/runs/33134777828/job/98732197852
"28.08.26, 02:04:09",98732197978,33134777828,1,Wrappers Tests,check-regenerate,playwright-components-infra,cancelled,Install dependencies,https://github.com/DevExpress/DevExtreme/actions/runs/33134777828/job/98732197978
"28.08.26, 02:06:37",98732586771,33134777828,1,Wrappers Tests,test,playwright-components-infra,cancelled,,https://github.com/DevExpress/DevExtreme/actions/runs/33134777828/job/98732586771
"28.08.26, 02:03:58",98732167631,33134671687,1,Wrappers Tests,test (vue),playwright-scheduler-pivotgrid,cancelled,Pack vue,https://github.com/DevExpress/DevExtreme/actions/runs/33134671687/job/98732167631
"28.08.26, 02:03:58",98732167651,33134671687,1,Wrappers Tests,test (react),playwright-scheduler-pivotgrid,cancelled,Pack react,https://github.com/DevExpress/DevExtreme/actions/runs/33134671687/job/98732167651
"28.08.26, 02:03:58",98732167663,33134671687,1,Wrappers Tests,test (angular),playwright-scheduler-pivotgrid,cancelled,Pack angular,https://github.com/DevExpress/DevExtreme/actions/runs/33134671687/job/98732167663
"28.08.26, 13:39:19",98865964125,33176380545,1,Wrappers E2E Tests,Build DevExtreme and Wrappers,feature/remove-systemjs-from-demos,cancelled,Build all DevExtreme packages,https://github.com/DevExpress/DevExtreme/actions/runs/33176380545/job/98865964125
"28.08.26, 13:44:14",98867297276,33176380545,1,Wrappers E2E Tests,Test ${{ matrix.framework }},feature/remove-systemjs-from-demos,cancelled,,https://github.com/DevExpress/DevExtreme/actions/runs/33176380545/job/98867297276
"28.08.26, 11:24:05",98834711542,33167007721,1,Wrappers E2E Tests,Build DevExtreme and Wrappers,feature/26_2_osm-provider-for-dxmap/viewport-and-interactions,cancelled,Build all DevExtreme packages,https://github.com/DevExpress/DevExtreme/actions/runs/33167007721/job/98834711542
"28.08.26, 11:30:18",98835979004,33167007721,1,Wrappers E2E Tests,Test ${{ matrix.framework }},feature/26_2_osm-provider-for-dxmap/viewport-and-interactions,cancelled,,https://github.com/DevExpress/DevExtreme/actions/runs/33167007721/job/98835979004
"28.08.26, 09:27:57",98810173123,33159458348,1,Wrappers E2E Tests,Build DevExtreme and Wrappers,playwright-scheduler-pivotgrid,cancelled,Build all DevExtreme packages,https://github.com/DevExpress/DevExtreme/actions/runs/33159458348/job/98810173123
"28.08.26, 09:29:48",98810587314,33159458348,1,Wrappers E2E Tests,Test ${{ matrix.framework }},playwright-scheduler-pivotgrid,cancelled,,https://github.com/DevExpress/DevExtreme/actions/runs/33159458348/job/98810587314
"28.08.26, 09:23:35",98809183607,33159170191,1,Wrappers E2E Tests,Build DevExtreme and Wrappers,playwright-scheduler-pivotgrid,cancelled,Build all DevExtreme packages,https://github.com/DevExpress/DevExtreme/actions/runs/33159170191/job/98809183607
"28.08.26, 09:27:57",98810172003,33159170191,1,Wrappers E2E Tests,Test ${{ matrix.framework }},playwright-scheduler-pivotgrid,cancelled,,https://github.com/DevExpress/DevExtreme/actions/runs/33159170191/job/98810172003
"28.08.26, 09:23:18",98809118852,33159133501,1,Wrappers E2E Tests,Build DevExtreme and Wrappers,playwright-scheduler-pivotgrid,cancelled,Use Node.js,https://github.com/DevExpress/DevExtreme/actions/runs/33159133501/job/98809118852
"28.08.26, 09:23:34",98809182837,33159133501,1,Wrappers E2E Tests,Test ${{ matrix.framework }},playwright-scheduler-pivotgrid,cancelled,,https://github.com/DevExpress/DevExtreme/actions/runs/33159133501/job/98809182837
"28.08.26, 09:18:29",98808024654,33158819038,1,Wrappers E2E Tests,Build DevExtreme and Wrappers,playwright-scheduler-pivotgrid,cancelled,Build all DevExtreme packages,https://github.com/DevExpress/DevExtreme/actions/runs/33158819038/job/98808024654
"28.08.26, 09:23:17",98809117769,33158819038,1,Wrappers E2E Tests,Test ${{ matrix.framework }},playwright-scheduler-pivotgrid,cancelled,,https://github.com/DevExpress/DevExtreme/actions/runs/33158819038/job/98809117769
"28.08.26, 09:12:34",98806682383,33158395419,1,Wrappers E2E Tests,Build DevExtreme and Wrappers,playwright-scheduler-pivotgrid,cancelled,Build all DevExtreme packages,https://github.com/DevExpress/DevExtreme/actions/runs/33158395419/job/98806682383
"28.08.26, 09:18:29",98808024115,33158395419,1,Wrappers E2E Tests,Test ${{ matrix.framework }},playwright-scheduler-pivotgrid,cancelled,,https://github.com/DevExpress/DevExtreme/actions/runs/33158395419/job/98808024115
"28.08.26, 09:09:21",98805956984,33158176923,1,Wrappers E2E Tests,Build DevExtreme and Wrappers,playwright-scheduler-pivotgrid,cancelled,Build all DevExtreme packages,https://github.com/DevExpress/DevExtreme/actions/runs/33158176923/job/98805956984
"28.08.26, 09:12:33",98806681569,33158176923,1,Wrappers E2E Tests,Test ${{ matrix.framework }},playwright-scheduler-pivotgrid,cancelled,,https://github.com/DevExpress/DevExtreme/actions/runs/33158176923/job/98806681569
"28.08.26, 09:05:25",98805070007,33157907149,1,Wrappers E2E Tests,Build DevExtreme and Wrappers,playwright-scheduler-pivotgrid,cancelled,Build all DevExtreme packages,https://github.com/DevExpress/DevExtreme/actions/runs/33157907149/job/98805070007
"28.08.26, 09:09:21",98805955844,33157907149,1,Wrappers E2E Tests,Test ${{ matrix.framework }},playwright-scheduler-pivotgrid,cancelled,,https://github.com/DevExpress/DevExtreme/actions/runs/33157907149/job/98805955844
"28.08.26, 09:03:30",98804656419,33157797221,1,Wrappers E2E Tests,Build DevExtreme and Wrappers,playwright-scheduler-pivotgrid,cancelled,Build all DevExtreme packages,https://github.com/DevExpress/DevExtreme/actions/runs/33157797221/job/98804656419
"28.08.26, 09:05:25",98805069688,33157797221,1,Wrappers E2E Tests,Test ${{ matrix.framework }},playwright-scheduler-pivotgrid,cancelled,,https://github.com/DevExpress/DevExtreme/actions/runs/33157797221/job/98805069688
"28.08.26, 07:50:28",98789068690,33152975477,1,Wrappers E2E Tests,Build DevExtreme and Wrappers,gh-readonly-queue/main/pr-34937-b4acfa5d5d93b4a667658dbfec25fb22dd6be8fc,failure,Build all DevExtreme packages,https://github.com/DevExpress/DevExtreme/actions/runs/33152975477/job/98789068690
"28.08.26, 07:48:25",98788644618,33152845006,1,Wrappers E2E Tests,Build DevExtreme and Wrappers,gh-readonly-queue/main/pr-34938-4e11ff93a3cd59ad2c902db02c8592f235a21a1e,failure,Build all DevExtreme packages,https://github.com/DevExpress/DevExtreme/actions/runs/33152845006/job/98788644618
"28.08.26, 07:45:06",98787956887,33152633509,1,Wrappers E2E Tests,Build DevExtreme and Wrappers,gh-readonly-queue/main/pr-34938-4e11ff93a3cd59ad2c902db02c8592f235a21a1e,failure,Build all DevExtreme packages,https://github.com/DevExpress/DevExtreme/actions/runs/33152633509/job/98787956887
"28.08.26, 06:47:43",98776837924,33149146288,1,Wrappers E2E Tests,Build DevExtreme and Wrappers,typescript/events/es6_emitters,cancelled,Run pnpm/action-setup@v6,https://github.com/DevExpress/DevExtreme/actions/runs/33149146288/job/98776837924
"28.08.26, 06:48:08",98776911395,33149146288,1,Wrappers E2E Tests,Test ${{ matrix.framework }},typescript/events/es6_emitters,cancelled,,https://github.com/DevExpress/DevExtreme/actions/runs/33149146288/job/98776911395
"28.08.26, 06:00:43",98768644812,33146495130,1,Wrappers E2E Tests,Build DevExtreme and Wrappers,playwright-scheduler-pivotgrid,cancelled,Build all DevExtreme packages,https://github.com/DevExpress/DevExtreme/actions/runs/33146495130/job/98768644812
"28.08.26, 06:03:34",98769111910,33146495130,1,Wrappers E2E Tests,Test ${{ matrix.framework }},playwright-scheduler-pivotgrid,cancelled,,https://github.com/DevExpress/DevExtreme/actions/runs/33146495130/job/98769111910
"28.08.26, 05:58:28",98768278673,33146390211,1,Wrappers E2E Tests,Build DevExtreme and Wrappers,playwright-scheduler-pivotgrid,cancelled,Build all DevExtreme packages,https://github.com/DevExpress/DevExtreme/actions/runs/33146390211/job/98768278673
"28.08.26, 06:00:43",98768643823,33146390211,1,Wrappers E2E Tests,Test ${{ matrix.framework }},playwright-scheduler-pivotgrid,cancelled,,https://github.com/DevExpress/DevExtreme/actions/runs/33146390211/job/98768643823
"28.08.26, 05:41:35",98765575423,33145516452,1,Wrappers E2E Tests,Build DevExtreme and Wrappers,playwright-scheduler-pivotgrid,cancelled,Build all DevExtreme packages,https://github.com/DevExpress/DevExtreme/actions/runs/33145516452/job/98765575423
"28.08.26, 05:43:51",98765931187,33145516452,1,Wrappers E2E Tests,Test ${{ matrix.framework }},playwright-scheduler-pivotgrid,cancelled,,https://github.com/DevExpress/DevExtreme/actions/runs/33145516452/job/98765931187
"28.08.26, 05:39:31",98765246822,33145424244,1,Wrappers E2E Tests,Build DevExtreme and Wrappers,playwright-scheduler-pivotgrid,cancelled,Build all DevExtreme packages,https://github.com/DevExpress/DevExtreme/actions/runs/33145424244/job/98765246822
"28.08.26, 05:41:35",98765574801,33145424244,1,Wrappers E2E Tests,Test ${{ matrix.framework }},playwright-scheduler-pivotgrid,cancelled,,https://github.com/DevExpress/DevExtreme/actions/runs/33145424244/job/98765574801
"28.08.26, 05:27:18",98763396190,33144810400,1,Wrappers E2E Tests,Build DevExtreme and Wrappers,playwright-scheduler-pivotgrid,cancelled,Run pnpm/action-setup@v6,https://github.com/DevExpress/DevExtreme/actions/runs/33144810400/job/98763396190
"28.08.26, 05:27:47",98763467991,33144810400,1,Wrappers E2E Tests,Test ${{ matrix.framework }},playwright-scheduler-pivotgrid,cancelled,,https://github.com/DevExpress/DevExtreme/actions/runs/33144810400/job/98763467991
"28.08.26, 04:22:27",98753506461,33141623062,1,Wrappers E2E Tests,Build DevExtreme and Wrappers,playwright-scheduler-pivotgrid,cancelled,Build all DevExtreme packages,https://github.com/DevExpress/DevExtreme/actions/runs/33141623062/job/98753506461
"28.08.26, 04:26:07",98754045870,33141623062,1,Wrappers E2E Tests,Test ${{ matrix.framework }},playwright-scheduler-pivotgrid,cancelled,,https://github.com/DevExpress/DevExtreme/actions/runs/33141623062/job/98754045870
"28.08.26, 02:04:09",98732197706,33134777790,1,Wrappers E2E Tests,Build DevExtreme and Wrappers,playwright-components-infra,cancelled,Build all DevExtreme packages,https://github.com/DevExpress/DevExtreme/actions/runs/33134777790/job/98732197706
"28.08.26, 02:06:36",98732585365,33134777790,1,Wrappers E2E Tests,Test ${{ matrix.framework }},playwright-components-infra,cancelled,,https://github.com/DevExpress/DevExtreme/actions/runs/33134777790/job/98732585365
"28.08.26, 02:02:03",98731867073,33134671865,1,Wrappers E2E Tests,Build DevExtreme and Wrappers,playwright-scheduler-pivotgrid,cancelled,Upload wrappers builds,https://github.com/DevExpress/DevExtreme/actions/runs/33134671865/job/98731867073
"28.08.26, 02:05:48",98732458343,33134671865,1,Wrappers E2E Tests,Test ${{ matrix.framework }},playwright-scheduler-pivotgrid,cancelled,,https://github.com/DevExpress/DevExtreme/actions/runs/33134671865/job/98732458343
