created at,id,run id,run attempt,workflow name,name,head branch,conclusion,step,html url
"09.09.26, 02:22:18",102313574636,34302935723,1,Send dependabot new vulnerability alerts,Send notifications,main,failure,Teams Notification,https://github.com/DevExpress/DevExtreme/actions/runs/34302935723/job/102313574636
"09.09.26, 13:29:01",102485284069,34357347692,1,Build and pack DevExtreme npm packages,build,fix/html-editor-ai-demo-typo-26_1,cancelled,Install dependencies,https://github.com/DevExpress/DevExtreme/actions/runs/34357347692/job/102485284069
"09.09.26, 13:31:45",102486279522,34357347692,1,Build and pack DevExtreme npm packages,custom_bundles,fix/html-editor-ai-demo-typo-26_1,cancelled,,https://github.com/DevExpress/DevExtreme/actions/runs/34357347692/job/102486279522
"09.09.26, 13:06:30",102477330520,34355006951,1,Build and pack DevExtreme npm packages,build,26_1,cancelled,Build npm packages,https://github.com/DevExpress/DevExtreme/actions/runs/34355006951/job/102477330520
"09.09.26, 13:14:09",102480011336,34355006951,1,Build and pack DevExtreme npm packages,custom_bundles,26_1,cancelled,,https://github.com/DevExpress/DevExtreme/actions/runs/34355006951/job/102480011336
"09.09.26, 13:06:22",102477287356,34354995033,1,Build and pack DevExtreme npm packages,build,fix/html-editor-ai-demo-typo,cancelled,Build npm packages,https://github.com/DevExpress/DevExtreme/actions/runs/34354995033/job/102477287356
"09.09.26, 13:11:16",102479004839,34354995033,1,Build and pack DevExtreme npm packages,custom_bundles,fix/html-editor-ai-demo-typo,cancelled,,https://github.com/DevExpress/DevExtreme/actions/runs/34354995033/job/102479004839
"09.09.26, 12:06:22",102457762994,34349126796,1,Build and pack DevExtreme npm packages,build,feature/26_2_new_fluent_theme_with_design_tokens_5104-fluent-next-refactor-scales-exceptions,failure,,https://github.com/DevExpress/DevExtreme/actions/runs/34349126796/job/102457762994
"09.09.26, 11:13:14",102442418998,34343560252,1,Build and pack DevExtreme npm packages,custom_bundles,26_1,cancelled,Build bundle,https://github.com/DevExpress/DevExtreme/actions/runs/34343560252/job/102442418998
"09.09.26, 09:47:53",102417723453,34336719226,1,Build and pack DevExtreme npm packages,build,gridcore_move_filter_sync_flag_into_filter_controller_26_1,failure,,https://github.com/DevExpress/DevExtreme/actions/runs/34336719226/job/102417723453
"09.09.26, 09:42:47",102416185384,34336242114,1,Build and pack DevExtreme npm packages,build,26_1,cancelled,Get sources,https://github.com/DevExpress/DevExtreme/actions/runs/34336242114/job/102416185384
"09.09.26, 09:43:52",102416513265,34336242114,1,Build and pack DevExtreme npm packages,custom_bundles,26_1,cancelled,,https://github.com/DevExpress/DevExtreme/actions/runs/34336242114/job/102416513265
"09.09.26, 09:34:15",102413636384,34335445303,1,Build and pack DevExtreme npm packages,build,retarget_store_method_26_1,failure,Build npm packages,https://github.com/DevExpress/DevExtreme/actions/runs/34335445303/job/102413636384
"09.09.26, 09:27:02",102411454476,34334760912,1,Build and pack DevExtreme npm packages,build,retarget_key_main,cancelled,Build npm packages,https://github.com/DevExpress/DevExtreme/actions/runs/34334760912/job/102411454476
"09.09.26, 09:36:16",102414232502,34334760912,1,Build and pack DevExtreme npm packages,custom_bundles,retarget_key_main,cancelled,,https://github.com/DevExpress/DevExtreme/actions/runs/34334760912/job/102414232502
"09.09.26, 08:32:14",102394986060,34329652721,1,Build and pack DevExtreme npm packages,build,gh-readonly-queue/main/pr-35099-a702623f19a7c9499817d468b43a3933ba64fcd6,failure,,https://github.com/DevExpress/DevExtreme/actions/runs/34329652721/job/102394986060
"09.09.26, 08:24:45",102392759603,34328962608,1,Build and pack DevExtreme npm packages,build,feature/26_2_new_fluent_theme_with_design_tokens_5104-fluent-next-refactor-scales-exceptions,failure,,https://github.com/DevExpress/DevExtreme/actions/runs/34328962608/job/102392759603
"09.09.26, 08:16:49",102390461690,34328240694,1,Build and pack DevExtreme npm packages,build,fluent-next/theme-modes,cancelled,,https://github.com/DevExpress/DevExtreme/actions/runs/34328240694/job/102390461690
"09.09.26, 08:17:05",102390540753,34328240694,1,Build and pack DevExtreme npm packages,custom_bundles,fluent-next/theme-modes,cancelled,,https://github.com/DevExpress/DevExtreme/actions/runs/34328240694/job/102390540753
"09.09.26, 08:05:25",102387147233,34327220837,1,Build and pack DevExtreme npm packages,build,fluent-next/theme-modes,cancelled,Post Setup pnpm cache,https://github.com/DevExpress/DevExtreme/actions/runs/34327220837/job/102387147233
"09.09.26, 08:16:48",102390460456,34327220837,1,Build and pack DevExtreme npm packages,custom_bundles,fluent-next/theme-modes,cancelled,,https://github.com/DevExpress/DevExtreme/actions/runs/34327220837/job/102390460456
"09.09.26, 06:37:36",102364059323,34319920882,1,Build and pack DevExtreme npm packages,build,26_1,cancelled,Build npm packages,https://github.com/DevExpress/DevExtreme/actions/runs/34319920882/job/102364059323
"09.09.26, 06:45:20",102365855945,34319920882,1,Build and pack DevExtreme npm packages,custom_bundles,26_1,cancelled,,https://github.com/DevExpress/DevExtreme/actions/runs/34319920882/job/102365855945
"09.09.26, 00:04:36",102284743325,34293421625,1,Build and pack DevExtreme npm packages,build,fluent-next/roles-audit,cancelled,Build npm packages,https://github.com/DevExpress/DevExtreme/actions/runs/34293421625/job/102284743325
"09.09.26, 00:10:49",102286155596,34293421625,1,Build and pack DevExtreme npm packages,custom_bundles,fluent-next/roles-audit,cancelled,,https://github.com/DevExpress/DevExtreme/actions/runs/34293421625/job/102286155596
"09.09.26, 00:01:56",102284131323,34293219219,1,Build and pack DevExtreme npm packages,build,fluent-next/roles-audit,cancelled,Setup nx cache,https://github.com/DevExpress/DevExtreme/actions/runs/34293219219/job/102284131323
"09.09.26, 00:04:36",102284742627,34293219219,1,Build and pack DevExtreme npm packages,custom_bundles,fluent-next/roles-audit,cancelled,,https://github.com/DevExpress/DevExtreme/actions/runs/34293219219/job/102284742627
"09.09.26, 01:37:28",102304521233,34298667230,1,CodeQL,Send notifications,25_1,failure,Set up job,https://github.com/DevExpress/DevExtreme/actions/runs/34298667230/job/102304521233
"09.09.26, 01:33:46",102303784402,34298667482,1,CodeQL,Send notifications,24_2,failure,Set up job,https://github.com/DevExpress/DevExtreme/actions/runs/34298667482/job/102303784402
"09.09.26, 13:29:00",102485283237,34357347698,1,Default Workflow,main,fix/html-editor-ai-demo-typo-26_1,cancelled,Install dependencies,https://github.com/DevExpress/DevExtreme/actions/runs/34357347698/job/102485283237
"09.09.26, 13:06:22",102477287435,34354995040,1,Default Workflow,main,fix/html-editor-ai-demo-typo,cancelled,Run targets,https://github.com/DevExpress/DevExtreme/actions/runs/34354995040/job/102477287435
"09.09.26, 11:58:37",102455347657,34348388693,1,Default Workflow,main,fluent-next/theme-modes,failure,Run targets,https://github.com/DevExpress/DevExtreme/actions/runs/34348388693/job/102455347657
"09.09.26, 12:21:05",102462325018,34348388693,2,Default Workflow,main,fluent-next/theme-modes,failure,Run targets,https://github.com/DevExpress/DevExtreme/actions/runs/34348388693/job/102462325018
"09.09.26, 22:39:51",102672507515,34348388693,3,Default Workflow,main,fluent-next/theme-modes,failure,Run targets,https://github.com/DevExpress/DevExtreme/actions/runs/34348388693/job/102672507515
"10.09.26, 06:24:41",102768006547,34348388693,4,Default Workflow,main,fluent-next/theme-modes,failure,Run targets,https://github.com/DevExpress/DevExtreme/actions/runs/34348388693/job/102768006547
"09.09.26, 09:34:15",102413635676,34335445140,1,Default Workflow,main,retarget_store_method_26_1,failure,Run targets,https://github.com/DevExpress/DevExtreme/actions/runs/34335445140/job/102413635676
"09.09.26, 08:17:20",102390610068,34328270204,1,Default Workflow,main,fluent-next/theme-modes,failure,Run targets,https://github.com/DevExpress/DevExtreme/actions/runs/34328270204/job/102390610068
"09.09.26, 09:29:02",102412055514,34328270204,2,Default Workflow,main,fluent-next/theme-modes,failure,Run targets,https://github.com/DevExpress/DevExtreme/actions/runs/34328270204/job/102412055514
"09.09.26, 08:16:45",102390441463,34328240644,1,Default Workflow,main,fluent-next/theme-modes,cancelled,Setup pnpm cache,https://github.com/DevExpress/DevExtreme/actions/runs/34328240644/job/102390441463
"09.09.26, 00:04:48",102284789160,34293421613,1,Default Workflow,main,fluent-next/roles-audit,cancelled,Post Setup nx cache,https://github.com/DevExpress/DevExtreme/actions/runs/34293421613/job/102284789160
"09.09.26, 00:01:50",102284108335,34293219149,1,Default Workflow,main,fluent-next/roles-audit,cancelled,Run targets,https://github.com/DevExpress/DevExtreme/actions/runs/34293219149/job/102284108335
"09.09.26, 13:29:42",102485527686,34357347577,1,Demos unit tests,Run unit tests,fix/html-editor-ai-demo-typo-26_1,cancelled,,https://github.com/DevExpress/DevExtreme/actions/runs/34357347577/job/102485527686
"09.09.26, 08:16:51",102390474173,34328240679,1,Demos unit tests,Run unit tests,fluent-next/theme-modes,cancelled,Run pnpm/action-setup@v6,https://github.com/DevExpress/DevExtreme/actions/runs/34328240679/job/102390474173
"09.09.26, 09:57:30",102420556640,34336343401,1,Demos Visual Tests,Build Demos Bundles,25_2,failure,,https://github.com/DevExpress/DevExtreme/actions/runs/34336343401/job/102420556640
"09.09.26, 09:57:30",102420556818,34336343401,1,Demos Visual Tests,Check generated demos (2/2),25_2,failure,,https://github.com/DevExpress/DevExtreme/actions/runs/34336343401/job/102420556818
"09.09.26, 13:29:01",102485283832,34357347609,1,Lint,wrappers,fix/html-editor-ai-demo-typo-26_1,cancelled,,https://github.com/DevExpress/DevExtreme/actions/runs/34357347609/job/102485283832
"09.09.26, 13:29:01",102485283833,34357347609,1,Lint,JS,fix/html-editor-ai-demo-typo-26_1,cancelled,Install dependencies,https://github.com/DevExpress/DevExtreme/actions/runs/34357347609/job/102485283833
"09.09.26, 13:29:01",102485283890,34357347609,1,Lint,TS,fix/html-editor-ai-demo-typo-26_1,cancelled,Install dependencies,https://github.com/DevExpress/DevExtreme/actions/runs/34357347609/job/102485283890
"09.09.26, 13:29:01",102485284051,34357347609,1,Lint,texts,fix/html-editor-ai-demo-typo-26_1,cancelled,Install dependencies,https://github.com/DevExpress/DevExtreme/actions/runs/34357347609/job/102485284051
"09.09.26, 13:31:44",102486270885,34357347609,1,Lint,Send notifications,fix/html-editor-ai-demo-typo-26_1,cancelled,,https://github.com/DevExpress/DevExtreme/actions/runs/34357347609/job/102486270885
"09.09.26, 13:06:22",102477288085,34354995015,1,Lint,TS,fix/html-editor-ai-demo-typo,cancelled,Lint TS,https://github.com/DevExpress/DevExtreme/actions/runs/34354995015/job/102477288085
"09.09.26, 13:06:22",102477288116,34354995015,1,Lint,JS,fix/html-editor-ai-demo-typo,cancelled,Lint JS,https://github.com/DevExpress/DevExtreme/actions/runs/34354995015/job/102477288116
"09.09.26, 13:11:16",102479004098,34354995015,1,Lint,Send notifications,fix/html-editor-ai-demo-typo,cancelled,,https://github.com/DevExpress/DevExtreme/actions/runs/34354995015/job/102479004098
"09.09.26, 12:06:22",102457763134,34349126806,1,Lint,JS,feature/26_2_new_fluent_theme_with_design_tokens_5104-fluent-next-refactor-scales-exceptions,failure,,https://github.com/DevExpress/DevExtreme/actions/runs/34349126806/job/102457763134
"09.09.26, 09:34:15",102413636530,34335445207,1,Lint,JS,retarget_store_method_26_1,failure,Build,https://github.com/DevExpress/DevExtreme/actions/runs/34335445207/job/102413636530
"09.09.26, 09:34:15",102413636567,34335445207,1,Lint,TS,retarget_store_method_26_1,failure,Build,https://github.com/DevExpress/DevExtreme/actions/runs/34335445207/job/102413636567
"09.09.26, 09:27:02",102411455382,34334760953,1,Lint,TS,retarget_key_main,cancelled,Post Setup pnpm cache,https://github.com/DevExpress/DevExtreme/actions/runs/34334760953/job/102411455382
"09.09.26, 09:36:04",102414176929,34334760953,1,Lint,Send notifications,retarget_key_main,cancelled,,https://github.com/DevExpress/DevExtreme/actions/runs/34334760953/job/102414176929
"09.09.26, 08:16:44",102390441176,34328240716,1,Lint,texts,fluent-next/theme-modes,cancelled,,https://github.com/DevExpress/DevExtreme/actions/runs/34328240716/job/102390441176
"09.09.26, 08:16:45",102390441444,34328240716,1,Lint,component_exports,fluent-next/theme-modes,cancelled,Use Node.js,https://github.com/DevExpress/DevExtreme/actions/runs/34328240716/job/102390441444
"09.09.26, 08:16:45",102390441570,34328240716,1,Lint,JS,fluent-next/theme-modes,cancelled,,https://github.com/DevExpress/DevExtreme/actions/runs/34328240716/job/102390441570
"09.09.26, 08:16:45",102390441582,34328240716,1,Lint,TS,fluent-next/theme-modes,cancelled,,https://github.com/DevExpress/DevExtreme/actions/runs/34328240716/job/102390441582
"09.09.26, 08:16:45",102390441625,34328240716,1,Lint,wrappers,fluent-next/theme-modes,cancelled,,https://github.com/DevExpress/DevExtreme/actions/runs/34328240716/job/102390441625
"09.09.26, 08:17:07",102390550135,34328240716,1,Lint,Send notifications,fluent-next/theme-modes,cancelled,,https://github.com/DevExpress/DevExtreme/actions/runs/34328240716/job/102390550135
"09.09.26, 00:04:48",102284787884,34293421620,1,Lint,TS,fluent-next/roles-audit,cancelled,Lint TS,https://github.com/DevExpress/DevExtreme/actions/runs/34293421620/job/102284787884
"09.09.26, 00:04:48",102284787977,34293421620,1,Lint,JS,fluent-next/roles-audit,cancelled,Lint JS,https://github.com/DevExpress/DevExtreme/actions/runs/34293421620/job/102284787977
"09.09.26, 00:10:49",102286154011,34293421620,1,Lint,Send notifications,fluent-next/roles-audit,cancelled,,https://github.com/DevExpress/DevExtreme/actions/runs/34293421620/job/102286154011
"09.09.26, 00:01:50",102284108479,34293219193,1,Lint,JS,fluent-next/roles-audit,cancelled,Build,https://github.com/DevExpress/DevExtreme/actions/runs/34293219193/job/102284108479
"09.09.26, 00:01:50",102284108681,34293219193,1,Lint,TS,fluent-next/roles-audit,cancelled,Build,https://github.com/DevExpress/DevExtreme/actions/runs/34293219193/job/102284108681
"09.09.26, 00:01:50",102284108687,34293219193,1,Lint,wrappers,fluent-next/roles-audit,cancelled,Lint wrappers,https://github.com/DevExpress/DevExtreme/actions/runs/34293219193/job/102284108687
"09.09.26, 00:01:50",102284108705,34293219193,1,Lint,texts,fluent-next/roles-audit,cancelled,Check texts,https://github.com/DevExpress/DevExtreme/actions/runs/34293219193/job/102284108705
"09.09.26, 00:04:47",102284786620,34293219193,1,Lint,Send notifications,fluent-next/roles-audit,cancelled,,https://github.com/DevExpress/DevExtreme/actions/runs/34293219193/job/102284786620
"09.09.26, 13:29:00",102485282968,34357347580,1,Playgrounds tests,build,fix/html-editor-ai-demo-typo-26_1,cancelled,Install dependencies,https://github.com/DevExpress/DevExtreme/actions/runs/34357347580/job/102485282968
"09.09.26, 13:32:04",102486393148,34357347580,1,Playgrounds tests,matrix.ARGS.platform,fix/html-editor-ai-demo-typo-26_1,cancelled,,https://github.com/DevExpress/DevExtreme/actions/runs/34357347580/job/102486393148
"09.09.26, 13:06:22",102477287342,34354994994,1,Playgrounds tests,build,fix/html-editor-ai-demo-typo,cancelled,Post Setup nx cache,https://github.com/DevExpress/DevExtreme/actions/runs/34354994994/job/102477287342
"09.09.26, 13:11:03",102478930930,34354994994,1,Playgrounds tests,matrix.ARGS.platform,fix/html-editor-ai-demo-typo,cancelled,,https://github.com/DevExpress/DevExtreme/actions/runs/34354994994/job/102478930930
"09.09.26, 12:06:22",102457762876,34349126726,1,Playgrounds tests,build,feature/26_2_new_fluent_theme_with_design_tokens_5104-fluent-next-refactor-scales-exceptions,failure,,https://github.com/DevExpress/DevExtreme/actions/runs/34349126726/job/102457762876
"09.09.26, 09:34:15",102413636578,34335445284,1,Playgrounds tests,build,retarget_store_method_26_1,failure,Build,https://github.com/DevExpress/DevExtreme/actions/runs/34335445284/job/102413636578
"09.09.26, 09:32:51",102413213897,34334760968,1,Playgrounds tests,angular,retarget_key_main,cancelled,,https://github.com/DevExpress/DevExtreme/actions/runs/34334760968/job/102413213897
"09.09.26, 08:16:45",102390441837,34328240742,1,Playgrounds tests,build,fluent-next/theme-modes,cancelled,Get sources,https://github.com/DevExpress/DevExtreme/actions/runs/34328240742/job/102390441837
"09.09.26, 08:17:13",102390578978,34328240742,1,Playgrounds tests,matrix.ARGS.platform,fluent-next/theme-modes,cancelled,,https://github.com/DevExpress/DevExtreme/actions/runs/34328240742/job/102390578978
"09.09.26, 00:04:49",102284792994,34293421770,1,Playgrounds tests,build,fluent-next/roles-audit,cancelled,Post Setup nx cache,https://github.com/DevExpress/DevExtreme/actions/runs/34293421770/job/102284792994
"09.09.26, 00:10:37",102286108170,34293421770,1,Playgrounds tests,matrix.ARGS.platform,fluent-next/roles-audit,cancelled,,https://github.com/DevExpress/DevExtreme/actions/runs/34293421770/job/102286108170
"09.09.26, 00:01:50",102284108352,34293219228,1,Playgrounds tests,build,fluent-next/roles-audit,cancelled,Build,https://github.com/DevExpress/DevExtreme/actions/runs/34293219228/job/102284108352
"09.09.26, 00:04:49",102284792243,34293219228,1,Playgrounds tests,matrix.ARGS.platform,fluent-next/roles-audit,cancelled,,https://github.com/DevExpress/DevExtreme/actions/runs/34293219228/job/102284792243
"09.09.26, 14:38:58",102511314814,34364401598,1,QUnit tests,ui.grid-shadow-dom,retarget_counting_main,failure,Run QUnit tests,https://github.com/DevExpress/DevExtreme/actions/runs/34364401598/job/102511314814
"09.09.26, 14:38:58",102511314886,34364401598,1,QUnit tests,Constel ui.grid,retarget_counting_main,failure,Run QUnit tests,https://github.com/DevExpress/DevExtreme/actions/runs/34364401598/job/102511314886
"09.09.26, 13:29:00",102485283132,34357347601,1,QUnit tests,Build,fix/html-editor-ai-demo-typo-26_1,cancelled,Install dependencies,https://github.com/DevExpress/DevExtreme/actions/runs/34357347601/job/102485283132
"09.09.26, 13:31:46",102486281069,34357347601,1,QUnit tests,"Constel ${{ matrix.CONSTEL }}${{ (((matrix.TIMEZONE != '') && format('-{0}', matrix.TIMEZONE)) || '') }}${{ (((matrix.CSP == 'false') && '-no-csp') || '') }}",fix/html-editor-ai-demo-typo-26_1,cancelled,,https://github.com/DevExpress/DevExtreme/actions/runs/34357347601/job/102486281069
"09.09.26, 13:31:46",102486281534,34357347601,1,QUnit tests,${{ matrix.constel }}-shadow-dom,fix/html-editor-ai-demo-typo-26_1,cancelled,,https://github.com/DevExpress/DevExtreme/actions/runs/34357347601/job/102486281534
"09.09.26, 13:31:46",102486282027,34357347601,1,QUnit tests,Send notifications,fix/html-editor-ai-demo-typo-26_1,cancelled,,https://github.com/DevExpress/DevExtreme/actions/runs/34357347601/job/102486282027
"09.09.26, 13:15:41",102480557512,34355380861,1,QUnit tests,ui.grid-shadow-dom,refactor/data-controller-extract-scrolling-paging,failure,Run QUnit tests,https://github.com/DevExpress/DevExtreme/actions/runs/34355380861/job/102480557512
"09.09.26, 13:15:41",102480557761,34355380861,1,QUnit tests,Constel ui.grid,refactor/data-controller-extract-scrolling-paging,failure,Run QUnit tests,https://github.com/DevExpress/DevExtreme/actions/runs/34355380861/job/102480557761
"09.09.26, 13:06:22",102477288667,34354994978,1,QUnit tests,Build,fix/html-editor-ai-demo-typo,cancelled,Post Setup pnpm cache,https://github.com/DevExpress/DevExtreme/actions/runs/34354994978/job/102477288667
"09.09.26, 13:11:11",102478976171,34354994978,1,QUnit tests,"Constel ${{ matrix.CONSTEL }}${{ (((matrix.TIMEZONE != '') && format('-{0}', matrix.TIMEZONE)) || '') }}${{ (((matrix.CSP == 'false') && '-no-csp') || '') }}",fix/html-editor-ai-demo-typo,cancelled,,https://github.com/DevExpress/DevExtreme/actions/runs/34354994978/job/102478976171
"09.09.26, 13:11:11",102478976550,34354994978,1,QUnit tests,${{ matrix.constel }}-shadow-dom,fix/html-editor-ai-demo-typo,cancelled,,https://github.com/DevExpress/DevExtreme/actions/runs/34354994978/job/102478976550
"09.09.26, 13:11:11",102478977159,34354994978,1,QUnit tests,Send notifications,fix/html-editor-ai-demo-typo,cancelled,,https://github.com/DevExpress/DevExtreme/actions/runs/34354994978/job/102478977159
"09.09.26, 12:05:08",102457373101,34348388682,1,QUnit tests,Constel ui.grid,fluent-next/theme-modes,failure,,https://github.com/DevExpress/DevExtreme/actions/runs/34348388682/job/102457373101
"09.09.26, 10:58:19",102438083956,34342574894,1,QUnit tests,Constel ui.widgets-no-csp,a11y/tabs-icon-only-accessible-name,failure,Run QUnit tests,https://github.com/DevExpress/DevExtreme/actions/runs/34342574894/job/102438083956
"09.09.26, 10:58:19",102438084020,34342574894,1,QUnit tests,ui.widgets-shadow-dom,a11y/tabs-icon-only-accessible-name,failure,Run QUnit tests,https://github.com/DevExpress/DevExtreme/actions/runs/34342574894/job/102438084020
"09.09.26, 09:34:15",102413637069,34335445250,1,QUnit tests,Build,retarget_store_method_26_1,failure,Build,https://github.com/DevExpress/DevExtreme/actions/runs/34335445250/job/102413637069
"09.09.26, 09:33:48",102413500332,34334761016,1,QUnit tests,ui.grid-shadow-dom,retarget_key_main,cancelled,Run QUnit tests,https://github.com/DevExpress/DevExtreme/actions/runs/34334761016/job/102413500332
"09.09.26, 09:33:48",102413500368,34334761016,1,QUnit tests,ui-shadow-dom,retarget_key_main,cancelled,Run QUnit tests,https://github.com/DevExpress/DevExtreme/actions/runs/34334761016/job/102413500368
"09.09.26, 09:33:48",102413500386,34334761016,1,QUnit tests,ui.widgets-shadow-dom,retarget_key_main,cancelled,Run QUnit tests,https://github.com/DevExpress/DevExtreme/actions/runs/34334761016/job/102413500386
"09.09.26, 09:33:48",102413500404,34334761016,1,QUnit tests,ui.editors-shadow-dom,retarget_key_main,cancelled,Run QUnit tests,https://github.com/DevExpress/DevExtreme/actions/runs/34334761016/job/102413500404
"09.09.26, 09:33:48",102413500408,34334761016,1,QUnit tests,Constel ui.scheduler,retarget_key_main,cancelled,Run QUnit tests,https://github.com/DevExpress/DevExtreme/actions/runs/34334761016/job/102413500408
"09.09.26, 09:33:48",102413500415,34334761016,1,QUnit tests,ui.scheduler-shadow-dom,retarget_key_main,cancelled,Run QUnit tests,https://github.com/DevExpress/DevExtreme/actions/runs/34334761016/job/102413500415
"09.09.26, 09:33:48",102413500425,34334761016,1,QUnit tests,Constel ui,retarget_key_main,cancelled,Run QUnit tests,https://github.com/DevExpress/DevExtreme/actions/runs/34334761016/job/102413500425
"09.09.26, 09:33:48",102413500441,34334761016,1,QUnit tests,Constel ui.grid,retarget_key_main,cancelled,Run QUnit tests,https://github.com/DevExpress/DevExtreme/actions/runs/34334761016/job/102413500441
"09.09.26, 09:33:48",102413500444,34334761016,1,QUnit tests,Constel misc,retarget_key_main,cancelled,Run QUnit tests,https://github.com/DevExpress/DevExtreme/actions/runs/34334761016/job/102413500444
"09.09.26, 09:33:48",102413500486,34334761016,1,QUnit tests,Constel ui.widgets-no-csp,retarget_key_main,cancelled,Run QUnit tests,https://github.com/DevExpress/DevExtreme/actions/runs/34334761016/job/102413500486
"09.09.26, 09:33:48",102413500496,34334761016,1,QUnit tests,Constel ui.scheduler-US/Pacific,retarget_key_main,cancelled,Run QUnit tests,https://github.com/DevExpress/DevExtreme/actions/runs/34334761016/job/102413500496
"09.09.26, 09:33:48",102413500536,34334761016,1,QUnit tests,Constel misc-no-csp,retarget_key_main,cancelled,Run QUnit tests,https://github.com/DevExpress/DevExtreme/actions/runs/34334761016/job/102413500536
"09.09.26, 09:33:48",102413500649,34334761016,1,QUnit tests,Constel ui.editors,retarget_key_main,cancelled,Run QUnit tests,https://github.com/DevExpress/DevExtreme/actions/runs/34334761016/job/102413500649
"09.09.26, 09:36:52",102414415679,34334761016,1,QUnit tests,Send notifications,retarget_key_main,cancelled,,https://github.com/DevExpress/DevExtreme/actions/runs/34334761016/job/102414415679
"09.09.26, 08:32:14",102394989893,34329112073,1,QUnit tests,ui.scheduler-shadow-dom,gh-readonly-queue/main/pr-35090-378a677cfbffc15328e8d78476976cbadcb93190,failure,Run QUnit tests,https://github.com/DevExpress/DevExtreme/actions/runs/34329112073/job/102394989893
"09.09.26, 08:12:06",102389083075,34327220925,1,QUnit tests,Constel ui.scheduler,fluent-next/theme-modes,cancelled,Post Run QUnit tests,https://github.com/DevExpress/DevExtreme/actions/runs/34327220925/job/102389083075
"09.09.26, 08:12:06",102389083078,34327220925,1,QUnit tests,ui.scheduler-shadow-dom,fluent-next/theme-modes,cancelled,Run QUnit tests,https://github.com/DevExpress/DevExtreme/actions/runs/34327220925/job/102389083078
"09.09.26, 08:12:06",102389083089,34327220925,1,QUnit tests,ui.widgets-shadow-dom,fluent-next/theme-modes,cancelled,Run QUnit tests,https://github.com/DevExpress/DevExtreme/actions/runs/34327220925/job/102389083089
"09.09.26, 08:12:06",102389083141,34327220925,1,QUnit tests,Constel ui.widgets-no-csp,fluent-next/theme-modes,cancelled,Run QUnit tests,https://github.com/DevExpress/DevExtreme/actions/runs/34327220925/job/102389083141
"09.09.26, 08:12:06",102389083153,34327220925,1,QUnit tests,ui.editors-shadow-dom,fluent-next/theme-modes,cancelled,Run QUnit tests,https://github.com/DevExpress/DevExtreme/actions/runs/34327220925/job/102389083153
"09.09.26, 08:12:06",102389083162,34327220925,1,QUnit tests,Constel ui.grid,fluent-next/theme-modes,cancelled,Run QUnit tests,https://github.com/DevExpress/DevExtreme/actions/runs/34327220925/job/102389083162
"09.09.26, 08:12:06",102389083189,34327220925,1,QUnit tests,Constel ui.editors,fluent-next/theme-modes,cancelled,Run QUnit tests,https://github.com/DevExpress/DevExtreme/actions/runs/34327220925/job/102389083189
"09.09.26, 08:12:06",102389083300,34327220925,1,QUnit tests,ui.grid-shadow-dom,fluent-next/theme-modes,cancelled,Run QUnit tests,https://github.com/DevExpress/DevExtreme/actions/runs/34327220925/job/102389083300
"09.09.26, 08:12:06",102389083425,34327220925,1,QUnit tests,Constel ui.scheduler-US/Pacific,fluent-next/theme-modes,cancelled,Run QUnit tests,https://github.com/DevExpress/DevExtreme/actions/runs/34327220925/job/102389083425
"09.09.26, 08:17:17",102390596675,34327220925,1,QUnit tests,Send notifications,fluent-next/theme-modes,cancelled,,https://github.com/DevExpress/DevExtreme/actions/runs/34327220925/job/102390596675
"09.09.26, 01:49:14",102306830591,34300398173,1,QUnit tests,ui.widgets-shadow-dom,fluent-next/theme-modes,failure,Run QUnit tests,https://github.com/DevExpress/DevExtreme/actions/runs/34300398173/job/102306830591
"09.09.26, 00:46:08",102293867700,34295985497,1,QUnit tests,ui.widgets-shadow-dom,fluent-next/theme-modes,failure,Run QUnit tests,https://github.com/DevExpress/DevExtreme/actions/runs/34295985497/job/102293867700
"09.09.26, 00:09:31",102285856918,34293421630,1,QUnit tests,ui.scheduler-shadow-dom,fluent-next/roles-audit,cancelled,Run QUnit tests,https://github.com/DevExpress/DevExtreme/actions/runs/34293421630/job/102285856918
"09.09.26, 00:09:31",102285856920,34293421630,1,QUnit tests,ui.widgets-shadow-dom,fluent-next/roles-audit,cancelled,Run QUnit tests,https://github.com/DevExpress/DevExtreme/actions/runs/34293421630/job/102285856920
"09.09.26, 00:09:31",102285856939,34293421630,1,QUnit tests,ui.editors-shadow-dom,fluent-next/roles-audit,cancelled,Run QUnit tests,https://github.com/DevExpress/DevExtreme/actions/runs/34293421630/job/102285856939
"09.09.26, 00:09:31",102285856962,34293421630,1,QUnit tests,ui-shadow-dom,fluent-next/roles-audit,cancelled,Run QUnit tests,https://github.com/DevExpress/DevExtreme/actions/runs/34293421630/job/102285856962
"09.09.26, 00:09:31",102285856976,34293421630,1,QUnit tests,ui.grid-shadow-dom,fluent-next/roles-audit,cancelled,Run QUnit tests,https://github.com/DevExpress/DevExtreme/actions/runs/34293421630/job/102285856976
"09.09.26, 00:09:31",102285857018,34293421630,1,QUnit tests,Constel misc-no-csp,fluent-next/roles-audit,cancelled,Run QUnit tests,https://github.com/DevExpress/DevExtreme/actions/runs/34293421630/job/102285857018
"09.09.26, 00:09:31",102285857031,34293421630,1,QUnit tests,Constel ui.scheduler,fluent-next/roles-audit,cancelled,Run QUnit tests,https://github.com/DevExpress/DevExtreme/actions/runs/34293421630/job/102285857031
"09.09.26, 00:09:31",102285857040,34293421630,1,QUnit tests,Constel ui,fluent-next/roles-audit,cancelled,Run QUnit tests,https://github.com/DevExpress/DevExtreme/actions/runs/34293421630/job/102285857040
"09.09.26, 00:09:31",102285857045,34293421630,1,QUnit tests,Constel ui.scheduler-US/Pacific,fluent-next/roles-audit,cancelled,Run QUnit tests,https://github.com/DevExpress/DevExtreme/actions/runs/34293421630/job/102285857045
"09.09.26, 00:09:31",102285857050,34293421630,1,QUnit tests,Constel ui.grid,fluent-next/roles-audit,cancelled,Run QUnit tests,https://github.com/DevExpress/DevExtreme/actions/runs/34293421630/job/102285857050
"09.09.26, 00:09:31",102285857052,34293421630,1,QUnit tests,Constel misc,fluent-next/roles-audit,cancelled,Run QUnit tests,https://github.com/DevExpress/DevExtreme/actions/runs/34293421630/job/102285857052
"09.09.26, 00:09:31",102285857097,34293421630,1,QUnit tests,Constel ui.editors,fluent-next/roles-audit,cancelled,Run QUnit tests,https://github.com/DevExpress/DevExtreme/actions/runs/34293421630/job/102285857097
"09.09.26, 00:09:31",102285857105,34293421630,1,QUnit tests,Constel ui.widgets-no-csp,fluent-next/roles-audit,cancelled,Run QUnit tests,https://github.com/DevExpress/DevExtreme/actions/runs/34293421630/job/102285857105
"09.09.26, 00:10:50",102286159011,34293421630,1,QUnit tests,Send notifications,fluent-next/roles-audit,cancelled,,https://github.com/DevExpress/DevExtreme/actions/runs/34293421630/job/102286159011
"09.09.26, 00:02:07",102284174334,34293219151,1,QUnit tests,Build,fluent-next/roles-audit,cancelled,Build,https://github.com/DevExpress/DevExtreme/actions/runs/34293219151/job/102284174334
"09.09.26, 00:04:48",102284787978,34293219151,1,QUnit tests,${{ matrix.constel }}-shadow-dom,fluent-next/roles-audit,cancelled,,https://github.com/DevExpress/DevExtreme/actions/runs/34293219151/job/102284787978
"09.09.26, 00:04:48",102284788245,34293219151,1,QUnit tests,Send notifications,fluent-next/roles-audit,cancelled,,https://github.com/DevExpress/DevExtreme/actions/runs/34293219151/job/102284788245
"09.09.26, 00:04:48",102284788279,34293219151,1,QUnit tests,"Constel ${{ matrix.CONSTEL }}${{ (((matrix.TIMEZONE != '') && format('-{0}', matrix.TIMEZONE)) || '') }}${{ (((matrix.CSP == 'false') && '-no-csp') || '') }}",fluent-next/roles-audit,cancelled,,https://github.com/DevExpress/DevExtreme/actions/runs/34293219151/job/102284788279
"09.09.26, 13:29:01",102485285296,34357347712,1,Jest tests,jest-tests,fix/html-editor-ai-demo-typo-26_1,cancelled,Install dependencies,https://github.com/DevExpress/DevExtreme/actions/runs/34357347712/job/102485285296
"09.09.26, 13:32:28",102486539406,34357347712,1,Jest tests,Send notifications,fix/html-editor-ai-demo-typo-26_1,cancelled,,https://github.com/DevExpress/DevExtreme/actions/runs/34357347712/job/102486539406
"09.09.26, 13:06:22",102477287359,34354994985,1,Jest tests,jest-tests,fix/html-editor-ai-demo-typo,cancelled,Jest tests,https://github.com/DevExpress/DevExtreme/actions/runs/34354994985/job/102477287359
"09.09.26, 13:11:16",102479002782,34354994985,1,Jest tests,Send notifications,fix/html-editor-ai-demo-typo,cancelled,,https://github.com/DevExpress/DevExtreme/actions/runs/34354994985/job/102479002782
"09.09.26, 09:34:15",102413636188,34335445175,1,Jest tests,jest-tests,retarget_store_method_26_1,failure,Check test types,https://github.com/DevExpress/DevExtreme/actions/runs/34335445175/job/102413636188
"09.09.26, 08:16:45",102390441364,34328240699,1,Jest tests,jest-tests,fluent-next/theme-modes,cancelled,Run pnpm/action-setup@v6,https://github.com/DevExpress/DevExtreme/actions/runs/34328240699/job/102390441364
"09.09.26, 08:17:16",102390589749,34328240699,1,Jest tests,Send notifications,fluent-next/theme-modes,cancelled,,https://github.com/DevExpress/DevExtreme/actions/runs/34328240699/job/102390589749
"09.09.26, 00:04:48",102284790340,34293421674,1,Jest tests,jest-tests,fluent-next/roles-audit,cancelled,Jest tests,https://github.com/DevExpress/DevExtreme/actions/runs/34293421674/job/102284790340
"09.09.26, 00:10:51",102286161821,34293421674,1,Jest tests,Send notifications,fluent-next/roles-audit,cancelled,,https://github.com/DevExpress/DevExtreme/actions/runs/34293421674/job/102286161821
"09.09.26, 00:01:50",102284108050,34293219099,1,Jest tests,jest-tests,fluent-next/roles-audit,cancelled,Jest tests,https://github.com/DevExpress/DevExtreme/actions/runs/34293219099/job/102284108050
"09.09.26, 00:04:48",102284789158,34293219099,1,Jest tests,Send notifications,fluent-next/roles-audit,cancelled,,https://github.com/DevExpress/DevExtreme/actions/runs/34293219099/job/102284789158
"09.09.26, 13:29:00",102485282788,34357347578,1,Styles tests,Tests,fix/html-editor-ai-demo-typo-26_1,cancelled,Install dependencies,https://github.com/DevExpress/DevExtreme/actions/runs/34357347578/job/102485282788
"09.09.26, 13:32:17",102486469276,34357347578,1,Styles tests,Send notifications,fix/html-editor-ai-demo-typo-26_1,cancelled,,https://github.com/DevExpress/DevExtreme/actions/runs/34357347578/job/102486469276
"09.09.26, 08:16:45",102390441344,34328240639,1,Styles tests,Tests,fluent-next/theme-modes,cancelled,Setup pnpm cache,https://github.com/DevExpress/DevExtreme/actions/runs/34328240639/job/102390441344
"09.09.26, 08:17:23",102390627096,34328240639,1,Styles tests,Send notifications,fluent-next/theme-modes,cancelled,,https://github.com/DevExpress/DevExtreme/actions/runs/34328240639/job/102390627096
"09.09.26, 00:01:50",102284108539,34293219179,1,Styles tests,Tests,fluent-next/roles-audit,cancelled,Run tests,https://github.com/DevExpress/DevExtreme/actions/runs/34293219179/job/102284108539
"09.09.26, 00:04:47",102284785579,34293219179,1,Styles tests,Send notifications,fluent-next/roles-audit,cancelled,,https://github.com/DevExpress/DevExtreme/actions/runs/34293219179/job/102284785579
"09.09.26, 23:14:37",102681020567,34415665300,1,TestCafe tests,scheduler / timezones (America/Los_Angeles) - fluent,typescript/core/events_strategy_5110,cancelled,Run TestCafe tests,https://github.com/DevExpress/DevExtreme/actions/runs/34415665300/job/102681020567
"09.09.26, 21:36:49",102655127803,34407316999,1,TestCafe tests,common - fluent-next,feature/26_2_new_fluent_theme_with_design_tokens_5104-fluent-next-refactor-scales-exceptions,failure,Run TestCafe tests,https://github.com/DevExpress/DevExtreme/actions/runs/34407316999/job/102655127803
"09.09.26, 21:36:49",102655127891,34407316999,1,TestCafe tests,editors - fluent-next,feature/26_2_new_fluent_theme_with_design_tokens_5104-fluent-next-refactor-scales-exceptions,failure,Run TestCafe tests,https://github.com/DevExpress/DevExtreme/actions/runs/34407316999/job/102655127891
"09.09.26, 19:41:32",102617629295,34395811165,1,TestCafe tests,dataGrid (1/4) - fluent-next,feature/26_2_new_fluent_theme_with_design_tokens_5104-fluent-next-refactor-scales-exceptions,failure,Run TestCafe tests,https://github.com/DevExpress/DevExtreme/actions/runs/34395811165/job/102617629295
"09.09.26, 19:41:32",102617629309,34395811165,1,TestCafe tests,dataGrid (3/4) - fluent-next,feature/26_2_new_fluent_theme_with_design_tokens_5104-fluent-next-refactor-scales-exceptions,failure,Run TestCafe tests,https://github.com/DevExpress/DevExtreme/actions/runs/34395811165/job/102617629309
"09.09.26, 19:41:32",102617629357,34395811165,1,TestCafe tests,dataGrid (4/4) - fluent-next,feature/26_2_new_fluent_theme_with_design_tokens_5104-fluent-next-refactor-scales-exceptions,failure,Run TestCafe tests,https://github.com/DevExpress/DevExtreme/actions/runs/34395811165/job/102617629357
"09.09.26, 19:41:32",102617629536,34395811165,1,TestCafe tests,dataGrid (2/4) - fluent-next,feature/26_2_new_fluent_theme_with_design_tokens_5104-fluent-next-refactor-scales-exceptions,failure,Run TestCafe tests,https://github.com/DevExpress/DevExtreme/actions/runs/34395811165/job/102617629536
"09.09.26, 19:48:49",102619999929,34395811165,1,TestCafe tests,quarantine,feature/26_2_new_fluent_theme_with_design_tokens_5104-fluent-next-refactor-scales-exceptions,failure,Run quarantined tests,https://github.com/DevExpress/DevExtreme/actions/runs/34395811165/job/102619999929
"09.09.26, 13:29:21",102485402799,34357347657,1,TestCafe tests,Build DevExtreme,fix/html-editor-ai-demo-typo-26_1,cancelled,Show nx cache contents before save,https://github.com/DevExpress/DevExtreme/actions/runs/34357347657/job/102485402799
"09.09.26, 13:31:44",102486272299,34357347657,1,TestCafe tests,${{ matrix.name }}${{ ((!matrix.theme && ' - fluent') || '') }},fix/html-editor-ai-demo-typo-26_1,cancelled,,https://github.com/DevExpress/DevExtreme/actions/runs/34357347657/job/102486272299
"09.09.26, 13:31:45",102486274389,34357347657,1,TestCafe tests,quarantine,fix/html-editor-ai-demo-typo-26_1,cancelled,,https://github.com/DevExpress/DevExtreme/actions/runs/34357347657/job/102486274389
"09.09.26, 13:31:45",102486274788,34357347657,1,TestCafe tests,Send notifications,fix/html-editor-ai-demo-typo-26_1,cancelled,,https://github.com/DevExpress/DevExtreme/actions/runs/34357347657/job/102486274788
"09.09.26, 13:06:41",102477390609,34354995107,1,TestCafe tests,Build DevExtreme,fix/html-editor-ai-demo-typo,cancelled,Build,https://github.com/DevExpress/DevExtreme/actions/runs/34354995107/job/102477390609
"09.09.26, 13:10:39",102478791036,34354995107,1,TestCafe tests,${{ matrix.name }}${{ ((!matrix.theme && ' - fluent') || '') }},fix/html-editor-ai-demo-typo,cancelled,,https://github.com/DevExpress/DevExtreme/actions/runs/34354995107/job/102478791036
"09.09.26, 13:10:39",102478792365,34354995107,1,TestCafe tests,quarantine,fix/html-editor-ai-demo-typo,cancelled,,https://github.com/DevExpress/DevExtreme/actions/runs/34354995107/job/102478792365
"09.09.26, 13:10:39",102478793298,34354995107,1,TestCafe tests,Send notifications,fix/html-editor-ai-demo-typo,cancelled,,https://github.com/DevExpress/DevExtreme/actions/runs/34354995107/job/102478793298
"09.09.26, 12:38:24",102467928839,34351697798,1,TestCafe tests,dataGrid (4/4) - fluent,refactor/data-controller-extract-summary-loadall-26_1,failure,Run TestCafe tests,https://github.com/DevExpress/DevExtreme/actions/runs/34351697798/job/102467928839
"09.09.26, 12:49:55",102471691444,34351575679,1,TestCafe tests,quarantine,feature/26_2_new_fluent_theme_with_design_tokens_5104-fluent-next-refactor-scales-exceptions,failure,Run quarantined tests,https://github.com/DevExpress/DevExtreme/actions/runs/34351575679/job/102471691444
"09.09.26, 12:36:01",102467152171,34351274580,1,TestCafe tests,dataGrid (1/4) - fluent,a11y/tabs-icon-only-accessible-name,failure,,https://github.com/DevExpress/DevExtreme/actions/runs/34351274580/job/102467152171
"09.09.26, 12:13:35",102459975101,34349126767,1,TestCafe tests,scheduler / common (1/3) - fluent,feature/26_2_new_fluent_theme_with_design_tokens_5104-fluent-next-refactor-scales-exceptions,failure,Run TestCafe tests,https://github.com/DevExpress/DevExtreme/actions/runs/34349126767/job/102459975101
"09.09.26, 12:13:35",102459975153,34349126767,1,TestCafe tests,dataGrid (4/4) - fluent,feature/26_2_new_fluent_theme_with_design_tokens_5104-fluent-next-refactor-scales-exceptions,cancelled,Run TestCafe tests,https://github.com/DevExpress/DevExtreme/actions/runs/34349126767/job/102459975153
"09.09.26, 12:32:27",102465986833,34349126767,1,TestCafe tests,quarantine,feature/26_2_new_fluent_theme_with_design_tokens_5104-fluent-next-refactor-scales-exceptions,cancelled,,https://github.com/DevExpress/DevExtreme/actions/runs/34349126767/job/102465986833
"09.09.26, 12:32:27",102465987490,34349126767,1,TestCafe tests,Send notifications,feature/26_2_new_fluent_theme_with_design_tokens_5104-fluent-next-refactor-scales-exceptions,cancelled,,https://github.com/DevExpress/DevExtreme/actions/runs/34349126767/job/102465987490
"09.09.26, 12:05:10",102457385754,34348388738,1,TestCafe tests,dataGrid (2/4) - fluent,fluent-next/theme-modes,failure,,https://github.com/DevExpress/DevExtreme/actions/runs/34348388738/job/102457385754
"09.09.26, 12:05:10",102457385767,34348388738,1,TestCafe tests,accessibility - fluent-next.dark,fluent-next/theme-modes,failure,,https://github.com/DevExpress/DevExtreme/actions/runs/34348388738/job/102457385767
"09.09.26, 11:38:08",102449574954,34346025561,1,TestCafe tests,scheduler / common (1/3) - fluent-next,feature/26_2_new_fluent_theme_with_design_tokens_5104-fluent-next-refactor-scales-exceptions,failure,Run TestCafe tests,https://github.com/DevExpress/DevExtreme/actions/runs/34346025561/job/102449574954
"09.09.26, 11:44:04",102451193535,34346025561,1,TestCafe tests,quarantine,feature/26_2_new_fluent_theme_with_design_tokens_5104-fluent-next-refactor-scales-exceptions,failure,Run quarantined tests,https://github.com/DevExpress/DevExtreme/actions/runs/34346025561/job/102451193535
"09.09.26, 09:55:18",102419925111,34337378607,1,TestCafe tests,Build DevExtreme,gridcore_cover_filter_behavior_with_tests_26_1,failure,,https://github.com/DevExpress/DevExtreme/actions/runs/34337378607/job/102419925111
"09.09.26, 09:54:49",102419781095,34336719227,1,TestCafe tests,dataGrid (2/4) - fluent,gridcore_move_filter_sync_flag_into_filter_controller_26_1,failure,,https://github.com/DevExpress/DevExtreme/actions/runs/34336719227/job/102419781095
"09.09.26, 09:54:49",102419781277,34336719227,1,TestCafe tests,scheduler / viewOffset (1/2) - fluent,gridcore_move_filter_sync_flag_into_filter_controller_26_1,failure,,https://github.com/DevExpress/DevExtreme/actions/runs/34336719227/job/102419781277
"09.09.26, 09:43:58",102416545369,34336343520,1,TestCafe tests,Build DevExtreme,25_2,failure,,https://github.com/DevExpress/DevExtreme/actions/runs/34336343520/job/102416545369
"09.09.26, 09:48:48",102417998711,34336242163,1,TestCafe tests,cardView - fluent,26_1,failure,Run TestCafe tests,https://github.com/DevExpress/DevExtreme/actions/runs/34336242163/job/102417998711
"09.09.26, 09:34:36",102413739398,34335445214,1,TestCafe tests,Build DevExtreme,retarget_store_method_26_1,failure,Build,https://github.com/DevExpress/DevExtreme/actions/runs/34335445214/job/102413739398
"09.09.26, 09:39:26",102415180445,34335331371,1,TestCafe tests,scheduler / common (2/3) - fluent-next,feature/26_2_new_fluent_theme_with_design_tokens_5104-fluent-next-refactor-scales-exceptions,failure,Run TestCafe tests,https://github.com/DevExpress/DevExtreme/actions/runs/34335331371/job/102415180445
"09.09.26, 09:39:26",102415180481,34335331371,1,TestCafe tests,scheduler / timezones (Europe/Berlin) - fluent-next,feature/26_2_new_fluent_theme_with_design_tokens_5104-fluent-next-refactor-scales-exceptions,failure,Run TestCafe tests,https://github.com/DevExpress/DevExtreme/actions/runs/34335331371/job/102415180481
"09.09.26, 09:39:26",102415180511,34335331371,1,TestCafe tests,scheduler / viewOffset (2/2) - fluent-next,feature/26_2_new_fluent_theme_with_design_tokens_5104-fluent-next-refactor-scales-exceptions,failure,Run TestCafe tests,https://github.com/DevExpress/DevExtreme/actions/runs/34335331371/job/102415180511
"09.09.26, 09:39:26",102415180527,34335331371,1,TestCafe tests,scheduler / timezones (America/Los_Angeles) - fluent-next,feature/26_2_new_fluent_theme_with_design_tokens_5104-fluent-next-refactor-scales-exceptions,failure,Run TestCafe tests,https://github.com/DevExpress/DevExtreme/actions/runs/34335331371/job/102415180527
"09.09.26, 09:39:26",102415180530,34335331371,1,TestCafe tests,scheduler / common (1/3) - fluent-next,feature/26_2_new_fluent_theme_with_design_tokens_5104-fluent-next-refactor-scales-exceptions,failure,Run TestCafe tests,https://github.com/DevExpress/DevExtreme/actions/runs/34335331371/job/102415180530
"09.09.26, 09:39:26",102415180555,34335331371,1,TestCafe tests,scheduler / common (3/3) - fluent-next,feature/26_2_new_fluent_theme_with_design_tokens_5104-fluent-next-refactor-scales-exceptions,failure,Run TestCafe tests,https://github.com/DevExpress/DevExtreme/actions/runs/34335331371/job/102415180555
"09.09.26, 09:39:26",102415180641,34335331371,1,TestCafe tests,scheduler / viewOffset (1/2) - fluent-next,feature/26_2_new_fluent_theme_with_design_tokens_5104-fluent-next-refactor-scales-exceptions,failure,Run TestCafe tests,https://github.com/DevExpress/DevExtreme/actions/runs/34335331371/job/102415180641
"09.09.26, 09:34:00",102413556740,34334760880,1,TestCafe tests,common - fluent,retarget_key_main,cancelled,Run TestCafe tests,https://github.com/DevExpress/DevExtreme/actions/runs/34334760880/job/102413556740
"09.09.26, 09:34:00",102413556749,34334760880,1,TestCafe tests,material - compact,retarget_key_main,cancelled,,https://github.com/DevExpress/DevExtreme/actions/runs/34334760880/job/102413556749
"09.09.26, 09:34:00",102413556752,34334760880,1,TestCafe tests,material,retarget_key_main,cancelled,Run TestCafe tests,https://github.com/DevExpress/DevExtreme/actions/runs/34334760880/job/102413556752
"09.09.26, 09:34:00",102413556804,34334760880,1,TestCafe tests,dataGrid (1/4) - fluent,retarget_key_main,cancelled,Run TestCafe tests,https://github.com/DevExpress/DevExtreme/actions/runs/34334760880/job/102413556804
"09.09.26, 09:34:00",102413556805,34334760880,1,TestCafe tests,scheduler / timezones (Europe/Berlin) - fluent,retarget_key_main,cancelled,,https://github.com/DevExpress/DevExtreme/actions/runs/34334760880/job/102413556805
"09.09.26, 09:34:00",102413556816,34334760880,1,TestCafe tests,dataGrid (2/4) - fluent,retarget_key_main,cancelled,Run TestCafe tests,https://github.com/DevExpress/DevExtreme/actions/runs/34334760880/job/102413556816
"09.09.26, 09:34:00",102413556822,34334760880,1,TestCafe tests,navigation - fluent,retarget_key_main,cancelled,Run TestCafe tests,https://github.com/DevExpress/DevExtreme/actions/runs/34334760880/job/102413556822
"09.09.26, 09:34:00",102413556831,34334760880,1,TestCafe tests,generic,retarget_key_main,cancelled,Install dependencies,https://github.com/DevExpress/DevExtreme/actions/runs/34334760880/job/102413556831
"09.09.26, 09:34:00",102413556833,34334760880,1,TestCafe tests,accessibility - fluent,retarget_key_main,cancelled,Install dependencies,https://github.com/DevExpress/DevExtreme/actions/runs/34334760880/job/102413556833
"09.09.26, 09:34:00",102413556840,34334760880,1,TestCafe tests,scheduler / viewOffset (1/2) - fluent,retarget_key_main,cancelled,Run TestCafe tests,https://github.com/DevExpress/DevExtreme/actions/runs/34334760880/job/102413556840
"09.09.26, 09:34:00",102413556848,34334760880,1,TestCafe tests,dataGrid (3/4) - fluent,retarget_key_main,cancelled,Run TestCafe tests,https://github.com/DevExpress/DevExtreme/actions/runs/34334760880/job/102413556848
"09.09.26, 09:34:00",102413556852,34334760880,1,TestCafe tests,scheduler / common (1/3) - fluent,retarget_key_main,cancelled,Run TestCafe tests,https://github.com/DevExpress/DevExtreme/actions/runs/34334760880/job/102413556852
"09.09.26, 09:34:00",102413556891,34334760880,1,TestCafe tests,editors - fluent,retarget_key_main,cancelled,Install dependencies,https://github.com/DevExpress/DevExtreme/actions/runs/34334760880/job/102413556891
"09.09.26, 09:34:00",102413556918,34334760880,1,TestCafe tests,scheduler / common (3/3) - fluent,retarget_key_main,cancelled,Run TestCafe tests,https://github.com/DevExpress/DevExtreme/actions/runs/34334760880/job/102413556918
"09.09.26, 09:34:00",102413556931,34334760880,1,TestCafe tests,scheduler / common (2/3) - fluent,retarget_key_main,cancelled,Install dependencies,https://github.com/DevExpress/DevExtreme/actions/runs/34334760880/job/102413556931
"09.09.26, 09:34:00",102413556961,34334760880,1,TestCafe tests,cardView - fluent,retarget_key_main,cancelled,Run TestCafe tests,https://github.com/DevExpress/DevExtreme/actions/runs/34334760880/job/102413556961
"09.09.26, 09:34:00",102413556964,34334760880,1,TestCafe tests,scheduler / timezones (America/Los_Angeles) - fluent,retarget_key_main,cancelled,Install dependencies,https://github.com/DevExpress/DevExtreme/actions/runs/34334760880/job/102413556964
"09.09.26, 09:34:00",102413556974,34334760880,1,TestCafe tests,dataGrid (4/4) - fluent,retarget_key_main,cancelled,Install dependencies,https://github.com/DevExpress/DevExtreme/actions/runs/34334760880/job/102413556974
"09.09.26, 09:34:00",102413556995,34334760880,1,TestCafe tests,scheduler / viewOffset (2/2) - fluent,retarget_key_main,cancelled,Run TestCafe tests,https://github.com/DevExpress/DevExtreme/actions/runs/34334760880/job/102413556995
"09.09.26, 09:37:05",102414481978,34334760880,1,TestCafe tests,quarantine,retarget_key_main,cancelled,,https://github.com/DevExpress/DevExtreme/actions/runs/34334760880/job/102414481978
"09.09.26, 09:37:06",102414482916,34334760880,1,TestCafe tests,Send notifications,retarget_key_main,cancelled,,https://github.com/DevExpress/DevExtreme/actions/runs/34334760880/job/102414482916
"09.09.26, 08:35:25",102395926116,34329394133,1,TestCafe tests,scheduler / viewOffset (1/2) - fluent,gridcore_move_filter_build_into_filter_controller_26_1,failure,,https://github.com/DevExpress/DevExtreme/actions/runs/34329394133/job/102395926116
"09.09.26, 08:32:27",102395049023,34329111952,1,TestCafe tests,scheduler / common (1/3) - fluent,gh-readonly-queue/main/pr-35090-378a677cfbffc15328e8d78476976cbadcb93190,failure,,https://github.com/DevExpress/DevExtreme/actions/runs/34329111952/job/102395049023
"09.09.26, 08:32:27",102395049052,34329111952,1,TestCafe tests,generic,gh-readonly-queue/main/pr-35090-378a677cfbffc15328e8d78476976cbadcb93190,failure,,https://github.com/DevExpress/DevExtreme/actions/runs/34329111952/job/102395049052
"09.09.26, 08:31:41",102394820081,34328962668,1,TestCafe tests,dataGrid (1/4) - fluent-next,feature/26_2_new_fluent_theme_with_design_tokens_5104-fluent-next-refactor-scales-exceptions,cancelled,Run TestCafe tests,https://github.com/DevExpress/DevExtreme/actions/runs/34328962668/job/102394820081
"09.09.26, 08:28:51",102393972604,34328770896,1,TestCafe tests,editors - fluent,26_1,cancelled,Run TestCafe tests,https://github.com/DevExpress/DevExtreme/actions/runs/34328770896/job/102393972604
"09.09.26, 08:12:11",102389105436,34327221032,1,TestCafe tests,common - fluent,fluent-next/theme-modes,cancelled,Run TestCafe tests,https://github.com/DevExpress/DevExtreme/actions/runs/34327221032/job/102389105436
"09.09.26, 08:12:11",102389105456,34327221032,1,TestCafe tests,accessibility - material.light,fluent-next/theme-modes,cancelled,Run TestCafe tests,https://github.com/DevExpress/DevExtreme/actions/runs/34327221032/job/102389105456
"09.09.26, 08:12:11",102389105476,34327221032,1,TestCafe tests,accessibility - fluent-next.dark,fluent-next/theme-modes,cancelled,Run TestCafe tests,https://github.com/DevExpress/DevExtreme/actions/runs/34327221032/job/102389105476
"09.09.26, 08:12:11",102389105516,34327221032,1,TestCafe tests,accessibility - fluent,fluent-next/theme-modes,cancelled,Run TestCafe tests,https://github.com/DevExpress/DevExtreme/actions/runs/34327221032/job/102389105516
"09.09.26, 08:12:11",102389105531,34327221032,1,TestCafe tests,dataGrid (1/4) - fluent,fluent-next/theme-modes,cancelled,Run TestCafe tests,https://github.com/DevExpress/DevExtreme/actions/runs/34327221032/job/102389105531
"09.09.26, 08:12:11",102389105535,34327221032,1,TestCafe tests,scheduler / common (2/3) - fluent,fluent-next/theme-modes,cancelled,Run TestCafe tests,https://github.com/DevExpress/DevExtreme/actions/runs/34327221032/job/102389105535
"09.09.26, 08:12:11",102389105545,34327221032,1,TestCafe tests,accessibility - fluent.dark,fluent-next/theme-modes,cancelled,Run TestCafe tests,https://github.com/DevExpress/DevExtreme/actions/runs/34327221032/job/102389105545
"09.09.26, 08:12:11",102389105568,34327221032,1,TestCafe tests,editors - fluent,fluent-next/theme-modes,cancelled,Run TestCafe tests,https://github.com/DevExpress/DevExtreme/actions/runs/34327221032/job/102389105568
"09.09.26, 08:12:11",102389105587,34327221032,1,TestCafe tests,dataGrid (4/4) - fluent,fluent-next/theme-modes,cancelled,Run TestCafe tests,https://github.com/DevExpress/DevExtreme/actions/runs/34327221032/job/102389105587
"09.09.26, 08:12:11",102389105600,34327221032,1,TestCafe tests,dataGrid (2/4) - fluent-next,fluent-next/theme-modes,cancelled,Run TestCafe tests,https://github.com/DevExpress/DevExtreme/actions/runs/34327221032/job/102389105600
"09.09.26, 08:12:11",102389105612,34327221032,1,TestCafe tests,dataGrid (1/4) - fluent-next,fluent-next/theme-modes,cancelled,Run TestCafe tests,https://github.com/DevExpress/DevExtreme/actions/runs/34327221032/job/102389105612
"09.09.26, 08:12:11",102389105620,34327221032,1,TestCafe tests,accessibility - material.dark,fluent-next/theme-modes,cancelled,Run TestCafe tests,https://github.com/DevExpress/DevExtreme/actions/runs/34327221032/job/102389105620
"09.09.26, 08:12:11",102389105621,34327221032,1,TestCafe tests,scheduler / viewOffset (2/2) - fluent,fluent-next/theme-modes,cancelled,Run TestCafe tests,https://github.com/DevExpress/DevExtreme/actions/runs/34327221032/job/102389105621
"09.09.26, 08:12:11",102389105627,34327221032,1,TestCafe tests,navigation - fluent,fluent-next/theme-modes,cancelled,Run TestCafe tests,https://github.com/DevExpress/DevExtreme/actions/runs/34327221032/job/102389105627
"09.09.26, 08:12:11",102389105642,34327221032,1,TestCafe tests,accessibility - fluent-next,fluent-next/theme-modes,cancelled,,https://github.com/DevExpress/DevExtreme/actions/runs/34327221032/job/102389105642
"09.09.26, 08:12:11",102389105663,34327221032,1,TestCafe tests,dataGrid (3/4) - fluent-next,fluent-next/theme-modes,cancelled,Run TestCafe tests,https://github.com/DevExpress/DevExtreme/actions/runs/34327221032/job/102389105663
"09.09.26, 08:12:11",102389105666,34327221032,1,TestCafe tests,scheduler / viewOffset (1/2) - fluent-next,fluent-next/theme-modes,cancelled,Run TestCafe tests,https://github.com/DevExpress/DevExtreme/actions/runs/34327221032/job/102389105666
"09.09.26, 08:12:11",102389105672,34327221032,1,TestCafe tests,scheduler / common (2/3) - fluent-next,fluent-next/theme-modes,cancelled,Run TestCafe tests,https://github.com/DevExpress/DevExtreme/actions/runs/34327221032/job/102389105672
"09.09.26, 08:12:11",102389105679,34327221032,1,TestCafe tests,dataGrid (4/4) - fluent-next,fluent-next/theme-modes,cancelled,Run TestCafe tests,https://github.com/DevExpress/DevExtreme/actions/runs/34327221032/job/102389105679
"09.09.26, 08:12:11",102389105683,34327221032,1,TestCafe tests,dataGrid (2/4) - fluent,fluent-next/theme-modes,cancelled,Run TestCafe tests,https://github.com/DevExpress/DevExtreme/actions/runs/34327221032/job/102389105683
"09.09.26, 08:12:11",102389105686,34327221032,1,TestCafe tests,scheduler / common (3/3) - fluent,fluent-next/theme-modes,cancelled,Run TestCafe tests,https://github.com/DevExpress/DevExtreme/actions/runs/34327221032/job/102389105686
"09.09.26, 08:12:11",102389105694,34327221032,1,TestCafe tests,scheduler / common (3/3) - fluent-next,fluent-next/theme-modes,cancelled,Run TestCafe tests,https://github.com/DevExpress/DevExtreme/actions/runs/34327221032/job/102389105694
"09.09.26, 08:12:11",102389105699,34327221032,1,TestCafe tests,scheduler / viewOffset (1/2) - fluent,fluent-next/theme-modes,cancelled,Run TestCafe tests,https://github.com/DevExpress/DevExtreme/actions/runs/34327221032/job/102389105699
"09.09.26, 08:12:11",102389105702,34327221032,1,TestCafe tests,editors - fluent-next,fluent-next/theme-modes,cancelled,Run TestCafe tests,https://github.com/DevExpress/DevExtreme/actions/runs/34327221032/job/102389105702
"09.09.26, 08:12:11",102389105720,34327221032,1,TestCafe tests,scheduler / common (1/3) - fluent,fluent-next/theme-modes,cancelled,Run TestCafe tests,https://github.com/DevExpress/DevExtreme/actions/runs/34327221032/job/102389105720
"09.09.26, 08:12:11",102389105738,34327221032,1,TestCafe tests,navigation - fluent-next,fluent-next/theme-modes,cancelled,Run TestCafe tests,https://github.com/DevExpress/DevExtreme/actions/runs/34327221032/job/102389105738
"09.09.26, 08:12:11",102389105740,34327221032,1,TestCafe tests,scheduler / viewOffset (2/2) - fluent-next,fluent-next/theme-modes,cancelled,Run TestCafe tests,https://github.com/DevExpress/DevExtreme/actions/runs/34327221032/job/102389105740
"09.09.26, 08:12:11",102389105759,34327221032,1,TestCafe tests,common - fluent-next,fluent-next/theme-modes,cancelled,Run TestCafe tests,https://github.com/DevExpress/DevExtreme/actions/runs/34327221032/job/102389105759
"09.09.26, 08:12:11",102389105763,34327221032,1,TestCafe tests,scheduler / common (1/3) - fluent-next,fluent-next/theme-modes,cancelled,Run TestCafe tests,https://github.com/DevExpress/DevExtreme/actions/runs/34327221032/job/102389105763
"09.09.26, 08:12:11",102389105774,34327221032,1,TestCafe tests,dataGrid (3/4) - fluent,fluent-next/theme-modes,cancelled,Run TestCafe tests,https://github.com/DevExpress/DevExtreme/actions/runs/34327221032/job/102389105774
"09.09.26, 08:17:15",102390585933,34327221032,1,TestCafe tests,quarantine,fluent-next/theme-modes,cancelled,,https://github.com/DevExpress/DevExtreme/actions/runs/34327221032/job/102390585933
"09.09.26, 08:17:15",102390587154,34327221032,1,TestCafe tests,Send notifications,fluent-next/theme-modes,cancelled,,https://github.com/DevExpress/DevExtreme/actions/runs/34327221032/job/102390587154
"09.09.26, 01:49:49",102306942130,34300398230,1,TestCafe tests,common - fluent-next,fluent-next/theme-modes,failure,,https://github.com/DevExpress/DevExtreme/actions/runs/34300398230/job/102306942130
"09.09.26, 00:19:01",102288003122,34293866363,1,TestCafe tests,cardView - fluent-next,fluent-next/roles-audit,failure,Run TestCafe tests,https://github.com/DevExpress/DevExtreme/actions/runs/34293866363/job/102288003122
"09.09.26, 00:05:07",102284858933,34293421747,1,TestCafe tests,Build DevExtreme,fluent-next/roles-audit,cancelled,Post Setup nx cache,https://github.com/DevExpress/DevExtreme/actions/runs/34293421747/job/102284858933
"09.09.26, 00:10:38",102286113654,34293421747,1,TestCafe tests,${{ matrix.name }}${{ ((!matrix.theme && ' - fluent') || '') }},fluent-next/roles-audit,cancelled,,https://github.com/DevExpress/DevExtreme/actions/runs/34293421747/job/102286113654
"09.09.26, 00:10:38",102286114083,34293421747,1,TestCafe tests,quarantine,fluent-next/roles-audit,cancelled,,https://github.com/DevExpress/DevExtreme/actions/runs/34293421747/job/102286114083
"09.09.26, 00:10:38",102286114880,34293421747,1,TestCafe tests,Send notifications,fluent-next/roles-audit,cancelled,,https://github.com/DevExpress/DevExtreme/actions/runs/34293421747/job/102286114880
"09.09.26, 00:02:45",102284316290,34293219150,1,TestCafe tests,Build DevExtreme,fluent-next/roles-audit,cancelled,Show nx cache contents before save,https://github.com/DevExpress/DevExtreme/actions/runs/34293219150/job/102284316290
"09.09.26, 00:04:36",102284745080,34293219150,1,TestCafe tests,${{ matrix.name }}${{ ((!matrix.theme && ' - fluent') || '') }},fluent-next/roles-audit,cancelled,,https://github.com/DevExpress/DevExtreme/actions/runs/34293219150/job/102284745080
"09.09.26, 00:04:36",102284745770,34293219150,1,TestCafe tests,quarantine,fluent-next/roles-audit,cancelled,,https://github.com/DevExpress/DevExtreme/actions/runs/34293219150/job/102284745770
"09.09.26, 00:04:37",102284746228,34293219150,1,TestCafe tests,Send notifications,fluent-next/roles-audit,cancelled,,https://github.com/DevExpress/DevExtreme/actions/runs/34293219150/job/102284746228
"09.09.26, 13:29:01",102485285653,34357347599,1,Themebuilder and Styles tests,test,fix/html-editor-ai-demo-typo-26_1,cancelled,Install dependencies,https://github.com/DevExpress/DevExtreme/actions/runs/34357347599/job/102485285653
"09.09.26, 13:31:54",102486330902,34357347599,1,Themebuilder and Styles tests,Send notifications,fix/html-editor-ai-demo-typo-26_1,cancelled,,https://github.com/DevExpress/DevExtreme/actions/runs/34357347599/job/102486330902
"09.09.26, 13:06:22",102477287777,34354995048,1,Themebuilder and Styles tests,test,fix/html-editor-ai-demo-typo,cancelled,,https://github.com/DevExpress/DevExtreme/actions/runs/34354995048/job/102477287777
"09.09.26, 13:10:32",102478750976,34354995048,1,Themebuilder and Styles tests,Send notifications,fix/html-editor-ai-demo-typo,cancelled,,https://github.com/DevExpress/DevExtreme/actions/runs/34354995048/job/102478750976
"09.09.26, 08:16:45",102390441362,34328240612,1,Themebuilder and Styles tests,test,fluent-next/theme-modes,cancelled,Setup pnpm cache,https://github.com/DevExpress/DevExtreme/actions/runs/34328240612/job/102390441362
"09.09.26, 08:17:22",102390620463,34328240612,1,Themebuilder and Styles tests,Send notifications,fluent-next/theme-modes,cancelled,,https://github.com/DevExpress/DevExtreme/actions/runs/34328240612/job/102390620463
"09.09.26, 00:04:48",102284788798,34293421728,1,Themebuilder and Styles tests,test,fluent-next/roles-audit,cancelled,Post Setup pnpm cache,https://github.com/DevExpress/DevExtreme/actions/runs/34293421728/job/102284788798
"09.09.26, 00:10:38",102286115543,34293421728,1,Themebuilder and Styles tests,Send notifications,fluent-next/roles-audit,cancelled,,https://github.com/DevExpress/DevExtreme/actions/runs/34293421728/job/102286115543
"09.09.26, 00:01:50",102284108339,34293219163,1,Themebuilder and Styles tests,test,fluent-next/roles-audit,cancelled,Build etalon bundles,https://github.com/DevExpress/DevExtreme/actions/runs/34293219163/job/102284108339
"09.09.26, 00:04:48",102284787704,34293219163,1,Themebuilder and Styles tests,Send notifications,fluent-next/roles-audit,cancelled,,https://github.com/DevExpress/DevExtreme/actions/runs/34293219163/job/102284787704
"09.09.26, 13:29:01",102485283761,34357347678,1,TS Declarations,validate-declarations,fix/html-editor-ai-demo-typo-26_1,cancelled,Install dependencies,https://github.com/DevExpress/DevExtreme/actions/runs/34357347678/job/102485283761
"09.09.26, 13:29:01",102485284114,34357347678,1,TS Declarations,check-ts-bundle,fix/html-editor-ai-demo-typo-26_1,cancelled,Install dependencies,https://github.com/DevExpress/DevExtreme/actions/runs/34357347678/job/102485284114
"09.09.26, 13:31:56",102486344426,34357347678,1,TS Declarations,Send notifications,fix/html-editor-ai-demo-typo-26_1,cancelled,,https://github.com/DevExpress/DevExtreme/actions/runs/34357347678/job/102486344426
"09.09.26, 08:16:44",102390441043,34328240642,1,TS Declarations,check-ts-bundle,fluent-next/theme-modes,cancelled,Use Node.js,https://github.com/DevExpress/DevExtreme/actions/runs/34328240642/job/102390441043
"09.09.26, 08:16:44",102390441189,34328240642,1,TS Declarations,validate-declarations,fluent-next/theme-modes,cancelled,,https://github.com/DevExpress/DevExtreme/actions/runs/34328240642/job/102390441189
"09.09.26, 08:17:08",102390551241,34328240642,1,TS Declarations,Send notifications,fluent-next/theme-modes,cancelled,,https://github.com/DevExpress/DevExtreme/actions/runs/34328240642/job/102390551241
"09.09.26, 22:51:47",102675488445,34413568672,1,Demos Visual Tests,CSP check (Angular 1/3),typescript/core/events_strategy_5110,failure,,https://github.com/DevExpress/DevExtreme/actions/runs/34413568672/job/102675488445
"09.09.26, 22:25:35",102668783802,34411339276,1,Demos Visual Tests,vue(3/5)-screenshots-fluent-next.blue.light,feature/26_2_new_fluent_theme_with_design_tokens_5104-fluent-next-refactor-scales-exceptions,failure,Run TestCafe tests,https://github.com/DevExpress/DevExtreme/actions/runs/34411339276/job/102668783802
"09.09.26, 21:43:39",102657106144,34407316732,1,Demos Visual Tests,vue(3/5)-screenshots-fluent-next.blue.light,feature/26_2_new_fluent_theme_with_design_tokens_5104-fluent-next-refactor-scales-exceptions,failure,Run TestCafe tests,https://github.com/DevExpress/DevExtreme/actions/runs/34407316732/job/102657106144
"09.09.26, 20:37:32",102636400668,34401099850,1,Demos Visual Tests,vue(3/5)-screenshots-fluent-next.blue.light,feature/26_2_new_fluent_theme_with_design_tokens_5104-fluent-next-refactor-scales-exceptions,failure,Run TestCafe tests,https://github.com/DevExpress/DevExtreme/actions/runs/34401099850/job/102636400668
"09.09.26, 19:47:54",102619698759,34395811236,1,Demos Visual Tests,react(3/3)-screenshots-fluent-next.blue.light,feature/26_2_new_fluent_theme_with_design_tokens_5104-fluent-next-refactor-scales-exceptions,failure,Run TestCafe tests,https://github.com/DevExpress/DevExtreme/actions/runs/34395811236/job/102619698759
"09.09.26, 19:47:54",102619698767,34395811236,1,Demos Visual Tests,react(1/3)-screenshots-fluent-next.blue.light,feature/26_2_new_fluent_theme_with_design_tokens_5104-fluent-next-refactor-scales-exceptions,failure,Run TestCafe tests,https://github.com/DevExpress/DevExtreme/actions/runs/34395811236/job/102619698767
"09.09.26, 19:47:54",102619698782,34395811236,1,Demos Visual Tests,vue(3/5)-screenshots-fluent-next.blue.light,feature/26_2_new_fluent_theme_with_design_tokens_5104-fluent-next-refactor-scales-exceptions,failure,Run TestCafe tests,https://github.com/DevExpress/DevExtreme/actions/runs/34395811236/job/102619698782
"09.09.26, 19:47:54",102619698788,34395811236,1,Demos Visual Tests,react(2/3)-screenshots-fluent-next.blue.light,feature/26_2_new_fluent_theme_with_design_tokens_5104-fluent-next-refactor-scales-exceptions,failure,Run TestCafe tests,https://github.com/DevExpress/DevExtreme/actions/runs/34395811236/job/102619698788
"09.09.26, 19:47:54",102619698827,34395811236,1,Demos Visual Tests,vue(2/5)-screenshots-fluent-next.blue.light,feature/26_2_new_fluent_theme_with_design_tokens_5104-fluent-next-refactor-scales-exceptions,failure,Run TestCafe tests,https://github.com/DevExpress/DevExtreme/actions/runs/34395811236/job/102619698827
"09.09.26, 19:47:54",102619698855,34395811236,1,Demos Visual Tests,vue(5/5)-screenshots-fluent-next.blue.light,feature/26_2_new_fluent_theme_with_design_tokens_5104-fluent-next-refactor-scales-exceptions,failure,,https://github.com/DevExpress/DevExtreme/actions/runs/34395811236/job/102619698855
"09.09.26, 19:47:54",102619698872,34395811236,1,Demos Visual Tests,vue(1/5)-screenshots-fluent-next.blue.light,feature/26_2_new_fluent_theme_with_design_tokens_5104-fluent-next-refactor-scales-exceptions,failure,Run TestCafe tests,https://github.com/DevExpress/DevExtreme/actions/runs/34395811236/job/102619698872
"09.09.26, 19:47:54",102619698899,34395811236,1,Demos Visual Tests,vue(4/5)-screenshots-fluent-next.blue.light,feature/26_2_new_fluent_theme_with_design_tokens_5104-fluent-next-refactor-scales-exceptions,failure,Run TestCafe tests,https://github.com/DevExpress/DevExtreme/actions/runs/34395811236/job/102619698899
"09.09.26, 19:47:54",102619698931,34395811236,1,Demos Visual Tests,angular(1/10)-screenshots-fluent-next.blue.light,feature/26_2_new_fluent_theme_with_design_tokens_5104-fluent-next-refactor-scales-exceptions,failure,Run TestCafe tests,https://github.com/DevExpress/DevExtreme/actions/runs/34395811236/job/102619698931
"09.09.26, 19:47:54",102619698951,34395811236,1,Demos Visual Tests,angular(3/10)-screenshots-fluent-next.blue.light,feature/26_2_new_fluent_theme_with_design_tokens_5104-fluent-next-refactor-scales-exceptions,failure,Run TestCafe tests,https://github.com/DevExpress/DevExtreme/actions/runs/34395811236/job/102619698951
"09.09.26, 19:47:54",102619698997,34395811236,1,Demos Visual Tests,angular(2/10)-screenshots-fluent-next.blue.light,feature/26_2_new_fluent_theme_with_design_tokens_5104-fluent-next-refactor-scales-exceptions,failure,Run TestCafe tests,https://github.com/DevExpress/DevExtreme/actions/runs/34395811236/job/102619698997
"09.09.26, 19:47:54",102619699029,34395811236,1,Demos Visual Tests,angular(8/10)-screenshots-fluent-next.blue.light,feature/26_2_new_fluent_theme_with_design_tokens_5104-fluent-next-refactor-scales-exceptions,failure,Run TestCafe tests,https://github.com/DevExpress/DevExtreme/actions/runs/34395811236/job/102619699029
"09.09.26, 19:47:54",102619699050,34395811236,1,Demos Visual Tests,angular(9/10)-screenshots-fluent-next.blue.light,feature/26_2_new_fluent_theme_with_design_tokens_5104-fluent-next-refactor-scales-exceptions,failure,Run TestCafe tests,https://github.com/DevExpress/DevExtreme/actions/runs/34395811236/job/102619699050
"09.09.26, 19:47:54",102619699086,34395811236,1,Demos Visual Tests,angular(4/10)-screenshots-fluent-next.blue.light,feature/26_2_new_fluent_theme_with_design_tokens_5104-fluent-next-refactor-scales-exceptions,failure,Run TestCafe tests,https://github.com/DevExpress/DevExtreme/actions/runs/34395811236/job/102619699086
"09.09.26, 19:47:55",102619699188,34395811236,1,Demos Visual Tests,angular(6/10)-screenshots-fluent-next.blue.light,feature/26_2_new_fluent_theme_with_design_tokens_5104-fluent-next-refactor-scales-exceptions,failure,Run TestCafe tests,https://github.com/DevExpress/DevExtreme/actions/runs/34395811236/job/102619699188
"09.09.26, 19:47:55",102619699213,34395811236,1,Demos Visual Tests,angular(5/10)-screenshots-fluent-next.blue.light,feature/26_2_new_fluent_theme_with_design_tokens_5104-fluent-next-refactor-scales-exceptions,failure,Run TestCafe tests,https://github.com/DevExpress/DevExtreme/actions/runs/34395811236/job/102619699213
"09.09.26, 19:47:55",102619699284,34395811236,1,Demos Visual Tests,angular(7/10)-screenshots-fluent-next.blue.light,feature/26_2_new_fluent_theme_with_design_tokens_5104-fluent-next-refactor-scales-exceptions,failure,Run TestCafe tests,https://github.com/DevExpress/DevExtreme/actions/runs/34395811236/job/102619699284
"09.09.26, 14:40:37",102511934953,34364673511,1,Demos Visual Tests,jquery-accessibility-material.blue.dark,khd/fix-min-release-age,failure,,https://github.com/DevExpress/DevExtreme/actions/runs/34364673511/job/102511934953
"09.09.26, 14:34:00",102509432139,34363389524,1,Demos Visual Tests,Check TS and lint code base,remove-inlines-datagrid-cardview-demos,failure,Check TS and lint results,https://github.com/DevExpress/DevExtreme/actions/runs/34363389524/job/102509432139
"09.09.26, 14:34:01",102509432501,34363389524,1,Demos Visual Tests,CSP check (React 2/2),remove-inlines-datagrid-cardview-demos,failure,Run CSP Check,https://github.com/DevExpress/DevExtreme/actions/runs/34363389524/job/102509432501
"09.09.26, 14:34:01",102509432556,34363389524,1,Demos Visual Tests,Check generated demos,remove-inlines-datagrid-cardview-demos,failure,Check generated JS demos,https://github.com/DevExpress/DevExtreme/actions/runs/34363389524/job/102509432556
"09.09.26, 14:37:15",102510670372,34363389524,1,Demos Visual Tests,react(3/3)-screenshots-fluent.blue.light,remove-inlines-datagrid-cardview-demos,failure,Run TestCafe tests,https://github.com/DevExpress/DevExtreme/actions/runs/34363389524/job/102510670372
"10.09.26, 07:41:27",102787173421,34363389524,2,Demos Visual Tests,Check TS and lint code base,remove-inlines-datagrid-cardview-demos,failure,Check TS and lint results,https://github.com/DevExpress/DevExtreme/actions/runs/34363389524/job/102787173421
"10.09.26, 07:41:27",102787173426,34363389524,2,Demos Visual Tests,Check generated demos,remove-inlines-datagrid-cardview-demos,failure,Check generated JS demos,https://github.com/DevExpress/DevExtreme/actions/runs/34363389524/job/102787173426
"10.09.26, 07:41:27",102787173980,34363389524,2,Demos Visual Tests,CSP check (React 2/2),remove-inlines-datagrid-cardview-demos,failure,Run CSP Check,https://github.com/DevExpress/DevExtreme/actions/runs/34363389524/job/102787173980
"10.09.26, 07:41:28",102787177848,34363389524,2,Demos Visual Tests,react(3/3)-screenshots-fluent.blue.light,remove-inlines-datagrid-cardview-demos,failure,Run TestCafe tests,https://github.com/DevExpress/DevExtreme/actions/runs/34363389524/job/102787177848
"09.09.26, 14:05:03",102498544888,34360310818,1,Demos Visual Tests,CSP check (jQuery),refactor/data-controller-extract-scrolling-paging,cancelled,Run CSP Check,https://github.com/DevExpress/DevExtreme/actions/runs/34360310818/job/102498544888
"09.09.26, 14:09:03",102500059754,34360310818,1,Demos Visual Tests,react(1/3)-screenshots-fluent.blue.light,refactor/data-controller-extract-scrolling-paging,cancelled,Run TestCafe tests,https://github.com/DevExpress/DevExtreme/actions/runs/34360310818/job/102500059754
"09.09.26, 14:09:03",102500059760,34360310818,1,Demos Visual Tests,react(2/3)-screenshots-fluent.blue.light,refactor/data-controller-extract-scrolling-paging,cancelled,,https://github.com/DevExpress/DevExtreme/actions/runs/34360310818/job/102500059760
"09.09.26, 14:09:03",102500059774,34360310818,1,Demos Visual Tests,vue(1/5)-screenshots-fluent.blue.light,refactor/data-controller-extract-scrolling-paging,cancelled,,https://github.com/DevExpress/DevExtreme/actions/runs/34360310818/job/102500059774
"09.09.26, 14:09:03",102500059809,34360310818,1,Demos Visual Tests,angular(1/10)-screenshots-fluent.blue.light,refactor/data-controller-extract-scrolling-paging,cancelled,,https://github.com/DevExpress/DevExtreme/actions/runs/34360310818/job/102500059809
"09.09.26, 14:09:03",102500059879,34360310818,1,Demos Visual Tests,react(3/3)-screenshots-fluent.blue.light,refactor/data-controller-extract-scrolling-paging,cancelled,,https://github.com/DevExpress/DevExtreme/actions/runs/34360310818/job/102500059879
"09.09.26, 14:09:03",102500059954,34360310818,1,Demos Visual Tests,vue(5/5)-screenshots-fluent.blue.light,refactor/data-controller-extract-scrolling-paging,cancelled,,https://github.com/DevExpress/DevExtreme/actions/runs/34360310818/job/102500059954
"09.09.26, 14:09:03",102500060087,34360310818,1,Demos Visual Tests,angular(2/10)-screenshots-fluent.blue.light,refactor/data-controller-extract-scrolling-paging,cancelled,,https://github.com/DevExpress/DevExtreme/actions/runs/34360310818/job/102500060087
"09.09.26, 14:09:03",102500060100,34360310818,1,Demos Visual Tests,vue(4/5)-screenshots-fluent.blue.light,refactor/data-controller-extract-scrolling-paging,cancelled,,https://github.com/DevExpress/DevExtreme/actions/runs/34360310818/job/102500060100
"09.09.26, 14:14:31",102502112271,34360310818,1,Demos Visual Tests,CSP Violations Summary,refactor/data-controller-extract-scrolling-paging,cancelled,,https://github.com/DevExpress/DevExtreme/actions/runs/34360310818/job/102502112271
"09.09.26, 14:14:52",102502239845,34360310818,1,Demos Visual Tests,merge-artifacts,refactor/data-controller-extract-scrolling-paging,cancelled,,https://github.com/DevExpress/DevExtreme/actions/runs/34360310818/job/102502239845
"09.09.26, 13:50:00",102492961671,34358184124,1,Demos Visual Tests,CSP check (React 2/2),feature/26_2_new_fluent_theme_with_design_tokens_5104-fluent-next-refactor-scales-exceptions,failure,,https://github.com/DevExpress/DevExtreme/actions/runs/34358184124/job/102492961671
"09.09.26, 13:54:42",102494695750,34358184124,1,Demos Visual Tests,vue(3/5)-screenshots-fluent-next.blue.light,feature/26_2_new_fluent_theme_with_design_tokens_5104-fluent-next-refactor-scales-exceptions,failure,Run TestCafe tests,https://github.com/DevExpress/DevExtreme/actions/runs/34358184124/job/102494695750
"09.09.26, 14:29:35",102507761902,34358184124,2,Demos Visual Tests,vue(3/5)-screenshots-fluent-next.blue.light,feature/26_2_new_fluent_theme_with_design_tokens_5104-fluent-next-refactor-scales-exceptions,failure,Run TestCafe tests,https://github.com/DevExpress/DevExtreme/actions/runs/34358184124/job/102507761902
"09.09.26, 13:29:36",102485490261,34357347629,1,Demos Visual Tests,Build DevExtreme,fix/html-editor-ai-demo-typo-26_1,cancelled,Install dependencies,https://github.com/DevExpress/DevExtreme/actions/runs/34357347629/job/102485490261
"09.09.26, 13:32:18",102486474909,34357347629,1,Demos Visual Tests,Check generated demos (changed only),fix/html-editor-ai-demo-typo-26_1,cancelled,,https://github.com/DevExpress/DevExtreme/actions/runs/34357347629/job/102486474909
"09.09.26, 13:32:18",102486475098,34357347629,1,Demos Visual Tests,Check generated demos,fix/html-editor-ai-demo-typo-26_1,cancelled,,https://github.com/DevExpress/DevExtreme/actions/runs/34357347629/job/102486475098
"09.09.26, 13:32:18",102486475415,34357347629,1,Demos Visual Tests,Build Demos Bundles,fix/html-editor-ai-demo-typo-26_1,cancelled,,https://github.com/DevExpress/DevExtreme/actions/runs/34357347629/job/102486475415
"09.09.26, 13:32:18",102486475713,34357347629,1,Demos Visual Tests,"matrix.SHARD_TOTAL == 1 && format('CSP check ({0})', matrix.FRAMEWORK) || format('CSP check ({0} {1}/{2})', matrix.FRAMEWORK, matrix.SHARD_INDEX, matrix.SHARD_TOTAL)",fix/html-editor-ai-demo-typo-26_1,cancelled,,https://github.com/DevExpress/DevExtreme/actions/runs/34357347629/job/102486475713
"09.09.26, 13:32:18",102486475823,34357347629,1,Demos Visual Tests,CSP check (jQuery),fix/html-editor-ai-demo-typo-26_1,cancelled,,https://github.com/DevExpress/DevExtreme/actions/runs/34357347629/job/102486475823
"09.09.26, 13:32:18",102486475849,34357347629,1,Demos Visual Tests,${{ matrix.CONSTEL }}-${{ matrix.STRATEGY }}-${{ matrix.THEME }},fix/html-editor-ai-demo-typo-26_1,cancelled,,https://github.com/DevExpress/DevExtreme/actions/runs/34357347629/job/102486475849
"09.09.26, 13:32:18",102486476265,34357347629,1,Demos Visual Tests,Check TS and lint code base,fix/html-editor-ai-demo-typo-26_1,cancelled,,https://github.com/DevExpress/DevExtreme/actions/runs/34357347629/job/102486476265
"09.09.26, 13:32:18",102486477513,34357347629,1,Demos Visual Tests,${{ matrix.CONSTEL }}-screenshots-${{ matrix.THEME }},fix/html-editor-ai-demo-typo-26_1,cancelled,,https://github.com/DevExpress/DevExtreme/actions/runs/34357347629/job/102486477513
"09.09.26, 13:32:18",102486477535,34357347629,1,Demos Visual Tests,${{ matrix.CONSTEL }}-screenshots-${{ matrix.THEME }},fix/html-editor-ai-demo-typo-26_1,cancelled,,https://github.com/DevExpress/DevExtreme/actions/runs/34357347629/job/102486477535
"09.09.26, 13:32:18",102486477703,34357347629,1,Demos Visual Tests,CSP Violations Summary,fix/html-editor-ai-demo-typo-26_1,cancelled,,https://github.com/DevExpress/DevExtreme/actions/runs/34357347629/job/102486477703
"09.09.26, 13:32:19",102486479317,34357347629,1,Demos Visual Tests,merge-artifacts,fix/html-editor-ai-demo-typo-26_1,cancelled,,https://github.com/DevExpress/DevExtreme/actions/runs/34357347629/job/102486479317
"09.09.26, 13:24:22",102483635460,34355894441,1,Demos Visual Tests,CSP check (Angular 3/3),revert/demo-render-signal-origin,cancelled,Run CSP Check,https://github.com/DevExpress/DevExtreme/actions/runs/34355894441/job/102483635460
"09.09.26, 13:24:22",102483635501,34355894441,1,Demos Visual Tests,jquery-accessibility-material.blue.light,revert/demo-render-signal-origin,cancelled,Run TestCafe tests (jQuery),https://github.com/DevExpress/DevExtreme/actions/runs/34355894441/job/102483635501
"09.09.26, 13:31:42",102486257729,34355894441,1,Demos Visual Tests,vue(2/5)-screenshots-fluent.blue.light,revert/demo-render-signal-origin,cancelled,Run TestCafe tests,https://github.com/DevExpress/DevExtreme/actions/runs/34355894441/job/102486257729
"09.09.26, 13:31:42",102486257785,34355894441,1,Demos Visual Tests,vue(3/5)-screenshots-fluent.blue.light,revert/demo-render-signal-origin,cancelled,Run TestCafe tests,https://github.com/DevExpress/DevExtreme/actions/runs/34355894441/job/102486257785
"09.09.26, 13:31:42",102486257794,34355894441,1,Demos Visual Tests,react(3/3)-screenshots-fluent.blue.light,revert/demo-render-signal-origin,cancelled,Run TestCafe tests,https://github.com/DevExpress/DevExtreme/actions/runs/34355894441/job/102486257794
"09.09.26, 13:31:42",102486257812,34355894441,1,Demos Visual Tests,vue(5/5)-screenshots-fluent.blue.light,revert/demo-render-signal-origin,cancelled,Run TestCafe tests,https://github.com/DevExpress/DevExtreme/actions/runs/34355894441/job/102486257812
"09.09.26, 13:31:42",102486257817,34355894441,1,Demos Visual Tests,react(1/3)-screenshots-fluent.blue.light,revert/demo-render-signal-origin,cancelled,Run TestCafe tests,https://github.com/DevExpress/DevExtreme/actions/runs/34355894441/job/102486257817
"09.09.26, 13:31:42",102486257825,34355894441,1,Demos Visual Tests,react(2/3)-screenshots-fluent.blue.light,revert/demo-render-signal-origin,cancelled,Run TestCafe tests,https://github.com/DevExpress/DevExtreme/actions/runs/34355894441/job/102486257825
"09.09.26, 13:31:42",102486257881,34355894441,1,Demos Visual Tests,angular(1/10)-screenshots-fluent.blue.light,revert/demo-render-signal-origin,cancelled,Run TestCafe tests,https://github.com/DevExpress/DevExtreme/actions/runs/34355894441/job/102486257881
"09.09.26, 13:31:42",102486257892,34355894441,1,Demos Visual Tests,angular(9/10)-screenshots-fluent.blue.light,revert/demo-render-signal-origin,cancelled,Run TestCafe tests,https://github.com/DevExpress/DevExtreme/actions/runs/34355894441/job/102486257892
"09.09.26, 13:31:42",102486257905,34355894441,1,Demos Visual Tests,angular(2/10)-screenshots-fluent.blue.light,revert/demo-render-signal-origin,cancelled,Run TestCafe tests,https://github.com/DevExpress/DevExtreme/actions/runs/34355894441/job/102486257905
"09.09.26, 13:31:42",102486257908,34355894441,1,Demos Visual Tests,angular(4/10)-screenshots-fluent.blue.light,revert/demo-render-signal-origin,cancelled,Run TestCafe tests,https://github.com/DevExpress/DevExtreme/actions/runs/34355894441/job/102486257908
"09.09.26, 13:31:42",102486257917,34355894441,1,Demos Visual Tests,angular(7/10)-screenshots-fluent.blue.light,revert/demo-render-signal-origin,cancelled,Run TestCafe tests,https://github.com/DevExpress/DevExtreme/actions/runs/34355894441/job/102486257917
"09.09.26, 13:31:42",102486257921,34355894441,1,Demos Visual Tests,vue(1/5)-screenshots-fluent.blue.light,revert/demo-render-signal-origin,cancelled,Run TestCafe tests,https://github.com/DevExpress/DevExtreme/actions/runs/34355894441/job/102486257921
"09.09.26, 13:31:42",102486257954,34355894441,1,Demos Visual Tests,angular(5/10)-screenshots-fluent.blue.light,revert/demo-render-signal-origin,cancelled,Run TestCafe tests,https://github.com/DevExpress/DevExtreme/actions/runs/34355894441/job/102486257954
"09.09.26, 13:31:42",102486257965,34355894441,1,Demos Visual Tests,vue(4/5)-screenshots-fluent.blue.light,revert/demo-render-signal-origin,cancelled,Run TestCafe tests,https://github.com/DevExpress/DevExtreme/actions/runs/34355894441/job/102486257965
"09.09.26, 13:31:42",102486258035,34355894441,1,Demos Visual Tests,angular(10/10)-screenshots-fluent.blue.light,revert/demo-render-signal-origin,cancelled,,https://github.com/DevExpress/DevExtreme/actions/runs/34355894441/job/102486258035
"09.09.26, 13:31:42",102486258117,34355894441,1,Demos Visual Tests,angular(8/10)-screenshots-fluent.blue.light,revert/demo-render-signal-origin,cancelled,Run TestCafe tests,https://github.com/DevExpress/DevExtreme/actions/runs/34355894441/job/102486258117
"09.09.26, 13:31:42",102486258118,34355894441,1,Demos Visual Tests,angular(6/10)-screenshots-fluent.blue.light,revert/demo-render-signal-origin,cancelled,Run TestCafe tests,https://github.com/DevExpress/DevExtreme/actions/runs/34355894441/job/102486258118
"09.09.26, 13:31:42",102486258173,34355894441,1,Demos Visual Tests,angular(3/10)-screenshots-fluent.blue.light,revert/demo-render-signal-origin,cancelled,Install dependencies,https://github.com/DevExpress/DevExtreme/actions/runs/34355894441/job/102486258173
"09.09.26, 13:37:57",102488542759,34355894441,1,Demos Visual Tests,CSP Violations Summary,revert/demo-render-signal-origin,cancelled,,https://github.com/DevExpress/DevExtreme/actions/runs/34355894441/job/102488542759
"09.09.26, 13:38:11",102488623873,34355894441,1,Demos Visual Tests,merge-artifacts,revert/demo-render-signal-origin,cancelled,,https://github.com/DevExpress/DevExtreme/actions/runs/34355894441/job/102488623873
"09.09.26, 13:28:31",102485108205,34355702517,1,Demos Visual Tests,angular(3/10)-screenshots-fluent.blue.light,26_1,failure,,https://github.com/DevExpress/DevExtreme/actions/runs/34355702517/job/102485108205
"09.09.26, 13:28:31",102485108229,34355702517,1,Demos Visual Tests,angular(2/10)-screenshots-fluent.blue.light,26_1,failure,Run TestCafe tests,https://github.com/DevExpress/DevExtreme/actions/runs/34355702517/job/102485108229
"09.09.26, 13:19:09",102481783124,34355006967,1,Demos Visual Tests,angular(1/10)-screenshots-fluent.blue.light,26_1,failure,Run TestCafe tests,https://github.com/DevExpress/DevExtreme/actions/runs/34355006967/job/102481783124
"09.09.26, 13:06:44",102477408650,34354995012,1,Demos Visual Tests,Build DevExtreme,fix/html-editor-ai-demo-typo,cancelled,DevExtreme - Build-all,https://github.com/DevExpress/DevExtreme/actions/runs/34354995012/job/102477408650
"09.09.26, 13:10:41",102478804004,34354995012,1,Demos Visual Tests,"Build vendor bundles (React, Vue)",fix/html-editor-ai-demo-typo,cancelled,,https://github.com/DevExpress/DevExtreme/actions/runs/34354995012/job/102478804004
"09.09.26, 13:10:41",102478804404,34354995012,1,Demos Visual Tests,Check generated demos,fix/html-editor-ai-demo-typo,cancelled,,https://github.com/DevExpress/DevExtreme/actions/runs/34354995012/job/102478804404
"09.09.26, 13:10:41",102478804709,34354995012,1,Demos Visual Tests,"matrix.SHARD_TOTAL == 1 && format('CSP check ({0})', matrix.FRAMEWORK) || format('CSP check ({0} {1}/{2})', matrix.FRAMEWORK, matrix.SHARD_INDEX, matrix.SHARD_TOTAL)",fix/html-editor-ai-demo-typo,cancelled,,https://github.com/DevExpress/DevExtreme/actions/runs/34354995012/job/102478804709
"09.09.26, 13:10:41",102478804990,34354995012,1,Demos Visual Tests,${{ matrix.CONSTEL }}-${{ matrix.STRATEGY }}-${{ matrix.THEME }},fix/html-editor-ai-demo-typo,cancelled,,https://github.com/DevExpress/DevExtreme/actions/runs/34354995012/job/102478804990
"09.09.26, 13:10:41",102478805027,34354995012,1,Demos Visual Tests,"matrix.SHARD_TOTAL == 1 && format('Build demos ({0})', matrix.FRAMEWORK) || format('Build demos ({0} {1}/{2})', matrix.FRAMEWORK, matrix.SHARD_INDEX, matrix.SHARD_TOTAL)",fix/html-editor-ai-demo-typo,cancelled,,https://github.com/DevExpress/DevExtreme/actions/runs/34354995012/job/102478805027
"09.09.26, 13:10:41",102478805033,34354995012,1,Demos Visual Tests,CSP check (jQuery),fix/html-editor-ai-demo-typo,cancelled,,https://github.com/DevExpress/DevExtreme/actions/runs/34354995012/job/102478805033
"09.09.26, 13:10:41",102478805505,34354995012,1,Demos Visual Tests,Check TS and lint code base,fix/html-editor-ai-demo-typo,cancelled,,https://github.com/DevExpress/DevExtreme/actions/runs/34354995012/job/102478805505
"09.09.26, 13:10:41",102478805599,34354995012,1,Demos Visual Tests,CSP Violations Summary,fix/html-editor-ai-demo-typo,cancelled,,https://github.com/DevExpress/DevExtreme/actions/runs/34354995012/job/102478805599
"09.09.26, 13:10:41",102478806387,34354995012,1,Demos Visual Tests,${{ matrix.CONSTEL }}-screenshots-${{ matrix.THEME }},fix/html-editor-ai-demo-typo,cancelled,,https://github.com/DevExpress/DevExtreme/actions/runs/34354995012/job/102478806387
"09.09.26, 13:10:42",102478807210,34354995012,1,Demos Visual Tests,merge-artifacts,fix/html-editor-ai-demo-typo,cancelled,,https://github.com/DevExpress/DevExtreme/actions/runs/34354995012/job/102478807210
"09.09.26, 12:56:27",102473873943,34352997085,1,Demos Visual Tests,Check generated demos,remove-inlines-datagrid-cardview-demos,failure,Check generated JS demos,https://github.com/DevExpress/DevExtreme/actions/runs/34352997085/job/102473873943
"09.09.26, 12:56:27",102473873988,34352997085,1,Demos Visual Tests,Check TS and lint code base,remove-inlines-datagrid-cardview-demos,failure,Check TS and lint results,https://github.com/DevExpress/DevExtreme/actions/runs/34352997085/job/102473873988
"09.09.26, 13:10:27",102478722764,34352997085,2,Demos Visual Tests,Check TS and lint code base,remove-inlines-datagrid-cardview-demos,failure,Check TS and lint results,https://github.com/DevExpress/DevExtreme/actions/runs/34352997085/job/102478722764
"09.09.26, 13:10:27",102478722936,34352997085,2,Demos Visual Tests,Check generated demos,remove-inlines-datagrid-cardview-demos,failure,Check generated JS demos,https://github.com/DevExpress/DevExtreme/actions/runs/34352997085/job/102478722936
"09.09.26, 12:45:48",102470352278,34351902415,1,Demos Visual Tests,Check generated demos,remove-inlines-from-react-datagrid-demos,failure,Check generated JS demos,https://github.com/DevExpress/DevExtreme/actions/runs/34351902415/job/102470352278
"09.09.26, 12:45:48",102470352280,34351902415,1,Demos Visual Tests,Check TS and lint code base,remove-inlines-from-react-datagrid-demos,failure,Check TS and lint results,https://github.com/DevExpress/DevExtreme/actions/runs/34351902415/job/102470352280
"09.09.26, 12:55:14",102473464269,34351902415,1,Demos Visual Tests,vue(1/5)-screenshots-fluent.blue.light,remove-inlines-from-react-datagrid-demos,failure,,https://github.com/DevExpress/DevExtreme/actions/runs/34351902415/job/102473464269
"09.09.26, 12:55:14",102473464347,34351902415,1,Demos Visual Tests,vue(2/5)-screenshots-fluent.blue.light,remove-inlines-from-react-datagrid-demos,failure,,https://github.com/DevExpress/DevExtreme/actions/runs/34351902415/job/102473464347
"09.09.26, 12:49:28",102471545094,34351575770,1,Demos Visual Tests,vue(3/5)-screenshots-fluent-next.blue.light,feature/26_2_new_fluent_theme_with_design_tokens_5104-fluent-next-refactor-scales-exceptions,failure,Run TestCafe tests,https://github.com/DevExpress/DevExtreme/actions/runs/34351575770/job/102471545094
"09.09.26, 12:49:28",102471545117,34351575770,1,Demos Visual Tests,vue(5/5)-screenshots-fluent.blue.light,feature/26_2_new_fluent_theme_with_design_tokens_5104-fluent-next-refactor-scales-exceptions,failure,,https://github.com/DevExpress/DevExtreme/actions/runs/34351575770/job/102471545117
"09.09.26, 12:49:28",102471545213,34351575770,1,Demos Visual Tests,vue(5/5)-screenshots-fluent-next.blue.light,feature/26_2_new_fluent_theme_with_design_tokens_5104-fluent-next-refactor-scales-exceptions,failure,,https://github.com/DevExpress/DevExtreme/actions/runs/34351575770/job/102471545213
"09.09.26, 13:08:59",102478191136,34351575770,2,Demos Visual Tests,vue(3/5)-screenshots-fluent-next.blue.light,feature/26_2_new_fluent_theme_with_design_tokens_5104-fluent-next-refactor-scales-exceptions,failure,Run TestCafe tests,https://github.com/DevExpress/DevExtreme/actions/runs/34351575770/job/102478191136
"09.09.26, 12:52:48",102472653778,34351274739,1,Demos Visual Tests,angular(6/10)-screenshots-fluent.blue.light,a11y/tabs-icon-only-accessible-name,failure,,https://github.com/DevExpress/DevExtreme/actions/runs/34351274739/job/102472653778
"09.09.26, 12:52:48",102472653882,34351274739,1,Demos Visual Tests,react(1/3)-screenshots-fluent.blue.light,a11y/tabs-icon-only-accessible-name,failure,,https://github.com/DevExpress/DevExtreme/actions/runs/34351274739/job/102472653882
"09.09.26, 12:52:48",102472654006,34351274739,1,Demos Visual Tests,angular(7/10)-screenshots-fluent.blue.light,a11y/tabs-icon-only-accessible-name,failure,,https://github.com/DevExpress/DevExtreme/actions/runs/34351274739/job/102472654006
"09.09.26, 12:17:19",102461144648,34349126771,1,Demos Visual Tests,react(2/3)-screenshots-fluent.blue.light,feature/26_2_new_fluent_theme_with_design_tokens_5104-fluent-next-refactor-scales-exceptions,failure,,https://github.com/DevExpress/DevExtreme/actions/runs/34349126771/job/102461144648
"09.09.26, 12:17:19",102461144657,34349126771,1,Demos Visual Tests,vue(3/5)-screenshots-fluent-next.blue.light,feature/26_2_new_fluent_theme_with_design_tokens_5104-fluent-next-refactor-scales-exceptions,failure,Run TestCafe tests,https://github.com/DevExpress/DevExtreme/actions/runs/34349126771/job/102461144657
"09.09.26, 11:45:25",102451556528,34346025484,1,Demos Visual Tests,vue(3/5)-screenshots-fluent-next.blue.light,feature/26_2_new_fluent_theme_with_design_tokens_5104-fluent-next-refactor-scales-exceptions,failure,Run TestCafe tests,https://github.com/DevExpress/DevExtreme/actions/runs/34346025484/job/102451556528
"09.09.26, 12:00:09",102455806596,34346025484,2,Demos Visual Tests,vue(3/5)-screenshots-fluent-next.blue.light,feature/26_2_new_fluent_theme_with_design_tokens_5104-fluent-next-refactor-scales-exceptions,failure,Run TestCafe tests,https://github.com/DevExpress/DevExtreme/actions/runs/34346025484/job/102455806596
"09.09.26, 11:15:45",102443136630,34343560298,1,Demos Visual Tests,angular(4/10)-screenshots-fluent.blue.light,26_1,failure,,https://github.com/DevExpress/DevExtreme/actions/runs/34343560298/job/102443136630
"09.09.26, 09:55:30",102419982034,34336337927,1,Demos Visual Tests,CSP check (Angular 1/3),26_1,failure,,https://github.com/DevExpress/DevExtreme/actions/runs/34336337927/job/102419982034
"09.09.26, 09:55:30",102419982075,34336337927,1,Demos Visual Tests,CSP check (Vue 2/2),26_1,failure,,https://github.com/DevExpress/DevExtreme/actions/runs/34336337927/job/102419982075
"09.09.26, 09:45:00",102416853783,34335604390,1,Demos Visual Tests,Check generated demos,retarget_key_main,failure,,https://github.com/DevExpress/DevExtreme/actions/runs/34335604390/job/102416853783
"09.09.26, 09:34:46",102413786280,34335445202,1,Demos Visual Tests,Build DevExtreme,retarget_store_method_26_1,failure,DevExtreme - Build,https://github.com/DevExpress/DevExtreme/actions/runs/34335445202/job/102413786280
"09.09.26, 09:47:28",102417598028,34335331346,1,Demos Visual Tests,react(2/3)-screenshots-fluent-next.blue.light,feature/26_2_new_fluent_theme_with_design_tokens_5104-fluent-next-refactor-scales-exceptions,failure,Run TestCafe tests,https://github.com/DevExpress/DevExtreme/actions/runs/34335331346/job/102417598028
"09.09.26, 09:47:28",102417598052,34335331346,1,Demos Visual Tests,vue(3/5)-screenshots-fluent-next.blue.light,feature/26_2_new_fluent_theme_with_design_tokens_5104-fluent-next-refactor-scales-exceptions,failure,Run TestCafe tests,https://github.com/DevExpress/DevExtreme/actions/runs/34335331346/job/102417598052
"09.09.26, 09:47:28",102417598077,34335331346,1,Demos Visual Tests,vue(2/5)-screenshots-fluent-next.blue.light,feature/26_2_new_fluent_theme_with_design_tokens_5104-fluent-next-refactor-scales-exceptions,failure,Run TestCafe tests,https://github.com/DevExpress/DevExtreme/actions/runs/34335331346/job/102417598077
"09.09.26, 09:47:28",102417598081,34335331346,1,Demos Visual Tests,react(1/3)-screenshots-fluent-next.blue.light,feature/26_2_new_fluent_theme_with_design_tokens_5104-fluent-next-refactor-scales-exceptions,failure,Run TestCafe tests,https://github.com/DevExpress/DevExtreme/actions/runs/34335331346/job/102417598081
"09.09.26, 09:47:28",102417598102,34335331346,1,Demos Visual Tests,vue(1/5)-screenshots-fluent-next.blue.light,feature/26_2_new_fluent_theme_with_design_tokens_5104-fluent-next-refactor-scales-exceptions,failure,Run TestCafe tests,https://github.com/DevExpress/DevExtreme/actions/runs/34335331346/job/102417598102
"09.09.26, 09:47:28",102417598199,34335331346,1,Demos Visual Tests,angular(1/10)-screenshots-fluent-next.blue.light,feature/26_2_new_fluent_theme_with_design_tokens_5104-fluent-next-refactor-scales-exceptions,failure,Run TestCafe tests,https://github.com/DevExpress/DevExtreme/actions/runs/34335331346/job/102417598199
"09.09.26, 09:47:28",102417598251,34335331346,1,Demos Visual Tests,react(3/3)-screenshots-fluent-next.blue.light,feature/26_2_new_fluent_theme_with_design_tokens_5104-fluent-next-refactor-scales-exceptions,failure,Run TestCafe tests,https://github.com/DevExpress/DevExtreme/actions/runs/34335331346/job/102417598251
"09.09.26, 09:47:28",102417598316,34335331346,1,Demos Visual Tests,vue(5/5)-screenshots-fluent-next.blue.light,feature/26_2_new_fluent_theme_with_design_tokens_5104-fluent-next-refactor-scales-exceptions,failure,Run TestCafe tests,https://github.com/DevExpress/DevExtreme/actions/runs/34335331346/job/102417598316
"09.09.26, 09:47:28",102417598331,34335331346,1,Demos Visual Tests,vue(4/5)-screenshots-fluent-next.blue.light,feature/26_2_new_fluent_theme_with_design_tokens_5104-fluent-next-refactor-scales-exceptions,failure,Run TestCafe tests,https://github.com/DevExpress/DevExtreme/actions/runs/34335331346/job/102417598331
"09.09.26, 09:47:28",102417598353,34335331346,1,Demos Visual Tests,angular(2/10)-screenshots-fluent-next.blue.light,feature/26_2_new_fluent_theme_with_design_tokens_5104-fluent-next-refactor-scales-exceptions,failure,Run TestCafe tests,https://github.com/DevExpress/DevExtreme/actions/runs/34335331346/job/102417598353
"09.09.26, 09:47:28",102417598386,34335331346,1,Demos Visual Tests,angular(8/10)-screenshots-fluent-next.blue.light,feature/26_2_new_fluent_theme_with_design_tokens_5104-fluent-next-refactor-scales-exceptions,failure,Run TestCafe tests,https://github.com/DevExpress/DevExtreme/actions/runs/34335331346/job/102417598386
"09.09.26, 09:47:28",102417598395,34335331346,1,Demos Visual Tests,angular(5/10)-screenshots-fluent-next.blue.light,feature/26_2_new_fluent_theme_with_design_tokens_5104-fluent-next-refactor-scales-exceptions,failure,Run TestCafe tests,https://github.com/DevExpress/DevExtreme/actions/runs/34335331346/job/102417598395
"09.09.26, 09:47:28",102417598406,34335331346,1,Demos Visual Tests,angular(10/10)-screenshots-fluent-next.blue.light,feature/26_2_new_fluent_theme_with_design_tokens_5104-fluent-next-refactor-scales-exceptions,failure,Run TestCafe tests,https://github.com/DevExpress/DevExtreme/actions/runs/34335331346/job/102417598406
"09.09.26, 09:47:28",102417598429,34335331346,1,Demos Visual Tests,angular(9/10)-screenshots-fluent-next.blue.light,feature/26_2_new_fluent_theme_with_design_tokens_5104-fluent-next-refactor-scales-exceptions,failure,Run TestCafe tests,https://github.com/DevExpress/DevExtreme/actions/runs/34335331346/job/102417598429
"09.09.26, 09:47:28",102417598447,34335331346,1,Demos Visual Tests,angular(7/10)-screenshots-fluent-next.blue.light,feature/26_2_new_fluent_theme_with_design_tokens_5104-fluent-next-refactor-scales-exceptions,failure,Run TestCafe tests,https://github.com/DevExpress/DevExtreme/actions/runs/34335331346/job/102417598447
"09.09.26, 09:47:28",102417598489,34335331346,1,Demos Visual Tests,angular(4/10)-screenshots-fluent-next.blue.light,feature/26_2_new_fluent_theme_with_design_tokens_5104-fluent-next-refactor-scales-exceptions,failure,Run TestCafe tests,https://github.com/DevExpress/DevExtreme/actions/runs/34335331346/job/102417598489
"09.09.26, 09:47:28",102417598495,34335331346,1,Demos Visual Tests,angular(6/10)-screenshots-fluent-next.blue.light,feature/26_2_new_fluent_theme_with_design_tokens_5104-fluent-next-refactor-scales-exceptions,failure,Run TestCafe tests,https://github.com/DevExpress/DevExtreme/actions/runs/34335331346/job/102417598495
"09.09.26, 09:47:28",102417598505,34335331346,1,Demos Visual Tests,angular(3/10)-screenshots-fluent-next.blue.light,feature/26_2_new_fluent_theme_with_design_tokens_5104-fluent-next-refactor-scales-exceptions,failure,Run TestCafe tests,https://github.com/DevExpress/DevExtreme/actions/runs/34335331346/job/102417598505
"09.09.26, 09:27:43",102411659615,34334760941,1,Demos Visual Tests,Build DevExtreme,retarget_key_main,cancelled,Post Setup nx cache,https://github.com/DevExpress/DevExtreme/actions/runs/34334760941/job/102411659615
"09.09.26, 09:36:03",102414171190,34334760941,1,Demos Visual Tests,${{ matrix.CONSTEL }}-${{ matrix.STRATEGY }}-${{ matrix.THEME }},retarget_key_main,cancelled,,https://github.com/DevExpress/DevExtreme/actions/runs/34334760941/job/102414171190
"09.09.26, 09:36:03",102414171209,34334760941,1,Demos Visual Tests,CSP check (jQuery),retarget_key_main,cancelled,,https://github.com/DevExpress/DevExtreme/actions/runs/34334760941/job/102414171209
"09.09.26, 09:36:03",102414171291,34334760941,1,Demos Visual Tests,Check generated demos,retarget_key_main,cancelled,,https://github.com/DevExpress/DevExtreme/actions/runs/34334760941/job/102414171291
"09.09.26, 09:36:03",102414171325,34334760941,1,Demos Visual Tests,"Build vendor bundles (React, Vue)",retarget_key_main,cancelled,,https://github.com/DevExpress/DevExtreme/actions/runs/34334760941/job/102414171325
"09.09.26, 09:36:03",102414171406,34334760941,1,Demos Visual Tests,Check TS and lint code base,retarget_key_main,cancelled,,https://github.com/DevExpress/DevExtreme/actions/runs/34334760941/job/102414171406
"09.09.26, 09:36:03",102414171817,34334760941,1,Demos Visual Tests,"matrix.SHARD_TOTAL == 1 && format('CSP check ({0})', matrix.FRAMEWORK) || format('CSP check ({0} {1}/{2})', matrix.FRAMEWORK, matrix.SHARD_INDEX, matrix.SHARD_TOTAL)",retarget_key_main,cancelled,,https://github.com/DevExpress/DevExtreme/actions/runs/34334760941/job/102414171817
"09.09.26, 09:36:04",102414172884,34334760941,1,Demos Visual Tests,CSP Violations Summary,retarget_key_main,cancelled,,https://github.com/DevExpress/DevExtreme/actions/runs/34334760941/job/102414172884
"09.09.26, 09:36:04",102414172906,34334760941,1,Demos Visual Tests,"matrix.SHARD_TOTAL == 1 && format('Build demos ({0})', matrix.FRAMEWORK) || format('Build demos ({0} {1}/{2})', matrix.FRAMEWORK, matrix.SHARD_INDEX, matrix.SHARD_TOTAL)",retarget_key_main,cancelled,,https://github.com/DevExpress/DevExtreme/actions/runs/34334760941/job/102414172906
"09.09.26, 09:36:04",102414173672,34334760941,1,Demos Visual Tests,merge-artifacts,retarget_key_main,cancelled,,https://github.com/DevExpress/DevExtreme/actions/runs/34334760941/job/102414173672
"09.09.26, 09:36:04",102414173778,34334760941,1,Demos Visual Tests,${{ matrix.CONSTEL }}-screenshots-${{ matrix.THEME }},retarget_key_main,cancelled,,https://github.com/DevExpress/DevExtreme/actions/runs/34334760941/job/102414173778
"09.09.26, 08:34:40",102395709286,34328962725,1,Demos Visual Tests,jquery-accessibility-fluent.blue.light,feature/26_2_new_fluent_theme_with_design_tokens_5104-fluent-next-refactor-scales-exceptions,failure,,https://github.com/DevExpress/DevExtreme/actions/runs/34328962725/job/102395709286
"09.09.26, 08:31:23",102394732609,34328770708,1,Demos Visual Tests,CSP check (Angular 1/3),26_1,failure,,https://github.com/DevExpress/DevExtreme/actions/runs/34328770708/job/102394732609
"09.09.26, 08:35:54",102396067809,34328770708,1,Demos Visual Tests,angular(7/10)-screenshots-fluent.blue.light,26_1,failure,,https://github.com/DevExpress/DevExtreme/actions/runs/34328770708/job/102396067809
"09.09.26, 08:35:54",102396067814,34328770708,1,Demos Visual Tests,angular(3/10)-screenshots-fluent.blue.light,26_1,failure,,https://github.com/DevExpress/DevExtreme/actions/runs/34328770708/job/102396067814
"09.09.26, 08:35:54",102396067912,34328770708,1,Demos Visual Tests,angular(1/10)-screenshots-fluent.blue.light,26_1,failure,Run TestCafe tests,https://github.com/DevExpress/DevExtreme/actions/runs/34328770708/job/102396067912
"09.09.26, 08:25:40",102393037569,34328270217,1,Demos Visual Tests,jquery(3/3)-screenshots-material.blue.light,fluent-next/theme-modes,failure,,https://github.com/DevExpress/DevExtreme/actions/runs/34328270217/job/102393037569
"09.09.26, 08:15:03",102389941962,34327220948,1,Demos Visual Tests,Check TS and lint code base,fluent-next/theme-modes,cancelled,Run lint on all demos,https://github.com/DevExpress/DevExtreme/actions/runs/34327220948/job/102389941962
"09.09.26, 08:15:03",102389942136,34327220948,1,Demos Visual Tests,Check generated demos,fluent-next/theme-modes,cancelled,Check generated JS demos,https://github.com/DevExpress/DevExtreme/actions/runs/34327220948/job/102389942136
"09.09.26, 08:15:03",102389942176,34327220948,1,Demos Visual Tests,CSP check (jQuery),fluent-next/theme-modes,cancelled,Run CSP Check,https://github.com/DevExpress/DevExtreme/actions/runs/34327220948/job/102389942176
"09.09.26, 08:15:03",102389942229,34327220948,1,Demos Visual Tests,CSP check (Angular 2/3),fluent-next/theme-modes,cancelled,Run CSP Check,https://github.com/DevExpress/DevExtreme/actions/runs/34327220948/job/102389942229
"09.09.26, 08:15:03",102389942269,34327220948,1,Demos Visual Tests,CSP check (React 2/2),fluent-next/theme-modes,cancelled,Bundle demos for CSP check,https://github.com/DevExpress/DevExtreme/actions/runs/34327220948/job/102389942269
"09.09.26, 08:15:03",102389942280,34327220948,1,Demos Visual Tests,CSP check (React 1/2),fluent-next/theme-modes,cancelled,Bundle demos for CSP check,https://github.com/DevExpress/DevExtreme/actions/runs/34327220948/job/102389942280
"09.09.26, 08:15:03",102389942284,34327220948,1,Demos Visual Tests,CSP check (Vue 2/2),fluent-next/theme-modes,cancelled,Bundle demos for CSP check,https://github.com/DevExpress/DevExtreme/actions/runs/34327220948/job/102389942284
"09.09.26, 08:15:03",102389942339,34327220948,1,Demos Visual Tests,jquery(2/3)-screenshots-material.blue.light,fluent-next/theme-modes,cancelled,Run TestCafe tests (jQuery),https://github.com/DevExpress/DevExtreme/actions/runs/34327220948/job/102389942339
"09.09.26, 08:15:03",102389942348,34327220948,1,Demos Visual Tests,CSP check (Angular 3/3),fluent-next/theme-modes,cancelled,Start CSP Server,https://github.com/DevExpress/DevExtreme/actions/runs/34327220948/job/102389942348
"09.09.26, 08:15:03",102389942351,34327220948,1,Demos Visual Tests,CSP check (Vue 1/2),fluent-next/theme-modes,cancelled,Bundle demos for CSP check,https://github.com/DevExpress/DevExtreme/actions/runs/34327220948/job/102389942351
"09.09.26, 08:15:03",102389942352,34327220948,1,Demos Visual Tests,jquery(1/3)-screenshots-material.blue.light,fluent-next/theme-modes,cancelled,Run TestCafe tests (jQuery),https://github.com/DevExpress/DevExtreme/actions/runs/34327220948/job/102389942352
"09.09.26, 08:15:03",102389942364,34327220948,1,Demos Visual Tests,jquery(3/3)-screenshots-fluent.blue.light,fluent-next/theme-modes,cancelled,Run TestCafe tests (jQuery),https://github.com/DevExpress/DevExtreme/actions/runs/34327220948/job/102389942364
"09.09.26, 08:15:03",102389942383,34327220948,1,Demos Visual Tests,CSP check (Angular 1/3),fluent-next/theme-modes,cancelled,Bundle demos for CSP check,https://github.com/DevExpress/DevExtreme/actions/runs/34327220948/job/102389942383
"09.09.26, 08:15:03",102389942414,34327220948,1,Demos Visual Tests,jquery(3/3)-screenshots-material.blue.light,fluent-next/theme-modes,cancelled,Install dependencies,https://github.com/DevExpress/DevExtreme/actions/runs/34327220948/job/102389942414
"09.09.26, 08:15:03",102389942450,34327220948,1,Demos Visual Tests,jquery(2/3)-screenshots-fluent.blue.light,fluent-next/theme-modes,cancelled,Run TestCafe tests (jQuery),https://github.com/DevExpress/DevExtreme/actions/runs/34327220948/job/102389942450
"09.09.26, 08:15:04",102389942491,34327220948,1,Demos Visual Tests,jquery-accessibility-fluent.blue.dark,fluent-next/theme-modes,cancelled,Run TestCafe tests (jQuery),https://github.com/DevExpress/DevExtreme/actions/runs/34327220948/job/102389942491
"09.09.26, 08:15:04",102389942499,34327220948,1,Demos Visual Tests,jquery(1/3)-screenshots-fluent.blue.light,fluent-next/theme-modes,cancelled,Install dependencies,https://github.com/DevExpress/DevExtreme/actions/runs/34327220948/job/102389942499
"09.09.26, 08:15:04",102389942508,34327220948,1,Demos Visual Tests,jquery-accessibility-material.blue.light,fluent-next/theme-modes,cancelled,Run TestCafe tests (jQuery),https://github.com/DevExpress/DevExtreme/actions/runs/34327220948/job/102389942508
"09.09.26, 08:15:04",102389942525,34327220948,1,Demos Visual Tests,jquery-accessibility-material.blue.dark,fluent-next/theme-modes,cancelled,Run TestCafe tests (jQuery),https://github.com/DevExpress/DevExtreme/actions/runs/34327220948/job/102389942525
"09.09.26, 08:15:04",102389942548,34327220948,1,Demos Visual Tests,jquery-accessibility-fluent.blue.light,fluent-next/theme-modes,cancelled,Run TestCafe tests (jQuery),https://github.com/DevExpress/DevExtreme/actions/runs/34327220948/job/102389942548
"09.09.26, 08:16:41",102390425419,34327220948,1,Demos Visual Tests,Build demos (Angular 3/3),fluent-next/theme-modes,cancelled,Use Node.js,https://github.com/DevExpress/DevExtreme/actions/runs/34327220948/job/102390425419
"09.09.26, 08:16:41",102390425427,34327220948,1,Demos Visual Tests,Build demos (Angular 2/3),fluent-next/theme-modes,cancelled,Get sources,https://github.com/DevExpress/DevExtreme/actions/runs/34327220948/job/102390425427
"09.09.26, 08:16:41",102390425514,34327220948,1,Demos Visual Tests,Build demos (Angular 1/3),fluent-next/theme-modes,cancelled,Get sources,https://github.com/DevExpress/DevExtreme/actions/runs/34327220948/job/102390425514
"09.09.26, 08:16:41",102390425520,34327220948,1,Demos Visual Tests,Build demos (Vue),fluent-next/theme-modes,cancelled,Get sources,https://github.com/DevExpress/DevExtreme/actions/runs/34327220948/job/102390425520
"09.09.26, 08:16:41",102390425658,34327220948,1,Demos Visual Tests,Build demos (React),fluent-next/theme-modes,cancelled,Get sources,https://github.com/DevExpress/DevExtreme/actions/runs/34327220948/job/102390425658
"09.09.26, 08:17:05",102390540478,34327220948,1,Demos Visual Tests,${{ matrix.CONSTEL }}-screenshots-${{ matrix.THEME }},fluent-next/theme-modes,cancelled,,https://github.com/DevExpress/DevExtreme/actions/runs/34327220948/job/102390540478
"09.09.26, 08:17:05",102390540713,34327220948,1,Demos Visual Tests,${{ matrix.CONSTEL }}-screenshots-${{ matrix.THEME }},fluent-next/theme-modes,cancelled,,https://github.com/DevExpress/DevExtreme/actions/runs/34327220948/job/102390540713
"09.09.26, 08:17:14",102390582119,34327220948,1,Demos Visual Tests,CSP Violations Summary,fluent-next/theme-modes,cancelled,,https://github.com/DevExpress/DevExtreme/actions/runs/34327220948/job/102390582119
"09.09.26, 08:17:14",102390582703,34327220948,1,Demos Visual Tests,merge-artifacts,fluent-next/theme-modes,cancelled,,https://github.com/DevExpress/DevExtreme/actions/runs/34327220948/job/102390582703
"09.09.26, 00:24:48",102289284440,34293866257,1,Demos Visual Tests,vue(1/5)-screenshots-fluent-next.blue.light,fluent-next/roles-audit,failure,Run TestCafe tests,https://github.com/DevExpress/DevExtreme/actions/runs/34293866257/job/102289284440
"09.09.26, 00:24:48",102289284472,34293866257,1,Demos Visual Tests,vue(4/5)-screenshots-fluent-next.blue.light,fluent-next/roles-audit,failure,Run TestCafe tests,https://github.com/DevExpress/DevExtreme/actions/runs/34293866257/job/102289284472
"09.09.26, 00:24:48",102289284503,34293866257,1,Demos Visual Tests,react(1/3)-screenshots-fluent-next.blue.light,fluent-next/roles-audit,failure,Run TestCafe tests,https://github.com/DevExpress/DevExtreme/actions/runs/34293866257/job/102289284503
"09.09.26, 00:24:48",102289284517,34293866257,1,Demos Visual Tests,react(3/3)-screenshots-fluent-next.blue.light,fluent-next/roles-audit,failure,Run TestCafe tests,https://github.com/DevExpress/DevExtreme/actions/runs/34293866257/job/102289284517
"09.09.26, 00:24:49",102289284839,34293866257,1,Demos Visual Tests,angular(4/10)-screenshots-fluent-next.blue.light,fluent-next/roles-audit,failure,Run TestCafe tests,https://github.com/DevExpress/DevExtreme/actions/runs/34293866257/job/102289284839
"09.09.26, 00:24:49",102289284844,34293866257,1,Demos Visual Tests,angular(9/10)-screenshots-fluent-next.blue.light,fluent-next/roles-audit,failure,Run TestCafe tests,https://github.com/DevExpress/DevExtreme/actions/runs/34293866257/job/102289284844
"09.09.26, 00:05:56",102285049069,34293421621,1,Demos Visual Tests,Build DevExtreme,fluent-next/roles-audit,cancelled,DevExtreme - Build-all,https://github.com/DevExpress/DevExtreme/actions/runs/34293421621/job/102285049069
"09.09.26, 00:10:48",102286151812,34293421621,1,Demos Visual Tests,${{ matrix.CONSTEL }}-${{ matrix.STRATEGY }}-${{ matrix.THEME }},fluent-next/roles-audit,cancelled,,https://github.com/DevExpress/DevExtreme/actions/runs/34293421621/job/102286151812
"09.09.26, 00:10:48",102286151835,34293421621,1,Demos Visual Tests,"matrix.SHARD_TOTAL == 1 && format('CSP check ({0})', matrix.FRAMEWORK) || format('CSP check ({0} {1}/{2})', matrix.FRAMEWORK, matrix.SHARD_INDEX, matrix.SHARD_TOTAL)",fluent-next/roles-audit,cancelled,,https://github.com/DevExpress/DevExtreme/actions/runs/34293421621/job/102286151835
"09.09.26, 00:10:48",102286152227,34293421621,1,Demos Visual Tests,"Build vendor bundles (React, Vue)",fluent-next/roles-audit,cancelled,,https://github.com/DevExpress/DevExtreme/actions/runs/34293421621/job/102286152227
"09.09.26, 00:10:48",102286152228,34293421621,1,Demos Visual Tests,Check TS and lint code base,fluent-next/roles-audit,cancelled,,https://github.com/DevExpress/DevExtreme/actions/runs/34293421621/job/102286152228
"09.09.26, 00:10:48",102286152240,34293421621,1,Demos Visual Tests,CSP check (jQuery),fluent-next/roles-audit,cancelled,,https://github.com/DevExpress/DevExtreme/actions/runs/34293421621/job/102286152240
"09.09.26, 00:10:48",102286152295,34293421621,1,Demos Visual Tests,Check generated demos,fluent-next/roles-audit,cancelled,,https://github.com/DevExpress/DevExtreme/actions/runs/34293421621/job/102286152295
"09.09.26, 00:10:48",102286152653,34293421621,1,Demos Visual Tests,"matrix.SHARD_TOTAL == 1 && format('Build demos ({0})', matrix.FRAMEWORK) || format('Build demos ({0} {1}/{2})', matrix.FRAMEWORK, matrix.SHARD_INDEX, matrix.SHARD_TOTAL)",fluent-next/roles-audit,cancelled,,https://github.com/DevExpress/DevExtreme/actions/runs/34293421621/job/102286152653
"09.09.26, 00:10:48",102286152893,34293421621,1,Demos Visual Tests,CSP Violations Summary,fluent-next/roles-audit,cancelled,,https://github.com/DevExpress/DevExtreme/actions/runs/34293421621/job/102286152893
"09.09.26, 00:10:48",102286152966,34293421621,1,Demos Visual Tests,${{ matrix.CONSTEL }}-screenshots-${{ matrix.THEME }},fluent-next/roles-audit,cancelled,,https://github.com/DevExpress/DevExtreme/actions/runs/34293421621/job/102286152966
"09.09.26, 00:10:48",102286153392,34293421621,1,Demos Visual Tests,merge-artifacts,fluent-next/roles-audit,cancelled,,https://github.com/DevExpress/DevExtreme/actions/runs/34293421621/job/102286153392
"09.09.26, 00:10:48",102286153612,34293421621,1,Demos Visual Tests,${{ matrix.CONSTEL }}-screenshots-${{ matrix.THEME }},fluent-next/roles-audit,cancelled,,https://github.com/DevExpress/DevExtreme/actions/runs/34293421621/job/102286153612
"09.09.26, 00:03:22",102284460517,34293219135,1,Demos Visual Tests,Build DevExtreme,fluent-next/roles-audit,cancelled,Install dependencies,https://github.com/DevExpress/DevExtreme/actions/runs/34293219135/job/102284460517
"09.09.26, 00:04:41",102284763148,34293219135,1,Demos Visual Tests,Check TS and lint code base,fluent-next/roles-audit,cancelled,,https://github.com/DevExpress/DevExtreme/actions/runs/34293219135/job/102284763148
"09.09.26, 00:04:41",102284763237,34293219135,1,Demos Visual Tests,CSP check (jQuery),fluent-next/roles-audit,cancelled,,https://github.com/DevExpress/DevExtreme/actions/runs/34293219135/job/102284763237
"09.09.26, 00:04:41",102284763253,34293219135,1,Demos Visual Tests,"matrix.SHARD_TOTAL == 1 && format('CSP check ({0})', matrix.FRAMEWORK) || format('CSP check ({0} {1}/{2})', matrix.FRAMEWORK, matrix.SHARD_INDEX, matrix.SHARD_TOTAL)",fluent-next/roles-audit,cancelled,,https://github.com/DevExpress/DevExtreme/actions/runs/34293219135/job/102284763253
"09.09.26, 00:04:41",102284763312,34293219135,1,Demos Visual Tests,Check generated demos,fluent-next/roles-audit,cancelled,,https://github.com/DevExpress/DevExtreme/actions/runs/34293219135/job/102284763312
"09.09.26, 00:04:41",102284763459,34293219135,1,Demos Visual Tests,${{ matrix.CONSTEL }}-${{ matrix.STRATEGY }}-${{ matrix.THEME }},fluent-next/roles-audit,cancelled,,https://github.com/DevExpress/DevExtreme/actions/runs/34293219135/job/102284763459
"09.09.26, 00:04:41",102284763563,34293219135,1,Demos Visual Tests,"Build vendor bundles (React, Vue)",fluent-next/roles-audit,cancelled,,https://github.com/DevExpress/DevExtreme/actions/runs/34293219135/job/102284763563
"09.09.26, 00:04:41",102284763566,34293219135,1,Demos Visual Tests,CSP Violations Summary,fluent-next/roles-audit,cancelled,,https://github.com/DevExpress/DevExtreme/actions/runs/34293219135/job/102284763566
"09.09.26, 00:04:41",102284763798,34293219135,1,Demos Visual Tests,${{ matrix.CONSTEL }}-screenshots-${{ matrix.THEME }},fluent-next/roles-audit,cancelled,,https://github.com/DevExpress/DevExtreme/actions/runs/34293219135/job/102284763798
"09.09.26, 00:04:41",102284763871,34293219135,1,Demos Visual Tests,"matrix.SHARD_TOTAL == 1 && format('Build demos ({0})', matrix.FRAMEWORK) || format('Build demos ({0} {1}/{2})', matrix.FRAMEWORK, matrix.SHARD_INDEX, matrix.SHARD_TOTAL)",fluent-next/roles-audit,cancelled,,https://github.com/DevExpress/DevExtreme/actions/runs/34293219135/job/102284763871
"09.09.26, 00:04:41",102284763969,34293219135,1,Demos Visual Tests,${{ matrix.CONSTEL }}-screenshots-${{ matrix.THEME }},fluent-next/roles-audit,cancelled,,https://github.com/DevExpress/DevExtreme/actions/runs/34293219135/job/102284763969
"09.09.26, 00:04:41",102284764287,34293219135,1,Demos Visual Tests,merge-artifacts,fluent-next/roles-audit,cancelled,,https://github.com/DevExpress/DevExtreme/actions/runs/34293219135/job/102284764287
"09.09.26, 14:39:18",102511434143,34364401620,1,Wrappers Tests,test (angular),retarget_counting_main,cancelled,,https://github.com/DevExpress/DevExtreme/actions/runs/34364401620/job/102511434143
"09.09.26, 13:29:00",102485282561,34357347594,1,Wrappers Tests,check-regenerate,fix/html-editor-ai-demo-typo-26_1,cancelled,,https://github.com/DevExpress/DevExtreme/actions/runs/34357347594/job/102485282561
"09.09.26, 13:29:00",102485282981,34357347594,1,Wrappers Tests,build,fix/html-editor-ai-demo-typo-26_1,cancelled,,https://github.com/DevExpress/DevExtreme/actions/runs/34357347594/job/102485282981
"09.09.26, 13:31:26",102486163217,34357347594,1,Wrappers Tests,test,fix/html-editor-ai-demo-typo-26_1,cancelled,,https://github.com/DevExpress/DevExtreme/actions/runs/34357347594/job/102486163217
"09.09.26, 13:24:47",102483780587,34356208376,1,Wrappers Tests,test (vue),retarget_counting_main,failure,,https://github.com/DevExpress/DevExtreme/actions/runs/34356208376/job/102483780587
"09.09.26, 13:11:03",102478931047,34355006982,1,Wrappers Tests,test (react),26_1,cancelled,Test react,https://github.com/DevExpress/DevExtreme/actions/runs/34355006982/job/102478931047
"09.09.26, 13:11:03",102478931057,34355006982,1,Wrappers Tests,test (angular),26_1,cancelled,Test angular,https://github.com/DevExpress/DevExtreme/actions/runs/34355006982/job/102478931057
"09.09.26, 13:11:03",102478931206,34355006982,1,Wrappers Tests,test (vue),26_1,cancelled,Test vue,https://github.com/DevExpress/DevExtreme/actions/runs/34355006982/job/102478931206
"09.09.26, 13:06:22",102477288636,34354994995,1,Wrappers Tests,build,fix/html-editor-ai-demo-typo,cancelled,Post Setup nx cache,https://github.com/DevExpress/DevExtreme/actions/runs/34354994995/job/102477288636
"09.09.26, 13:11:03",102478927540,34354994995,1,Wrappers Tests,test,fix/html-editor-ai-demo-typo,cancelled,,https://github.com/DevExpress/DevExtreme/actions/runs/34354994995/job/102478927540
"09.09.26, 12:54:56",102473364558,34352997105,1,Wrappers Tests,test (react),remove-inlines-datagrid-cardview-demos,failure,,https://github.com/DevExpress/DevExtreme/actions/runs/34352997105/job/102473364558
"09.09.26, 09:55:02",102419844669,34337378840,1,Wrappers Tests,check-regenerate,gridcore_cover_filter_behavior_with_tests_26_1,cancelled,,https://github.com/DevExpress/DevExtreme/actions/runs/34337378840/job/102419844669
"09.09.26, 10:00:05",102421292051,34336719381,1,Wrappers Tests,test (react),gridcore_move_filter_sync_flag_into_filter_controller_26_1,failure,,https://github.com/DevExpress/DevExtreme/actions/runs/34336719381/job/102421292051
"09.09.26, 09:43:50",102416504566,34336343463,1,Wrappers Tests,build,25_2,failure,,https://github.com/DevExpress/DevExtreme/actions/runs/34336343463/job/102416504566
"09.09.26, 09:42:47",102416185924,34336242185,1,Wrappers Tests,check-regenerate,26_1,cancelled,,https://github.com/DevExpress/DevExtreme/actions/runs/34336242185/job/102416185924
"09.09.26, 09:42:47",102416186099,34336242185,1,Wrappers Tests,build,26_1,cancelled,,https://github.com/DevExpress/DevExtreme/actions/runs/34336242185/job/102416186099
"09.09.26, 09:43:47",102416489667,34336242185,1,Wrappers Tests,test,26_1,cancelled,,https://github.com/DevExpress/DevExtreme/actions/runs/34336242185/job/102416489667
"09.09.26, 09:51:17",102418742553,34336022932,1,Wrappers Tests,test (angular),NumberBox-refactoring_26_1,failure,,https://github.com/DevExpress/DevExtreme/actions/runs/34336022932/job/102418742553
"09.09.26, 11:48:42",102452447511,34336022932,2,Wrappers Tests,test (angular),NumberBox-refactoring_26_1,cancelled,Test angular,https://github.com/DevExpress/DevExtreme/actions/runs/34336022932/job/102452447511
"09.09.26, 09:34:15",102413635928,34335444998,1,Wrappers Tests,build,retarget_store_method_26_1,failure,Build devextreme package,https://github.com/DevExpress/DevExtreme/actions/runs/34335444998/job/102413635928
"09.09.26, 09:32:45",102413182373,34334760888,1,Wrappers Tests,test (vue),retarget_key_main,cancelled,Test vue,https://github.com/DevExpress/DevExtreme/actions/runs/34334760888/job/102413182373
"09.09.26, 09:32:45",102413182445,34334760888,1,Wrappers Tests,test (react),retarget_key_main,cancelled,Test react,https://github.com/DevExpress/DevExtreme/actions/runs/34334760888/job/102413182445
"09.09.26, 09:32:45",102413182559,34334760888,1,Wrappers Tests,test (angular),retarget_key_main,cancelled,Test angular,https://github.com/DevExpress/DevExtreme/actions/runs/34334760888/job/102413182559
"09.09.26, 08:17:05",102390539038,34328240733,1,Wrappers Tests,check-regenerate,fluent-next/theme-modes,cancelled,,https://github.com/DevExpress/DevExtreme/actions/runs/34328240733/job/102390539038
"09.09.26, 08:17:05",102390539202,34328240733,1,Wrappers Tests,build,fluent-next/theme-modes,cancelled,,https://github.com/DevExpress/DevExtreme/actions/runs/34328240733/job/102390539202
"09.09.26, 08:17:07",102390546953,34328240733,1,Wrappers Tests,test,fluent-next/theme-modes,cancelled,,https://github.com/DevExpress/DevExtreme/actions/runs/34328240733/job/102390546953
"09.09.26, 08:12:04",102389073322,34327220930,1,Wrappers Tests,test (angular),fluent-next/theme-modes,cancelled,Test angular,https://github.com/DevExpress/DevExtreme/actions/runs/34327220930/job/102389073322
"09.09.26, 08:12:04",102389073331,34327220930,1,Wrappers Tests,test (vue),fluent-next/theme-modes,cancelled,Pack vue,https://github.com/DevExpress/DevExtreme/actions/runs/34327220930/job/102389073331
"09.09.26, 08:12:04",102389073373,34327220930,1,Wrappers Tests,test (react),fluent-next/theme-modes,cancelled,Pack react,https://github.com/DevExpress/DevExtreme/actions/runs/34327220930/job/102389073373
"09.09.26, 06:44:12",102365589393,34319920932,1,Wrappers Tests,test (react),26_1,cancelled,Install dependencies,https://github.com/DevExpress/DevExtreme/actions/runs/34319920932/job/102365589393
"09.09.26, 06:44:12",102365589418,34319920932,1,Wrappers Tests,test (angular),26_1,cancelled,Install dependencies,https://github.com/DevExpress/DevExtreme/actions/runs/34319920932/job/102365589418
"09.09.26, 06:44:12",102365589463,34319920932,1,Wrappers Tests,test (vue),26_1,cancelled,Install dependencies,https://github.com/DevExpress/DevExtreme/actions/runs/34319920932/job/102365589463
"09.09.26, 00:04:48",102284787407,34293421612,1,Wrappers Tests,build,fluent-next/roles-audit,cancelled,Post Setup nx cache,https://github.com/DevExpress/DevExtreme/actions/runs/34293421612/job/102284787407
"09.09.26, 00:10:36",102286105045,34293421612,1,Wrappers Tests,test,fluent-next/roles-audit,cancelled,,https://github.com/DevExpress/DevExtreme/actions/runs/34293421612/job/102286105045
"09.09.26, 00:01:50",102284108651,34293219180,1,Wrappers Tests,build,fluent-next/roles-audit,cancelled,Build devextreme package,https://github.com/DevExpress/DevExtreme/actions/runs/34293219180/job/102284108651
"09.09.26, 00:04:47",102284786695,34293219180,1,Wrappers Tests,test,fluent-next/roles-audit,cancelled,,https://github.com/DevExpress/DevExtreme/actions/runs/34293219180/job/102284786695
"09.09.26, 13:29:01",102485283352,34357347655,1,Wrappers E2E Tests,Build DevExtreme and Wrappers,fix/html-editor-ai-demo-typo-26_1,cancelled,,https://github.com/DevExpress/DevExtreme/actions/runs/34357347655/job/102485283352
"09.09.26, 13:31:26",102486163683,34357347655,1,Wrappers E2E Tests,Test ${{ matrix.framework }},fix/html-editor-ai-demo-typo-26_1,cancelled,,https://github.com/DevExpress/DevExtreme/actions/runs/34357347655/job/102486163683
"09.09.26, 13:06:22",102477288282,34354995096,1,Wrappers E2E Tests,Build DevExtreme and Wrappers,fix/html-editor-ai-demo-typo,cancelled,Build all DevExtreme packages,https://github.com/DevExpress/DevExtreme/actions/runs/34354995096/job/102477288282
"09.09.26, 13:11:16",102479005792,34354995096,1,Wrappers E2E Tests,Test ${{ matrix.framework }},fix/html-editor-ai-demo-typo,cancelled,,https://github.com/DevExpress/DevExtreme/actions/runs/34354995096/job/102479005792
"09.09.26, 12:11:28",102459320067,34349597609,1,Wrappers E2E Tests,Build DevExtreme and Wrappers,revert/demo-render-signal-origin,failure,,https://github.com/DevExpress/DevExtreme/actions/runs/34349597609/job/102459320067
"09.09.26, 09:43:56",102416533835,34336353056,1,Wrappers E2E Tests,Build DevExtreme and Wrappers,gh-readonly-queue/main/pr-35110-8cae7097b2e94e58751b225943404aadb9b6a186,failure,,https://github.com/DevExpress/DevExtreme/actions/runs/34336353056/job/102416533835
"09.09.26, 09:34:15",102413636177,34335445133,1,Wrappers E2E Tests,Build DevExtreme and Wrappers,retarget_store_method_26_1,failure,Build all DevExtreme packages,https://github.com/DevExpress/DevExtreme/actions/runs/34335445133/job/102413636177
"09.09.26, 09:35:25",102413981938,34334760961,1,Wrappers E2E Tests,Test angular,retarget_key_main,cancelled,Setup pnpm cache,https://github.com/DevExpress/DevExtreme/actions/runs/34334760961/job/102413981938
"09.09.26, 09:35:25",102413981954,34334760961,1,Wrappers E2E Tests,Test react19,retarget_key_main,cancelled,Setup pnpm cache,https://github.com/DevExpress/DevExtreme/actions/runs/34334760961/job/102413981954
"09.09.26, 09:35:25",102413982077,34334760961,1,Wrappers E2E Tests,Test vue3,retarget_key_main,cancelled,Install dependencies,https://github.com/DevExpress/DevExtreme/actions/runs/34334760961/job/102413982077
"09.09.26, 08:16:57",102390500459,34328240718,1,Wrappers E2E Tests,Build DevExtreme and Wrappers,fluent-next/theme-modes,cancelled,,https://github.com/DevExpress/DevExtreme/actions/runs/34328240718/job/102390500459
"09.09.26, 08:17:05",102390540530,34328240718,1,Wrappers E2E Tests,Test ${{ matrix.framework }},fluent-next/theme-modes,cancelled,,https://github.com/DevExpress/DevExtreme/actions/runs/34328240718/job/102390540530
"09.09.26, 08:15:25",102390051831,34327220771,1,Wrappers E2E Tests,Test react19,fluent-next/theme-modes,cancelled,Run tests for react19,https://github.com/DevExpress/DevExtreme/actions/runs/34327220771/job/102390051831
"09.09.26, 08:15:25",102390051849,34327220771,1,Wrappers E2E Tests,Test angular,fluent-next/theme-modes,cancelled,Post Setup pnpm cache,https://github.com/DevExpress/DevExtreme/actions/runs/34327220771/job/102390051849
"09.09.26, 08:15:25",102390051853,34327220771,1,Wrappers E2E Tests,Test vue3,fluent-next/theme-modes,cancelled,Post Setup pnpm cache,https://github.com/DevExpress/DevExtreme/actions/runs/34327220771/job/102390051853
"09.09.26, 00:04:49",102284792186,34293421745,1,Wrappers E2E Tests,Build DevExtreme and Wrappers,fluent-next/roles-audit,cancelled,Build all DevExtreme packages,https://github.com/DevExpress/DevExtreme/actions/runs/34293421745/job/102284792186
"09.09.26, 00:10:49",102286154511,34293421745,1,Wrappers E2E Tests,Test ${{ matrix.framework }},fluent-next/roles-audit,cancelled,,https://github.com/DevExpress/DevExtreme/actions/runs/34293421745/job/102286154511
"09.09.26, 00:01:50",102284108718,34293219251,1,Wrappers E2E Tests,Build DevExtreme and Wrappers,fluent-next/roles-audit,cancelled,Build all DevExtreme packages,https://github.com/DevExpress/DevExtreme/actions/runs/34293219251/job/102284108718
"09.09.26, 00:04:49",102284791644,34293219251,1,Wrappers E2E Tests,Test ${{ matrix.framework }},fluent-next/roles-audit,cancelled,,https://github.com/DevExpress/DevExtreme/actions/runs/34293219251/job/102284791644
