created at,id,run id,run attempt,workflow name,name,head branch,conclusion,step,html url
"04.08.26, 03:08:56",91881317472,30873899818,1,Send dependabot new vulnerability alerts,Send notifications,main,failure,Teams Notification,https://github.com/DevExpress/DevExtreme/actions/runs/30873899818/job/91881317472
"04.08.26, 21:54:43",92143597472,30954299666,1,Build and pack DevExtreme npm packages,build,feature/scheduler-multilevel-grouping/demo,cancelled,Build npm packages,https://github.com/DevExpress/DevExtreme/actions/runs/30954299666/job/92143597472
"04.08.26, 21:59:44",92144682867,30954299666,1,Build and pack DevExtreme npm packages,custom_bundles,feature/scheduler-multilevel-grouping/demo,cancelled,,https://github.com/DevExpress/DevExtreme/actions/runs/30954299666/job/92144682867
"04.08.26, 17:50:13",92081340683,30935750215,1,Build and pack DevExtreme npm packages,build,tribe-duty-3_25_2,failure,Build npm packages,https://github.com/DevExpress/DevExtreme/actions/runs/30935750215/job/92081340683
"04.08.26, 17:19:02",92073184014,30933334950,1,Build and pack DevExtreme npm packages,build,tribe-duty-3_25_2,failure,Build npm packages,https://github.com/DevExpress/DevExtreme/actions/runs/30933334950/job/92073184014
"04.08.26, 17:15:04",92072146392,30933026446,1,Build and pack DevExtreme npm packages,build,26_2_js_to_ts,failure,Build npm packages,https://github.com/DevExpress/DevExtreme/actions/runs/30933026446/job/92072146392
"04.08.26, 17:01:29",92068531200,30931941502,1,Build and pack DevExtreme npm packages,build,tribe-duty-3_25_2,failure,Build npm packages,https://github.com/DevExpress/DevExtreme/actions/runs/30931941502/job/92068531200
"04.08.26, 16:22:25",92057941593,30928803792,1,Build and pack DevExtreme npm packages,build,tribe-duty-3_25_2,failure,Build npm packages,https://github.com/DevExpress/DevExtreme/actions/runs/30928803792/job/92057941593
"04.08.26, 14:53:46",92032318433,30921303792,1,Build and pack DevExtreme npm packages,build,fix/datagrid-paging-pageindex-option-sync-26_2,cancelled,Build npm packages,https://github.com/DevExpress/DevExtreme/actions/runs/30921303792/job/92032318433
"04.08.26, 15:01:52",92034766799,30921303792,1,Build and pack DevExtreme npm packages,custom_bundles,fix/datagrid-paging-pageindex-option-sync-26_2,cancelled,,https://github.com/DevExpress/DevExtreme/actions/runs/30921303792/job/92034766799
"04.08.26, 13:20:56",92005290401,30913365235,1,Build and pack DevExtreme npm packages,build,tribe-duty-3_25_2,failure,Build npm packages,https://github.com/DevExpress/DevExtreme/actions/runs/30913365235/job/92005290401
"04.08.26, 12:46:05",91995982604,30910563246,1,Build and pack DevExtreme npm packages,build,tribe-duty-3_25_2,failure,Build npm packages,https://github.com/DevExpress/DevExtreme/actions/runs/30910563246/job/91995982604
"04.08.26, 13:19:43",92004956634,30910563246,2,Build and pack DevExtreme npm packages,build,tribe-duty-3_25_2,failure,Build npm packages,https://github.com/DevExpress/DevExtreme/actions/runs/30910563246/job/92004956634
"04.08.26, 12:11:54",91987643412,30908028452,1,Build and pack DevExtreme npm packages,build,stabilize_tests_26_2,cancelled,Install dependencies,https://github.com/DevExpress/DevExtreme/actions/runs/30908028452/job/91987643412
"04.08.26, 12:14:00",91988148279,30908028452,1,Build and pack DevExtreme npm packages,custom_bundles,stabilize_tests_26_2,cancelled,,https://github.com/DevExpress/DevExtreme/actions/runs/30908028452/job/91988148279
"04.08.26, 10:48:26",91968758227,30902166348,1,Build and pack DevExtreme npm packages,build,qunit_fluent_mics_main,cancelled,Build npm packages,https://github.com/DevExpress/DevExtreme/actions/runs/30902166348/job/91968758227
"04.08.26, 10:55:19",91970274071,30902166348,1,Build and pack DevExtreme npm packages,custom_bundles,qunit_fluent_mics_main,cancelled,,https://github.com/DevExpress/DevExtreme/actions/runs/30902166348/job/91970274071
"04.08.26, 09:23:19",91949218353,30896092835,1,Build and pack DevExtreme npm packages,build,26_1,cancelled,Build npm packages,https://github.com/DevExpress/DevExtreme/actions/runs/30896092835/job/91949218353
"04.08.26, 09:31:18",91951123555,30896092835,1,Build and pack DevExtreme npm packages,custom_bundles,26_1,cancelled,,https://github.com/DevExpress/DevExtreme/actions/runs/30896092835/job/91951123555
"04.08.26, 08:57:01",91942893527,30894139347,1,Build and pack DevExtreme npm packages,build,26_2_editor_typing,cancelled,,https://github.com/DevExpress/DevExtreme/actions/runs/30894139347/job/91942893527
"04.08.26, 09:03:32",91944487258,30894139347,1,Build and pack DevExtreme npm packages,custom_bundles,26_2_editor_typing,cancelled,,https://github.com/DevExpress/DevExtreme/actions/runs/30894139347/job/91944487258
"04.08.26, 08:47:14",91940621671,30893432429,1,Build and pack DevExtreme npm packages,build,26_2_editor_typing,cancelled,,https://github.com/DevExpress/DevExtreme/actions/runs/30893432429/job/91940621671
"04.08.26, 08:57:01",91942892496,30893432429,1,Build and pack DevExtreme npm packages,custom_bundles,26_2_editor_typing,cancelled,,https://github.com/DevExpress/DevExtreme/actions/runs/30893432429/job/91942892496
"04.08.26, 08:08:32",91931822027,30890702212,1,Build and pack DevExtreme npm packages,build,feature/demos-remove-system-js,cancelled,,https://github.com/DevExpress/DevExtreme/actions/runs/30890702212/job/91931822027
"04.08.26, 08:12:34",91932742581,30890702212,1,Build and pack DevExtreme npm packages,custom_bundles,feature/demos-remove-system-js,cancelled,,https://github.com/DevExpress/DevExtreme/actions/runs/30890702212/job/91932742581
"04.08.26, 06:48:15",91915074660,30885300254,1,Build and pack DevExtreme npm packages,build,qunit_fluent_part_4_26_2,cancelled,,https://github.com/DevExpress/DevExtreme/actions/runs/30885300254/job/91915074660
"04.08.26, 07:58:29",91929550615,30885300254,1,Build and pack DevExtreme npm packages,custom_bundles,qunit_fluent_part_4_26_2,cancelled,,https://github.com/DevExpress/DevExtreme/actions/runs/30885300254/job/91929550615
"04.08.26, 06:48:14",91915074097,30885300014,1,Build and pack DevExtreme npm packages,build,qunit_fluent_part_4_26_1,cancelled,,https://github.com/DevExpress/DevExtreme/actions/runs/30885300014/job/91915074097
"04.08.26, 07:58:53",91929638064,30885300014,1,Build and pack DevExtreme npm packages,custom_bundles,qunit_fluent_part_4_26_1,cancelled,,https://github.com/DevExpress/DevExtreme/actions/runs/30885300014/job/91929638064
"04.08.26, 17:15:03",92072145109,30933026080,1,Default Workflow,main,26_2_js_to_ts,failure,Run targets,https://github.com/DevExpress/DevExtreme/actions/runs/30933026080/job/92072145109
"04.08.26, 12:30:39",91992133627,30909413890,1,Default Workflow,main,tribe-duty-3_26_1,failure,Run targets,https://github.com/DevExpress/DevExtreme/actions/runs/30909413890/job/91992133627
"04.08.26, 12:42:08",91994965324,30909413890,2,Default Workflow,main,tribe-duty-3_26_1,failure,Run targets,https://github.com/DevExpress/DevExtreme/actions/runs/30909413890/job/91994965324
"04.08.26, 12:45:22",91995804234,30909413890,3,Default Workflow,main,tribe-duty-3_26_1,failure,Run targets,https://github.com/DevExpress/DevExtreme/actions/runs/30909413890/job/91995804234
"04.08.26, 12:11:54",91987642956,30908028361,1,Default Workflow,main,stabilize_tests_26_2,cancelled,Run targets,https://github.com/DevExpress/DevExtreme/actions/runs/30908028361/job/91987642956
"04.08.26, 10:48:26",91968757731,30902166291,1,Default Workflow,main,qunit_fluent_mics_main,cancelled,Run targets,https://github.com/DevExpress/DevExtreme/actions/runs/30902166291/job/91968757731
"04.08.26, 08:57:01",91942892651,30894139280,1,Default Workflow,main,26_2_editor_typing,cancelled,,https://github.com/DevExpress/DevExtreme/actions/runs/30894139280/job/91942892651
"04.08.26, 08:47:13",91940618783,30893431563,1,Default Workflow,main,26_2_editor_typing,cancelled,,https://github.com/DevExpress/DevExtreme/actions/runs/30893431563/job/91940618783
"04.08.26, 08:08:32",91931822603,30890702479,1,Default Workflow,main,feature/demos-remove-system-js,cancelled,,https://github.com/DevExpress/DevExtreme/actions/runs/30890702479/job/91931822603
"04.08.26, 06:48:15",91915074573,30885300228,1,Default Workflow,main,qunit_fluent_part_4_26_2,cancelled,,https://github.com/DevExpress/DevExtreme/actions/runs/30885300228/job/91915074573
"04.08.26, 06:48:14",91915074313,30885299972,1,Default Workflow,main,qunit_fluent_part_4_26_1,cancelled,,https://github.com/DevExpress/DevExtreme/actions/runs/30885299972/job/91915074313
"04.08.26, 06:48:15",91915075507,30885300084,1,Default Workflow,main,qunit_fluent_part_4_25_2,cancelled,,https://github.com/DevExpress/DevExtreme/actions/runs/30885300084/job/91915075507
"04.08.26, 06:39:48",91913490188,30884783999,1,Default Workflow,main,qunit_fluent_part_4_25_2,cancelled,,https://github.com/DevExpress/DevExtreme/actions/runs/30884783999/job/91913490188
"04.08.26, 18:23:25",92090184463,30937155837,1,Demos Visual Tests,angular(3/10)-screenshots-fluent.blue.light,tribe-duty-3_25_2,failure,Run TestCafe tests,https://github.com/DevExpress/DevExtreme/actions/runs/30937155837/job/92090184463
"04.08.26, 18:23:25",92090184467,30937155837,1,Demos Visual Tests,angular(6/10)-screenshots-fluent.blue.light,tribe-duty-3_25_2,failure,Run TestCafe tests,https://github.com/DevExpress/DevExtreme/actions/runs/30937155837/job/92090184467
"04.08.26, 18:23:25",92090184475,30937155837,1,Demos Visual Tests,angular(10/10)-screenshots-fluent.blue.light,tribe-duty-3_25_2,failure,Run TestCafe tests,https://github.com/DevExpress/DevExtreme/actions/runs/30937155837/job/92090184475
"04.08.26, 18:23:25",92090184490,30937155837,1,Demos Visual Tests,angular(1/10)-screenshots-fluent.blue.light,tribe-duty-3_25_2,failure,Run TestCafe tests,https://github.com/DevExpress/DevExtreme/actions/runs/30937155837/job/92090184490
"04.08.26, 18:23:25",92090184500,30937155837,1,Demos Visual Tests,angular(2/10)-screenshots-fluent.blue.light,tribe-duty-3_25_2,failure,Run TestCafe tests,https://github.com/DevExpress/DevExtreme/actions/runs/30937155837/job/92090184500
"04.08.26, 18:23:25",92090184503,30937155837,1,Demos Visual Tests,angular(4/10)-screenshots-fluent.blue.light,tribe-duty-3_25_2,failure,Run TestCafe tests,https://github.com/DevExpress/DevExtreme/actions/runs/30937155837/job/92090184503
"04.08.26, 18:23:25",92090184548,30937155837,1,Demos Visual Tests,angular(7/10)-screenshots-fluent.blue.light,tribe-duty-3_25_2,failure,Run TestCafe tests,https://github.com/DevExpress/DevExtreme/actions/runs/30937155837/job/92090184548
"04.08.26, 18:23:25",92090184550,30937155837,1,Demos Visual Tests,angular(5/10)-screenshots-fluent.blue.light,tribe-duty-3_25_2,failure,Run TestCafe tests,https://github.com/DevExpress/DevExtreme/actions/runs/30937155837/job/92090184550
"04.08.26, 18:23:25",92090184552,30937155837,1,Demos Visual Tests,angular(8/10)-screenshots-fluent.blue.light,tribe-duty-3_25_2,failure,Run TestCafe tests,https://github.com/DevExpress/DevExtreme/actions/runs/30937155837/job/92090184552
"04.08.26, 18:23:25",92090184584,30937155837,1,Demos Visual Tests,angular(9/10)-screenshots-fluent.blue.light,tribe-duty-3_25_2,failure,Run TestCafe tests,https://github.com/DevExpress/DevExtreme/actions/runs/30937155837/job/92090184584
"04.08.26, 17:50:48",92081494716,30935750775,1,Demos Visual Tests,Build DevExtreme,tribe-duty-3_25_2,failure,DevExtreme - Build-all,https://github.com/DevExpress/DevExtreme/actions/runs/30935750775/job/92081494716
"04.08.26, 17:20:03",92073444281,30933335191,1,Demos Visual Tests,Build DevExtreme,tribe-duty-3_25_2,failure,DevExtreme - Build-all,https://github.com/DevExpress/DevExtreme/actions/runs/30933335191/job/92073444281
"04.08.26, 12:46:38",91996122811,30910562524,1,Demos Visual Tests,Build DevExtreme,tribe-duty-3_25_2,failure,DevExtreme - Build-all,https://github.com/DevExpress/DevExtreme/actions/runs/30910562524/job/91996122811
"04.08.26, 13:19:54",92005006218,30910562524,2,Demos Visual Tests,Build DevExtreme,tribe-duty-3_25_2,failure,DevExtreme - Build-all,https://github.com/DevExpress/DevExtreme/actions/runs/30910562524/job/92005006218
"04.08.26, 13:21:09",92005349785,30910562524,2,Demos Visual Tests,Check TS,tribe-duty-3_25_2,cancelled,,https://github.com/DevExpress/DevExtreme/actions/runs/30910562524/job/92005349785
"04.08.26, 13:21:09",92005349980,30910562524,2,Demos Visual Tests,Build Demos Bundles,tribe-duty-3_25_2,cancelled,,https://github.com/DevExpress/DevExtreme/actions/runs/30910562524/job/92005349980
"04.08.26, 13:21:09",92005350103,30910562524,2,Demos Visual Tests,Check generated demos (${{ matrix.CONSTEL }}),tribe-duty-3_25_2,cancelled,,https://github.com/DevExpress/DevExtreme/actions/runs/30910562524/job/92005350103
"04.08.26, 13:21:09",92005350221,30910562524,2,Demos Visual Tests,Lint code base,tribe-duty-3_25_2,cancelled,,https://github.com/DevExpress/DevExtreme/actions/runs/30910562524/job/92005350221
"04.08.26, 13:21:09",92005350231,30910562524,2,Demos Visual Tests,Check generated demos (changed only),tribe-duty-3_25_2,cancelled,,https://github.com/DevExpress/DevExtreme/actions/runs/30910562524/job/92005350231
"04.08.26, 13:21:09",92005350410,30910562524,2,Demos Visual Tests,${{ matrix.CONSTEL }}-${{ matrix.STRATEGY }}-${{ matrix.THEME }},tribe-duty-3_25_2,cancelled,,https://github.com/DevExpress/DevExtreme/actions/runs/30910562524/job/92005350410
"04.08.26, 13:21:09",92005350873,30910562524,2,Demos Visual Tests,${{ matrix.CONSTEL }}-screenshots-${{ matrix.THEME }},tribe-duty-3_25_2,cancelled,,https://github.com/DevExpress/DevExtreme/actions/runs/30910562524/job/92005350873
"04.08.26, 13:21:09",92005350947,30910562524,2,Demos Visual Tests,${{ matrix.CONSTEL }}-screenshots-${{ matrix.THEME }},tribe-duty-3_25_2,cancelled,,https://github.com/DevExpress/DevExtreme/actions/runs/30910562524/job/92005350947
"04.08.26, 13:21:09",92005351313,30910562524,2,Demos Visual Tests,merge-artifacts,tribe-duty-3_25_2,cancelled,,https://github.com/DevExpress/DevExtreme/actions/runs/30910562524/job/92005351313
"04.08.26, 11:26:03",91977218263,30903984238,1,Demos Visual Tests,jquery(3/3)-screenshots-material.blue.light,grid_core_remove_prefix_datacontroller_25_2,failure,,https://github.com/DevExpress/DevExtreme/actions/runs/30903984238/job/91977218263
"04.08.26, 08:42:48",91939611226,30884783996,1,Demos Visual Tests,jquery(3/3)-screenshots-material.blue.light,qunit_fluent_part_4_25_2,failure,,https://github.com/DevExpress/DevExtreme/actions/runs/30884783996/job/91939611226
"04.08.26, 08:42:48",91939611246,30884783996,1,Demos Visual Tests,jquery(1/3)-screenshots-fluent.blue.light,qunit_fluent_part_4_25_2,cancelled,,https://github.com/DevExpress/DevExtreme/actions/runs/30884783996/job/91939611246
"04.08.26, 08:42:48",91939611868,30884783996,1,Demos Visual Tests,Build Demos Bundles,qunit_fluent_part_4_25_2,cancelled,,https://github.com/DevExpress/DevExtreme/actions/runs/30884783996/job/91939611868
"04.08.26, 08:42:48",91939611906,30884783996,1,Demos Visual Tests,Check generated demos (changed only),qunit_fluent_part_4_25_2,cancelled,,https://github.com/DevExpress/DevExtreme/actions/runs/30884783996/job/91939611906
"04.08.26, 08:42:48",91939612058,30884783996,1,Demos Visual Tests,Check TS,qunit_fluent_part_4_25_2,cancelled,,https://github.com/DevExpress/DevExtreme/actions/runs/30884783996/job/91939612058
"04.08.26, 08:42:48",91939612090,30884783996,1,Demos Visual Tests,Lint code base,qunit_fluent_part_4_25_2,cancelled,,https://github.com/DevExpress/DevExtreme/actions/runs/30884783996/job/91939612090
"04.08.26, 08:42:48",91939612248,30884783996,1,Demos Visual Tests,Check generated demos (${{ matrix.CONSTEL }}),qunit_fluent_part_4_25_2,cancelled,,https://github.com/DevExpress/DevExtreme/actions/runs/30884783996/job/91939612248
"04.08.26, 08:42:48",91939612594,30884783996,1,Demos Visual Tests,${{ matrix.CONSTEL }}-screenshots-${{ matrix.THEME }},qunit_fluent_part_4_25_2,cancelled,,https://github.com/DevExpress/DevExtreme/actions/runs/30884783996/job/91939612594
"04.08.26, 08:42:48",91939612701,30884783996,1,Demos Visual Tests,${{ matrix.CONSTEL }}-screenshots-${{ matrix.THEME }},qunit_fluent_part_4_25_2,cancelled,,https://github.com/DevExpress/DevExtreme/actions/runs/30884783996/job/91939612701
"04.08.26, 21:54:43",92143596250,30954299170,1,Lint,TS,feature/scheduler-multilevel-grouping/demo,cancelled,Lint TS,https://github.com/DevExpress/DevExtreme/actions/runs/30954299170/job/92143596250
"04.08.26, 21:59:44",92144683480,30954299170,1,Lint,Send notifications,feature/scheduler-multilevel-grouping/demo,cancelled,,https://github.com/DevExpress/DevExtreme/actions/runs/30954299170/job/92144683480
"04.08.26, 19:25:57",92106692293,30943245024,1,Lint,TS,26_2_js_to_ts,failure,,https://github.com/DevExpress/DevExtreme/actions/runs/30943245024/job/92106692293
"04.08.26, 17:15:03",92072144361,30933025898,1,Lint,TS,26_2_js_to_ts,failure,Build,https://github.com/DevExpress/DevExtreme/actions/runs/30933025898/job/92072144361
"04.08.26, 17:15:03",92072144403,30933025898,1,Lint,JS,26_2_js_to_ts,failure,Build,https://github.com/DevExpress/DevExtreme/actions/runs/30933025898/job/92072144403
"04.08.26, 14:53:48",92032330003,30921307482,1,Lint,TS,fix/datagrid-paging-pageindex-option-sync-26_2,cancelled,Post Setup nx cache,https://github.com/DevExpress/DevExtreme/actions/runs/30921307482/job/92032330003
"04.08.26, 15:01:40",92034700924,30921307482,1,Lint,Send notifications,fix/datagrid-paging-pageindex-option-sync-26_2,cancelled,,https://github.com/DevExpress/DevExtreme/actions/runs/30921307482/job/92034700924
"04.08.26, 13:26:32",92006827582,30913829277,1,Lint,TS,stabilize_tests_26_2,failure,Lint Testcafe tests,https://github.com/DevExpress/DevExtreme/actions/runs/30913829277/job/92006827582
"04.08.26, 12:48:22",91996586744,30910744757,1,Lint,JS,qunit_remove_generic_25_2,failure,,https://github.com/DevExpress/DevExtreme/actions/runs/30910744757/job/91996586744
"04.08.26, 12:14:10",91988186877,30908175668,1,Lint,TS,stabilize_tests_26_2,failure,Lint Testcafe tests,https://github.com/DevExpress/DevExtreme/actions/runs/30908175668/job/91988186877
"04.08.26, 12:11:54",91987642635,30908028101,1,Lint,JS,stabilize_tests_26_2,cancelled,Build,https://github.com/DevExpress/DevExtreme/actions/runs/30908028101/job/91987642635
"04.08.26, 12:11:54",91987642715,30908028101,1,Lint,wrappers,stabilize_tests_26_2,cancelled,Install dependencies,https://github.com/DevExpress/DevExtreme/actions/runs/30908028101/job/91987642715
"04.08.26, 12:11:54",91987642725,30908028101,1,Lint,TS,stabilize_tests_26_2,cancelled,Build,https://github.com/DevExpress/DevExtreme/actions/runs/30908028101/job/91987642725
"04.08.26, 12:11:54",91987642731,30908028101,1,Lint,texts,stabilize_tests_26_2,cancelled,Post Setup pnpm cache,https://github.com/DevExpress/DevExtreme/actions/runs/30908028101/job/91987642731
"04.08.26, 12:14:10",91988185603,30908028101,1,Lint,Send notifications,stabilize_tests_26_2,cancelled,,https://github.com/DevExpress/DevExtreme/actions/runs/30908028101/job/91988185603
"04.08.26, 11:43:52",91981161801,30906023427,1,Lint,TS,stabilize_tests_26_2,failure,Lint Testcafe tests,https://github.com/DevExpress/DevExtreme/actions/runs/30906023427/job/91981161801
"04.08.26, 10:48:26",91968757637,30902166276,1,Lint,TS,qunit_fluent_mics_main,cancelled,Lint Testcafe tests,https://github.com/DevExpress/DevExtreme/actions/runs/30902166276/job/91968757637
"04.08.26, 10:55:19",91970274182,30902166276,1,Lint,Send notifications,qunit_fluent_mics_main,cancelled,,https://github.com/DevExpress/DevExtreme/actions/runs/30902166276/job/91970274182
"04.08.26, 10:08:21",91959816555,30899376219,1,Lint,TS,tribe-duty-3,cancelled,Post Setup pnpm cache,https://github.com/DevExpress/DevExtreme/actions/runs/30899376219/job/91959816555
"04.08.26, 10:24:17",91963396742,30899376219,1,Lint,Send notifications,tribe-duty-3,cancelled,,https://github.com/DevExpress/DevExtreme/actions/runs/30899376219/job/91963396742
"04.08.26, 09:31:01",91951057955,30896659446,1,Lint,TS,26_1,failure,,https://github.com/DevExpress/DevExtreme/actions/runs/30896659446/job/91951057955
"04.08.26, 08:57:01",91942893878,30894139278,1,Lint,TS,26_2_editor_typing,cancelled,Use Node.js,https://github.com/DevExpress/DevExtreme/actions/runs/30894139278/job/91942893878
"04.08.26, 08:57:01",91942893938,30894139278,1,Lint,texts,26_2_editor_typing,cancelled,,https://github.com/DevExpress/DevExtreme/actions/runs/30894139278/job/91942893938
"04.08.26, 08:57:01",91942893958,30894139278,1,Lint,JS,26_2_editor_typing,cancelled,,https://github.com/DevExpress/DevExtreme/actions/runs/30894139278/job/91942893958
"04.08.26, 08:57:01",91942893987,30894139278,1,Lint,wrappers,26_2_editor_typing,cancelled,,https://github.com/DevExpress/DevExtreme/actions/runs/30894139278/job/91942893987
"04.08.26, 09:03:35",91944500285,30894139278,1,Lint,Send notifications,26_2_editor_typing,cancelled,,https://github.com/DevExpress/DevExtreme/actions/runs/30894139278/job/91944500285
"04.08.26, 08:47:13",91940618205,30893431480,1,Lint,TS,26_2_editor_typing,cancelled,,https://github.com/DevExpress/DevExtreme/actions/runs/30893431480/job/91940618205
"04.08.26, 08:47:13",91940618254,30893431480,1,Lint,JS,26_2_editor_typing,cancelled,,https://github.com/DevExpress/DevExtreme/actions/runs/30893431480/job/91940618254
"04.08.26, 08:47:13",91940618302,30893431480,1,Lint,wrappers,26_2_editor_typing,cancelled,,https://github.com/DevExpress/DevExtreme/actions/runs/30893431480/job/91940618302
"04.08.26, 08:47:13",91940618427,30893431480,1,Lint,texts,26_2_editor_typing,cancelled,,https://github.com/DevExpress/DevExtreme/actions/runs/30893431480/job/91940618427
"04.08.26, 08:57:01",91942892713,30893431480,1,Lint,Send notifications,26_2_editor_typing,cancelled,,https://github.com/DevExpress/DevExtreme/actions/runs/30893431480/job/91942892713
"04.08.26, 08:08:32",91931822044,30890702156,1,Lint,JS,feature/demos-remove-system-js,cancelled,,https://github.com/DevExpress/DevExtreme/actions/runs/30890702156/job/91931822044
"04.08.26, 08:08:32",91931822168,30890702156,1,Lint,TS,feature/demos-remove-system-js,cancelled,,https://github.com/DevExpress/DevExtreme/actions/runs/30890702156/job/91931822168
"04.08.26, 08:08:32",91931822212,30890702156,1,Lint,texts,feature/demos-remove-system-js,cancelled,,https://github.com/DevExpress/DevExtreme/actions/runs/30890702156/job/91931822212
"04.08.26, 08:08:32",91931822248,30890702156,1,Lint,wrappers,feature/demos-remove-system-js,cancelled,,https://github.com/DevExpress/DevExtreme/actions/runs/30890702156/job/91931822248
"04.08.26, 08:12:32",91932734699,30890702156,1,Lint,Send notifications,feature/demos-remove-system-js,cancelled,,https://github.com/DevExpress/DevExtreme/actions/runs/30890702156/job/91932734699
"04.08.26, 06:48:15",91915074478,30885300230,1,Lint,TS,qunit_fluent_part_4_26_2,cancelled,,https://github.com/DevExpress/DevExtreme/actions/runs/30885300230/job/91915074478
"04.08.26, 06:48:15",91915074495,30885300230,1,Lint,JS,qunit_fluent_part_4_26_2,cancelled,,https://github.com/DevExpress/DevExtreme/actions/runs/30885300230/job/91915074495
"04.08.26, 06:48:15",91915074538,30885300230,1,Lint,texts,qunit_fluent_part_4_26_2,cancelled,,https://github.com/DevExpress/DevExtreme/actions/runs/30885300230/job/91915074538
"04.08.26, 06:48:15",91915074596,30885300230,1,Lint,wrappers,qunit_fluent_part_4_26_2,cancelled,,https://github.com/DevExpress/DevExtreme/actions/runs/30885300230/job/91915074596
"04.08.26, 07:58:30",91929552186,30885300230,1,Lint,Send notifications,qunit_fluent_part_4_26_2,cancelled,,https://github.com/DevExpress/DevExtreme/actions/runs/30885300230/job/91929552186
"04.08.26, 06:48:14",91915073864,30885300042,1,Lint,TS,qunit_fluent_part_4_26_1,cancelled,,https://github.com/DevExpress/DevExtreme/actions/runs/30885300042/job/91915073864
"04.08.26, 06:48:14",91915073870,30885300042,1,Lint,wrappers,qunit_fluent_part_4_26_1,cancelled,,https://github.com/DevExpress/DevExtreme/actions/runs/30885300042/job/91915073870
"04.08.26, 06:48:14",91915073908,30885300042,1,Lint,JS,qunit_fluent_part_4_26_1,cancelled,,https://github.com/DevExpress/DevExtreme/actions/runs/30885300042/job/91915073908
"04.08.26, 06:48:14",91915073991,30885300042,1,Lint,texts,qunit_fluent_part_4_26_1,cancelled,,https://github.com/DevExpress/DevExtreme/actions/runs/30885300042/job/91915073991
"04.08.26, 07:58:47",91929616940,30885300042,1,Lint,Send notifications,qunit_fluent_part_4_26_1,cancelled,,https://github.com/DevExpress/DevExtreme/actions/runs/30885300042/job/91929616940
"04.08.26, 06:48:15",91915077101,30885300135,1,Lint,JS,qunit_fluent_part_4_25_2,cancelled,,https://github.com/DevExpress/DevExtreme/actions/runs/30885300135/job/91915077101
"04.08.26, 06:48:15",91915077104,30885300135,1,Lint,texts,qunit_fluent_part_4_25_2,cancelled,,https://github.com/DevExpress/DevExtreme/actions/runs/30885300135/job/91915077104
"04.08.26, 06:48:15",91915077106,30885300135,1,Lint,TS,qunit_fluent_part_4_25_2,cancelled,,https://github.com/DevExpress/DevExtreme/actions/runs/30885300135/job/91915077106
"04.08.26, 06:48:15",91915077115,30885300135,1,Lint,component_exports,qunit_fluent_part_4_25_2,cancelled,,https://github.com/DevExpress/DevExtreme/actions/runs/30885300135/job/91915077115
"04.08.26, 06:48:15",91915077191,30885300135,1,Lint,wrappers,qunit_fluent_part_4_25_2,cancelled,,https://github.com/DevExpress/DevExtreme/actions/runs/30885300135/job/91915077191
"04.08.26, 07:59:01",91929665512,30885300135,1,Lint,Send notifications,qunit_fluent_part_4_25_2,cancelled,,https://github.com/DevExpress/DevExtreme/actions/runs/30885300135/job/91929665512
"04.08.26, 06:39:48",91913490534,30884784037,1,Lint,texts,qunit_fluent_part_4_25_2,cancelled,,https://github.com/DevExpress/DevExtreme/actions/runs/30884784037/job/91913490534
"04.08.26, 06:39:48",91913490568,30884784037,1,Lint,wrappers,qunit_fluent_part_4_25_2,cancelled,,https://github.com/DevExpress/DevExtreme/actions/runs/30884784037/job/91913490568
"04.08.26, 06:39:48",91913490603,30884784037,1,Lint,JS,qunit_fluent_part_4_25_2,cancelled,,https://github.com/DevExpress/DevExtreme/actions/runs/30884784037/job/91913490603
"04.08.26, 06:39:48",91913490619,30884784037,1,Lint,component_exports,qunit_fluent_part_4_25_2,cancelled,,https://github.com/DevExpress/DevExtreme/actions/runs/30884784037/job/91913490619
"04.08.26, 06:39:48",91913490840,30884784037,1,Lint,TS,qunit_fluent_part_4_25_2,cancelled,,https://github.com/DevExpress/DevExtreme/actions/runs/30884784037/job/91913490840
"04.08.26, 06:48:15",91915076482,30884784037,1,Lint,Send notifications,qunit_fluent_part_4_25_2,cancelled,,https://github.com/DevExpress/DevExtreme/actions/runs/30884784037/job/91915076482
"04.08.26, 21:56:53",92144065128,30954299113,1,Playgrounds tests,vue,feature/scheduler-multilevel-grouping/demo,cancelled,Build,https://github.com/DevExpress/DevExtreme/actions/runs/30954299113/job/92144065128
"04.08.26, 21:56:53",92144065160,30954299113,1,Playgrounds tests,react,feature/scheduler-multilevel-grouping/demo,cancelled,Build,https://github.com/DevExpress/DevExtreme/actions/runs/30954299113/job/92144065160
"04.08.26, 17:15:03",92072144429,30933025892,1,Playgrounds tests,build,26_2_js_to_ts,failure,Build,https://github.com/DevExpress/DevExtreme/actions/runs/30933025892/job/92072144429
"04.08.26, 16:29:30",92059867374,30928803866,1,Playgrounds tests,react,tribe-duty-3_25_2,failure,Check sources compilation,https://github.com/DevExpress/DevExtreme/actions/runs/30928803866/job/92059867374
"04.08.26, 14:59:26",92034017922,30921304638,1,Playgrounds tests,angular,fix/datagrid-paging-pageindex-option-sync-26_2,cancelled,Check sources compilation,https://github.com/DevExpress/DevExtreme/actions/runs/30921304638/job/92034017922
"04.08.26, 14:59:26",92034017945,30921304638,1,Playgrounds tests,vue,fix/datagrid-paging-pageindex-option-sync-26_2,cancelled,Post Setup nx cache,https://github.com/DevExpress/DevExtreme/actions/runs/30921304638/job/92034017945
"04.08.26, 14:59:26",92034018038,30921304638,1,Playgrounds tests,react,fix/datagrid-paging-pageindex-option-sync-26_2,cancelled,Post Setup pnpm cache,https://github.com/DevExpress/DevExtreme/actions/runs/30921304638/job/92034018038
"04.08.26, 13:27:11",92007004637,30913365906,1,Playgrounds tests,react,tribe-duty-3_25_2,failure,Check sources compilation,https://github.com/DevExpress/DevExtreme/actions/runs/30913365906/job/92007004637
"04.08.26, 12:48:24",91996593487,30910746444,1,Playgrounds tests,build,qunit_remove_generic_25_2,cancelled,Zip artifacts,https://github.com/DevExpress/DevExtreme/actions/runs/30910746444/job/91996593487
"04.08.26, 12:55:12",91998400929,30910562450,1,Playgrounds tests,react,tribe-duty-3_25_2,failure,Check sources compilation,https://github.com/DevExpress/DevExtreme/actions/runs/30910562450/job/91998400929
"04.08.26, 12:11:54",91987644413,30908028603,1,Playgrounds tests,build,stabilize_tests_26_2,cancelled,Install dependencies,https://github.com/DevExpress/DevExtreme/actions/runs/30908028603/job/91987644413
"04.08.26, 12:14:08",91988178798,30908028603,1,Playgrounds tests,matrix.ARGS.platform,stabilize_tests_26_2,cancelled,,https://github.com/DevExpress/DevExtreme/actions/runs/30908028603/job/91988178798
"04.08.26, 11:28:35",91977770863,30904950654,1,Playgrounds tests,build,feature/demos-remove-system-js,cancelled,,https://github.com/DevExpress/DevExtreme/actions/runs/30904950654/job/91977770863
"04.08.26, 10:48:26",91968757809,30902166328,1,Playgrounds tests,build,qunit_fluent_mics_main,cancelled,Build,https://github.com/DevExpress/DevExtreme/actions/runs/30902166328/job/91968757809
"04.08.26, 10:55:19",91970273526,30902166328,1,Playgrounds tests,matrix.ARGS.platform,qunit_fluent_mics_main,cancelled,,https://github.com/DevExpress/DevExtreme/actions/runs/30902166328/job/91970273526
"04.08.26, 08:57:01",91942893292,30894139378,1,Playgrounds tests,build,26_2_editor_typing,cancelled,Run pnpm/action-setup@v6,https://github.com/DevExpress/DevExtreme/actions/runs/30894139378/job/91942893292
"04.08.26, 09:03:35",91944502290,30894139378,1,Playgrounds tests,matrix.ARGS.platform,26_2_editor_typing,cancelled,,https://github.com/DevExpress/DevExtreme/actions/runs/30894139378/job/91944502290
"04.08.26, 08:47:13",91940619142,30893431551,1,Playgrounds tests,build,26_2_editor_typing,cancelled,,https://github.com/DevExpress/DevExtreme/actions/runs/30893431551/job/91940619142
"04.08.26, 08:57:01",91942892607,30893431551,1,Playgrounds tests,matrix.ARGS.platform,26_2_editor_typing,cancelled,,https://github.com/DevExpress/DevExtreme/actions/runs/30893431551/job/91942892607
"04.08.26, 08:08:32",91931823303,30890702789,1,Playgrounds tests,build,feature/demos-remove-system-js,cancelled,,https://github.com/DevExpress/DevExtreme/actions/runs/30890702789/job/91931823303
"04.08.26, 08:12:33",91932738149,30890702789,1,Playgrounds tests,matrix.ARGS.platform,feature/demos-remove-system-js,cancelled,,https://github.com/DevExpress/DevExtreme/actions/runs/30890702789/job/91932738149
"04.08.26, 06:48:15",91915074640,30885300266,1,Playgrounds tests,build,qunit_fluent_part_4_26_2,cancelled,,https://github.com/DevExpress/DevExtreme/actions/runs/30885300266/job/91915074640
"04.08.26, 07:58:30",91929552152,30885300266,1,Playgrounds tests,matrix.ARGS.platform,qunit_fluent_part_4_26_2,cancelled,,https://github.com/DevExpress/DevExtreme/actions/runs/30885300266/job/91929552152
"04.08.26, 06:48:14",91915073426,30885299964,1,Playgrounds tests,build,qunit_fluent_part_4_26_1,cancelled,,https://github.com/DevExpress/DevExtreme/actions/runs/30885299964/job/91915073426
"04.08.26, 07:58:50",91929625148,30885299964,1,Playgrounds tests,matrix.ARGS.platform,qunit_fluent_part_4_26_1,cancelled,,https://github.com/DevExpress/DevExtreme/actions/runs/30885299964/job/91929625148
"04.08.26, 06:48:15",91915076473,30885300111,1,Playgrounds tests,build,qunit_fluent_part_4_25_2,cancelled,,https://github.com/DevExpress/DevExtreme/actions/runs/30885300111/job/91915076473
"04.08.26, 07:59:01",91929665253,30885300111,1,Playgrounds tests,matrix.ARGS.platform,qunit_fluent_part_4_25_2,cancelled,,https://github.com/DevExpress/DevExtreme/actions/runs/30885300111/job/91929665253
"04.08.26, 06:39:48",91913490175,30884784000,1,Playgrounds tests,build,qunit_fluent_part_4_25_2,cancelled,,https://github.com/DevExpress/DevExtreme/actions/runs/30884784000/job/91913490175
"04.08.26, 06:48:15",91915075836,30884784000,1,Playgrounds tests,matrix.ARGS.platform,qunit_fluent_part_4_25_2,cancelled,,https://github.com/DevExpress/DevExtreme/actions/runs/30884784000/job/91915075836
"04.08.26, 23:32:09",92162594742,30960194750,1,QUnit tests,ui.grid-shadow-dom,feature/scheduler-multilevel-grouping/demo,failure,Run QUnit tests,https://github.com/DevExpress/DevExtreme/actions/runs/30960194750/job/92162594742
"04.08.26, 23:32:09",92162594817,30960194750,1,QUnit tests,Constel ui.grid,feature/scheduler-multilevel-grouping/demo,failure,Run QUnit tests,https://github.com/DevExpress/DevExtreme/actions/runs/30960194750/job/92162594817
"04.08.26, 22:41:39",92153384232,30957196743,1,QUnit tests,ui.grid-shadow-dom,feature/scheduler-multilevel-grouping/demo,failure,Run QUnit tests,https://github.com/DevExpress/DevExtreme/actions/runs/30957196743/job/92153384232
"04.08.26, 22:41:39",92153384323,30957196743,1,QUnit tests,Constel ui.grid,feature/scheduler-multilevel-grouping/demo,failure,Run QUnit tests,https://github.com/DevExpress/DevExtreme/actions/runs/30957196743/job/92153384323
"04.08.26, 22:01:52",92145159298,30954617702,1,QUnit tests,ui.grid-shadow-dom,feature/scheduler-multilevel-grouping/demo,failure,Run QUnit tests,https://github.com/DevExpress/DevExtreme/actions/runs/30954617702/job/92145159298
"04.08.26, 22:01:52",92145159348,30954617702,1,QUnit tests,Constel ui.grid,feature/scheduler-multilevel-grouping/demo,failure,Run QUnit tests,https://github.com/DevExpress/DevExtreme/actions/runs/30954617702/job/92145159348
"04.08.26, 21:56:37",92144009282,30954299129,1,QUnit tests,ui.grid-shadow-dom,feature/scheduler-multilevel-grouping/demo,cancelled,Get sources,https://github.com/DevExpress/DevExtreme/actions/runs/30954299129/job/92144009282
"04.08.26, 21:56:37",92144009284,30954299129,1,QUnit tests,ui.widgets-shadow-dom,feature/scheduler-multilevel-grouping/demo,cancelled,Run QUnit tests,https://github.com/DevExpress/DevExtreme/actions/runs/30954299129/job/92144009284
"04.08.26, 21:56:37",92144009315,30954299129,1,QUnit tests,ui-shadow-dom,feature/scheduler-multilevel-grouping/demo,cancelled,Run QUnit tests,https://github.com/DevExpress/DevExtreme/actions/runs/30954299129/job/92144009315
"04.08.26, 21:56:37",92144009317,30954299129,1,QUnit tests,Constel ui.grid,feature/scheduler-multilevel-grouping/demo,cancelled,Run QUnit tests,https://github.com/DevExpress/DevExtreme/actions/runs/30954299129/job/92144009317
"04.08.26, 21:56:37",92144009319,30954299129,1,QUnit tests,ui.scheduler-shadow-dom,feature/scheduler-multilevel-grouping/demo,cancelled,Run QUnit tests,https://github.com/DevExpress/DevExtreme/actions/runs/30954299129/job/92144009319
"04.08.26, 21:56:37",92144009337,30954299129,1,QUnit tests,Constel ui.widgets-no-csp,feature/scheduler-multilevel-grouping/demo,cancelled,Run QUnit tests,https://github.com/DevExpress/DevExtreme/actions/runs/30954299129/job/92144009337
"04.08.26, 21:56:37",92144009338,30954299129,1,QUnit tests,Constel ui.scheduler-US/Pacific,feature/scheduler-multilevel-grouping/demo,cancelled,Run QUnit tests,https://github.com/DevExpress/DevExtreme/actions/runs/30954299129/job/92144009338
"04.08.26, 21:56:37",92144009361,30954299129,1,QUnit tests,ui.editors-shadow-dom,feature/scheduler-multilevel-grouping/demo,cancelled,Run QUnit tests,https://github.com/DevExpress/DevExtreme/actions/runs/30954299129/job/92144009361
"04.08.26, 21:56:37",92144009373,30954299129,1,QUnit tests,Constel ui,feature/scheduler-multilevel-grouping/demo,cancelled,,https://github.com/DevExpress/DevExtreme/actions/runs/30954299129/job/92144009373
"04.08.26, 21:56:37",92144009388,30954299129,1,QUnit tests,Constel ui.editors,feature/scheduler-multilevel-grouping/demo,cancelled,Run QUnit tests,https://github.com/DevExpress/DevExtreme/actions/runs/30954299129/job/92144009388
"04.08.26, 21:56:37",92144009396,30954299129,1,QUnit tests,Constel misc,feature/scheduler-multilevel-grouping/demo,cancelled,Run QUnit tests,https://github.com/DevExpress/DevExtreme/actions/runs/30954299129/job/92144009396
"04.08.26, 21:56:37",92144009426,30954299129,1,QUnit tests,Constel ui.scheduler,feature/scheduler-multilevel-grouping/demo,cancelled,Run QUnit tests,https://github.com/DevExpress/DevExtreme/actions/runs/30954299129/job/92144009426
"04.08.26, 21:56:37",92144009437,30954299129,1,QUnit tests,Constel misc-no-csp,feature/scheduler-multilevel-grouping/demo,cancelled,Run QUnit tests,https://github.com/DevExpress/DevExtreme/actions/runs/30954299129/job/92144009437
"04.08.26, 21:59:50",92144701635,30954299129,1,QUnit tests,Send notifications,feature/scheduler-multilevel-grouping/demo,cancelled,,https://github.com/DevExpress/DevExtreme/actions/runs/30954299129/job/92144701635
"04.08.26, 21:21:03",92135939218,30951783278,1,QUnit tests,ui.grid-shadow-dom,feature/scheduler-multilevel-grouping/demo,failure,Run QUnit tests,https://github.com/DevExpress/DevExtreme/actions/runs/30951783278/job/92135939218
"04.08.26, 21:21:03",92135939382,30951783278,1,QUnit tests,Constel ui.grid,feature/scheduler-multilevel-grouping/demo,failure,Run QUnit tests,https://github.com/DevExpress/DevExtreme/actions/runs/30951783278/job/92135939382
"04.08.26, 21:07:01",92132553260,30950648022,1,QUnit tests,Constel ui.grid,feature/scheduler-multilevel-grouping/demo,failure,Run QUnit tests,https://github.com/DevExpress/DevExtreme/actions/runs/30950648022/job/92132553260
"04.08.26, 21:07:01",92132553282,30950648022,1,QUnit tests,ui.grid-shadow-dom,feature/scheduler-multilevel-grouping/demo,failure,Run QUnit tests,https://github.com/DevExpress/DevExtreme/actions/runs/30950648022/job/92132553282
"04.08.26, 20:57:17",92130104448,30950030617,1,QUnit tests,ui.grid-shadow-dom,feature/scheduler-multilevel-grouping/demo,failure,Run QUnit tests,https://github.com/DevExpress/DevExtreme/actions/runs/30950030617/job/92130104448
"04.08.26, 20:57:17",92130104526,30950030617,1,QUnit tests,Constel ui.grid,feature/scheduler-multilevel-grouping/demo,failure,Run QUnit tests,https://github.com/DevExpress/DevExtreme/actions/runs/30950030617/job/92130104526
"04.08.26, 20:34:17",92124254595,30948296003,1,QUnit tests,ui.grid-shadow-dom,feature/scheduler-multilevel-grouping/demo,failure,Run QUnit tests,https://github.com/DevExpress/DevExtreme/actions/runs/30948296003/job/92124254595
"04.08.26, 20:34:17",92124254700,30948296003,1,QUnit tests,Constel misc-no-csp,feature/scheduler-multilevel-grouping/demo,failure,,https://github.com/DevExpress/DevExtreme/actions/runs/30948296003/job/92124254700
"04.08.26, 20:34:17",92124254730,30948296003,1,QUnit tests,Constel ui.grid,feature/scheduler-multilevel-grouping/demo,failure,Run QUnit tests,https://github.com/DevExpress/DevExtreme/actions/runs/30948296003/job/92124254730
"04.08.26, 19:54:31",92114047103,30945268333,1,QUnit tests,Constel ui.grid,feature/scheduler-multilevel-grouping/demo,failure,Run QUnit tests,https://github.com/DevExpress/DevExtreme/actions/runs/30945268333/job/92114047103
"04.08.26, 19:54:31",92114047193,30945268333,1,QUnit tests,ui.grid-shadow-dom,feature/scheduler-multilevel-grouping/demo,failure,Run QUnit tests,https://github.com/DevExpress/DevExtreme/actions/runs/30945268333/job/92114047193
"04.08.26, 19:55:39",92114334234,30945232522,1,QUnit tests,ui-shadow-dom,26_2_js_to_ts,failure,Run QUnit tests,https://github.com/DevExpress/DevExtreme/actions/runs/30945232522/job/92114334234
"04.08.26, 19:55:39",92114334452,30945232522,1,QUnit tests,Constel ui,26_2_js_to_ts,failure,Run QUnit tests,https://github.com/DevExpress/DevExtreme/actions/runs/30945232522/job/92114334452
"04.08.26, 19:44:42",92111565335,30944316877,1,QUnit tests,ui.grid-shadow-dom,feature/scheduler-multilevel-grouping/demo,failure,Run QUnit tests,https://github.com/DevExpress/DevExtreme/actions/runs/30944316877/job/92111565335
"04.08.26, 19:44:42",92111565448,30944316877,1,QUnit tests,Constel ui.grid,feature/scheduler-multilevel-grouping/demo,failure,Run QUnit tests,https://github.com/DevExpress/DevExtreme/actions/runs/30944316877/job/92111565448
"04.08.26, 19:31:44",92108207678,30943245393,1,QUnit tests,ui-shadow-dom,26_2_js_to_ts,failure,Run QUnit tests,https://github.com/DevExpress/DevExtreme/actions/runs/30943245393/job/92108207678
"04.08.26, 19:31:44",92108207773,30943245393,1,QUnit tests,Constel ui,26_2_js_to_ts,failure,Run QUnit tests,https://github.com/DevExpress/DevExtreme/actions/runs/30943245393/job/92108207773
"04.08.26, 18:21:20",92089637380,30937961669,1,QUnit tests,ui.grid-shadow-dom,feature/scheduler-multilevel-grouping/demo,failure,Run QUnit tests,https://github.com/DevExpress/DevExtreme/actions/runs/30937961669/job/92089637380
"04.08.26, 18:21:20",92089637393,30937961669,1,QUnit tests,Constel ui.grid,feature/scheduler-multilevel-grouping/demo,failure,Run QUnit tests,https://github.com/DevExpress/DevExtreme/actions/runs/30937961669/job/92089637393
"04.08.26, 17:30:08",92076047342,30933966809,1,QUnit tests,ui.grid-shadow-dom,feature/scheduler-multilevel-grouping/demo,failure,Run QUnit tests,https://github.com/DevExpress/DevExtreme/actions/runs/30933966809/job/92076047342
"04.08.26, 17:30:08",92076047473,30933966809,1,QUnit tests,Constel ui.grid,feature/scheduler-multilevel-grouping/demo,failure,Run QUnit tests,https://github.com/DevExpress/DevExtreme/actions/runs/30933966809/job/92076047473
"04.08.26, 17:23:05",92074234861,30933313848,1,QUnit tests,ui.grid-shadow-dom,feature/scheduler-multilevel-grouping/demo,cancelled,Run QUnit tests,https://github.com/DevExpress/DevExtreme/actions/runs/30933313848/job/92074234861
"04.08.26, 17:23:05",92074234901,30933313848,1,QUnit tests,ui.editors-shadow-dom,feature/scheduler-multilevel-grouping/demo,cancelled,Run QUnit tests,https://github.com/DevExpress/DevExtreme/actions/runs/30933313848/job/92074234901
"04.08.26, 17:23:05",92074234904,30933313848,1,QUnit tests,ui.scheduler-shadow-dom,feature/scheduler-multilevel-grouping/demo,cancelled,Run QUnit tests,https://github.com/DevExpress/DevExtreme/actions/runs/30933313848/job/92074234904
"04.08.26, 17:23:05",92074234908,30933313848,1,QUnit tests,ui.widgets-shadow-dom,feature/scheduler-multilevel-grouping/demo,cancelled,Run QUnit tests,https://github.com/DevExpress/DevExtreme/actions/runs/30933313848/job/92074234908
"04.08.26, 17:23:05",92074235066,30933313848,1,QUnit tests,Constel ui.grid,feature/scheduler-multilevel-grouping/demo,cancelled,Run QUnit tests,https://github.com/DevExpress/DevExtreme/actions/runs/30933313848/job/92074235066
"04.08.26, 17:23:05",92074235085,30933313848,1,QUnit tests,Constel ui.editors,feature/scheduler-multilevel-grouping/demo,cancelled,,https://github.com/DevExpress/DevExtreme/actions/runs/30933313848/job/92074235085
"04.08.26, 17:23:05",92074235095,30933313848,1,QUnit tests,Constel ui.scheduler,feature/scheduler-multilevel-grouping/demo,cancelled,Post Run QUnit tests,https://github.com/DevExpress/DevExtreme/actions/runs/30933313848/job/92074235095
"04.08.26, 17:23:05",92074235104,30933313848,1,QUnit tests,Constel ui.scheduler-US/Pacific,feature/scheduler-multilevel-grouping/demo,cancelled,,https://github.com/DevExpress/DevExtreme/actions/runs/30933313848/job/92074235104
"04.08.26, 17:23:05",92074235156,30933313848,1,QUnit tests,Constel ui.widgets-no-csp,feature/scheduler-multilevel-grouping/demo,cancelled,Run QUnit tests,https://github.com/DevExpress/DevExtreme/actions/runs/30933313848/job/92074235156
"04.08.26, 17:27:36",92075393570,30933313848,1,QUnit tests,Send notifications,feature/scheduler-multilevel-grouping/demo,cancelled,,https://github.com/DevExpress/DevExtreme/actions/runs/30933313848/job/92075393570
"04.08.26, 17:15:03",92072144991,30933026057,1,QUnit tests,Build,26_2_js_to_ts,failure,Build,https://github.com/DevExpress/DevExtreme/actions/runs/30933026057/job/92072144991
"04.08.26, 16:13:29",92055509007,30927901635,1,QUnit tests,Constel ui.grid,feature/scheduler-multilevel-grouping/demo,failure,Run QUnit tests,https://github.com/DevExpress/DevExtreme/actions/runs/30927901635/job/92055509007
"04.08.26, 16:13:29",92055509008,30927901635,1,QUnit tests,ui.grid-shadow-dom,feature/scheduler-multilevel-grouping/demo,failure,Run QUnit tests,https://github.com/DevExpress/DevExtreme/actions/runs/30927901635/job/92055509008
"04.08.26, 16:02:55",92052573752,30927030621,1,QUnit tests,Constel ui.grid,feature/scheduler-multilevel-grouping/demo,failure,Run QUnit tests,https://github.com/DevExpress/DevExtreme/actions/runs/30927030621/job/92052573752
"04.08.26, 16:02:55",92052573770,30927030621,1,QUnit tests,ui.grid-shadow-dom,feature/scheduler-multilevel-grouping/demo,failure,Run QUnit tests,https://github.com/DevExpress/DevExtreme/actions/runs/30927030621/job/92052573770
"04.08.26, 15:49:36",92048724709,30925798480,1,QUnit tests,Constel ui.grid,feature/scheduler-multilevel-grouping/demo,failure,Run QUnit tests,https://github.com/DevExpress/DevExtreme/actions/runs/30925798480/job/92048724709
"04.08.26, 15:49:36",92048724922,30925798480,1,QUnit tests,ui.grid-shadow-dom,feature/scheduler-multilevel-grouping/demo,failure,Run QUnit tests,https://github.com/DevExpress/DevExtreme/actions/runs/30925798480/job/92048724922
"04.08.26, 15:32:52",92043904643,30924326062,1,QUnit tests,ui.grid-shadow-dom,feature/scheduler-multilevel-grouping/demo,failure,Run QUnit tests,https://github.com/DevExpress/DevExtreme/actions/runs/30924326062/job/92043904643
"04.08.26, 15:32:52",92043904708,30924326062,1,QUnit tests,Constel ui.grid,feature/scheduler-multilevel-grouping/demo,failure,Run QUnit tests,https://github.com/DevExpress/DevExtreme/actions/runs/30924326062/job/92043904708
"04.08.26, 15:29:55",92043045881,30923980769,1,QUnit tests,ui.grid-shadow-dom,feature/scheduler-multilevel-grouping/fix-a11y-vertical-group-panel,failure,Run QUnit tests,https://github.com/DevExpress/DevExtreme/actions/runs/30923980769/job/92043045881
"04.08.26, 15:29:55",92043046052,30923980769,1,QUnit tests,Constel ui.grid,feature/scheduler-multilevel-grouping/fix-a11y-vertical-group-panel,failure,Run QUnit tests,https://github.com/DevExpress/DevExtreme/actions/runs/30923980769/job/92043046052
"04.08.26, 15:05:43",92035914626,30921998613,1,QUnit tests,Constel ui.grid,fix/datagrid-paging-pageindex-option-sync-26_2,failure,Run QUnit tests,https://github.com/DevExpress/DevExtreme/actions/runs/30921998613/job/92035914626
"04.08.26, 15:05:43",92035914657,30921998613,1,QUnit tests,ui.grid-shadow-dom,fix/datagrid-paging-pageindex-option-sync-26_2,failure,Run QUnit tests,https://github.com/DevExpress/DevExtreme/actions/runs/30921998613/job/92035914657
"04.08.26, 15:07:14",92036372643,30921921030,1,QUnit tests,Constel ui.grid,feature/scheduler-multilevel-grouping/demo,failure,Run QUnit tests,https://github.com/DevExpress/DevExtreme/actions/runs/30921921030/job/92036372643
"04.08.26, 15:07:14",92036372661,30921921030,1,QUnit tests,ui.grid-shadow-dom,feature/scheduler-multilevel-grouping/demo,failure,Run QUnit tests,https://github.com/DevExpress/DevExtreme/actions/runs/30921921030/job/92036372661
"04.08.26, 14:59:25",92034014483,30921304466,1,QUnit tests,ui.scheduler-shadow-dom,fix/datagrid-paging-pageindex-option-sync-26_2,cancelled,Run QUnit tests,https://github.com/DevExpress/DevExtreme/actions/runs/30921304466/job/92034014483
"04.08.26, 14:59:25",92034014497,30921304466,1,QUnit tests,ui.editors-shadow-dom,fix/datagrid-paging-pageindex-option-sync-26_2,cancelled,Run QUnit tests,https://github.com/DevExpress/DevExtreme/actions/runs/30921304466/job/92034014497
"04.08.26, 14:59:25",92034014639,30921304466,1,QUnit tests,ui.grid-shadow-dom,fix/datagrid-paging-pageindex-option-sync-26_2,cancelled,Run QUnit tests,https://github.com/DevExpress/DevExtreme/actions/runs/30921304466/job/92034014639
"04.08.26, 14:59:25",92034014640,30921304466,1,QUnit tests,Constel ui,fix/datagrid-paging-pageindex-option-sync-26_2,cancelled,Run QUnit tests,https://github.com/DevExpress/DevExtreme/actions/runs/30921304466/job/92034014640
"04.08.26, 14:59:25",92034014706,30921304466,1,QUnit tests,ui-shadow-dom,fix/datagrid-paging-pageindex-option-sync-26_2,cancelled,Run QUnit tests,https://github.com/DevExpress/DevExtreme/actions/runs/30921304466/job/92034014706
"04.08.26, 14:59:25",92034014714,30921304466,1,QUnit tests,Constel misc,fix/datagrid-paging-pageindex-option-sync-26_2,cancelled,Run QUnit tests,https://github.com/DevExpress/DevExtreme/actions/runs/30921304466/job/92034014714
"04.08.26, 14:59:25",92034014740,30921304466,1,QUnit tests,ui.widgets-shadow-dom,fix/datagrid-paging-pageindex-option-sync-26_2,cancelled,Run QUnit tests,https://github.com/DevExpress/DevExtreme/actions/runs/30921304466/job/92034014740
"04.08.26, 14:59:25",92034014754,30921304466,1,QUnit tests,Constel ui.editors,fix/datagrid-paging-pageindex-option-sync-26_2,cancelled,Run QUnit tests,https://github.com/DevExpress/DevExtreme/actions/runs/30921304466/job/92034014754
"04.08.26, 14:59:25",92034014782,30921304466,1,QUnit tests,Constel ui.widgets-no-csp,fix/datagrid-paging-pageindex-option-sync-26_2,cancelled,Run QUnit tests,https://github.com/DevExpress/DevExtreme/actions/runs/30921304466/job/92034014782
"04.08.26, 14:59:25",92034014805,30921304466,1,QUnit tests,Constel ui.scheduler,fix/datagrid-paging-pageindex-option-sync-26_2,cancelled,Run QUnit tests,https://github.com/DevExpress/DevExtreme/actions/runs/30921304466/job/92034014805
"04.08.26, 14:59:25",92034014839,30921304466,1,QUnit tests,Constel ui.grid,fix/datagrid-paging-pageindex-option-sync-26_2,cancelled,Run QUnit tests,https://github.com/DevExpress/DevExtreme/actions/runs/30921304466/job/92034014839
"04.08.26, 14:59:25",92034014841,30921304466,1,QUnit tests,Constel ui.scheduler-US/Pacific,fix/datagrid-paging-pageindex-option-sync-26_2,cancelled,Run QUnit tests,https://github.com/DevExpress/DevExtreme/actions/runs/30921304466/job/92034014841
"04.08.26, 14:59:25",92034014918,30921304466,1,QUnit tests,Constel misc-no-csp,fix/datagrid-paging-pageindex-option-sync-26_2,cancelled,Run QUnit tests,https://github.com/DevExpress/DevExtreme/actions/runs/30921304466/job/92034014918
"04.08.26, 15:01:58",92034795219,30921304466,1,QUnit tests,Send notifications,fix/datagrid-paging-pageindex-option-sync-26_2,cancelled,,https://github.com/DevExpress/DevExtreme/actions/runs/30921304466/job/92034795219
"04.08.26, 14:55:57",92032980790,30921028607,1,QUnit tests,ui.widgets-shadow-dom,3837-validation-refactor-and-improve-typing,failure,Run QUnit tests,https://github.com/DevExpress/DevExtreme/actions/runs/30921028607/job/92032980790
"04.08.26, 14:55:57",92032980812,30921028607,1,QUnit tests,ui.editors-shadow-dom,3837-validation-refactor-and-improve-typing,failure,Run QUnit tests,https://github.com/DevExpress/DevExtreme/actions/runs/30921028607/job/92032980812
"04.08.26, 14:55:57",92032981120,30921028607,1,QUnit tests,Constel ui.widgets-no-csp,3837-validation-refactor-and-improve-typing,failure,Run QUnit tests,https://github.com/DevExpress/DevExtreme/actions/runs/30921028607/job/92032981120
"04.08.26, 14:55:57",92032981184,30921028607,1,QUnit tests,Constel ui.editors,3837-validation-refactor-and-improve-typing,failure,Run QUnit tests,https://github.com/DevExpress/DevExtreme/actions/runs/30921028607/job/92032981184
"04.08.26, 14:27:55",92024628134,30918795023,1,QUnit tests,ui.grid-shadow-dom,feature/scheduler-multilevel-grouping/fix-a11y-vertical-group-panel,failure,Run QUnit tests,https://github.com/DevExpress/DevExtreme/actions/runs/30918795023/job/92024628134
"04.08.26, 14:27:55",92024628307,30918795023,1,QUnit tests,Constel ui.grid,feature/scheduler-multilevel-grouping/fix-a11y-vertical-group-panel,failure,Run QUnit tests,https://github.com/DevExpress/DevExtreme/actions/runs/30918795023/job/92024628307
"04.08.26, 13:34:11",92008974353,30914005242,1,QUnit tests,ui.grid-shadow-dom,feature/scheduler-multilevel-grouping/fix-a11y-vertical-group-panel,failure,Run QUnit tests,https://github.com/DevExpress/DevExtreme/actions/runs/30914005242/job/92008974353
"04.08.26, 13:34:11",92008974490,30914005242,1,QUnit tests,Constel ui.grid,feature/scheduler-multilevel-grouping/fix-a11y-vertical-group-panel,failure,Run QUnit tests,https://github.com/DevExpress/DevExtreme/actions/runs/30914005242/job/92008974490
"04.08.26, 12:11:54",91987643552,30908028446,1,QUnit tests,Build,stabilize_tests_26_2,cancelled,Install dependencies,https://github.com/DevExpress/DevExtreme/actions/runs/30908028446/job/91987643552
"04.08.26, 12:14:09",91988183134,30908028446,1,QUnit tests,${{ matrix.constel }}-shadow-dom,stabilize_tests_26_2,cancelled,,https://github.com/DevExpress/DevExtreme/actions/runs/30908028446/job/91988183134
"04.08.26, 12:14:09",91988183166,30908028446,1,QUnit tests,"Constel ${{ matrix.CONSTEL }}${{ (((matrix.TIMEZONE != '') && format('-{0}', matrix.TIMEZONE)) || '') }}${{ (((matrix.CSP == 'false') && '-no-csp') || '') }}",stabilize_tests_26_2,cancelled,,https://github.com/DevExpress/DevExtreme/actions/runs/30908028446/job/91988183166
"04.08.26, 12:14:09",91988183718,30908028446,1,QUnit tests,Send notifications,stabilize_tests_26_2,cancelled,,https://github.com/DevExpress/DevExtreme/actions/runs/30908028446/job/91988183718
"04.08.26, 11:26:44",91977369376,30904361136,1,QUnit tests,Constel ui.grid,T1329677,failure,Run QUnit tests,https://github.com/DevExpress/DevExtreme/actions/runs/30904361136/job/91977369376
"04.08.26, 11:26:44",91977369551,30904361136,1,QUnit tests,ui.grid-shadow-dom,T1329677,failure,Run QUnit tests,https://github.com/DevExpress/DevExtreme/actions/runs/30904361136/job/91977369551
"04.08.26, 10:54:00",91969975947,30902166402,1,QUnit tests,ui.scheduler-shadow-dom,qunit_fluent_mics_main,cancelled,Run QUnit tests,https://github.com/DevExpress/DevExtreme/actions/runs/30902166402/job/91969975947
"04.08.26, 10:54:00",91969975968,30902166402,1,QUnit tests,ui.widgets-shadow-dom,qunit_fluent_mics_main,cancelled,Run QUnit tests,https://github.com/DevExpress/DevExtreme/actions/runs/30902166402/job/91969975968
"04.08.26, 10:54:00",91969975969,30902166402,1,QUnit tests,ui.grid-shadow-dom,qunit_fluent_mics_main,cancelled,Run QUnit tests,https://github.com/DevExpress/DevExtreme/actions/runs/30902166402/job/91969975969
"04.08.26, 10:54:00",91969975975,30902166402,1,QUnit tests,ui.editors-shadow-dom,qunit_fluent_mics_main,cancelled,Run QUnit tests,https://github.com/DevExpress/DevExtreme/actions/runs/30902166402/job/91969975975
"04.08.26, 10:54:00",91969976048,30902166402,1,QUnit tests,ui-shadow-dom,qunit_fluent_mics_main,cancelled,Run QUnit tests,https://github.com/DevExpress/DevExtreme/actions/runs/30902166402/job/91969976048
"04.08.26, 10:54:00",91969976059,30902166402,1,QUnit tests,Constel ui.scheduler,qunit_fluent_mics_main,cancelled,Run QUnit tests,https://github.com/DevExpress/DevExtreme/actions/runs/30902166402/job/91969976059
"04.08.26, 10:54:00",91969976137,30902166402,1,QUnit tests,Constel ui,qunit_fluent_mics_main,cancelled,Run QUnit tests,https://github.com/DevExpress/DevExtreme/actions/runs/30902166402/job/91969976137
"04.08.26, 10:54:00",91969976144,30902166402,1,QUnit tests,Constel misc-no-csp,qunit_fluent_mics_main,cancelled,Run QUnit tests,https://github.com/DevExpress/DevExtreme/actions/runs/30902166402/job/91969976144
"04.08.26, 10:54:00",91969976180,30902166402,1,QUnit tests,Constel ui.editors,qunit_fluent_mics_main,cancelled,Run QUnit tests,https://github.com/DevExpress/DevExtreme/actions/runs/30902166402/job/91969976180
"04.08.26, 10:54:00",91969976188,30902166402,1,QUnit tests,Constel ui.widgets-no-csp,qunit_fluent_mics_main,cancelled,Run QUnit tests,https://github.com/DevExpress/DevExtreme/actions/runs/30902166402/job/91969976188
"04.08.26, 10:54:00",91969976225,30902166402,1,QUnit tests,Constel misc,qunit_fluent_mics_main,cancelled,Run QUnit tests,https://github.com/DevExpress/DevExtreme/actions/runs/30902166402/job/91969976225
"04.08.26, 10:54:00",91969976234,30902166402,1,QUnit tests,Constel ui.scheduler-US/Pacific,qunit_fluent_mics_main,cancelled,Run QUnit tests,https://github.com/DevExpress/DevExtreme/actions/runs/30902166402/job/91969976234
"04.08.26, 10:54:00",91969976254,30902166402,1,QUnit tests,Constel ui.grid,qunit_fluent_mics_main,cancelled,Run QUnit tests,https://github.com/DevExpress/DevExtreme/actions/runs/30902166402/job/91969976254
"04.08.26, 10:55:19",91970272737,30902166402,1,QUnit tests,Send notifications,qunit_fluent_mics_main,cancelled,,https://github.com/DevExpress/DevExtreme/actions/runs/30902166402/job/91970272737
"04.08.26, 09:27:27",91950203217,30896092853,1,QUnit tests,ui.editors-shadow-dom,26_1,failure,,https://github.com/DevExpress/DevExtreme/actions/runs/30896092853/job/91950203217
"04.08.26, 09:27:27",91950203317,30896092853,1,QUnit tests,ui.scheduler-shadow-dom,26_1,failure,Run QUnit tests,https://github.com/DevExpress/DevExtreme/actions/runs/30896092853/job/91950203317
"04.08.26, 08:57:01",91942894435,30894139351,1,QUnit tests,Build,26_2_editor_typing,cancelled,,https://github.com/DevExpress/DevExtreme/actions/runs/30894139351/job/91942894435
"04.08.26, 09:03:31",91944486284,30894139351,1,QUnit tests,${{ matrix.constel }}-shadow-dom,26_2_editor_typing,cancelled,,https://github.com/DevExpress/DevExtreme/actions/runs/30894139351/job/91944486284
"04.08.26, 09:03:31",91944486551,30894139351,1,QUnit tests,"Constel ${{ matrix.CONSTEL }}${{ (((matrix.TIMEZONE != '') && format('-{0}', matrix.TIMEZONE)) || '') }}${{ (((matrix.CSP == 'false') && '-no-csp') || '') }}",26_2_editor_typing,cancelled,,https://github.com/DevExpress/DevExtreme/actions/runs/30894139351/job/91944486551
"04.08.26, 09:03:31",91944486725,30894139351,1,QUnit tests,Send notifications,26_2_editor_typing,cancelled,,https://github.com/DevExpress/DevExtreme/actions/runs/30894139351/job/91944486725
"04.08.26, 09:07:48",91945522121,30893659581,1,QUnit tests,ui.grid-shadow-dom,grid_core_remove_prefix_datacontroller_26_2,failure,Run QUnit tests,https://github.com/DevExpress/DevExtreme/actions/runs/30893659581/job/91945522121
"04.08.26, 09:07:48",91945522249,30893659581,1,QUnit tests,Constel ui.grid,grid_core_remove_prefix_datacontroller_26_2,failure,Run QUnit tests,https://github.com/DevExpress/DevExtreme/actions/runs/30893659581/job/91945522249
"04.08.26, 08:47:13",91940619214,30893431525,1,QUnit tests,Build,26_2_editor_typing,cancelled,,https://github.com/DevExpress/DevExtreme/actions/runs/30893431525/job/91940619214
"04.08.26, 08:57:01",91942892698,30893431525,1,QUnit tests,${{ matrix.constel }}-shadow-dom,26_2_editor_typing,cancelled,,https://github.com/DevExpress/DevExtreme/actions/runs/30893431525/job/91942892698
"04.08.26, 08:57:01",91942892932,30893431525,1,QUnit tests,"Constel ${{ matrix.CONSTEL }}${{ (((matrix.TIMEZONE != '') && format('-{0}', matrix.TIMEZONE)) || '') }}${{ (((matrix.CSP == 'false') && '-no-csp') || '') }}",26_2_editor_typing,cancelled,,https://github.com/DevExpress/DevExtreme/actions/runs/30893431525/job/91942892932
"04.08.26, 08:57:01",91942893150,30893431525,1,QUnit tests,Send notifications,26_2_editor_typing,cancelled,,https://github.com/DevExpress/DevExtreme/actions/runs/30893431525/job/91942893150
"04.08.26, 08:42:56",91939641698,30892533604,1,QUnit tests,ui.grid-shadow-dom,fix/datagrid-paging-pageindex-option-sync-26_2,failure,Run QUnit tests,https://github.com/DevExpress/DevExtreme/actions/runs/30892533604/job/91939641698
"04.08.26, 08:42:56",91939641770,30892533604,1,QUnit tests,Constel ui.grid,fix/datagrid-paging-pageindex-option-sync-26_2,failure,Run QUnit tests,https://github.com/DevExpress/DevExtreme/actions/runs/30892533604/job/91939641770
"04.08.26, 08:08:33",91931825371,30890703311,1,QUnit tests,Build,feature/demos-remove-system-js,cancelled,,https://github.com/DevExpress/DevExtreme/actions/runs/30890703311/job/91931825371
"04.08.26, 08:12:35",91932745060,30890703311,1,QUnit tests,"Constel ${{ matrix.CONSTEL }}${{ (((matrix.TIMEZONE != '') && format('-{0}', matrix.TIMEZONE)) || '') }}${{ (((matrix.CSP == 'false') && '-no-csp') || '') }}",feature/demos-remove-system-js,cancelled,,https://github.com/DevExpress/DevExtreme/actions/runs/30890703311/job/91932745060
"04.08.26, 08:12:35",91932745977,30890703311,1,QUnit tests,${{ matrix.constel }}-shadow-dom,feature/demos-remove-system-js,cancelled,,https://github.com/DevExpress/DevExtreme/actions/runs/30890703311/job/91932745977
"04.08.26, 08:12:35",91932746410,30890703311,1,QUnit tests,Send notifications,feature/demos-remove-system-js,cancelled,,https://github.com/DevExpress/DevExtreme/actions/runs/30890703311/job/91932746410
"04.08.26, 08:36:04",91938073147,30889892915,1,QUnit tests,Constel ui.scheduler-US/Pacific,gh-readonly-queue/main/pr-34311-dc0047343bee9d4c2a58487c9a8c210307ed08b4,failure,,https://github.com/DevExpress/DevExtreme/actions/runs/30889892915/job/91938073147
"04.08.26, 06:48:15",91915074665,30885300260,1,QUnit tests,Build,qunit_fluent_part_4_26_2,cancelled,,https://github.com/DevExpress/DevExtreme/actions/runs/30885300260/job/91915074665
"04.08.26, 07:58:29",91929550590,30885300260,1,QUnit tests,"Constel ${{ matrix.CONSTEL }}${{ (((matrix.TIMEZONE != '') && format('-{0}', matrix.TIMEZONE)) || '') }}${{ (((matrix.CSP == 'false') && '-no-csp') || '') }}",qunit_fluent_part_4_26_2,cancelled,,https://github.com/DevExpress/DevExtreme/actions/runs/30885300260/job/91929550590
"04.08.26, 07:58:29",91929550701,30885300260,1,QUnit tests,${{ matrix.constel }}-shadow-dom,qunit_fluent_part_4_26_2,cancelled,,https://github.com/DevExpress/DevExtreme/actions/runs/30885300260/job/91929550701
"04.08.26, 07:58:29",91929550955,30885300260,1,QUnit tests,Send notifications,qunit_fluent_part_4_26_2,cancelled,,https://github.com/DevExpress/DevExtreme/actions/runs/30885300260/job/91929550955
"04.08.26, 06:48:14",91915073942,30885300027,1,QUnit tests,Build,qunit_fluent_part_4_26_1,cancelled,,https://github.com/DevExpress/DevExtreme/actions/runs/30885300027/job/91915073942
"04.08.26, 07:58:47",91929616888,30885300027,1,QUnit tests,"Constel ${{ matrix.CONSTEL }}${{ (((matrix.TIMEZONE != '') && format('-{0}', matrix.TIMEZONE)) || '') }}${{ (((matrix.CSP == 'false') && '-no-csp') || '') }}",qunit_fluent_part_4_26_1,cancelled,,https://github.com/DevExpress/DevExtreme/actions/runs/30885300027/job/91929616888
"04.08.26, 07:58:47",91929617364,30885300027,1,QUnit tests,${{ matrix.constel }}-shadow-dom,qunit_fluent_part_4_26_1,cancelled,,https://github.com/DevExpress/DevExtreme/actions/runs/30885300027/job/91929617364
"04.08.26, 07:58:48",91929617999,30885300027,1,QUnit tests,Send notifications,qunit_fluent_part_4_26_1,cancelled,,https://github.com/DevExpress/DevExtreme/actions/runs/30885300027/job/91929617999
"04.08.26, 06:48:16",91915077917,30885300169,1,QUnit tests,Build,qunit_fluent_part_4_25_2,cancelled,,https://github.com/DevExpress/DevExtreme/actions/runs/30885300169/job/91915077917
"04.08.26, 07:59:00",91929664326,30885300169,1,QUnit tests,${{ matrix.constel }}-shadow-dom,qunit_fluent_part_4_25_2,cancelled,,https://github.com/DevExpress/DevExtreme/actions/runs/30885300169/job/91929664326
"04.08.26, 07:59:01",91929664535,30885300169,1,QUnit tests,"Constel ${{ matrix.CONSTEL }}${{ (((matrix.TIMEZONE != '') && format('-{0}', matrix.TIMEZONE)) || '') }}${{ (((matrix.CSP == 'false') && '-no-csp') || '') }}",qunit_fluent_part_4_25_2,cancelled,,https://github.com/DevExpress/DevExtreme/actions/runs/30885300169/job/91929664535
"04.08.26, 07:59:01",91929664816,30885300169,1,QUnit tests,Send notifications,qunit_fluent_part_4_25_2,cancelled,,https://github.com/DevExpress/DevExtreme/actions/runs/30885300169/job/91929664816
"04.08.26, 06:39:48",91913490764,30884784092,1,QUnit tests,Build,qunit_fluent_part_4_25_2,cancelled,,https://github.com/DevExpress/DevExtreme/actions/runs/30884784092/job/91913490764
"04.08.26, 06:48:15",91915076347,30884784092,1,QUnit tests,"Constel ${{ matrix.CONSTEL }}${{ (((matrix.TIMEZONE != '') && format('-{0}', matrix.TIMEZONE)) || '') }}${{ (((matrix.CSP == 'false') && '-no-csp') || '') }}",qunit_fluent_part_4_25_2,cancelled,,https://github.com/DevExpress/DevExtreme/actions/runs/30884784092/job/91915076347
"04.08.26, 06:48:15",91915076801,30884784092,1,QUnit tests,${{ matrix.constel }}-shadow-dom,qunit_fluent_part_4_25_2,cancelled,,https://github.com/DevExpress/DevExtreme/actions/runs/30884784092/job/91915076801
"04.08.26, 06:48:15",91915076888,30884784092,1,QUnit tests,Send notifications,qunit_fluent_part_4_25_2,cancelled,,https://github.com/DevExpress/DevExtreme/actions/runs/30884784092/job/91915076888
"04.08.26, 21:59:46",92144688178,30954617626,1,Jest tests,jest-tests,feature/scheduler-multilevel-grouping/demo,failure,,https://github.com/DevExpress/DevExtreme/actions/runs/30954617626/job/92144688178
"04.08.26, 21:54:43",92143596721,30954299388,1,Jest tests,jest-tests,feature/scheduler-multilevel-grouping/demo,cancelled,Jest tests,https://github.com/DevExpress/DevExtreme/actions/runs/30954299388/job/92143596721
"04.08.26, 21:59:45",92144683843,30954299388,1,Jest tests,Send notifications,feature/scheduler-multilevel-grouping/demo,cancelled,,https://github.com/DevExpress/DevExtreme/actions/runs/30954299388/job/92144683843
"04.08.26, 17:15:03",92072144527,30933025862,1,Jest tests,jest-tests,26_2_js_to_ts,failure,Check test types,https://github.com/DevExpress/DevExtreme/actions/runs/30933025862/job/92072144527
"04.08.26, 12:11:54",91987642102,30908028125,1,Jest tests,jest-tests,stabilize_tests_26_2,cancelled,Jest tests,https://github.com/DevExpress/DevExtreme/actions/runs/30908028125/job/91987642102
"04.08.26, 12:14:08",91988180941,30908028125,1,Jest tests,Send notifications,stabilize_tests_26_2,cancelled,,https://github.com/DevExpress/DevExtreme/actions/runs/30908028125/job/91988180941
"04.08.26, 10:48:26",91968758318,30902166356,1,Jest tests,jest-tests,qunit_fluent_mics_main,cancelled,Jest tests,https://github.com/DevExpress/DevExtreme/actions/runs/30902166356/job/91968758318
"04.08.26, 10:55:18",91970269425,30902166356,1,Jest tests,Send notifications,qunit_fluent_mics_main,cancelled,,https://github.com/DevExpress/DevExtreme/actions/runs/30902166356/job/91970269425
"04.08.26, 08:57:01",91942893896,30894139348,1,Jest tests,jest-tests,26_2_editor_typing,cancelled,,https://github.com/DevExpress/DevExtreme/actions/runs/30894139348/job/91942893896
"04.08.26, 09:03:32",91944487718,30894139348,1,Jest tests,Send notifications,26_2_editor_typing,cancelled,,https://github.com/DevExpress/DevExtreme/actions/runs/30894139348/job/91944487718
"04.08.26, 08:47:14",91940625026,30893433562,1,Jest tests,jest-tests,26_2_editor_typing,cancelled,,https://github.com/DevExpress/DevExtreme/actions/runs/30893433562/job/91940625026
"04.08.26, 08:57:01",91942892601,30893433562,1,Jest tests,Send notifications,26_2_editor_typing,cancelled,,https://github.com/DevExpress/DevExtreme/actions/runs/30893433562/job/91942892601
"04.08.26, 08:34:34",91937728823,30892531628,1,Jest tests,jest-tests,fix/datagrid-paging-pageindex-option-sync-26_2,failure,Check test types,https://github.com/DevExpress/DevExtreme/actions/runs/30892531628/job/91937728823
"04.08.26, 08:08:33",91931823909,30890702999,1,Jest tests,jest-tests,feature/demos-remove-system-js,cancelled,,https://github.com/DevExpress/DevExtreme/actions/runs/30890702999/job/91931823909
"04.08.26, 08:12:32",91932735377,30890702999,1,Jest tests,Send notifications,feature/demos-remove-system-js,cancelled,,https://github.com/DevExpress/DevExtreme/actions/runs/30890702999/job/91932735377
"04.08.26, 06:48:14",91915074073,30885300214,1,Jest tests,jest-tests,qunit_fluent_part_4_26_2,cancelled,,https://github.com/DevExpress/DevExtreme/actions/runs/30885300214/job/91915074073
"04.08.26, 07:58:29",91929550741,30885300214,1,Jest tests,Send notifications,qunit_fluent_part_4_26_2,cancelled,,https://github.com/DevExpress/DevExtreme/actions/runs/30885300214/job/91929550741
"04.08.26, 06:48:14",91915074213,30885300107,1,Jest tests,jest-tests,qunit_fluent_part_4_26_1,cancelled,,https://github.com/DevExpress/DevExtreme/actions/runs/30885300107/job/91915074213
"04.08.26, 07:58:47",91929616812,30885300107,1,Jest tests,Send notifications,qunit_fluent_part_4_26_1,cancelled,,https://github.com/DevExpress/DevExtreme/actions/runs/30885300107/job/91929616812
"04.08.26, 06:48:16",91915078017,30885300472,1,Jest tests,jest-tests,qunit_fluent_part_4_25_2,cancelled,,https://github.com/DevExpress/DevExtreme/actions/runs/30885300472/job/91915078017
"04.08.26, 07:59:00",91929664076,30885300472,1,Jest tests,Send notifications,qunit_fluent_part_4_25_2,cancelled,,https://github.com/DevExpress/DevExtreme/actions/runs/30885300472/job/91929664076
"04.08.26, 06:39:48",91913490093,30884783936,1,Jest tests,jest-tests,qunit_fluent_part_4_25_2,cancelled,,https://github.com/DevExpress/DevExtreme/actions/runs/30884783936/job/91913490093
"04.08.26, 06:48:15",91915077108,30884783936,1,Jest tests,Send notifications,qunit_fluent_part_4_25_2,cancelled,,https://github.com/DevExpress/DevExtreme/actions/runs/30884783936/job/91915077108
"04.08.26, 06:23:48",91910672784,30883851158,1,Jest tests,jest-tests,26_1_bump_jest_version,failure,Check test types,https://github.com/DevExpress/DevExtreme/actions/runs/30883851158/job/91910672784
"04.08.26, 12:11:54",91987642215,30908028102,1,Styles tests,Tests,stabilize_tests_26_2,cancelled,Post Setup nx cache,https://github.com/DevExpress/DevExtreme/actions/runs/30908028102/job/91987642215
"04.08.26, 12:13:58",91988138054,30908028102,1,Styles tests,Send notifications,stabilize_tests_26_2,cancelled,,https://github.com/DevExpress/DevExtreme/actions/runs/30908028102/job/91988138054
"04.08.26, 08:57:01",91942894219,30894139315,1,Styles tests,Tests,26_2_editor_typing,cancelled,,https://github.com/DevExpress/DevExtreme/actions/runs/30894139315/job/91942894219
"04.08.26, 09:03:32",91944487053,30894139315,1,Styles tests,Send notifications,26_2_editor_typing,cancelled,,https://github.com/DevExpress/DevExtreme/actions/runs/30894139315/job/91944487053
"04.08.26, 08:47:13",91940619370,30893431604,1,Styles tests,Tests,26_2_editor_typing,cancelled,,https://github.com/DevExpress/DevExtreme/actions/runs/30893431604/job/91940619370
"04.08.26, 08:57:01",91942893184,30893431604,1,Styles tests,Send notifications,26_2_editor_typing,cancelled,,https://github.com/DevExpress/DevExtreme/actions/runs/30893431604/job/91942893184
"04.08.26, 08:08:33",91931824590,30890703065,1,Styles tests,Tests,feature/demos-remove-system-js,cancelled,,https://github.com/DevExpress/DevExtreme/actions/runs/30890703065/job/91931824590
"04.08.26, 08:12:33",91932736375,30890703065,1,Styles tests,Send notifications,feature/demos-remove-system-js,cancelled,,https://github.com/DevExpress/DevExtreme/actions/runs/30890703065/job/91932736375
"04.08.26, 06:48:15",91915074521,30885300315,1,Styles tests,Tests,qunit_fluent_part_4_26_2,cancelled,,https://github.com/DevExpress/DevExtreme/actions/runs/30885300315/job/91915074521
"04.08.26, 07:58:29",91929550814,30885300315,1,Styles tests,Send notifications,qunit_fluent_part_4_26_2,cancelled,,https://github.com/DevExpress/DevExtreme/actions/runs/30885300315/job/91929550814
"04.08.26, 06:48:14",91915073613,30885300016,1,Styles tests,Tests,qunit_fluent_part_4_26_1,cancelled,,https://github.com/DevExpress/DevExtreme/actions/runs/30885300016/job/91915073613
"04.08.26, 07:58:47",91929617233,30885300016,1,Styles tests,Send notifications,qunit_fluent_part_4_26_1,cancelled,,https://github.com/DevExpress/DevExtreme/actions/runs/30885300016/job/91929617233
"04.08.26, 06:48:15",91915075743,30885299975,1,Styles tests,Tests,qunit_fluent_part_4_25_2,cancelled,,https://github.com/DevExpress/DevExtreme/actions/runs/30885299975/job/91915075743
"04.08.26, 07:59:01",91929664629,30885299975,1,Styles tests,Send notifications,qunit_fluent_part_4_25_2,cancelled,,https://github.com/DevExpress/DevExtreme/actions/runs/30885299975/job/91929664629
"04.08.26, 06:39:48",91913490415,30884784079,1,Styles tests,Tests,qunit_fluent_part_4_25_2,cancelled,,https://github.com/DevExpress/DevExtreme/actions/runs/30884784079/job/91913490415
"04.08.26, 06:48:15",91915075251,30884784079,1,Styles tests,Send notifications,qunit_fluent_part_4_25_2,cancelled,,https://github.com/DevExpress/DevExtreme/actions/runs/30884784079/job/91915075251
"04.08.26, 23:15:19",92159639134,30958975898,1,TestCafe tests,scheduler / viewOffset (1/2) - fluent,scheduler-groupbydate-resize-parts,failure,,https://github.com/DevExpress/DevExtreme/actions/runs/30958975898/job/92159639134
"04.08.26, 22:41:50",92153420033,30957196753,1,TestCafe tests,scheduler / common (3/3) - fluent,feature/scheduler-multilevel-grouping/demo,failure,Run TestCafe tests,https://github.com/DevExpress/DevExtreme/actions/runs/30957196753/job/92153420033
"04.08.26, 22:41:50",92153420098,30957196753,1,TestCafe tests,scheduler / common (1/3) - fluent,feature/scheduler-multilevel-grouping/demo,failure,Run TestCafe tests,https://github.com/DevExpress/DevExtreme/actions/runs/30957196753/job/92153420098
"04.08.26, 21:57:22",92144171234,30954299353,1,TestCafe tests,common - fluent,feature/scheduler-multilevel-grouping/demo,cancelled,Run TestCafe tests,https://github.com/DevExpress/DevExtreme/actions/runs/30954299353/job/92144171234
"04.08.26, 21:57:22",92144171238,30954299353,1,TestCafe tests,accessibility - fluent,feature/scheduler-multilevel-grouping/demo,cancelled,Run TestCafe tests,https://github.com/DevExpress/DevExtreme/actions/runs/30954299353/job/92144171238
"04.08.26, 21:57:22",92144171248,30954299353,1,TestCafe tests,material - compact,feature/scheduler-multilevel-grouping/demo,cancelled,Install dependencies,https://github.com/DevExpress/DevExtreme/actions/runs/30954299353/job/92144171248
"04.08.26, 21:57:22",92144171251,30954299353,1,TestCafe tests,cardView - fluent,feature/scheduler-multilevel-grouping/demo,cancelled,Run TestCafe tests,https://github.com/DevExpress/DevExtreme/actions/runs/30954299353/job/92144171251
"04.08.26, 21:57:22",92144171263,30954299353,1,TestCafe tests,dataGrid (4/4) - fluent,feature/scheduler-multilevel-grouping/demo,cancelled,Run TestCafe tests,https://github.com/DevExpress/DevExtreme/actions/runs/30954299353/job/92144171263
"04.08.26, 21:57:22",92144171270,30954299353,1,TestCafe tests,generic,feature/scheduler-multilevel-grouping/demo,cancelled,Run TestCafe tests,https://github.com/DevExpress/DevExtreme/actions/runs/30954299353/job/92144171270
"04.08.26, 21:57:22",92144171280,30954299353,1,TestCafe tests,dataGrid (2/4) - fluent,feature/scheduler-multilevel-grouping/demo,cancelled,Run TestCafe tests,https://github.com/DevExpress/DevExtreme/actions/runs/30954299353/job/92144171280
"04.08.26, 21:57:22",92144171288,30954299353,1,TestCafe tests,dataGrid (3/4) - fluent,feature/scheduler-multilevel-grouping/demo,cancelled,Run TestCafe tests,https://github.com/DevExpress/DevExtreme/actions/runs/30954299353/job/92144171288
"04.08.26, 21:57:22",92144171291,30954299353,1,TestCafe tests,dataGrid (1/4) - fluent,feature/scheduler-multilevel-grouping/demo,cancelled,Run TestCafe tests,https://github.com/DevExpress/DevExtreme/actions/runs/30954299353/job/92144171291
"04.08.26, 21:57:22",92144171294,30954299353,1,TestCafe tests,scheduler / viewOffset (2/2) - fluent,feature/scheduler-multilevel-grouping/demo,cancelled,Run TestCafe tests,https://github.com/DevExpress/DevExtreme/actions/runs/30954299353/job/92144171294
"04.08.26, 21:57:22",92144171301,30954299353,1,TestCafe tests,scheduler / timezones (Europe/Berlin) - fluent,feature/scheduler-multilevel-grouping/demo,cancelled,Run TestCafe tests,https://github.com/DevExpress/DevExtreme/actions/runs/30954299353/job/92144171301
"04.08.26, 21:57:22",92144171308,30954299353,1,TestCafe tests,editors - fluent,feature/scheduler-multilevel-grouping/demo,cancelled,Install dependencies,https://github.com/DevExpress/DevExtreme/actions/runs/30954299353/job/92144171308
"04.08.26, 21:57:22",92144171309,30954299353,1,TestCafe tests,scheduler / common (2/3) - fluent,feature/scheduler-multilevel-grouping/demo,cancelled,Run TestCafe tests,https://github.com/DevExpress/DevExtreme/actions/runs/30954299353/job/92144171309
"04.08.26, 21:57:22",92144171310,30954299353,1,TestCafe tests,material,feature/scheduler-multilevel-grouping/demo,cancelled,Run TestCafe tests,https://github.com/DevExpress/DevExtreme/actions/runs/30954299353/job/92144171310
"04.08.26, 21:57:22",92144171312,30954299353,1,TestCafe tests,scheduler / viewOffset (1/2) - fluent,feature/scheduler-multilevel-grouping/demo,cancelled,Install dependencies,https://github.com/DevExpress/DevExtreme/actions/runs/30954299353/job/92144171312
"04.08.26, 21:57:22",92144171314,30954299353,1,TestCafe tests,scheduler / common (1/3) - fluent,feature/scheduler-multilevel-grouping/demo,cancelled,Run TestCafe tests,https://github.com/DevExpress/DevExtreme/actions/runs/30954299353/job/92144171314
"04.08.26, 21:57:22",92144171327,30954299353,1,TestCafe tests,scheduler / timezones (America/Los_Angeles) - fluent,feature/scheduler-multilevel-grouping/demo,cancelled,Run TestCafe tests,https://github.com/DevExpress/DevExtreme/actions/runs/30954299353/job/92144171327
"04.08.26, 21:57:22",92144171331,30954299353,1,TestCafe tests,navigation - fluent,feature/scheduler-multilevel-grouping/demo,cancelled,Run TestCafe tests,https://github.com/DevExpress/DevExtreme/actions/runs/30954299353/job/92144171331
"04.08.26, 21:57:22",92144171382,30954299353,1,TestCafe tests,scheduler / common (3/3) - fluent,feature/scheduler-multilevel-grouping/demo,cancelled,Run TestCafe tests,https://github.com/DevExpress/DevExtreme/actions/runs/30954299353/job/92144171382
"04.08.26, 21:59:51",92144708252,30954299353,1,TestCafe tests,Send notifications,feature/scheduler-multilevel-grouping/demo,cancelled,,https://github.com/DevExpress/DevExtreme/actions/runs/30954299353/job/92144708252
"04.08.26, 21:27:16",92137380571,30951783306,1,TestCafe tests,scheduler / common (1/3) - fluent,feature/scheduler-multilevel-grouping/demo,failure,Run TestCafe tests,https://github.com/DevExpress/DevExtreme/actions/runs/30951783306/job/92137380571
"04.08.26, 21:07:53",92132763298,30950648610,1,TestCafe tests,common - fluent,feature/scheduler-multilevel-grouping/demo,cancelled,,https://github.com/DevExpress/DevExtreme/actions/runs/30950648610/job/92132763298
"04.08.26, 21:23:43",92136557772,30950648610,1,TestCafe tests,Send notifications,feature/scheduler-multilevel-grouping/demo,cancelled,,https://github.com/DevExpress/DevExtreme/actions/runs/30950648610/job/92136557772
"04.08.26, 20:58:09",92130319866,30950030514,1,TestCafe tests,dataGrid (2/4) - fluent,feature/scheduler-multilevel-grouping/demo,cancelled,Run TestCafe tests,https://github.com/DevExpress/DevExtreme/actions/runs/30950030514/job/92130319866
"04.08.26, 20:58:09",92130319889,30950030514,1,TestCafe tests,dataGrid (4/4) - fluent,feature/scheduler-multilevel-grouping/demo,cancelled,Run TestCafe tests,https://github.com/DevExpress/DevExtreme/actions/runs/30950030514/job/92130319889
"04.08.26, 20:58:09",92130319891,30950030514,1,TestCafe tests,common - fluent,feature/scheduler-multilevel-grouping/demo,cancelled,Run TestCafe tests,https://github.com/DevExpress/DevExtreme/actions/runs/30950030514/job/92130319891
"04.08.26, 20:58:09",92130319894,30950030514,1,TestCafe tests,editors - fluent,feature/scheduler-multilevel-grouping/demo,cancelled,Run TestCafe tests,https://github.com/DevExpress/DevExtreme/actions/runs/30950030514/job/92130319894
"04.08.26, 20:58:09",92130319940,30950030514,1,TestCafe tests,dataGrid (3/4) - fluent,feature/scheduler-multilevel-grouping/demo,cancelled,Run TestCafe tests,https://github.com/DevExpress/DevExtreme/actions/runs/30950030514/job/92130319940
"04.08.26, 20:58:09",92130319957,30950030514,1,TestCafe tests,scheduler / viewOffset (2/2) - fluent,feature/scheduler-multilevel-grouping/demo,cancelled,Run TestCafe tests,https://github.com/DevExpress/DevExtreme/actions/runs/30950030514/job/92130319957
"04.08.26, 20:58:09",92130319969,30950030514,1,TestCafe tests,scheduler / common (2/3) - fluent,feature/scheduler-multilevel-grouping/demo,cancelled,,https://github.com/DevExpress/DevExtreme/actions/runs/30950030514/job/92130319969
"04.08.26, 20:58:09",92130319970,30950030514,1,TestCafe tests,scheduler / common (3/3) - fluent,feature/scheduler-multilevel-grouping/demo,cancelled,Run TestCafe tests,https://github.com/DevExpress/DevExtreme/actions/runs/30950030514/job/92130319970
"04.08.26, 20:58:09",92130319996,30950030514,1,TestCafe tests,dataGrid (1/4) - fluent,feature/scheduler-multilevel-grouping/demo,cancelled,Run TestCafe tests,https://github.com/DevExpress/DevExtreme/actions/runs/30950030514/job/92130319996
"04.08.26, 20:58:09",92130320019,30950030514,1,TestCafe tests,scheduler / viewOffset (1/2) - fluent,feature/scheduler-multilevel-grouping/demo,cancelled,Run TestCafe tests,https://github.com/DevExpress/DevExtreme/actions/runs/30950030514/job/92130320019
"04.08.26, 21:03:22",92131654283,30950030514,1,TestCafe tests,Send notifications,feature/scheduler-multilevel-grouping/demo,cancelled,,https://github.com/DevExpress/DevExtreme/actions/runs/30950030514/job/92131654283
"04.08.26, 20:34:43",92124368350,30948295849,1,TestCafe tests,scheduler / timezones (Europe/Berlin) - fluent,feature/scheduler-multilevel-grouping/demo,failure,,https://github.com/DevExpress/DevExtreme/actions/runs/30948295849/job/92124368350
"04.08.26, 20:34:43",92124368380,30948295849,1,TestCafe tests,navigation - fluent,feature/scheduler-multilevel-grouping/demo,failure,,https://github.com/DevExpress/DevExtreme/actions/runs/30948295849/job/92124368380
"04.08.26, 20:34:43",92124368401,30948295849,1,TestCafe tests,scheduler / common (3/3) - fluent,feature/scheduler-multilevel-grouping/demo,failure,,https://github.com/DevExpress/DevExtreme/actions/runs/30948295849/job/92124368401
"04.08.26, 20:13:32",92118940631,30945922879,1,TestCafe tests,quarantine,26_2_splitter_bug_in_vue,failure,Run quarantined tests,https://github.com/DevExpress/DevExtreme/actions/runs/30945922879/job/92118940631
"04.08.26, 18:53:07",92098021970,30940045057,1,TestCafe tests,material,stabilize_tests_26_2,failure,Run TestCafe tests,https://github.com/DevExpress/DevExtreme/actions/runs/30940045057/job/92098021970
"04.08.26, 18:53:07",92098021978,30940045057,1,TestCafe tests,dataGrid (3/4) - fluent,stabilize_tests_26_2,failure,Run TestCafe tests,https://github.com/DevExpress/DevExtreme/actions/runs/30940045057/job/92098021978
"04.08.26, 18:53:07",92098021981,30940045057,1,TestCafe tests,material - compact,stabilize_tests_26_2,failure,Run TestCafe tests,https://github.com/DevExpress/DevExtreme/actions/runs/30940045057/job/92098021981
"04.08.26, 18:53:07",92098022008,30940045057,1,TestCafe tests,dataGrid (1/4) - fluent,stabilize_tests_26_2,failure,Run TestCafe tests,https://github.com/DevExpress/DevExtreme/actions/runs/30940045057/job/92098022008
"04.08.26, 18:53:07",92098022009,30940045057,1,TestCafe tests,dataGrid (2/4) - fluent,stabilize_tests_26_2,failure,Run TestCafe tests,https://github.com/DevExpress/DevExtreme/actions/runs/30940045057/job/92098022009
"04.08.26, 18:53:07",92098022021,30940045057,1,TestCafe tests,dataGrid (4/4) - fluent,stabilize_tests_26_2,failure,Run TestCafe tests,https://github.com/DevExpress/DevExtreme/actions/runs/30940045057/job/92098022021
"04.08.26, 18:53:07",92098022259,30940045057,1,TestCafe tests,generic,stabilize_tests_26_2,failure,Run TestCafe tests,https://github.com/DevExpress/DevExtreme/actions/runs/30940045057/job/92098022259
"04.08.26, 18:58:45",92099475977,30940045057,1,TestCafe tests,quarantine,stabilize_tests_26_2,failure,Run quarantined tests,https://github.com/DevExpress/DevExtreme/actions/runs/30940045057/job/92099475977
"04.08.26, 18:02:07",92084548939,30935750166,1,TestCafe tests,editors - fluent,tribe-duty-3_25_2,cancelled,Run TestCafe tests,https://github.com/DevExpress/DevExtreme/actions/runs/30935750166/job/92084548939
"04.08.26, 18:02:07",92084548941,30935750166,1,TestCafe tests,dataGrid (2/4) - fluent,tribe-duty-3_25_2,cancelled,Run TestCafe tests,https://github.com/DevExpress/DevExtreme/actions/runs/30935750166/job/92084548941
"04.08.26, 18:02:07",92084549000,30935750166,1,TestCafe tests,scheduler / common (3/3) - fluent,tribe-duty-3_25_2,cancelled,Run TestCafe tests,https://github.com/DevExpress/DevExtreme/actions/runs/30935750166/job/92084549000
"04.08.26, 18:02:07",92084549005,30935750166,1,TestCafe tests,scheduler / viewOffset (2/2) - fluent,tribe-duty-3_25_2,cancelled,Run TestCafe tests,https://github.com/DevExpress/DevExtreme/actions/runs/30935750166/job/92084549005
"04.08.26, 18:08:04",92086136920,30935750166,1,TestCafe tests,quarantine,tribe-duty-3_25_2,cancelled,,https://github.com/DevExpress/DevExtreme/actions/runs/30935750166/job/92086136920
"04.08.26, 18:08:04",92086137371,30935750166,1,TestCafe tests,Send notifications,tribe-duty-3_25_2,cancelled,,https://github.com/DevExpress/DevExtreme/actions/runs/30935750166/job/92086137371
"04.08.26, 17:21:12",92073750316,30933314106,1,TestCafe tests,common - fluent,feature/scheduler-multilevel-grouping/demo,cancelled,Run TestCafe tests,https://github.com/DevExpress/DevExtreme/actions/runs/30933314106/job/92073750316
"04.08.26, 17:21:12",92073750340,30933314106,1,TestCafe tests,editors - fluent,feature/scheduler-multilevel-grouping/demo,cancelled,Run TestCafe tests,https://github.com/DevExpress/DevExtreme/actions/runs/30933314106/job/92073750340
"04.08.26, 17:21:12",92073750346,30933314106,1,TestCafe tests,dataGrid (4/4) - fluent,feature/scheduler-multilevel-grouping/demo,cancelled,Run TestCafe tests,https://github.com/DevExpress/DevExtreme/actions/runs/30933314106/job/92073750346
"04.08.26, 17:21:12",92073750355,30933314106,1,TestCafe tests,navigation - fluent,feature/scheduler-multilevel-grouping/demo,cancelled,Run TestCafe tests,https://github.com/DevExpress/DevExtreme/actions/runs/30933314106/job/92073750355
"04.08.26, 17:21:12",92073750366,30933314106,1,TestCafe tests,scheduler / common (1/3) - fluent,feature/scheduler-multilevel-grouping/demo,cancelled,Run TestCafe tests,https://github.com/DevExpress/DevExtreme/actions/runs/30933314106/job/92073750366
"04.08.26, 17:21:12",92073750374,30933314106,1,TestCafe tests,dataGrid (2/4) - fluent,feature/scheduler-multilevel-grouping/demo,cancelled,Run TestCafe tests,https://github.com/DevExpress/DevExtreme/actions/runs/30933314106/job/92073750374
"04.08.26, 17:21:12",92073750377,30933314106,1,TestCafe tests,dataGrid (3/4) - fluent,feature/scheduler-multilevel-grouping/demo,cancelled,Run TestCafe tests,https://github.com/DevExpress/DevExtreme/actions/runs/30933314106/job/92073750377
"04.08.26, 17:21:12",92073750410,30933314106,1,TestCafe tests,dataGrid (1/4) - fluent,feature/scheduler-multilevel-grouping/demo,cancelled,Run TestCafe tests,https://github.com/DevExpress/DevExtreme/actions/runs/30933314106/job/92073750410
"04.08.26, 17:21:12",92073750427,30933314106,1,TestCafe tests,accessibility - fluent,feature/scheduler-multilevel-grouping/demo,cancelled,Run TestCafe tests,https://github.com/DevExpress/DevExtreme/actions/runs/30933314106/job/92073750427
"04.08.26, 17:21:12",92073750455,30933314106,1,TestCafe tests,scheduler / viewOffset (1/2) - fluent,feature/scheduler-multilevel-grouping/demo,cancelled,Run TestCafe tests,https://github.com/DevExpress/DevExtreme/actions/runs/30933314106/job/92073750455
"04.08.26, 17:21:12",92073750475,30933314106,1,TestCafe tests,scheduler / viewOffset (2/2) - fluent,feature/scheduler-multilevel-grouping/demo,cancelled,Run TestCafe tests,https://github.com/DevExpress/DevExtreme/actions/runs/30933314106/job/92073750475
"04.08.26, 17:21:12",92073750585,30933314106,1,TestCafe tests,scheduler / common (3/3) - fluent,feature/scheduler-multilevel-grouping/demo,cancelled,Run TestCafe tests,https://github.com/DevExpress/DevExtreme/actions/runs/30933314106/job/92073750585
"04.08.26, 17:28:18",92075578188,30933314106,1,TestCafe tests,Send notifications,feature/scheduler-multilevel-grouping/demo,cancelled,,https://github.com/DevExpress/DevExtreme/actions/runs/30933314106/job/92075578188
"04.08.26, 17:15:31",92072273047,30933026703,1,TestCafe tests,Build DevExtreme,26_2_js_to_ts,failure,Build,https://github.com/DevExpress/DevExtreme/actions/runs/30933026703/job/92072273047
"04.08.26, 17:11:39",92071261681,30931939879,1,TestCafe tests,editors - fluent,tribe-duty-3_25_2,cancelled,Run TestCafe tests,https://github.com/DevExpress/DevExtreme/actions/runs/30931939879/job/92071261681
"04.08.26, 17:11:39",92071261721,30931939879,1,TestCafe tests,accessibility - fluent,tribe-duty-3_25_2,cancelled,Run TestCafe tests,https://github.com/DevExpress/DevExtreme/actions/runs/30931939879/job/92071261721
"04.08.26, 17:19:24",92073276434,30931939879,1,TestCafe tests,quarantine,tribe-duty-3_25_2,cancelled,,https://github.com/DevExpress/DevExtreme/actions/runs/30931939879/job/92073276434
"04.08.26, 17:19:24",92073276444,30931939879,1,TestCafe tests,Send notifications,tribe-duty-3_25_2,cancelled,,https://github.com/DevExpress/DevExtreme/actions/runs/30931939879/job/92073276444
"04.08.26, 16:13:49",92055600853,30927898658,1,TestCafe tests,scheduler / common (2/3) - fluent,feature/scheduler-multilevel-grouping/demo,failure,Run TestCafe tests,https://github.com/DevExpress/DevExtreme/actions/runs/30927898658/job/92055600853
"04.08.26, 16:03:08",92052633486,30927035467,1,TestCafe tests,scheduler / common (2/3) - fluent,feature/scheduler-multilevel-grouping/demo,failure,Run TestCafe tests,https://github.com/DevExpress/DevExtreme/actions/runs/30927035467/job/92052633486
"04.08.26, 15:31:15",92043440514,30924325886,1,TestCafe tests,scheduler / viewOffset (2/2) - fluent,feature/scheduler-multilevel-grouping/demo,failure,Run TestCafe tests,https://github.com/DevExpress/DevExtreme/actions/runs/30924325886/job/92043440514
"04.08.26, 15:31:15",92043440605,30924325886,1,TestCafe tests,dataGrid (4/4) - fluent,feature/scheduler-multilevel-grouping/demo,failure,Run TestCafe tests,https://github.com/DevExpress/DevExtreme/actions/runs/30924325886/job/92043440605
"04.08.26, 15:00:28",92034333855,30921304330,1,TestCafe tests,dataGrid (4/4) - fluent,fix/datagrid-paging-pageindex-option-sync-26_2,cancelled,Install dependencies,https://github.com/DevExpress/DevExtreme/actions/runs/30921304330/job/92034333855
"04.08.26, 15:00:28",92034333875,30921304330,1,TestCafe tests,scheduler / common (2/3) - fluent,fix/datagrid-paging-pageindex-option-sync-26_2,cancelled,Install dependencies,https://github.com/DevExpress/DevExtreme/actions/runs/30921304330/job/92034333875
"04.08.26, 15:00:28",92034333905,30921304330,1,TestCafe tests,scheduler / timezones (Europe/Berlin) - fluent,fix/datagrid-paging-pageindex-option-sync-26_2,cancelled,Install dependencies,https://github.com/DevExpress/DevExtreme/actions/runs/30921304330/job/92034333905
"04.08.26, 15:00:28",92034333954,30921304330,1,TestCafe tests,dataGrid (3/4) - fluent,fix/datagrid-paging-pageindex-option-sync-26_2,cancelled,Install dependencies,https://github.com/DevExpress/DevExtreme/actions/runs/30921304330/job/92034333954
"04.08.26, 15:00:28",92034333956,30921304330,1,TestCafe tests,dataGrid (2/4) - fluent,fix/datagrid-paging-pageindex-option-sync-26_2,cancelled,Run TestCafe tests,https://github.com/DevExpress/DevExtreme/actions/runs/30921304330/job/92034333956
"04.08.26, 15:00:28",92034333972,30921304330,1,TestCafe tests,generic,fix/datagrid-paging-pageindex-option-sync-26_2,cancelled,Install dependencies,https://github.com/DevExpress/DevExtreme/actions/runs/30921304330/job/92034333972
"04.08.26, 15:00:28",92034333982,30921304330,1,TestCafe tests,material - compact,fix/datagrid-paging-pageindex-option-sync-26_2,cancelled,Install dependencies,https://github.com/DevExpress/DevExtreme/actions/runs/30921304330/job/92034333982
"04.08.26, 15:00:28",92034333986,30921304330,1,TestCafe tests,editors - fluent,fix/datagrid-paging-pageindex-option-sync-26_2,cancelled,Install dependencies,https://github.com/DevExpress/DevExtreme/actions/runs/30921304330/job/92034333986
"04.08.26, 15:00:28",92034334036,30921304330,1,TestCafe tests,scheduler / common (1/3) - fluent,fix/datagrid-paging-pageindex-option-sync-26_2,cancelled,Install dependencies,https://github.com/DevExpress/DevExtreme/actions/runs/30921304330/job/92034334036
"04.08.26, 15:00:28",92034334042,30921304330,1,TestCafe tests,scheduler / common (3/3) - fluent,fix/datagrid-paging-pageindex-option-sync-26_2,cancelled,Install dependencies,https://github.com/DevExpress/DevExtreme/actions/runs/30921304330/job/92034334042
"04.08.26, 15:00:28",92034334052,30921304330,1,TestCafe tests,scheduler / viewOffset (2/2) - fluent,fix/datagrid-paging-pageindex-option-sync-26_2,cancelled,Install dependencies,https://github.com/DevExpress/DevExtreme/actions/runs/30921304330/job/92034334052
"04.08.26, 15:00:28",92034334089,30921304330,1,TestCafe tests,material,fix/datagrid-paging-pageindex-option-sync-26_2,cancelled,Install dependencies,https://github.com/DevExpress/DevExtreme/actions/runs/30921304330/job/92034334089
"04.08.26, 15:00:28",92034334131,30921304330,1,TestCafe tests,dataGrid (1/4) - fluent,fix/datagrid-paging-pageindex-option-sync-26_2,cancelled,Install dependencies,https://github.com/DevExpress/DevExtreme/actions/runs/30921304330/job/92034334131
"04.08.26, 15:00:28",92034334133,30921304330,1,TestCafe tests,accessibility - fluent,fix/datagrid-paging-pageindex-option-sync-26_2,cancelled,Install dependencies,https://github.com/DevExpress/DevExtreme/actions/runs/30921304330/job/92034334133
"04.08.26, 15:00:28",92034334151,30921304330,1,TestCafe tests,common - fluent,fix/datagrid-paging-pageindex-option-sync-26_2,cancelled,Install dependencies,https://github.com/DevExpress/DevExtreme/actions/runs/30921304330/job/92034334151
"04.08.26, 15:00:28",92034334173,30921304330,1,TestCafe tests,scheduler / timezones (America/Los_Angeles) - fluent,fix/datagrid-paging-pageindex-option-sync-26_2,cancelled,Install dependencies,https://github.com/DevExpress/DevExtreme/actions/runs/30921304330/job/92034334173
"04.08.26, 15:00:28",92034334191,30921304330,1,TestCafe tests,cardView - fluent,fix/datagrid-paging-pageindex-option-sync-26_2,cancelled,Install dependencies,https://github.com/DevExpress/DevExtreme/actions/runs/30921304330/job/92034334191
"04.08.26, 15:00:28",92034334241,30921304330,1,TestCafe tests,scheduler / viewOffset (1/2) - fluent,fix/datagrid-paging-pageindex-option-sync-26_2,cancelled,Install dependencies,https://github.com/DevExpress/DevExtreme/actions/runs/30921304330/job/92034334241
"04.08.26, 15:00:28",92034334460,30921304330,1,TestCafe tests,navigation - fluent,fix/datagrid-paging-pageindex-option-sync-26_2,cancelled,,https://github.com/DevExpress/DevExtreme/actions/runs/30921304330/job/92034334460
"04.08.26, 15:02:26",92034930068,30921304330,1,TestCafe tests,quarantine,fix/datagrid-paging-pageindex-option-sync-26_2,cancelled,,https://github.com/DevExpress/DevExtreme/actions/runs/30921304330/job/92034930068
"04.08.26, 15:02:26",92034931764,30921304330,1,TestCafe tests,Send notifications,fix/datagrid-paging-pageindex-option-sync-26_2,cancelled,,https://github.com/DevExpress/DevExtreme/actions/runs/30921304330/job/92034931764
"04.08.26, 13:30:44",92007997977,30913365251,1,TestCafe tests,material - compact,tribe-duty-3_25_2,failure,Run TestCafe tests,https://github.com/DevExpress/DevExtreme/actions/runs/30913365251/job/92007997977
"04.08.26, 13:30:44",92007998015,30913365251,1,TestCafe tests,material,tribe-duty-3_25_2,failure,Run TestCafe tests,https://github.com/DevExpress/DevExtreme/actions/runs/30913365251/job/92007998015
"04.08.26, 13:30:44",92007998049,30913365251,1,TestCafe tests,generic,tribe-duty-3_25_2,failure,Run TestCafe tests,https://github.com/DevExpress/DevExtreme/actions/runs/30913365251/job/92007998049
"04.08.26, 13:30:44",92007998087,30913365251,1,TestCafe tests,scheduler / common (3/3) - fluent,tribe-duty-3_25_2,failure,Run TestCafe tests,https://github.com/DevExpress/DevExtreme/actions/runs/30913365251/job/92007998087
"04.08.26, 13:30:44",92007998090,30913365251,1,TestCafe tests,scheduler / viewOffset (2/2) - fluent,tribe-duty-3_25_2,failure,Run TestCafe tests,https://github.com/DevExpress/DevExtreme/actions/runs/30913365251/job/92007998090
"04.08.26, 13:30:44",92007998093,30913365251,1,TestCafe tests,navigation - fluent,tribe-duty-3_25_2,failure,Run TestCafe tests,https://github.com/DevExpress/DevExtreme/actions/runs/30913365251/job/92007998093
"04.08.26, 13:30:44",92007998095,30913365251,1,TestCafe tests,common - fluent,tribe-duty-3_25_2,failure,Run TestCafe tests,https://github.com/DevExpress/DevExtreme/actions/runs/30913365251/job/92007998095
"04.08.26, 13:30:44",92007998103,30913365251,1,TestCafe tests,scheduler / common (2/3) - fluent,tribe-duty-3_25_2,failure,Run TestCafe tests,https://github.com/DevExpress/DevExtreme/actions/runs/30913365251/job/92007998103
"04.08.26, 13:30:44",92007998138,30913365251,1,TestCafe tests,scheduler / viewOffset (1/2) - fluent,tribe-duty-3_25_2,failure,Run TestCafe tests,https://github.com/DevExpress/DevExtreme/actions/runs/30913365251/job/92007998138
"04.08.26, 13:30:44",92007998153,30913365251,1,TestCafe tests,editors - fluent,tribe-duty-3_25_2,failure,Run TestCafe tests,https://github.com/DevExpress/DevExtreme/actions/runs/30913365251/job/92007998153
"04.08.26, 13:30:44",92007998162,30913365251,1,TestCafe tests,dataGrid (4/4) - fluent,tribe-duty-3_25_2,failure,Run TestCafe tests,https://github.com/DevExpress/DevExtreme/actions/runs/30913365251/job/92007998162
"04.08.26, 13:30:44",92007998174,30913365251,1,TestCafe tests,dataGrid (3/4) - fluent,tribe-duty-3_25_2,failure,Run TestCafe tests,https://github.com/DevExpress/DevExtreme/actions/runs/30913365251/job/92007998174
"04.08.26, 13:30:44",92007998199,30913365251,1,TestCafe tests,scheduler / timezones (America/Los_Angeles) - fluent,tribe-duty-3_25_2,failure,Run TestCafe tests,https://github.com/DevExpress/DevExtreme/actions/runs/30913365251/job/92007998199
"04.08.26, 13:30:44",92007998213,30913365251,1,TestCafe tests,dataGrid (1/4) - fluent,tribe-duty-3_25_2,failure,Run TestCafe tests,https://github.com/DevExpress/DevExtreme/actions/runs/30913365251/job/92007998213
"04.08.26, 13:30:44",92007998252,30913365251,1,TestCafe tests,scheduler / common (1/3) - fluent,tribe-duty-3_25_2,failure,Run TestCafe tests,https://github.com/DevExpress/DevExtreme/actions/runs/30913365251/job/92007998252
"04.08.26, 13:30:44",92007998253,30913365251,1,TestCafe tests,scheduler / timezones (Europe/Berlin) - fluent,tribe-duty-3_25_2,failure,Run TestCafe tests,https://github.com/DevExpress/DevExtreme/actions/runs/30913365251/job/92007998253
"04.08.26, 13:30:44",92007998270,30913365251,1,TestCafe tests,dataGrid (2/4) - fluent,tribe-duty-3_25_2,failure,Run TestCafe tests,https://github.com/DevExpress/DevExtreme/actions/runs/30913365251/job/92007998270
"04.08.26, 13:30:44",92007998278,30913365251,1,TestCafe tests,cardView - fluent,tribe-duty-3_25_2,failure,Run TestCafe tests,https://github.com/DevExpress/DevExtreme/actions/runs/30913365251/job/92007998278
"04.08.26, 13:30:44",92007998423,30913365251,1,TestCafe tests,accessibility - fluent,tribe-duty-3_25_2,failure,Run TestCafe tests,https://github.com/DevExpress/DevExtreme/actions/runs/30913365251/job/92007998423
"04.08.26, 13:32:27",92008487153,30913365251,1,TestCafe tests,quarantine,tribe-duty-3_25_2,failure,Run quarantined tests,https://github.com/DevExpress/DevExtreme/actions/runs/30913365251/job/92008487153
"04.08.26, 12:57:30",91999006505,30910562490,1,TestCafe tests,accessibility - fluent,tribe-duty-3_25_2,failure,Run TestCafe tests,https://github.com/DevExpress/DevExtreme/actions/runs/30910562490/job/91999006505
"04.08.26, 12:57:30",91999006525,30910562490,1,TestCafe tests,dataGrid (3/4) - fluent,tribe-duty-3_25_2,failure,Run TestCafe tests,https://github.com/DevExpress/DevExtreme/actions/runs/30910562490/job/91999006525
"04.08.26, 12:57:30",91999006546,30910562490,1,TestCafe tests,scheduler / common (3/3) - fluent,tribe-duty-3_25_2,failure,Run TestCafe tests,https://github.com/DevExpress/DevExtreme/actions/runs/30910562490/job/91999006546
"04.08.26, 12:57:30",91999006555,30910562490,1,TestCafe tests,material,tribe-duty-3_25_2,failure,Run TestCafe tests,https://github.com/DevExpress/DevExtreme/actions/runs/30910562490/job/91999006555
"04.08.26, 12:57:30",91999006577,30910562490,1,TestCafe tests,scheduler / timezones (Europe/Berlin) - fluent,tribe-duty-3_25_2,failure,Run TestCafe tests,https://github.com/DevExpress/DevExtreme/actions/runs/30910562490/job/91999006577
"04.08.26, 12:57:30",91999006587,30910562490,1,TestCafe tests,material - compact,tribe-duty-3_25_2,failure,Run TestCafe tests,https://github.com/DevExpress/DevExtreme/actions/runs/30910562490/job/91999006587
"04.08.26, 12:57:30",91999006595,30910562490,1,TestCafe tests,scheduler / common (1/3) - fluent,tribe-duty-3_25_2,failure,Run TestCafe tests,https://github.com/DevExpress/DevExtreme/actions/runs/30910562490/job/91999006595
"04.08.26, 12:57:30",91999006598,30910562490,1,TestCafe tests,common - fluent,tribe-duty-3_25_2,failure,Run TestCafe tests,https://github.com/DevExpress/DevExtreme/actions/runs/30910562490/job/91999006598
"04.08.26, 12:57:30",91999006606,30910562490,1,TestCafe tests,scheduler / viewOffset (1/2) - fluent,tribe-duty-3_25_2,failure,Run TestCafe tests,https://github.com/DevExpress/DevExtreme/actions/runs/30910562490/job/91999006606
"04.08.26, 12:57:30",91999006609,30910562490,1,TestCafe tests,dataGrid (1/4) - fluent,tribe-duty-3_25_2,failure,Run TestCafe tests,https://github.com/DevExpress/DevExtreme/actions/runs/30910562490/job/91999006609
"04.08.26, 12:57:30",91999006650,30910562490,1,TestCafe tests,editors - fluent,tribe-duty-3_25_2,failure,Run TestCafe tests,https://github.com/DevExpress/DevExtreme/actions/runs/30910562490/job/91999006650
"04.08.26, 12:57:30",91999006671,30910562490,1,TestCafe tests,navigation - fluent,tribe-duty-3_25_2,failure,Run TestCafe tests,https://github.com/DevExpress/DevExtreme/actions/runs/30910562490/job/91999006671
"04.08.26, 12:57:30",91999006678,30910562490,1,TestCafe tests,scheduler / common (2/3) - fluent,tribe-duty-3_25_2,failure,Run TestCafe tests,https://github.com/DevExpress/DevExtreme/actions/runs/30910562490/job/91999006678
"04.08.26, 12:57:30",91999006699,30910562490,1,TestCafe tests,cardView - fluent,tribe-duty-3_25_2,failure,Run TestCafe tests,https://github.com/DevExpress/DevExtreme/actions/runs/30910562490/job/91999006699
"04.08.26, 12:57:30",91999006702,30910562490,1,TestCafe tests,scheduler / viewOffset (2/2) - fluent,tribe-duty-3_25_2,failure,Run TestCafe tests,https://github.com/DevExpress/DevExtreme/actions/runs/30910562490/job/91999006702
"04.08.26, 12:57:30",91999006733,30910562490,1,TestCafe tests,generic,tribe-duty-3_25_2,failure,Run TestCafe tests,https://github.com/DevExpress/DevExtreme/actions/runs/30910562490/job/91999006733
"04.08.26, 12:57:30",91999006772,30910562490,1,TestCafe tests,dataGrid (2/4) - fluent,tribe-duty-3_25_2,failure,Run TestCafe tests,https://github.com/DevExpress/DevExtreme/actions/runs/30910562490/job/91999006772
"04.08.26, 12:57:30",91999006778,30910562490,1,TestCafe tests,dataGrid (4/4) - fluent,tribe-duty-3_25_2,failure,Run TestCafe tests,https://github.com/DevExpress/DevExtreme/actions/runs/30910562490/job/91999006778
"04.08.26, 12:57:30",91999006820,30910562490,1,TestCafe tests,scheduler / timezones (America/Los_Angeles) - fluent,tribe-duty-3_25_2,failure,Run TestCafe tests,https://github.com/DevExpress/DevExtreme/actions/runs/30910562490/job/91999006820
"04.08.26, 12:59:28",91999523951,30910562490,1,TestCafe tests,quarantine,tribe-duty-3_25_2,failure,Run quarantined tests,https://github.com/DevExpress/DevExtreme/actions/runs/30910562490/job/91999523951
"04.08.26, 12:21:14",91989868255,30908178137,1,TestCafe tests,dataGrid (3/4) - fluent,stabilize_tests_26_2,failure,Run TestCafe tests,https://github.com/DevExpress/DevExtreme/actions/runs/30908178137/job/91989868255
"04.08.26, 12:21:14",91989868343,30908178137,1,TestCafe tests,dataGrid (4/4) - fluent,stabilize_tests_26_2,failure,Run TestCafe tests,https://github.com/DevExpress/DevExtreme/actions/runs/30908178137/job/91989868343
"04.08.26, 12:21:14",91989868385,30908178137,1,TestCafe tests,dataGrid (2/4) - fluent,stabilize_tests_26_2,failure,Run TestCafe tests,https://github.com/DevExpress/DevExtreme/actions/runs/30908178137/job/91989868385
"04.08.26, 12:21:14",91989868544,30908178137,1,TestCafe tests,dataGrid (1/4) - fluent,stabilize_tests_26_2,failure,Run TestCafe tests,https://github.com/DevExpress/DevExtreme/actions/runs/30908178137/job/91989868544
"04.08.26, 12:12:19",91987740207,30908028135,1,TestCafe tests,Build DevExtreme,stabilize_tests_26_2,cancelled,Show nx cache contents before save,https://github.com/DevExpress/DevExtreme/actions/runs/30908028135/job/91987740207
"04.08.26, 12:14:08",91988177740,30908028135,1,TestCafe tests,${{ matrix.name }}${{ ((!matrix.theme && ' - fluent') || '') }},stabilize_tests_26_2,cancelled,,https://github.com/DevExpress/DevExtreme/actions/runs/30908028135/job/91988177740
"04.08.26, 12:14:08",91988178171,30908028135,1,TestCafe tests,quarantine,stabilize_tests_26_2,cancelled,,https://github.com/DevExpress/DevExtreme/actions/runs/30908028135/job/91988178171
"04.08.26, 12:14:08",91988178637,30908028135,1,TestCafe tests,Send notifications,stabilize_tests_26_2,cancelled,,https://github.com/DevExpress/DevExtreme/actions/runs/30908028135/job/91988178637
"04.08.26, 11:49:40",91982489037,30906023497,1,TestCafe tests,generic,stabilize_tests_26_2,failure,Run TestCafe tests,https://github.com/DevExpress/DevExtreme/actions/runs/30906023497/job/91982489037
"04.08.26, 11:49:40",91982489042,30906023497,1,TestCafe tests,dataGrid (3/4) - fluent,stabilize_tests_26_2,failure,Run TestCafe tests,https://github.com/DevExpress/DevExtreme/actions/runs/30906023497/job/91982489042
"04.08.26, 11:49:40",91982489044,30906023497,1,TestCafe tests,dataGrid (2/4) - fluent,stabilize_tests_26_2,failure,Run TestCafe tests,https://github.com/DevExpress/DevExtreme/actions/runs/30906023497/job/91982489044
"04.08.26, 11:49:40",91982489069,30906023497,1,TestCafe tests,material,stabilize_tests_26_2,failure,Run TestCafe tests,https://github.com/DevExpress/DevExtreme/actions/runs/30906023497/job/91982489069
"04.08.26, 11:49:40",91982489082,30906023497,1,TestCafe tests,dataGrid (1/4) - fluent,stabilize_tests_26_2,failure,Run TestCafe tests,https://github.com/DevExpress/DevExtreme/actions/runs/30906023497/job/91982489082
"04.08.26, 11:49:40",91982489088,30906023497,1,TestCafe tests,material - compact,stabilize_tests_26_2,failure,Run TestCafe tests,https://github.com/DevExpress/DevExtreme/actions/runs/30906023497/job/91982489088
"04.08.26, 11:49:40",91982489091,30906023497,1,TestCafe tests,dataGrid (4/4) - fluent,stabilize_tests_26_2,failure,Run TestCafe tests,https://github.com/DevExpress/DevExtreme/actions/runs/30906023497/job/91982489091
"04.08.26, 11:57:01",91984169995,30906023497,1,TestCafe tests,quarantine,stabilize_tests_26_2,failure,Run quarantined tests,https://github.com/DevExpress/DevExtreme/actions/runs/30906023497/job/91984169995
"04.08.26, 11:22:20",91976407488,30904159746,1,TestCafe tests,dataGrid (1/4) - fluent,qunit_fluent_mics_26_1,failure,,https://github.com/DevExpress/DevExtreme/actions/runs/30904159746/job/91976407488
"04.08.26, 11:24:39",91976915717,30903984391,1,TestCafe tests,dataGrid (2/4) - fluent,grid_core_remove_prefix_datacontroller_25_2,failure,,https://github.com/DevExpress/DevExtreme/actions/runs/30903984391/job/91976915717
"04.08.26, 11:20:28",91975997678,30903971654,1,TestCafe tests,scheduler / common (3/3) - fluent,grid_core_remove_prefix_datacontroller_26_1,failure,,https://github.com/DevExpress/DevExtreme/actions/runs/30903971654/job/91975997678
"04.08.26, 10:54:18",91970041397,30902166298,1,TestCafe tests,dataGrid (2/4) - fluent,qunit_fluent_mics_main,cancelled,Restore pnpm cache,https://github.com/DevExpress/DevExtreme/actions/runs/30902166298/job/91970041397
"04.08.26, 10:54:18",91970041399,30902166298,1,TestCafe tests,accessibility - fluent,qunit_fluent_mics_main,cancelled,Restore pnpm cache,https://github.com/DevExpress/DevExtreme/actions/runs/30902166298/job/91970041399
"04.08.26, 10:54:18",91970041416,30902166298,1,TestCafe tests,scheduler / common (1/3) - fluent,qunit_fluent_mics_main,cancelled,Restore pnpm cache,https://github.com/DevExpress/DevExtreme/actions/runs/30902166298/job/91970041416
"04.08.26, 10:54:18",91970041421,30902166298,1,TestCafe tests,scheduler / viewOffset (1/2) - fluent,qunit_fluent_mics_main,cancelled,Install dependencies,https://github.com/DevExpress/DevExtreme/actions/runs/30902166298/job/91970041421
"04.08.26, 10:54:18",91970041423,30902166298,1,TestCafe tests,dataGrid (1/4) - fluent,qunit_fluent_mics_main,cancelled,Restore pnpm cache,https://github.com/DevExpress/DevExtreme/actions/runs/30902166298/job/91970041423
"04.08.26, 10:54:18",91970041435,30902166298,1,TestCafe tests,generic,qunit_fluent_mics_main,cancelled,Restore pnpm cache,https://github.com/DevExpress/DevExtreme/actions/runs/30902166298/job/91970041435
"04.08.26, 10:54:18",91970041438,30902166298,1,TestCafe tests,dataGrid (3/4) - fluent,qunit_fluent_mics_main,cancelled,Restore pnpm cache,https://github.com/DevExpress/DevExtreme/actions/runs/30902166298/job/91970041438
"04.08.26, 10:54:18",91970041446,30902166298,1,TestCafe tests,editors - fluent,qunit_fluent_mics_main,cancelled,Restore pnpm cache,https://github.com/DevExpress/DevExtreme/actions/runs/30902166298/job/91970041446
"04.08.26, 10:54:18",91970041453,30902166298,1,TestCafe tests,material - compact,qunit_fluent_mics_main,cancelled,Restore pnpm cache,https://github.com/DevExpress/DevExtreme/actions/runs/30902166298/job/91970041453
"04.08.26, 10:54:18",91970041455,30902166298,1,TestCafe tests,dataGrid (4/4) - fluent,qunit_fluent_mics_main,cancelled,Use Node.js,https://github.com/DevExpress/DevExtreme/actions/runs/30902166298/job/91970041455
"04.08.26, 10:54:18",91970041469,30902166298,1,TestCafe tests,scheduler / common (2/3) - fluent,qunit_fluent_mics_main,cancelled,Restore pnpm cache,https://github.com/DevExpress/DevExtreme/actions/runs/30902166298/job/91970041469
"04.08.26, 10:54:18",91970041474,30902166298,1,TestCafe tests,scheduler / viewOffset (2/2) - fluent,qunit_fluent_mics_main,cancelled,Restore pnpm cache,https://github.com/DevExpress/DevExtreme/actions/runs/30902166298/job/91970041474
"04.08.26, 10:54:18",91970041481,30902166298,1,TestCafe tests,navigation - fluent,qunit_fluent_mics_main,cancelled,Restore pnpm cache,https://github.com/DevExpress/DevExtreme/actions/runs/30902166298/job/91970041481
"04.08.26, 10:54:18",91970041483,30902166298,1,TestCafe tests,cardView - fluent,qunit_fluent_mics_main,cancelled,Restore pnpm cache,https://github.com/DevExpress/DevExtreme/actions/runs/30902166298/job/91970041483
"04.08.26, 10:54:18",91970041486,30902166298,1,TestCafe tests,scheduler / common (3/3) - fluent,qunit_fluent_mics_main,cancelled,Restore pnpm cache,https://github.com/DevExpress/DevExtreme/actions/runs/30902166298/job/91970041486
"04.08.26, 10:54:18",91970041498,30902166298,1,TestCafe tests,common - fluent,qunit_fluent_mics_main,cancelled,Restore pnpm cache,https://github.com/DevExpress/DevExtreme/actions/runs/30902166298/job/91970041498
"04.08.26, 10:54:18",91970041515,30902166298,1,TestCafe tests,scheduler / timezones (America/Los_Angeles) - fluent,qunit_fluent_mics_main,cancelled,Use Node.js,https://github.com/DevExpress/DevExtreme/actions/runs/30902166298/job/91970041515
"04.08.26, 10:54:18",91970041520,30902166298,1,TestCafe tests,material,qunit_fluent_mics_main,cancelled,Restore pnpm cache,https://github.com/DevExpress/DevExtreme/actions/runs/30902166298/job/91970041520
"04.08.26, 10:54:18",91970041624,30902166298,1,TestCafe tests,scheduler / timezones (Europe/Berlin) - fluent,qunit_fluent_mics_main,cancelled,Restore pnpm cache,https://github.com/DevExpress/DevExtreme/actions/runs/30902166298/job/91970041624
"04.08.26, 10:55:20",91970278830,30902166298,1,TestCafe tests,quarantine,qunit_fluent_mics_main,cancelled,,https://github.com/DevExpress/DevExtreme/actions/runs/30902166298/job/91970278830
"04.08.26, 10:55:20",91970278922,30902166298,1,TestCafe tests,Send notifications,qunit_fluent_mics_main,cancelled,,https://github.com/DevExpress/DevExtreme/actions/runs/30902166298/job/91970278922
"04.08.26, 10:21:47",91962834247,30899376172,1,TestCafe tests,quarantine,tribe-duty-3,cancelled,Run quarantined tests,https://github.com/DevExpress/DevExtreme/actions/runs/30899376172/job/91962834247
"04.08.26, 10:24:05",91963348693,30899376172,1,TestCafe tests,Send notifications,tribe-duty-3,cancelled,,https://github.com/DevExpress/DevExtreme/actions/runs/30899376172/job/91963348693
"04.08.26, 09:34:25",91951867559,30896436734,1,TestCafe tests,navigation - fluent,fix/datagrid-paging-pageindex-option-sync-26_2,cancelled,Run TestCafe tests,https://github.com/DevExpress/DevExtreme/actions/runs/30896436734/job/91951867559
"04.08.26, 09:23:47",91949329497,30896093058,1,TestCafe tests,Build DevExtreme,26_1,cancelled,,https://github.com/DevExpress/DevExtreme/actions/runs/30896093058/job/91949329497
"04.08.26, 08:57:45",91943067293,30894139293,1,TestCafe tests,Build DevExtreme,26_2_editor_typing,cancelled,,https://github.com/DevExpress/DevExtreme/actions/runs/30894139293/job/91943067293
"04.08.26, 09:03:33",91944494548,30894139293,1,TestCafe tests,${{ matrix.name }}${{ ((!matrix.theme && ' - fluent') || '') }},26_2_editor_typing,cancelled,,https://github.com/DevExpress/DevExtreme/actions/runs/30894139293/job/91944494548
"04.08.26, 09:03:33",91944494931,30894139293,1,TestCafe tests,quarantine,26_2_editor_typing,cancelled,,https://github.com/DevExpress/DevExtreme/actions/runs/30894139293/job/91944494931
"04.08.26, 09:03:34",91944494990,30894139293,1,TestCafe tests,Send notifications,26_2_editor_typing,cancelled,,https://github.com/DevExpress/DevExtreme/actions/runs/30894139293/job/91944494990
"04.08.26, 08:47:34",91940697949,30893432535,1,TestCafe tests,Build DevExtreme,26_2_editor_typing,cancelled,,https://github.com/DevExpress/DevExtreme/actions/runs/30893432535/job/91940697949
"04.08.26, 08:57:01",91942892133,30893432535,1,TestCafe tests,quarantine,26_2_editor_typing,cancelled,,https://github.com/DevExpress/DevExtreme/actions/runs/30893432535/job/91942892133
"04.08.26, 08:57:01",91942892189,30893432535,1,TestCafe tests,${{ matrix.name }}${{ ((!matrix.theme && ' - fluent') || '') }},26_2_editor_typing,cancelled,,https://github.com/DevExpress/DevExtreme/actions/runs/30893432535/job/91942892189
"04.08.26, 08:57:01",91942892438,30893432535,1,TestCafe tests,Send notifications,26_2_editor_typing,cancelled,,https://github.com/DevExpress/DevExtreme/actions/runs/30893432535/job/91942892438
"04.08.26, 08:09:02",91931933374,30890702968,1,TestCafe tests,Build DevExtreme,feature/demos-remove-system-js,cancelled,,https://github.com/DevExpress/DevExtreme/actions/runs/30890702968/job/91931933374
"04.08.26, 08:12:33",91932737832,30890702968,1,TestCafe tests,${{ matrix.name }}${{ ((!matrix.theme && ' - fluent') || '') }},feature/demos-remove-system-js,cancelled,,https://github.com/DevExpress/DevExtreme/actions/runs/30890702968/job/91932737832
"04.08.26, 08:12:33",91932738910,30890702968,1,TestCafe tests,quarantine,feature/demos-remove-system-js,cancelled,,https://github.com/DevExpress/DevExtreme/actions/runs/30890702968/job/91932738910
"04.08.26, 08:12:33",91932739402,30890702968,1,TestCafe tests,Send notifications,feature/demos-remove-system-js,cancelled,,https://github.com/DevExpress/DevExtreme/actions/runs/30890702968/job/91932739402
"04.08.26, 06:48:36",91915142035,30885300003,1,TestCafe tests,Build DevExtreme,qunit_fluent_part_4_25_2,cancelled,,https://github.com/DevExpress/DevExtreme/actions/runs/30885300003/job/91915142035
"04.08.26, 07:59:01",91929665037,30885300003,1,TestCafe tests,${{ matrix.ARGS.name }}${{ ((!matrix.ARGS.theme && ' - fluent') || '') }},qunit_fluent_part_4_25_2,cancelled,,https://github.com/DevExpress/DevExtreme/actions/runs/30885300003/job/91929665037
"04.08.26, 07:59:01",91929665885,30885300003,1,TestCafe tests,quarantine,qunit_fluent_part_4_25_2,cancelled,,https://github.com/DevExpress/DevExtreme/actions/runs/30885300003/job/91929665885
"04.08.26, 07:59:01",91929667269,30885300003,1,TestCafe tests,Send notifications,qunit_fluent_part_4_25_2,cancelled,,https://github.com/DevExpress/DevExtreme/actions/runs/30885300003/job/91929667269
"04.08.26, 06:48:37",91915146238,30885299994,1,TestCafe tests,Build DevExtreme,qunit_fluent_part_4_26_1,cancelled,,https://github.com/DevExpress/DevExtreme/actions/runs/30885299994/job/91915146238
"04.08.26, 07:58:47",91929617117,30885299994,1,TestCafe tests,${{ matrix.name }}${{ ((!matrix.theme && ' - fluent') || '') }},qunit_fluent_part_4_26_1,cancelled,,https://github.com/DevExpress/DevExtreme/actions/runs/30885299994/job/91929617117
"04.08.26, 07:58:48",91929617565,30885299994,1,TestCafe tests,Send notifications,qunit_fluent_part_4_26_1,cancelled,,https://github.com/DevExpress/DevExtreme/actions/runs/30885299994/job/91929617565
"04.08.26, 07:58:48",91929617652,30885299994,1,TestCafe tests,quarantine,qunit_fluent_part_4_26_1,cancelled,,https://github.com/DevExpress/DevExtreme/actions/runs/30885299994/job/91929617652
"04.08.26, 06:48:41",91915159147,30885300251,1,TestCafe tests,Build DevExtreme,qunit_fluent_part_4_26_2,cancelled,,https://github.com/DevExpress/DevExtreme/actions/runs/30885300251/job/91915159147
"04.08.26, 07:58:29",91929550313,30885300251,1,TestCafe tests,${{ matrix.name }}${{ ((!matrix.theme && ' - fluent') || '') }},qunit_fluent_part_4_26_2,cancelled,,https://github.com/DevExpress/DevExtreme/actions/runs/30885300251/job/91929550313
"04.08.26, 07:58:29",91929550735,30885300251,1,TestCafe tests,quarantine,qunit_fluent_part_4_26_2,cancelled,,https://github.com/DevExpress/DevExtreme/actions/runs/30885300251/job/91929550735
"04.08.26, 07:58:29",91929551059,30885300251,1,TestCafe tests,Send notifications,qunit_fluent_part_4_26_2,cancelled,,https://github.com/DevExpress/DevExtreme/actions/runs/30885300251/job/91929551059
"04.08.26, 06:39:55",91913510878,30884784005,1,TestCafe tests,Build DevExtreme,qunit_fluent_part_4_25_2,cancelled,,https://github.com/DevExpress/DevExtreme/actions/runs/30884784005/job/91913510878
"04.08.26, 06:48:15",91915075172,30884784005,1,TestCafe tests,${{ matrix.ARGS.name }}${{ ((!matrix.ARGS.theme && ' - fluent') || '') }},qunit_fluent_part_4_25_2,cancelled,,https://github.com/DevExpress/DevExtreme/actions/runs/30884784005/job/91915075172
"04.08.26, 06:48:15",91915075995,30884784005,1,TestCafe tests,quarantine,qunit_fluent_part_4_25_2,cancelled,,https://github.com/DevExpress/DevExtreme/actions/runs/30884784005/job/91915075995
"04.08.26, 06:48:15",91915076152,30884784005,1,TestCafe tests,Send notifications,qunit_fluent_part_4_25_2,cancelled,,https://github.com/DevExpress/DevExtreme/actions/runs/30884784005/job/91915076152
"04.08.26, 12:11:54",91987643004,30908028199,1,Themebuilder and Styles tests,test,stabilize_tests_26_2,cancelled,Install dependencies,https://github.com/DevExpress/DevExtreme/actions/runs/30908028199/job/91987643004
"04.08.26, 12:14:06",91988170914,30908028199,1,Themebuilder and Styles tests,Send notifications,stabilize_tests_26_2,cancelled,,https://github.com/DevExpress/DevExtreme/actions/runs/30908028199/job/91988170914
"04.08.26, 11:17:21",91975303126,30904191885,1,Themebuilder and Styles tests,test,qunit_fluent_mics_25_2,failure,,https://github.com/DevExpress/DevExtreme/actions/runs/30904191885/job/91975303126
"04.08.26, 08:57:01",91942894275,30894139242,1,Themebuilder and Styles tests,test,26_2_editor_typing,cancelled,,https://github.com/DevExpress/DevExtreme/actions/runs/30894139242/job/91942894275
"04.08.26, 09:03:32",91944487354,30894139242,1,Themebuilder and Styles tests,Send notifications,26_2_editor_typing,cancelled,,https://github.com/DevExpress/DevExtreme/actions/runs/30894139242/job/91944487354
"04.08.26, 08:47:13",91940618693,30893431557,1,Themebuilder and Styles tests,test,26_2_editor_typing,cancelled,,https://github.com/DevExpress/DevExtreme/actions/runs/30893431557/job/91940618693
"04.08.26, 08:57:01",91942892686,30893431557,1,Themebuilder and Styles tests,Send notifications,26_2_editor_typing,cancelled,,https://github.com/DevExpress/DevExtreme/actions/runs/30893431557/job/91942892686
"04.08.26, 08:08:32",91931822243,30890702356,1,Themebuilder and Styles tests,test,feature/demos-remove-system-js,cancelled,,https://github.com/DevExpress/DevExtreme/actions/runs/30890702356/job/91931822243
"04.08.26, 08:12:32",91932735374,30890702356,1,Themebuilder and Styles tests,Send notifications,feature/demos-remove-system-js,cancelled,,https://github.com/DevExpress/DevExtreme/actions/runs/30890702356/job/91932735374
"04.08.26, 06:48:14",91915074261,30885300220,1,Themebuilder and Styles tests,test,qunit_fluent_part_4_26_2,cancelled,,https://github.com/DevExpress/DevExtreme/actions/runs/30885300220/job/91915074261
"04.08.26, 07:58:29",91929551098,30885300220,1,Themebuilder and Styles tests,Send notifications,qunit_fluent_part_4_26_2,cancelled,,https://github.com/DevExpress/DevExtreme/actions/runs/30885300220/job/91929551098
"04.08.26, 06:48:14",91915073438,30885299967,1,Themebuilder and Styles tests,test,qunit_fluent_part_4_26_1,cancelled,,https://github.com/DevExpress/DevExtreme/actions/runs/30885299967/job/91915073438
"04.08.26, 07:58:48",91929617721,30885299967,1,Themebuilder and Styles tests,Send notifications,qunit_fluent_part_4_26_1,cancelled,,https://github.com/DevExpress/DevExtreme/actions/runs/30885299967/job/91929617721
"04.08.26, 06:48:15",91915076769,30885300150,1,Themebuilder and Styles tests,test,qunit_fluent_part_4_25_2,cancelled,,https://github.com/DevExpress/DevExtreme/actions/runs/30885300150/job/91915076769
"04.08.26, 07:59:01",91929664633,30885300150,1,Themebuilder and Styles tests,Send notifications,qunit_fluent_part_4_25_2,cancelled,,https://github.com/DevExpress/DevExtreme/actions/runs/30885300150/job/91929664633
"04.08.26, 06:39:48",91913490600,30884784050,1,Themebuilder and Styles tests,test,qunit_fluent_part_4_25_2,cancelled,,https://github.com/DevExpress/DevExtreme/actions/runs/30884784050/job/91913490600
"04.08.26, 06:48:15",91915075655,30884784050,1,Themebuilder and Styles tests,Send notifications,qunit_fluent_part_4_25_2,cancelled,,https://github.com/DevExpress/DevExtreme/actions/runs/30884784050/job/91915075655
"04.08.26, 06:23:48",91910672818,30883851161,1,Themebuilder and Styles tests,test,26_1_bump_jest_version,failure,"Run themebuilder tests (full set, node)",https://github.com/DevExpress/DevExtreme/actions/runs/30883851161/job/91910672818
"04.08.26, 12:11:54",91987643013,30908028181,1,TS Declarations,validate-declarations,stabilize_tests_26_2,cancelled,Post Setup pnpm cache,https://github.com/DevExpress/DevExtreme/actions/runs/30908028181/job/91987643013
"04.08.26, 12:11:54",91987643183,30908028181,1,TS Declarations,check-ts-bundle,stabilize_tests_26_2,cancelled,Post Setup pnpm cache,https://github.com/DevExpress/DevExtreme/actions/runs/30908028181/job/91987643183
"04.08.26, 12:13:56",91988131885,30908028181,1,TS Declarations,Send notifications,stabilize_tests_26_2,cancelled,,https://github.com/DevExpress/DevExtreme/actions/runs/30908028181/job/91988131885
"04.08.26, 08:57:01",91942893861,30894139311,1,TS Declarations,validate-declarations,26_2_editor_typing,cancelled,,https://github.com/DevExpress/DevExtreme/actions/runs/30894139311/job/91942893861
"04.08.26, 08:57:01",91942893950,30894139311,1,TS Declarations,check-ts-bundle,26_2_editor_typing,cancelled,,https://github.com/DevExpress/DevExtreme/actions/runs/30894139311/job/91942893950
"04.08.26, 09:03:32",91944487280,30894139311,1,TS Declarations,Send notifications,26_2_editor_typing,cancelled,,https://github.com/DevExpress/DevExtreme/actions/runs/30894139311/job/91944487280
"04.08.26, 08:47:13",91940618832,30893431621,1,TS Declarations,check-ts-bundle,26_2_editor_typing,cancelled,,https://github.com/DevExpress/DevExtreme/actions/runs/30893431621/job/91940618832
"04.08.26, 08:47:13",91940618921,30893431621,1,TS Declarations,validate-declarations,26_2_editor_typing,cancelled,,https://github.com/DevExpress/DevExtreme/actions/runs/30893431621/job/91940618921
"04.08.26, 08:57:01",91942892864,30893431621,1,TS Declarations,Send notifications,26_2_editor_typing,cancelled,,https://github.com/DevExpress/DevExtreme/actions/runs/30893431621/job/91942892864
"04.08.26, 08:08:32",91931822146,30890702195,1,TS Declarations,validate-declarations,feature/demos-remove-system-js,cancelled,,https://github.com/DevExpress/DevExtreme/actions/runs/30890702195/job/91931822146
"04.08.26, 08:08:32",91931822397,30890702195,1,TS Declarations,check-ts-bundle,feature/demos-remove-system-js,cancelled,,https://github.com/DevExpress/DevExtreme/actions/runs/30890702195/job/91931822397
"04.08.26, 08:12:33",91932736751,30890702195,1,TS Declarations,Send notifications,feature/demos-remove-system-js,cancelled,,https://github.com/DevExpress/DevExtreme/actions/runs/30890702195/job/91932736751
"04.08.26, 06:48:14",91915074170,30885300249,1,TS Declarations,validate-declarations,qunit_fluent_part_4_26_2,cancelled,,https://github.com/DevExpress/DevExtreme/actions/runs/30885300249/job/91915074170
"04.08.26, 06:48:14",91915074193,30885300249,1,TS Declarations,check-ts-bundle,qunit_fluent_part_4_26_2,cancelled,,https://github.com/DevExpress/DevExtreme/actions/runs/30885300249/job/91915074193
"04.08.26, 07:58:29",91929551731,30885300249,1,TS Declarations,Send notifications,qunit_fluent_part_4_26_2,cancelled,,https://github.com/DevExpress/DevExtreme/actions/runs/30885300249/job/91929551731
"04.08.26, 06:48:14",91915073782,30885299976,1,TS Declarations,validate-declarations,qunit_fluent_part_4_26_1,cancelled,,https://github.com/DevExpress/DevExtreme/actions/runs/30885299976/job/91915073782
"04.08.26, 06:48:14",91915073785,30885299976,1,TS Declarations,check-ts-bundle,qunit_fluent_part_4_26_1,cancelled,,https://github.com/DevExpress/DevExtreme/actions/runs/30885299976/job/91915073785
"04.08.26, 07:58:47",91929616666,30885299976,1,TS Declarations,Send notifications,qunit_fluent_part_4_26_1,cancelled,,https://github.com/DevExpress/DevExtreme/actions/runs/30885299976/job/91929616666
"04.08.26, 06:48:15",91915076697,30885300117,1,TS Declarations,validate-declarations,qunit_fluent_part_4_25_2,cancelled,,https://github.com/DevExpress/DevExtreme/actions/runs/30885300117/job/91915076697
"04.08.26, 06:48:15",91915076748,30885300117,1,TS Declarations,check-ts-bundle,qunit_fluent_part_4_25_2,cancelled,,https://github.com/DevExpress/DevExtreme/actions/runs/30885300117/job/91915076748
"04.08.26, 07:59:00",91929664112,30885300117,1,TS Declarations,Send notifications,qunit_fluent_part_4_25_2,cancelled,,https://github.com/DevExpress/DevExtreme/actions/runs/30885300117/job/91929664112
"04.08.26, 06:39:48",91913490210,30884784001,1,TS Declarations,validate-declarations,qunit_fluent_part_4_25_2,cancelled,,https://github.com/DevExpress/DevExtreme/actions/runs/30884784001/job/91913490210
"04.08.26, 06:39:48",91913490302,30884784001,1,TS Declarations,check-ts-bundle,qunit_fluent_part_4_25_2,cancelled,,https://github.com/DevExpress/DevExtreme/actions/runs/30884784001/job/91913490302
"04.08.26, 06:48:15",91915076033,30884784001,1,TS Declarations,Send notifications,qunit_fluent_part_4_25_2,cancelled,,https://github.com/DevExpress/DevExtreme/actions/runs/30884784001/job/91915076033
"04.08.26, 23:40:10",92163953379,30960194732,1,Demos Visual Tests,jquery-accessibility-material.blue.dark,feature/scheduler-multilevel-grouping/demo,failure,Run TestCafe tests (jQuery),https://github.com/DevExpress/DevExtreme/actions/runs/30960194732/job/92163953379
"04.08.26, 23:40:10",92163953396,30960194732,1,Demos Visual Tests,jquery-accessibility-fluent.blue.light,feature/scheduler-multilevel-grouping/demo,failure,Run TestCafe tests (jQuery),https://github.com/DevExpress/DevExtreme/actions/runs/30960194732/job/92163953396
"04.08.26, 23:40:10",92163953449,30960194732,1,Demos Visual Tests,jquery-accessibility-material.blue.light,feature/scheduler-multilevel-grouping/demo,failure,Run TestCafe tests (jQuery),https://github.com/DevExpress/DevExtreme/actions/runs/30960194732/job/92163953449
"04.08.26, 23:40:10",92163953517,30960194732,1,Demos Visual Tests,jquery-accessibility-fluent.blue.dark,feature/scheduler-multilevel-grouping/demo,failure,Run TestCafe tests (jQuery),https://github.com/DevExpress/DevExtreme/actions/runs/30960194732/job/92163953517
"04.08.26, 22:57:03",92156308274,30957754374,1,Demos Visual Tests,Check generated demos (changed only),scheduler-disabled-range-aria-1355,failure,Check generated JS demos,https://github.com/DevExpress/DevExtreme/actions/runs/30957754374/job/92156308274
"04.08.26, 22:46:04",92154239140,30957196720,1,Demos Visual Tests,jquery-accessibility-material.blue.dark,feature/scheduler-multilevel-grouping/demo,failure,Run TestCafe tests (jQuery),https://github.com/DevExpress/DevExtreme/actions/runs/30957196720/job/92154239140
"04.08.26, 22:46:04",92154239148,30957196720,1,Demos Visual Tests,jquery-accessibility-fluent.blue.light,feature/scheduler-multilevel-grouping/demo,failure,Run TestCafe tests (jQuery),https://github.com/DevExpress/DevExtreme/actions/runs/30957196720/job/92154239148
"04.08.26, 22:46:04",92154239166,30957196720,1,Demos Visual Tests,jquery-accessibility-material.blue.light,feature/scheduler-multilevel-grouping/demo,failure,Run TestCafe tests (jQuery),https://github.com/DevExpress/DevExtreme/actions/runs/30957196720/job/92154239166
"04.08.26, 22:46:04",92154239188,30957196720,1,Demos Visual Tests,jquery-accessibility-fluent.blue.dark,feature/scheduler-multilevel-grouping/demo,failure,Run TestCafe tests (jQuery),https://github.com/DevExpress/DevExtreme/actions/runs/30957196720/job/92154239188
"04.08.26, 22:25:03",92150061177,30954617639,1,Demos Visual Tests,jquery(1/3)-screenshots-material.blue.light,feature/scheduler-multilevel-grouping/demo,failure,Run TestCafe tests (jQuery),https://github.com/DevExpress/DevExtreme/actions/runs/30954617639/job/92150061177
"04.08.26, 22:25:03",92150061198,30954617639,1,Demos Visual Tests,jquery-accessibility-material.blue.light,feature/scheduler-multilevel-grouping/demo,failure,Run TestCafe tests (jQuery),https://github.com/DevExpress/DevExtreme/actions/runs/30954617639/job/92150061198
"04.08.26, 22:25:03",92150061203,30954617639,1,Demos Visual Tests,jquery-accessibility-fluent.blue.light,feature/scheduler-multilevel-grouping/demo,failure,Run TestCafe tests (jQuery),https://github.com/DevExpress/DevExtreme/actions/runs/30954617639/job/92150061203
"04.08.26, 22:25:03",92150061213,30954617639,1,Demos Visual Tests,jquery(1/3)-screenshots-fluent.blue.light,feature/scheduler-multilevel-grouping/demo,failure,Run TestCafe tests (jQuery),https://github.com/DevExpress/DevExtreme/actions/runs/30954617639/job/92150061213
"04.08.26, 22:25:03",92150061216,30954617639,1,Demos Visual Tests,jquery-accessibility-material.blue.dark,feature/scheduler-multilevel-grouping/demo,failure,Run TestCafe tests (jQuery),https://github.com/DevExpress/DevExtreme/actions/runs/30954617639/job/92150061216
"04.08.26, 22:25:03",92150061219,30954617639,1,Demos Visual Tests,jquery-accessibility-fluent.blue.dark,feature/scheduler-multilevel-grouping/demo,failure,Run TestCafe tests (jQuery),https://github.com/DevExpress/DevExtreme/actions/runs/30954617639/job/92150061219
"04.08.26, 22:29:40",92151016439,30954617639,1,Demos Visual Tests,angular-screenshots-fluent.blue.light,feature/scheduler-multilevel-grouping/demo,failure,Run TestCafe tests,https://github.com/DevExpress/DevExtreme/actions/runs/30954617639/job/92151016439
"04.08.26, 22:29:41",92151016467,30954617639,1,Demos Visual Tests,react-screenshots-fluent.blue.light,feature/scheduler-multilevel-grouping/demo,failure,Run TestCafe tests,https://github.com/DevExpress/DevExtreme/actions/runs/30954617639/job/92151016467
"04.08.26, 22:29:41",92151016493,30954617639,1,Demos Visual Tests,vue-screenshots-fluent.blue.light,feature/scheduler-multilevel-grouping/demo,failure,Run TestCafe tests,https://github.com/DevExpress/DevExtreme/actions/runs/30954617639/job/92151016493
"04.08.26, 22:03:21",92145486356,30954299428,1,Demos Visual Tests,jquery(1/3)-screenshots-fluent.blue.light,feature/scheduler-multilevel-grouping/demo,failure,Run TestCafe tests (jQuery),https://github.com/DevExpress/DevExtreme/actions/runs/30954299428/job/92145486356
"04.08.26, 22:03:21",92145486378,30954299428,1,Demos Visual Tests,jquery-accessibility-material.blue.dark,feature/scheduler-multilevel-grouping/demo,failure,Run TestCafe tests (jQuery),https://github.com/DevExpress/DevExtreme/actions/runs/30954299428/job/92145486378
"04.08.26, 22:03:21",92145486393,30954299428,1,Demos Visual Tests,jquery-accessibility-fluent.blue.light,feature/scheduler-multilevel-grouping/demo,failure,Run TestCafe tests (jQuery),https://github.com/DevExpress/DevExtreme/actions/runs/30954299428/job/92145486393
"04.08.26, 22:03:21",92145486433,30954299428,1,Demos Visual Tests,jquery-accessibility-fluent.blue.dark,feature/scheduler-multilevel-grouping/demo,failure,Run TestCafe tests (jQuery),https://github.com/DevExpress/DevExtreme/actions/runs/30954299428/job/92145486433
"04.08.26, 22:03:21",92145486463,30954299428,1,Demos Visual Tests,jquery-accessibility-material.blue.light,feature/scheduler-multilevel-grouping/demo,failure,Run TestCafe tests (jQuery),https://github.com/DevExpress/DevExtreme/actions/runs/30954299428/job/92145486463
"04.08.26, 22:03:21",92145486512,30954299428,1,Demos Visual Tests,jquery(1/3)-screenshots-material.blue.light,feature/scheduler-multilevel-grouping/demo,failure,Run TestCafe tests (jQuery),https://github.com/DevExpress/DevExtreme/actions/runs/30954299428/job/92145486512
"04.08.26, 22:03:21",92145487061,30954299428,1,Demos Visual Tests,Check generated demos,feature/scheduler-multilevel-grouping/demo,cancelled,,https://github.com/DevExpress/DevExtreme/actions/runs/30954299428/job/92145487061
"04.08.26, 22:09:03",92146709570,30954299428,1,Demos Visual Tests,angular-screenshots-fluent.blue.light,feature/scheduler-multilevel-grouping/demo,failure,Run TestCafe tests,https://github.com/DevExpress/DevExtreme/actions/runs/30954299428/job/92146709570
"04.08.26, 22:09:03",92146709617,30954299428,1,Demos Visual Tests,react-screenshots-fluent.blue.light,feature/scheduler-multilevel-grouping/demo,failure,Run TestCafe tests,https://github.com/DevExpress/DevExtreme/actions/runs/30954299428/job/92146709617
"04.08.26, 22:09:03",92146709793,30954299428,1,Demos Visual Tests,vue-screenshots-fluent.blue.light,feature/scheduler-multilevel-grouping/demo,failure,Run TestCafe tests,https://github.com/DevExpress/DevExtreme/actions/runs/30954299428/job/92146709793
"04.08.26, 22:09:04",92146710544,30954299428,1,Demos Visual Tests,${{ matrix.CONSTEL }}-screenshots-${{ matrix.THEME }},feature/scheduler-multilevel-grouping/demo,cancelled,,https://github.com/DevExpress/DevExtreme/actions/runs/30954299428/job/92146710544
"04.08.26, 21:41:06",92140595056,30951784357,1,Demos Visual Tests,jquery(1/3)-screenshots-fluent.blue.light,feature/scheduler-multilevel-grouping/demo,failure,Run TestCafe tests (jQuery),https://github.com/DevExpress/DevExtreme/actions/runs/30951784357/job/92140595056
"04.08.26, 21:41:06",92140595073,30951784357,1,Demos Visual Tests,jquery-accessibility-material.blue.dark,feature/scheduler-multilevel-grouping/demo,failure,Run TestCafe tests (jQuery),https://github.com/DevExpress/DevExtreme/actions/runs/30951784357/job/92140595073
"04.08.26, 21:41:06",92140595093,30951784357,1,Demos Visual Tests,jquery(1/3)-screenshots-material.blue.light,feature/scheduler-multilevel-grouping/demo,failure,Run TestCafe tests (jQuery),https://github.com/DevExpress/DevExtreme/actions/runs/30951784357/job/92140595093
"04.08.26, 21:41:06",92140595095,30951784357,1,Demos Visual Tests,jquery-accessibility-fluent.blue.light,feature/scheduler-multilevel-grouping/demo,failure,Run TestCafe tests (jQuery),https://github.com/DevExpress/DevExtreme/actions/runs/30951784357/job/92140595095
"04.08.26, 21:41:06",92140595116,30951784357,1,Demos Visual Tests,jquery-accessibility-material.blue.light,feature/scheduler-multilevel-grouping/demo,failure,Run TestCafe tests (jQuery),https://github.com/DevExpress/DevExtreme/actions/runs/30951784357/job/92140595116
"04.08.26, 21:41:06",92140595141,30951784357,1,Demos Visual Tests,jquery-accessibility-fluent.blue.dark,feature/scheduler-multilevel-grouping/demo,failure,Run TestCafe tests (jQuery),https://github.com/DevExpress/DevExtreme/actions/runs/30951784357/job/92140595141
"04.08.26, 21:45:42",92141633342,30951784357,1,Demos Visual Tests,react-screenshots-fluent.blue.light,feature/scheduler-multilevel-grouping/demo,failure,Run TestCafe tests,https://github.com/DevExpress/DevExtreme/actions/runs/30951784357/job/92141633342
"04.08.26, 21:45:42",92141633370,30951784357,1,Demos Visual Tests,vue-screenshots-fluent.blue.light,feature/scheduler-multilevel-grouping/demo,failure,Run TestCafe tests,https://github.com/DevExpress/DevExtreme/actions/runs/30951784357/job/92141633370
"04.08.26, 21:45:42",92141633380,30951784357,1,Demos Visual Tests,angular-screenshots-fluent.blue.light,feature/scheduler-multilevel-grouping/demo,failure,Run TestCafe tests,https://github.com/DevExpress/DevExtreme/actions/runs/30951784357/job/92141633380
"04.08.26, 21:19:02",92135455364,30950647981,1,Demos Visual Tests,jquery(2/3)-screenshots-material.blue.light,feature/scheduler-multilevel-grouping/demo,failure,,https://github.com/DevExpress/DevExtreme/actions/runs/30950647981/job/92135455364
"04.08.26, 21:19:02",92135455384,30950647981,1,Demos Visual Tests,jquery-accessibility-fluent.blue.light,feature/scheduler-multilevel-grouping/demo,failure,Run TestCafe tests (jQuery),https://github.com/DevExpress/DevExtreme/actions/runs/30950647981/job/92135455384
"04.08.26, 21:19:02",92135455387,30950647981,1,Demos Visual Tests,jquery(1/3)-screenshots-material.blue.light,feature/scheduler-multilevel-grouping/demo,failure,Run TestCafe tests (jQuery),https://github.com/DevExpress/DevExtreme/actions/runs/30950647981/job/92135455387
"04.08.26, 21:19:02",92135455403,30950647981,1,Demos Visual Tests,jquery(1/3)-screenshots-fluent.blue.light,feature/scheduler-multilevel-grouping/demo,failure,Run TestCafe tests (jQuery),https://github.com/DevExpress/DevExtreme/actions/runs/30950647981/job/92135455403
"04.08.26, 21:19:02",92135455448,30950647981,1,Demos Visual Tests,jquery-accessibility-fluent.blue.dark,feature/scheduler-multilevel-grouping/demo,failure,Run TestCafe tests (jQuery),https://github.com/DevExpress/DevExtreme/actions/runs/30950647981/job/92135455448
"04.08.26, 21:19:02",92135455550,30950647981,1,Demos Visual Tests,jquery-accessibility-material.blue.dark,feature/scheduler-multilevel-grouping/demo,failure,Run TestCafe tests (jQuery),https://github.com/DevExpress/DevExtreme/actions/runs/30950647981/job/92135455550
"04.08.26, 21:19:02",92135455591,30950647981,1,Demos Visual Tests,jquery-accessibility-material.blue.light,feature/scheduler-multilevel-grouping/demo,failure,Run TestCafe tests (jQuery),https://github.com/DevExpress/DevExtreme/actions/runs/30950647981/job/92135455591
"04.08.26, 21:19:02",92135456071,30950647981,1,Demos Visual Tests,Check generated demos,feature/scheduler-multilevel-grouping/demo,cancelled,,https://github.com/DevExpress/DevExtreme/actions/runs/30950647981/job/92135456071
"04.08.26, 21:26:54",92137298450,30950647981,1,Demos Visual Tests,react-screenshots-fluent.blue.light,feature/scheduler-multilevel-grouping/demo,failure,Run TestCafe tests,https://github.com/DevExpress/DevExtreme/actions/runs/30950647981/job/92137298450
"04.08.26, 21:26:54",92137298481,30950647981,1,Demos Visual Tests,vue-screenshots-fluent.blue.light,feature/scheduler-multilevel-grouping/demo,failure,Run TestCafe tests,https://github.com/DevExpress/DevExtreme/actions/runs/30950647981/job/92137298481
"04.08.26, 21:26:54",92137298520,30950647981,1,Demos Visual Tests,angular-screenshots-fluent.blue.light,feature/scheduler-multilevel-grouping/demo,failure,Run TestCafe tests,https://github.com/DevExpress/DevExtreme/actions/runs/30950647981/job/92137298520
"04.08.26, 21:26:55",92137299617,30950647981,1,Demos Visual Tests,${{ matrix.CONSTEL }}-screenshots-${{ matrix.THEME }},feature/scheduler-multilevel-grouping/demo,cancelled,,https://github.com/DevExpress/DevExtreme/actions/runs/30950647981/job/92137299617
"04.08.26, 20:59:17",92130606640,30950030768,1,Demos Visual Tests,jquery-accessibility-material.blue.dark,feature/scheduler-multilevel-grouping/demo,failure,Run TestCafe tests (jQuery),https://github.com/DevExpress/DevExtreme/actions/runs/30950030768/job/92130606640
"04.08.26, 20:59:17",92130606671,30950030768,1,Demos Visual Tests,jquery-accessibility-material.blue.light,feature/scheduler-multilevel-grouping/demo,failure,Run TestCafe tests (jQuery),https://github.com/DevExpress/DevExtreme/actions/runs/30950030768/job/92130606671
"04.08.26, 20:59:17",92130606679,30950030768,1,Demos Visual Tests,jquery(1/3)-screenshots-material.blue.light,feature/scheduler-multilevel-grouping/demo,failure,Run TestCafe tests (jQuery),https://github.com/DevExpress/DevExtreme/actions/runs/30950030768/job/92130606679
"04.08.26, 20:59:17",92130606683,30950030768,1,Demos Visual Tests,jquery-accessibility-fluent.blue.dark,feature/scheduler-multilevel-grouping/demo,failure,Run TestCafe tests (jQuery),https://github.com/DevExpress/DevExtreme/actions/runs/30950030768/job/92130606683
"04.08.26, 20:59:17",92130606708,30950030768,1,Demos Visual Tests,jquery-accessibility-fluent.blue.light,feature/scheduler-multilevel-grouping/demo,failure,Run TestCafe tests (jQuery),https://github.com/DevExpress/DevExtreme/actions/runs/30950030768/job/92130606708
"04.08.26, 20:59:17",92130606859,30950030768,1,Demos Visual Tests,jquery(1/3)-screenshots-fluent.blue.light,feature/scheduler-multilevel-grouping/demo,failure,Run TestCafe tests (jQuery),https://github.com/DevExpress/DevExtreme/actions/runs/30950030768/job/92130606859
"04.08.26, 21:03:45",92131749958,30950030768,1,Demos Visual Tests,react-screenshots-fluent.blue.light,feature/scheduler-multilevel-grouping/demo,failure,Run TestCafe tests,https://github.com/DevExpress/DevExtreme/actions/runs/30950030768/job/92131749958
"04.08.26, 21:03:45",92131750008,30950030768,1,Demos Visual Tests,vue-screenshots-fluent.blue.light,feature/scheduler-multilevel-grouping/demo,failure,Run TestCafe tests,https://github.com/DevExpress/DevExtreme/actions/runs/30950030768/job/92131750008
"04.08.26, 21:03:45",92131750273,30950030768,1,Demos Visual Tests,angular-screenshots-fluent.blue.light,feature/scheduler-multilevel-grouping/demo,failure,Run TestCafe tests,https://github.com/DevExpress/DevExtreme/actions/runs/30950030768/job/92131750273
"04.08.26, 21:03:45",92131750646,30950030768,1,Demos Visual Tests,${{ matrix.CONSTEL }}-screenshots-${{ matrix.THEME }},feature/scheduler-multilevel-grouping/demo,cancelled,,https://github.com/DevExpress/DevExtreme/actions/runs/30950030768/job/92131750646
"04.08.26, 20:38:53",92125430039,30948295835,1,Demos Visual Tests,jquery-accessibility-fluent.blue.light,feature/scheduler-multilevel-grouping/demo,failure,Run TestCafe tests (jQuery),https://github.com/DevExpress/DevExtreme/actions/runs/30948295835/job/92125430039
"04.08.26, 20:38:53",92125430068,30948295835,1,Demos Visual Tests,jquery-accessibility-material.blue.dark,feature/scheduler-multilevel-grouping/demo,failure,Run TestCafe tests (jQuery),https://github.com/DevExpress/DevExtreme/actions/runs/30948295835/job/92125430068
"04.08.26, 20:38:53",92125430092,30948295835,1,Demos Visual Tests,jquery-accessibility-fluent.blue.dark,feature/scheduler-multilevel-grouping/demo,failure,Run TestCafe tests (jQuery),https://github.com/DevExpress/DevExtreme/actions/runs/30948295835/job/92125430092
"04.08.26, 20:38:53",92125430201,30948295835,1,Demos Visual Tests,jquery-accessibility-material.blue.light,feature/scheduler-multilevel-grouping/demo,failure,Run TestCafe tests (jQuery),https://github.com/DevExpress/DevExtreme/actions/runs/30948295835/job/92125430201
"04.08.26, 20:04:44",92116666424,30945268845,1,Demos Visual Tests,jquery-accessibility-fluent.blue.dark,feature/scheduler-multilevel-grouping/demo,failure,Run TestCafe tests (jQuery),https://github.com/DevExpress/DevExtreme/actions/runs/30945268845/job/92116666424
"04.08.26, 20:04:44",92116666431,30945268845,1,Demos Visual Tests,jquery-accessibility-fluent.blue.light,feature/scheduler-multilevel-grouping/demo,failure,Run TestCafe tests (jQuery),https://github.com/DevExpress/DevExtreme/actions/runs/30945268845/job/92116666431
"04.08.26, 20:04:44",92116666540,30945268845,1,Demos Visual Tests,jquery-accessibility-material.blue.dark,feature/scheduler-multilevel-grouping/demo,failure,Run TestCafe tests (jQuery),https://github.com/DevExpress/DevExtreme/actions/runs/30945268845/job/92116666540
"04.08.26, 20:04:44",92116666564,30945268845,1,Demos Visual Tests,jquery-accessibility-material.blue.light,feature/scheduler-multilevel-grouping/demo,failure,Run TestCafe tests (jQuery),https://github.com/DevExpress/DevExtreme/actions/runs/30945268845/job/92116666564
"04.08.26, 19:45:35",92111793382,30944316826,1,Demos Visual Tests,jquery-accessibility-material.blue.light,feature/scheduler-multilevel-grouping/demo,failure,Run TestCafe tests (jQuery),https://github.com/DevExpress/DevExtreme/actions/runs/30944316826/job/92111793382
"04.08.26, 19:45:35",92111793522,30944316826,1,Demos Visual Tests,jquery-accessibility-fluent.blue.light,feature/scheduler-multilevel-grouping/demo,failure,Run TestCafe tests (jQuery),https://github.com/DevExpress/DevExtreme/actions/runs/30944316826/job/92111793522
"04.08.26, 19:45:35",92111793524,30944316826,1,Demos Visual Tests,jquery-accessibility-material.blue.dark,feature/scheduler-multilevel-grouping/demo,failure,Run TestCafe tests (jQuery),https://github.com/DevExpress/DevExtreme/actions/runs/30944316826/job/92111793524
"04.08.26, 19:45:35",92111793525,30944316826,1,Demos Visual Tests,jquery-accessibility-fluent.blue.dark,feature/scheduler-multilevel-grouping/demo,failure,Run TestCafe tests (jQuery),https://github.com/DevExpress/DevExtreme/actions/runs/30944316826/job/92111793525
"04.08.26, 18:23:06",92090102713,30937960327,1,Demos Visual Tests,jquery-accessibility-fluent.blue.light,feature/scheduler-multilevel-grouping/demo,failure,Run TestCafe tests (jQuery),https://github.com/DevExpress/DevExtreme/actions/runs/30937960327/job/92090102713
"04.08.26, 18:23:06",92090102825,30937960327,1,Demos Visual Tests,jquery-accessibility-material.blue.light,feature/scheduler-multilevel-grouping/demo,failure,Run TestCafe tests (jQuery),https://github.com/DevExpress/DevExtreme/actions/runs/30937960327/job/92090102825
"04.08.26, 18:23:06",92090102852,30937960327,1,Demos Visual Tests,jquery-accessibility-fluent.blue.dark,feature/scheduler-multilevel-grouping/demo,failure,Run TestCafe tests (jQuery),https://github.com/DevExpress/DevExtreme/actions/runs/30937960327/job/92090102852
"04.08.26, 18:23:06",92090102963,30937960327,1,Demos Visual Tests,jquery-accessibility-material.blue.dark,feature/scheduler-multilevel-grouping/demo,failure,Run TestCafe tests (jQuery),https://github.com/DevExpress/DevExtreme/actions/runs/30937960327/job/92090102963
"04.08.26, 17:45:32",92080099971,30933966881,1,Demos Visual Tests,jquery(1/3)-screenshots-material.blue.light,feature/scheduler-multilevel-grouping/demo,failure,Run TestCafe tests (jQuery),https://github.com/DevExpress/DevExtreme/actions/runs/30933966881/job/92080099971
"04.08.26, 17:45:32",92080099990,30933966881,1,Demos Visual Tests,jquery(1/3)-screenshots-fluent.blue.light,feature/scheduler-multilevel-grouping/demo,failure,Run TestCafe tests (jQuery),https://github.com/DevExpress/DevExtreme/actions/runs/30933966881/job/92080099990
"04.08.26, 17:45:32",92080100005,30933966881,1,Demos Visual Tests,jquery-accessibility-material.blue.dark,feature/scheduler-multilevel-grouping/demo,failure,Run TestCafe tests (jQuery),https://github.com/DevExpress/DevExtreme/actions/runs/30933966881/job/92080100005
"04.08.26, 17:45:32",92080100010,30933966881,1,Demos Visual Tests,jquery-accessibility-fluent.blue.dark,feature/scheduler-multilevel-grouping/demo,failure,Run TestCafe tests (jQuery),https://github.com/DevExpress/DevExtreme/actions/runs/30933966881/job/92080100010
"04.08.26, 17:45:32",92080100040,30933966881,1,Demos Visual Tests,jquery-accessibility-fluent.blue.light,feature/scheduler-multilevel-grouping/demo,failure,Run TestCafe tests (jQuery),https://github.com/DevExpress/DevExtreme/actions/runs/30933966881/job/92080100040
"04.08.26, 17:45:32",92080100044,30933966881,1,Demos Visual Tests,jquery-accessibility-material.blue.light,feature/scheduler-multilevel-grouping/demo,failure,Run TestCafe tests (jQuery),https://github.com/DevExpress/DevExtreme/actions/runs/30933966881/job/92080100044
"04.08.26, 17:50:17",92081359712,30933966881,1,Demos Visual Tests,react-screenshots-fluent.blue.light,feature/scheduler-multilevel-grouping/demo,failure,Run TestCafe tests,https://github.com/DevExpress/DevExtreme/actions/runs/30933966881/job/92081359712
"04.08.26, 17:50:17",92081359721,30933966881,1,Demos Visual Tests,vue-screenshots-fluent.blue.light,feature/scheduler-multilevel-grouping/demo,failure,Run TestCafe tests,https://github.com/DevExpress/DevExtreme/actions/runs/30933966881/job/92081359721
"04.08.26, 17:50:17",92081359741,30933966881,1,Demos Visual Tests,angular-screenshots-fluent.blue.light,feature/scheduler-multilevel-grouping/demo,failure,Run TestCafe tests,https://github.com/DevExpress/DevExtreme/actions/runs/30933966881/job/92081359741
"04.08.26, 17:26:05",92075002620,30933318847,1,Demos Visual Tests,jquery(1/3)-screenshots-fluent.blue.light,feature/scheduler-multilevel-grouping/demo,failure,Run TestCafe tests (jQuery),https://github.com/DevExpress/DevExtreme/actions/runs/30933318847/job/92075002620
"04.08.26, 17:26:05",92075002629,30933318847,1,Demos Visual Tests,jquery-accessibility-fluent.blue.dark,feature/scheduler-multilevel-grouping/demo,failure,Run TestCafe tests (jQuery),https://github.com/DevExpress/DevExtreme/actions/runs/30933318847/job/92075002629
"04.08.26, 17:26:05",92075002654,30933318847,1,Demos Visual Tests,jquery(1/3)-screenshots-material.blue.light,feature/scheduler-multilevel-grouping/demo,failure,Run TestCafe tests (jQuery),https://github.com/DevExpress/DevExtreme/actions/runs/30933318847/job/92075002654
"04.08.26, 17:26:05",92075002659,30933318847,1,Demos Visual Tests,jquery-accessibility-fluent.blue.light,feature/scheduler-multilevel-grouping/demo,failure,Run TestCafe tests (jQuery),https://github.com/DevExpress/DevExtreme/actions/runs/30933318847/job/92075002659
"04.08.26, 17:26:05",92075002663,30933318847,1,Demos Visual Tests,jquery-accessibility-material.blue.dark,feature/scheduler-multilevel-grouping/demo,failure,Run TestCafe tests (jQuery),https://github.com/DevExpress/DevExtreme/actions/runs/30933318847/job/92075002663
"04.08.26, 17:26:05",92075002700,30933318847,1,Demos Visual Tests,jquery-accessibility-material.blue.light,feature/scheduler-multilevel-grouping/demo,failure,Run TestCafe tests (jQuery),https://github.com/DevExpress/DevExtreme/actions/runs/30933318847/job/92075002700
"04.08.26, 17:30:33",92076168058,30933318847,1,Demos Visual Tests,vue-screenshots-fluent.blue.light,feature/scheduler-multilevel-grouping/demo,failure,Run TestCafe tests,https://github.com/DevExpress/DevExtreme/actions/runs/30933318847/job/92076168058
"04.08.26, 17:30:33",92076168096,30933318847,1,Demos Visual Tests,react-screenshots-fluent.blue.light,feature/scheduler-multilevel-grouping/demo,failure,Run TestCafe tests,https://github.com/DevExpress/DevExtreme/actions/runs/30933318847/job/92076168096
"04.08.26, 17:30:33",92076168154,30933318847,1,Demos Visual Tests,angular-screenshots-fluent.blue.light,feature/scheduler-multilevel-grouping/demo,failure,Run TestCafe tests,https://github.com/DevExpress/DevExtreme/actions/runs/30933318847/job/92076168154
"04.08.26, 17:30:33",92076169051,30933318847,1,Demos Visual Tests,${{ matrix.CONSTEL }}-screenshots-${{ matrix.THEME }},feature/scheduler-multilevel-grouping/demo,cancelled,,https://github.com/DevExpress/DevExtreme/actions/runs/30933318847/job/92076169051
"04.08.26, 17:15:48",92072345764,30933026104,1,Demos Visual Tests,Build DevExtreme,26_2_js_to_ts,failure,DevExtreme - Build,https://github.com/DevExpress/DevExtreme/actions/runs/30933026104/job/92072345764
"04.08.26, 16:36:59",92061895174,30927898683,1,Demos Visual Tests,jquery-accessibility-material.blue.dark,feature/scheduler-multilevel-grouping/demo,failure,Run TestCafe tests (jQuery),https://github.com/DevExpress/DevExtreme/actions/runs/30927898683/job/92061895174
"04.08.26, 16:36:59",92061895181,30927898683,1,Demos Visual Tests,jquery-accessibility-fluent.blue.dark,feature/scheduler-multilevel-grouping/demo,failure,Run TestCafe tests (jQuery),https://github.com/DevExpress/DevExtreme/actions/runs/30927898683/job/92061895181
"04.08.26, 16:36:59",92061895227,30927898683,1,Demos Visual Tests,jquery-accessibility-material.blue.light,feature/scheduler-multilevel-grouping/demo,failure,Run TestCafe tests (jQuery),https://github.com/DevExpress/DevExtreme/actions/runs/30927898683/job/92061895227
"04.08.26, 16:36:59",92061895301,30927898683,1,Demos Visual Tests,jquery-accessibility-fluent.blue.light,feature/scheduler-multilevel-grouping/demo,failure,Run TestCafe tests (jQuery),https://github.com/DevExpress/DevExtreme/actions/runs/30927898683/job/92061895301
"04.08.26, 16:41:33",92063151310,30927898683,1,Demos Visual Tests,react-screenshots-fluent.blue.light,feature/scheduler-multilevel-grouping/demo,failure,Run TestCafe tests,https://github.com/DevExpress/DevExtreme/actions/runs/30927898683/job/92063151310
"04.08.26, 16:41:33",92063151490,30927898683,1,Demos Visual Tests,angular-screenshots-fluent.blue.light,feature/scheduler-multilevel-grouping/demo,failure,Run TestCafe tests,https://github.com/DevExpress/DevExtreme/actions/runs/30927898683/job/92063151490
"04.08.26, 16:14:44",92055849367,30927035379,1,Demos Visual Tests,jquery-accessibility-material.blue.light,feature/scheduler-multilevel-grouping/demo,failure,Run TestCafe tests (jQuery),https://github.com/DevExpress/DevExtreme/actions/runs/30927035379/job/92055849367
"04.08.26, 16:14:44",92055849369,30927035379,1,Demos Visual Tests,jquery-accessibility-fluent.blue.light,feature/scheduler-multilevel-grouping/demo,failure,Run TestCafe tests (jQuery),https://github.com/DevExpress/DevExtreme/actions/runs/30927035379/job/92055849369
"04.08.26, 16:14:44",92055849433,30927035379,1,Demos Visual Tests,jquery-accessibility-material.blue.dark,feature/scheduler-multilevel-grouping/demo,failure,Run TestCafe tests (jQuery),https://github.com/DevExpress/DevExtreme/actions/runs/30927035379/job/92055849433
"04.08.26, 16:14:44",92055849525,30927035379,1,Demos Visual Tests,jquery-accessibility-fluent.blue.dark,feature/scheduler-multilevel-grouping/demo,failure,Run TestCafe tests (jQuery),https://github.com/DevExpress/DevExtreme/actions/runs/30927035379/job/92055849525
"04.08.26, 16:14:44",92055849957,30927035379,1,Demos Visual Tests,Check generated demos,feature/scheduler-multilevel-grouping/demo,cancelled,,https://github.com/DevExpress/DevExtreme/actions/runs/30927035379/job/92055849957
"04.08.26, 16:20:20",92057368695,30927035379,1,Demos Visual Tests,angular-screenshots-fluent.blue.light,feature/scheduler-multilevel-grouping/demo,failure,Run TestCafe tests,https://github.com/DevExpress/DevExtreme/actions/runs/30927035379/job/92057368695
"04.08.26, 16:20:20",92057368699,30927035379,1,Demos Visual Tests,react-screenshots-fluent.blue.light,feature/scheduler-multilevel-grouping/demo,failure,Run TestCafe tests,https://github.com/DevExpress/DevExtreme/actions/runs/30927035379/job/92057368699
"04.08.26, 16:20:21",92057370215,30927035379,1,Demos Visual Tests,${{ matrix.CONSTEL }}-screenshots-${{ matrix.THEME }},feature/scheduler-multilevel-grouping/demo,cancelled,,https://github.com/DevExpress/DevExtreme/actions/runs/30927035379/job/92057370215
"04.08.26, 15:53:54",92049962047,30925798266,1,Demos Visual Tests,Check TS and lint code base,feature/scheduler-multilevel-grouping/demo,failure,Check TS and lint results,https://github.com/DevExpress/DevExtreme/actions/runs/30925798266/job/92049962047
"04.08.26, 15:53:54",92049962079,30925798266,1,Demos Visual Tests,Check generated demos (changed only),feature/scheduler-multilevel-grouping/demo,failure,Check generated JS demos,https://github.com/DevExpress/DevExtreme/actions/runs/30925798266/job/92049962079
"04.08.26, 15:53:54",92049962188,30925798266,1,Demos Visual Tests,CSP check (Vue 2/2),feature/scheduler-multilevel-grouping/demo,failure,,https://github.com/DevExpress/DevExtreme/actions/runs/30925798266/job/92049962188
"04.08.26, 15:53:54",92049962212,30925798266,1,Demos Visual Tests,jquery-accessibility-fluent.blue.dark,feature/scheduler-multilevel-grouping/demo,failure,Run TestCafe tests (jQuery),https://github.com/DevExpress/DevExtreme/actions/runs/30925798266/job/92049962212
"04.08.26, 15:53:54",92049962223,30925798266,1,Demos Visual Tests,jquery-accessibility-material.blue.light,feature/scheduler-multilevel-grouping/demo,failure,Run TestCafe tests (jQuery),https://github.com/DevExpress/DevExtreme/actions/runs/30925798266/job/92049962223
"04.08.26, 15:53:54",92049962279,30925798266,1,Demos Visual Tests,jquery-accessibility-fluent.blue.light,feature/scheduler-multilevel-grouping/demo,failure,Run TestCafe tests (jQuery),https://github.com/DevExpress/DevExtreme/actions/runs/30925798266/job/92049962279
"04.08.26, 15:53:54",92049962285,30925798266,1,Demos Visual Tests,jquery-accessibility-material.blue.dark,feature/scheduler-multilevel-grouping/demo,failure,Run TestCafe tests (jQuery),https://github.com/DevExpress/DevExtreme/actions/runs/30925798266/job/92049962285
"04.08.26, 15:58:16",92051227526,30925798266,1,Demos Visual Tests,react-screenshots-fluent.blue.light,feature/scheduler-multilevel-grouping/demo,failure,Run TestCafe tests,https://github.com/DevExpress/DevExtreme/actions/runs/30925798266/job/92051227526
"04.08.26, 15:58:16",92051227682,30925798266,1,Demos Visual Tests,angular-screenshots-fluent.blue.light,feature/scheduler-multilevel-grouping/demo,failure,Run TestCafe tests,https://github.com/DevExpress/DevExtreme/actions/runs/30925798266/job/92051227682
"04.08.26, 15:34:17",92044320809,30924325839,1,Demos Visual Tests,Check generated demos (changed only),feature/scheduler-multilevel-grouping/demo,failure,Check generated JS demos,https://github.com/DevExpress/DevExtreme/actions/runs/30924325839/job/92044320809
"04.08.26, 15:34:17",92044320844,30924325839,1,Demos Visual Tests,Check TS and lint code base,feature/scheduler-multilevel-grouping/demo,failure,Check TS and lint results,https://github.com/DevExpress/DevExtreme/actions/runs/30924325839/job/92044320844
"04.08.26, 15:34:17",92044321103,30924325839,1,Demos Visual Tests,jquery(1/3)-screenshots-material.blue.light,feature/scheduler-multilevel-grouping/demo,failure,Run TestCafe tests (jQuery),https://github.com/DevExpress/DevExtreme/actions/runs/30924325839/job/92044321103
"04.08.26, 15:34:17",92044321149,30924325839,1,Demos Visual Tests,jquery-accessibility-material.blue.dark,feature/scheduler-multilevel-grouping/demo,failure,Run TestCafe tests (jQuery),https://github.com/DevExpress/DevExtreme/actions/runs/30924325839/job/92044321149
"04.08.26, 15:34:17",92044321169,30924325839,1,Demos Visual Tests,jquery-accessibility-fluent.blue.light,feature/scheduler-multilevel-grouping/demo,failure,Run TestCafe tests (jQuery),https://github.com/DevExpress/DevExtreme/actions/runs/30924325839/job/92044321169
"04.08.26, 15:34:17",92044321177,30924325839,1,Demos Visual Tests,jquery-accessibility-material.blue.light,feature/scheduler-multilevel-grouping/demo,failure,Run TestCafe tests (jQuery),https://github.com/DevExpress/DevExtreme/actions/runs/30924325839/job/92044321177
"04.08.26, 15:34:17",92044321183,30924325839,1,Demos Visual Tests,jquery-accessibility-fluent.blue.dark,feature/scheduler-multilevel-grouping/demo,failure,Run TestCafe tests (jQuery),https://github.com/DevExpress/DevExtreme/actions/runs/30924325839/job/92044321183
"04.08.26, 15:34:17",92044321247,30924325839,1,Demos Visual Tests,jquery(1/3)-screenshots-fluent.blue.light,feature/scheduler-multilevel-grouping/demo,failure,Run TestCafe tests (jQuery),https://github.com/DevExpress/DevExtreme/actions/runs/30924325839/job/92044321247
"04.08.26, 15:42:58",92046812520,30924325839,1,Demos Visual Tests,vue-screenshots-fluent.blue.light,feature/scheduler-multilevel-grouping/demo,failure,Run TestCafe tests,https://github.com/DevExpress/DevExtreme/actions/runs/30924325839/job/92046812520
"04.08.26, 15:42:58",92046812534,30924325839,1,Demos Visual Tests,react-screenshots-fluent.blue.light,feature/scheduler-multilevel-grouping/demo,failure,Run TestCafe tests,https://github.com/DevExpress/DevExtreme/actions/runs/30924325839/job/92046812534
"04.08.26, 15:42:58",92046813259,30924325839,1,Demos Visual Tests,angular-screenshots-fluent.blue.light,feature/scheduler-multilevel-grouping/demo,failure,Run TestCafe tests,https://github.com/DevExpress/DevExtreme/actions/runs/30924325839/job/92046813259
"04.08.26, 15:10:08",92037233784,30921920982,1,Demos Visual Tests,Check TS and lint code base,feature/scheduler-multilevel-grouping/demo,failure,Check TS and lint results,https://github.com/DevExpress/DevExtreme/actions/runs/30921920982/job/92037233784
"04.08.26, 15:10:08",92037233900,30921920982,1,Demos Visual Tests,jquery(1/3)-screenshots-material.blue.light,feature/scheduler-multilevel-grouping/demo,failure,Run TestCafe tests (jQuery),https://github.com/DevExpress/DevExtreme/actions/runs/30921920982/job/92037233900
"04.08.26, 15:10:08",92037233931,30921920982,1,Demos Visual Tests,jquery(1/3)-screenshots-fluent.blue.light,feature/scheduler-multilevel-grouping/demo,failure,Run TestCafe tests (jQuery),https://github.com/DevExpress/DevExtreme/actions/runs/30921920982/job/92037233931
"04.08.26, 15:10:08",92037233996,30921920982,1,Demos Visual Tests,Check generated demos (changed only),feature/scheduler-multilevel-grouping/demo,failure,Check generated JS demos,https://github.com/DevExpress/DevExtreme/actions/runs/30921920982/job/92037233996
"04.08.26, 15:10:08",92037234003,30921920982,1,Demos Visual Tests,jquery-accessibility-fluent.blue.light,feature/scheduler-multilevel-grouping/demo,failure,Run TestCafe tests (jQuery),https://github.com/DevExpress/DevExtreme/actions/runs/30921920982/job/92037234003
"04.08.26, 15:10:08",92037234033,30921920982,1,Demos Visual Tests,jquery-accessibility-material.blue.dark,feature/scheduler-multilevel-grouping/demo,failure,Run TestCafe tests (jQuery),https://github.com/DevExpress/DevExtreme/actions/runs/30921920982/job/92037234033
"04.08.26, 15:10:09",92037234054,30921920982,1,Demos Visual Tests,jquery-accessibility-material.blue.light,feature/scheduler-multilevel-grouping/demo,failure,Run TestCafe tests (jQuery),https://github.com/DevExpress/DevExtreme/actions/runs/30921920982/job/92037234054
"04.08.26, 15:10:09",92037234176,30921920982,1,Demos Visual Tests,jquery-accessibility-fluent.blue.dark,feature/scheduler-multilevel-grouping/demo,failure,Run TestCafe tests (jQuery),https://github.com/DevExpress/DevExtreme/actions/runs/30921920982/job/92037234176
"04.08.26, 15:20:25",92040276017,30921920982,1,Demos Visual Tests,angular-screenshots-fluent.blue.light,feature/scheduler-multilevel-grouping/demo,failure,Run TestCafe tests,https://github.com/DevExpress/DevExtreme/actions/runs/30921920982/job/92040276017
"04.08.26, 15:20:25",92040276096,30921920982,1,Demos Visual Tests,vue-screenshots-fluent.blue.light,feature/scheduler-multilevel-grouping/demo,failure,Run TestCafe tests,https://github.com/DevExpress/DevExtreme/actions/runs/30921920982/job/92040276096
"04.08.26, 15:20:25",92040276106,30921920982,1,Demos Visual Tests,react-screenshots-fluent.blue.light,feature/scheduler-multilevel-grouping/demo,failure,Run TestCafe tests,https://github.com/DevExpress/DevExtreme/actions/runs/30921920982/job/92040276106
"04.08.26, 15:07:56",92036580640,30921303347,1,Demos Visual Tests,merge-artifacts,fix/datagrid-paging-pageindex-option-sync-26_2,cancelled,,https://github.com/DevExpress/DevExtreme/actions/runs/30921303347/job/92036580640
"04.08.26, 12:41:10",91994732688,30909413992,1,Demos Visual Tests,Check TS and lint code base,tribe-duty-3_26_1,failure,Check TS and lint results,https://github.com/DevExpress/DevExtreme/actions/runs/30909413992/job/91994732688
"04.08.26, 13:20:26",92005155480,30909413992,2,Demos Visual Tests,Check TS and lint code base,tribe-duty-3_26_1,failure,Check TS and lint results,https://github.com/DevExpress/DevExtreme/actions/runs/30909413992/job/92005155480
"04.08.26, 12:27:25",91991339393,30908048187,1,Demos Visual Tests,vue(3/5)-screenshots-fluent.blue.light,gh-readonly-queue/main/pr-34633-7866dc364fd774d3444473b4cee21586a9d0d386,failure,,https://github.com/DevExpress/DevExtreme/actions/runs/30908048187/job/91991339393
"04.08.26, 12:19:25",91989430696,30908028420,1,Demos Visual Tests,Check generated demos,stabilize_tests_26_2,cancelled,,https://github.com/DevExpress/DevExtreme/actions/runs/30908028420/job/91989430696
"04.08.26, 12:19:25",91989430978,30908028420,1,Demos Visual Tests,Build Demos Bundles,stabilize_tests_26_2,cancelled,,https://github.com/DevExpress/DevExtreme/actions/runs/30908028420/job/91989430978
"04.08.26, 12:19:25",91989431062,30908028420,1,Demos Visual Tests,Check generated demos (changed only),stabilize_tests_26_2,cancelled,,https://github.com/DevExpress/DevExtreme/actions/runs/30908028420/job/91989431062
"04.08.26, 12:19:25",91989431267,30908028420,1,Demos Visual Tests,"matrix.SHARD_TOTAL == 1 && format('CSP check ({0})', matrix.FRAMEWORK) || format('CSP check ({0} {1}/{2})', matrix.FRAMEWORK, matrix.SHARD_INDEX, matrix.SHARD_TOTAL)",stabilize_tests_26_2,cancelled,,https://github.com/DevExpress/DevExtreme/actions/runs/30908028420/job/91989431267
"04.08.26, 12:19:25",91989431366,30908028420,1,Demos Visual Tests,Check TS and lint code base,stabilize_tests_26_2,cancelled,,https://github.com/DevExpress/DevExtreme/actions/runs/30908028420/job/91989431366
"04.08.26, 12:19:25",91989431385,30908028420,1,Demos Visual Tests,${{ matrix.CONSTEL }}-screenshots-${{ matrix.THEME }},stabilize_tests_26_2,cancelled,,https://github.com/DevExpress/DevExtreme/actions/runs/30908028420/job/91989431385
"04.08.26, 12:19:25",91989431517,30908028420,1,Demos Visual Tests,${{ matrix.CONSTEL }}-screenshots-${{ matrix.THEME }},stabilize_tests_26_2,cancelled,,https://github.com/DevExpress/DevExtreme/actions/runs/30908028420/job/91989431517
"04.08.26, 12:25:10",91990795714,30908028420,1,Demos Visual Tests,merge-artifacts,stabilize_tests_26_2,cancelled,,https://github.com/DevExpress/DevExtreme/actions/runs/30908028420/job/91990795714
"04.08.26, 11:38:52",91980048122,30904950736,1,Demos Visual Tests,Check generated demos,feature/demos-remove-system-js,failure,Check generated JS demos,https://github.com/DevExpress/DevExtreme/actions/runs/30904950736/job/91980048122
"04.08.26, 11:38:52",91980048183,30904950736,1,Demos Visual Tests,CSP check (Angular 2/3),feature/demos-remove-system-js,cancelled,Run CSP Check,https://github.com/DevExpress/DevExtreme/actions/runs/30904950736/job/91980048183
"04.08.26, 11:38:52",91980048192,30904950736,1,Demos Visual Tests,CSP check (Vue 2/2),feature/demos-remove-system-js,cancelled,Run CSP Check,https://github.com/DevExpress/DevExtreme/actions/runs/30904950736/job/91980048192
"04.08.26, 11:38:52",91980048244,30904950736,1,Demos Visual Tests,CSP check (Angular 1/3),feature/demos-remove-system-js,failure,,https://github.com/DevExpress/DevExtreme/actions/runs/30904950736/job/91980048244
"04.08.26, 11:38:52",91980048290,30904950736,1,Demos Visual Tests,CSP check (Angular 3/3),feature/demos-remove-system-js,failure,,https://github.com/DevExpress/DevExtreme/actions/runs/30904950736/job/91980048290
"04.08.26, 11:38:52",91980048305,30904950736,1,Demos Visual Tests,CSP check (Vue 1/2),feature/demos-remove-system-js,cancelled,Run CSP Check,https://github.com/DevExpress/DevExtreme/actions/runs/30904950736/job/91980048305
"04.08.26, 11:38:52",91980048311,30904950736,1,Demos Visual Tests,CSP check (React 2/2),feature/demos-remove-system-js,cancelled,Run CSP Check,https://github.com/DevExpress/DevExtreme/actions/runs/30904950736/job/91980048311
"04.08.26, 11:38:52",91980048407,30904950736,1,Demos Visual Tests,CSP check (React 1/2),feature/demos-remove-system-js,cancelled,Run CSP Check,https://github.com/DevExpress/DevExtreme/actions/runs/30904950736/job/91980048407
"04.08.26, 11:48:31",91982228413,30904950736,1,Demos Visual Tests,vue(5/5)-screenshots-fluent.blue.light,feature/demos-remove-system-js,failure,Run TestCafe tests,https://github.com/DevExpress/DevExtreme/actions/runs/30904950736/job/91982228413
"04.08.26, 11:48:31",91982228424,30904950736,1,Demos Visual Tests,angular(6/10)-screenshots-fluent.blue.light,feature/demos-remove-system-js,cancelled,Run TestCafe tests,https://github.com/DevExpress/DevExtreme/actions/runs/30904950736/job/91982228424
"04.08.26, 11:48:31",91982228425,30904950736,1,Demos Visual Tests,vue(2/5)-screenshots-fluent.blue.light,feature/demos-remove-system-js,failure,,https://github.com/DevExpress/DevExtreme/actions/runs/30904950736/job/91982228425
"04.08.26, 11:48:31",91982228429,30904950736,1,Demos Visual Tests,vue(3/5)-screenshots-fluent.blue.light,feature/demos-remove-system-js,failure,Run TestCafe tests,https://github.com/DevExpress/DevExtreme/actions/runs/30904950736/job/91982228429
"04.08.26, 11:48:31",91982228431,30904950736,1,Demos Visual Tests,angular(4/10)-screenshots-fluent.blue.light,feature/demos-remove-system-js,cancelled,Run TestCafe tests,https://github.com/DevExpress/DevExtreme/actions/runs/30904950736/job/91982228431
"04.08.26, 11:48:31",91982228432,30904950736,1,Demos Visual Tests,vue(1/5)-screenshots-fluent.blue.light,feature/demos-remove-system-js,failure,Run TestCafe tests,https://github.com/DevExpress/DevExtreme/actions/runs/30904950736/job/91982228432
"04.08.26, 11:48:31",91982228437,30904950736,1,Demos Visual Tests,react(3/3)-screenshots-fluent.blue.light,feature/demos-remove-system-js,failure,Run TestCafe tests,https://github.com/DevExpress/DevExtreme/actions/runs/30904950736/job/91982228437
"04.08.26, 11:48:31",91982228443,30904950736,1,Demos Visual Tests,vue(4/5)-screenshots-fluent.blue.light,feature/demos-remove-system-js,failure,Run TestCafe tests,https://github.com/DevExpress/DevExtreme/actions/runs/30904950736/job/91982228443
"04.08.26, 11:48:31",91982228444,30904950736,1,Demos Visual Tests,react(1/3)-screenshots-fluent.blue.light,feature/demos-remove-system-js,failure,,https://github.com/DevExpress/DevExtreme/actions/runs/30904950736/job/91982228444
"04.08.26, 11:48:31",91982228447,30904950736,1,Demos Visual Tests,angular(3/10)-screenshots-fluent.blue.light,feature/demos-remove-system-js,cancelled,Run TestCafe tests,https://github.com/DevExpress/DevExtreme/actions/runs/30904950736/job/91982228447
"04.08.26, 11:48:31",91982228461,30904950736,1,Demos Visual Tests,angular(1/10)-screenshots-fluent.blue.light,feature/demos-remove-system-js,cancelled,Run TestCafe tests,https://github.com/DevExpress/DevExtreme/actions/runs/30904950736/job/91982228461
"04.08.26, 11:48:31",91982228488,30904950736,1,Demos Visual Tests,angular(9/10)-screenshots-fluent.blue.light,feature/demos-remove-system-js,cancelled,Run TestCafe tests,https://github.com/DevExpress/DevExtreme/actions/runs/30904950736/job/91982228488
"04.08.26, 11:48:31",91982228498,30904950736,1,Demos Visual Tests,angular(2/10)-screenshots-fluent.blue.light,feature/demos-remove-system-js,failure,,https://github.com/DevExpress/DevExtreme/actions/runs/30904950736/job/91982228498
"04.08.26, 11:48:31",91982228508,30904950736,1,Demos Visual Tests,angular(7/10)-screenshots-fluent.blue.light,feature/demos-remove-system-js,cancelled,Run TestCafe tests,https://github.com/DevExpress/DevExtreme/actions/runs/30904950736/job/91982228508
"04.08.26, 11:48:31",91982228526,30904950736,1,Demos Visual Tests,react(2/3)-screenshots-fluent.blue.light,feature/demos-remove-system-js,failure,,https://github.com/DevExpress/DevExtreme/actions/runs/30904950736/job/91982228526
"04.08.26, 11:48:31",91982228535,30904950736,1,Demos Visual Tests,angular(10/10)-screenshots-fluent.blue.light,feature/demos-remove-system-js,failure,,https://github.com/DevExpress/DevExtreme/actions/runs/30904950736/job/91982228535
"04.08.26, 11:48:31",91982228555,30904950736,1,Demos Visual Tests,angular(8/10)-screenshots-fluent.blue.light,feature/demos-remove-system-js,failure,,https://github.com/DevExpress/DevExtreme/actions/runs/30904950736/job/91982228555
"04.08.26, 11:48:31",91982228568,30904950736,1,Demos Visual Tests,angular(5/10)-screenshots-fluent.blue.light,feature/demos-remove-system-js,cancelled,Run TestCafe tests,https://github.com/DevExpress/DevExtreme/actions/runs/30904950736/job/91982228568
"04.08.26, 11:30:40",91978237531,30904405331,1,Demos Visual Tests,jquery(2/3)-screenshots-material.blue.light,chore/filemanager-overview-currentpath,failure,Run TestCafe tests (jQuery),https://github.com/DevExpress/DevExtreme/actions/runs/30904405331/job/91978237531
"04.08.26, 11:30:40",91978237582,30904405331,1,Demos Visual Tests,jquery(2/3)-screenshots-fluent.blue.light,chore/filemanager-overview-currentpath,failure,Run TestCafe tests (jQuery),https://github.com/DevExpress/DevExtreme/actions/runs/30904405331/job/91978237582
"04.08.26, 11:38:03",91979868679,30904405331,1,Demos Visual Tests,angular-screenshots-fluent.blue.light,chore/filemanager-overview-currentpath,failure,Run TestCafe tests,https://github.com/DevExpress/DevExtreme/actions/runs/30904405331/job/91979868679
"04.08.26, 11:38:03",91979868699,30904405331,1,Demos Visual Tests,vue-screenshots-fluent.blue.light,chore/filemanager-overview-currentpath,failure,Run TestCafe tests,https://github.com/DevExpress/DevExtreme/actions/runs/30904405331/job/91979868699
"04.08.26, 11:38:03",91979868701,30904405331,1,Demos Visual Tests,react-screenshots-fluent.blue.light,chore/filemanager-overview-currentpath,failure,Run TestCafe tests,https://github.com/DevExpress/DevExtreme/actions/runs/30904405331/job/91979868701
"04.08.26, 11:20:01",91975891016,30903265293,1,Demos Visual Tests,angular(5/10)-screenshots-fluent.blue.light,tribe-duty-3,failure,,https://github.com/DevExpress/DevExtreme/actions/runs/30903265293/job/91975891016
"04.08.26, 11:03:46",91972218278,30902166338,1,Demos Visual Tests,merge-artifacts,qunit_fluent_mics_main,cancelled,,https://github.com/DevExpress/DevExtreme/actions/runs/30902166338/job/91972218278
"04.08.26, 10:54:00",91969973943,30901498758,1,Demos Visual Tests,angular(10/10)-screenshots-fluent.blue.light,gh-readonly-queue/main/pr-34631-b0da5d9c7d2262d73f7035749293ee2b26e62006,failure,Run TestCafe tests,https://github.com/DevExpress/DevExtreme/actions/runs/30901498758/job/91969973943
"04.08.26, 09:32:35",91951434672,30895986018,1,Demos Visual Tests,CSP check (Angular 2/3),gh-readonly-queue/main/pr-34595-9da33a7c44fa7c253972a48483f56346215a5a0f,failure,,https://github.com/DevExpress/DevExtreme/actions/runs/30895986018/job/91951434672
"04.08.26, 09:32:35",91951434750,30895986018,1,Demos Visual Tests,CSP check (Vue 2/2),gh-readonly-queue/main/pr-34595-9da33a7c44fa7c253972a48483f56346215a5a0f,failure,,https://github.com/DevExpress/DevExtreme/actions/runs/30895986018/job/91951434750
"04.08.26, 09:29:51",91950769040,30895416192,1,Demos Visual Tests,angular(1/10)-screenshots-fluent.blue.light,gh-readonly-queue/main/pr-34606-4ad24470c2df2bb6be24ea10a55928e0dd9c671b,failure,,https://github.com/DevExpress/DevExtreme/actions/runs/30895416192/job/91950769040
"04.08.26, 09:09:37",91945960953,30893433204,1,Demos Visual Tests,Check generated demos,26_2_editor_typing,cancelled,,https://github.com/DevExpress/DevExtreme/actions/runs/30893433204/job/91945960953
"04.08.26, 09:09:37",91945961155,30893433204,1,Demos Visual Tests,Check TS and lint code base,26_2_editor_typing,cancelled,,https://github.com/DevExpress/DevExtreme/actions/runs/30893433204/job/91945961155
"04.08.26, 09:09:37",91945961560,30893433204,1,Demos Visual Tests,Check generated demos (changed only),26_2_editor_typing,cancelled,,https://github.com/DevExpress/DevExtreme/actions/runs/30893433204/job/91945961560
"04.08.26, 09:09:37",91945961632,30893433204,1,Demos Visual Tests,Build Demos Bundles,26_2_editor_typing,cancelled,,https://github.com/DevExpress/DevExtreme/actions/runs/30893433204/job/91945961632
"04.08.26, 09:09:37",91945961674,30893433204,1,Demos Visual Tests,${{ matrix.CONSTEL }}-screenshots-${{ matrix.THEME }},26_2_editor_typing,cancelled,,https://github.com/DevExpress/DevExtreme/actions/runs/30893433204/job/91945961674
"04.08.26, 09:09:37",91945961724,30893433204,1,Demos Visual Tests,"matrix.SHARD_TOTAL == 1 && format('CSP check ({0})', matrix.FRAMEWORK) || format('CSP check ({0} {1}/{2})', matrix.FRAMEWORK, matrix.SHARD_INDEX, matrix.SHARD_TOTAL)",26_2_editor_typing,cancelled,,https://github.com/DevExpress/DevExtreme/actions/runs/30893433204/job/91945961724
"04.08.26, 09:09:37",91945962114,30893433204,1,Demos Visual Tests,${{ matrix.CONSTEL }}-screenshots-${{ matrix.THEME }},26_2_editor_typing,cancelled,,https://github.com/DevExpress/DevExtreme/actions/runs/30893433204/job/91945962114
"04.08.26, 09:19:55",91948427151,30893433204,1,Demos Visual Tests,merge-artifacts,26_2_editor_typing,cancelled,,https://github.com/DevExpress/DevExtreme/actions/runs/30893433204/job/91948427151
"04.08.26, 08:21:58",91934855911,30891629895,1,Demos Visual Tests,Build DevExtreme,gh-readonly-queue/main/pr-34311-652f5611ef53071673a1d172486ed59a83d1c580,failure,,https://github.com/DevExpress/DevExtreme/actions/runs/30891629895/job/91934855911
"04.08.26, 08:41:30",91939320279,30891628744,1,Demos Visual Tests,CSP check (React 1/2),gh-readonly-queue/main/pr-34610-835e19277356f747f819151ee5e9bd23d928d5ed,failure,,https://github.com/DevExpress/DevExtreme/actions/runs/30891628744/job/91939320279
"04.08.26, 08:41:30",91939320289,30891628744,1,Demos Visual Tests,CSP check (jQuery),gh-readonly-queue/main/pr-34610-835e19277356f747f819151ee5e9bd23d928d5ed,failure,,https://github.com/DevExpress/DevExtreme/actions/runs/30891628744/job/91939320289
"04.08.26, 08:41:30",91939320348,30891628744,1,Demos Visual Tests,CSP check (Angular 3/3),gh-readonly-queue/main/pr-34610-835e19277356f747f819151ee5e9bd23d928d5ed,failure,,https://github.com/DevExpress/DevExtreme/actions/runs/30891628744/job/91939320348
"04.08.26, 08:41:30",91939320361,30891628744,1,Demos Visual Tests,CSP check (Vue 1/2),gh-readonly-queue/main/pr-34610-835e19277356f747f819151ee5e9bd23d928d5ed,failure,,https://github.com/DevExpress/DevExtreme/actions/runs/30891628744/job/91939320361
"04.08.26, 09:45:15",91954414614,30890984161,1,Demos Visual Tests,CSP check (Angular 1/3),feature/demos-remove-system-js,cancelled,Run CSP Check,https://github.com/DevExpress/DevExtreme/actions/runs/30890984161/job/91954414614
"04.08.26, 09:45:15",91954414633,30890984161,1,Demos Visual Tests,CSP check (Vue 1/2),feature/demos-remove-system-js,cancelled,Run CSP Check,https://github.com/DevExpress/DevExtreme/actions/runs/30890984161/job/91954414633
"04.08.26, 09:45:15",91954414658,30890984161,1,Demos Visual Tests,CSP check (React 1/2),feature/demos-remove-system-js,cancelled,Run CSP Check,https://github.com/DevExpress/DevExtreme/actions/runs/30890984161/job/91954414658
"04.08.26, 09:45:15",91954414671,30890984161,1,Demos Visual Tests,CSP check (Vue 2/2),feature/demos-remove-system-js,cancelled,Run CSP Check,https://github.com/DevExpress/DevExtreme/actions/runs/30890984161/job/91954414671
"04.08.26, 09:45:15",91954414705,30890984161,1,Demos Visual Tests,CSP check (React 2/2),feature/demos-remove-system-js,cancelled,Run CSP Check,https://github.com/DevExpress/DevExtreme/actions/runs/30890984161/job/91954414705
"04.08.26, 09:45:15",91954414724,30890984161,1,Demos Visual Tests,CSP check (Angular 2/3),feature/demos-remove-system-js,cancelled,Run CSP Check,https://github.com/DevExpress/DevExtreme/actions/runs/30890984161/job/91954414724
"04.08.26, 09:45:15",91954414732,30890984161,1,Demos Visual Tests,CSP check (Angular 3/3),feature/demos-remove-system-js,cancelled,Run CSP Check,https://github.com/DevExpress/DevExtreme/actions/runs/30890984161/job/91954414732
"04.08.26, 09:50:02",91955514152,30890984161,1,Demos Visual Tests,react-screenshots-fluent.blue.light,feature/demos-remove-system-js,cancelled,Run TestCafe tests,https://github.com/DevExpress/DevExtreme/actions/runs/30890984161/job/91955514152
"04.08.26, 09:50:02",91955514170,30890984161,1,Demos Visual Tests,vue-screenshots-fluent.blue.light,feature/demos-remove-system-js,cancelled,Run TestCafe tests,https://github.com/DevExpress/DevExtreme/actions/runs/30890984161/job/91955514170
"04.08.26, 09:50:02",91955514296,30890984161,1,Demos Visual Tests,angular-screenshots-fluent.blue.light,feature/demos-remove-system-js,cancelled,Run TestCafe tests,https://github.com/DevExpress/DevExtreme/actions/runs/30890984161/job/91955514296
"04.08.26, 09:06:09",91945127826,30889892897,1,Demos Visual Tests,angular(6/10)-screenshots-fluent.blue.light,gh-readonly-queue/main/pr-34311-dc0047343bee9d4c2a58487c9a8c210307ed08b4,failure,,https://github.com/DevExpress/DevExtreme/actions/runs/30889892897/job/91945127826
"04.08.26, 09:09:55",91946035868,30885576865,1,Demos Visual Tests,angular(8/10)-screenshots-fluent.blue.light,gh-readonly-queue/main/pr-34610-f92981095836a1933a502fe08e8a385e16349587,failure,,https://github.com/DevExpress/DevExtreme/actions/runs/30885576865/job/91946035868
"04.08.26, 08:34:54",91937806468,30885300236,1,Demos Visual Tests,Check TS and lint code base,qunit_fluent_part_4_26_1,cancelled,,https://github.com/DevExpress/DevExtreme/actions/runs/30885300236/job/91937806468
"04.08.26, 08:34:54",91937806663,30885300236,1,Demos Visual Tests,Check generated demos,qunit_fluent_part_4_26_1,cancelled,,https://github.com/DevExpress/DevExtreme/actions/runs/30885300236/job/91937806663
"04.08.26, 08:34:54",91937806932,30885300236,1,Demos Visual Tests,Build Demos Bundles,qunit_fluent_part_4_26_1,cancelled,,https://github.com/DevExpress/DevExtreme/actions/runs/30885300236/job/91937806932
"04.08.26, 08:34:54",91937806987,30885300236,1,Demos Visual Tests,"matrix.SHARD_TOTAL == 1 && format('CSP check ({0})', matrix.FRAMEWORK) || format('CSP check ({0} {1}/{2})', matrix.FRAMEWORK, matrix.SHARD_INDEX, matrix.SHARD_TOTAL)",qunit_fluent_part_4_26_1,cancelled,,https://github.com/DevExpress/DevExtreme/actions/runs/30885300236/job/91937806987
"04.08.26, 08:34:54",91937807049,30885300236,1,Demos Visual Tests,Check generated demos (changed only),qunit_fluent_part_4_26_1,cancelled,,https://github.com/DevExpress/DevExtreme/actions/runs/30885300236/job/91937807049
"04.08.26, 08:34:54",91937807212,30885300236,1,Demos Visual Tests,${{ matrix.CONSTEL }}-screenshots-${{ matrix.THEME }},qunit_fluent_part_4_26_1,cancelled,,https://github.com/DevExpress/DevExtreme/actions/runs/30885300236/job/91937807212
"04.08.26, 08:34:54",91937807372,30885300236,1,Demos Visual Tests,${{ matrix.CONSTEL }}-screenshots-${{ matrix.THEME }},qunit_fluent_part_4_26_1,cancelled,,https://github.com/DevExpress/DevExtreme/actions/runs/30885300236/job/91937807372
"04.08.26, 08:45:03",91940121724,30885300236,1,Demos Visual Tests,merge-artifacts,qunit_fluent_part_4_26_1,cancelled,,https://github.com/DevExpress/DevExtreme/actions/runs/30885300236/job/91940121724
"04.08.26, 08:34:46",91937776736,30885300271,1,Demos Visual Tests,"matrix.SHARD_TOTAL == 1 && format('CSP check ({0})', matrix.FRAMEWORK) || format('CSP check ({0} {1}/{2})', matrix.FRAMEWORK, matrix.SHARD_INDEX, matrix.SHARD_TOTAL)",qunit_fluent_part_4_26_2,cancelled,,https://github.com/DevExpress/DevExtreme/actions/runs/30885300271/job/91937776736
"04.08.26, 08:34:46",91937776807,30885300271,1,Demos Visual Tests,Check TS and lint code base,qunit_fluent_part_4_26_2,cancelled,,https://github.com/DevExpress/DevExtreme/actions/runs/30885300271/job/91937776807
"04.08.26, 08:34:46",91937776929,30885300271,1,Demos Visual Tests,Check generated demos (changed only),qunit_fluent_part_4_26_2,cancelled,,https://github.com/DevExpress/DevExtreme/actions/runs/30885300271/job/91937776929
"04.08.26, 08:34:46",91937777117,30885300271,1,Demos Visual Tests,Build Demos Bundles,qunit_fluent_part_4_26_2,cancelled,,https://github.com/DevExpress/DevExtreme/actions/runs/30885300271/job/91937777117
"04.08.26, 08:34:46",91937777130,30885300271,1,Demos Visual Tests,Check generated demos,qunit_fluent_part_4_26_2,cancelled,,https://github.com/DevExpress/DevExtreme/actions/runs/30885300271/job/91937777130
"04.08.26, 08:34:46",91937777443,30885300271,1,Demos Visual Tests,${{ matrix.CONSTEL }}-screenshots-${{ matrix.THEME }},qunit_fluent_part_4_26_2,cancelled,,https://github.com/DevExpress/DevExtreme/actions/runs/30885300271/job/91937777443
"04.08.26, 08:34:46",91937777904,30885300271,1,Demos Visual Tests,${{ matrix.CONSTEL }}-screenshots-${{ matrix.THEME }},qunit_fluent_part_4_26_2,cancelled,,https://github.com/DevExpress/DevExtreme/actions/runs/30885300271/job/91937777904
"04.08.26, 08:49:03",91941038075,30885300271,1,Demos Visual Tests,merge-artifacts,qunit_fluent_part_4_26_2,cancelled,,https://github.com/DevExpress/DevExtreme/actions/runs/30885300271/job/91941038075
"04.08.26, 21:57:15",92144144477,30954299204,1,Wrappers Tests,test (react),feature/scheduler-multilevel-grouping/demo,cancelled,Test react,https://github.com/DevExpress/DevExtreme/actions/runs/30954299204/job/92144144477
"04.08.26, 21:57:15",92144144485,30954299204,1,Wrappers Tests,test (angular),feature/scheduler-multilevel-grouping/demo,cancelled,Pack angular,https://github.com/DevExpress/DevExtreme/actions/runs/30954299204/job/92144144485
"04.08.26, 21:57:15",92144144533,30954299204,1,Wrappers Tests,test (vue),feature/scheduler-multilevel-grouping/demo,cancelled,Pack vue,https://github.com/DevExpress/DevExtreme/actions/runs/30954299204/job/92144144533
"04.08.26, 17:20:47",92073642185,30933315584,1,Wrappers Tests,test (vue),feature/scheduler-multilevel-grouping/demo,cancelled,,https://github.com/DevExpress/DevExtreme/actions/runs/30933315584/job/92073642185
"04.08.26, 17:15:03",92072144087,30933025709,1,Wrappers Tests,build,26_2_js_to_ts,failure,Build devextreme package,https://github.com/DevExpress/DevExtreme/actions/runs/30933025709/job/92072144087
"04.08.26, 16:22:26",92057946909,30928805320,1,Wrappers Tests,check-regenerate,tribe-duty-3_25_2,failure,Generate wrappers,https://github.com/DevExpress/DevExtreme/actions/runs/30928805320/job/92057946909
"04.08.26, 16:29:43",92059925319,30928805320,1,Wrappers Tests,test (angular),tribe-duty-3_25_2,cancelled,Test angular,https://github.com/DevExpress/DevExtreme/actions/runs/30928805320/job/92059925319
"04.08.26, 14:59:39",92034083294,30921303333,1,Wrappers Tests,test (react),fix/datagrid-paging-pageindex-option-sync-26_2,cancelled,Test react,https://github.com/DevExpress/DevExtreme/actions/runs/30921303333/job/92034083294
"04.08.26, 14:59:39",92034083351,30921303333,1,Wrappers Tests,test (vue),fix/datagrid-paging-pageindex-option-sync-26_2,cancelled,Test vue,https://github.com/DevExpress/DevExtreme/actions/runs/30921303333/job/92034083351
"04.08.26, 14:59:39",92034083365,30921303333,1,Wrappers Tests,test (angular),fix/datagrid-paging-pageindex-option-sync-26_2,cancelled,Test angular,https://github.com/DevExpress/DevExtreme/actions/runs/30921303333/job/92034083365
"04.08.26, 13:20:57",92005294670,30913366577,1,Wrappers Tests,check-regenerate,tribe-duty-3_25_2,failure,Generate wrappers,https://github.com/DevExpress/DevExtreme/actions/runs/30913366577/job/92005294670
"04.08.26, 12:46:05",91995982855,30910563239,1,Wrappers Tests,check-regenerate,tribe-duty-3_25_2,failure,Generate wrappers,https://github.com/DevExpress/DevExtreme/actions/runs/30910563239/job/91995982855
"04.08.26, 12:11:54",91987643983,30908028529,1,Wrappers Tests,check-regenerate,stabilize_tests_26_2,cancelled,Install dependencies,https://github.com/DevExpress/DevExtreme/actions/runs/30908028529/job/91987643983
"04.08.26, 12:11:54",91987644031,30908028529,1,Wrappers Tests,build,stabilize_tests_26_2,cancelled,Install dependencies,https://github.com/DevExpress/DevExtreme/actions/runs/30908028529/job/91987644031
"04.08.26, 12:14:03",91988159871,30908028529,1,Wrappers Tests,test,stabilize_tests_26_2,cancelled,,https://github.com/DevExpress/DevExtreme/actions/runs/30908028529/job/91988159871
"04.08.26, 10:54:09",91970008692,30902166331,1,Wrappers Tests,test (angular),qunit_fluent_mics_main,cancelled,Install dependencies,https://github.com/DevExpress/DevExtreme/actions/runs/30902166331/job/91970008692
"04.08.26, 10:54:09",91970008719,30902166331,1,Wrappers Tests,test (react),qunit_fluent_mics_main,cancelled,Install dependencies,https://github.com/DevExpress/DevExtreme/actions/runs/30902166331/job/91970008719
"04.08.26, 10:54:09",91970008787,30902166331,1,Wrappers Tests,test (vue),qunit_fluent_mics_main,cancelled,Install dependencies,https://github.com/DevExpress/DevExtreme/actions/runs/30902166331/job/91970008787
"04.08.26, 09:29:07",91950595059,30896092802,1,Wrappers Tests,test (angular),26_1,cancelled,Test angular,https://github.com/DevExpress/DevExtreme/actions/runs/30896092802/job/91950595059
"04.08.26, 09:29:07",91950595095,30896092802,1,Wrappers Tests,test (vue),26_1,cancelled,Test vue,https://github.com/DevExpress/DevExtreme/actions/runs/30896092802/job/91950595095
"04.08.26, 09:29:07",91950595426,30896092802,1,Wrappers Tests,test (react),26_1,cancelled,,https://github.com/DevExpress/DevExtreme/actions/runs/30896092802/job/91950595426
"04.08.26, 08:57:01",91942894249,30894139453,1,Wrappers Tests,build,26_2_editor_typing,cancelled,,https://github.com/DevExpress/DevExtreme/actions/runs/30894139453/job/91942894249
"04.08.26, 08:57:01",91942894274,30894139453,1,Wrappers Tests,check-regenerate,26_2_editor_typing,cancelled,,https://github.com/DevExpress/DevExtreme/actions/runs/30894139453/job/91942894274
"04.08.26, 09:03:32",91944487560,30894139453,1,Wrappers Tests,test,26_2_editor_typing,cancelled,,https://github.com/DevExpress/DevExtreme/actions/runs/30894139453/job/91944487560
"04.08.26, 08:47:13",91940619113,30893431644,1,Wrappers Tests,build,26_2_editor_typing,cancelled,,https://github.com/DevExpress/DevExtreme/actions/runs/30893431644/job/91940619113
"04.08.26, 08:47:13",91940619184,30893431644,1,Wrappers Tests,check-regenerate,26_2_editor_typing,cancelled,,https://github.com/DevExpress/DevExtreme/actions/runs/30893431644/job/91940619184
"04.08.26, 08:57:01",91942892834,30893431644,1,Wrappers Tests,test,26_2_editor_typing,cancelled,,https://github.com/DevExpress/DevExtreme/actions/runs/30893431644/job/91942892834
"04.08.26, 08:08:32",91931822830,30890702095,1,Wrappers Tests,build,feature/demos-remove-system-js,cancelled,,https://github.com/DevExpress/DevExtreme/actions/runs/30890702095/job/91931822830
"04.08.26, 08:08:32",91931822945,30890702095,1,Wrappers Tests,check-regenerate,feature/demos-remove-system-js,cancelled,,https://github.com/DevExpress/DevExtreme/actions/runs/30890702095/job/91931822945
"04.08.26, 08:12:33",91932738388,30890702095,1,Wrappers Tests,test,feature/demos-remove-system-js,cancelled,,https://github.com/DevExpress/DevExtreme/actions/runs/30890702095/job/91932738388
"04.08.26, 08:36:06",91938081253,30885310209,1,Wrappers Tests,test (angular),gh-readonly-queue/main/pr-34311-8a8d3a95d2a243fccffabef6c028eb6d29be6837,failure,,https://github.com/DevExpress/DevExtreme/actions/runs/30885310209/job/91938081253
"04.08.26, 06:48:15",91915074686,30885300223,1,Wrappers Tests,check-regenerate,qunit_fluent_part_4_26_2,cancelled,,https://github.com/DevExpress/DevExtreme/actions/runs/30885300223/job/91915074686
"04.08.26, 06:48:15",91915074759,30885300223,1,Wrappers Tests,build,qunit_fluent_part_4_26_2,cancelled,,https://github.com/DevExpress/DevExtreme/actions/runs/30885300223/job/91915074759
"04.08.26, 07:58:29",91929551449,30885300223,1,Wrappers Tests,test,qunit_fluent_part_4_26_2,cancelled,,https://github.com/DevExpress/DevExtreme/actions/runs/30885300223/job/91929551449
"04.08.26, 06:48:14",91915073786,30885300104,1,Wrappers Tests,build,qunit_fluent_part_4_26_1,cancelled,,https://github.com/DevExpress/DevExtreme/actions/runs/30885300104/job/91915073786
"04.08.26, 06:48:14",91915073907,30885300104,1,Wrappers Tests,check-regenerate,qunit_fluent_part_4_26_1,cancelled,,https://github.com/DevExpress/DevExtreme/actions/runs/30885300104/job/91915073907
"04.08.26, 07:58:47",91929616408,30885300104,1,Wrappers Tests,test,qunit_fluent_part_4_26_1,cancelled,,https://github.com/DevExpress/DevExtreme/actions/runs/30885300104/job/91929616408
"04.08.26, 21:59:13",92144571450,30954299136,1,Wrappers E2E Tests,Test vue3,feature/scheduler-multilevel-grouping/demo,cancelled,Setup Chrome,https://github.com/DevExpress/DevExtreme/actions/runs/30954299136/job/92144571450
"04.08.26, 21:59:13",92144571458,30954299136,1,Wrappers E2E Tests,Test react19,feature/scheduler-multilevel-grouping/demo,cancelled,Setup Chrome,https://github.com/DevExpress/DevExtreme/actions/runs/30954299136/job/92144571458
"04.08.26, 21:59:13",92144571459,30954299136,1,Wrappers E2E Tests,Test angular,feature/scheduler-multilevel-grouping/demo,cancelled,Setup Chrome,https://github.com/DevExpress/DevExtreme/actions/runs/30954299136/job/92144571459
"04.08.26, 20:54:57",92129512280,30950030566,1,Wrappers E2E Tests,Build DevExtreme and Wrappers,feature/scheduler-multilevel-grouping/demo,cancelled,,https://github.com/DevExpress/DevExtreme/actions/runs/30950030566/job/92129512280
"04.08.26, 21:08:10",92132833700,30950030566,1,Wrappers E2E Tests,Test ${{ matrix.framework }},feature/scheduler-multilevel-grouping/demo,cancelled,,https://github.com/DevExpress/DevExtreme/actions/runs/30950030566/job/92132833700
"04.08.26, 17:50:13",92081338950,30935749935,1,Wrappers E2E Tests,Build DevExtreme and Wrappers,tribe-duty-3_25_2,failure,Build all DevExtreme packages,https://github.com/DevExpress/DevExtreme/actions/runs/30935749935/job/92081338950
"04.08.26, 17:19:00",92073177717,30933332877,1,Wrappers E2E Tests,Build DevExtreme and Wrappers,tribe-duty-3_25_2,failure,Build all DevExtreme packages,https://github.com/DevExpress/DevExtreme/actions/runs/30933332877/job/92073177717
"04.08.26, 17:15:03",92072144969,30933026032,1,Wrappers E2E Tests,Build DevExtreme and Wrappers,26_2_js_to_ts,failure,Build all DevExtreme packages,https://github.com/DevExpress/DevExtreme/actions/runs/30933026032/job/92072144969
"04.08.26, 17:01:28",92068527013,30931939923,1,Wrappers E2E Tests,Build DevExtreme and Wrappers,tribe-duty-3_25_2,failure,Build all DevExtreme packages,https://github.com/DevExpress/DevExtreme/actions/runs/30931939923/job/92068527013
"04.08.26, 16:22:25",92057941644,30928803718,1,Wrappers E2E Tests,Build DevExtreme and Wrappers,tribe-duty-3_25_2,failure,Build all DevExtreme packages,https://github.com/DevExpress/DevExtreme/actions/runs/30928803718/job/92057941644
"04.08.26, 14:53:46",92032319237,30921303981,1,Wrappers E2E Tests,Build DevExtreme and Wrappers,fix/datagrid-paging-pageindex-option-sync-26_2,cancelled,Build all DevExtreme packages,https://github.com/DevExpress/DevExtreme/actions/runs/30921303981/job/92032319237
"04.08.26, 15:01:52",92034766315,30921303981,1,Wrappers E2E Tests,Test ${{ matrix.framework }},fix/datagrid-paging-pageindex-option-sync-26_2,cancelled,,https://github.com/DevExpress/DevExtreme/actions/runs/30921303981/job/92034766315
"04.08.26, 13:20:57",92005295169,30913366688,1,Wrappers E2E Tests,Build DevExtreme and Wrappers,tribe-duty-3_25_2,failure,Build all DevExtreme packages,https://github.com/DevExpress/DevExtreme/actions/runs/30913366688/job/92005295169
"04.08.26, 12:46:04",91995980354,30910562445,1,Wrappers E2E Tests,Build DevExtreme and Wrappers,tribe-duty-3_25_2,failure,Build all DevExtreme packages,https://github.com/DevExpress/DevExtreme/actions/runs/30910562445/job/91995980354
"04.08.26, 12:11:54",91987642271,30908028032,1,Wrappers E2E Tests,Build DevExtreme and Wrappers,stabilize_tests_26_2,cancelled,Build all DevExtreme packages,https://github.com/DevExpress/DevExtreme/actions/runs/30908028032/job/91987642271
"04.08.26, 12:14:09",91988182056,30908028032,1,Wrappers E2E Tests,Test ${{ matrix.framework }},stabilize_tests_26_2,cancelled,,https://github.com/DevExpress/DevExtreme/actions/runs/30908028032/job/91988182056
"04.08.26, 10:48:26",91968757657,30902166317,1,Wrappers E2E Tests,Build DevExtreme and Wrappers,qunit_fluent_mics_main,cancelled,Build all DevExtreme packages,https://github.com/DevExpress/DevExtreme/actions/runs/30902166317/job/91968757657
"04.08.26, 10:55:18",91970269439,30902166317,1,Wrappers E2E Tests,Test ${{ matrix.framework }},qunit_fluent_mics_main,cancelled,,https://github.com/DevExpress/DevExtreme/actions/runs/30902166317/job/91970269439
"04.08.26, 08:57:01",91942893616,30894139300,1,Wrappers E2E Tests,Build DevExtreme and Wrappers,26_2_editor_typing,cancelled,,https://github.com/DevExpress/DevExtreme/actions/runs/30894139300/job/91942893616
"04.08.26, 09:03:31",91944486841,30894139300,1,Wrappers E2E Tests,Test ${{ matrix.framework }},26_2_editor_typing,cancelled,,https://github.com/DevExpress/DevExtreme/actions/runs/30894139300/job/91944486841
"04.08.26, 08:47:13",91940621133,30893432313,1,Wrappers E2E Tests,Build DevExtreme and Wrappers,26_2_editor_typing,cancelled,,https://github.com/DevExpress/DevExtreme/actions/runs/30893432313/job/91940621133
"04.08.26, 08:57:01",91942892565,30893432313,1,Wrappers E2E Tests,Test ${{ matrix.framework }},26_2_editor_typing,cancelled,,https://github.com/DevExpress/DevExtreme/actions/runs/30893432313/job/91942892565
"04.08.26, 08:08:33",91931827019,30890703978,1,Wrappers E2E Tests,Build DevExtreme and Wrappers,feature/demos-remove-system-js,cancelled,,https://github.com/DevExpress/DevExtreme/actions/runs/30890703978/job/91931827019
"04.08.26, 08:12:33",91932735905,30890703978,1,Wrappers E2E Tests,Test ${{ matrix.framework }},feature/demos-remove-system-js,cancelled,,https://github.com/DevExpress/DevExtreme/actions/runs/30890703978/job/91932735905
"04.08.26, 06:48:14",91915073806,30885300227,1,Wrappers E2E Tests,Build DevExtreme and Wrappers,qunit_fluent_part_4_26_2,cancelled,,https://github.com/DevExpress/DevExtreme/actions/runs/30885300227/job/91915073806
"04.08.26, 07:58:29",91929550152,30885300227,1,Wrappers E2E Tests,Test ${{ matrix.framework }},qunit_fluent_part_4_26_2,cancelled,,https://github.com/DevExpress/DevExtreme/actions/runs/30885300227/job/91929550152
"04.08.26, 06:48:14",91915074166,30885300060,1,Wrappers E2E Tests,Build DevExtreme and Wrappers,qunit_fluent_part_4_26_1,cancelled,,https://github.com/DevExpress/DevExtreme/actions/runs/30885300060/job/91915074166
"04.08.26, 07:58:48",91929618965,30885300060,1,Wrappers E2E Tests,Test ${{ matrix.framework }},qunit_fluent_part_4_26_1,cancelled,,https://github.com/DevExpress/DevExtreme/actions/runs/30885300060/job/91929618965
"04.08.26, 06:48:15",91915075483,30885300051,1,Wrappers E2E Tests,Build DevExtreme and Wrappers,qunit_fluent_part_4_25_2,cancelled,,https://github.com/DevExpress/DevExtreme/actions/runs/30885300051/job/91915075483
"04.08.26, 07:59:00",91929663579,30885300051,1,Wrappers E2E Tests,Test ${{ matrix.framework }},qunit_fluent_part_4_25_2,cancelled,,https://github.com/DevExpress/DevExtreme/actions/runs/30885300051/job/91929663579
"04.08.26, 06:39:48",91913489986,30884783973,1,Wrappers E2E Tests,Build DevExtreme and Wrappers,qunit_fluent_part_4_25_2,cancelled,,https://github.com/DevExpress/DevExtreme/actions/runs/30884783973/job/91913489986
"04.08.26, 06:48:15",91915074958,30884783973,1,Wrappers E2E Tests,Test ${{ matrix.framework }},qunit_fluent_part_4_25_2,cancelled,,https://github.com/DevExpress/DevExtreme/actions/runs/30884783973/job/91915074958
