created at,id,run id,run attempt,workflow name,name,head branch,conclusion,step,html url
"24.09.26, 14:18:02",107674044035,36011692304,1,Build and pack DevExtreme npm packages,build,lavrov/stop-wrappers-generation,cancelled,Build npm packages,https://github.com/DevExpress/DevExtreme/actions/runs/36011692304/job/107674044035
"24.09.26, 14:20:20",107675005837,36011692304,1,Build and pack DevExtreme npm packages,custom_bundles,lavrov/stop-wrappers-generation,cancelled,,https://github.com/DevExpress/DevExtreme/actions/runs/36011692304/job/107675005837
"24.09.26, 14:09:42",107670556039,36010760318,1,Build and pack DevExtreme npm packages,build,lavrov/stop-wrappers-generation,cancelled,Build npm packages,https://github.com/DevExpress/DevExtreme/actions/runs/36010760318/job/107670556039
"24.09.26, 14:18:02",107674042224,36010760318,1,Build and pack DevExtreme npm packages,custom_bundles,lavrov/stop-wrappers-generation,cancelled,,https://github.com/DevExpress/DevExtreme/actions/runs/36010760318/job/107674042224
"24.09.26, 12:23:17",107629839057,35998596686,1,Build and pack DevExtreme npm packages,build,lavrov/stop-wrappers-generation,cancelled,Build npm packages,https://github.com/DevExpress/DevExtreme/actions/runs/35998596686/job/107629839057
"24.09.26, 12:27:35",107631330492,35998596686,1,Build and pack DevExtreme npm packages,custom_bundles,lavrov/stop-wrappers-generation,cancelled,,https://github.com/DevExpress/DevExtreme/actions/runs/35998596686/job/107631330492
"24.09.26, 12:19:26",107628515831,35998255586,1,Build and pack DevExtreme npm packages,build,lavrov/stop-wrappers-generation,cancelled,Build npm packages,https://github.com/DevExpress/DevExtreme/actions/runs/35998255586/job/107628515831
"24.09.26, 12:23:17",107629838697,35998255586,1,Build and pack DevExtreme npm packages,custom_bundles,lavrov/stop-wrappers-generation,cancelled,,https://github.com/DevExpress/DevExtreme/actions/runs/35998255586/job/107629838697
"24.09.26, 12:11:07",107625692120,35997458228,1,Build and pack DevExtreme npm packages,build,lavrov/stop-wrappers-generation,cancelled,Build npm packages,https://github.com/DevExpress/DevExtreme/actions/runs/35997458228/job/107625692120
"24.09.26, 12:19:26",107628514856,35997458228,1,Build and pack DevExtreme npm packages,custom_bundles,lavrov/stop-wrappers-generation,cancelled,,https://github.com/DevExpress/DevExtreme/actions/runs/35997458228/job/107628514856
"24.09.26, 11:38:38",107615188255,35994208535,1,Build and pack DevExtreme npm packages,build,lavrov/stop-wrappers-generation,cancelled,Build npm packages,https://github.com/DevExpress/DevExtreme/actions/runs/35994208535/job/107615188255
"24.09.26, 11:42:57",107616542006,35994208535,1,Build and pack DevExtreme npm packages,custom_bundles,lavrov/stop-wrappers-generation,cancelled,,https://github.com/DevExpress/DevExtreme/actions/runs/35994208535/job/107616542006
"24.09.26, 11:32:38",107613297018,35993627444,1,Build and pack DevExtreme npm packages,build,feature/scheduler-dst-grid/main,cancelled,Build npm packages,https://github.com/DevExpress/DevExtreme/actions/runs/35993627444/job/107613297018
"24.09.26, 11:49:58",107618784443,35993627444,1,Build and pack DevExtreme npm packages,custom_bundles,feature/scheduler-dst-grid/main,cancelled,,https://github.com/DevExpress/DevExtreme/actions/runs/35993627444/job/107618784443
"24.09.26, 10:48:31",107599494025,35989363199,1,Build and pack DevExtreme npm packages,build,feature/scheduler-dst-grid/main,cancelled,Build npm packages,https://github.com/DevExpress/DevExtreme/actions/runs/35989363199/job/107599494025
"24.09.26, 10:53:50",107601143221,35989363199,1,Build and pack DevExtreme npm packages,custom_bundles,feature/scheduler-dst-grid/main,cancelled,,https://github.com/DevExpress/DevExtreme/actions/runs/35989363199/job/107601143221
"24.09.26, 09:59:06",107584021063,35984536990,1,Build and pack DevExtreme npm packages,build,lavrov/angular-remove-four-space-lines,failure,Install dependencies,https://github.com/DevExpress/DevExtreme/actions/runs/35984536990/job/107584021063
"24.09.26, 09:46:31",107579978862,35983235637,1,Build and pack DevExtreme npm packages,build,26_1,cancelled,Build npm packages,https://github.com/DevExpress/DevExtreme/actions/runs/35983235637/job/107579978862
"24.09.26, 09:51:49",107581690747,35983235637,1,Build and pack DevExtreme npm packages,custom_bundles,26_1,cancelled,,https://github.com/DevExpress/DevExtreme/actions/runs/35983235637/job/107581690747
"24.09.26, 09:44:13",107579221628,35983042617,1,Build and pack DevExtreme npm packages,build,26_1,cancelled,Build npm packages,https://github.com/DevExpress/DevExtreme/actions/runs/35983042617/job/107579221628
"24.09.26, 09:46:30",107579977975,35983042617,1,Build and pack DevExtreme npm packages,custom_bundles,26_1,cancelled,,https://github.com/DevExpress/DevExtreme/actions/runs/35983042617/job/107579977975
"24.09.26, 09:40:03",107577855914,35982519014,1,Build and pack DevExtreme npm packages,build,fix/remove_old_playground_approaches,failure,,https://github.com/DevExpress/DevExtreme/actions/runs/35982519014/job/107577855914
"24.09.26, 09:37:46",107577112129,35982387737,1,Build and pack DevExtreme npm packages,build,fix/remove_old_playground_approaches,cancelled,Build npm packages,https://github.com/DevExpress/DevExtreme/actions/runs/35982387737/job/107577112129
"24.09.26, 09:40:03",107577854493,35982387737,1,Build and pack DevExtreme npm packages,custom_bundles,fix/remove_old_playground_approaches,cancelled,,https://github.com/DevExpress/DevExtreme/actions/runs/35982387737/job/107577854493
"24.09.26, 08:10:58",107549214304,35973743114,1,Build and pack DevExtreme npm packages,build,26_1,cancelled,Install dependencies,https://github.com/DevExpress/DevExtreme/actions/runs/35973743114/job/107549214304
"24.09.26, 08:12:14",107549611919,35973743114,1,Build and pack DevExtreme npm packages,custom_bundles,26_1,cancelled,,https://github.com/DevExpress/DevExtreme/actions/runs/35973743114/job/107549611919
"24.09.26, 01:35:53",107456694429,35942433237,1,CodeQL,Send notifications,24_2,failure,Set up job,https://github.com/DevExpress/DevExtreme/actions/runs/35942433237/job/107456694429
"24.09.26, 01:37:03",107456949411,35942431784,1,CodeQL,Send notifications,25_1,failure,Set up job,https://github.com/DevExpress/DevExtreme/actions/runs/35942431784/job/107456949411
"24.09.26, 12:18:47",107628290901,35998255727,1,Default Workflow,main,lavrov/stop-wrappers-generation,cancelled,,https://github.com/DevExpress/DevExtreme/actions/runs/35998255727/job/107628290901
"24.09.26, 11:38:38",107615188531,35994208515,1,Default Workflow,main,lavrov/stop-wrappers-generation,cancelled,Post Setup nx cache,https://github.com/DevExpress/DevExtreme/actions/runs/35994208515/job/107615188531
"24.09.26, 10:48:31",107599493145,35989363104,1,Default Workflow,main,feature/scheduler-dst-grid/main,cancelled,Run targets,https://github.com/DevExpress/DevExtreme/actions/runs/35989363104/job/107599493145
"24.09.26, 09:59:06",107584021136,35984536949,1,Default Workflow,main,lavrov/angular-remove-four-space-lines,failure,Install dependencies,https://github.com/DevExpress/DevExtreme/actions/runs/35984536949/job/107584021136
"24.09.26, 09:37:46",107577111746,35982387631,1,Default Workflow,main,fix/remove_old_playground_approaches,cancelled,Run targets,https://github.com/DevExpress/DevExtreme/actions/runs/35982387631/job/107577111746
"24.09.26, 09:59:13",107584056128,35984537108,1,Demos unit tests,Run unit tests,lavrov/angular-remove-four-space-lines,failure,Install dependencies,https://github.com/DevExpress/DevExtreme/actions/runs/35984537108/job/107584056128
"24.09.26, 09:37:53",107577150922,35982387571,1,Demos unit tests,Run unit tests,fix/remove_old_playground_approaches,cancelled,Post Setup pnpm cache,https://github.com/DevExpress/DevExtreme/actions/runs/35982387571/job/107577150922
"24.09.26, 15:27:12",107703154543,36020289293,1,Lint,TS,T1329677-25_2-backport,failure,,https://github.com/DevExpress/DevExtreme/actions/runs/36020289293/job/107703154543
"24.09.26, 15:27:12",107703154595,36020289293,1,Lint,JS,T1329677-25_2-backport,failure,,https://github.com/DevExpress/DevExtreme/actions/runs/36020289293/job/107703154595
"24.09.26, 14:17:48",107673950873,36011692489,1,Lint,JS,lavrov/stop-wrappers-generation,cancelled,,https://github.com/DevExpress/DevExtreme/actions/runs/36011692489/job/107673950873
"24.09.26, 14:17:48",107673950879,36011692489,1,Lint,TS,lavrov/stop-wrappers-generation,cancelled,Lint TS,https://github.com/DevExpress/DevExtreme/actions/runs/36011692489/job/107673950879
"24.09.26, 14:21:06",107675329378,36011692489,1,Lint,Send notifications,lavrov/stop-wrappers-generation,cancelled,,https://github.com/DevExpress/DevExtreme/actions/runs/36011692489/job/107675329378
"24.09.26, 14:09:42",107670551671,36010760057,1,Lint,TS,lavrov/stop-wrappers-generation,cancelled,Post Setup pnpm cache,https://github.com/DevExpress/DevExtreme/actions/runs/36010760057/job/107670551671
"24.09.26, 14:17:48",107673948779,36010760057,1,Lint,Send notifications,lavrov/stop-wrappers-generation,cancelled,,https://github.com/DevExpress/DevExtreme/actions/runs/36010760057/job/107673948779
"24.09.26, 12:22:19",107629504019,35998596680,1,Lint,TS,lavrov/stop-wrappers-generation,cancelled,,https://github.com/DevExpress/DevExtreme/actions/runs/35998596680/job/107629504019
"24.09.26, 12:27:11",107631193353,35998596680,1,Lint,Send notifications,lavrov/stop-wrappers-generation,cancelled,,https://github.com/DevExpress/DevExtreme/actions/runs/35998596680/job/107631193353
"24.09.26, 12:19:14",107628446190,35998255697,1,Lint,TS,lavrov/stop-wrappers-generation,cancelled,Lint TS,https://github.com/DevExpress/DevExtreme/actions/runs/35998255697/job/107628446190
"24.09.26, 12:19:14",107628446245,35998255697,1,Lint,JS,lavrov/stop-wrappers-generation,cancelled,Lint JS,https://github.com/DevExpress/DevExtreme/actions/runs/35998255697/job/107628446245
"24.09.26, 12:22:19",107629501213,35998255697,1,Lint,Send notifications,lavrov/stop-wrappers-generation,cancelled,,https://github.com/DevExpress/DevExtreme/actions/runs/35998255697/job/107629501213
"24.09.26, 12:11:07",107625691504,35997457986,1,Lint,TS,lavrov/stop-wrappers-generation,cancelled,Post Setup pnpm cache,https://github.com/DevExpress/DevExtreme/actions/runs/35997457986/job/107625691504
"24.09.26, 12:19:13",107628443356,35997457986,1,Lint,Send notifications,lavrov/stop-wrappers-generation,cancelled,,https://github.com/DevExpress/DevExtreme/actions/runs/35997457986/job/107628443356
"24.09.26, 11:38:38",107615189422,35994208637,1,Lint,TS,lavrov/stop-wrappers-generation,cancelled,Lint TS,https://github.com/DevExpress/DevExtreme/actions/runs/35994208637/job/107615189422
"24.09.26, 11:38:38",107615189457,35994208637,1,Lint,JS,lavrov/stop-wrappers-generation,cancelled,Lint JS,https://github.com/DevExpress/DevExtreme/actions/runs/35994208637/job/107615189457
"24.09.26, 11:42:57",107616542558,35994208637,1,Lint,Send notifications,lavrov/stop-wrappers-generation,cancelled,,https://github.com/DevExpress/DevExtreme/actions/runs/35994208637/job/107616542558
"24.09.26, 10:48:31",107599494365,35989363288,1,Lint,TS,feature/scheduler-dst-grid/main,cancelled,Lint TS,https://github.com/DevExpress/DevExtreme/actions/runs/35989363288/job/107599494365
"24.09.26, 10:48:31",107599494521,35989363288,1,Lint,JS,feature/scheduler-dst-grid/main,cancelled,Lint JS,https://github.com/DevExpress/DevExtreme/actions/runs/35989363288/job/107599494521
"24.09.26, 10:53:49",107601138266,35989363288,1,Lint,Send notifications,feature/scheduler-dst-grid/main,cancelled,,https://github.com/DevExpress/DevExtreme/actions/runs/35989363288/job/107601138266
"24.09.26, 09:59:06",107584020346,35984536957,1,Lint,component_exports,lavrov/angular-remove-four-space-lines,failure,Install dependencies,https://github.com/DevExpress/DevExtreme/actions/runs/35984536957/job/107584020346
"24.09.26, 09:59:06",107584020612,35984536957,1,Lint,TS,lavrov/angular-remove-four-space-lines,failure,Install dependencies,https://github.com/DevExpress/DevExtreme/actions/runs/35984536957/job/107584020612
"24.09.26, 09:59:06",107584020667,35984536957,1,Lint,texts,lavrov/angular-remove-four-space-lines,failure,Install dependencies,https://github.com/DevExpress/DevExtreme/actions/runs/35984536957/job/107584020667
"24.09.26, 09:59:06",107584020765,35984536957,1,Lint,JS,lavrov/angular-remove-four-space-lines,failure,Install dependencies,https://github.com/DevExpress/DevExtreme/actions/runs/35984536957/job/107584020765
"24.09.26, 09:59:06",107584020966,35984536957,1,Lint,wrappers,lavrov/angular-remove-four-space-lines,failure,Install dependencies,https://github.com/DevExpress/DevExtreme/actions/runs/35984536957/job/107584020966
"24.09.26, 09:37:46",107577111683,35982387620,1,Lint,JS,fix/remove_old_playground_approaches,cancelled,Build,https://github.com/DevExpress/DevExtreme/actions/runs/35982387620/job/107577111683
"24.09.26, 09:37:46",107577111829,35982387620,1,Lint,component_exports,fix/remove_old_playground_approaches,cancelled,,https://github.com/DevExpress/DevExtreme/actions/runs/35982387620/job/107577111829
"24.09.26, 09:37:46",107577111893,35982387620,1,Lint,TS,fix/remove_old_playground_approaches,cancelled,Build,https://github.com/DevExpress/DevExtreme/actions/runs/35982387620/job/107577111893
"24.09.26, 09:37:46",107577111912,35982387620,1,Lint,texts,fix/remove_old_playground_approaches,cancelled,Post Setup pnpm cache,https://github.com/DevExpress/DevExtreme/actions/runs/35982387620/job/107577111912
"24.09.26, 09:37:46",107577111954,35982387620,1,Lint,wrappers,fix/remove_old_playground_approaches,cancelled,Post Setup pnpm cache,https://github.com/DevExpress/DevExtreme/actions/runs/35982387620/job/107577111954
"24.09.26, 09:40:03",107577855695,35982387620,1,Lint,Send notifications,fix/remove_old_playground_approaches,cancelled,,https://github.com/DevExpress/DevExtreme/actions/runs/35982387620/job/107577855695
"24.09.26, 14:19:44",107674750683,36011692419,1,Playgrounds tests,react,lavrov/stop-wrappers-generation,cancelled,Install dependencies,https://github.com/DevExpress/DevExtreme/actions/runs/36011692419/job/107674750683
"24.09.26, 14:19:44",107674750761,36011692419,1,Playgrounds tests,angular,lavrov/stop-wrappers-generation,cancelled,Install dependencies,https://github.com/DevExpress/DevExtreme/actions/runs/36011692419/job/107674750761
"24.09.26, 14:19:44",107674751204,36011692419,1,Playgrounds tests,vue,lavrov/stop-wrappers-generation,cancelled,Install dependencies,https://github.com/DevExpress/DevExtreme/actions/runs/36011692419/job/107674751204
"24.09.26, 14:15:21",107672918409,36010760454,1,Playgrounds tests,vue,lavrov/stop-wrappers-generation,cancelled,,https://github.com/DevExpress/DevExtreme/actions/runs/36010760454/job/107672918409
"24.09.26, 14:15:21",107672918602,36010760454,1,Playgrounds tests,react,lavrov/stop-wrappers-generation,cancelled,Post Setup pnpm cache,https://github.com/DevExpress/DevExtreme/actions/runs/36010760454/job/107672918602
"24.09.26, 14:15:21",107672918809,36010760454,1,Playgrounds tests,angular,lavrov/stop-wrappers-generation,cancelled,Build,https://github.com/DevExpress/DevExtreme/actions/runs/36010760454/job/107672918809
"24.09.26, 12:25:12",107630505299,35998596689,1,Playgrounds tests,react,lavrov/stop-wrappers-generation,cancelled,Post Setup nx cache,https://github.com/DevExpress/DevExtreme/actions/runs/35998596689/job/107630505299
"24.09.26, 12:25:12",107630505351,35998596689,1,Playgrounds tests,vue,lavrov/stop-wrappers-generation,cancelled,Post Setup nx cache,https://github.com/DevExpress/DevExtreme/actions/runs/35998596689/job/107630505351
"24.09.26, 12:25:13",107630505562,35998596689,1,Playgrounds tests,angular,lavrov/stop-wrappers-generation,cancelled,Build,https://github.com/DevExpress/DevExtreme/actions/runs/35998596689/job/107630505562
"24.09.26, 12:19:12",107628436160,35998255661,1,Playgrounds tests,build,lavrov/stop-wrappers-generation,cancelled,,https://github.com/DevExpress/DevExtreme/actions/runs/35998255661/job/107628436160
"24.09.26, 12:22:08",107629435985,35998255661,1,Playgrounds tests,matrix.ARGS.platform,lavrov/stop-wrappers-generation,cancelled,,https://github.com/DevExpress/DevExtreme/actions/runs/35998255661/job/107629435985
"24.09.26, 12:17:54",107627996465,35997458006,1,Playgrounds tests,angular,lavrov/stop-wrappers-generation,cancelled,Install dependencies,https://github.com/DevExpress/DevExtreme/actions/runs/35997458006/job/107627996465
"24.09.26, 12:17:54",107627996471,35997458006,1,Playgrounds tests,vue,lavrov/stop-wrappers-generation,cancelled,Install dependencies,https://github.com/DevExpress/DevExtreme/actions/runs/35997458006/job/107627996471
"24.09.26, 12:17:54",107627996499,35997458006,1,Playgrounds tests,react,lavrov/stop-wrappers-generation,cancelled,Install dependencies,https://github.com/DevExpress/DevExtreme/actions/runs/35997458006/job/107627996499
"24.09.26, 11:38:38",107615188841,35994208691,1,Playgrounds tests,build,lavrov/stop-wrappers-generation,cancelled,Post Setup pnpm cache,https://github.com/DevExpress/DevExtreme/actions/runs/35994208691/job/107615188841
"24.09.26, 11:42:46",107616489793,35994208691,1,Playgrounds tests,matrix.ARGS.platform,lavrov/stop-wrappers-generation,cancelled,,https://github.com/DevExpress/DevExtreme/actions/runs/35994208691/job/107616489793
"24.09.26, 10:48:31",107599494030,35989363249,1,Playgrounds tests,build,feature/scheduler-dst-grid/main,cancelled,Post Setup pnpm cache,https://github.com/DevExpress/DevExtreme/actions/runs/35989363249/job/107599494030
"24.09.26, 10:53:37",107601073429,35989363249,1,Playgrounds tests,matrix.ARGS.platform,feature/scheduler-dst-grid/main,cancelled,,https://github.com/DevExpress/DevExtreme/actions/runs/35989363249/job/107601073429
"24.09.26, 09:59:06",107584020931,35984537077,1,Playgrounds tests,build,lavrov/angular-remove-four-space-lines,failure,Install dependencies,https://github.com/DevExpress/DevExtreme/actions/runs/35984537077/job/107584020931
"24.09.26, 09:37:45",107577111356,35982387609,1,Playgrounds tests,build,fix/remove_old_playground_approaches,cancelled,Build,https://github.com/DevExpress/DevExtreme/actions/runs/35982387609/job/107577111356
"24.09.26, 09:39:21",107577625650,35982387609,1,Playgrounds tests,matrix.ARGS.platform,fix/remove_old_playground_approaches,cancelled,,https://github.com/DevExpress/DevExtreme/actions/runs/35982387609/job/107577625650
"24.09.26, 14:18:58",107674433553,36011692361,1,Playwright tests,Build DevExtreme,lavrov/stop-wrappers-generation,cancelled,Install dependencies,https://github.com/DevExpress/DevExtreme/actions/runs/36011692361/job/107674433553
"24.09.26, 14:20:12",107674948092,36011692361,1,Playwright tests,${{ matrix.name }}${{ ((!matrix.theme && ' - fluent') || '') }},lavrov/stop-wrappers-generation,cancelled,,https://github.com/DevExpress/DevExtreme/actions/runs/36011692361/job/107674948092
"24.09.26, 14:15:51",107673136734,36010760028,1,Playwright tests,material - compact,lavrov/stop-wrappers-generation,cancelled,Install dependencies,https://github.com/DevExpress/DevExtreme/actions/runs/36010760028/job/107673136734
"24.09.26, 14:15:51",107673136743,36010760028,1,Playwright tests,cardView - fluent,lavrov/stop-wrappers-generation,cancelled,Install dependencies,https://github.com/DevExpress/DevExtreme/actions/runs/36010760028/job/107673136743
"24.09.26, 14:15:51",107673136811,36010760028,1,Playwright tests,material,lavrov/stop-wrappers-generation,cancelled,Install dependencies,https://github.com/DevExpress/DevExtreme/actions/runs/36010760028/job/107673136811
"24.09.26, 14:15:51",107673136824,36010760028,1,Playwright tests,accessibility - fluent,lavrov/stop-wrappers-generation,cancelled,Install dependencies,https://github.com/DevExpress/DevExtreme/actions/runs/36010760028/job/107673136824
"24.09.26, 14:15:51",107673136858,36010760028,1,Playwright tests,editors - fluent,lavrov/stop-wrappers-generation,cancelled,Install dependencies,https://github.com/DevExpress/DevExtreme/actions/runs/36010760028/job/107673136858
"24.09.26, 14:15:51",107673136868,36010760028,1,Playwright tests,scheduler / viewOffset (1/2) - fluent,lavrov/stop-wrappers-generation,cancelled,Install dependencies,https://github.com/DevExpress/DevExtreme/actions/runs/36010760028/job/107673136868
"24.09.26, 14:15:51",107673136877,36010760028,1,Playwright tests,scheduler / common (2/3) - fluent,lavrov/stop-wrappers-generation,cancelled,Install dependencies,https://github.com/DevExpress/DevExtreme/actions/runs/36010760028/job/107673136877
"24.09.26, 14:15:51",107673136885,36010760028,1,Playwright tests,dataGrid (2/4) - fluent,lavrov/stop-wrappers-generation,cancelled,Install dependencies,https://github.com/DevExpress/DevExtreme/actions/runs/36010760028/job/107673136885
"24.09.26, 14:15:51",107673136907,36010760028,1,Playwright tests,navigation - fluent,lavrov/stop-wrappers-generation,cancelled,Install dependencies,https://github.com/DevExpress/DevExtreme/actions/runs/36010760028/job/107673136907
"24.09.26, 14:15:51",107673136911,36010760028,1,Playwright tests,scheduler / common (1/3) - fluent,lavrov/stop-wrappers-generation,cancelled,Install dependencies,https://github.com/DevExpress/DevExtreme/actions/runs/36010760028/job/107673136911
"24.09.26, 14:15:51",107673136912,36010760028,1,Playwright tests,scheduler / viewOffset (2/2) - fluent,lavrov/stop-wrappers-generation,cancelled,Install dependencies,https://github.com/DevExpress/DevExtreme/actions/runs/36010760028/job/107673136912
"24.09.26, 14:15:51",107673136984,36010760028,1,Playwright tests,dataGrid (3/4) - fluent,lavrov/stop-wrappers-generation,cancelled,Install dependencies,https://github.com/DevExpress/DevExtreme/actions/runs/36010760028/job/107673136984
"24.09.26, 14:15:51",107673136995,36010760028,1,Playwright tests,dataGrid (4/4) - fluent,lavrov/stop-wrappers-generation,cancelled,Install dependencies,https://github.com/DevExpress/DevExtreme/actions/runs/36010760028/job/107673136995
"24.09.26, 14:15:51",107673137005,36010760028,1,Playwright tests,scheduler / common (3/3) - fluent,lavrov/stop-wrappers-generation,cancelled,Install dependencies,https://github.com/DevExpress/DevExtreme/actions/runs/36010760028/job/107673137005
"24.09.26, 14:15:51",107673137062,36010760028,1,Playwright tests,generic,lavrov/stop-wrappers-generation,cancelled,Install dependencies,https://github.com/DevExpress/DevExtreme/actions/runs/36010760028/job/107673137062
"24.09.26, 14:15:51",107673137111,36010760028,1,Playwright tests,common - fluent,lavrov/stop-wrappers-generation,cancelled,Install dependencies,https://github.com/DevExpress/DevExtreme/actions/runs/36010760028/job/107673137111
"24.09.26, 14:15:51",107673137179,36010760028,1,Playwright tests,dataGrid (1/4) - fluent,lavrov/stop-wrappers-generation,cancelled,Install dependencies,https://github.com/DevExpress/DevExtreme/actions/runs/36010760028/job/107673137179
"24.09.26, 14:15:51",107673137264,36010760028,1,Playwright tests,scheduler / timezones (America/Los_Angeles) - fluent,lavrov/stop-wrappers-generation,cancelled,Install dependencies,https://github.com/DevExpress/DevExtreme/actions/runs/36010760028/job/107673137264
"24.09.26, 14:15:51",107673137296,36010760028,1,Playwright tests,scheduler / timezones (Europe/Berlin) - fluent,lavrov/stop-wrappers-generation,cancelled,Install dependencies,https://github.com/DevExpress/DevExtreme/actions/runs/36010760028/job/107673137296
"24.09.26, 12:25:13",107630507461,35998596816,1,Playwright tests,common - fluent,lavrov/stop-wrappers-generation,cancelled,,https://github.com/DevExpress/DevExtreme/actions/runs/35998596816/job/107630507461
"24.09.26, 12:25:13",107630507481,35998596816,1,Playwright tests,material,lavrov/stop-wrappers-generation,cancelled,,https://github.com/DevExpress/DevExtreme/actions/runs/35998596816/job/107630507481
"24.09.26, 12:25:13",107630507521,35998596816,1,Playwright tests,material - compact,lavrov/stop-wrappers-generation,cancelled,,https://github.com/DevExpress/DevExtreme/actions/runs/35998596816/job/107630507521
"24.09.26, 12:25:13",107630507620,35998596816,1,Playwright tests,generic,lavrov/stop-wrappers-generation,cancelled,,https://github.com/DevExpress/DevExtreme/actions/runs/35998596816/job/107630507620
"24.09.26, 12:25:13",107630508032,35998596816,1,Playwright tests,scheduler / timezones (Europe/Berlin) - fluent,lavrov/stop-wrappers-generation,cancelled,,https://github.com/DevExpress/DevExtreme/actions/runs/35998596816/job/107630508032
"24.09.26, 12:25:13",107630508157,35998596816,1,Playwright tests,dataGrid (1/4) - fluent,lavrov/stop-wrappers-generation,cancelled,,https://github.com/DevExpress/DevExtreme/actions/runs/35998596816/job/107630508157
"24.09.26, 12:19:12",107628436182,35998255743,1,Playwright tests,Build DevExtreme,lavrov/stop-wrappers-generation,cancelled,,https://github.com/DevExpress/DevExtreme/actions/runs/35998255743/job/107628436182
"24.09.26, 12:22:13",107629467635,35998255743,1,Playwright tests,${{ matrix.name }}${{ ((!matrix.theme && ' - fluent') || '') }},lavrov/stop-wrappers-generation,cancelled,,https://github.com/DevExpress/DevExtreme/actions/runs/35998255743/job/107629467635
"24.09.26, 11:38:57",107615286468,35994208665,1,Playwright tests,Build DevExtreme,lavrov/stop-wrappers-generation,cancelled,Build,https://github.com/DevExpress/DevExtreme/actions/runs/35994208665/job/107615286468
"24.09.26, 11:42:29",107616402026,35994208665,1,Playwright tests,${{ matrix.name }}${{ ((!matrix.theme && ' - fluent') || '') }},lavrov/stop-wrappers-generation,cancelled,,https://github.com/DevExpress/DevExtreme/actions/runs/35994208665/job/107616402026
"24.09.26, 10:48:52",107599603135,35989363399,1,Playwright tests,Build DevExtreme,feature/scheduler-dst-grid/main,cancelled,Post Setup pnpm cache,https://github.com/DevExpress/DevExtreme/actions/runs/35989363399/job/107599603135
"24.09.26, 10:53:57",107601179014,35989363399,1,Playwright tests,${{ matrix.name }}${{ ((!matrix.theme && ' - fluent') || '') }},feature/scheduler-dst-grid/main,cancelled,,https://github.com/DevExpress/DevExtreme/actions/runs/35989363399/job/107601179014
"24.09.26, 09:59:28",107584139587,35984536900,1,Playwright tests,Build DevExtreme,lavrov/angular-remove-four-space-lines,failure,Install dependencies,https://github.com/DevExpress/DevExtreme/actions/runs/35984536900/job/107584139587
"24.09.26, 09:38:02",107577205399,35982387562,1,Playwright tests,Build DevExtreme,fix/remove_old_playground_approaches,cancelled,Build,https://github.com/DevExpress/DevExtreme/actions/runs/35982387562/job/107577205399
"24.09.26, 09:40:19",107577944380,35982387562,1,Playwright tests,${{ matrix.name }}${{ ((!matrix.theme && ' - fluent') || '') }},fix/remove_old_playground_approaches,cancelled,,https://github.com/DevExpress/DevExtreme/actions/runs/35982387562/job/107577944380
"24.09.26, 14:19:40",107674721858,36011692479,1,QUnit tests,ui.grid-shadow-dom,lavrov/stop-wrappers-generation,cancelled,Run QUnit tests,https://github.com/DevExpress/DevExtreme/actions/runs/36011692479/job/107674721858
"24.09.26, 14:19:40",107674721921,36011692479,1,QUnit tests,ui.scheduler-shadow-dom,lavrov/stop-wrappers-generation,cancelled,Run QUnit tests,https://github.com/DevExpress/DevExtreme/actions/runs/36011692479/job/107674721921
"24.09.26, 14:19:40",107674722038,36011692479,1,QUnit tests,Constel ui.scheduler,lavrov/stop-wrappers-generation,cancelled,Run QUnit tests,https://github.com/DevExpress/DevExtreme/actions/runs/36011692479/job/107674722038
"24.09.26, 14:19:40",107674722048,36011692479,1,QUnit tests,ui-shadow-dom,lavrov/stop-wrappers-generation,cancelled,Run QUnit tests,https://github.com/DevExpress/DevExtreme/actions/runs/36011692479/job/107674722048
"24.09.26, 14:19:40",107674722097,36011692479,1,QUnit tests,Constel ui,lavrov/stop-wrappers-generation,cancelled,Run QUnit tests,https://github.com/DevExpress/DevExtreme/actions/runs/36011692479/job/107674722097
"24.09.26, 14:19:40",107674722099,36011692479,1,QUnit tests,ui.widgets-shadow-dom,lavrov/stop-wrappers-generation,cancelled,Run QUnit tests,https://github.com/DevExpress/DevExtreme/actions/runs/36011692479/job/107674722099
"24.09.26, 14:19:40",107674722116,36011692479,1,QUnit tests,Constel ui.editors,lavrov/stop-wrappers-generation,cancelled,Run QUnit tests,https://github.com/DevExpress/DevExtreme/actions/runs/36011692479/job/107674722116
"24.09.26, 14:19:40",107674722120,36011692479,1,QUnit tests,ui.editors-shadow-dom,lavrov/stop-wrappers-generation,cancelled,Run QUnit tests,https://github.com/DevExpress/DevExtreme/actions/runs/36011692479/job/107674722120
"24.09.26, 14:19:40",107674722155,36011692479,1,QUnit tests,Constel misc-no-csp,lavrov/stop-wrappers-generation,cancelled,Run QUnit tests,https://github.com/DevExpress/DevExtreme/actions/runs/36011692479/job/107674722155
"24.09.26, 14:19:40",107674722234,36011692479,1,QUnit tests,Constel ui.widgets-no-csp,lavrov/stop-wrappers-generation,cancelled,Run QUnit tests,https://github.com/DevExpress/DevExtreme/actions/runs/36011692479/job/107674722234
"24.09.26, 14:19:40",107674722268,36011692479,1,QUnit tests,Constel misc,lavrov/stop-wrappers-generation,cancelled,Run QUnit tests,https://github.com/DevExpress/DevExtreme/actions/runs/36011692479/job/107674722268
"24.09.26, 14:19:40",107674722270,36011692479,1,QUnit tests,Constel ui.grid,lavrov/stop-wrappers-generation,cancelled,Run QUnit tests,https://github.com/DevExpress/DevExtreme/actions/runs/36011692479/job/107674722270
"24.09.26, 14:19:40",107674722277,36011692479,1,QUnit tests,Constel ui.scheduler-US/Pacific,lavrov/stop-wrappers-generation,cancelled,Run QUnit tests,https://github.com/DevExpress/DevExtreme/actions/runs/36011692479/job/107674722277
"24.09.26, 14:20:58",107675272690,36011692479,1,QUnit tests,Send notifications,lavrov/stop-wrappers-generation,cancelled,,https://github.com/DevExpress/DevExtreme/actions/runs/36011692479/job/107675272690
"24.09.26, 14:13:47",107672257858,36010759968,1,QUnit tests,ui.editors-shadow-dom,lavrov/stop-wrappers-generation,cancelled,Run QUnit tests,https://github.com/DevExpress/DevExtreme/actions/runs/36010759968/job/107672257858
"24.09.26, 14:13:47",107672257881,36010759968,1,QUnit tests,ui.grid-shadow-dom,lavrov/stop-wrappers-generation,cancelled,Run QUnit tests,https://github.com/DevExpress/DevExtreme/actions/runs/36010759968/job/107672257881
"24.09.26, 14:13:47",107672257933,36010759968,1,QUnit tests,ui.widgets-shadow-dom,lavrov/stop-wrappers-generation,cancelled,Run QUnit tests,https://github.com/DevExpress/DevExtreme/actions/runs/36010759968/job/107672257933
"24.09.26, 14:13:47",107672257975,36010759968,1,QUnit tests,ui.scheduler-shadow-dom,lavrov/stop-wrappers-generation,cancelled,Run QUnit tests,https://github.com/DevExpress/DevExtreme/actions/runs/36010759968/job/107672257975
"24.09.26, 14:13:47",107672257997,36010759968,1,QUnit tests,Constel ui.grid,lavrov/stop-wrappers-generation,cancelled,Run QUnit tests,https://github.com/DevExpress/DevExtreme/actions/runs/36010759968/job/107672257997
"24.09.26, 14:13:47",107672257999,36010759968,1,QUnit tests,Constel ui.editors,lavrov/stop-wrappers-generation,cancelled,Run QUnit tests,https://github.com/DevExpress/DevExtreme/actions/runs/36010759968/job/107672257999
"24.09.26, 14:13:47",107672258010,36010759968,1,QUnit tests,Constel ui,lavrov/stop-wrappers-generation,cancelled,,https://github.com/DevExpress/DevExtreme/actions/runs/36010759968/job/107672258010
"24.09.26, 14:13:47",107672258032,36010759968,1,QUnit tests,Constel ui.scheduler-US/Pacific,lavrov/stop-wrappers-generation,cancelled,Run QUnit tests,https://github.com/DevExpress/DevExtreme/actions/runs/36010759968/job/107672258032
"24.09.26, 14:13:47",107672258053,36010759968,1,QUnit tests,ui-shadow-dom,lavrov/stop-wrappers-generation,cancelled,Post Run QUnit tests,https://github.com/DevExpress/DevExtreme/actions/runs/36010759968/job/107672258053
"24.09.26, 14:13:47",107672258172,36010759968,1,QUnit tests,Constel misc-no-csp,lavrov/stop-wrappers-generation,cancelled,,https://github.com/DevExpress/DevExtreme/actions/runs/36010759968/job/107672258172
"24.09.26, 14:13:47",107672258229,36010759968,1,QUnit tests,Constel ui.scheduler,lavrov/stop-wrappers-generation,cancelled,Run QUnit tests,https://github.com/DevExpress/DevExtreme/actions/runs/36010759968/job/107672258229
"24.09.26, 14:13:47",107672258270,36010759968,1,QUnit tests,Constel ui.widgets-no-csp,lavrov/stop-wrappers-generation,cancelled,Run QUnit tests,https://github.com/DevExpress/DevExtreme/actions/runs/36010759968/job/107672258270
"24.09.26, 14:18:07",107674080564,36010759968,1,QUnit tests,Send notifications,lavrov/stop-wrappers-generation,cancelled,,https://github.com/DevExpress/DevExtreme/actions/runs/36010759968/job/107674080564
"24.09.26, 13:17:52",107649694019,36004219256,1,QUnit tests,Constel ui.editors,refactor/columnscontroller-controller-types-main,failure,,https://github.com/DevExpress/DevExtreme/actions/runs/36004219256/job/107649694019
"24.09.26, 12:35:32",107634104593,35999515552,1,QUnit tests,Constel ui.scheduler-US/Pacific,feature/scheduler-dst-grid/main,failure,Run QUnit tests,https://github.com/DevExpress/DevExtreme/actions/runs/35999515552/job/107634104593
"24.09.26, 12:35:32",107634104624,35999515552,1,QUnit tests,Constel ui.scheduler,feature/scheduler-dst-grid/main,failure,Run QUnit tests,https://github.com/DevExpress/DevExtreme/actions/runs/35999515552/job/107634104624
"24.09.26, 12:35:32",107634104731,35999515552,1,QUnit tests,ui.scheduler-shadow-dom,feature/scheduler-dst-grid/main,failure,Run QUnit tests,https://github.com/DevExpress/DevExtreme/actions/runs/35999515552/job/107634104731
"24.09.26, 12:24:34",107630279511,35998596832,1,QUnit tests,ui.scheduler-shadow-dom,lavrov/stop-wrappers-generation,cancelled,Run QUnit tests,https://github.com/DevExpress/DevExtreme/actions/runs/35998596832/job/107630279511
"24.09.26, 12:24:34",107630279514,35998596832,1,QUnit tests,ui.grid-shadow-dom,lavrov/stop-wrappers-generation,cancelled,Run QUnit tests,https://github.com/DevExpress/DevExtreme/actions/runs/35998596832/job/107630279514
"24.09.26, 12:24:34",107630279516,35998596832,1,QUnit tests,Constel misc,lavrov/stop-wrappers-generation,cancelled,Run QUnit tests,https://github.com/DevExpress/DevExtreme/actions/runs/35998596832/job/107630279516
"24.09.26, 12:24:34",107630279531,35998596832,1,QUnit tests,Constel ui.editors,lavrov/stop-wrappers-generation,cancelled,Run QUnit tests,https://github.com/DevExpress/DevExtreme/actions/runs/35998596832/job/107630279531
"24.09.26, 12:24:34",107630279532,35998596832,1,QUnit tests,ui-shadow-dom,lavrov/stop-wrappers-generation,cancelled,Run QUnit tests,https://github.com/DevExpress/DevExtreme/actions/runs/35998596832/job/107630279532
"24.09.26, 12:24:34",107630279540,35998596832,1,QUnit tests,Constel ui.widgets-no-csp,lavrov/stop-wrappers-generation,cancelled,Run QUnit tests,https://github.com/DevExpress/DevExtreme/actions/runs/35998596832/job/107630279540
"24.09.26, 12:24:34",107630279555,35998596832,1,QUnit tests,Constel ui,lavrov/stop-wrappers-generation,cancelled,Run QUnit tests,https://github.com/DevExpress/DevExtreme/actions/runs/35998596832/job/107630279555
"24.09.26, 12:24:34",107630279567,35998596832,1,QUnit tests,Constel ui.scheduler,lavrov/stop-wrappers-generation,cancelled,Run QUnit tests,https://github.com/DevExpress/DevExtreme/actions/runs/35998596832/job/107630279567
"24.09.26, 12:24:34",107630279581,35998596832,1,QUnit tests,ui.editors-shadow-dom,lavrov/stop-wrappers-generation,cancelled,Run QUnit tests,https://github.com/DevExpress/DevExtreme/actions/runs/35998596832/job/107630279581
"24.09.26, 12:24:34",107630279587,35998596832,1,QUnit tests,Constel ui.grid,lavrov/stop-wrappers-generation,cancelled,Run QUnit tests,https://github.com/DevExpress/DevExtreme/actions/runs/35998596832/job/107630279587
"24.09.26, 12:24:34",107630279712,35998596832,1,QUnit tests,ui.widgets-shadow-dom,lavrov/stop-wrappers-generation,cancelled,Run QUnit tests,https://github.com/DevExpress/DevExtreme/actions/runs/35998596832/job/107630279712
"24.09.26, 12:24:34",107630279735,35998596832,1,QUnit tests,Constel misc-no-csp,lavrov/stop-wrappers-generation,cancelled,Run QUnit tests,https://github.com/DevExpress/DevExtreme/actions/runs/35998596832/job/107630279735
"24.09.26, 12:24:34",107630279745,35998596832,1,QUnit tests,Constel ui.scheduler-US/Pacific,lavrov/stop-wrappers-generation,cancelled,Run QUnit tests,https://github.com/DevExpress/DevExtreme/actions/runs/35998596832/job/107630279745
"24.09.26, 12:28:00",107631471167,35998596832,1,QUnit tests,Send notifications,lavrov/stop-wrappers-generation,cancelled,,https://github.com/DevExpress/DevExtreme/actions/runs/35998596832/job/107631471167
"24.09.26, 12:21:32",107629235536,35998255677,1,QUnit tests,ui-shadow-dom,lavrov/stop-wrappers-generation,cancelled,Run QUnit tests,https://github.com/DevExpress/DevExtreme/actions/runs/35998255677/job/107629235536
"24.09.26, 12:21:32",107629235553,35998255677,1,QUnit tests,ui.scheduler-shadow-dom,lavrov/stop-wrappers-generation,cancelled,Run QUnit tests,https://github.com/DevExpress/DevExtreme/actions/runs/35998255677/job/107629235553
"24.09.26, 12:21:32",107629235587,35998255677,1,QUnit tests,ui.editors-shadow-dom,lavrov/stop-wrappers-generation,cancelled,Run QUnit tests,https://github.com/DevExpress/DevExtreme/actions/runs/35998255677/job/107629235587
"24.09.26, 12:21:32",107629235650,35998255677,1,QUnit tests,ui.widgets-shadow-dom,lavrov/stop-wrappers-generation,cancelled,Run QUnit tests,https://github.com/DevExpress/DevExtreme/actions/runs/35998255677/job/107629235650
"24.09.26, 12:21:32",107629235673,35998255677,1,QUnit tests,Constel ui,lavrov/stop-wrappers-generation,cancelled,Run QUnit tests,https://github.com/DevExpress/DevExtreme/actions/runs/35998255677/job/107629235673
"24.09.26, 12:21:32",107629235697,35998255677,1,QUnit tests,Constel ui.grid,lavrov/stop-wrappers-generation,cancelled,Run QUnit tests,https://github.com/DevExpress/DevExtreme/actions/runs/35998255677/job/107629235697
"24.09.26, 12:21:32",107629235719,35998255677,1,QUnit tests,Constel ui.editors,lavrov/stop-wrappers-generation,cancelled,Run QUnit tests,https://github.com/DevExpress/DevExtreme/actions/runs/35998255677/job/107629235719
"24.09.26, 12:21:32",107629235739,35998255677,1,QUnit tests,Constel ui.scheduler,lavrov/stop-wrappers-generation,cancelled,Run QUnit tests,https://github.com/DevExpress/DevExtreme/actions/runs/35998255677/job/107629235739
"24.09.26, 12:21:32",107629235741,35998255677,1,QUnit tests,Constel misc,lavrov/stop-wrappers-generation,cancelled,Run QUnit tests,https://github.com/DevExpress/DevExtreme/actions/runs/35998255677/job/107629235741
"24.09.26, 12:21:32",107629235755,35998255677,1,QUnit tests,Constel ui.widgets-no-csp,lavrov/stop-wrappers-generation,cancelled,Run QUnit tests,https://github.com/DevExpress/DevExtreme/actions/runs/35998255677/job/107629235755
"24.09.26, 12:21:32",107629235771,35998255677,1,QUnit tests,ui.grid-shadow-dom,lavrov/stop-wrappers-generation,cancelled,Run QUnit tests,https://github.com/DevExpress/DevExtreme/actions/runs/35998255677/job/107629235771
"24.09.26, 12:21:32",107629235819,35998255677,1,QUnit tests,Constel ui.scheduler-US/Pacific,lavrov/stop-wrappers-generation,cancelled,Run QUnit tests,https://github.com/DevExpress/DevExtreme/actions/runs/35998255677/job/107629235819
"24.09.26, 12:21:32",107629235841,35998255677,1,QUnit tests,Constel misc-no-csp,lavrov/stop-wrappers-generation,cancelled,Run QUnit tests,https://github.com/DevExpress/DevExtreme/actions/runs/35998255677/job/107629235841
"24.09.26, 12:22:50",107629682437,35998255677,1,QUnit tests,Send notifications,lavrov/stop-wrappers-generation,cancelled,,https://github.com/DevExpress/DevExtreme/actions/runs/35998255677/job/107629682437
"24.09.26, 12:18:45",107628281922,35997852504,1,QUnit tests,ui.scheduler-shadow-dom,feature/scheduler-dst-grid/main,failure,Run QUnit tests,https://github.com/DevExpress/DevExtreme/actions/runs/35997852504/job/107628281922
"24.09.26, 12:18:45",107628281979,35997852504,1,QUnit tests,Constel ui.scheduler-US/Pacific,feature/scheduler-dst-grid/main,failure,Run QUnit tests,https://github.com/DevExpress/DevExtreme/actions/runs/35997852504/job/107628281979
"24.09.26, 12:18:45",107628281991,35997852504,1,QUnit tests,Constel ui.scheduler,feature/scheduler-dst-grid/main,failure,Run QUnit tests,https://github.com/DevExpress/DevExtreme/actions/runs/35997852504/job/107628281991
"24.09.26, 12:15:10",107627068502,35997457888,1,QUnit tests,ui.grid-shadow-dom,lavrov/stop-wrappers-generation,cancelled,Run QUnit tests,https://github.com/DevExpress/DevExtreme/actions/runs/35997457888/job/107627068502
"24.09.26, 12:15:10",107627068513,35997457888,1,QUnit tests,ui.scheduler-shadow-dom,lavrov/stop-wrappers-generation,cancelled,Run QUnit tests,https://github.com/DevExpress/DevExtreme/actions/runs/35997457888/job/107627068513
"24.09.26, 12:15:10",107627068538,35997457888,1,QUnit tests,ui.editors-shadow-dom,lavrov/stop-wrappers-generation,cancelled,Run QUnit tests,https://github.com/DevExpress/DevExtreme/actions/runs/35997457888/job/107627068538
"24.09.26, 12:15:10",107627068558,35997457888,1,QUnit tests,ui-shadow-dom,lavrov/stop-wrappers-generation,cancelled,,https://github.com/DevExpress/DevExtreme/actions/runs/35997457888/job/107627068558
"24.09.26, 12:15:10",107627068585,35997457888,1,QUnit tests,Constel ui.scheduler,lavrov/stop-wrappers-generation,cancelled,Run QUnit tests,https://github.com/DevExpress/DevExtreme/actions/runs/35997457888/job/107627068585
"24.09.26, 12:15:10",107627068610,35997457888,1,QUnit tests,Constel ui.editors,lavrov/stop-wrappers-generation,cancelled,Run QUnit tests,https://github.com/DevExpress/DevExtreme/actions/runs/35997457888/job/107627068610
"24.09.26, 12:15:10",107627068612,35997457888,1,QUnit tests,Constel ui.scheduler-US/Pacific,lavrov/stop-wrappers-generation,cancelled,Run QUnit tests,https://github.com/DevExpress/DevExtreme/actions/runs/35997457888/job/107627068612
"24.09.26, 12:15:10",107627068615,35997457888,1,QUnit tests,Constel ui,lavrov/stop-wrappers-generation,cancelled,Run QUnit tests,https://github.com/DevExpress/DevExtreme/actions/runs/35997457888/job/107627068615
"24.09.26, 12:15:10",107627068622,35997457888,1,QUnit tests,ui.widgets-shadow-dom,lavrov/stop-wrappers-generation,cancelled,Run QUnit tests,https://github.com/DevExpress/DevExtreme/actions/runs/35997457888/job/107627068622
"24.09.26, 12:15:10",107627068635,35997457888,1,QUnit tests,Constel ui.grid,lavrov/stop-wrappers-generation,cancelled,Run QUnit tests,https://github.com/DevExpress/DevExtreme/actions/runs/35997457888/job/107627068635
"24.09.26, 12:15:10",107627068645,35997457888,1,QUnit tests,Constel misc,lavrov/stop-wrappers-generation,cancelled,Run QUnit tests,https://github.com/DevExpress/DevExtreme/actions/runs/35997457888/job/107627068645
"24.09.26, 12:15:10",107627068646,35997457888,1,QUnit tests,Constel misc-no-csp,lavrov/stop-wrappers-generation,cancelled,Run QUnit tests,https://github.com/DevExpress/DevExtreme/actions/runs/35997457888/job/107627068646
"24.09.26, 12:15:10",107627068711,35997457888,1,QUnit tests,Constel ui.widgets-no-csp,lavrov/stop-wrappers-generation,cancelled,Run QUnit tests,https://github.com/DevExpress/DevExtreme/actions/runs/35997457888/job/107627068711
"24.09.26, 12:19:43",107628613683,35997457888,1,QUnit tests,Send notifications,lavrov/stop-wrappers-generation,cancelled,,https://github.com/DevExpress/DevExtreme/actions/runs/35997457888/job/107628613683
"24.09.26, 12:00:04",107621997013,35995866934,1,QUnit tests,ui.grid-shadow-dom,type_columns_utils_1_26_1,failure,,https://github.com/DevExpress/DevExtreme/actions/runs/35995866934/job/107621997013
"24.09.26, 11:51:45",107619360324,35995264709,1,QUnit tests,ui.scheduler-shadow-dom,feature/scheduler-dst-grid/main,failure,Run QUnit tests,https://github.com/DevExpress/DevExtreme/actions/runs/35995264709/job/107619360324
"24.09.26, 11:51:45",107619360430,35995264709,1,QUnit tests,Constel ui.scheduler-US/Pacific,feature/scheduler-dst-grid/main,failure,Run QUnit tests,https://github.com/DevExpress/DevExtreme/actions/runs/35995264709/job/107619360430
"24.09.26, 11:51:45",107619360526,35995264709,1,QUnit tests,Constel ui.scheduler,feature/scheduler-dst-grid/main,failure,Run QUnit tests,https://github.com/DevExpress/DevExtreme/actions/runs/35995264709/job/107619360526
"24.09.26, 11:41:24",107616054727,35994208671,1,QUnit tests,ui.scheduler-shadow-dom,lavrov/stop-wrappers-generation,cancelled,Run QUnit tests,https://github.com/DevExpress/DevExtreme/actions/runs/35994208671/job/107616054727
"24.09.26, 11:41:24",107616054754,35994208671,1,QUnit tests,ui.grid-shadow-dom,lavrov/stop-wrappers-generation,cancelled,Run QUnit tests,https://github.com/DevExpress/DevExtreme/actions/runs/35994208671/job/107616054754
"24.09.26, 11:41:24",107616054796,35994208671,1,QUnit tests,ui-shadow-dom,lavrov/stop-wrappers-generation,cancelled,Run QUnit tests,https://github.com/DevExpress/DevExtreme/actions/runs/35994208671/job/107616054796
"24.09.26, 11:41:24",107616054816,35994208671,1,QUnit tests,Constel ui.scheduler,lavrov/stop-wrappers-generation,cancelled,Run QUnit tests,https://github.com/DevExpress/DevExtreme/actions/runs/35994208671/job/107616054816
"24.09.26, 11:41:24",107616054822,35994208671,1,QUnit tests,ui.editors-shadow-dom,lavrov/stop-wrappers-generation,cancelled,Run QUnit tests,https://github.com/DevExpress/DevExtreme/actions/runs/35994208671/job/107616054822
"24.09.26, 11:41:24",107616054832,35994208671,1,QUnit tests,ui.widgets-shadow-dom,lavrov/stop-wrappers-generation,cancelled,Run QUnit tests,https://github.com/DevExpress/DevExtreme/actions/runs/35994208671/job/107616054832
"24.09.26, 11:41:24",107616054837,35994208671,1,QUnit tests,Constel ui.scheduler-US/Pacific,lavrov/stop-wrappers-generation,cancelled,Run QUnit tests,https://github.com/DevExpress/DevExtreme/actions/runs/35994208671/job/107616054837
"24.09.26, 11:41:24",107616054872,35994208671,1,QUnit tests,Constel ui.widgets-no-csp,lavrov/stop-wrappers-generation,cancelled,Run QUnit tests,https://github.com/DevExpress/DevExtreme/actions/runs/35994208671/job/107616054872
"24.09.26, 11:41:24",107616054878,35994208671,1,QUnit tests,Constel misc,lavrov/stop-wrappers-generation,cancelled,Run QUnit tests,https://github.com/DevExpress/DevExtreme/actions/runs/35994208671/job/107616054878
"24.09.26, 11:41:24",107616054894,35994208671,1,QUnit tests,Constel ui,lavrov/stop-wrappers-generation,cancelled,Run QUnit tests,https://github.com/DevExpress/DevExtreme/actions/runs/35994208671/job/107616054894
"24.09.26, 11:41:24",107616054956,35994208671,1,QUnit tests,Constel ui.editors,lavrov/stop-wrappers-generation,cancelled,Run QUnit tests,https://github.com/DevExpress/DevExtreme/actions/runs/35994208671/job/107616054956
"24.09.26, 11:41:24",107616054967,35994208671,1,QUnit tests,Constel misc-no-csp,lavrov/stop-wrappers-generation,cancelled,Run QUnit tests,https://github.com/DevExpress/DevExtreme/actions/runs/35994208671/job/107616054967
"24.09.26, 11:41:24",107616055170,35994208671,1,QUnit tests,Constel ui.grid,lavrov/stop-wrappers-generation,cancelled,Run QUnit tests,https://github.com/DevExpress/DevExtreme/actions/runs/35994208671/job/107616055170
"24.09.26, 11:42:42",107616463891,35994208671,1,QUnit tests,Send notifications,lavrov/stop-wrappers-generation,cancelled,,https://github.com/DevExpress/DevExtreme/actions/runs/35994208671/job/107616463891
"24.09.26, 11:35:06",107614077606,35993627515,1,QUnit tests,Constel ui.scheduler-US/Pacific,feature/scheduler-dst-grid/main,failure,Run QUnit tests,https://github.com/DevExpress/DevExtreme/actions/runs/35993627515/job/107614077606
"24.09.26, 11:17:09",107608454376,35991736048,1,QUnit tests,Constel ui.scheduler-US/Pacific,feature/scheduler-dst-grid/main,failure,Run QUnit tests,https://github.com/DevExpress/DevExtreme/actions/runs/35991736048/job/107608454376
"24.09.26, 11:17:09",107608454399,35991736048,1,QUnit tests,ui.scheduler-shadow-dom,feature/scheduler-dst-grid/main,failure,Run QUnit tests,https://github.com/DevExpress/DevExtreme/actions/runs/35991736048/job/107608454399
"24.09.26, 11:17:09",107608454411,35991736048,1,QUnit tests,Constel misc,feature/scheduler-dst-grid/main,failure,Run QUnit tests,https://github.com/DevExpress/DevExtreme/actions/runs/35991736048/job/107608454411
"24.09.26, 11:17:09",107608454509,35991736048,1,QUnit tests,Constel misc-no-csp,feature/scheduler-dst-grid/main,failure,Run QUnit tests,https://github.com/DevExpress/DevExtreme/actions/runs/35991736048/job/107608454509
"24.09.26, 11:17:09",107608454572,35991736048,1,QUnit tests,Constel ui.scheduler,feature/scheduler-dst-grid/main,failure,Run QUnit tests,https://github.com/DevExpress/DevExtreme/actions/runs/35991736048/job/107608454572
"24.09.26, 10:56:04",107601822322,35989792876,1,QUnit tests,Constel ui.scheduler-US/Pacific,feature/scheduler-dst-grid/main,failure,Run QUnit tests,https://github.com/DevExpress/DevExtreme/actions/runs/35989792876/job/107601822322
"24.09.26, 10:56:04",107601822334,35989792876,1,QUnit tests,ui.scheduler-shadow-dom,feature/scheduler-dst-grid/main,failure,Run QUnit tests,https://github.com/DevExpress/DevExtreme/actions/runs/35989792876/job/107601822334
"24.09.26, 10:56:04",107601822336,35989792876,1,QUnit tests,Constel ui.scheduler,feature/scheduler-dst-grid/main,failure,Run QUnit tests,https://github.com/DevExpress/DevExtreme/actions/runs/35989792876/job/107601822336
"24.09.26, 10:52:37",107600763753,35989363130,1,QUnit tests,ui.scheduler-shadow-dom,feature/scheduler-dst-grid/main,cancelled,Run QUnit tests,https://github.com/DevExpress/DevExtreme/actions/runs/35989363130/job/107600763753
"24.09.26, 10:52:37",107600763775,35989363130,1,QUnit tests,ui-shadow-dom,feature/scheduler-dst-grid/main,cancelled,Run QUnit tests,https://github.com/DevExpress/DevExtreme/actions/runs/35989363130/job/107600763775
"24.09.26, 10:52:37",107600763836,35989363130,1,QUnit tests,Constel misc,feature/scheduler-dst-grid/main,cancelled,Run QUnit tests,https://github.com/DevExpress/DevExtreme/actions/runs/35989363130/job/107600763836
"24.09.26, 10:52:37",107600763841,35989363130,1,QUnit tests,Constel ui,feature/scheduler-dst-grid/main,cancelled,Run QUnit tests,https://github.com/DevExpress/DevExtreme/actions/runs/35989363130/job/107600763841
"24.09.26, 10:52:37",107600763854,35989363130,1,QUnit tests,ui.grid-shadow-dom,feature/scheduler-dst-grid/main,cancelled,Run QUnit tests,https://github.com/DevExpress/DevExtreme/actions/runs/35989363130/job/107600763854
"24.09.26, 10:52:37",107600763865,35989363130,1,QUnit tests,Constel ui.scheduler-US/Pacific,feature/scheduler-dst-grid/main,cancelled,Run QUnit tests,https://github.com/DevExpress/DevExtreme/actions/runs/35989363130/job/107600763865
"24.09.26, 10:52:37",107600763871,35989363130,1,QUnit tests,ui.widgets-shadow-dom,feature/scheduler-dst-grid/main,cancelled,Run QUnit tests,https://github.com/DevExpress/DevExtreme/actions/runs/35989363130/job/107600763871
"24.09.26, 10:52:37",107600763887,35989363130,1,QUnit tests,Constel ui.editors,feature/scheduler-dst-grid/main,cancelled,Run QUnit tests,https://github.com/DevExpress/DevExtreme/actions/runs/35989363130/job/107600763887
"24.09.26, 10:52:37",107600763896,35989363130,1,QUnit tests,ui.editors-shadow-dom,feature/scheduler-dst-grid/main,cancelled,Run QUnit tests,https://github.com/DevExpress/DevExtreme/actions/runs/35989363130/job/107600763896
"24.09.26, 10:52:37",107600763915,35989363130,1,QUnit tests,Constel ui.grid,feature/scheduler-dst-grid/main,cancelled,Run QUnit tests,https://github.com/DevExpress/DevExtreme/actions/runs/35989363130/job/107600763915
"24.09.26, 10:52:37",107600763932,35989363130,1,QUnit tests,Constel ui.scheduler,feature/scheduler-dst-grid/main,cancelled,Run QUnit tests,https://github.com/DevExpress/DevExtreme/actions/runs/35989363130/job/107600763932
"24.09.26, 10:52:37",107600764026,35989363130,1,QUnit tests,Constel ui.widgets-no-csp,feature/scheduler-dst-grid/main,cancelled,Run QUnit tests,https://github.com/DevExpress/DevExtreme/actions/runs/35989363130/job/107600764026
"24.09.26, 10:52:37",107600764054,35989363130,1,QUnit tests,Constel misc-no-csp,feature/scheduler-dst-grid/main,cancelled,Run QUnit tests,https://github.com/DevExpress/DevExtreme/actions/runs/35989363130/job/107600764054
"24.09.26, 10:53:54",107601163306,35989363130,1,QUnit tests,Send notifications,feature/scheduler-dst-grid/main,cancelled,,https://github.com/DevExpress/DevExtreme/actions/runs/35989363130/job/107601163306
"24.09.26, 10:42:51",107597732837,35988403038,1,QUnit tests,ui.grid-shadow-dom,feature/viz-tokens,failure,Run QUnit tests,https://github.com/DevExpress/DevExtreme/actions/runs/35988403038/job/107597732837
"24.09.26, 10:42:51",107597733058,35988403038,1,QUnit tests,Constel ui.grid,feature/viz-tokens,failure,Run QUnit tests,https://github.com/DevExpress/DevExtreme/actions/runs/35988403038/job/107597733058
"24.09.26, 09:59:06",107584021182,35984537069,1,QUnit tests,Build,lavrov/angular-remove-four-space-lines,failure,Install dependencies,https://github.com/DevExpress/DevExtreme/actions/runs/35984537069/job/107584021182
"24.09.26, 09:37:46",107577112676,35982387950,1,QUnit tests,Build,fix/remove_old_playground_approaches,cancelled,Build,https://github.com/DevExpress/DevExtreme/actions/runs/35982387950/job/107577112676
"24.09.26, 09:40:03",107577855483,35982387950,1,QUnit tests,${{ matrix.constel }}-shadow-dom,fix/remove_old_playground_approaches,cancelled,,https://github.com/DevExpress/DevExtreme/actions/runs/35982387950/job/107577855483
"24.09.26, 09:40:03",107577855730,35982387950,1,QUnit tests,"Constel ${{ matrix.CONSTEL }}${{ (((matrix.TIMEZONE != '') && format('-{0}', matrix.TIMEZONE)) || '') }}${{ (((matrix.CSP == 'false') && '-no-csp') || '') }}",fix/remove_old_playground_approaches,cancelled,,https://github.com/DevExpress/DevExtreme/actions/runs/35982387950/job/107577855730
"24.09.26, 09:40:03",107577856292,35982387950,1,QUnit tests,Send notifications,fix/remove_old_playground_approaches,cancelled,,https://github.com/DevExpress/DevExtreme/actions/runs/35982387950/job/107577856292
"24.09.26, 09:30:35",107574738843,35981066011,1,QUnit tests,ui.grid-shadow-dom,feature/viz-tokens,failure,Run QUnit tests,https://github.com/DevExpress/DevExtreme/actions/runs/35981066011/job/107574738843
"24.09.26, 09:30:35",107574738921,35981066011,1,QUnit tests,Constel ui.grid,feature/viz-tokens,failure,Run QUnit tests,https://github.com/DevExpress/DevExtreme/actions/runs/35981066011/job/107574738921
"24.09.26, 14:17:19",107673746825,36011692501,1,Jest tests,jest-tests,lavrov/stop-wrappers-generation,cancelled,Jest tests,https://github.com/DevExpress/DevExtreme/actions/runs/36011692501/job/107673746825
"24.09.26, 14:20:37",107675129107,36011692501,1,Jest tests,Send notifications,lavrov/stop-wrappers-generation,cancelled,,https://github.com/DevExpress/DevExtreme/actions/runs/36011692501/job/107675129107
"24.09.26, 12:23:15",107629826658,35998596849,1,Jest tests,jest-tests,lavrov/stop-wrappers-generation,cancelled,Jest tests,https://github.com/DevExpress/DevExtreme/actions/runs/35998596849/job/107629826658
"24.09.26, 12:27:34",107631322405,35998596849,1,Jest tests,Send notifications,lavrov/stop-wrappers-generation,cancelled,,https://github.com/DevExpress/DevExtreme/actions/runs/35998596849/job/107631322405
"24.09.26, 12:18:47",107628291209,35998255636,1,Jest tests,jest-tests,lavrov/stop-wrappers-generation,cancelled,Jest tests,https://github.com/DevExpress/DevExtreme/actions/runs/35998255636/job/107628291209
"24.09.26, 12:23:15",107629824988,35998255636,1,Jest tests,Send notifications,lavrov/stop-wrappers-generation,cancelled,,https://github.com/DevExpress/DevExtreme/actions/runs/35998255636/job/107629824988
"24.09.26, 11:38:38",107615188384,35994208562,1,Jest tests,jest-tests,lavrov/stop-wrappers-generation,cancelled,Jest tests,https://github.com/DevExpress/DevExtreme/actions/runs/35994208562/job/107615188384
"24.09.26, 11:42:56",107616539396,35994208562,1,Jest tests,Send notifications,lavrov/stop-wrappers-generation,cancelled,,https://github.com/DevExpress/DevExtreme/actions/runs/35994208562/job/107616539396
"24.09.26, 10:48:31",107599493512,35989363163,1,Jest tests,jest-tests,feature/scheduler-dst-grid/main,cancelled,Jest tests,https://github.com/DevExpress/DevExtreme/actions/runs/35989363163/job/107599493512
"24.09.26, 10:53:50",107601141542,35989363163,1,Jest tests,Send notifications,feature/scheduler-dst-grid/main,cancelled,,https://github.com/DevExpress/DevExtreme/actions/runs/35989363163/job/107601141542
"24.09.26, 09:59:06",107584020697,35984536928,1,Jest tests,jest-tests,lavrov/angular-remove-four-space-lines,failure,Install dependencies,https://github.com/DevExpress/DevExtreme/actions/runs/35984536928/job/107584020697
"24.09.26, 09:37:45",107577110994,35982387507,1,Jest tests,jest-tests,fix/remove_old_playground_approaches,cancelled,Jest tests,https://github.com/DevExpress/DevExtreme/actions/runs/35982387507/job/107577110994
"24.09.26, 09:40:03",107577854863,35982387507,1,Jest tests,Send notifications,fix/remove_old_playground_approaches,cancelled,,https://github.com/DevExpress/DevExtreme/actions/runs/35982387507/job/107577854863
"24.09.26, 09:59:06",107584021794,35984537139,1,Styles tests,Tests,lavrov/angular-remove-four-space-lines,failure,Install dependencies,https://github.com/DevExpress/DevExtreme/actions/runs/35984537139/job/107584021794
"24.09.26, 09:37:46",107577111553,35982387613,1,Styles tests,Tests,fix/remove_old_playground_approaches,cancelled,Post Setup pnpm cache,https://github.com/DevExpress/DevExtreme/actions/runs/35982387613/job/107577111553
"24.09.26, 09:39:51",107577787324,35982387613,1,Styles tests,Send notifications,fix/remove_old_playground_approaches,cancelled,,https://github.com/DevExpress/DevExtreme/actions/runs/35982387613/job/107577787324
"24.09.26, 15:24:38",107702061316,36019160830,1,TestCafe tests,scheduler / common (3/3) - fluent,feature/26_2_new_fluent_theme_with_design_tokens_5211-fluent-next-mark-or-role-map-the-typography-rungs-the-px-gate-cant-see,failure,,https://github.com/DevExpress/DevExtreme/actions/runs/36019160830/job/107702061316
"24.09.26, 14:35:35",107681306442,36013045716,1,TestCafe tests,scheduler / timezones (Europe/Berlin) - fluent,fluent-next/js-sizes-from-theme,cancelled,Run TestCafe tests,https://github.com/DevExpress/DevExtreme/actions/runs/36013045716/job/107681306442
"24.09.26, 14:18:47",107674352876,36011692177,1,TestCafe tests,Build DevExtreme,lavrov/stop-wrappers-generation,cancelled,Post Setup pnpm cache,https://github.com/DevExpress/DevExtreme/actions/runs/36011692177/job/107674352876
"24.09.26, 14:20:58",107675270743,36011692177,1,TestCafe tests,${{ matrix.name }}${{ ((!matrix.theme && ' - fluent') || '') }},lavrov/stop-wrappers-generation,cancelled,,https://github.com/DevExpress/DevExtreme/actions/runs/36011692177/job/107675270743
"24.09.26, 14:20:58",107675271071,36011692177,1,TestCafe tests,Send notifications,lavrov/stop-wrappers-generation,cancelled,,https://github.com/DevExpress/DevExtreme/actions/runs/36011692177/job/107675271071
"24.09.26, 14:20:58",107675271088,36011692177,1,TestCafe tests,quarantine,lavrov/stop-wrappers-generation,cancelled,,https://github.com/DevExpress/DevExtreme/actions/runs/36011692177/job/107675271088
"24.09.26, 14:15:44",107673085710,36010760097,1,TestCafe tests,generic,lavrov/stop-wrappers-generation,cancelled,Run TestCafe tests,https://github.com/DevExpress/DevExtreme/actions/runs/36010760097/job/107673085710
"24.09.26, 14:15:44",107673085771,36010760097,1,TestCafe tests,material - compact,lavrov/stop-wrappers-generation,cancelled,,https://github.com/DevExpress/DevExtreme/actions/runs/36010760097/job/107673085771
"24.09.26, 14:15:44",107673085845,36010760097,1,TestCafe tests,dataGrid (3/4) - fluent,lavrov/stop-wrappers-generation,cancelled,Run TestCafe tests,https://github.com/DevExpress/DevExtreme/actions/runs/36010760097/job/107673085845
"24.09.26, 14:15:44",107673085846,36010760097,1,TestCafe tests,accessibility - fluent,lavrov/stop-wrappers-generation,cancelled,Install dependencies,https://github.com/DevExpress/DevExtreme/actions/runs/36010760097/job/107673085846
"24.09.26, 14:15:44",107673085853,36010760097,1,TestCafe tests,navigation - fluent,lavrov/stop-wrappers-generation,cancelled,Run TestCafe tests,https://github.com/DevExpress/DevExtreme/actions/runs/36010760097/job/107673085853
"24.09.26, 14:15:44",107673085874,36010760097,1,TestCafe tests,cardView - fluent,lavrov/stop-wrappers-generation,cancelled,Run TestCafe tests,https://github.com/DevExpress/DevExtreme/actions/runs/36010760097/job/107673085874
"24.09.26, 14:15:44",107673085898,36010760097,1,TestCafe tests,scheduler / timezones (Europe/Berlin) - fluent,lavrov/stop-wrappers-generation,cancelled,Run TestCafe tests,https://github.com/DevExpress/DevExtreme/actions/runs/36010760097/job/107673085898
"24.09.26, 14:15:44",107673085906,36010760097,1,TestCafe tests,dataGrid (4/4) - fluent,lavrov/stop-wrappers-generation,cancelled,Run TestCafe tests,https://github.com/DevExpress/DevExtreme/actions/runs/36010760097/job/107673085906
"24.09.26, 14:15:44",107673085922,36010760097,1,TestCafe tests,editors - fluent,lavrov/stop-wrappers-generation,cancelled,Run TestCafe tests,https://github.com/DevExpress/DevExtreme/actions/runs/36010760097/job/107673085922
"24.09.26, 14:15:44",107673085933,36010760097,1,TestCafe tests,scheduler / common (1/3) - fluent,lavrov/stop-wrappers-generation,cancelled,Run TestCafe tests,https://github.com/DevExpress/DevExtreme/actions/runs/36010760097/job/107673085933
"24.09.26, 14:15:44",107673085935,36010760097,1,TestCafe tests,scheduler / viewOffset (2/2) - fluent,lavrov/stop-wrappers-generation,cancelled,Run TestCafe tests,https://github.com/DevExpress/DevExtreme/actions/runs/36010760097/job/107673085935
"24.09.26, 14:15:44",107673085942,36010760097,1,TestCafe tests,material,lavrov/stop-wrappers-generation,cancelled,Install dependencies,https://github.com/DevExpress/DevExtreme/actions/runs/36010760097/job/107673085942
"24.09.26, 14:15:44",107673085949,36010760097,1,TestCafe tests,scheduler / common (3/3) - fluent,lavrov/stop-wrappers-generation,cancelled,Install dependencies,https://github.com/DevExpress/DevExtreme/actions/runs/36010760097/job/107673085949
"24.09.26, 14:15:44",107673085951,36010760097,1,TestCafe tests,common - fluent,lavrov/stop-wrappers-generation,cancelled,Install dependencies,https://github.com/DevExpress/DevExtreme/actions/runs/36010760097/job/107673085951
"24.09.26, 14:15:44",107673086000,36010760097,1,TestCafe tests,scheduler / common (2/3) - fluent,lavrov/stop-wrappers-generation,cancelled,Install dependencies,https://github.com/DevExpress/DevExtreme/actions/runs/36010760097/job/107673086000
"24.09.26, 14:15:44",107673086048,36010760097,1,TestCafe tests,scheduler / timezones (America/Los_Angeles) - fluent,lavrov/stop-wrappers-generation,cancelled,Run TestCafe tests,https://github.com/DevExpress/DevExtreme/actions/runs/36010760097/job/107673086048
"24.09.26, 14:15:44",107673086059,36010760097,1,TestCafe tests,dataGrid (2/4) - fluent,lavrov/stop-wrappers-generation,cancelled,Install dependencies,https://github.com/DevExpress/DevExtreme/actions/runs/36010760097/job/107673086059
"24.09.26, 14:15:44",107673086110,36010760097,1,TestCafe tests,dataGrid (1/4) - fluent,lavrov/stop-wrappers-generation,cancelled,Install dependencies,https://github.com/DevExpress/DevExtreme/actions/runs/36010760097/job/107673086110
"24.09.26, 14:15:44",107673086428,36010760097,1,TestCafe tests,scheduler / viewOffset (1/2) - fluent,lavrov/stop-wrappers-generation,cancelled,Install dependencies,https://github.com/DevExpress/DevExtreme/actions/runs/36010760097/job/107673086428
"24.09.26, 14:18:22",107674185689,36010760097,1,TestCafe tests,quarantine,lavrov/stop-wrappers-generation,cancelled,,https://github.com/DevExpress/DevExtreme/actions/runs/36010760097/job/107674185689
"24.09.26, 14:18:22",107674185804,36010760097,1,TestCafe tests,Send notifications,lavrov/stop-wrappers-generation,cancelled,,https://github.com/DevExpress/DevExtreme/actions/runs/36010760097/job/107674185804
"24.09.26, 13:21:50",107651253604,36004826592,1,TestCafe tests,accessibility - fluent.dark,feature/viz-tokens,failure,,https://github.com/DevExpress/DevExtreme/actions/runs/36004826592/job/107651253604
"24.09.26, 13:21:50",107651253625,36004826592,1,TestCafe tests,navigation - fluent-next,feature/viz-tokens,failure,,https://github.com/DevExpress/DevExtreme/actions/runs/36004826592/job/107651253625
"24.09.26, 13:12:17",107647559030,36002496073,1,TestCafe tests,quarantine,feature/viz-tokens,failure,Run quarantined tests,https://github.com/DevExpress/DevExtreme/actions/runs/36002496073/job/107647559030
"24.09.26, 12:54:02",107640753414,36001267626,1,TestCafe tests,scheduler / viewOffset (1/2) - fluent,feature/scheduler-dst-grid/main,failure,Run TestCafe tests,https://github.com/DevExpress/DevExtreme/actions/runs/36001267626/job/107640753414
"24.09.26, 12:54:02",107640753625,36001267626,1,TestCafe tests,scheduler / timezones (America/Los_Angeles) - fluent,feature/scheduler-dst-grid/main,failure,Run TestCafe tests,https://github.com/DevExpress/DevExtreme/actions/runs/36001267626/job/107640753625
"24.09.26, 12:54:02",107640753673,36001267626,1,TestCafe tests,scheduler / timezones (Europe/Berlin) - fluent,feature/scheduler-dst-grid/main,failure,Run TestCafe tests,https://github.com/DevExpress/DevExtreme/actions/runs/36001267626/job/107640753673
"24.09.26, 12:54:02",107640753718,36001267626,1,TestCafe tests,scheduler / viewOffset (2/2) - fluent,feature/scheduler-dst-grid/main,failure,Run TestCafe tests,https://github.com/DevExpress/DevExtreme/actions/runs/36001267626/job/107640753718
"24.09.26, 12:36:57",107634597020,35999514824,1,TestCafe tests,scheduler / timezones (America/Los_Angeles) - fluent,feature/scheduler-dst-grid/main,failure,Run TestCafe tests,https://github.com/DevExpress/DevExtreme/actions/runs/35999514824/job/107634597020
"24.09.26, 12:36:57",107634597052,35999514824,1,TestCafe tests,scheduler / viewOffset (2/2) - fluent,feature/scheduler-dst-grid/main,failure,Run TestCafe tests,https://github.com/DevExpress/DevExtreme/actions/runs/35999514824/job/107634597052
"24.09.26, 12:36:57",107634597060,35999514824,1,TestCafe tests,scheduler / viewOffset (1/2) - fluent,feature/scheduler-dst-grid/main,failure,Run TestCafe tests,https://github.com/DevExpress/DevExtreme/actions/runs/35999514824/job/107634597060
"24.09.26, 12:36:57",107634597185,35999514824,1,TestCafe tests,scheduler / timezones (Europe/Berlin) - fluent,feature/scheduler-dst-grid/main,failure,Run TestCafe tests,https://github.com/DevExpress/DevExtreme/actions/runs/35999514824/job/107634597185
"24.09.26, 12:45:16",107637536999,35999514824,1,TestCafe tests,quarantine,feature/scheduler-dst-grid/main,cancelled,Run quarantined tests,https://github.com/DevExpress/DevExtreme/actions/runs/35999514824/job/107637536999
"24.09.26, 12:47:25",107638319373,35999514824,1,TestCafe tests,Send notifications,feature/scheduler-dst-grid/main,cancelled,,https://github.com/DevExpress/DevExtreme/actions/runs/35999514824/job/107638319373
"24.09.26, 12:25:13",107630509451,35998597030,1,TestCafe tests,accessibility - fluent,lavrov/stop-wrappers-generation,cancelled,Run TestCafe tests,https://github.com/DevExpress/DevExtreme/actions/runs/35998597030/job/107630509451
"24.09.26, 12:25:13",107630509470,35998597030,1,TestCafe tests,dataGrid (3/4) - fluent,lavrov/stop-wrappers-generation,cancelled,Run TestCafe tests,https://github.com/DevExpress/DevExtreme/actions/runs/35998597030/job/107630509470
"24.09.26, 12:25:13",107630509490,35998597030,1,TestCafe tests,common - fluent,lavrov/stop-wrappers-generation,cancelled,Run TestCafe tests,https://github.com/DevExpress/DevExtreme/actions/runs/35998597030/job/107630509490
"24.09.26, 12:25:13",107630509522,35998597030,1,TestCafe tests,dataGrid (2/4) - fluent,lavrov/stop-wrappers-generation,cancelled,Run TestCafe tests,https://github.com/DevExpress/DevExtreme/actions/runs/35998597030/job/107630509522
"24.09.26, 12:25:13",107630509527,35998597030,1,TestCafe tests,editors - fluent,lavrov/stop-wrappers-generation,cancelled,Run TestCafe tests,https://github.com/DevExpress/DevExtreme/actions/runs/35998597030/job/107630509527
"24.09.26, 12:25:13",107630509569,35998597030,1,TestCafe tests,navigation - fluent,lavrov/stop-wrappers-generation,cancelled,Run TestCafe tests,https://github.com/DevExpress/DevExtreme/actions/runs/35998597030/job/107630509569
"24.09.26, 12:25:13",107630509572,35998597030,1,TestCafe tests,cardView - fluent,lavrov/stop-wrappers-generation,cancelled,Run TestCafe tests,https://github.com/DevExpress/DevExtreme/actions/runs/35998597030/job/107630509572
"24.09.26, 12:25:13",107630509613,35998597030,1,TestCafe tests,dataGrid (1/4) - fluent,lavrov/stop-wrappers-generation,cancelled,Run TestCafe tests,https://github.com/DevExpress/DevExtreme/actions/runs/35998597030/job/107630509613
"24.09.26, 12:25:13",107630509614,35998597030,1,TestCafe tests,dataGrid (4/4) - fluent,lavrov/stop-wrappers-generation,cancelled,Run TestCafe tests,https://github.com/DevExpress/DevExtreme/actions/runs/35998597030/job/107630509614
"24.09.26, 12:25:13",107630509623,35998597030,1,TestCafe tests,material - compact,lavrov/stop-wrappers-generation,cancelled,,https://github.com/DevExpress/DevExtreme/actions/runs/35998597030/job/107630509623
"24.09.26, 12:25:13",107630509624,35998597030,1,TestCafe tests,material,lavrov/stop-wrappers-generation,cancelled,Run TestCafe tests,https://github.com/DevExpress/DevExtreme/actions/runs/35998597030/job/107630509624
"24.09.26, 12:25:13",107630509626,35998597030,1,TestCafe tests,scheduler / viewOffset (1/2) - fluent,lavrov/stop-wrappers-generation,cancelled,Run TestCafe tests,https://github.com/DevExpress/DevExtreme/actions/runs/35998597030/job/107630509626
"24.09.26, 12:25:13",107630509664,35998597030,1,TestCafe tests,scheduler / common (1/3) - fluent,lavrov/stop-wrappers-generation,cancelled,Run TestCafe tests,https://github.com/DevExpress/DevExtreme/actions/runs/35998597030/job/107630509664
"24.09.26, 12:25:13",107630509679,35998597030,1,TestCafe tests,scheduler / viewOffset (2/2) - fluent,lavrov/stop-wrappers-generation,cancelled,Run TestCafe tests,https://github.com/DevExpress/DevExtreme/actions/runs/35998597030/job/107630509679
"24.09.26, 12:25:13",107630509755,35998597030,1,TestCafe tests,scheduler / common (2/3) - fluent,lavrov/stop-wrappers-generation,cancelled,Run TestCafe tests,https://github.com/DevExpress/DevExtreme/actions/runs/35998597030/job/107630509755
"24.09.26, 12:25:13",107630509794,35998597030,1,TestCafe tests,scheduler / timezones (Europe/Berlin) - fluent,lavrov/stop-wrappers-generation,cancelled,Run TestCafe tests,https://github.com/DevExpress/DevExtreme/actions/runs/35998597030/job/107630509794
"24.09.26, 12:25:13",107630509820,35998597030,1,TestCafe tests,scheduler / common (3/3) - fluent,lavrov/stop-wrappers-generation,cancelled,Run TestCafe tests,https://github.com/DevExpress/DevExtreme/actions/runs/35998597030/job/107630509820
"24.09.26, 12:25:13",107630509883,35998597030,1,TestCafe tests,scheduler / timezones (America/Los_Angeles) - fluent,lavrov/stop-wrappers-generation,cancelled,Run TestCafe tests,https://github.com/DevExpress/DevExtreme/actions/runs/35998597030/job/107630509883
"24.09.26, 12:25:13",107630509894,35998597030,1,TestCafe tests,generic,lavrov/stop-wrappers-generation,cancelled,Run TestCafe tests,https://github.com/DevExpress/DevExtreme/actions/runs/35998597030/job/107630509894
"24.09.26, 12:28:15",107631558902,35998597030,1,TestCafe tests,quarantine,lavrov/stop-wrappers-generation,cancelled,,https://github.com/DevExpress/DevExtreme/actions/runs/35998597030/job/107631558902
"24.09.26, 12:28:15",107631559399,35998597030,1,TestCafe tests,Send notifications,lavrov/stop-wrappers-generation,cancelled,,https://github.com/DevExpress/DevExtreme/actions/runs/35998597030/job/107631559399
"24.09.26, 12:19:54",107628673653,35998255746,1,TestCafe tests,Build DevExtreme,lavrov/stop-wrappers-generation,cancelled,,https://github.com/DevExpress/DevExtreme/actions/runs/35998255746/job/107628673653
"24.09.26, 12:22:16",107629485063,35998255746,1,TestCafe tests,${{ matrix.name }}${{ ((!matrix.theme && ' - fluent') || '') }},lavrov/stop-wrappers-generation,cancelled,,https://github.com/DevExpress/DevExtreme/actions/runs/35998255746/job/107629485063
"24.09.26, 12:22:16",107629485471,35998255746,1,TestCafe tests,Send notifications,lavrov/stop-wrappers-generation,cancelled,,https://github.com/DevExpress/DevExtreme/actions/runs/35998255746/job/107629485471
"24.09.26, 12:22:16",107629485854,35998255746,1,TestCafe tests,quarantine,lavrov/stop-wrappers-generation,cancelled,,https://github.com/DevExpress/DevExtreme/actions/runs/35998255746/job/107629485854
"24.09.26, 12:21:42",107629293315,35997852569,1,TestCafe tests,scheduler / timezones (Europe/Berlin) - fluent,feature/scheduler-dst-grid/main,failure,Run TestCafe tests,https://github.com/DevExpress/DevExtreme/actions/runs/35997852569/job/107629293315
"24.09.26, 12:21:42",107629293345,35997852569,1,TestCafe tests,scheduler / timezones (America/Los_Angeles) - fluent,feature/scheduler-dst-grid/main,failure,Run TestCafe tests,https://github.com/DevExpress/DevExtreme/actions/runs/35997852569/job/107629293345
"24.09.26, 12:21:42",107629293396,35997852569,1,TestCafe tests,scheduler / viewOffset (1/2) - fluent,feature/scheduler-dst-grid/main,failure,Run TestCafe tests,https://github.com/DevExpress/DevExtreme/actions/runs/35997852569/job/107629293396
"24.09.26, 12:21:42",107629293589,35997852569,1,TestCafe tests,scheduler / viewOffset (2/2) - fluent,feature/scheduler-dst-grid/main,failure,Run TestCafe tests,https://github.com/DevExpress/DevExtreme/actions/runs/35997852569/job/107629293589
"24.09.26, 12:28:43",107631720253,35997852569,1,TestCafe tests,quarantine,feature/scheduler-dst-grid/main,cancelled,,https://github.com/DevExpress/DevExtreme/actions/runs/35997852569/job/107631720253
"24.09.26, 12:30:48",107632451556,35997852569,1,TestCafe tests,Send notifications,feature/scheduler-dst-grid/main,cancelled,,https://github.com/DevExpress/DevExtreme/actions/runs/35997852569/job/107632451556
"24.09.26, 12:17:10",107627744915,35997458058,1,TestCafe tests,editors - fluent,lavrov/stop-wrappers-generation,cancelled,Run TestCafe tests,https://github.com/DevExpress/DevExtreme/actions/runs/35997458058/job/107627744915
"24.09.26, 12:17:10",107627744920,35997458058,1,TestCafe tests,common - fluent,lavrov/stop-wrappers-generation,cancelled,Run TestCafe tests,https://github.com/DevExpress/DevExtreme/actions/runs/35997458058/job/107627744920
"24.09.26, 12:17:10",107627744931,35997458058,1,TestCafe tests,accessibility - fluent,lavrov/stop-wrappers-generation,cancelled,Run TestCafe tests,https://github.com/DevExpress/DevExtreme/actions/runs/35997458058/job/107627744931
"24.09.26, 12:17:10",107627744946,35997458058,1,TestCafe tests,dataGrid (4/4) - fluent,lavrov/stop-wrappers-generation,cancelled,Run TestCafe tests,https://github.com/DevExpress/DevExtreme/actions/runs/35997458058/job/107627744946
"24.09.26, 12:17:10",107627744953,35997458058,1,TestCafe tests,dataGrid (1/4) - fluent,lavrov/stop-wrappers-generation,cancelled,Run TestCafe tests,https://github.com/DevExpress/DevExtreme/actions/runs/35997458058/job/107627744953
"24.09.26, 12:17:10",107627744957,35997458058,1,TestCafe tests,material - compact,lavrov/stop-wrappers-generation,cancelled,,https://github.com/DevExpress/DevExtreme/actions/runs/35997458058/job/107627744957
"24.09.26, 12:17:10",107627744969,35997458058,1,TestCafe tests,scheduler / viewOffset (2/2) - fluent,lavrov/stop-wrappers-generation,cancelled,Run TestCafe tests,https://github.com/DevExpress/DevExtreme/actions/runs/35997458058/job/107627744969
"24.09.26, 12:17:10",107627744974,35997458058,1,TestCafe tests,scheduler / common (2/3) - fluent,lavrov/stop-wrappers-generation,cancelled,Run TestCafe tests,https://github.com/DevExpress/DevExtreme/actions/runs/35997458058/job/107627744974
"24.09.26, 12:17:10",107627744986,35997458058,1,TestCafe tests,scheduler / common (3/3) - fluent,lavrov/stop-wrappers-generation,cancelled,Run TestCafe tests,https://github.com/DevExpress/DevExtreme/actions/runs/35997458058/job/107627744986
"24.09.26, 12:17:10",107627744997,35997458058,1,TestCafe tests,dataGrid (3/4) - fluent,lavrov/stop-wrappers-generation,cancelled,Run TestCafe tests,https://github.com/DevExpress/DevExtreme/actions/runs/35997458058/job/107627744997
"24.09.26, 12:17:10",107627745000,35997458058,1,TestCafe tests,scheduler / timezones (Europe/Berlin) - fluent,lavrov/stop-wrappers-generation,cancelled,Run TestCafe tests,https://github.com/DevExpress/DevExtreme/actions/runs/35997458058/job/107627745000
"24.09.26, 12:17:10",107627745009,35997458058,1,TestCafe tests,generic,lavrov/stop-wrappers-generation,cancelled,Run TestCafe tests,https://github.com/DevExpress/DevExtreme/actions/runs/35997458058/job/107627745009
"24.09.26, 12:17:10",107627745017,35997458058,1,TestCafe tests,material,lavrov/stop-wrappers-generation,cancelled,Run TestCafe tests,https://github.com/DevExpress/DevExtreme/actions/runs/35997458058/job/107627745017
"24.09.26, 12:17:10",107627745072,35997458058,1,TestCafe tests,scheduler / viewOffset (1/2) - fluent,lavrov/stop-wrappers-generation,cancelled,Run TestCafe tests,https://github.com/DevExpress/DevExtreme/actions/runs/35997458058/job/107627745072
"24.09.26, 12:17:10",107627745080,35997458058,1,TestCafe tests,dataGrid (2/4) - fluent,lavrov/stop-wrappers-generation,cancelled,Run TestCafe tests,https://github.com/DevExpress/DevExtreme/actions/runs/35997458058/job/107627745080
"24.09.26, 12:17:10",107627745090,35997458058,1,TestCafe tests,scheduler / common (1/3) - fluent,lavrov/stop-wrappers-generation,cancelled,Run TestCafe tests,https://github.com/DevExpress/DevExtreme/actions/runs/35997458058/job/107627745090
"24.09.26, 12:17:10",107627745091,35997458058,1,TestCafe tests,cardView - fluent,lavrov/stop-wrappers-generation,cancelled,Run TestCafe tests,https://github.com/DevExpress/DevExtreme/actions/runs/35997458058/job/107627745091
"24.09.26, 12:17:10",107627745094,35997458058,1,TestCafe tests,scheduler / timezones (America/Los_Angeles) - fluent,lavrov/stop-wrappers-generation,cancelled,,https://github.com/DevExpress/DevExtreme/actions/runs/35997458058/job/107627745094
"24.09.26, 12:17:10",107627745105,35997458058,1,TestCafe tests,navigation - fluent,lavrov/stop-wrappers-generation,cancelled,Run TestCafe tests,https://github.com/DevExpress/DevExtreme/actions/runs/35997458058/job/107627745105
"24.09.26, 12:19:29",107628533980,35997458058,1,TestCafe tests,Send notifications,lavrov/stop-wrappers-generation,cancelled,,https://github.com/DevExpress/DevExtreme/actions/runs/35997458058/job/107628533980
"24.09.26, 12:19:29",107628534103,35997458058,1,TestCafe tests,quarantine,lavrov/stop-wrappers-generation,cancelled,,https://github.com/DevExpress/DevExtreme/actions/runs/35997458058/job/107628534103
"24.09.26, 12:01:36",107622524460,35995866978,1,TestCafe tests,scheduler / common (3/3) - fluent,type_columns_utils_1_26_1,failure,Run TestCafe tests,https://github.com/DevExpress/DevExtreme/actions/runs/35995866978/job/107622524460
"24.09.26, 11:54:49",107620329874,35995264666,1,TestCafe tests,scheduler / viewOffset (2/2) - fluent,feature/scheduler-dst-grid/main,failure,Run TestCafe tests,https://github.com/DevExpress/DevExtreme/actions/runs/35995264666/job/107620329874
"24.09.26, 11:54:49",107620329908,35995264666,1,TestCafe tests,scheduler / timezones (Europe/Berlin) - fluent,feature/scheduler-dst-grid/main,failure,Run TestCafe tests,https://github.com/DevExpress/DevExtreme/actions/runs/35995264666/job/107620329908
"24.09.26, 11:54:49",107620329947,35995264666,1,TestCafe tests,scheduler / viewOffset (1/2) - fluent,feature/scheduler-dst-grid/main,failure,Run TestCafe tests,https://github.com/DevExpress/DevExtreme/actions/runs/35995264666/job/107620329947
"24.09.26, 11:54:49",107620330011,35995264666,1,TestCafe tests,scheduler / timezones (America/Los_Angeles) - fluent,feature/scheduler-dst-grid/main,failure,Run TestCafe tests,https://github.com/DevExpress/DevExtreme/actions/runs/35995264666/job/107620330011
"24.09.26, 11:39:51",107615562300,35994208659,1,TestCafe tests,Build DevExtreme,lavrov/stop-wrappers-generation,cancelled,Build,https://github.com/DevExpress/DevExtreme/actions/runs/35994208659/job/107615562300
"24.09.26, 11:43:08",107616605588,35994208659,1,TestCafe tests,${{ matrix.name }}${{ ((!matrix.theme && ' - fluent') || '') }},lavrov/stop-wrappers-generation,cancelled,,https://github.com/DevExpress/DevExtreme/actions/runs/35994208659/job/107616605588
"24.09.26, 11:43:09",107616606020,35994208659,1,TestCafe tests,quarantine,lavrov/stop-wrappers-generation,cancelled,,https://github.com/DevExpress/DevExtreme/actions/runs/35994208659/job/107616606020
"24.09.26, 11:43:09",107616606722,35994208659,1,TestCafe tests,Send notifications,lavrov/stop-wrappers-generation,cancelled,,https://github.com/DevExpress/DevExtreme/actions/runs/35994208659/job/107616606722
"24.09.26, 11:37:18",107614771991,35993627308,1,TestCafe tests,cardView - fluent,feature/scheduler-dst-grid/main,cancelled,Run TestCafe tests,https://github.com/DevExpress/DevExtreme/actions/runs/35993627308/job/107614771991
"24.09.26, 11:37:18",107614772114,35993627308,1,TestCafe tests,scheduler / timezones (America/Los_Angeles) - fluent,feature/scheduler-dst-grid/main,failure,Run TestCafe tests,https://github.com/DevExpress/DevExtreme/actions/runs/35993627308/job/107614772114
"24.09.26, 11:37:18",107614772247,35993627308,1,TestCafe tests,scheduler / timezones (Europe/Berlin) - fluent,feature/scheduler-dst-grid/main,failure,Run TestCafe tests,https://github.com/DevExpress/DevExtreme/actions/runs/35993627308/job/107614772247
"24.09.26, 11:49:38",107618676204,35993627308,1,TestCafe tests,quarantine,feature/scheduler-dst-grid/main,cancelled,,https://github.com/DevExpress/DevExtreme/actions/runs/35993627308/job/107618676204
"24.09.26, 11:49:38",107618677007,35993627308,1,TestCafe tests,Send notifications,feature/scheduler-dst-grid/main,cancelled,,https://github.com/DevExpress/DevExtreme/actions/runs/35993627308/job/107618677007
"24.09.26, 11:37:16",107614759221,35992752275,1,TestCafe tests,quarantine,lavrov/stop-wrappers-generation,cancelled,Run quarantined tests,https://github.com/DevExpress/DevExtreme/actions/runs/35992752275/job/107614759221
"24.09.26, 11:39:24",107615430768,35992752275,1,TestCafe tests,Send notifications,lavrov/stop-wrappers-generation,cancelled,,https://github.com/DevExpress/DevExtreme/actions/runs/35992752275/job/107615430768
"24.09.26, 11:19:13",107609094268,35991736006,1,TestCafe tests,scheduler / common (1/3) - fluent,feature/scheduler-dst-grid/main,failure,Run TestCafe tests,https://github.com/DevExpress/DevExtreme/actions/runs/35991736006/job/107609094268
"24.09.26, 11:19:13",107609094307,35991736006,1,TestCafe tests,navigation - fluent,feature/scheduler-dst-grid/main,failure,Run TestCafe tests,https://github.com/DevExpress/DevExtreme/actions/runs/35991736006/job/107609094307
"24.09.26, 11:19:13",107609094317,35991736006,1,TestCafe tests,scheduler / timezones (Europe/Berlin) - fluent,feature/scheduler-dst-grid/main,failure,Run TestCafe tests,https://github.com/DevExpress/DevExtreme/actions/runs/35991736006/job/107609094317
"24.09.26, 11:19:13",107609094339,35991736006,1,TestCafe tests,scheduler / common (2/3) - fluent,feature/scheduler-dst-grid/main,failure,Run TestCafe tests,https://github.com/DevExpress/DevExtreme/actions/runs/35991736006/job/107609094339
"24.09.26, 11:19:13",107609094349,35991736006,1,TestCafe tests,scheduler / common (3/3) - fluent,feature/scheduler-dst-grid/main,failure,Run TestCafe tests,https://github.com/DevExpress/DevExtreme/actions/runs/35991736006/job/107609094349
"24.09.26, 11:19:13",107609094441,35991736006,1,TestCafe tests,scheduler / timezones (America/Los_Angeles) - fluent,feature/scheduler-dst-grid/main,failure,Run TestCafe tests,https://github.com/DevExpress/DevExtreme/actions/runs/35991736006/job/107609094441
"24.09.26, 10:56:40",107602008742,35989792826,1,TestCafe tests,scheduler / timezones (Europe/Berlin) - fluent,feature/scheduler-dst-grid/main,failure,Run TestCafe tests,https://github.com/DevExpress/DevExtreme/actions/runs/35989792826/job/107602008742
"24.09.26, 10:56:40",107602008808,35989792826,1,TestCafe tests,scheduler / timezones (America/Los_Angeles) - fluent,feature/scheduler-dst-grid/main,failure,Run TestCafe tests,https://github.com/DevExpress/DevExtreme/actions/runs/35989792826/job/107602008808
"24.09.26, 10:56:40",107602008851,35989792826,1,TestCafe tests,scheduler / common (1/3) - fluent,feature/scheduler-dst-grid/main,failure,Run TestCafe tests,https://github.com/DevExpress/DevExtreme/actions/runs/35989792826/job/107602008851
"24.09.26, 10:56:40",107602008883,35989792826,1,TestCafe tests,scheduler / common (3/3) - fluent,feature/scheduler-dst-grid/main,failure,Run TestCafe tests,https://github.com/DevExpress/DevExtreme/actions/runs/35989792826/job/107602008883
"24.09.26, 10:56:40",107602008953,35989792826,1,TestCafe tests,scheduler / common (2/3) - fluent,feature/scheduler-dst-grid/main,failure,Run TestCafe tests,https://github.com/DevExpress/DevExtreme/actions/runs/35989792826/job/107602008953
"24.09.26, 11:02:57",107603959286,35989792826,1,TestCafe tests,quarantine,feature/scheduler-dst-grid/main,failure,Run quarantined tests,https://github.com/DevExpress/DevExtreme/actions/runs/35989792826/job/107603959286
"24.09.26, 10:48:50",107599589316,35989363125,1,TestCafe tests,Build DevExtreme,feature/scheduler-dst-grid/main,cancelled,Post Setup pnpm cache,https://github.com/DevExpress/DevExtreme/actions/runs/35989363125/job/107599589316
"24.09.26, 10:53:55",107601166550,35989363125,1,TestCafe tests,${{ matrix.name }}${{ ((!matrix.theme && ' - fluent') || '') }},feature/scheduler-dst-grid/main,cancelled,,https://github.com/DevExpress/DevExtreme/actions/runs/35989363125/job/107601166550
"24.09.26, 10:53:55",107601167355,35989363125,1,TestCafe tests,quarantine,feature/scheduler-dst-grid/main,cancelled,,https://github.com/DevExpress/DevExtreme/actions/runs/35989363125/job/107601167355
"24.09.26, 10:53:55",107601167406,35989363125,1,TestCafe tests,Send notifications,feature/scheduler-dst-grid/main,cancelled,,https://github.com/DevExpress/DevExtreme/actions/runs/35989363125/job/107601167406
"24.09.26, 09:59:28",107584140313,35984537112,1,TestCafe tests,Build DevExtreme,lavrov/angular-remove-four-space-lines,failure,Show nx cache contents before save,https://github.com/DevExpress/DevExtreme/actions/runs/35984537112/job/107584140313
"24.09.26, 09:58:20",107583778441,35983760858,1,TestCafe tests,navigation - fluent,gh-readonly-queue/main/pr-35325-f63e16c60b43b4630d70b81fc95c84495aa8082f,cancelled,Run TestCafe tests,https://github.com/DevExpress/DevExtreme/actions/runs/35983760858/job/107583778441
"24.09.26, 09:54:23",107582524479,35983472601,1,TestCafe tests,cardView - fluent,type_columns_utils_1_main,failure,Run TestCafe tests,https://github.com/DevExpress/DevExtreme/actions/runs/35983472601/job/107582524479
"24.09.26, 09:38:05",107577219169,35982387630,1,TestCafe tests,Build DevExtreme,fix/remove_old_playground_approaches,cancelled,Show nx cache contents before save,https://github.com/DevExpress/DevExtreme/actions/runs/35982387630/job/107577219169
"24.09.26, 09:39:21",107577628220,35982387630,1,TestCafe tests,${{ matrix.name }}${{ ((!matrix.theme && ' - fluent') || '') }},fix/remove_old_playground_approaches,cancelled,,https://github.com/DevExpress/DevExtreme/actions/runs/35982387630/job/107577628220
"24.09.26, 09:39:21",107577629252,35982387630,1,TestCafe tests,quarantine,fix/remove_old_playground_approaches,cancelled,,https://github.com/DevExpress/DevExtreme/actions/runs/35982387630/job/107577629252
"24.09.26, 09:39:21",107577629967,35982387630,1,TestCafe tests,Send notifications,fix/remove_old_playground_approaches,cancelled,,https://github.com/DevExpress/DevExtreme/actions/runs/35982387630/job/107577629967
"24.09.26, 09:32:10",107575264287,35981066007,1,TestCafe tests,accessibility - fluent-next,feature/viz-tokens,cancelled,Run TestCafe tests,https://github.com/DevExpress/DevExtreme/actions/runs/35981066007/job/107575264287
"24.09.26, 09:12:59",107568954701,35979176233,1,TestCafe tests,scheduler / timezones (Europe/Berlin) - fluent,feature/scheduler-dst-grid/main,failure,Run TestCafe tests,https://github.com/DevExpress/DevExtreme/actions/runs/35979176233/job/107568954701
"24.09.26, 09:13:00",107568954711,35979176233,1,TestCafe tests,scheduler / timezones (America/Los_Angeles) - fluent,feature/scheduler-dst-grid/main,failure,Run TestCafe tests,https://github.com/DevExpress/DevExtreme/actions/runs/35979176233/job/107568954711
"24.09.26, 08:44:11",107559685314,35976660035,1,TestCafe tests,scheduler / common (3/3) - fluent,lavrov/angular-remove-four-space-lines,cancelled,,https://github.com/DevExpress/DevExtreme/actions/runs/35976660035/job/107559685314
"24.09.26, 08:58:01",107564080518,35976660035,1,TestCafe tests,Send notifications,lavrov/angular-remove-four-space-lines,cancelled,,https://github.com/DevExpress/DevExtreme/actions/runs/35976660035/job/107564080518
"24.09.26, 08:58:01",107564080526,35976660035,1,TestCafe tests,quarantine,lavrov/angular-remove-four-space-lines,cancelled,,https://github.com/DevExpress/DevExtreme/actions/runs/35976660035/job/107564080526
"24.09.26, 08:39:59",107558374316,35975400073,1,TestCafe tests,quarantine,lavrov/angular-remove-four-space-lines,cancelled,Install dependencies,https://github.com/DevExpress/DevExtreme/actions/runs/35975400073/job/107558374316
"24.09.26, 08:41:17",107558782564,35975400073,1,TestCafe tests,Send notifications,lavrov/angular-remove-four-space-lines,cancelled,,https://github.com/DevExpress/DevExtreme/actions/runs/35975400073/job/107558782564
"24.09.26, 13:13:45",107648115343,36004219206,1,Themebuilder and Styles tests,test,refactor/columnscontroller-controller-types-main,failure,,https://github.com/DevExpress/DevExtreme/actions/runs/36004219206/job/107648115343
"24.09.26, 09:59:06",107584020550,35984536906,1,Themebuilder and Styles tests,test,lavrov/angular-remove-four-space-lines,failure,Install dependencies,https://github.com/DevExpress/DevExtreme/actions/runs/35984536906/job/107584020550
"24.09.26, 09:37:46",107577111934,35982387662,1,Themebuilder and Styles tests,test,fix/remove_old_playground_approaches,cancelled,Build,https://github.com/DevExpress/DevExtreme/actions/runs/35982387662/job/107577111934
"24.09.26, 09:40:03",107577853614,35982387662,1,Themebuilder and Styles tests,Send notifications,fix/remove_old_playground_approaches,cancelled,,https://github.com/DevExpress/DevExtreme/actions/runs/35982387662/job/107577853614
"24.09.26, 09:59:06",107584020540,35984536977,1,TS Declarations,check-ts-bundle,lavrov/angular-remove-four-space-lines,failure,Install dependencies,https://github.com/DevExpress/DevExtreme/actions/runs/35984536977/job/107584020540
"24.09.26, 09:59:06",107584020928,35984536977,1,TS Declarations,validate-declarations,lavrov/angular-remove-four-space-lines,failure,Install dependencies,https://github.com/DevExpress/DevExtreme/actions/runs/35984536977/job/107584020928
"24.09.26, 09:37:46",107577111417,35982387597,1,TS Declarations,validate-declarations,fix/remove_old_playground_approaches,cancelled,Post Setup pnpm cache,https://github.com/DevExpress/DevExtreme/actions/runs/35982387597/job/107577111417
"24.09.26, 09:37:46",107577111623,35982387597,1,TS Declarations,check-ts-bundle,fix/remove_old_playground_approaches,cancelled,Post Setup pnpm cache,https://github.com/DevExpress/DevExtreme/actions/runs/35982387597/job/107577111623
"24.09.26, 09:39:51",107577786999,35982387597,1,TS Declarations,Send notifications,fix/remove_old_playground_approaches,cancelled,,https://github.com/DevExpress/DevExtreme/actions/runs/35982387597/job/107577786999
"24.09.26, 14:24:59",107676965820,36012008303,1,Demos Visual Tests,jquery-accessibility-material.blue.dark,lavrov/stop-wrappers-generation,failure,,https://github.com/DevExpress/DevExtreme/actions/runs/36012008303/job/107676965820
"24.09.26, 14:28:17",107678353193,36012008303,1,Demos Visual Tests,vue(2/5)-screenshots-fluent.blue.light,lavrov/stop-wrappers-generation,failure,,https://github.com/DevExpress/DevExtreme/actions/runs/36012008303/job/107678353193
"24.09.26, 14:18:14",107674125667,36011692294,1,Demos Visual Tests,Build DevExtreme,lavrov/stop-wrappers-generation,cancelled,DevExtreme - Build-all,https://github.com/DevExpress/DevExtreme/actions/runs/36011692294/job/107674125667
"24.09.26, 14:20:32",107675092199,36011692294,1,Demos Visual Tests,CSP check (jQuery),lavrov/stop-wrappers-generation,cancelled,,https://github.com/DevExpress/DevExtreme/actions/runs/36011692294/job/107675092199
"24.09.26, 14:20:32",107675092248,36011692294,1,Demos Visual Tests,Check TS and lint code base,lavrov/stop-wrappers-generation,cancelled,,https://github.com/DevExpress/DevExtreme/actions/runs/36011692294/job/107675092248
"24.09.26, 14:20:32",107675092343,36011692294,1,Demos Visual Tests,"Build vendor bundles (React, Vue)",lavrov/stop-wrappers-generation,cancelled,,https://github.com/DevExpress/DevExtreme/actions/runs/36011692294/job/107675092343
"24.09.26, 14:20:32",107675093200,36011692294,1,Demos Visual Tests,"matrix.SHARD_TOTAL == 1 && format('CSP check ({0})', matrix.FRAMEWORK) || format('CSP check ({0} {1}/{2})', matrix.FRAMEWORK, matrix.SHARD_INDEX, matrix.SHARD_TOTAL)",lavrov/stop-wrappers-generation,cancelled,,https://github.com/DevExpress/DevExtreme/actions/runs/36011692294/job/107675093200
"24.09.26, 14:20:32",107675094269,36011692294,1,Demos Visual Tests,${{ matrix.CONSTEL }}-screenshots-${{ matrix.THEME }},lavrov/stop-wrappers-generation,cancelled,,https://github.com/DevExpress/DevExtreme/actions/runs/36011692294/job/107675094269
"24.09.26, 14:20:33",107675095290,36011692294,1,Demos Visual Tests,merge-artifacts,lavrov/stop-wrappers-generation,cancelled,,https://github.com/DevExpress/DevExtreme/actions/runs/36011692294/job/107675095290
"24.09.26, 14:20:34",107675107960,36011692294,1,Demos Visual Tests,"matrix.SHARD_TOTAL == 1 && format('Build demos ({0})', matrix.FRAMEWORK) || format('Build demos ({0} {1}/{2})', matrix.FRAMEWORK, matrix.SHARD_INDEX, matrix.SHARD_TOTAL)",lavrov/stop-wrappers-generation,cancelled,,https://github.com/DevExpress/DevExtreme/actions/runs/36011692294/job/107675107960
"24.09.26, 14:20:35",107675108504,36011692294,1,Demos Visual Tests,CSP Violations Summary,lavrov/stop-wrappers-generation,cancelled,,https://github.com/DevExpress/DevExtreme/actions/runs/36011692294/job/107675108504
"24.09.26, 14:20:35",107675109311,36011692294,1,Demos Visual Tests,${{ matrix.CONSTEL }}-${{ matrix.STRATEGY }}-${{ matrix.THEME }},lavrov/stop-wrappers-generation,cancelled,,https://github.com/DevExpress/DevExtreme/actions/runs/36011692294/job/107675109311
"24.09.26, 14:20:35",107675109415,36011692294,1,Demos Visual Tests,Check generated demos,lavrov/stop-wrappers-generation,cancelled,,https://github.com/DevExpress/DevExtreme/actions/runs/36011692294/job/107675109415
"24.09.26, 14:09:54",107670640471,36010760655,1,Demos Visual Tests,Build DevExtreme,lavrov/stop-wrappers-generation,cancelled,Post Setup pnpm cache,https://github.com/DevExpress/DevExtreme/actions/runs/36010760655/job/107670640471
"24.09.26, 14:18:00",107674028138,36010760655,1,Demos Visual Tests,CSP check (jQuery),lavrov/stop-wrappers-generation,cancelled,,https://github.com/DevExpress/DevExtreme/actions/runs/36010760655/job/107674028138
"24.09.26, 14:18:00",107674028513,36010760655,1,Demos Visual Tests,Check TS and lint code base,lavrov/stop-wrappers-generation,cancelled,,https://github.com/DevExpress/DevExtreme/actions/runs/36010760655/job/107674028513
"24.09.26, 14:18:00",107674028818,36010760655,1,Demos Visual Tests,"matrix.SHARD_TOTAL == 1 && format('CSP check ({0})', matrix.FRAMEWORK) || format('CSP check ({0} {1}/{2})', matrix.FRAMEWORK, matrix.SHARD_INDEX, matrix.SHARD_TOTAL)",lavrov/stop-wrappers-generation,cancelled,,https://github.com/DevExpress/DevExtreme/actions/runs/36010760655/job/107674028818
"24.09.26, 14:18:00",107674028844,36010760655,1,Demos Visual Tests,"Build vendor bundles (React, Vue)",lavrov/stop-wrappers-generation,cancelled,,https://github.com/DevExpress/DevExtreme/actions/runs/36010760655/job/107674028844
"24.09.26, 14:18:00",107674028858,36010760655,1,Demos Visual Tests,Check generated demos,lavrov/stop-wrappers-generation,cancelled,,https://github.com/DevExpress/DevExtreme/actions/runs/36010760655/job/107674028858
"24.09.26, 14:18:00",107674029226,36010760655,1,Demos Visual Tests,${{ matrix.CONSTEL }}-${{ matrix.STRATEGY }}-${{ matrix.THEME }},lavrov/stop-wrappers-generation,cancelled,,https://github.com/DevExpress/DevExtreme/actions/runs/36010760655/job/107674029226
"24.09.26, 14:18:00",107674029555,36010760655,1,Demos Visual Tests,CSP Violations Summary,lavrov/stop-wrappers-generation,cancelled,,https://github.com/DevExpress/DevExtreme/actions/runs/36010760655/job/107674029555
"24.09.26, 14:18:00",107674030607,36010760655,1,Demos Visual Tests,"matrix.SHARD_TOTAL == 1 && format('Build demos ({0})', matrix.FRAMEWORK) || format('Build demos ({0} {1}/{2})', matrix.FRAMEWORK, matrix.SHARD_INDEX, matrix.SHARD_TOTAL)",lavrov/stop-wrappers-generation,cancelled,,https://github.com/DevExpress/DevExtreme/actions/runs/36010760655/job/107674030607
"24.09.26, 14:18:00",107674031349,36010760655,1,Demos Visual Tests,${{ matrix.CONSTEL }}-screenshots-${{ matrix.THEME }},lavrov/stop-wrappers-generation,cancelled,,https://github.com/DevExpress/DevExtreme/actions/runs/36010760655/job/107674031349
"24.09.26, 14:18:00",107674031570,36010760655,1,Demos Visual Tests,merge-artifacts,lavrov/stop-wrappers-generation,cancelled,,https://github.com/DevExpress/DevExtreme/actions/runs/36010760655/job/107674031570
"24.09.26, 13:25:08",107652544149,36004826418,1,Demos Visual Tests,CSP check (React 1/2),feature/viz-tokens,failure,,https://github.com/DevExpress/DevExtreme/actions/runs/36004826418/job/107652544149
"24.09.26, 13:25:08",107652544348,36004826418,1,Demos Visual Tests,jquery(2/3)-screenshots-material.blue.light,feature/viz-tokens,failure,,https://github.com/DevExpress/DevExtreme/actions/runs/36004826418/job/107652544348
"24.09.26, 13:25:08",107652544367,36004826418,1,Demos Visual Tests,jquery-accessibility-fluent.blue.light,feature/viz-tokens,failure,,https://github.com/DevExpress/DevExtreme/actions/runs/36004826418/job/107652544367
"24.09.26, 13:22:41",107651585329,36004219260,1,Demos Visual Tests,CSP check (jQuery),refactor/columnscontroller-controller-types-main,failure,,https://github.com/DevExpress/DevExtreme/actions/runs/36004219260/job/107651585329
"24.09.26, 13:22:41",107651585499,36004219260,1,Demos Visual Tests,jquery-accessibility-material.blue.dark,refactor/columnscontroller-controller-types-main,failure,,https://github.com/DevExpress/DevExtreme/actions/runs/36004219260/job/107651585499
"24.09.26, 13:08:13",107646022597,36002496300,1,Demos Visual Tests,CSP check (jQuery),feature/viz-tokens,cancelled,Run CSP Check,https://github.com/DevExpress/DevExtreme/actions/runs/36002496300/job/107646022597
"24.09.26, 13:19:32",107650341511,36002496300,1,Demos Visual Tests,CSP Violations Summary,feature/viz-tokens,cancelled,,https://github.com/DevExpress/DevExtreme/actions/runs/36002496300/job/107650341511
"24.09.26, 12:40:17",107635770005,35999514808,1,Demos Visual Tests,CSP check (jQuery),feature/scheduler-dst-grid/main,cancelled,Run CSP Check,https://github.com/DevExpress/DevExtreme/actions/runs/35999514808/job/107635770005
"24.09.26, 12:40:17",107635770308,35999514808,1,Demos Visual Tests,CSP check (React 2/2),feature/scheduler-dst-grid/main,cancelled,Run CSP Check,https://github.com/DevExpress/DevExtreme/actions/runs/35999514808/job/107635770308
"24.09.26, 12:40:17",107635770346,35999514808,1,Demos Visual Tests,CSP check (Vue 2/2),feature/scheduler-dst-grid/main,cancelled,Run CSP Check,https://github.com/DevExpress/DevExtreme/actions/runs/35999514808/job/107635770346
"24.09.26, 12:40:17",107635770381,35999514808,1,Demos Visual Tests,CSP check (Angular 1/3),feature/scheduler-dst-grid/main,cancelled,Run CSP Check,https://github.com/DevExpress/DevExtreme/actions/runs/35999514808/job/107635770381
"24.09.26, 12:40:17",107635770388,35999514808,1,Demos Visual Tests,CSP check (Angular 3/3),feature/scheduler-dst-grid/main,cancelled,,https://github.com/DevExpress/DevExtreme/actions/runs/35999514808/job/107635770388
"24.09.26, 12:40:17",107635770390,35999514808,1,Demos Visual Tests,CSP check (Angular 2/3),feature/scheduler-dst-grid/main,cancelled,Run CSP Check,https://github.com/DevExpress/DevExtreme/actions/runs/35999514808/job/107635770390
"24.09.26, 12:40:17",107635770436,35999514808,1,Demos Visual Tests,CSP check (React 1/2),feature/scheduler-dst-grid/main,cancelled,Run CSP Check,https://github.com/DevExpress/DevExtreme/actions/runs/35999514808/job/107635770436
"24.09.26, 12:40:17",107635770489,35999514808,1,Demos Visual Tests,CSP check (Vue 1/2),feature/scheduler-dst-grid/main,cancelled,Run CSP Check,https://github.com/DevExpress/DevExtreme/actions/runs/35999514808/job/107635770489
"24.09.26, 12:43:36",107636936867,35999514808,1,Demos Visual Tests,react(2/3)-screenshots-fluent.blue.light,feature/scheduler-dst-grid/main,cancelled,Run TestCafe tests,https://github.com/DevExpress/DevExtreme/actions/runs/35999514808/job/107636936867
"24.09.26, 12:43:36",107636936874,35999514808,1,Demos Visual Tests,vue(4/5)-screenshots-fluent.blue.light,feature/scheduler-dst-grid/main,cancelled,Run TestCafe tests,https://github.com/DevExpress/DevExtreme/actions/runs/35999514808/job/107636936874
"24.09.26, 12:43:36",107636936877,35999514808,1,Demos Visual Tests,vue(1/5)-screenshots-fluent.blue.light,feature/scheduler-dst-grid/main,cancelled,Run TestCafe tests,https://github.com/DevExpress/DevExtreme/actions/runs/35999514808/job/107636936877
"24.09.26, 12:43:36",107636936886,35999514808,1,Demos Visual Tests,vue(3/5)-screenshots-fluent.blue.light,feature/scheduler-dst-grid/main,cancelled,Run TestCafe tests,https://github.com/DevExpress/DevExtreme/actions/runs/35999514808/job/107636936886
"24.09.26, 12:43:36",107636936902,35999514808,1,Demos Visual Tests,vue(2/5)-screenshots-fluent.blue.light,feature/scheduler-dst-grid/main,cancelled,Run TestCafe tests,https://github.com/DevExpress/DevExtreme/actions/runs/35999514808/job/107636936902
"24.09.26, 12:43:36",107636936933,35999514808,1,Demos Visual Tests,react(1/3)-screenshots-fluent.blue.light,feature/scheduler-dst-grid/main,cancelled,Run TestCafe tests,https://github.com/DevExpress/DevExtreme/actions/runs/35999514808/job/107636936933
"24.09.26, 12:43:36",107636936937,35999514808,1,Demos Visual Tests,angular(9/10)-screenshots-fluent.blue.light,feature/scheduler-dst-grid/main,cancelled,,https://github.com/DevExpress/DevExtreme/actions/runs/35999514808/job/107636936937
"24.09.26, 12:43:36",107636936966,35999514808,1,Demos Visual Tests,angular(2/10)-screenshots-fluent.blue.light,feature/scheduler-dst-grid/main,cancelled,Run TestCafe tests,https://github.com/DevExpress/DevExtreme/actions/runs/35999514808/job/107636936966
"24.09.26, 12:43:36",107636936976,35999514808,1,Demos Visual Tests,angular(5/10)-screenshots-fluent.blue.light,feature/scheduler-dst-grid/main,cancelled,,https://github.com/DevExpress/DevExtreme/actions/runs/35999514808/job/107636936976
"24.09.26, 12:43:36",107636936991,35999514808,1,Demos Visual Tests,angular(3/10)-screenshots-fluent.blue.light,feature/scheduler-dst-grid/main,cancelled,,https://github.com/DevExpress/DevExtreme/actions/runs/35999514808/job/107636936991
"24.09.26, 12:43:36",107636937045,35999514808,1,Demos Visual Tests,vue(5/5)-screenshots-fluent.blue.light,feature/scheduler-dst-grid/main,cancelled,Run TestCafe tests,https://github.com/DevExpress/DevExtreme/actions/runs/35999514808/job/107636937045
"24.09.26, 12:43:36",107636937054,35999514808,1,Demos Visual Tests,angular(6/10)-screenshots-fluent.blue.light,feature/scheduler-dst-grid/main,cancelled,,https://github.com/DevExpress/DevExtreme/actions/runs/35999514808/job/107636937054
"24.09.26, 12:43:36",107636937147,35999514808,1,Demos Visual Tests,angular(1/10)-screenshots-fluent.blue.light,feature/scheduler-dst-grid/main,cancelled,,https://github.com/DevExpress/DevExtreme/actions/runs/35999514808/job/107636937147
"24.09.26, 12:43:36",107636937201,35999514808,1,Demos Visual Tests,react(3/3)-screenshots-fluent.blue.light,feature/scheduler-dst-grid/main,cancelled,Run TestCafe tests,https://github.com/DevExpress/DevExtreme/actions/runs/35999514808/job/107636937201
"24.09.26, 12:43:36",107636937225,35999514808,1,Demos Visual Tests,angular(4/10)-screenshots-fluent.blue.light,feature/scheduler-dst-grid/main,cancelled,,https://github.com/DevExpress/DevExtreme/actions/runs/35999514808/job/107636937225
"24.09.26, 12:47:37",107638388123,35999514808,1,Demos Visual Tests,CSP Violations Summary,feature/scheduler-dst-grid/main,cancelled,,https://github.com/DevExpress/DevExtreme/actions/runs/35999514808/job/107638388123
"24.09.26, 12:47:56",107638505616,35999514808,1,Demos Visual Tests,merge-artifacts,feature/scheduler-dst-grid/main,cancelled,,https://github.com/DevExpress/DevExtreme/actions/runs/35999514808/job/107638505616
"24.09.26, 12:23:26",107629888566,35998596939,1,Demos Visual Tests,Build DevExtreme,lavrov/stop-wrappers-generation,cancelled,Post Setup pnpm cache,https://github.com/DevExpress/DevExtreme/actions/runs/35998596939/job/107629888566
"24.09.26, 12:27:38",107631345031,35998596939,1,Demos Visual Tests,Check generated demos,lavrov/stop-wrappers-generation,cancelled,,https://github.com/DevExpress/DevExtreme/actions/runs/35998596939/job/107631345031
"24.09.26, 12:27:38",107631345097,35998596939,1,Demos Visual Tests,${{ matrix.CONSTEL }}-${{ matrix.STRATEGY }}-${{ matrix.THEME }},lavrov/stop-wrappers-generation,cancelled,,https://github.com/DevExpress/DevExtreme/actions/runs/35998596939/job/107631345097
"24.09.26, 12:27:38",107631345180,35998596939,1,Demos Visual Tests,Check TS and lint code base,lavrov/stop-wrappers-generation,cancelled,,https://github.com/DevExpress/DevExtreme/actions/runs/35998596939/job/107631345180
"24.09.26, 12:27:38",107631345642,35998596939,1,Demos Visual Tests,CSP check (jQuery),lavrov/stop-wrappers-generation,cancelled,,https://github.com/DevExpress/DevExtreme/actions/runs/35998596939/job/107631345642
"24.09.26, 12:27:38",107631345787,35998596939,1,Demos Visual Tests,"matrix.SHARD_TOTAL == 1 && format('CSP check ({0})', matrix.FRAMEWORK) || format('CSP check ({0} {1}/{2})', matrix.FRAMEWORK, matrix.SHARD_INDEX, matrix.SHARD_TOTAL)",lavrov/stop-wrappers-generation,cancelled,,https://github.com/DevExpress/DevExtreme/actions/runs/35998596939/job/107631345787
"24.09.26, 12:27:38",107631346021,35998596939,1,Demos Visual Tests,"Build vendor bundles (React, Vue)",lavrov/stop-wrappers-generation,cancelled,,https://github.com/DevExpress/DevExtreme/actions/runs/35998596939/job/107631346021
"24.09.26, 12:27:38",107631346258,35998596939,1,Demos Visual Tests,CSP Violations Summary,lavrov/stop-wrappers-generation,cancelled,,https://github.com/DevExpress/DevExtreme/actions/runs/35998596939/job/107631346258
"24.09.26, 12:27:38",107631346791,35998596939,1,Demos Visual Tests,"matrix.SHARD_TOTAL == 1 && format('Build demos ({0})', matrix.FRAMEWORK) || format('Build demos ({0} {1}/{2})', matrix.FRAMEWORK, matrix.SHARD_INDEX, matrix.SHARD_TOTAL)",lavrov/stop-wrappers-generation,cancelled,,https://github.com/DevExpress/DevExtreme/actions/runs/35998596939/job/107631346791
"24.09.26, 12:27:38",107631346802,35998596939,1,Demos Visual Tests,${{ matrix.CONSTEL }}-screenshots-${{ matrix.THEME }},lavrov/stop-wrappers-generation,cancelled,,https://github.com/DevExpress/DevExtreme/actions/runs/35998596939/job/107631346802
"24.09.26, 12:27:38",107631347503,35998596939,1,Demos Visual Tests,merge-artifacts,lavrov/stop-wrappers-generation,cancelled,,https://github.com/DevExpress/DevExtreme/actions/runs/35998596939/job/107631347503
"24.09.26, 12:19:29",107628534605,35998255599,1,Demos Visual Tests,Build DevExtreme,lavrov/stop-wrappers-generation,cancelled,DevExtreme - Build-all,https://github.com/DevExpress/DevExtreme/actions/runs/35998255599/job/107628534605
"24.09.26, 12:23:16",107629831054,35998255599,1,Demos Visual Tests,"Build vendor bundles (React, Vue)",lavrov/stop-wrappers-generation,cancelled,,https://github.com/DevExpress/DevExtreme/actions/runs/35998255599/job/107629831054
"24.09.26, 12:23:16",107629831066,35998255599,1,Demos Visual Tests,${{ matrix.CONSTEL }}-${{ matrix.STRATEGY }}-${{ matrix.THEME }},lavrov/stop-wrappers-generation,cancelled,,https://github.com/DevExpress/DevExtreme/actions/runs/35998255599/job/107629831066
"24.09.26, 12:23:16",107629831295,35998255599,1,Demos Visual Tests,CSP check (jQuery),lavrov/stop-wrappers-generation,cancelled,,https://github.com/DevExpress/DevExtreme/actions/runs/35998255599/job/107629831295
"24.09.26, 12:23:16",107629831367,35998255599,1,Demos Visual Tests,Check TS and lint code base,lavrov/stop-wrappers-generation,cancelled,,https://github.com/DevExpress/DevExtreme/actions/runs/35998255599/job/107629831367
"24.09.26, 12:23:16",107629831433,35998255599,1,Demos Visual Tests,Check generated demos,lavrov/stop-wrappers-generation,cancelled,,https://github.com/DevExpress/DevExtreme/actions/runs/35998255599/job/107629831433
"24.09.26, 12:23:16",107629831737,35998255599,1,Demos Visual Tests,"matrix.SHARD_TOTAL == 1 && format('Build demos ({0})', matrix.FRAMEWORK) || format('Build demos ({0} {1}/{2})', matrix.FRAMEWORK, matrix.SHARD_INDEX, matrix.SHARD_TOTAL)",lavrov/stop-wrappers-generation,cancelled,,https://github.com/DevExpress/DevExtreme/actions/runs/35998255599/job/107629831737
"24.09.26, 12:23:16",107629831767,35998255599,1,Demos Visual Tests,"matrix.SHARD_TOTAL == 1 && format('CSP check ({0})', matrix.FRAMEWORK) || format('CSP check ({0} {1}/{2})', matrix.FRAMEWORK, matrix.SHARD_INDEX, matrix.SHARD_TOTAL)",lavrov/stop-wrappers-generation,cancelled,,https://github.com/DevExpress/DevExtreme/actions/runs/35998255599/job/107629831767
"24.09.26, 12:23:16",107629832190,35998255599,1,Demos Visual Tests,CSP Violations Summary,lavrov/stop-wrappers-generation,cancelled,,https://github.com/DevExpress/DevExtreme/actions/runs/35998255599/job/107629832190
"24.09.26, 12:23:16",107629833084,35998255599,1,Demos Visual Tests,${{ matrix.CONSTEL }}-screenshots-${{ matrix.THEME }},lavrov/stop-wrappers-generation,cancelled,,https://github.com/DevExpress/DevExtreme/actions/runs/35998255599/job/107629833084
"24.09.26, 12:23:16",107629833449,35998255599,1,Demos Visual Tests,merge-artifacts,lavrov/stop-wrappers-generation,cancelled,,https://github.com/DevExpress/DevExtreme/actions/runs/35998255599/job/107629833449
"24.09.26, 12:23:07",107629780501,35997852573,1,Demos Visual Tests,CSP check (Vue 2/2),feature/scheduler-dst-grid/main,cancelled,,https://github.com/DevExpress/DevExtreme/actions/runs/35997852573/job/107629780501
"24.09.26, 12:23:07",107629780541,35997852573,1,Demos Visual Tests,CSP check (React 2/2),feature/scheduler-dst-grid/main,cancelled,,https://github.com/DevExpress/DevExtreme/actions/runs/35997852573/job/107629780541
"24.09.26, 12:23:07",107629780549,35997852573,1,Demos Visual Tests,CSP check (React 1/2),feature/scheduler-dst-grid/main,cancelled,,https://github.com/DevExpress/DevExtreme/actions/runs/35997852573/job/107629780549
"24.09.26, 12:23:07",107629780561,35997852573,1,Demos Visual Tests,CSP check (jQuery),feature/scheduler-dst-grid/main,cancelled,Run CSP Check,https://github.com/DevExpress/DevExtreme/actions/runs/35997852573/job/107629780561
"24.09.26, 12:27:25",107631272277,35997852573,1,Demos Visual Tests,vue(1/5)-screenshots-fluent.blue.light,feature/scheduler-dst-grid/main,cancelled,Run TestCafe tests,https://github.com/DevExpress/DevExtreme/actions/runs/35997852573/job/107631272277
"24.09.26, 12:27:25",107631272336,35997852573,1,Demos Visual Tests,react(2/3)-screenshots-fluent.blue.light,feature/scheduler-dst-grid/main,cancelled,Run TestCafe tests,https://github.com/DevExpress/DevExtreme/actions/runs/35997852573/job/107631272336
"24.09.26, 12:27:25",107631272337,35997852573,1,Demos Visual Tests,angular(5/10)-screenshots-fluent.blue.light,feature/scheduler-dst-grid/main,cancelled,Run TestCafe tests,https://github.com/DevExpress/DevExtreme/actions/runs/35997852573/job/107631272337
"24.09.26, 12:27:25",107631272343,35997852573,1,Demos Visual Tests,vue(4/5)-screenshots-fluent.blue.light,feature/scheduler-dst-grid/main,cancelled,Run TestCafe tests,https://github.com/DevExpress/DevExtreme/actions/runs/35997852573/job/107631272343
"24.09.26, 12:27:25",107631272349,35997852573,1,Demos Visual Tests,angular(10/10)-screenshots-fluent.blue.light,feature/scheduler-dst-grid/main,cancelled,Run TestCafe tests,https://github.com/DevExpress/DevExtreme/actions/runs/35997852573/job/107631272349
"24.09.26, 12:27:25",107631272352,35997852573,1,Demos Visual Tests,angular(2/10)-screenshots-fluent.blue.light,feature/scheduler-dst-grid/main,cancelled,Run TestCafe tests,https://github.com/DevExpress/DevExtreme/actions/runs/35997852573/job/107631272352
"24.09.26, 12:27:25",107631272361,35997852573,1,Demos Visual Tests,angular(3/10)-screenshots-fluent.blue.light,feature/scheduler-dst-grid/main,cancelled,Run TestCafe tests,https://github.com/DevExpress/DevExtreme/actions/runs/35997852573/job/107631272361
"24.09.26, 12:27:25",107631272406,35997852573,1,Demos Visual Tests,angular(7/10)-screenshots-fluent.blue.light,feature/scheduler-dst-grid/main,cancelled,Run TestCafe tests,https://github.com/DevExpress/DevExtreme/actions/runs/35997852573/job/107631272406
"24.09.26, 12:27:25",107631272423,35997852573,1,Demos Visual Tests,angular(4/10)-screenshots-fluent.blue.light,feature/scheduler-dst-grid/main,cancelled,Run TestCafe tests,https://github.com/DevExpress/DevExtreme/actions/runs/35997852573/job/107631272423
"24.09.26, 12:27:25",107631272429,35997852573,1,Demos Visual Tests,angular(6/10)-screenshots-fluent.blue.light,feature/scheduler-dst-grid/main,cancelled,Run TestCafe tests,https://github.com/DevExpress/DevExtreme/actions/runs/35997852573/job/107631272429
"24.09.26, 12:27:25",107631272466,35997852573,1,Demos Visual Tests,angular(9/10)-screenshots-fluent.blue.light,feature/scheduler-dst-grid/main,cancelled,Run TestCafe tests,https://github.com/DevExpress/DevExtreme/actions/runs/35997852573/job/107631272466
"24.09.26, 12:27:25",107631272484,35997852573,1,Demos Visual Tests,angular(1/10)-screenshots-fluent.blue.light,feature/scheduler-dst-grid/main,cancelled,Run TestCafe tests,https://github.com/DevExpress/DevExtreme/actions/runs/35997852573/job/107631272484
"24.09.26, 12:27:25",107631272487,35997852573,1,Demos Visual Tests,react(3/3)-screenshots-fluent.blue.light,feature/scheduler-dst-grid/main,cancelled,Run TestCafe tests,https://github.com/DevExpress/DevExtreme/actions/runs/35997852573/job/107631272487
"24.09.26, 12:27:25",107631272517,35997852573,1,Demos Visual Tests,react(1/3)-screenshots-fluent.blue.light,feature/scheduler-dst-grid/main,cancelled,Run TestCafe tests,https://github.com/DevExpress/DevExtreme/actions/runs/35997852573/job/107631272517
"24.09.26, 12:27:25",107631272518,35997852573,1,Demos Visual Tests,vue(3/5)-screenshots-fluent.blue.light,feature/scheduler-dst-grid/main,cancelled,Run TestCafe tests,https://github.com/DevExpress/DevExtreme/actions/runs/35997852573/job/107631272518
"24.09.26, 12:27:25",107631272519,35997852573,1,Demos Visual Tests,vue(2/5)-screenshots-fluent.blue.light,feature/scheduler-dst-grid/main,cancelled,Run TestCafe tests,https://github.com/DevExpress/DevExtreme/actions/runs/35997852573/job/107631272519
"24.09.26, 12:27:25",107631272530,35997852573,1,Demos Visual Tests,vue(5/5)-screenshots-fluent.blue.light,feature/scheduler-dst-grid/main,cancelled,Run TestCafe tests,https://github.com/DevExpress/DevExtreme/actions/runs/35997852573/job/107631272530
"24.09.26, 12:27:25",107631272629,35997852573,1,Demos Visual Tests,angular(8/10)-screenshots-fluent.blue.light,feature/scheduler-dst-grid/main,cancelled,Run TestCafe tests,https://github.com/DevExpress/DevExtreme/actions/runs/35997852573/job/107631272629
"24.09.26, 12:31:27",107632683143,35997852573,1,Demos Visual Tests,CSP Violations Summary,feature/scheduler-dst-grid/main,cancelled,,https://github.com/DevExpress/DevExtreme/actions/runs/35997852573/job/107632683143
"24.09.26, 12:31:46",107632797099,35997852573,1,Demos Visual Tests,merge-artifacts,feature/scheduler-dst-grid/main,cancelled,,https://github.com/DevExpress/DevExtreme/actions/runs/35997852573/job/107632797099
"24.09.26, 12:11:14",107625729460,35997458206,1,Demos Visual Tests,Build DevExtreme,lavrov/stop-wrappers-generation,cancelled,Post Setup pnpm cache,https://github.com/DevExpress/DevExtreme/actions/runs/35997458206/job/107625729460
"24.09.26, 12:19:19",107628475070,35997458206,1,Demos Visual Tests,${{ matrix.CONSTEL }}-${{ matrix.STRATEGY }}-${{ matrix.THEME }},lavrov/stop-wrappers-generation,cancelled,,https://github.com/DevExpress/DevExtreme/actions/runs/35997458206/job/107628475070
"24.09.26, 12:19:19",107628475311,35997458206,1,Demos Visual Tests,Check generated demos,lavrov/stop-wrappers-generation,cancelled,,https://github.com/DevExpress/DevExtreme/actions/runs/35997458206/job/107628475311
"24.09.26, 12:19:19",107628475333,35997458206,1,Demos Visual Tests,"matrix.SHARD_TOTAL == 1 && format('CSP check ({0})', matrix.FRAMEWORK) || format('CSP check ({0} {1}/{2})', matrix.FRAMEWORK, matrix.SHARD_INDEX, matrix.SHARD_TOTAL)",lavrov/stop-wrappers-generation,cancelled,,https://github.com/DevExpress/DevExtreme/actions/runs/35997458206/job/107628475333
"24.09.26, 12:19:19",107628475356,35997458206,1,Demos Visual Tests,"Build vendor bundles (React, Vue)",lavrov/stop-wrappers-generation,cancelled,,https://github.com/DevExpress/DevExtreme/actions/runs/35997458206/job/107628475356
"24.09.26, 12:19:19",107628475374,35997458206,1,Demos Visual Tests,CSP check (jQuery),lavrov/stop-wrappers-generation,cancelled,,https://github.com/DevExpress/DevExtreme/actions/runs/35997458206/job/107628475374
"24.09.26, 12:19:19",107628475479,35997458206,1,Demos Visual Tests,Check TS and lint code base,lavrov/stop-wrappers-generation,cancelled,,https://github.com/DevExpress/DevExtreme/actions/runs/35997458206/job/107628475479
"24.09.26, 12:19:19",107628476090,35997458206,1,Demos Visual Tests,CSP Violations Summary,lavrov/stop-wrappers-generation,cancelled,,https://github.com/DevExpress/DevExtreme/actions/runs/35997458206/job/107628476090
"24.09.26, 12:19:19",107628476494,35997458206,1,Demos Visual Tests,${{ matrix.CONSTEL }}-screenshots-${{ matrix.THEME }},lavrov/stop-wrappers-generation,cancelled,,https://github.com/DevExpress/DevExtreme/actions/runs/35997458206/job/107628476494
"24.09.26, 12:19:19",107628476757,35997458206,1,Demos Visual Tests,"matrix.SHARD_TOTAL == 1 && format('Build demos ({0})', matrix.FRAMEWORK) || format('Build demos ({0} {1}/{2})', matrix.FRAMEWORK, matrix.SHARD_INDEX, matrix.SHARD_TOTAL)",lavrov/stop-wrappers-generation,cancelled,,https://github.com/DevExpress/DevExtreme/actions/runs/35997458206/job/107628476757
"24.09.26, 12:19:19",107628477573,35997458206,1,Demos Visual Tests,merge-artifacts,lavrov/stop-wrappers-generation,cancelled,,https://github.com/DevExpress/DevExtreme/actions/runs/35997458206/job/107628477573
"24.09.26, 11:53:34",107619934265,35994569521,1,Demos Visual Tests,vue(4/5)-screenshots-fluent.blue.light,lavrov/stop-wrappers-generation,failure,,https://github.com/DevExpress/DevExtreme/actions/runs/35994569521/job/107619934265
"24.09.26, 11:39:40",107615512089,35994208680,1,Demos Visual Tests,Build DevExtreme,lavrov/stop-wrappers-generation,cancelled,DevExtreme - Build-all,https://github.com/DevExpress/DevExtreme/actions/runs/35994208680/job/107615512089
"24.09.26, 11:42:59",107616553483,35994208680,1,Demos Visual Tests,CSP check (jQuery),lavrov/stop-wrappers-generation,cancelled,,https://github.com/DevExpress/DevExtreme/actions/runs/35994208680/job/107616553483
"24.09.26, 11:42:59",107616553967,35994208680,1,Demos Visual Tests,"matrix.SHARD_TOTAL == 1 && format('Build demos ({0})', matrix.FRAMEWORK) || format('Build demos ({0} {1}/{2})', matrix.FRAMEWORK, matrix.SHARD_INDEX, matrix.SHARD_TOTAL)",lavrov/stop-wrappers-generation,cancelled,,https://github.com/DevExpress/DevExtreme/actions/runs/35994208680/job/107616553967
"24.09.26, 11:42:59",107616554087,35994208680,1,Demos Visual Tests,"Build vendor bundles (React, Vue)",lavrov/stop-wrappers-generation,cancelled,,https://github.com/DevExpress/DevExtreme/actions/runs/35994208680/job/107616554087
"24.09.26, 11:42:59",107616554117,35994208680,1,Demos Visual Tests,${{ matrix.CONSTEL }}-${{ matrix.STRATEGY }}-${{ matrix.THEME }},lavrov/stop-wrappers-generation,cancelled,,https://github.com/DevExpress/DevExtreme/actions/runs/35994208680/job/107616554117
"24.09.26, 11:42:59",107616554121,35994208680,1,Demos Visual Tests,Check TS and lint code base,lavrov/stop-wrappers-generation,cancelled,,https://github.com/DevExpress/DevExtreme/actions/runs/35994208680/job/107616554121
"24.09.26, 11:42:59",107616554148,35994208680,1,Demos Visual Tests,"matrix.SHARD_TOTAL == 1 && format('CSP check ({0})', matrix.FRAMEWORK) || format('CSP check ({0} {1}/{2})', matrix.FRAMEWORK, matrix.SHARD_INDEX, matrix.SHARD_TOTAL)",lavrov/stop-wrappers-generation,cancelled,,https://github.com/DevExpress/DevExtreme/actions/runs/35994208680/job/107616554148
"24.09.26, 11:42:59",107616554305,35994208680,1,Demos Visual Tests,Check generated demos,lavrov/stop-wrappers-generation,cancelled,,https://github.com/DevExpress/DevExtreme/actions/runs/35994208680/job/107616554305
"24.09.26, 11:42:59",107616554480,35994208680,1,Demos Visual Tests,CSP Violations Summary,lavrov/stop-wrappers-generation,cancelled,,https://github.com/DevExpress/DevExtreme/actions/runs/35994208680/job/107616554480
"24.09.26, 11:42:59",107616554793,35994208680,1,Demos Visual Tests,${{ matrix.CONSTEL }}-screenshots-${{ matrix.THEME }},lavrov/stop-wrappers-generation,cancelled,,https://github.com/DevExpress/DevExtreme/actions/runs/35994208680/job/107616554793
"24.09.26, 11:42:59",107616555734,35994208680,1,Demos Visual Tests,merge-artifacts,lavrov/stop-wrappers-generation,cancelled,,https://github.com/DevExpress/DevExtreme/actions/runs/35994208680/job/107616555734
"24.09.26, 11:40:20",107615717846,35993627513,1,Demos Visual Tests,CSP check (jQuery),feature/scheduler-dst-grid/main,cancelled,Run CSP Check,https://github.com/DevExpress/DevExtreme/actions/runs/35993627513/job/107615717846
"24.09.26, 11:43:35",107616749523,35993627513,1,Demos Visual Tests,react(1/3)-screenshots-fluent.blue.light,feature/scheduler-dst-grid/main,cancelled,,https://github.com/DevExpress/DevExtreme/actions/runs/35993627513/job/107616749523
"24.09.26, 11:49:24",107618600019,35993627513,1,Demos Visual Tests,merge-artifacts,feature/scheduler-dst-grid/main,cancelled,,https://github.com/DevExpress/DevExtreme/actions/runs/35993627513/job/107618600019
"24.09.26, 11:49:38",107618675752,35993627513,1,Demos Visual Tests,CSP Violations Summary,feature/scheduler-dst-grid/main,cancelled,,https://github.com/DevExpress/DevExtreme/actions/runs/35993627513/job/107618675752
"24.09.26, 11:33:47",107613663178,35992752551,1,Demos Visual Tests,Check generated demos,lavrov/stop-wrappers-generation,cancelled,Check generated JS demos,https://github.com/DevExpress/DevExtreme/actions/runs/35992752551/job/107613663178
"24.09.26, 11:33:47",107613663200,35992752551,1,Demos Visual Tests,CSP check (jQuery),lavrov/stop-wrappers-generation,cancelled,Run CSP Check,https://github.com/DevExpress/DevExtreme/actions/runs/35992752551/job/107613663200
"24.09.26, 11:33:47",107613663386,35992752551,1,Demos Visual Tests,CSP check (React 1/2),lavrov/stop-wrappers-generation,cancelled,Run CSP Check,https://github.com/DevExpress/DevExtreme/actions/runs/35992752551/job/107613663386
"24.09.26, 11:33:47",107613663445,35992752551,1,Demos Visual Tests,CSP check (Angular 3/3),lavrov/stop-wrappers-generation,cancelled,Run CSP Check,https://github.com/DevExpress/DevExtreme/actions/runs/35992752551/job/107613663445
"24.09.26, 11:33:47",107613663518,35992752551,1,Demos Visual Tests,CSP check (React 2/2),lavrov/stop-wrappers-generation,cancelled,Run CSP Check,https://github.com/DevExpress/DevExtreme/actions/runs/35992752551/job/107613663518
"24.09.26, 11:33:47",107613663524,35992752551,1,Demos Visual Tests,CSP check (Vue 2/2),lavrov/stop-wrappers-generation,cancelled,Run CSP Check,https://github.com/DevExpress/DevExtreme/actions/runs/35992752551/job/107613663524
"24.09.26, 11:33:47",107613663560,35992752551,1,Demos Visual Tests,CSP check (Angular 1/3),lavrov/stop-wrappers-generation,cancelled,Run CSP Check,https://github.com/DevExpress/DevExtreme/actions/runs/35992752551/job/107613663560
"24.09.26, 11:33:47",107613663600,35992752551,1,Demos Visual Tests,CSP check (Angular 2/3),lavrov/stop-wrappers-generation,cancelled,Run CSP Check,https://github.com/DevExpress/DevExtreme/actions/runs/35992752551/job/107613663600
"24.09.26, 11:33:47",107613663741,35992752551,1,Demos Visual Tests,jquery-accessibility-material.blue.dark,lavrov/stop-wrappers-generation,cancelled,,https://github.com/DevExpress/DevExtreme/actions/runs/35992752551/job/107613663741
"24.09.26, 11:33:47",107613663750,35992752551,1,Demos Visual Tests,CSP check (Vue 1/2),lavrov/stop-wrappers-generation,cancelled,Run CSP Check,https://github.com/DevExpress/DevExtreme/actions/runs/35992752551/job/107613663750
"24.09.26, 11:33:47",107613663779,35992752551,1,Demos Visual Tests,jquery(1/3)-screenshots-fluent.blue.light,lavrov/stop-wrappers-generation,cancelled,Run TestCafe tests (jQuery),https://github.com/DevExpress/DevExtreme/actions/runs/35992752551/job/107613663779
"24.09.26, 11:33:47",107613663827,35992752551,1,Demos Visual Tests,jquery(2/3)-screenshots-material.blue.light,lavrov/stop-wrappers-generation,cancelled,Run TestCafe tests (jQuery),https://github.com/DevExpress/DevExtreme/actions/runs/35992752551/job/107613663827
"24.09.26, 11:33:47",107613663835,35992752551,1,Demos Visual Tests,jquery(3/3)-screenshots-fluent.blue.light,lavrov/stop-wrappers-generation,cancelled,,https://github.com/DevExpress/DevExtreme/actions/runs/35992752551/job/107613663835
"24.09.26, 11:33:47",107613663851,35992752551,1,Demos Visual Tests,jquery(2/3)-screenshots-fluent.blue.light,lavrov/stop-wrappers-generation,cancelled,Run TestCafe tests (jQuery),https://github.com/DevExpress/DevExtreme/actions/runs/35992752551/job/107613663851
"24.09.26, 11:33:47",107613663871,35992752551,1,Demos Visual Tests,jquery(1/3)-screenshots-material.blue.light,lavrov/stop-wrappers-generation,cancelled,Run TestCafe tests (jQuery),https://github.com/DevExpress/DevExtreme/actions/runs/35992752551/job/107613663871
"24.09.26, 11:33:47",107613663885,35992752551,1,Demos Visual Tests,jquery-accessibility-material.blue.light,lavrov/stop-wrappers-generation,cancelled,,https://github.com/DevExpress/DevExtreme/actions/runs/35992752551/job/107613663885
"24.09.26, 11:33:47",107613663958,35992752551,1,Demos Visual Tests,jquery-accessibility-fluent.blue.dark,lavrov/stop-wrappers-generation,cancelled,,https://github.com/DevExpress/DevExtreme/actions/runs/35992752551/job/107613663958
"24.09.26, 11:33:47",107613664196,35992752551,1,Demos Visual Tests,jquery(3/3)-screenshots-material.blue.light,lavrov/stop-wrappers-generation,cancelled,,https://github.com/DevExpress/DevExtreme/actions/runs/35992752551/job/107613664196
"24.09.26, 11:38:39",107615193856,35992752551,1,Demos Visual Tests,${{ matrix.CONSTEL }}-screenshots-${{ matrix.THEME }},lavrov/stop-wrappers-generation,cancelled,,https://github.com/DevExpress/DevExtreme/actions/runs/35992752551/job/107615193856
"24.09.26, 11:39:27",107615443076,35992752551,1,Demos Visual Tests,merge-artifacts,lavrov/stop-wrappers-generation,cancelled,,https://github.com/DevExpress/DevExtreme/actions/runs/35992752551/job/107615443076
"24.09.26, 11:39:30",107615458080,35992752551,1,Demos Visual Tests,CSP Violations Summary,lavrov/stop-wrappers-generation,cancelled,,https://github.com/DevExpress/DevExtreme/actions/runs/35992752551/job/107615458080
"24.09.26, 11:22:40",107610166962,35991735976,1,Demos Visual Tests,CSP check (jQuery),feature/scheduler-dst-grid/main,cancelled,Run CSP Check,https://github.com/DevExpress/DevExtreme/actions/runs/35991735976/job/107610166962
"24.09.26, 11:32:59",107613408990,35991735976,1,Demos Visual Tests,CSP Violations Summary,feature/scheduler-dst-grid/main,cancelled,,https://github.com/DevExpress/DevExtreme/actions/runs/35991735976/job/107613408990
"24.09.26, 11:01:23",107603463037,35989792656,1,Demos Visual Tests,CSP check (jQuery),feature/scheduler-dst-grid/main,cancelled,Run CSP Check,https://github.com/DevExpress/DevExtreme/actions/runs/35989792656/job/107603463037
"24.09.26, 11:13:43",107607367501,35989792656,1,Demos Visual Tests,CSP Violations Summary,feature/scheduler-dst-grid/main,cancelled,,https://github.com/DevExpress/DevExtreme/actions/runs/35989792656/job/107607367501
"24.09.26, 10:48:38",107599529887,35989363272,1,Demos Visual Tests,Build DevExtreme,feature/scheduler-dst-grid/main,cancelled,DevExtreme - Build-all,https://github.com/DevExpress/DevExtreme/actions/runs/35989363272/job/107599529887
"24.09.26, 10:53:55",107601170816,35989363272,1,Demos Visual Tests,${{ matrix.CONSTEL }}-${{ matrix.STRATEGY }}-${{ matrix.THEME }},feature/scheduler-dst-grid/main,cancelled,,https://github.com/DevExpress/DevExtreme/actions/runs/35989363272/job/107601170816
"24.09.26, 10:53:56",107601170835,35989363272,1,Demos Visual Tests,"Build vendor bundles (React, Vue)",feature/scheduler-dst-grid/main,cancelled,,https://github.com/DevExpress/DevExtreme/actions/runs/35989363272/job/107601170835
"24.09.26, 10:53:56",107601171014,35989363272,1,Demos Visual Tests,Check generated demos,feature/scheduler-dst-grid/main,cancelled,,https://github.com/DevExpress/DevExtreme/actions/runs/35989363272/job/107601171014
"24.09.26, 10:53:56",107601171361,35989363272,1,Demos Visual Tests,Check TS and lint code base,feature/scheduler-dst-grid/main,cancelled,,https://github.com/DevExpress/DevExtreme/actions/runs/35989363272/job/107601171361
"24.09.26, 10:53:56",107601171606,35989363272,1,Demos Visual Tests,CSP check (jQuery),feature/scheduler-dst-grid/main,cancelled,,https://github.com/DevExpress/DevExtreme/actions/runs/35989363272/job/107601171606
"24.09.26, 10:53:56",107601171674,35989363272,1,Demos Visual Tests,"matrix.SHARD_TOTAL == 1 && format('CSP check ({0})', matrix.FRAMEWORK) || format('CSP check ({0} {1}/{2})', matrix.FRAMEWORK, matrix.SHARD_INDEX, matrix.SHARD_TOTAL)",feature/scheduler-dst-grid/main,cancelled,,https://github.com/DevExpress/DevExtreme/actions/runs/35989363272/job/107601171674
"24.09.26, 10:53:56",107601171694,35989363272,1,Demos Visual Tests,"matrix.SHARD_TOTAL == 1 && format('Build demos ({0})', matrix.FRAMEWORK) || format('Build demos ({0} {1}/{2})', matrix.FRAMEWORK, matrix.SHARD_INDEX, matrix.SHARD_TOTAL)",feature/scheduler-dst-grid/main,cancelled,,https://github.com/DevExpress/DevExtreme/actions/runs/35989363272/job/107601171694
"24.09.26, 10:53:56",107601171962,35989363272,1,Demos Visual Tests,CSP Violations Summary,feature/scheduler-dst-grid/main,cancelled,,https://github.com/DevExpress/DevExtreme/actions/runs/35989363272/job/107601171962
"24.09.26, 10:53:56",107601172624,35989363272,1,Demos Visual Tests,${{ matrix.CONSTEL }}-screenshots-${{ matrix.THEME }},feature/scheduler-dst-grid/main,cancelled,,https://github.com/DevExpress/DevExtreme/actions/runs/35989363272/job/107601172624
"24.09.26, 10:53:56",107601172871,35989363272,1,Demos Visual Tests,merge-artifacts,feature/scheduler-dst-grid/main,cancelled,,https://github.com/DevExpress/DevExtreme/actions/runs/35989363272/job/107601172871
"24.09.26, 09:59:16",107584075863,35984537022,1,Demos Visual Tests,Build DevExtreme,lavrov/angular-remove-four-space-lines,failure,Install dependencies,https://github.com/DevExpress/DevExtreme/actions/runs/35984537022/job/107584075863
"24.09.26, 09:37:54",107577159819,35982387605,1,Demos Visual Tests,Build DevExtreme,fix/remove_old_playground_approaches,cancelled,DevExtreme - Build-all,https://github.com/DevExpress/DevExtreme/actions/runs/35982387605/job/107577159819
"24.09.26, 09:40:12",107577904396,35982387605,1,Demos Visual Tests,Check TS and lint code base,fix/remove_old_playground_approaches,cancelled,,https://github.com/DevExpress/DevExtreme/actions/runs/35982387605/job/107577904396
"24.09.26, 09:40:12",107577904430,35982387605,1,Demos Visual Tests,Check generated demos,fix/remove_old_playground_approaches,cancelled,,https://github.com/DevExpress/DevExtreme/actions/runs/35982387605/job/107577904430
"24.09.26, 09:40:12",107577904454,35982387605,1,Demos Visual Tests,${{ matrix.CONSTEL }}-${{ matrix.STRATEGY }}-${{ matrix.THEME }},fix/remove_old_playground_approaches,cancelled,,https://github.com/DevExpress/DevExtreme/actions/runs/35982387605/job/107577904454
"24.09.26, 09:40:12",107577904766,35982387605,1,Demos Visual Tests,CSP check (jQuery),fix/remove_old_playground_approaches,cancelled,,https://github.com/DevExpress/DevExtreme/actions/runs/35982387605/job/107577904766
"24.09.26, 09:40:12",107577904801,35982387605,1,Demos Visual Tests,"matrix.SHARD_TOTAL == 1 && format('Build demos ({0})', matrix.FRAMEWORK) || format('Build demos ({0} {1}/{2})', matrix.FRAMEWORK, matrix.SHARD_INDEX, matrix.SHARD_TOTAL)",fix/remove_old_playground_approaches,cancelled,,https://github.com/DevExpress/DevExtreme/actions/runs/35982387605/job/107577904801
"24.09.26, 09:40:12",107577904957,35982387605,1,Demos Visual Tests,"matrix.SHARD_TOTAL == 1 && format('CSP check ({0})', matrix.FRAMEWORK) || format('CSP check ({0} {1}/{2})', matrix.FRAMEWORK, matrix.SHARD_INDEX, matrix.SHARD_TOTAL)",fix/remove_old_playground_approaches,cancelled,,https://github.com/DevExpress/DevExtreme/actions/runs/35982387605/job/107577904957
"24.09.26, 09:40:12",107577905057,35982387605,1,Demos Visual Tests,CSP Violations Summary,fix/remove_old_playground_approaches,cancelled,,https://github.com/DevExpress/DevExtreme/actions/runs/35982387605/job/107577905057
"24.09.26, 09:40:12",107577905066,35982387605,1,Demos Visual Tests,"Build vendor bundles (React, Vue)",fix/remove_old_playground_approaches,cancelled,,https://github.com/DevExpress/DevExtreme/actions/runs/35982387605/job/107577905066
"24.09.26, 09:40:12",107577905660,35982387605,1,Demos Visual Tests,${{ matrix.CONSTEL }}-screenshots-${{ matrix.THEME }},fix/remove_old_playground_approaches,cancelled,,https://github.com/DevExpress/DevExtreme/actions/runs/35982387605/job/107577905660
"24.09.26, 09:40:13",107577907397,35982387605,1,Demos Visual Tests,merge-artifacts,fix/remove_old_playground_approaches,cancelled,,https://github.com/DevExpress/DevExtreme/actions/runs/35982387605/job/107577907397
"24.09.26, 09:22:45",107572142326,35979176188,1,Demos Visual Tests,angular(10/10)-screenshots-fluent.blue.light,feature/scheduler-dst-grid/main,failure,Run TestCafe tests,https://github.com/DevExpress/DevExtreme/actions/runs/35979176188/job/107572142326
"24.09.26, 08:46:15",107560349173,35976660162,1,Demos Visual Tests,CSP check (jQuery),lavrov/angular-remove-four-space-lines,cancelled,Run CSP Check,https://github.com/DevExpress/DevExtreme/actions/runs/35976660162/job/107560349173
"24.09.26, 08:46:15",107560349330,35976660162,1,Demos Visual Tests,CSP check (Angular 1/3),lavrov/angular-remove-four-space-lines,cancelled,Run CSP Check,https://github.com/DevExpress/DevExtreme/actions/runs/35976660162/job/107560349330
"24.09.26, 08:46:15",107560349348,35976660162,1,Demos Visual Tests,CSP check (Vue 1/2),lavrov/angular-remove-four-space-lines,cancelled,Run CSP Check,https://github.com/DevExpress/DevExtreme/actions/runs/35976660162/job/107560349348
"24.09.26, 08:46:15",107560349368,35976660162,1,Demos Visual Tests,CSP check (React 1/2),lavrov/angular-remove-four-space-lines,cancelled,Run CSP Check,https://github.com/DevExpress/DevExtreme/actions/runs/35976660162/job/107560349368
"24.09.26, 08:46:15",107560349382,35976660162,1,Demos Visual Tests,CSP check (React 2/2),lavrov/angular-remove-four-space-lines,cancelled,Run CSP Check,https://github.com/DevExpress/DevExtreme/actions/runs/35976660162/job/107560349382
"24.09.26, 08:46:15",107560349420,35976660162,1,Demos Visual Tests,CSP check (Angular 2/3),lavrov/angular-remove-four-space-lines,cancelled,Run CSP Check,https://github.com/DevExpress/DevExtreme/actions/runs/35976660162/job/107560349420
"24.09.26, 08:46:15",107560349442,35976660162,1,Demos Visual Tests,CSP check (Angular 3/3),lavrov/angular-remove-four-space-lines,cancelled,Run CSP Check,https://github.com/DevExpress/DevExtreme/actions/runs/35976660162/job/107560349442
"24.09.26, 08:46:15",107560349494,35976660162,1,Demos Visual Tests,CSP check (Vue 2/2),lavrov/angular-remove-four-space-lines,cancelled,Run CSP Check,https://github.com/DevExpress/DevExtreme/actions/runs/35976660162/job/107560349494
"24.09.26, 08:50:23",107561651849,35976660162,1,Demos Visual Tests,angular(1/10)-screenshots-fluent.blue.light,lavrov/angular-remove-four-space-lines,cancelled,Run TestCafe tests,https://github.com/DevExpress/DevExtreme/actions/runs/35976660162/job/107561651849
"24.09.26, 08:50:23",107561651852,35976660162,1,Demos Visual Tests,vue(4/5)-screenshots-fluent.blue.light,lavrov/angular-remove-four-space-lines,cancelled,Run TestCafe tests,https://github.com/DevExpress/DevExtreme/actions/runs/35976660162/job/107561651852
"24.09.26, 08:50:23",107561651853,35976660162,1,Demos Visual Tests,angular(5/10)-screenshots-fluent.blue.light,lavrov/angular-remove-four-space-lines,cancelled,Run TestCafe tests,https://github.com/DevExpress/DevExtreme/actions/runs/35976660162/job/107561651853
"24.09.26, 08:50:23",107561651855,35976660162,1,Demos Visual Tests,vue(2/5)-screenshots-fluent.blue.light,lavrov/angular-remove-four-space-lines,cancelled,Run TestCafe tests,https://github.com/DevExpress/DevExtreme/actions/runs/35976660162/job/107561651855
"24.09.26, 08:50:23",107561651868,35976660162,1,Demos Visual Tests,react(2/3)-screenshots-fluent.blue.light,lavrov/angular-remove-four-space-lines,cancelled,Run TestCafe tests,https://github.com/DevExpress/DevExtreme/actions/runs/35976660162/job/107561651868
"24.09.26, 08:50:23",107561651872,35976660162,1,Demos Visual Tests,vue(1/5)-screenshots-fluent.blue.light,lavrov/angular-remove-four-space-lines,cancelled,Run TestCafe tests,https://github.com/DevExpress/DevExtreme/actions/runs/35976660162/job/107561651872
"24.09.26, 08:50:23",107561651880,35976660162,1,Demos Visual Tests,react(3/3)-screenshots-fluent.blue.light,lavrov/angular-remove-four-space-lines,cancelled,Run TestCafe tests,https://github.com/DevExpress/DevExtreme/actions/runs/35976660162/job/107561651880
"24.09.26, 08:50:23",107561651903,35976660162,1,Demos Visual Tests,angular(8/10)-screenshots-fluent.blue.light,lavrov/angular-remove-four-space-lines,cancelled,Run TestCafe tests,https://github.com/DevExpress/DevExtreme/actions/runs/35976660162/job/107561651903
"24.09.26, 08:50:23",107561651905,35976660162,1,Demos Visual Tests,angular(3/10)-screenshots-fluent.blue.light,lavrov/angular-remove-four-space-lines,cancelled,Run TestCafe tests,https://github.com/DevExpress/DevExtreme/actions/runs/35976660162/job/107561651905
"24.09.26, 08:50:23",107561651916,35976660162,1,Demos Visual Tests,react(1/3)-screenshots-fluent.blue.light,lavrov/angular-remove-four-space-lines,cancelled,Run TestCafe tests,https://github.com/DevExpress/DevExtreme/actions/runs/35976660162/job/107561651916
"24.09.26, 08:50:23",107561651926,35976660162,1,Demos Visual Tests,vue(5/5)-screenshots-fluent.blue.light,lavrov/angular-remove-four-space-lines,cancelled,Run TestCafe tests,https://github.com/DevExpress/DevExtreme/actions/runs/35976660162/job/107561651926
"24.09.26, 08:50:23",107561651946,35976660162,1,Demos Visual Tests,angular(7/10)-screenshots-fluent.blue.light,lavrov/angular-remove-four-space-lines,cancelled,Run TestCafe tests,https://github.com/DevExpress/DevExtreme/actions/runs/35976660162/job/107561651946
"24.09.26, 08:50:23",107561651957,35976660162,1,Demos Visual Tests,vue(3/5)-screenshots-fluent.blue.light,lavrov/angular-remove-four-space-lines,cancelled,Run TestCafe tests,https://github.com/DevExpress/DevExtreme/actions/runs/35976660162/job/107561651957
"24.09.26, 08:50:23",107561651959,35976660162,1,Demos Visual Tests,angular(2/10)-screenshots-fluent.blue.light,lavrov/angular-remove-four-space-lines,cancelled,Run TestCafe tests,https://github.com/DevExpress/DevExtreme/actions/runs/35976660162/job/107561651959
"24.09.26, 08:50:23",107561651988,35976660162,1,Demos Visual Tests,angular(4/10)-screenshots-fluent.blue.light,lavrov/angular-remove-four-space-lines,cancelled,Run TestCafe tests,https://github.com/DevExpress/DevExtreme/actions/runs/35976660162/job/107561651988
"24.09.26, 08:50:23",107561651995,35976660162,1,Demos Visual Tests,angular(6/10)-screenshots-fluent.blue.light,lavrov/angular-remove-four-space-lines,cancelled,Run TestCafe tests,https://github.com/DevExpress/DevExtreme/actions/runs/35976660162/job/107561651995
"24.09.26, 08:50:23",107561652086,35976660162,1,Demos Visual Tests,angular(9/10)-screenshots-fluent.blue.light,lavrov/angular-remove-four-space-lines,cancelled,Run TestCafe tests,https://github.com/DevExpress/DevExtreme/actions/runs/35976660162/job/107561652086
"24.09.26, 08:50:23",107561652120,35976660162,1,Demos Visual Tests,angular(10/10)-screenshots-fluent.blue.light,lavrov/angular-remove-four-space-lines,cancelled,Run TestCafe tests,https://github.com/DevExpress/DevExtreme/actions/runs/35976660162/job/107561652120
"24.09.26, 08:53:35",107562663286,35976660162,1,Demos Visual Tests,CSP Violations Summary,lavrov/angular-remove-four-space-lines,cancelled,,https://github.com/DevExpress/DevExtreme/actions/runs/35976660162/job/107562663286
"24.09.26, 08:53:45",107562715970,35976660162,1,Demos Visual Tests,merge-artifacts,lavrov/angular-remove-four-space-lines,cancelled,,https://github.com/DevExpress/DevExtreme/actions/runs/35976660162/job/107562715970
"24.09.26, 08:37:58",107557752195,35975400200,1,Demos Visual Tests,CSP check (jQuery),lavrov/angular-remove-four-space-lines,cancelled,Run CSP Check,https://github.com/DevExpress/DevExtreme/actions/runs/35975400200/job/107557752195
"24.09.26, 08:37:58",107557752243,35975400200,1,Demos Visual Tests,Check TS and lint code base,lavrov/angular-remove-four-space-lines,cancelled,Run lint on all demos,https://github.com/DevExpress/DevExtreme/actions/runs/35975400200/job/107557752243
"24.09.26, 08:37:58",107557752298,35975400200,1,Demos Visual Tests,Check generated demos,lavrov/angular-remove-four-space-lines,cancelled,Check generated JS demos,https://github.com/DevExpress/DevExtreme/actions/runs/35975400200/job/107557752298
"24.09.26, 08:37:58",107557752485,35975400200,1,Demos Visual Tests,CSP check (Vue 2/2),lavrov/angular-remove-four-space-lines,cancelled,Run CSP Check,https://github.com/DevExpress/DevExtreme/actions/runs/35975400200/job/107557752485
"24.09.26, 08:37:58",107557752490,35975400200,1,Demos Visual Tests,CSP check (Vue 1/2),lavrov/angular-remove-four-space-lines,cancelled,Run CSP Check,https://github.com/DevExpress/DevExtreme/actions/runs/35975400200/job/107557752490
"24.09.26, 08:37:58",107557752523,35975400200,1,Demos Visual Tests,CSP check (Angular 1/3),lavrov/angular-remove-four-space-lines,cancelled,Run CSP Check,https://github.com/DevExpress/DevExtreme/actions/runs/35975400200/job/107557752523
"24.09.26, 08:37:58",107557752564,35975400200,1,Demos Visual Tests,CSP check (Angular 3/3),lavrov/angular-remove-four-space-lines,cancelled,Run CSP Check,https://github.com/DevExpress/DevExtreme/actions/runs/35975400200/job/107557752564
"24.09.26, 08:37:58",107557752566,35975400200,1,Demos Visual Tests,jquery(2/3)-screenshots-material.blue.light,lavrov/angular-remove-four-space-lines,cancelled,Run TestCafe tests (jQuery),https://github.com/DevExpress/DevExtreme/actions/runs/35975400200/job/107557752566
"24.09.26, 08:37:58",107557752578,35975400200,1,Demos Visual Tests,jquery(3/3)-screenshots-fluent.blue.light,lavrov/angular-remove-four-space-lines,cancelled,Run TestCafe tests (jQuery),https://github.com/DevExpress/DevExtreme/actions/runs/35975400200/job/107557752578
"24.09.26, 08:37:58",107557752580,35975400200,1,Demos Visual Tests,CSP check (React 1/2),lavrov/angular-remove-four-space-lines,cancelled,Run CSP Check,https://github.com/DevExpress/DevExtreme/actions/runs/35975400200/job/107557752580
"24.09.26, 08:37:58",107557752588,35975400200,1,Demos Visual Tests,jquery(2/3)-screenshots-fluent.blue.light,lavrov/angular-remove-four-space-lines,cancelled,Run TestCafe tests (jQuery),https://github.com/DevExpress/DevExtreme/actions/runs/35975400200/job/107557752588
"24.09.26, 08:37:58",107557752594,35975400200,1,Demos Visual Tests,jquery(1/3)-screenshots-fluent.blue.light,lavrov/angular-remove-four-space-lines,cancelled,Run TestCafe tests (jQuery),https://github.com/DevExpress/DevExtreme/actions/runs/35975400200/job/107557752594
"24.09.26, 08:37:58",107557752596,35975400200,1,Demos Visual Tests,jquery-accessibility-fluent.blue.light,lavrov/angular-remove-four-space-lines,cancelled,Run TestCafe tests (jQuery),https://github.com/DevExpress/DevExtreme/actions/runs/35975400200/job/107557752596
"24.09.26, 08:37:58",107557752598,35975400200,1,Demos Visual Tests,jquery(3/3)-screenshots-material.blue.light,lavrov/angular-remove-four-space-lines,cancelled,Run TestCafe tests (jQuery),https://github.com/DevExpress/DevExtreme/actions/runs/35975400200/job/107557752598
"24.09.26, 08:37:58",107557752610,35975400200,1,Demos Visual Tests,jquery(1/3)-screenshots-material.blue.light,lavrov/angular-remove-four-space-lines,cancelled,Run TestCafe tests (jQuery),https://github.com/DevExpress/DevExtreme/actions/runs/35975400200/job/107557752610
"24.09.26, 08:37:58",107557752611,35975400200,1,Demos Visual Tests,CSP check (Angular 2/3),lavrov/angular-remove-four-space-lines,cancelled,Run CSP Check,https://github.com/DevExpress/DevExtreme/actions/runs/35975400200/job/107557752611
"24.09.26, 08:37:58",107557752614,35975400200,1,Demos Visual Tests,CSP check (React 2/2),lavrov/angular-remove-four-space-lines,cancelled,Run CSP Check,https://github.com/DevExpress/DevExtreme/actions/runs/35975400200/job/107557752614
"24.09.26, 08:37:58",107557752651,35975400200,1,Demos Visual Tests,jquery-accessibility-material.blue.dark,lavrov/angular-remove-four-space-lines,cancelled,Run TestCafe tests (jQuery),https://github.com/DevExpress/DevExtreme/actions/runs/35975400200/job/107557752651
"24.09.26, 08:37:58",107557752696,35975400200,1,Demos Visual Tests,jquery-accessibility-material.blue.light,lavrov/angular-remove-four-space-lines,cancelled,Run TestCafe tests (jQuery),https://github.com/DevExpress/DevExtreme/actions/runs/35975400200/job/107557752696
"24.09.26, 08:37:58",107557752784,35975400200,1,Demos Visual Tests,jquery-accessibility-fluent.blue.dark,lavrov/angular-remove-four-space-lines,cancelled,Run TestCafe tests (jQuery),https://github.com/DevExpress/DevExtreme/actions/runs/35975400200/job/107557752784
"24.09.26, 08:39:26",107558199746,35975400200,1,Demos Visual Tests,Build demos (Angular 2/3),lavrov/angular-remove-four-space-lines,cancelled,,https://github.com/DevExpress/DevExtreme/actions/runs/35975400200/job/107558199746
"24.09.26, 08:39:26",107558199747,35975400200,1,Demos Visual Tests,Build demos (Angular 3/3),lavrov/angular-remove-four-space-lines,cancelled,,https://github.com/DevExpress/DevExtreme/actions/runs/35975400200/job/107558199747
"24.09.26, 08:39:26",107558199755,35975400200,1,Demos Visual Tests,Build demos (Vue),lavrov/angular-remove-four-space-lines,cancelled,,https://github.com/DevExpress/DevExtreme/actions/runs/35975400200/job/107558199755
"24.09.26, 08:39:26",107558199805,35975400200,1,Demos Visual Tests,Build demos (React),lavrov/angular-remove-four-space-lines,cancelled,,https://github.com/DevExpress/DevExtreme/actions/runs/35975400200/job/107558199805
"24.09.26, 08:39:26",107558199807,35975400200,1,Demos Visual Tests,Build demos (Angular 1/3),lavrov/angular-remove-four-space-lines,cancelled,,https://github.com/DevExpress/DevExtreme/actions/runs/35975400200/job/107558199807
"24.09.26, 08:41:12",107558757294,35975400200,1,Demos Visual Tests,${{ matrix.CONSTEL }}-screenshots-${{ matrix.THEME }},lavrov/angular-remove-four-space-lines,cancelled,,https://github.com/DevExpress/DevExtreme/actions/runs/35975400200/job/107558757294
"24.09.26, 08:41:19",107558790303,35975400200,1,Demos Visual Tests,merge-artifacts,lavrov/angular-remove-four-space-lines,cancelled,,https://github.com/DevExpress/DevExtreme/actions/runs/35975400200/job/107558790303
"24.09.26, 08:41:19",107558792479,35975400200,1,Demos Visual Tests,CSP Violations Summary,lavrov/angular-remove-four-space-lines,cancelled,,https://github.com/DevExpress/DevExtreme/actions/runs/35975400200/job/107558792479
"24.09.26, 08:19:59",107552038746,35973829696,1,Demos Visual Tests,jquery(2/3)-screenshots-material.blue.light,26_1,failure,,https://github.com/DevExpress/DevExtreme/actions/runs/35973829696/job/107552038746
"24.09.26, 08:19:59",107552038751,35973829696,1,Demos Visual Tests,jquery(3/3)-screenshots-fluent.blue.light,26_1,failure,,https://github.com/DevExpress/DevExtreme/actions/runs/35973829696/job/107552038751
"24.09.26, 08:19:51",107551995915,35973743162,1,Demos Visual Tests,jquery(1/3)-screenshots-material.blue.light,26_1,failure,,https://github.com/DevExpress/DevExtreme/actions/runs/35973743162/job/107551995915
"24.09.26, 08:19:51",107551995970,35973743162,1,Demos Visual Tests,jquery-accessibility-material.blue.light,26_1,failure,,https://github.com/DevExpress/DevExtreme/actions/runs/35973743162/job/107551995970
"24.09.26, 08:19:51",107551996018,35973743162,1,Demos Visual Tests,jquery-accessibility-fluent.blue.light,26_1,failure,,https://github.com/DevExpress/DevExtreme/actions/runs/35973743162/job/107551996018
"24.09.26, 08:10:40",107549122707,35972450426,1,Demos Visual Tests,angular(4/10)-screenshots-fluent.blue.light,gh-readonly-queue/main/pr-35320-3c23f04cb563836f592f3c85f01ba4876bd6103c,cancelled,Run TestCafe tests,https://github.com/DevExpress/DevExtreme/actions/runs/35972450426/job/107549122707
"24.09.26, 14:18:27",107674218526,36011692254,1,Wrappers Tests,build,lavrov/stop-wrappers-generation,cancelled,,https://github.com/DevExpress/DevExtreme/actions/runs/36011692254/job/107674218526
"24.09.26, 14:20:19",107674997457,36011692254,1,Wrappers Tests,test,lavrov/stop-wrappers-generation,cancelled,,https://github.com/DevExpress/DevExtreme/actions/runs/36011692254/job/107674997457
"24.09.26, 14:15:09",107672833642,36010760217,1,Wrappers Tests,test (react),lavrov/stop-wrappers-generation,cancelled,Test react,https://github.com/DevExpress/DevExtreme/actions/runs/36010760217/job/107672833642
"24.09.26, 14:15:09",107672833680,36010760217,1,Wrappers Tests,test (angular),lavrov/stop-wrappers-generation,cancelled,Test angular,https://github.com/DevExpress/DevExtreme/actions/runs/36010760217/job/107672833680
"24.09.26, 14:15:09",107672833734,36010760217,1,Wrappers Tests,test (vue),lavrov/stop-wrappers-generation,cancelled,Test vue,https://github.com/DevExpress/DevExtreme/actions/runs/36010760217/job/107672833734
"24.09.26, 12:24:59",107630427120,35998596943,1,Wrappers Tests,test (vue),lavrov/stop-wrappers-generation,cancelled,Test vue,https://github.com/DevExpress/DevExtreme/actions/runs/35998596943/job/107630427120
"24.09.26, 12:24:59",107630427179,35998596943,1,Wrappers Tests,test (angular),lavrov/stop-wrappers-generation,cancelled,Test angular,https://github.com/DevExpress/DevExtreme/actions/runs/35998596943/job/107630427179
"24.09.26, 12:24:59",107630427294,35998596943,1,Wrappers Tests,test (react),lavrov/stop-wrappers-generation,cancelled,Test react,https://github.com/DevExpress/DevExtreme/actions/runs/35998596943/job/107630427294
"24.09.26, 12:21:55",107629364273,35998255559,1,Wrappers Tests,test (vue),lavrov/stop-wrappers-generation,cancelled,,https://github.com/DevExpress/DevExtreme/actions/runs/35998255559/job/107629364273
"24.09.26, 12:21:55",107629364274,35998255559,1,Wrappers Tests,test (angular),lavrov/stop-wrappers-generation,cancelled,,https://github.com/DevExpress/DevExtreme/actions/runs/35998255559/job/107629364274
"24.09.26, 12:21:55",107629364603,35998255559,1,Wrappers Tests,test (react),lavrov/stop-wrappers-generation,cancelled,,https://github.com/DevExpress/DevExtreme/actions/runs/35998255559/job/107629364603
"24.09.26, 12:16:34",107627540899,35997458019,1,Wrappers Tests,test (angular),lavrov/stop-wrappers-generation,cancelled,Test angular,https://github.com/DevExpress/DevExtreme/actions/runs/35997458019/job/107627540899
"24.09.26, 12:16:34",107627540924,35997458019,1,Wrappers Tests,test (vue),lavrov/stop-wrappers-generation,cancelled,Test vue,https://github.com/DevExpress/DevExtreme/actions/runs/35997458019/job/107627540924
"24.09.26, 12:16:34",107627540987,35997458019,1,Wrappers Tests,test (react),lavrov/stop-wrappers-generation,cancelled,Test react,https://github.com/DevExpress/DevExtreme/actions/runs/35997458019/job/107627540987
"24.09.26, 11:38:45",107615222659,35994208700,1,Wrappers Tests,build,lavrov/stop-wrappers-generation,cancelled,Post Setup pnpm cache,https://github.com/DevExpress/DevExtreme/actions/runs/35994208700/job/107615222659
"24.09.26, 11:42:54",107616529595,35994208700,1,Wrappers Tests,test,lavrov/stop-wrappers-generation,cancelled,,https://github.com/DevExpress/DevExtreme/actions/runs/35994208700/job/107616529595
"24.09.26, 11:30:19",107612556934,35992752414,1,Wrappers Tests,test (angular),lavrov/stop-wrappers-generation,cancelled,,https://github.com/DevExpress/DevExtreme/actions/runs/35992752414/job/107612556934
"24.09.26, 10:48:31",107599493703,35989363126,1,Wrappers Tests,build,feature/scheduler-dst-grid/main,cancelled,Post Setup pnpm cache,https://github.com/DevExpress/DevExtreme/actions/runs/35989363126/job/107599493703
"24.09.26, 10:53:40",107601091270,35989363126,1,Wrappers Tests,test,feature/scheduler-dst-grid/main,cancelled,,https://github.com/DevExpress/DevExtreme/actions/runs/35989363126/job/107601091270
"24.09.26, 09:59:06",107584020058,35984536955,1,Wrappers Tests,check-regenerate,lavrov/angular-remove-four-space-lines,failure,Install dependencies,https://github.com/DevExpress/DevExtreme/actions/runs/35984536955/job/107584020058
"24.09.26, 09:59:06",107584020484,35984536955,1,Wrappers Tests,build,lavrov/angular-remove-four-space-lines,failure,Install dependencies,https://github.com/DevExpress/DevExtreme/actions/runs/35984536955/job/107584020484
"24.09.26, 09:46:30",107579978075,35983235664,1,Wrappers Tests,build,26_1,cancelled,,https://github.com/DevExpress/DevExtreme/actions/runs/35983235664/job/107579978075
"24.09.26, 09:51:16",107581514042,35983235664,1,Wrappers Tests,test,26_1,cancelled,,https://github.com/DevExpress/DevExtreme/actions/runs/35983235664/job/107581514042
"24.09.26, 09:44:13",107579221412,35983042673,1,Wrappers Tests,build,26_1,cancelled,Build devextreme package,https://github.com/DevExpress/DevExtreme/actions/runs/35983042673/job/107579221412
"24.09.26, 09:46:30",107579977550,35983042673,1,Wrappers Tests,test,26_1,cancelled,,https://github.com/DevExpress/DevExtreme/actions/runs/35983042673/job/107579977550
"24.09.26, 09:37:46",107577111840,35982387650,1,Wrappers Tests,build,fix/remove_old_playground_approaches,cancelled,Build devextreme package,https://github.com/DevExpress/DevExtreme/actions/runs/35982387650/job/107577111840
"24.09.26, 09:37:46",107577112149,35982387650,1,Wrappers Tests,check-regenerate,fix/remove_old_playground_approaches,cancelled,Post Setup pnpm cache,https://github.com/DevExpress/DevExtreme/actions/runs/35982387650/job/107577112149
"24.09.26, 09:40:03",107577852603,35982387650,1,Wrappers Tests,test,fix/remove_old_playground_approaches,cancelled,,https://github.com/DevExpress/DevExtreme/actions/runs/35982387650/job/107577852603
"24.09.26, 08:52:54",107562447299,35977845690,1,Wrappers Tests,check-regenerate,lavrov/angular-remove-four-space-lines,failure,Check generated code,https://github.com/DevExpress/DevExtreme/actions/runs/35977845690/job/107562447299
"24.09.26, 08:41:52",107558964360,35976660106,1,Wrappers Tests,check-regenerate,lavrov/angular-remove-four-space-lines,failure,Check generated code,https://github.com/DevExpress/DevExtreme/actions/runs/35976660106/job/107558964360
"24.09.26, 08:28:01",107554575763,35975400124,1,Wrappers Tests,check-regenerate,lavrov/angular-remove-four-space-lines,failure,Check generated code,https://github.com/DevExpress/DevExtreme/actions/runs/35975400124/job/107554575763
"24.09.26, 08:34:34",107556657906,35975400124,1,Wrappers Tests,test (angular),lavrov/angular-remove-four-space-lines,cancelled,Pack angular,https://github.com/DevExpress/DevExtreme/actions/runs/35975400124/job/107556657906
"24.09.26, 08:10:58",107549214184,35973743153,1,Wrappers Tests,check-regenerate,26_1,cancelled,Install dependencies,https://github.com/DevExpress/DevExtreme/actions/runs/35973743153/job/107549214184
"24.09.26, 08:10:58",107549214415,35973743153,1,Wrappers Tests,build,26_1,cancelled,Install dependencies,https://github.com/DevExpress/DevExtreme/actions/runs/35973743153/job/107549214415
"24.09.26, 08:12:08",107549582787,35973743153,1,Wrappers Tests,test,26_1,cancelled,,https://github.com/DevExpress/DevExtreme/actions/runs/35973743153/job/107549582787
"24.09.26, 14:17:48",107673951106,36011692346,1,Wrappers E2E Tests,Build DevExtreme and Wrappers,lavrov/stop-wrappers-generation,cancelled,Build all DevExtreme packages,https://github.com/DevExpress/DevExtreme/actions/runs/36011692346/job/107673951106
"24.09.26, 14:21:06",107675333229,36011692346,1,Wrappers E2E Tests,Test ${{ matrix.framework }},lavrov/stop-wrappers-generation,cancelled,,https://github.com/DevExpress/DevExtreme/actions/runs/36011692346/job/107675333229
"24.09.26, 14:09:42",107670552406,36010760321,1,Wrappers E2E Tests,Build DevExtreme and Wrappers,lavrov/stop-wrappers-generation,cancelled,Post Setup pnpm cache,https://github.com/DevExpress/DevExtreme/actions/runs/36010760321/job/107670552406
"24.09.26, 14:17:48",107673949291,36010760321,1,Wrappers E2E Tests,Test ${{ matrix.framework }},lavrov/stop-wrappers-generation,cancelled,,https://github.com/DevExpress/DevExtreme/actions/runs/36010760321/job/107673949291
"24.09.26, 12:23:17",107629835575,35998596861,1,Wrappers E2E Tests,Build DevExtreme and Wrappers,lavrov/stop-wrappers-generation,cancelled,Post Setup nx cache,https://github.com/DevExpress/DevExtreme/actions/runs/35998596861/job/107629835575
"24.09.26, 12:27:22",107631253351,35998596861,1,Wrappers E2E Tests,Test ${{ matrix.framework }},lavrov/stop-wrappers-generation,cancelled,,https://github.com/DevExpress/DevExtreme/actions/runs/35998596861/job/107631253351
"24.09.26, 12:19:13",107628441966,35998255540,1,Wrappers E2E Tests,Build DevExtreme and Wrappers,lavrov/stop-wrappers-generation,cancelled,Build all DevExtreme packages,https://github.com/DevExpress/DevExtreme/actions/runs/35998255540/job/107628441966
"24.09.26, 12:23:17",107629835472,35998255540,1,Wrappers E2E Tests,Test ${{ matrix.framework }},lavrov/stop-wrappers-generation,cancelled,,https://github.com/DevExpress/DevExtreme/actions/runs/35998255540/job/107629835472
"24.09.26, 12:11:07",107625691599,35997457938,1,Wrappers E2E Tests,Build DevExtreme and Wrappers,lavrov/stop-wrappers-generation,cancelled,Post Setup pnpm cache,https://github.com/DevExpress/DevExtreme/actions/runs/35997457938/job/107625691599
"24.09.26, 12:19:13",107628440704,35997457938,1,Wrappers E2E Tests,Test ${{ matrix.framework }},lavrov/stop-wrappers-generation,cancelled,,https://github.com/DevExpress/DevExtreme/actions/runs/35997457938/job/107628440704
"24.09.26, 11:38:38",107615188543,35994208614,1,Wrappers E2E Tests,Build DevExtreme and Wrappers,lavrov/stop-wrappers-generation,cancelled,Build all DevExtreme packages,https://github.com/DevExpress/DevExtreme/actions/runs/35994208614/job/107615188543
"24.09.26, 11:42:56",107616537987,35994208614,1,Wrappers E2E Tests,Test ${{ matrix.framework }},lavrov/stop-wrappers-generation,cancelled,,https://github.com/DevExpress/DevExtreme/actions/runs/35994208614/job/107616537987
"24.09.26, 10:48:31",107599493082,35989363169,1,Wrappers E2E Tests,Build DevExtreme and Wrappers,feature/scheduler-dst-grid/main,cancelled,Build all DevExtreme packages,https://github.com/DevExpress/DevExtreme/actions/runs/35989363169/job/107599493082
"24.09.26, 10:53:50",107601143223,35989363169,1,Wrappers E2E Tests,Test ${{ matrix.framework }},feature/scheduler-dst-grid/main,cancelled,,https://github.com/DevExpress/DevExtreme/actions/runs/35989363169/job/107601143223
"24.09.26, 09:59:06",107584021371,35984537132,1,Wrappers E2E Tests,Build DevExtreme and Wrappers,lavrov/angular-remove-four-space-lines,failure,Install dependencies,https://github.com/DevExpress/DevExtreme/actions/runs/35984537132/job/107584021371
"24.09.26, 09:37:45",107577111041,35982387447,1,Wrappers E2E Tests,Build DevExtreme and Wrappers,fix/remove_old_playground_approaches,cancelled,Build all DevExtreme packages,https://github.com/DevExpress/DevExtreme/actions/runs/35982387447/job/107577111041
"24.09.26, 09:40:03",107577855517,35982387447,1,Wrappers E2E Tests,Test ${{ matrix.framework }},fix/remove_old_playground_approaches,cancelled,,https://github.com/DevExpress/DevExtreme/actions/runs/35982387447/job/107577855517
