created at,id,run id,run attempt,workflow name,name,head branch,conclusion,step,html url
"30.09.26, 02:27:58",109712328185,36659955178,1,Send dependabot new vulnerability alerts,Send notifications,main,failure,Teams Notification,https://github.com/DevExpress/DevExtreme/actions/runs/36659955178/job/109712328185
"30.09.26, 17:30:17",110012156923,36751839486,1,Build and pack DevExtreme npm packages,build,remove_m_prefix_26_2,cancelled,Build npm packages,https://github.com/DevExpress/DevExtreme/actions/runs/36751839486/job/110012156923
"30.09.26, 17:33:44",110013579085,36751839486,1,Build and pack DevExtreme npm packages,custom_bundles,remove_m_prefix_26_2,cancelled,,https://github.com/DevExpress/DevExtreme/actions/runs/36751839486/job/110013579085
"30.09.26, 14:56:53",109947165039,36732969352,1,Build and pack DevExtreme npm packages,build,feature/separate_locale_format,cancelled,Build npm packages,https://github.com/DevExpress/DevExtreme/actions/runs/36732969352/job/109947165039
"30.09.26, 15:04:15",109950464427,36732969352,1,Build and pack DevExtreme npm packages,custom_bundles,feature/separate_locale_format,cancelled,,https://github.com/DevExpress/DevExtreme/actions/runs/36732969352/job/109950464427
"30.09.26, 14:26:38",109933793370,36729150321,1,Build and pack DevExtreme npm packages,build,rename_clean_tests_main,cancelled,Build npm packages,https://github.com/DevExpress/DevExtreme/actions/runs/36729150321/job/109933793370
"30.09.26, 13:56:14",109920536430,36725304827,1,Build and pack DevExtreme npm packages,build,T1336036_26_1,failure,,https://github.com/DevExpress/DevExtreme/actions/runs/36725304827/job/109920536430
"30.09.26, 13:27:52",109908529041,36721809466,1,Build and pack DevExtreme npm packages,build,26_1,cancelled,Post Setup nx cache,https://github.com/DevExpress/DevExtreme/actions/runs/36721809466/job/109908529041
"30.09.26, 13:42:59",109914905012,36721809466,1,Build and pack DevExtreme npm packages,custom_bundles,26_1,cancelled,,https://github.com/DevExpress/DevExtreme/actions/runs/36721809466/job/109914905012
"30.09.26, 13:07:40",109900368538,36719412745,1,Build and pack DevExtreme npm packages,build,feature/26_2_new_fluent_theme_with_design_tokens-merge52ad6817,failure,Install dependencies,https://github.com/DevExpress/DevExtreme/actions/runs/36719412745/job/109900368538
"30.09.26, 13:06:13",109899798483,36719245001,1,Build and pack DevExtreme npm packages,build,feature/26_2_new_fluent_theme_with_design_tokens-merge52ad6817,failure,Install dependencies,https://github.com/DevExpress/DevExtreme/actions/runs/36719245001/job/109899798483
"30.09.26, 12:02:21",109876526240,36712233294,1,Build and pack DevExtreme npm packages,build,update-gantt-version,failure,Install dependencies,https://github.com/DevExpress/DevExtreme/actions/runs/36712233294/job/109876526240
"30.09.26, 11:49:22",109872129888,36709772752,1,Build and pack DevExtreme npm packages,custom_bundles,chore/update_deps,cancelled,,https://github.com/DevExpress/DevExtreme/actions/runs/36709772752/job/109872129888
"30.09.26, 11:29:55",109865698354,36708900409,1,Build and pack DevExtreme npm packages,build,26_1,cancelled,Build npm packages,https://github.com/DevExpress/DevExtreme/actions/runs/36708900409/job/109865698354
"30.09.26, 11:39:46",109868956366,36708900409,1,Build and pack DevExtreme npm packages,custom_bundles,26_1,cancelled,,https://github.com/DevExpress/DevExtreme/actions/runs/36708900409/job/109868956366
"30.09.26, 10:01:36",109836443433,36699843308,1,Build and pack DevExtreme npm packages,build,chore/update_deps,cancelled,Build npm packages,https://github.com/DevExpress/DevExtreme/actions/runs/36699843308/job/109836443433
"30.09.26, 10:09:55",109839258778,36699843308,1,Build and pack DevExtreme npm packages,custom_bundles,chore/update_deps,cancelled,,https://github.com/DevExpress/DevExtreme/actions/runs/36699843308/job/109839258778
"30.09.26, 09:56:20",109834653000,36699289656,1,Build and pack DevExtreme npm packages,build,chore/26_1_update_deps,cancelled,,https://github.com/DevExpress/DevExtreme/actions/runs/36699289656/job/109834653000
"30.09.26, 09:56:21",109834659076,36699289656,1,Build and pack DevExtreme npm packages,custom_bundles,chore/26_1_update_deps,cancelled,,https://github.com/DevExpress/DevExtreme/actions/runs/36699289656/job/109834659076
"30.09.26, 08:45:22",109810143066,36691694288,1,Build and pack DevExtreme npm packages,build,chore/update_deps,cancelled,,https://github.com/DevExpress/DevExtreme/actions/runs/36691694288/job/109810143066
"30.09.26, 08:45:24",109810151009,36691694288,1,Build and pack DevExtreme npm packages,custom_bundles,chore/update_deps,cancelled,,https://github.com/DevExpress/DevExtreme/actions/runs/36691694288/job/109810151009
"30.09.26, 01:42:39",109701598092,36655213937,1,CodeQL,Send notifications,24_2,failure,Set up job,https://github.com/DevExpress/DevExtreme/actions/runs/36655213937/job/109701598092
"30.09.26, 01:44:58",109702142596,36655213572,1,CodeQL,Send notifications,25_1,failure,Set up job,https://github.com/DevExpress/DevExtreme/actions/runs/36655213572/job/109702142596
"30.09.26, 17:30:16",110012156724,36751839556,1,Default Workflow,main,remove_m_prefix_26_2,cancelled,Run targets,https://github.com/DevExpress/DevExtreme/actions/runs/36751839556/job/110012156724
"30.09.26, 14:56:54",109947166170,36732969480,1,Default Workflow,main,feature/separate_locale_format,cancelled,Post Setup pnpm cache,https://github.com/DevExpress/DevExtreme/actions/runs/36732969480/job/109947166170
"30.09.26, 14:26:38",109933794831,36729150536,1,Default Workflow,main,rename_clean_tests_main,cancelled,Post Setup pnpm cache,https://github.com/DevExpress/DevExtreme/actions/runs/36729150536/job/109933794831
"30.09.26, 13:19:10",109905006414,36720768056,1,Default Workflow,main,feature/26_2_new_fluent_theme_with_design_tokens-merge52ad6817,failure,Run targets,https://github.com/DevExpress/DevExtreme/actions/runs/36720768056/job/109905006414
"30.09.26, 13:32:04",109910312581,36720768056,2,Default Workflow,main,feature/26_2_new_fluent_theme_with_design_tokens-merge52ad6817,failure,Run targets,https://github.com/DevExpress/DevExtreme/actions/runs/36720768056/job/109910312581
"30.09.26, 13:43:52",109915282911,36720768056,3,Default Workflow,main,feature/26_2_new_fluent_theme_with_design_tokens-merge52ad6817,failure,Run targets,https://github.com/DevExpress/DevExtreme/actions/runs/36720768056/job/109915282911
"30.09.26, 13:07:40",109900367503,36719412433,1,Default Workflow,main,feature/26_2_new_fluent_theme_with_design_tokens-merge52ad6817,failure,Install dependencies,https://github.com/DevExpress/DevExtreme/actions/runs/36719412433/job/109900367503
"30.09.26, 13:06:13",109899798140,36719244992,1,Default Workflow,main,feature/26_2_new_fluent_theme_with_design_tokens-merge52ad6817,failure,Install dependencies,https://github.com/DevExpress/DevExtreme/actions/runs/36719244992/job/109899798140
"30.09.26, 12:52:40",109894471359,36717652780,1,Default Workflow,main,angular-demos-remove-eager,failure,,https://github.com/DevExpress/DevExtreme/actions/runs/36717652780/job/109894471359
"30.09.26, 12:02:21",109876527770,36712233697,1,Default Workflow,main,update-gantt-version,failure,Install dependencies,https://github.com/DevExpress/DevExtreme/actions/runs/36712233697/job/109876527770
"30.09.26, 11:39:53",109868992848,36709920967,1,Default Workflow,main,applyUserState_add_jests_26_1,failure,,https://github.com/DevExpress/DevExtreme/actions/runs/36709920967/job/109868992848
"30.09.26, 09:56:20",109834652262,36699289716,1,Default Workflow,main,chore/26_1_update_deps,cancelled,,https://github.com/DevExpress/DevExtreme/actions/runs/36699289716/job/109834652262
"30.09.26, 08:45:23",109810147241,36691695619,1,Default Workflow,main,chore/update_deps,cancelled,,https://github.com/DevExpress/DevExtreme/actions/runs/36691695619/job/109810147241
"30.09.26, 13:07:46",109900409017,36719412626,1,Demos unit tests,Run unit tests,feature/26_2_new_fluent_theme_with_design_tokens-merge52ad6817,failure,Install dependencies,https://github.com/DevExpress/DevExtreme/actions/runs/36719412626/job/109900409017
"30.09.26, 13:06:22",109899853459,36719244928,1,Demos unit tests,Run unit tests,feature/26_2_new_fluent_theme_with_design_tokens-merge52ad6817,failure,Install dependencies,https://github.com/DevExpress/DevExtreme/actions/runs/36719244928/job/109899853459
"30.09.26, 12:02:27",109876560796,36712233594,1,Demos unit tests,Run unit tests,update-gantt-version,failure,Install dependencies,https://github.com/DevExpress/DevExtreme/actions/runs/36712233594/job/109876560796
"30.09.26, 09:56:20",109834652613,36699289669,1,Demos unit tests,Check if tests should run,chore/26_1_update_deps,cancelled,,https://github.com/DevExpress/DevExtreme/actions/runs/36699289669/job/109834652613
"30.09.26, 09:56:21",109834658630,36699289669,1,Demos unit tests,Run unit tests,chore/26_1_update_deps,cancelled,,https://github.com/DevExpress/DevExtreme/actions/runs/36699289669/job/109834658630
"30.09.26, 08:45:22",109810142999,36691694274,1,Demos unit tests,Check if tests should run,chore/update_deps,cancelled,,https://github.com/DevExpress/DevExtreme/actions/runs/36691694274/job/109810142999
"30.09.26, 08:45:24",109810150596,36691694274,1,Demos unit tests,Run unit tests,chore/update_deps,cancelled,,https://github.com/DevExpress/DevExtreme/actions/runs/36691694274/job/109810150596
"30.09.26, 12:00:00",109875711738,36709885215,1,Demos Visual Tests,angular(1/10)-screenshots-fluent.blue.light,25_2,failure,,https://github.com/DevExpress/DevExtreme/actions/runs/36709885215/job/109875711738
"30.09.26, 12:00:00",109875711797,36709885215,1,Demos Visual Tests,angular(2/10)-screenshots-fluent.blue.light,25_2,failure,,https://github.com/DevExpress/DevExtreme/actions/runs/36709885215/job/109875711797
"30.09.26, 17:30:16",110012156507,36751839460,1,Lint,TS,remove_m_prefix_26_2,cancelled,Build,https://github.com/DevExpress/DevExtreme/actions/runs/36751839460/job/110012156507
"30.09.26, 17:30:17",110012157027,36751839460,1,Lint,wrappers,remove_m_prefix_26_2,cancelled,Post Setup pnpm cache,https://github.com/DevExpress/DevExtreme/actions/runs/36751839460/job/110012157027
"30.09.26, 17:30:17",110012157085,36751839460,1,Lint,texts,remove_m_prefix_26_2,cancelled,Post Setup pnpm cache,https://github.com/DevExpress/DevExtreme/actions/runs/36751839460/job/110012157085
"30.09.26, 17:30:17",110012157108,36751839460,1,Lint,JS,remove_m_prefix_26_2,cancelled,Build,https://github.com/DevExpress/DevExtreme/actions/runs/36751839460/job/110012157108
"30.09.26, 17:33:42",110013561971,36751839460,1,Lint,Send notifications,remove_m_prefix_26_2,cancelled,,https://github.com/DevExpress/DevExtreme/actions/runs/36751839460/job/110013561971
"30.09.26, 14:56:54",109947170337,36732969633,1,Lint,JS,feature/separate_locale_format,cancelled,Post Setup pnpm cache,https://github.com/DevExpress/DevExtreme/actions/runs/36732969633/job/109947170337
"30.09.26, 14:56:54",109947170685,36732969633,1,Lint,TS,feature/separate_locale_format,cancelled,Lint TS,https://github.com/DevExpress/DevExtreme/actions/runs/36732969633/job/109947170685
"30.09.26, 15:04:04",109950380846,36732969633,1,Lint,Send notifications,feature/separate_locale_format,cancelled,,https://github.com/DevExpress/DevExtreme/actions/runs/36732969633/job/109950380846
"30.09.26, 13:07:40",109900367286,36719412387,1,Lint,wrappers,feature/26_2_new_fluent_theme_with_design_tokens-merge52ad6817,failure,Install dependencies,https://github.com/DevExpress/DevExtreme/actions/runs/36719412387/job/109900367286
"30.09.26, 13:07:40",109900367578,36719412387,1,Lint,component_exports,feature/26_2_new_fluent_theme_with_design_tokens-merge52ad6817,failure,Install dependencies,https://github.com/DevExpress/DevExtreme/actions/runs/36719412387/job/109900367578
"30.09.26, 13:07:40",109900367652,36719412387,1,Lint,JS,feature/26_2_new_fluent_theme_with_design_tokens-merge52ad6817,failure,Install dependencies,https://github.com/DevExpress/DevExtreme/actions/runs/36719412387/job/109900367652
"30.09.26, 13:07:40",109900367679,36719412387,1,Lint,texts,feature/26_2_new_fluent_theme_with_design_tokens-merge52ad6817,failure,Install dependencies,https://github.com/DevExpress/DevExtreme/actions/runs/36719412387/job/109900367679
"30.09.26, 13:07:40",109900367756,36719412387,1,Lint,TS,feature/26_2_new_fluent_theme_with_design_tokens-merge52ad6817,failure,Install dependencies,https://github.com/DevExpress/DevExtreme/actions/runs/36719412387/job/109900367756
"30.09.26, 13:06:13",109899798606,36719245004,1,Lint,wrappers,feature/26_2_new_fluent_theme_with_design_tokens-merge52ad6817,failure,Install dependencies,https://github.com/DevExpress/DevExtreme/actions/runs/36719245004/job/109899798606
"30.09.26, 13:06:13",109899798826,36719245004,1,Lint,texts,feature/26_2_new_fluent_theme_with_design_tokens-merge52ad6817,failure,Install dependencies,https://github.com/DevExpress/DevExtreme/actions/runs/36719245004/job/109899798826
"30.09.26, 13:06:13",109899798897,36719245004,1,Lint,TS,feature/26_2_new_fluent_theme_with_design_tokens-merge52ad6817,failure,Install dependencies,https://github.com/DevExpress/DevExtreme/actions/runs/36719245004/job/109899798897
"30.09.26, 13:06:13",109899798976,36719245004,1,Lint,component_exports,feature/26_2_new_fluent_theme_with_design_tokens-merge52ad6817,failure,Install dependencies,https://github.com/DevExpress/DevExtreme/actions/runs/36719245004/job/109899798976
"30.09.26, 13:06:13",109899799043,36719245004,1,Lint,JS,feature/26_2_new_fluent_theme_with_design_tokens-merge52ad6817,failure,Install dependencies,https://github.com/DevExpress/DevExtreme/actions/runs/36719245004/job/109899799043
"30.09.26, 12:03:32",109876935313,36712358631,1,Lint,TS,gh-readonly-queue/main/pr-35415-ffc7ca8ffb0b7bfcb050af57b42e0348b7f5f8f7,failure,,https://github.com/DevExpress/DevExtreme/actions/runs/36712358631/job/109876935313
"30.09.26, 12:02:21",109876527429,36712233543,1,Lint,TS,update-gantt-version,failure,Install dependencies,https://github.com/DevExpress/DevExtreme/actions/runs/36712233543/job/109876527429
"30.09.26, 12:02:21",109876527460,36712233543,1,Lint,wrappers,update-gantt-version,failure,Install dependencies,https://github.com/DevExpress/DevExtreme/actions/runs/36712233543/job/109876527460
"30.09.26, 12:02:21",109876527619,36712233543,1,Lint,JS,update-gantt-version,failure,Install dependencies,https://github.com/DevExpress/DevExtreme/actions/runs/36712233543/job/109876527619
"30.09.26, 12:02:21",109876527765,36712233543,1,Lint,component_exports,update-gantt-version,failure,Install dependencies,https://github.com/DevExpress/DevExtreme/actions/runs/36712233543/job/109876527765
"30.09.26, 12:02:21",109876527771,36712233543,1,Lint,texts,update-gantt-version,failure,Install dependencies,https://github.com/DevExpress/DevExtreme/actions/runs/36712233543/job/109876527771
"30.09.26, 11:41:16",109869454767,36710064802,1,Lint,TS,applyUserState_add_jests_26_2,failure,,https://github.com/DevExpress/DevExtreme/actions/runs/36710064802/job/109869454767
"30.09.26, 11:39:13",109868779378,36709856168,1,Lint,TS,26_1,failure,,https://github.com/DevExpress/DevExtreme/actions/runs/36709856168/job/109868779378
"30.09.26, 10:01:36",109836444436,36699843391,1,Lint,TS,chore/update_deps,cancelled,Post Setup pnpm cache,https://github.com/DevExpress/DevExtreme/actions/runs/36699843391/job/109836444436
"30.09.26, 10:01:37",109836444665,36699843391,1,Lint,JS,chore/update_deps,cancelled,,https://github.com/DevExpress/DevExtreme/actions/runs/36699843391/job/109836444665
"30.09.26, 10:09:43",109839189859,36699843391,1,Lint,Send notifications,chore/update_deps,cancelled,,https://github.com/DevExpress/DevExtreme/actions/runs/36699843391/job/109839189859
"30.09.26, 09:56:20",109834651882,36699289580,1,Lint,wrappers,chore/26_1_update_deps,cancelled,,https://github.com/DevExpress/DevExtreme/actions/runs/36699289580/job/109834651882
"30.09.26, 09:56:20",109834652009,36699289580,1,Lint,component_exports,chore/26_1_update_deps,cancelled,,https://github.com/DevExpress/DevExtreme/actions/runs/36699289580/job/109834652009
"30.09.26, 09:56:20",109834652020,36699289580,1,Lint,JS,chore/26_1_update_deps,cancelled,,https://github.com/DevExpress/DevExtreme/actions/runs/36699289580/job/109834652020
"30.09.26, 09:56:20",109834652045,36699289580,1,Lint,TS,chore/26_1_update_deps,cancelled,,https://github.com/DevExpress/DevExtreme/actions/runs/36699289580/job/109834652045
"30.09.26, 09:56:20",109834652080,36699289580,1,Lint,texts,chore/26_1_update_deps,cancelled,,https://github.com/DevExpress/DevExtreme/actions/runs/36699289580/job/109834652080
"30.09.26, 09:56:21",109834657579,36699289580,1,Lint,Send notifications,chore/26_1_update_deps,cancelled,,https://github.com/DevExpress/DevExtreme/actions/runs/36699289580/job/109834657579
"30.09.26, 08:45:22",109810144133,36691694487,1,Lint,texts,chore/update_deps,cancelled,,https://github.com/DevExpress/DevExtreme/actions/runs/36691694487/job/109810144133
"30.09.26, 08:45:22",109810144503,36691694487,1,Lint,JS,chore/update_deps,cancelled,,https://github.com/DevExpress/DevExtreme/actions/runs/36691694487/job/109810144503
"30.09.26, 08:45:22",109810144517,36691694487,1,Lint,wrappers,chore/update_deps,cancelled,,https://github.com/DevExpress/DevExtreme/actions/runs/36691694487/job/109810144517
"30.09.26, 08:45:23",109810144737,36691694487,1,Lint,TS,chore/update_deps,cancelled,,https://github.com/DevExpress/DevExtreme/actions/runs/36691694487/job/109810144737
"30.09.26, 08:45:23",109810144842,36691694487,1,Lint,component_exports,chore/update_deps,cancelled,,https://github.com/DevExpress/DevExtreme/actions/runs/36691694487/job/109810144842
"30.09.26, 08:45:24",109810151862,36691694487,1,Lint,Send notifications,chore/update_deps,cancelled,,https://github.com/DevExpress/DevExtreme/actions/runs/36691694487/job/109810151862
"30.09.26, 08:28:23",109804374254,36689904871,1,Lint,JS,gh-readonly-queue/main/pr-35385-540848002f00a1c6cc9440d2f76d9ccb68d1ef25,failure,,https://github.com/DevExpress/DevExtreme/actions/runs/36689904871/job/109804374254
"30.09.26, 17:30:17",110012157541,36751839744,1,Playgrounds tests,build,remove_m_prefix_26_2,cancelled,Build,https://github.com/DevExpress/DevExtreme/actions/runs/36751839744/job/110012157541
"30.09.26, 17:33:40",110013551332,36751839744,1,Playgrounds tests,matrix.ARGS.platform,remove_m_prefix_26_2,cancelled,,https://github.com/DevExpress/DevExtreme/actions/runs/36751839744/job/110013551332
"30.09.26, 14:56:54",109947167551,36732969852,1,Playgrounds tests,build,feature/separate_locale_format,cancelled,,https://github.com/DevExpress/DevExtreme/actions/runs/36732969852/job/109947167551
"30.09.26, 15:03:38",109950190105,36732969852,1,Playgrounds tests,matrix.ARGS.platform,feature/separate_locale_format,cancelled,,https://github.com/DevExpress/DevExtreme/actions/runs/36732969852/job/109950190105
"30.09.26, 14:01:04",109922593008,36725534264,1,Playgrounds tests,react,26_1-fix/demos-grid-edit-state-management-template-error,failure,,https://github.com/DevExpress/DevExtreme/actions/runs/36725534264/job/109922593008
"30.09.26, 13:07:40",109900368994,36719412775,1,Playgrounds tests,build,feature/26_2_new_fluent_theme_with_design_tokens-merge52ad6817,failure,Install dependencies,https://github.com/DevExpress/DevExtreme/actions/runs/36719412775/job/109900368994
"30.09.26, 13:06:13",109899798790,36719245010,1,Playgrounds tests,build,feature/26_2_new_fluent_theme_with_design_tokens-merge52ad6817,failure,Install dependencies,https://github.com/DevExpress/DevExtreme/actions/runs/36719245010/job/109899798790
"30.09.26, 12:02:21",109876527072,36712233553,1,Playgrounds tests,build,update-gantt-version,failure,Install dependencies,https://github.com/DevExpress/DevExtreme/actions/runs/36712233553/job/109876527072
"30.09.26, 11:45:31",109870861688,36709773165,1,Playgrounds tests,react,chore/update_deps,cancelled,Install dependencies,https://github.com/DevExpress/DevExtreme/actions/runs/36709773165/job/109870861688
"30.09.26, 10:07:14",109838367629,36699843093,1,Playgrounds tests,angular,chore/update_deps,cancelled,Build,https://github.com/DevExpress/DevExtreme/actions/runs/36699843093/job/109838367629
"30.09.26, 10:07:14",109838367658,36699843093,1,Playgrounds tests,react,chore/update_deps,cancelled,Check sources compilation,https://github.com/DevExpress/DevExtreme/actions/runs/36699843093/job/109838367658
"30.09.26, 10:07:14",109838367804,36699843093,1,Playgrounds tests,vue,chore/update_deps,cancelled,Check sources compilation,https://github.com/DevExpress/DevExtreme/actions/runs/36699843093/job/109838367804
"30.09.26, 09:56:20",109834650955,36699289247,1,Playgrounds tests,build,chore/26_1_update_deps,cancelled,,https://github.com/DevExpress/DevExtreme/actions/runs/36699289247/job/109834650955
"30.09.26, 09:56:22",109834661643,36699289247,1,Playgrounds tests,matrix.ARGS.platform,chore/26_1_update_deps,cancelled,,https://github.com/DevExpress/DevExtreme/actions/runs/36699289247/job/109834661643
"30.09.26, 08:45:22",109810143446,36691694375,1,Playgrounds tests,build,chore/update_deps,cancelled,,https://github.com/DevExpress/DevExtreme/actions/runs/36691694375/job/109810143446
"30.09.26, 08:45:24",109810151751,36691694375,1,Playgrounds tests,matrix.ARGS.platform,chore/update_deps,cancelled,,https://github.com/DevExpress/DevExtreme/actions/runs/36691694375/job/109810151751
"30.09.26, 17:30:42",110012336590,36751839649,1,Playwright tests,Build DevExtreme,remove_m_prefix_26_2,cancelled,Build,https://github.com/DevExpress/DevExtreme/actions/runs/36751839649/job/110012336590
"30.09.26, 17:33:39",110013545890,36751839649,1,Playwright tests,${{ matrix.name }}${{ ((!matrix.theme && ' - fluent') || '') }},remove_m_prefix_26_2,cancelled,,https://github.com/DevExpress/DevExtreme/actions/runs/36751839649/job/110013545890
"30.09.26, 14:57:25",109947402666,36732969413,1,Playwright tests,Build DevExtreme,feature/separate_locale_format,cancelled,,https://github.com/DevExpress/DevExtreme/actions/runs/36732969413/job/109947402666
"30.09.26, 15:03:45",109950244039,36732969413,1,Playwright tests,${{ matrix.name }}${{ ((!matrix.theme && ' - fluent') || '') }},feature/separate_locale_format,cancelled,,https://github.com/DevExpress/DevExtreme/actions/runs/36732969413/job/109950244039
"30.09.26, 14:28:28",109934583858,36729329455,1,Playwright tests,Build DevExtreme,chore/typescript-5.9,failure,,https://github.com/DevExpress/DevExtreme/actions/runs/36729329455/job/109934583858
"30.09.26, 13:08:50",109900830509,36719412702,1,Playwright tests,Build DevExtreme,feature/26_2_new_fluent_theme_with_design_tokens-merge52ad6817,failure,Install dependencies,https://github.com/DevExpress/DevExtreme/actions/runs/36719412702/job/109900830509
"30.09.26, 13:06:44",109900003054,36719244912,1,Playwright tests,Build DevExtreme,feature/26_2_new_fluent_theme_with_design_tokens-merge52ad6817,cancelled,Install dependencies,https://github.com/DevExpress/DevExtreme/actions/runs/36719244912/job/109900003054
"30.09.26, 13:08:08",109900557300,36719244912,1,Playwright tests,${{ matrix.name }}${{ ((!matrix.theme && ' - fluent') || '') }},feature/26_2_new_fluent_theme_with_design_tokens-merge52ad6817,cancelled,,https://github.com/DevExpress/DevExtreme/actions/runs/36719244912/job/109900557300
"30.09.26, 12:51:37",109894065666,36717489929,1,Playwright tests,Build DevExtreme,gh-readonly-queue/main/pr-35368-52ad68173859ad32900db4a38c811ee8697fbd46,failure,,https://github.com/DevExpress/DevExtreme/actions/runs/36717489929/job/109894065666
"30.09.26, 12:02:42",109876647158,36712233487,1,Playwright tests,Build DevExtreme,update-gantt-version,failure,Install dependencies,https://github.com/DevExpress/DevExtreme/actions/runs/36712233487/job/109876647158
"30.09.26, 11:47:54",109871650656,36709773009,1,Playwright tests,material - compact,chore/update_deps,cancelled,,https://github.com/DevExpress/DevExtreme/actions/runs/36709773009/job/109871650656
"30.09.26, 11:47:54",109871650667,36709773009,1,Playwright tests,dataGrid (2/4) - fluent,chore/update_deps,cancelled,,https://github.com/DevExpress/DevExtreme/actions/runs/36709773009/job/109871650667
"30.09.26, 11:47:54",109871650686,36709773009,1,Playwright tests,dataGrid (1/4) - fluent,chore/update_deps,cancelled,,https://github.com/DevExpress/DevExtreme/actions/runs/36709773009/job/109871650686
"30.09.26, 11:47:54",109871650697,36709773009,1,Playwright tests,common - fluent,chore/update_deps,cancelled,,https://github.com/DevExpress/DevExtreme/actions/runs/36709773009/job/109871650697
"30.09.26, 11:47:54",109871650698,36709773009,1,Playwright tests,accessibility - fluent,chore/update_deps,cancelled,,https://github.com/DevExpress/DevExtreme/actions/runs/36709773009/job/109871650698
"30.09.26, 11:47:54",109871650737,36709773009,1,Playwright tests,cardView - fluent,chore/update_deps,cancelled,,https://github.com/DevExpress/DevExtreme/actions/runs/36709773009/job/109871650737
"30.09.26, 11:47:54",109871650740,36709773009,1,Playwright tests,scheduler / timezones (America/Los_Angeles) - fluent,chore/update_deps,cancelled,,https://github.com/DevExpress/DevExtreme/actions/runs/36709773009/job/109871650740
"30.09.26, 11:47:54",109871650742,36709773009,1,Playwright tests,dataGrid (4/4) - fluent,chore/update_deps,cancelled,,https://github.com/DevExpress/DevExtreme/actions/runs/36709773009/job/109871650742
"30.09.26, 11:47:54",109871650743,36709773009,1,Playwright tests,generic,chore/update_deps,cancelled,,https://github.com/DevExpress/DevExtreme/actions/runs/36709773009/job/109871650743
"30.09.26, 11:47:54",109871650748,36709773009,1,Playwright tests,scheduler / viewOffset (2/2) - fluent,chore/update_deps,cancelled,,https://github.com/DevExpress/DevExtreme/actions/runs/36709773009/job/109871650748
"30.09.26, 11:47:54",109871650753,36709773009,1,Playwright tests,scheduler / common (2/3) - fluent,chore/update_deps,cancelled,,https://github.com/DevExpress/DevExtreme/actions/runs/36709773009/job/109871650753
"30.09.26, 11:47:54",109871650755,36709773009,1,Playwright tests,scheduler / viewOffset (1/2) - fluent,chore/update_deps,cancelled,,https://github.com/DevExpress/DevExtreme/actions/runs/36709773009/job/109871650755
"30.09.26, 11:47:54",109871650786,36709773009,1,Playwright tests,editors - fluent,chore/update_deps,cancelled,,https://github.com/DevExpress/DevExtreme/actions/runs/36709773009/job/109871650786
"30.09.26, 11:47:54",109871650797,36709773009,1,Playwright tests,scheduler / common (3/3) - fluent,chore/update_deps,cancelled,,https://github.com/DevExpress/DevExtreme/actions/runs/36709773009/job/109871650797
"30.09.26, 11:47:54",109871650816,36709773009,1,Playwright tests,scheduler / timezones (Europe/Berlin) - fluent,chore/update_deps,cancelled,,https://github.com/DevExpress/DevExtreme/actions/runs/36709773009/job/109871650816
"30.09.26, 11:47:54",109871650844,36709773009,1,Playwright tests,scheduler / common (1/3) - fluent,chore/update_deps,cancelled,,https://github.com/DevExpress/DevExtreme/actions/runs/36709773009/job/109871650844
"30.09.26, 11:47:54",109871650848,36709773009,1,Playwright tests,dataGrid (3/4) - fluent,chore/update_deps,cancelled,,https://github.com/DevExpress/DevExtreme/actions/runs/36709773009/job/109871650848
"30.09.26, 11:47:54",109871650851,36709773009,1,Playwright tests,navigation - fluent,chore/update_deps,cancelled,,https://github.com/DevExpress/DevExtreme/actions/runs/36709773009/job/109871650851
"30.09.26, 11:47:54",109871650858,36709773009,1,Playwright tests,material,chore/update_deps,cancelled,,https://github.com/DevExpress/DevExtreme/actions/runs/36709773009/job/109871650858
"30.09.26, 10:08:46",109838872157,36699843386,1,Playwright tests,accessibility - material.light,chore/update_deps,cancelled,,https://github.com/DevExpress/DevExtreme/actions/runs/36699843386/job/109838872157
"30.09.26, 10:08:46",109838872210,36699843386,1,Playwright tests,generic,chore/update_deps,cancelled,Install dependencies,https://github.com/DevExpress/DevExtreme/actions/runs/36699843386/job/109838872210
"30.09.26, 10:08:46",109838872229,36699843386,1,Playwright tests,accessibility - material.dark,chore/update_deps,cancelled,,https://github.com/DevExpress/DevExtreme/actions/runs/36699843386/job/109838872229
"30.09.26, 10:08:46",109838872234,36699843386,1,Playwright tests,scheduler / common (1/3) - fluent,chore/update_deps,cancelled,,https://github.com/DevExpress/DevExtreme/actions/runs/36699843386/job/109838872234
"30.09.26, 10:08:46",109838872237,36699843386,1,Playwright tests,accessibility - fluent,chore/update_deps,cancelled,,https://github.com/DevExpress/DevExtreme/actions/runs/36699843386/job/109838872237
"30.09.26, 10:08:46",109838872254,36699843386,1,Playwright tests,accessibility - fluent.dark,chore/update_deps,cancelled,,https://github.com/DevExpress/DevExtreme/actions/runs/36699843386/job/109838872254
"30.09.26, 10:08:46",109838872264,36699843386,1,Playwright tests,scheduler / common (2/3) - fluent,chore/update_deps,cancelled,Install dependencies,https://github.com/DevExpress/DevExtreme/actions/runs/36699843386/job/109838872264
"30.09.26, 10:08:46",109838872265,36699843386,1,Playwright tests,dataGrid (4/4) - fluent,chore/update_deps,cancelled,Install dependencies,https://github.com/DevExpress/DevExtreme/actions/runs/36699843386/job/109838872265
"30.09.26, 10:08:46",109838872278,36699843386,1,Playwright tests,common - fluent,chore/update_deps,cancelled,,https://github.com/DevExpress/DevExtreme/actions/runs/36699843386/job/109838872278
"30.09.26, 10:08:46",109838872310,36699843386,1,Playwright tests,material,chore/update_deps,cancelled,,https://github.com/DevExpress/DevExtreme/actions/runs/36699843386/job/109838872310
"30.09.26, 10:08:46",109838872311,36699843386,1,Playwright tests,dataGrid (3/4) - fluent,chore/update_deps,cancelled,,https://github.com/DevExpress/DevExtreme/actions/runs/36699843386/job/109838872311
"30.09.26, 10:08:46",109838872317,36699843386,1,Playwright tests,navigation - fluent,chore/update_deps,cancelled,,https://github.com/DevExpress/DevExtreme/actions/runs/36699843386/job/109838872317
"30.09.26, 10:08:46",109838872325,36699843386,1,Playwright tests,cardView - fluent,chore/update_deps,cancelled,,https://github.com/DevExpress/DevExtreme/actions/runs/36699843386/job/109838872325
"30.09.26, 10:08:46",109838872331,36699843386,1,Playwright tests,dataGrid (2/4) - fluent,chore/update_deps,cancelled,,https://github.com/DevExpress/DevExtreme/actions/runs/36699843386/job/109838872331
"30.09.26, 10:08:46",109838872334,36699843386,1,Playwright tests,editors - fluent,chore/update_deps,cancelled,,https://github.com/DevExpress/DevExtreme/actions/runs/36699843386/job/109838872334
"30.09.26, 10:08:46",109838872344,36699843386,1,Playwright tests,scheduler / timezones (Europe/Berlin) - fluent,chore/update_deps,cancelled,Install dependencies,https://github.com/DevExpress/DevExtreme/actions/runs/36699843386/job/109838872344
"30.09.26, 10:08:46",109838872371,36699843386,1,Playwright tests,scheduler / viewOffset (2/2) - fluent,chore/update_deps,cancelled,,https://github.com/DevExpress/DevExtreme/actions/runs/36699843386/job/109838872371
"30.09.26, 10:08:46",109838872413,36699843386,1,Playwright tests,scheduler / timezones (America/Los_Angeles) - fluent,chore/update_deps,cancelled,,https://github.com/DevExpress/DevExtreme/actions/runs/36699843386/job/109838872413
"30.09.26, 10:08:46",109838872421,36699843386,1,Playwright tests,material - compact,chore/update_deps,cancelled,,https://github.com/DevExpress/DevExtreme/actions/runs/36699843386/job/109838872421
"30.09.26, 10:08:46",109838872434,36699843386,1,Playwright tests,scheduler / viewOffset (1/2) - fluent,chore/update_deps,cancelled,,https://github.com/DevExpress/DevExtreme/actions/runs/36699843386/job/109838872434
"30.09.26, 10:08:46",109838872486,36699843386,1,Playwright tests,dataGrid (1/4) - fluent,chore/update_deps,cancelled,,https://github.com/DevExpress/DevExtreme/actions/runs/36699843386/job/109838872486
"30.09.26, 10:08:46",109838872495,36699843386,1,Playwright tests,scheduler / common (3/3) - fluent,chore/update_deps,cancelled,,https://github.com/DevExpress/DevExtreme/actions/runs/36699843386/job/109838872495
"30.09.26, 09:17:40",109821338126,36695147186,1,Playwright tests,Build DevExtreme,gh-readonly-queue/main/pr-35385-540848002f00a1c6cc9440d2f76d9ccb68d1ef25,failure,,https://github.com/DevExpress/DevExtreme/actions/runs/36695147186/job/109821338126
"30.09.26, 09:16:00",109820751416,36694354818,1,Playwright tests,scheduler / viewOffset (2/2) - fluent,a11y_grids_separator/main,failure,,https://github.com/DevExpress/DevExtreme/actions/runs/36694354818/job/109820751416
"30.09.26, 08:45:22",109810143121,36691694389,1,Playwright tests,Check if tests should run,chore/update_deps,cancelled,,https://github.com/DevExpress/DevExtreme/actions/runs/36691694389/job/109810143121
"30.09.26, 08:45:24",109810151040,36691694389,1,Playwright tests,Determine Playwright matrix,chore/update_deps,cancelled,,https://github.com/DevExpress/DevExtreme/actions/runs/36691694389/job/109810151040
"30.09.26, 08:45:24",109810151313,36691694389,1,Playwright tests,Build DevExtreme,chore/update_deps,cancelled,,https://github.com/DevExpress/DevExtreme/actions/runs/36691694389/job/109810151313
"30.09.26, 08:45:24",109810151535,36691694389,1,Playwright tests,${{ matrix.name }}${{ ((!matrix.theme && ' - fluent') || '') }},chore/update_deps,cancelled,,https://github.com/DevExpress/DevExtreme/actions/runs/36691694389/job/109810151535
"30.09.26, 17:30:16",110012156270,36751839588,1,QUnit tests,Build,remove_m_prefix_26_2,cancelled,Build,https://github.com/DevExpress/DevExtreme/actions/runs/36751839588/job/110012156270
"30.09.26, 17:33:44",110013575246,36751839588,1,QUnit tests,${{ matrix.constel }}-shadow-dom,remove_m_prefix_26_2,cancelled,,https://github.com/DevExpress/DevExtreme/actions/runs/36751839588/job/110013575246
"30.09.26, 17:33:44",110013576619,36751839588,1,QUnit tests,"Constel ${{ matrix.CONSTEL }}${{ (((matrix.TIMEZONE != '') && format('-{0}', matrix.TIMEZONE)) || '') }}${{ (((matrix.CSP == 'false') && '-no-csp') || '') }}",remove_m_prefix_26_2,cancelled,,https://github.com/DevExpress/DevExtreme/actions/runs/36751839588/job/110013576619
"30.09.26, 17:33:44",110013576954,36751839588,1,QUnit tests,Send notifications,remove_m_prefix_26_2,cancelled,,https://github.com/DevExpress/DevExtreme/actions/runs/36751839588/job/110013576954
"30.09.26, 15:23:59",109959223649,36735597397,1,QUnit tests,ui.grid-shadow-dom,angular-demos-ng-if-fix,failure,,https://github.com/DevExpress/DevExtreme/actions/runs/36735597397/job/109959223649
"30.09.26, 15:23:59",109959223854,36735597397,1,QUnit tests,ui.scheduler-shadow-dom,angular-demos-ng-if-fix,failure,,https://github.com/DevExpress/DevExtreme/actions/runs/36735597397/job/109959223854
"30.09.26, 15:05:51",109951166552,36733818800,1,QUnit tests,ui.editors-shadow-dom,feature/separate_locale_format,failure,Run QUnit tests,https://github.com/DevExpress/DevExtreme/actions/runs/36733818800/job/109951166552
"30.09.26, 15:05:51",109951166714,36733818800,1,QUnit tests,Constel ui.editors,feature/separate_locale_format,failure,Run QUnit tests,https://github.com/DevExpress/DevExtreme/actions/runs/36733818800/job/109951166714
"30.09.26, 15:02:01",109949474868,36732969472,1,QUnit tests,ui.widgets-shadow-dom,feature/separate_locale_format,cancelled,Run QUnit tests,https://github.com/DevExpress/DevExtreme/actions/runs/36732969472/job/109949474868
"30.09.26, 15:02:01",109949474890,36732969472,1,QUnit tests,ui.editors-shadow-dom,feature/separate_locale_format,cancelled,Run QUnit tests,https://github.com/DevExpress/DevExtreme/actions/runs/36732969472/job/109949474890
"30.09.26, 15:02:01",109949474898,36732969472,1,QUnit tests,ui.scheduler-shadow-dom,feature/separate_locale_format,cancelled,Run QUnit tests,https://github.com/DevExpress/DevExtreme/actions/runs/36732969472/job/109949474898
"30.09.26, 15:02:01",109949475000,36732969472,1,QUnit tests,Constel ui.widgets-no-csp,feature/separate_locale_format,cancelled,Run QUnit tests,https://github.com/DevExpress/DevExtreme/actions/runs/36732969472/job/109949475000
"30.09.26, 15:02:01",109949475071,36732969472,1,QUnit tests,Constel misc,feature/separate_locale_format,cancelled,Run QUnit tests,https://github.com/DevExpress/DevExtreme/actions/runs/36732969472/job/109949475071
"30.09.26, 15:02:01",109949475093,36732969472,1,QUnit tests,ui.grid-shadow-dom,feature/separate_locale_format,cancelled,Run QUnit tests,https://github.com/DevExpress/DevExtreme/actions/runs/36732969472/job/109949475093
"30.09.26, 15:02:01",109949475127,36732969472,1,QUnit tests,Constel ui.grid,feature/separate_locale_format,cancelled,Run QUnit tests,https://github.com/DevExpress/DevExtreme/actions/runs/36732969472/job/109949475127
"30.09.26, 15:02:01",109949475158,36732969472,1,QUnit tests,Constel ui.editors,feature/separate_locale_format,cancelled,Run QUnit tests,https://github.com/DevExpress/DevExtreme/actions/runs/36732969472/job/109949475158
"30.09.26, 15:02:01",109949475159,36732969472,1,QUnit tests,Constel ui.scheduler-US/Pacific,feature/separate_locale_format,cancelled,Run QUnit tests,https://github.com/DevExpress/DevExtreme/actions/runs/36732969472/job/109949475159
"30.09.26, 15:02:01",109949475161,36732969472,1,QUnit tests,ui-shadow-dom,feature/separate_locale_format,cancelled,Run QUnit tests,https://github.com/DevExpress/DevExtreme/actions/runs/36732969472/job/109949475161
"30.09.26, 15:02:01",109949475192,36732969472,1,QUnit tests,Constel misc-no-csp,feature/separate_locale_format,cancelled,Run QUnit tests,https://github.com/DevExpress/DevExtreme/actions/runs/36732969472/job/109949475192
"30.09.26, 15:02:01",109949475377,36732969472,1,QUnit tests,Constel ui,feature/separate_locale_format,cancelled,Run QUnit tests,https://github.com/DevExpress/DevExtreme/actions/runs/36732969472/job/109949475377
"30.09.26, 15:02:02",109949476136,36732969472,1,QUnit tests,Constel ui.scheduler,feature/separate_locale_format,cancelled,Run QUnit tests,https://github.com/DevExpress/DevExtreme/actions/runs/36732969472/job/109949476136
"30.09.26, 15:04:22",109950509040,36732969472,1,QUnit tests,Send notifications,feature/separate_locale_format,cancelled,,https://github.com/DevExpress/DevExtreme/actions/runs/36732969472/job/109950509040
"30.09.26, 13:21:54",109906125932,36720602011,1,QUnit tests,ui.editors-shadow-dom,feature/separate_locale_format,failure,Run QUnit tests,https://github.com/DevExpress/DevExtreme/actions/runs/36720602011/job/109906125932
"30.09.26, 13:21:54",109906126024,36720602011,1,QUnit tests,Constel ui.editors,feature/separate_locale_format,failure,Run QUnit tests,https://github.com/DevExpress/DevExtreme/actions/runs/36720602011/job/109906126024
"30.09.26, 13:07:40",109900366695,36719412326,1,QUnit tests,Build,feature/26_2_new_fluent_theme_with_design_tokens-merge52ad6817,failure,Install dependencies,https://github.com/DevExpress/DevExtreme/actions/runs/36719412326/job/109900366695
"30.09.26, 13:06:13",109899799374,36719245368,1,QUnit tests,Build,feature/26_2_new_fluent_theme_with_design_tokens-merge52ad6817,failure,Install dependencies,https://github.com/DevExpress/DevExtreme/actions/runs/36719245368/job/109899799374
"30.09.26, 12:55:19",109895497397,36717489874,1,QUnit tests,ui-shadow-dom,gh-readonly-queue/main/pr-35368-52ad68173859ad32900db4a38c811ee8697fbd46,failure,,https://github.com/DevExpress/DevExtreme/actions/runs/36717489874/job/109895497397
"30.09.26, 12:02:21",109876525939,36712233185,1,QUnit tests,Build,update-gantt-version,failure,Install dependencies,https://github.com/DevExpress/DevExtreme/actions/runs/36712233185/job/109876525939
"30.09.26, 12:05:02",109877456019,36712132256,1,QUnit tests,ui.scheduler-shadow-dom,26_1,failure,,https://github.com/DevExpress/DevExtreme/actions/runs/36712132256/job/109877456019
"30.09.26, 12:05:02",109877456098,36712132256,1,QUnit tests,ui.grid-shadow-dom,26_1,failure,,https://github.com/DevExpress/DevExtreme/actions/runs/36712132256/job/109877456098
"30.09.26, 12:05:02",109877456147,36712132256,1,QUnit tests,Constel ui.scheduler-US/Pacific,26_1,failure,,https://github.com/DevExpress/DevExtreme/actions/runs/36712132256/job/109877456147
"30.09.26, 12:05:02",109877456163,36712132256,1,QUnit tests,Constel ui.editors,26_1,failure,,https://github.com/DevExpress/DevExtreme/actions/runs/36712132256/job/109877456163
"30.09.26, 11:45:57",109871010181,36710064781,1,QUnit tests,Constel ui.grid,applyUserState_add_jests_26_2,failure,,https://github.com/DevExpress/DevExtreme/actions/runs/36710064781/job/109871010181
"30.09.26, 11:47:11",109871418163,36709885414,1,QUnit tests,ui.grid-shadow-dom,25_2,failure,,https://github.com/DevExpress/DevExtreme/actions/runs/36709885414/job/109871418163
"30.09.26, 11:44:14",109870437295,36709856316,1,QUnit tests,ui.grid-shadow-dom,26_1,failure,,https://github.com/DevExpress/DevExtreme/actions/runs/36709856316/job/109870437295
"30.09.26, 11:44:14",109870437360,36709856316,1,QUnit tests,Constel ui.scheduler,26_1,failure,,https://github.com/DevExpress/DevExtreme/actions/runs/36709856316/job/109870437360
"30.09.26, 11:44:59",109870683932,36709772818,1,QUnit tests,ui.scheduler-shadow-dom,chore/update_deps,cancelled,Run QUnit tests,https://github.com/DevExpress/DevExtreme/actions/runs/36709772818/job/109870683932
"30.09.26, 11:44:59",109870683967,36709772818,1,QUnit tests,ui.editors-shadow-dom,chore/update_deps,cancelled,Run QUnit tests,https://github.com/DevExpress/DevExtreme/actions/runs/36709772818/job/109870683967
"30.09.26, 11:44:59",109870684007,36709772818,1,QUnit tests,Constel ui.scheduler,chore/update_deps,cancelled,,https://github.com/DevExpress/DevExtreme/actions/runs/36709772818/job/109870684007
"30.09.26, 11:44:59",109870684017,36709772818,1,QUnit tests,Constel ui.grid,chore/update_deps,cancelled,Run QUnit tests,https://github.com/DevExpress/DevExtreme/actions/runs/36709772818/job/109870684017
"30.09.26, 11:44:59",109870684020,36709772818,1,QUnit tests,Constel ui.scheduler-US/Pacific,chore/update_deps,cancelled,Run QUnit tests,https://github.com/DevExpress/DevExtreme/actions/runs/36709772818/job/109870684020
"30.09.26, 11:44:59",109870684025,36709772818,1,QUnit tests,Constel ui.editors,chore/update_deps,cancelled,Run QUnit tests,https://github.com/DevExpress/DevExtreme/actions/runs/36709772818/job/109870684025
"30.09.26, 11:44:59",109870684049,36709772818,1,QUnit tests,ui-shadow-dom,chore/update_deps,cancelled,Run QUnit tests,https://github.com/DevExpress/DevExtreme/actions/runs/36709772818/job/109870684049
"30.09.26, 11:44:59",109870684056,36709772818,1,QUnit tests,Constel ui.widgets-no-csp,chore/update_deps,cancelled,Run QUnit tests,https://github.com/DevExpress/DevExtreme/actions/runs/36709772818/job/109870684056
"30.09.26, 11:44:59",109870684060,36709772818,1,QUnit tests,ui.grid-shadow-dom,chore/update_deps,cancelled,Run QUnit tests,https://github.com/DevExpress/DevExtreme/actions/runs/36709772818/job/109870684060
"30.09.26, 11:44:59",109870684077,36709772818,1,QUnit tests,Constel misc-no-csp,chore/update_deps,cancelled,,https://github.com/DevExpress/DevExtreme/actions/runs/36709772818/job/109870684077
"30.09.26, 11:44:59",109870684078,36709772818,1,QUnit tests,Constel misc,chore/update_deps,cancelled,Run QUnit tests,https://github.com/DevExpress/DevExtreme/actions/runs/36709772818/job/109870684078
"30.09.26, 11:44:59",109870684139,36709772818,1,QUnit tests,ui.widgets-shadow-dom,chore/update_deps,cancelled,Run QUnit tests,https://github.com/DevExpress/DevExtreme/actions/runs/36709772818/job/109870684139
"30.09.26, 11:44:59",109870684178,36709772818,1,QUnit tests,Constel ui,chore/update_deps,cancelled,,https://github.com/DevExpress/DevExtreme/actions/runs/36709772818/job/109870684178
"30.09.26, 11:54:56",109874002383,36709772818,1,QUnit tests,Send notifications,chore/update_deps,cancelled,,https://github.com/DevExpress/DevExtreme/actions/runs/36709772818/job/109874002383
"30.09.26, 10:09:46",109839208106,36700448769,1,QUnit tests,Constel ui.editors,fluent-next-update-schediler-demos,failure,,https://github.com/DevExpress/DevExtreme/actions/runs/36700448769/job/109839208106
"30.09.26, 10:09:46",109839208160,36700448769,1,QUnit tests,ui.widgets-shadow-dom,fluent-next-update-schediler-demos,failure,,https://github.com/DevExpress/DevExtreme/actions/runs/36700448769/job/109839208160
"30.09.26, 10:05:40",109837838162,36699843027,1,QUnit tests,ui.widgets-shadow-dom,chore/update_deps,cancelled,Run QUnit tests,https://github.com/DevExpress/DevExtreme/actions/runs/36699843027/job/109837838162
"30.09.26, 10:05:40",109837838191,36699843027,1,QUnit tests,Constel ui.grid,chore/update_deps,cancelled,Run QUnit tests,https://github.com/DevExpress/DevExtreme/actions/runs/36699843027/job/109837838191
"30.09.26, 10:05:40",109837838194,36699843027,1,QUnit tests,ui-shadow-dom,chore/update_deps,cancelled,Run QUnit tests,https://github.com/DevExpress/DevExtreme/actions/runs/36699843027/job/109837838194
"30.09.26, 10:05:40",109837838225,36699843027,1,QUnit tests,Constel ui.widgets-no-csp,chore/update_deps,cancelled,Run QUnit tests,https://github.com/DevExpress/DevExtreme/actions/runs/36699843027/job/109837838225
"30.09.26, 10:05:40",109837838234,36699843027,1,QUnit tests,ui.editors-shadow-dom,chore/update_deps,cancelled,Run QUnit tests,https://github.com/DevExpress/DevExtreme/actions/runs/36699843027/job/109837838234
"30.09.26, 10:05:40",109837838262,36699843027,1,QUnit tests,Constel ui.editors,chore/update_deps,cancelled,Run QUnit tests,https://github.com/DevExpress/DevExtreme/actions/runs/36699843027/job/109837838262
"30.09.26, 10:05:40",109837838269,36699843027,1,QUnit tests,ui.scheduler-shadow-dom,chore/update_deps,cancelled,Run QUnit tests,https://github.com/DevExpress/DevExtreme/actions/runs/36699843027/job/109837838269
"30.09.26, 10:05:40",109837838287,36699843027,1,QUnit tests,Constel ui.scheduler,chore/update_deps,cancelled,Run QUnit tests,https://github.com/DevExpress/DevExtreme/actions/runs/36699843027/job/109837838287
"30.09.26, 10:05:40",109837838318,36699843027,1,QUnit tests,Constel misc,chore/update_deps,cancelled,Run QUnit tests,https://github.com/DevExpress/DevExtreme/actions/runs/36699843027/job/109837838318
"30.09.26, 10:05:40",109837838324,36699843027,1,QUnit tests,Constel ui.scheduler-US/Pacific,chore/update_deps,cancelled,Run QUnit tests,https://github.com/DevExpress/DevExtreme/actions/runs/36699843027/job/109837838324
"30.09.26, 10:05:40",109837838337,36699843027,1,QUnit tests,ui.grid-shadow-dom,chore/update_deps,cancelled,Run QUnit tests,https://github.com/DevExpress/DevExtreme/actions/runs/36699843027/job/109837838337
"30.09.26, 10:05:40",109837838347,36699843027,1,QUnit tests,Constel misc-no-csp,chore/update_deps,cancelled,Run QUnit tests,https://github.com/DevExpress/DevExtreme/actions/runs/36699843027/job/109837838347
"30.09.26, 10:05:40",109837838420,36699843027,1,QUnit tests,Constel ui,chore/update_deps,cancelled,Run QUnit tests,https://github.com/DevExpress/DevExtreme/actions/runs/36699843027/job/109837838420
"30.09.26, 10:10:12",109839351395,36699843027,1,QUnit tests,Send notifications,chore/update_deps,cancelled,,https://github.com/DevExpress/DevExtreme/actions/runs/36699843027/job/109839351395
"30.09.26, 09:56:20",109834652931,36699289814,1,QUnit tests,Build,chore/26_1_update_deps,cancelled,,https://github.com/DevExpress/DevExtreme/actions/runs/36699289814/job/109834652931
"30.09.26, 09:56:20",109834653366,36699289814,1,QUnit tests,Check if all tests should run,chore/26_1_update_deps,cancelled,,https://github.com/DevExpress/DevExtreme/actions/runs/36699289814/job/109834653366
"30.09.26, 09:56:21",109834658783,36699289814,1,QUnit tests,"Constel ${{ matrix.CONSTEL }}${{ (((matrix.TIMEZONE != '') && format('-{0}', matrix.TIMEZONE)) || '') }}${{ (((matrix.CSP == 'false') && '-no-csp') || '') }}",chore/26_1_update_deps,cancelled,,https://github.com/DevExpress/DevExtreme/actions/runs/36699289814/job/109834658783
"30.09.26, 09:56:21",109834658912,36699289814,1,QUnit tests,${{ matrix.constel }}-shadow-dom,chore/26_1_update_deps,cancelled,,https://github.com/DevExpress/DevExtreme/actions/runs/36699289814/job/109834658912
"30.09.26, 09:56:22",109834660480,36699289814,1,QUnit tests,Send notifications,chore/26_1_update_deps,cancelled,,https://github.com/DevExpress/DevExtreme/actions/runs/36699289814/job/109834660480
"30.09.26, 09:14:10",109820111152,36694354860,1,QUnit tests,ui.grid-shadow-dom,a11y_grids_separator/main,failure,Run QUnit tests,https://github.com/DevExpress/DevExtreme/actions/runs/36694354860/job/109820111152
"30.09.26, 09:14:11",109820111397,36694354860,1,QUnit tests,Constel ui.widgets-no-csp,a11y_grids_separator/main,failure,Run QUnit tests,https://github.com/DevExpress/DevExtreme/actions/runs/36694354860/job/109820111397
"30.09.26, 09:14:11",109820111413,36694354860,1,QUnit tests,Constel ui.grid,a11y_grids_separator/main,failure,Run QUnit tests,https://github.com/DevExpress/DevExtreme/actions/runs/36694354860/job/109820111413
"30.09.26, 08:45:22",109810143455,36691694392,1,QUnit tests,Build,chore/update_deps,cancelled,,https://github.com/DevExpress/DevExtreme/actions/runs/36691694392/job/109810143455
"30.09.26, 08:45:22",109810144019,36691694392,1,QUnit tests,Check if all tests should run,chore/update_deps,cancelled,,https://github.com/DevExpress/DevExtreme/actions/runs/36691694392/job/109810144019
"30.09.26, 08:45:23",109810149900,36691694392,1,QUnit tests,"Constel ${{ matrix.CONSTEL }}${{ (((matrix.TIMEZONE != '') && format('-{0}', matrix.TIMEZONE)) || '') }}${{ (((matrix.CSP == 'false') && '-no-csp') || '') }}",chore/update_deps,cancelled,,https://github.com/DevExpress/DevExtreme/actions/runs/36691694392/job/109810149900
"30.09.26, 08:45:24",109810150829,36691694392,1,QUnit tests,Send notifications,chore/update_deps,cancelled,,https://github.com/DevExpress/DevExtreme/actions/runs/36691694392/job/109810150829
"30.09.26, 08:45:24",109810151014,36691694392,1,QUnit tests,${{ matrix.constel }}-shadow-dom,chore/update_deps,cancelled,,https://github.com/DevExpress/DevExtreme/actions/runs/36691694392/job/109810151014
"30.09.26, 17:30:17",110012157222,36751839636,1,Jest tests,jest-tests,remove_m_prefix_26_2,cancelled,Check test types,https://github.com/DevExpress/DevExtreme/actions/runs/36751839636/job/110012157222
"30.09.26, 17:33:28",110013467422,36751839636,1,Jest tests,Send notifications,remove_m_prefix_26_2,cancelled,,https://github.com/DevExpress/DevExtreme/actions/runs/36751839636/job/110013467422
"30.09.26, 15:17:34",109956342964,36735597792,1,Jest tests,jest-tests,angular-demos-ng-if-fix,failure,,https://github.com/DevExpress/DevExtreme/actions/runs/36735597792/job/109956342964
"30.09.26, 14:56:54",109947165287,36732969457,1,Jest tests,jest-tests,feature/separate_locale_format,cancelled,Jest tests,https://github.com/DevExpress/DevExtreme/actions/runs/36732969457/job/109947165287
"30.09.26, 15:04:11",109950435249,36732969457,1,Jest tests,Send notifications,feature/separate_locale_format,cancelled,,https://github.com/DevExpress/DevExtreme/actions/runs/36732969457/job/109950435249
"30.09.26, 13:07:40",109900368805,36719412825,1,Jest tests,jest-tests,feature/26_2_new_fluent_theme_with_design_tokens-merge52ad6817,failure,Install dependencies,https://github.com/DevExpress/DevExtreme/actions/runs/36719412825/job/109900368805
"30.09.26, 13:06:13",109899798278,36719245068,1,Jest tests,jest-tests,feature/26_2_new_fluent_theme_with_design_tokens-merge52ad6817,failure,Install dependencies,https://github.com/DevExpress/DevExtreme/actions/runs/36719245068/job/109899798278
"30.09.26, 12:03:32",109876935904,36712358626,1,Jest tests,jest-tests,gh-readonly-queue/main/pr-35415-ffc7ca8ffb0b7bfcb050af57b42e0348b7f5f8f7,failure,,https://github.com/DevExpress/DevExtreme/actions/runs/36712358626/job/109876935904
"30.09.26, 12:02:21",109876526637,36712233453,1,Jest tests,jest-tests,update-gantt-version,failure,Install dependencies,https://github.com/DevExpress/DevExtreme/actions/runs/36712233453/job/109876526637
"30.09.26, 11:38:22",109868501363,36709772980,1,Jest tests,jest-tests,chore/update_deps,cancelled,,https://github.com/DevExpress/DevExtreme/actions/runs/36709772980/job/109868501363
"30.09.26, 11:50:31",109872506391,36709772980,1,Jest tests,Send notifications,chore/update_deps,cancelled,,https://github.com/DevExpress/DevExtreme/actions/runs/36709772980/job/109872506391
"30.09.26, 10:01:36",109836443200,36699843196,1,Jest tests,jest-tests,chore/update_deps,cancelled,,https://github.com/DevExpress/DevExtreme/actions/runs/36699843196/job/109836443200
"30.09.26, 10:09:22",109839070593,36699843196,1,Jest tests,Send notifications,chore/update_deps,cancelled,,https://github.com/DevExpress/DevExtreme/actions/runs/36699843196/job/109839070593
"30.09.26, 09:56:20",109834652143,36699289492,1,Jest tests,jest-tests,chore/26_1_update_deps,cancelled,,https://github.com/DevExpress/DevExtreme/actions/runs/36699289492/job/109834652143
"30.09.26, 09:56:21",109834658494,36699289492,1,Jest tests,Send notifications,chore/26_1_update_deps,cancelled,,https://github.com/DevExpress/DevExtreme/actions/runs/36699289492/job/109834658494
"30.09.26, 08:45:22",109810144485,36691694467,1,Jest tests,jest-tests,chore/update_deps,cancelled,,https://github.com/DevExpress/DevExtreme/actions/runs/36691694467/job/109810144485
"30.09.26, 08:45:24",109810150861,36691694467,1,Jest tests,Send notifications,chore/update_deps,cancelled,,https://github.com/DevExpress/DevExtreme/actions/runs/36691694467/job/109810150861
"30.09.26, 17:30:16",110012156655,36751839557,1,Styles tests,Tests,remove_m_prefix_26_2,cancelled,Post Setup pnpm cache,https://github.com/DevExpress/DevExtreme/actions/runs/36751839557/job/110012156655
"30.09.26, 17:33:32",110013497176,36751839557,1,Styles tests,Send notifications,remove_m_prefix_26_2,cancelled,,https://github.com/DevExpress/DevExtreme/actions/runs/36751839557/job/110013497176
"30.09.26, 13:07:40",109900367865,36719412703,1,Styles tests,Tests,feature/26_2_new_fluent_theme_with_design_tokens-merge52ad6817,failure,Install dependencies,https://github.com/DevExpress/DevExtreme/actions/runs/36719412703/job/109900367865
"30.09.26, 13:06:13",109899797458,36719244734,1,Styles tests,Tests,feature/26_2_new_fluent_theme_with_design_tokens-merge52ad6817,failure,Install dependencies,https://github.com/DevExpress/DevExtreme/actions/runs/36719244734/job/109899797458
"30.09.26, 12:02:21",109876525904,36712233303,1,Styles tests,Tests,update-gantt-version,failure,Install dependencies,https://github.com/DevExpress/DevExtreme/actions/runs/36712233303/job/109876525904
"30.09.26, 09:56:20",109834652826,36699289638,1,Styles tests,Tests,chore/26_1_update_deps,cancelled,,https://github.com/DevExpress/DevExtreme/actions/runs/36699289638/job/109834652826
"30.09.26, 09:56:21",109834658839,36699289638,1,Styles tests,Send notifications,chore/26_1_update_deps,cancelled,,https://github.com/DevExpress/DevExtreme/actions/runs/36699289638/job/109834658839
"30.09.26, 08:45:22",109810144224,36691694462,1,Styles tests,Tests,chore/update_deps,cancelled,,https://github.com/DevExpress/DevExtreme/actions/runs/36691694462/job/109810144224
"30.09.26, 08:45:24",109810151178,36691694462,1,Styles tests,Send notifications,chore/update_deps,cancelled,,https://github.com/DevExpress/DevExtreme/actions/runs/36691694462/job/109810151178
"30.09.26, 17:31:25",110012633186,36751839770,1,TestCafe tests,Build DevExtreme,remove_m_prefix_26_2,cancelled,Build,https://github.com/DevExpress/DevExtreme/actions/runs/36751839770/job/110012633186
"30.09.26, 17:33:44",110013578055,36751839770,1,TestCafe tests,${{ matrix.name }}${{ ((!matrix.theme && ' - fluent') || '') }},remove_m_prefix_26_2,cancelled,,https://github.com/DevExpress/DevExtreme/actions/runs/36751839770/job/110013578055
"30.09.26, 17:33:44",110013579342,36751839770,1,TestCafe tests,quarantine,remove_m_prefix_26_2,cancelled,,https://github.com/DevExpress/DevExtreme/actions/runs/36751839770/job/110013579342
"30.09.26, 17:33:45",110013580370,36751839770,1,TestCafe tests,Send notifications,remove_m_prefix_26_2,cancelled,,https://github.com/DevExpress/DevExtreme/actions/runs/36751839770/job/110013580370
"30.09.26, 15:25:38",109959943811,36735597185,1,TestCafe tests,accessibility - fluent,angular-demos-ng-if-fix,failure,,https://github.com/DevExpress/DevExtreme/actions/runs/36735597185/job/109959943811
"30.09.26, 15:13:17",109954443854,36734136692,1,TestCafe tests,scheduler / viewOffset (2/2) - fluent-next,feature/26_2_new_fluent_theme_with_design_tokens,failure,,https://github.com/DevExpress/DevExtreme/actions/runs/36734136692/job/109954443854
"30.09.26, 15:46:37",109969134224,36734136692,2,TestCafe tests,scheduler / viewOffset (2/2) - fluent-next,feature/26_2_new_fluent_theme_with_design_tokens,cancelled,Run TestCafe tests,https://github.com/DevExpress/DevExtreme/actions/runs/36734136692/job/109969134224
"30.09.26, 15:49:58",109970602840,36734136692,2,TestCafe tests,quarantine,feature/26_2_new_fluent_theme_with_design_tokens,cancelled,,https://github.com/DevExpress/DevExtreme/actions/runs/36734136692/job/109970602840
"30.09.26, 15:49:58",109970604069,36734136692,2,TestCafe tests,Send notifications,feature/26_2_new_fluent_theme_with_design_tokens,cancelled,,https://github.com/DevExpress/DevExtreme/actions/runs/36734136692/job/109970604069
"30.09.26, 14:57:18",109947348431,36732969459,1,TestCafe tests,Build DevExtreme,feature/separate_locale_format,cancelled,,https://github.com/DevExpress/DevExtreme/actions/runs/36732969459/job/109947348431
"30.09.26, 15:03:37",109950186598,36732969459,1,TestCafe tests,${{ matrix.name }}${{ ((!matrix.theme && ' - fluent') || '') }},feature/separate_locale_format,cancelled,,https://github.com/DevExpress/DevExtreme/actions/runs/36732969459/job/109950186598
"30.09.26, 15:03:37",109950187152,36732969459,1,TestCafe tests,quarantine,feature/separate_locale_format,cancelled,,https://github.com/DevExpress/DevExtreme/actions/runs/36732969459/job/109950187152
"30.09.26, 15:03:38",109950188979,36732969459,1,TestCafe tests,Send notifications,feature/separate_locale_format,cancelled,,https://github.com/DevExpress/DevExtreme/actions/runs/36732969459/job/109950188979
"30.09.26, 14:50:32",109944330325,36730724445,1,TestCafe tests,quarantine,rename_clean_tests_main,cancelled,,https://github.com/DevExpress/DevExtreme/actions/runs/36730724445/job/109944330325
"30.09.26, 14:57:46",109947553367,36730724445,1,TestCafe tests,Send notifications,rename_clean_tests_main,cancelled,,https://github.com/DevExpress/DevExtreme/actions/runs/36730724445/job/109947553367
"30.09.26, 14:33:20",109936736463,36729150201,1,TestCafe tests,dataGrid (1/4) - fluent,rename_clean_tests_main,cancelled,Run TestCafe tests,https://github.com/DevExpress/DevExtreme/actions/runs/36729150201/job/109936736463
"30.09.26, 14:33:20",109936736494,36729150201,1,TestCafe tests,scheduler / viewOffset (2/2) - fluent,rename_clean_tests_main,cancelled,,https://github.com/DevExpress/DevExtreme/actions/runs/36729150201/job/109936736494
"30.09.26, 14:33:20",109936736547,36729150201,1,TestCafe tests,scheduler / common (2/3) - fluent,rename_clean_tests_main,cancelled,Run TestCafe tests,https://github.com/DevExpress/DevExtreme/actions/runs/36729150201/job/109936736547
"30.09.26, 14:33:20",109936736578,36729150201,1,TestCafe tests,scheduler / viewOffset (1/2) - fluent,rename_clean_tests_main,cancelled,Run TestCafe tests,https://github.com/DevExpress/DevExtreme/actions/runs/36729150201/job/109936736578
"30.09.26, 14:33:20",109936736591,36729150201,1,TestCafe tests,scheduler / common (1/3) - fluent,rename_clean_tests_main,cancelled,Run TestCafe tests,https://github.com/DevExpress/DevExtreme/actions/runs/36729150201/job/109936736591
"30.09.26, 14:33:20",109936736594,36729150201,1,TestCafe tests,navigation - fluent,rename_clean_tests_main,cancelled,,https://github.com/DevExpress/DevExtreme/actions/runs/36729150201/job/109936736594
"30.09.26, 14:33:20",109936736602,36729150201,1,TestCafe tests,scheduler / common (3/3) - fluent,rename_clean_tests_main,cancelled,,https://github.com/DevExpress/DevExtreme/actions/runs/36729150201/job/109936736602
"30.09.26, 14:33:20",109936736635,36729150201,1,TestCafe tests,dataGrid (4/4) - fluent,rename_clean_tests_main,cancelled,Run TestCafe tests,https://github.com/DevExpress/DevExtreme/actions/runs/36729150201/job/109936736635
"30.09.26, 14:33:20",109936736641,36729150201,1,TestCafe tests,dataGrid (2/4) - fluent,rename_clean_tests_main,cancelled,Run TestCafe tests,https://github.com/DevExpress/DevExtreme/actions/runs/36729150201/job/109936736641
"30.09.26, 14:39:54",109939624961,36729150201,1,TestCafe tests,quarantine,rename_clean_tests_main,cancelled,,https://github.com/DevExpress/DevExtreme/actions/runs/36729150201/job/109939624961
"30.09.26, 14:39:54",109939625902,36729150201,1,TestCafe tests,Send notifications,rename_clean_tests_main,cancelled,,https://github.com/DevExpress/DevExtreme/actions/runs/36729150201/job/109939625902
"30.09.26, 14:10:40",109926744959,36726079185,1,TestCafe tests,dataGrid (1/4) - fluent,feature/26_2_new_fluent_theme_with_design_tokens-merge52ad6817,cancelled,Run TestCafe tests,https://github.com/DevExpress/DevExtreme/actions/runs/36726079185/job/109926744959
"30.09.26, 14:10:40",109926745025,36726079185,1,TestCafe tests,common - fluent-next,feature/26_2_new_fluent_theme_with_design_tokens-merge52ad6817,failure,Run TestCafe tests,https://github.com/DevExpress/DevExtreme/actions/runs/36726079185/job/109926745025
"30.09.26, 14:53:36",109945691295,36726079185,1,TestCafe tests,quarantine,feature/26_2_new_fluent_theme_with_design_tokens-merge52ad6817,cancelled,,https://github.com/DevExpress/DevExtreme/actions/runs/36726079185/job/109945691295
"30.09.26, 14:53:36",109945691992,36726079185,1,TestCafe tests,Send notifications,feature/26_2_new_fluent_theme_with_design_tokens-merge52ad6817,cancelled,,https://github.com/DevExpress/DevExtreme/actions/runs/36726079185/job/109945691992
"30.09.26, 13:48:33",109917279328,36723457262,1,TestCafe tests,cardView - fluent-next,fluent-next-update-schediler-demos,failure,Run TestCafe tests,https://github.com/DevExpress/DevExtreme/actions/runs/36723457262/job/109917279328
"30.09.26, 13:48:33",109917279366,36723457262,1,TestCafe tests,navigation - fluent,fluent-next-update-schediler-demos,failure,,https://github.com/DevExpress/DevExtreme/actions/runs/36723457262/job/109917279366
"30.09.26, 13:48:33",109917279435,36723457262,1,TestCafe tests,dataGrid (4/4) - fluent,fluent-next-update-schediler-demos,failure,,https://github.com/DevExpress/DevExtreme/actions/runs/36723457262/job/109917279435
"30.09.26, 13:48:33",109917280023,36723457262,1,TestCafe tests,navigation - fluent-next,fluent-next-update-schediler-demos,failure,,https://github.com/DevExpress/DevExtreme/actions/runs/36723457262/job/109917280023
"30.09.26, 13:08:40",109900770299,36719412500,1,TestCafe tests,Build DevExtreme,feature/26_2_new_fluent_theme_with_design_tokens-merge52ad6817,failure,Show nx cache contents before save,https://github.com/DevExpress/DevExtreme/actions/runs/36719412500/job/109900770299
"30.09.26, 13:06:46",109900012889,36719244898,1,TestCafe tests,Build DevExtreme,feature/26_2_new_fluent_theme_with_design_tokens-merge52ad6817,cancelled,Show nx cache contents before save,https://github.com/DevExpress/DevExtreme/actions/runs/36719244898/job/109900012889
"30.09.26, 13:08:10",109900567404,36719244898,1,TestCafe tests,${{ matrix.name }}${{ ((!matrix.theme && ' - fluent') || '') }},feature/26_2_new_fluent_theme_with_design_tokens-merge52ad6817,cancelled,,https://github.com/DevExpress/DevExtreme/actions/runs/36719244898/job/109900567404
"30.09.26, 13:08:10",109900567504,36719244898,1,TestCafe tests,quarantine,feature/26_2_new_fluent_theme_with_design_tokens-merge52ad6817,cancelled,,https://github.com/DevExpress/DevExtreme/actions/runs/36719244898/job/109900567504
"30.09.26, 13:08:10",109900568130,36719244898,1,TestCafe tests,Send notifications,feature/26_2_new_fluent_theme_with_design_tokens-merge52ad6817,cancelled,,https://github.com/DevExpress/DevExtreme/actions/runs/36719244898/job/109900568130
"30.09.26, 12:58:35",109896760660,36717652798,1,TestCafe tests,dataGrid (2/4) - fluent,angular-demos-remove-eager,failure,Run TestCafe tests,https://github.com/DevExpress/DevExtreme/actions/runs/36717652798/job/109896760660
"30.09.26, 14:04:43",109924172964,36717652798,2,TestCafe tests,dataGrid (2/4) - fluent,angular-demos-remove-eager,failure,,https://github.com/DevExpress/DevExtreme/actions/runs/36717652798/job/109924172964
"30.09.26, 12:13:09",109880273054,36712695963,1,TestCafe tests,dataGrid (2/4) - fluent,gh-readonly-queue/main/pr-35409-1f2184d8b18493979678fa934325d3932cdd3983,failure,,https://github.com/DevExpress/DevExtreme/actions/runs/36712695963/job/109880273054
"30.09.26, 12:13:09",109880273148,36712695963,1,TestCafe tests,scheduler / common (3/3) - fluent,gh-readonly-queue/main/pr-35409-1f2184d8b18493979678fa934325d3932cdd3983,failure,,https://github.com/DevExpress/DevExtreme/actions/runs/36712695963/job/109880273148
"30.09.26, 12:11:00",109879530155,36712358661,1,TestCafe tests,dataGrid (1/4) - fluent,gh-readonly-queue/main/pr-35415-ffc7ca8ffb0b7bfcb050af57b42e0348b7f5f8f7,failure,,https://github.com/DevExpress/DevExtreme/actions/runs/36712358661/job/109879530155
"30.09.26, 12:02:45",109876661656,36712233484,1,TestCafe tests,Build DevExtreme,update-gantt-version,failure,Show nx cache contents before save,https://github.com/DevExpress/DevExtreme/actions/runs/36712233484/job/109876661656
"30.09.26, 11:54:32",109873871890,36710065158,1,TestCafe tests,dataGrid (3/4) - fluent,applyUserState_add_jests_26_2,failure,,https://github.com/DevExpress/DevExtreme/actions/runs/36710065158/job/109873871890
"30.09.26, 11:54:32",109873871943,36710065158,1,TestCafe tests,scheduler / viewOffset (1/2) - fluent,applyUserState_add_jests_26_2,failure,,https://github.com/DevExpress/DevExtreme/actions/runs/36710065158/job/109873871943
"30.09.26, 11:47:42",109871586140,36709856258,1,TestCafe tests,accessibility - material.light,26_1,failure,,https://github.com/DevExpress/DevExtreme/actions/runs/36709856258/job/109871586140
"30.09.26, 11:47:42",109871586219,36709856258,1,TestCafe tests,accessibility - fluent.dark,26_1,failure,,https://github.com/DevExpress/DevExtreme/actions/runs/36709856258/job/109871586219
"30.09.26, 11:47:42",109871586225,36709856258,1,TestCafe tests,scheduler / viewOffset (1/2) - fluent,26_1,failure,,https://github.com/DevExpress/DevExtreme/actions/runs/36709856258/job/109871586225
"30.09.26, 11:47:42",109871586257,36709856258,1,TestCafe tests,accessibility - material.dark,26_1,failure,,https://github.com/DevExpress/DevExtreme/actions/runs/36709856258/job/109871586257
"30.09.26, 11:47:42",109871586370,36709856258,1,TestCafe tests,scheduler / common (3/3) - fluent,26_1,failure,,https://github.com/DevExpress/DevExtreme/actions/runs/36709856258/job/109871586370
"30.09.26, 11:46:05",109871057538,36709772668,1,TestCafe tests,generic,chore/update_deps,cancelled,,https://github.com/DevExpress/DevExtreme/actions/runs/36709772668/job/109871057538
"30.09.26, 11:46:05",109871057552,36709772668,1,TestCafe tests,scheduler / common (2/3) - fluent,chore/update_deps,cancelled,Run TestCafe tests,https://github.com/DevExpress/DevExtreme/actions/runs/36709772668/job/109871057552
"30.09.26, 11:46:05",109871057560,36709772668,1,TestCafe tests,dataGrid (3/4) - fluent,chore/update_deps,cancelled,Install dependencies,https://github.com/DevExpress/DevExtreme/actions/runs/36709772668/job/109871057560
"30.09.26, 11:46:05",109871057567,36709772668,1,TestCafe tests,navigation - fluent,chore/update_deps,cancelled,,https://github.com/DevExpress/DevExtreme/actions/runs/36709772668/job/109871057567
"30.09.26, 11:46:05",109871057605,36709772668,1,TestCafe tests,dataGrid (1/4) - fluent,chore/update_deps,cancelled,,https://github.com/DevExpress/DevExtreme/actions/runs/36709772668/job/109871057605
"30.09.26, 11:46:05",109871057608,36709772668,1,TestCafe tests,material,chore/update_deps,cancelled,,https://github.com/DevExpress/DevExtreme/actions/runs/36709772668/job/109871057608
"30.09.26, 11:46:05",109871057615,36709772668,1,TestCafe tests,accessibility - fluent,chore/update_deps,cancelled,,https://github.com/DevExpress/DevExtreme/actions/runs/36709772668/job/109871057615
"30.09.26, 11:46:05",109871057647,36709772668,1,TestCafe tests,cardView - fluent,chore/update_deps,cancelled,,https://github.com/DevExpress/DevExtreme/actions/runs/36709772668/job/109871057647
"30.09.26, 11:46:05",109871057653,36709772668,1,TestCafe tests,scheduler / timezones (America/Los_Angeles) - fluent,chore/update_deps,cancelled,,https://github.com/DevExpress/DevExtreme/actions/runs/36709772668/job/109871057653
"30.09.26, 11:46:05",109871057660,36709772668,1,TestCafe tests,dataGrid (2/4) - fluent,chore/update_deps,cancelled,,https://github.com/DevExpress/DevExtreme/actions/runs/36709772668/job/109871057660
"30.09.26, 11:46:05",109871057671,36709772668,1,TestCafe tests,dataGrid (4/4) - fluent,chore/update_deps,cancelled,,https://github.com/DevExpress/DevExtreme/actions/runs/36709772668/job/109871057671
"30.09.26, 11:46:05",109871057700,36709772668,1,TestCafe tests,editors - fluent,chore/update_deps,cancelled,,https://github.com/DevExpress/DevExtreme/actions/runs/36709772668/job/109871057700
"30.09.26, 11:46:05",109871057704,36709772668,1,TestCafe tests,scheduler / common (3/3) - fluent,chore/update_deps,cancelled,,https://github.com/DevExpress/DevExtreme/actions/runs/36709772668/job/109871057704
"30.09.26, 11:46:05",109871057724,36709772668,1,TestCafe tests,scheduler / viewOffset (2/2) - fluent,chore/update_deps,cancelled,,https://github.com/DevExpress/DevExtreme/actions/runs/36709772668/job/109871057724
"30.09.26, 11:46:05",109871057747,36709772668,1,TestCafe tests,common - fluent,chore/update_deps,cancelled,,https://github.com/DevExpress/DevExtreme/actions/runs/36709772668/job/109871057747
"30.09.26, 11:46:05",109871057755,36709772668,1,TestCafe tests,scheduler / viewOffset (1/2) - fluent,chore/update_deps,cancelled,,https://github.com/DevExpress/DevExtreme/actions/runs/36709772668/job/109871057755
"30.09.26, 11:46:05",109871057777,36709772668,1,TestCafe tests,scheduler / common (1/3) - fluent,chore/update_deps,cancelled,,https://github.com/DevExpress/DevExtreme/actions/runs/36709772668/job/109871057777
"30.09.26, 11:46:05",109871057779,36709772668,1,TestCafe tests,scheduler / timezones (Europe/Berlin) - fluent,chore/update_deps,cancelled,,https://github.com/DevExpress/DevExtreme/actions/runs/36709772668/job/109871057779
"30.09.26, 11:46:05",109871057870,36709772668,1,TestCafe tests,material - compact,chore/update_deps,cancelled,,https://github.com/DevExpress/DevExtreme/actions/runs/36709772668/job/109871057870
"30.09.26, 11:50:52",109872624333,36709772668,1,TestCafe tests,quarantine,chore/update_deps,cancelled,,https://github.com/DevExpress/DevExtreme/actions/runs/36709772668/job/109872624333
"30.09.26, 11:50:52",109872624447,36709772668,1,TestCafe tests,Send notifications,chore/update_deps,cancelled,,https://github.com/DevExpress/DevExtreme/actions/runs/36709772668/job/109872624447
"30.09.26, 11:42:20",109869812804,36709471146,1,TestCafe tests,scheduler / viewOffset (1/2) - fluent,gh-readonly-queue/main/pr-35415-ffc7ca8ffb0b7bfcb050af57b42e0348b7f5f8f7,failure,,https://github.com/DevExpress/DevExtreme/actions/runs/36709471146/job/109869812804
"30.09.26, 11:37:06",109868085115,36708900516,1,TestCafe tests,scheduler / viewOffset (1/2) - fluent,26_1,failure,,https://github.com/DevExpress/DevExtreme/actions/runs/36708900516/job/109868085115
"30.09.26, 11:27:37",109864937722,36708394721,1,TestCafe tests,dataGrid (4/4) - fluent,feature/design-leftovers,failure,Setup Chrome,https://github.com/DevExpress/DevExtreme/actions/runs/36708394721/job/109864937722
"30.09.26, 11:27:37",109864937863,36708394721,1,TestCafe tests,editors - fluent,feature/design-leftovers,cancelled,Run TestCafe tests,https://github.com/DevExpress/DevExtreme/actions/runs/36708394721/job/109864937863
"30.09.26, 12:13:05",109880251721,36708394721,1,TestCafe tests,Send notifications,feature/design-leftovers,cancelled,,https://github.com/DevExpress/DevExtreme/actions/runs/36708394721/job/109880251721
"30.09.26, 12:13:05",109880251910,36708394721,1,TestCafe tests,quarantine,feature/design-leftovers,cancelled,,https://github.com/DevExpress/DevExtreme/actions/runs/36708394721/job/109880251910
"30.09.26, 10:10:02",109839295472,36700448764,1,TestCafe tests,common - fluent,fluent-next-update-schediler-demos,failure,,https://github.com/DevExpress/DevExtreme/actions/runs/36700448764/job/109839295472
"30.09.26, 10:10:02",109839295498,36700448764,1,TestCafe tests,editors - fluent,fluent-next-update-schediler-demos,failure,,https://github.com/DevExpress/DevExtreme/actions/runs/36700448764/job/109839295498
"30.09.26, 10:10:02",109839295515,36700448764,1,TestCafe tests,dataGrid (4/4) - fluent,fluent-next-update-schediler-demos,failure,,https://github.com/DevExpress/DevExtreme/actions/runs/36700448764/job/109839295515
"30.09.26, 10:10:02",109839295538,36700448764,1,TestCafe tests,material,fluent-next-update-schediler-demos,failure,,https://github.com/DevExpress/DevExtreme/actions/runs/36700448764/job/109839295538
"30.09.26, 10:10:02",109839295566,36700448764,1,TestCafe tests,navigation - fluent,fluent-next-update-schediler-demos,failure,,https://github.com/DevExpress/DevExtreme/actions/runs/36700448764/job/109839295566
"30.09.26, 10:10:02",109839295706,36700448764,1,TestCafe tests,dataGrid (2/4) - fluent-next,fluent-next-update-schediler-demos,failure,,https://github.com/DevExpress/DevExtreme/actions/runs/36700448764/job/109839295706
"30.09.26, 10:10:02",109839295733,36700448764,1,TestCafe tests,scheduler / common (1/3) - fluent-next,fluent-next-update-schediler-demos,failure,,https://github.com/DevExpress/DevExtreme/actions/runs/36700448764/job/109839295733
"30.09.26, 10:10:02",109839295765,36700448764,1,TestCafe tests,scheduler / common (3/3) - fluent-next,fluent-next-update-schediler-demos,failure,,https://github.com/DevExpress/DevExtreme/actions/runs/36700448764/job/109839295765
"30.09.26, 10:08:26",109838758042,36699843268,1,TestCafe tests,cardView - fluent,chore/update_deps,cancelled,Restore pnpm cache,https://github.com/DevExpress/DevExtreme/actions/runs/36699843268/job/109838758042
"30.09.26, 10:08:26",109838758124,36699843268,1,TestCafe tests,common - fluent,chore/update_deps,cancelled,Restore pnpm cache,https://github.com/DevExpress/DevExtreme/actions/runs/36699843268/job/109838758124
"30.09.26, 10:08:26",109838758154,36699843268,1,TestCafe tests,accessibility - fluent,chore/update_deps,cancelled,Restore pnpm cache,https://github.com/DevExpress/DevExtreme/actions/runs/36699843268/job/109838758154
"30.09.26, 10:08:26",109838758160,36699843268,1,TestCafe tests,scheduler / viewOffset (2/2) - fluent,chore/update_deps,cancelled,Restore pnpm cache,https://github.com/DevExpress/DevExtreme/actions/runs/36699843268/job/109838758160
"30.09.26, 10:08:26",109838758169,36699843268,1,TestCafe tests,material,chore/update_deps,cancelled,Restore pnpm cache,https://github.com/DevExpress/DevExtreme/actions/runs/36699843268/job/109838758169
"30.09.26, 10:08:26",109838758182,36699843268,1,TestCafe tests,accessibility - material.light,chore/update_deps,cancelled,Restore pnpm cache,https://github.com/DevExpress/DevExtreme/actions/runs/36699843268/job/109838758182
"30.09.26, 10:08:26",109838758189,36699843268,1,TestCafe tests,scheduler / common (1/3) - fluent,chore/update_deps,cancelled,Restore pnpm cache,https://github.com/DevExpress/DevExtreme/actions/runs/36699843268/job/109838758189
"30.09.26, 10:08:26",109838758199,36699843268,1,TestCafe tests,dataGrid (1/4) - fluent,chore/update_deps,cancelled,Restore pnpm cache,https://github.com/DevExpress/DevExtreme/actions/runs/36699843268/job/109838758199
"30.09.26, 10:08:26",109838758200,36699843268,1,TestCafe tests,scheduler / timezones (America/Los_Angeles) - fluent,chore/update_deps,cancelled,Install dependencies,https://github.com/DevExpress/DevExtreme/actions/runs/36699843268/job/109838758200
"30.09.26, 10:08:26",109838758237,36699843268,1,TestCafe tests,navigation - fluent,chore/update_deps,cancelled,Restore pnpm cache,https://github.com/DevExpress/DevExtreme/actions/runs/36699843268/job/109838758237
"30.09.26, 10:08:26",109838758255,36699843268,1,TestCafe tests,scheduler / common (3/3) - fluent,chore/update_deps,cancelled,Install dependencies,https://github.com/DevExpress/DevExtreme/actions/runs/36699843268/job/109838758255
"30.09.26, 10:08:26",109838758268,36699843268,1,TestCafe tests,dataGrid (3/4) - fluent,chore/update_deps,cancelled,Restore pnpm cache,https://github.com/DevExpress/DevExtreme/actions/runs/36699843268/job/109838758268
"30.09.26, 10:08:26",109838758273,36699843268,1,TestCafe tests,accessibility - fluent.dark,chore/update_deps,cancelled,Restore pnpm cache,https://github.com/DevExpress/DevExtreme/actions/runs/36699843268/job/109838758273
"30.09.26, 10:08:26",109838758286,36699843268,1,TestCafe tests,dataGrid (4/4) - fluent,chore/update_deps,cancelled,Restore pnpm cache,https://github.com/DevExpress/DevExtreme/actions/runs/36699843268/job/109838758286
"30.09.26, 10:08:26",109838758293,36699843268,1,TestCafe tests,scheduler / common (2/3) - fluent,chore/update_deps,cancelled,Restore pnpm cache,https://github.com/DevExpress/DevExtreme/actions/runs/36699843268/job/109838758293
"30.09.26, 10:08:26",109838758301,36699843268,1,TestCafe tests,generic,chore/update_deps,cancelled,Restore pnpm cache,https://github.com/DevExpress/DevExtreme/actions/runs/36699843268/job/109838758301
"30.09.26, 10:08:26",109838758326,36699843268,1,TestCafe tests,editors - fluent,chore/update_deps,cancelled,Restore pnpm cache,https://github.com/DevExpress/DevExtreme/actions/runs/36699843268/job/109838758326
"30.09.26, 10:08:26",109838758352,36699843268,1,TestCafe tests,dataGrid (2/4) - fluent,chore/update_deps,cancelled,Restore pnpm cache,https://github.com/DevExpress/DevExtreme/actions/runs/36699843268/job/109838758352
"30.09.26, 10:08:26",109838758361,36699843268,1,TestCafe tests,scheduler / viewOffset (1/2) - fluent,chore/update_deps,cancelled,Restore pnpm cache,https://github.com/DevExpress/DevExtreme/actions/runs/36699843268/job/109838758361
"30.09.26, 10:08:26",109838758452,36699843268,1,TestCafe tests,accessibility - material.dark,chore/update_deps,cancelled,Restore pnpm cache,https://github.com/DevExpress/DevExtreme/actions/runs/36699843268/job/109838758452
"30.09.26, 10:08:26",109838758529,36699843268,1,TestCafe tests,material - compact,chore/update_deps,cancelled,Restore pnpm cache,https://github.com/DevExpress/DevExtreme/actions/runs/36699843268/job/109838758529
"30.09.26, 10:08:26",109838758875,36699843268,1,TestCafe tests,scheduler / timezones (Europe/Berlin) - fluent,chore/update_deps,cancelled,Restore pnpm cache,https://github.com/DevExpress/DevExtreme/actions/runs/36699843268/job/109838758875
"30.09.26, 10:09:45",109839204582,36699843268,1,TestCafe tests,quarantine,chore/update_deps,cancelled,,https://github.com/DevExpress/DevExtreme/actions/runs/36699843268/job/109839204582
"30.09.26, 10:09:46",109839206068,36699843268,1,TestCafe tests,Send notifications,chore/update_deps,cancelled,,https://github.com/DevExpress/DevExtreme/actions/runs/36699843268/job/109839206068
"30.09.26, 09:56:20",109834653371,36699289681,1,TestCafe tests,Check if tests should run,chore/26_1_update_deps,cancelled,,https://github.com/DevExpress/DevExtreme/actions/runs/36699289681/job/109834653371
"30.09.26, 09:56:21",109834658897,36699289681,1,TestCafe tests,${{ matrix.name }}${{ ((!matrix.theme && ' - fluent') || '') }},chore/26_1_update_deps,cancelled,,https://github.com/DevExpress/DevExtreme/actions/runs/36699289681/job/109834658897
"30.09.26, 09:56:21",109834659032,36699289681,1,TestCafe tests,Determine TestCafe matrix,chore/26_1_update_deps,cancelled,,https://github.com/DevExpress/DevExtreme/actions/runs/36699289681/job/109834659032
"30.09.26, 09:56:21",109834659520,36699289681,1,TestCafe tests,Build DevExtreme,chore/26_1_update_deps,cancelled,,https://github.com/DevExpress/DevExtreme/actions/runs/36699289681/job/109834659520
"30.09.26, 09:56:22",109834660585,36699289681,1,TestCafe tests,quarantine,chore/26_1_update_deps,cancelled,,https://github.com/DevExpress/DevExtreme/actions/runs/36699289681/job/109834660585
"30.09.26, 09:56:22",109834660693,36699289681,1,TestCafe tests,Send notifications,chore/26_1_update_deps,cancelled,,https://github.com/DevExpress/DevExtreme/actions/runs/36699289681/job/109834660693
"30.09.26, 09:22:50",109823135084,36694355017,1,TestCafe tests,quarantine,a11y_grids_separator/main,failure,Run quarantined tests,https://github.com/DevExpress/DevExtreme/actions/runs/36694355017/job/109823135084
"30.09.26, 08:45:23",109810146576,36691694558,1,TestCafe tests,Check if tests should run,chore/update_deps,cancelled,,https://github.com/DevExpress/DevExtreme/actions/runs/36691694558/job/109810146576
"30.09.26, 08:45:24",109810155867,36691694558,1,TestCafe tests,Determine TestCafe matrix,chore/update_deps,cancelled,,https://github.com/DevExpress/DevExtreme/actions/runs/36691694558/job/109810155867
"30.09.26, 08:45:25",109810156868,36691694558,1,TestCafe tests,Build DevExtreme,chore/update_deps,cancelled,,https://github.com/DevExpress/DevExtreme/actions/runs/36691694558/job/109810156868
"30.09.26, 08:45:25",109810157358,36691694558,1,TestCafe tests,${{ matrix.name }}${{ ((!matrix.theme && ' - fluent') || '') }},chore/update_deps,cancelled,,https://github.com/DevExpress/DevExtreme/actions/runs/36691694558/job/109810157358
"30.09.26, 08:45:25",109810158449,36691694558,1,TestCafe tests,quarantine,chore/update_deps,cancelled,,https://github.com/DevExpress/DevExtreme/actions/runs/36691694558/job/109810158449
"30.09.26, 08:45:25",109810158508,36691694558,1,TestCafe tests,Send notifications,chore/update_deps,cancelled,,https://github.com/DevExpress/DevExtreme/actions/runs/36691694558/job/109810158508
"30.09.26, 17:30:16",110012156490,36751839597,1,Themebuilder and Styles tests,test,remove_m_prefix_26_2,cancelled,Build,https://github.com/DevExpress/DevExtreme/actions/runs/36751839597/job/110012156490
"30.09.26, 17:33:46",110013588160,36751839597,1,Themebuilder and Styles tests,Send notifications,remove_m_prefix_26_2,cancelled,,https://github.com/DevExpress/DevExtreme/actions/runs/36751839597/job/110013588160
"30.09.26, 13:07:40",109900368061,36719412657,1,Themebuilder and Styles tests,test,feature/26_2_new_fluent_theme_with_design_tokens-merge52ad6817,failure,Install dependencies,https://github.com/DevExpress/DevExtreme/actions/runs/36719412657/job/109900368061
"30.09.26, 13:06:13",109899798355,36719244929,1,Themebuilder and Styles tests,test,feature/26_2_new_fluent_theme_with_design_tokens-merge52ad6817,failure,Install dependencies,https://github.com/DevExpress/DevExtreme/actions/runs/36719244929/job/109899798355
"30.09.26, 12:02:21",109876525515,36712233192,1,Themebuilder and Styles tests,test,update-gantt-version,failure,Install dependencies,https://github.com/DevExpress/DevExtreme/actions/runs/36712233192/job/109876525515
"30.09.26, 11:39:53",109868993612,36709920947,1,Themebuilder and Styles tests,test,applyUserState_add_jests_26_1,failure,,https://github.com/DevExpress/DevExtreme/actions/runs/36709920947/job/109868993612
"30.09.26, 09:56:20",109834651864,36699289482,1,Themebuilder and Styles tests,test,chore/26_1_update_deps,cancelled,,https://github.com/DevExpress/DevExtreme/actions/runs/36699289482/job/109834651864
"30.09.26, 09:56:21",109834657744,36699289482,1,Themebuilder and Styles tests,Send notifications,chore/26_1_update_deps,cancelled,,https://github.com/DevExpress/DevExtreme/actions/runs/36699289482/job/109834657744
"30.09.26, 08:45:22",109810144031,36691694588,1,Themebuilder and Styles tests,test,chore/update_deps,cancelled,,https://github.com/DevExpress/DevExtreme/actions/runs/36691694588/job/109810144031
"30.09.26, 08:45:23",109810150045,36691694588,1,Themebuilder and Styles tests,Send notifications,chore/update_deps,cancelled,,https://github.com/DevExpress/DevExtreme/actions/runs/36691694588/job/109810150045
"30.09.26, 17:30:17",110012157300,36751839686,1,TS Declarations,check-ts-bundle,remove_m_prefix_26_2,cancelled,Post Setup pnpm cache,https://github.com/DevExpress/DevExtreme/actions/runs/36751839686/job/110012157300
"30.09.26, 17:30:17",110012157556,36751839686,1,TS Declarations,validate-declarations,remove_m_prefix_26_2,cancelled,Post Setup pnpm cache,https://github.com/DevExpress/DevExtreme/actions/runs/36751839686/job/110012157556
"30.09.26, 17:33:33",110013498922,36751839686,1,TS Declarations,Send notifications,remove_m_prefix_26_2,cancelled,,https://github.com/DevExpress/DevExtreme/actions/runs/36751839686/job/110013498922
"30.09.26, 13:39:32",109913438997,36723237357,1,TS Declarations,validate-declarations,typescript/grids/es6_inherit_598,failure,,https://github.com/DevExpress/DevExtreme/actions/runs/36723237357/job/109913438997
"30.09.26, 13:17:45",109904428506,36720602106,1,TS Declarations,check-ts-bundle,feature/separate_locale_format,failure,Check dx.all.d.ts is up-to-date,https://github.com/DevExpress/DevExtreme/actions/runs/36720602106/job/109904428506
"30.09.26, 13:07:40",109900370517,36719413136,1,TS Declarations,validate-declarations,feature/26_2_new_fluent_theme_with_design_tokens-merge52ad6817,failure,Install dependencies,https://github.com/DevExpress/DevExtreme/actions/runs/36719413136/job/109900370517
"30.09.26, 13:07:40",109900370847,36719413136,1,TS Declarations,check-ts-bundle,feature/26_2_new_fluent_theme_with_design_tokens-merge52ad6817,failure,Install dependencies,https://github.com/DevExpress/DevExtreme/actions/runs/36719413136/job/109900370847
"30.09.26, 13:06:13",109899797735,36719244892,1,TS Declarations,validate-declarations,feature/26_2_new_fluent_theme_with_design_tokens-merge52ad6817,failure,Install dependencies,https://github.com/DevExpress/DevExtreme/actions/runs/36719244892/job/109899797735
"30.09.26, 13:06:13",109899798093,36719244892,1,TS Declarations,check-ts-bundle,feature/26_2_new_fluent_theme_with_design_tokens-merge52ad6817,failure,Install dependencies,https://github.com/DevExpress/DevExtreme/actions/runs/36719244892/job/109899798093
"30.09.26, 12:02:21",109876525638,36712233332,1,TS Declarations,validate-declarations,update-gantt-version,failure,Install dependencies,https://github.com/DevExpress/DevExtreme/actions/runs/36712233332/job/109876525638
"30.09.26, 12:02:21",109876525835,36712233332,1,TS Declarations,check-ts-bundle,update-gantt-version,failure,Install dependencies,https://github.com/DevExpress/DevExtreme/actions/runs/36712233332/job/109876525835
"30.09.26, 11:39:30",109868874213,36709885259,1,TS Declarations,validate-declarations,25_2,failure,,https://github.com/DevExpress/DevExtreme/actions/runs/36709885259/job/109868874213
"30.09.26, 09:56:20",109834652643,36699289646,1,TS Declarations,check-ts-bundle,chore/26_1_update_deps,cancelled,,https://github.com/DevExpress/DevExtreme/actions/runs/36699289646/job/109834652643
"30.09.26, 09:56:20",109834652782,36699289646,1,TS Declarations,validate-declarations,chore/26_1_update_deps,cancelled,,https://github.com/DevExpress/DevExtreme/actions/runs/36699289646/job/109834652782
"30.09.26, 09:56:22",109834661662,36699289646,1,TS Declarations,Send notifications,chore/26_1_update_deps,cancelled,,https://github.com/DevExpress/DevExtreme/actions/runs/36699289646/job/109834661662
"30.09.26, 08:45:22",109810143846,36691694413,1,TS Declarations,check-ts-bundle,chore/update_deps,cancelled,,https://github.com/DevExpress/DevExtreme/actions/runs/36691694413/job/109810143846
"30.09.26, 08:45:22",109810143990,36691694413,1,TS Declarations,validate-declarations,chore/update_deps,cancelled,,https://github.com/DevExpress/DevExtreme/actions/runs/36691694413/job/109810143990
"30.09.26, 08:45:24",109810152658,36691694413,1,TS Declarations,Send notifications,chore/update_deps,cancelled,,https://github.com/DevExpress/DevExtreme/actions/runs/36691694413/job/109810152658
"30.09.26, 17:30:26",110012222718,36751840312,1,Demos Visual Tests,Build DevExtreme,remove_m_prefix_26_2,cancelled,DevExtreme - Build-all,https://github.com/DevExpress/DevExtreme/actions/runs/36751840312/job/110012222718
"30.09.26, 17:33:51",110013623265,36751840312,1,Demos Visual Tests,${{ matrix.CONSTEL }}-${{ matrix.STRATEGY }}-${{ matrix.THEME }},remove_m_prefix_26_2,cancelled,,https://github.com/DevExpress/DevExtreme/actions/runs/36751840312/job/110013623265
"30.09.26, 17:33:51",110013623652,36751840312,1,Demos Visual Tests,"Build vendor bundles (React, Vue)",remove_m_prefix_26_2,cancelled,,https://github.com/DevExpress/DevExtreme/actions/runs/36751840312/job/110013623652
"30.09.26, 17:33:51",110013623729,36751840312,1,Demos Visual Tests,"matrix.SHARD_TOTAL == 1 && format('CSP check ({0})', matrix.FRAMEWORK) || format('CSP check ({0} {1}/{2})', matrix.FRAMEWORK, matrix.SHARD_INDEX, matrix.SHARD_TOTAL)",remove_m_prefix_26_2,cancelled,,https://github.com/DevExpress/DevExtreme/actions/runs/36751840312/job/110013623729
"30.09.26, 17:33:51",110013623771,36751840312,1,Demos Visual Tests,CSP check (jQuery),remove_m_prefix_26_2,cancelled,,https://github.com/DevExpress/DevExtreme/actions/runs/36751840312/job/110013623771
"30.09.26, 17:33:51",110013624063,36751840312,1,Demos Visual Tests,Check generated demos,remove_m_prefix_26_2,cancelled,,https://github.com/DevExpress/DevExtreme/actions/runs/36751840312/job/110013624063
"30.09.26, 17:33:51",110013624242,36751840312,1,Demos Visual Tests,Check TS and lint code base,remove_m_prefix_26_2,cancelled,,https://github.com/DevExpress/DevExtreme/actions/runs/36751840312/job/110013624242
"30.09.26, 17:33:51",110013624258,36751840312,1,Demos Visual Tests,"matrix.SHARD_TOTAL == 1 && format('Build demos ({0})', matrix.FRAMEWORK) || format('Build demos ({0} {1}/{2})', matrix.FRAMEWORK, matrix.SHARD_INDEX, matrix.SHARD_TOTAL)",remove_m_prefix_26_2,cancelled,,https://github.com/DevExpress/DevExtreme/actions/runs/36751840312/job/110013624258
"30.09.26, 17:33:51",110013624701,36751840312,1,Demos Visual Tests,CSP Violations Summary,remove_m_prefix_26_2,cancelled,,https://github.com/DevExpress/DevExtreme/actions/runs/36751840312/job/110013624701
"30.09.26, 17:33:51",110013625176,36751840312,1,Demos Visual Tests,${{ matrix.CONSTEL }}-screenshots-${{ matrix.THEME }},remove_m_prefix_26_2,cancelled,,https://github.com/DevExpress/DevExtreme/actions/runs/36751840312/job/110013625176
"30.09.26, 17:33:51",110013625784,36751840312,1,Demos Visual Tests,merge-artifacts,remove_m_prefix_26_2,cancelled,,https://github.com/DevExpress/DevExtreme/actions/runs/36751840312/job/110013625784
"30.09.26, 15:27:38",109960844910,36735597513,1,Demos Visual Tests,jquery(3/3)-screenshots-material.blue.light,angular-demos-ng-if-fix,failure,Run TestCafe tests (jQuery),https://github.com/DevExpress/DevExtreme/actions/runs/36735597513/job/109960844910
"30.09.26, 15:15:56",109955625267,36734136088,1,Demos Visual Tests,jquery(3/3)-screenshots-material.blue.light,feature/26_2_new_fluent_theme_with_design_tokens,failure,Run TestCafe tests (jQuery),https://github.com/DevExpress/DevExtreme/actions/runs/36734136088/job/109955625267
"30.09.26, 15:18:16",109956658151,36734136088,1,Demos Visual Tests,Build demos (Vue),feature/26_2_new_fluent_theme_with_design_tokens,failure,,https://github.com/DevExpress/DevExtreme/actions/runs/36734136088/job/109956658151
"30.09.26, 15:46:26",109969048267,36734136088,2,Demos Visual Tests,jquery(3/3)-screenshots-material.blue.light,feature/26_2_new_fluent_theme_with_design_tokens,cancelled,Run TestCafe tests (jQuery),https://github.com/DevExpress/DevExtreme/actions/runs/36734136088/job/109969048267
"30.09.26, 15:48:22",109969911171,36734136088,2,Demos Visual Tests,react(3/3)-screenshots-fluent-next.blue.light,feature/26_2_new_fluent_theme_with_design_tokens,cancelled,,https://github.com/DevExpress/DevExtreme/actions/runs/36734136088/job/109969911171
"30.09.26, 15:48:22",109969911190,36734136088,2,Demos Visual Tests,react(2/3)-screenshots-fluent-next.blue.light,feature/26_2_new_fluent_theme_with_design_tokens,cancelled,,https://github.com/DevExpress/DevExtreme/actions/runs/36734136088/job/109969911190
"30.09.26, 15:48:22",109969911206,36734136088,2,Demos Visual Tests,vue(3/5)-screenshots-fluent-next.blue.light,feature/26_2_new_fluent_theme_with_design_tokens,cancelled,,https://github.com/DevExpress/DevExtreme/actions/runs/36734136088/job/109969911206
"30.09.26, 15:48:22",109969911250,36734136088,2,Demos Visual Tests,vue(5/5)-screenshots-fluent.blue.light,feature/26_2_new_fluent_theme_with_design_tokens,cancelled,,https://github.com/DevExpress/DevExtreme/actions/runs/36734136088/job/109969911250
"30.09.26, 15:48:22",109969911287,36734136088,2,Demos Visual Tests,vue(1/5)-screenshots-fluent-next.blue.light,feature/26_2_new_fluent_theme_with_design_tokens,cancelled,,https://github.com/DevExpress/DevExtreme/actions/runs/36734136088/job/109969911287
"30.09.26, 15:48:22",109969911297,36734136088,2,Demos Visual Tests,angular(2/10)-screenshots-fluent.blue.light,feature/26_2_new_fluent_theme_with_design_tokens,cancelled,,https://github.com/DevExpress/DevExtreme/actions/runs/36734136088/job/109969911297
"30.09.26, 15:48:22",109969911317,36734136088,2,Demos Visual Tests,vue(2/5)-screenshots-fluent.blue.light,feature/26_2_new_fluent_theme_with_design_tokens,cancelled,,https://github.com/DevExpress/DevExtreme/actions/runs/36734136088/job/109969911317
"30.09.26, 15:48:22",109969911319,36734136088,2,Demos Visual Tests,react(1/3)-screenshots-fluent.blue.light,feature/26_2_new_fluent_theme_with_design_tokens,cancelled,,https://github.com/DevExpress/DevExtreme/actions/runs/36734136088/job/109969911319
"30.09.26, 15:48:22",109969911341,36734136088,2,Demos Visual Tests,vue(1/5)-screenshots-fluent.blue.light,feature/26_2_new_fluent_theme_with_design_tokens,cancelled,,https://github.com/DevExpress/DevExtreme/actions/runs/36734136088/job/109969911341
"30.09.26, 15:48:22",109969911349,36734136088,2,Demos Visual Tests,angular(3/10)-screenshots-fluent.blue.light,feature/26_2_new_fluent_theme_with_design_tokens,cancelled,,https://github.com/DevExpress/DevExtreme/actions/runs/36734136088/job/109969911349
"30.09.26, 15:48:22",109969911363,36734136088,2,Demos Visual Tests,vue(3/5)-screenshots-fluent.blue.light,feature/26_2_new_fluent_theme_with_design_tokens,cancelled,,https://github.com/DevExpress/DevExtreme/actions/runs/36734136088/job/109969911363
"30.09.26, 15:48:22",109969911366,36734136088,2,Demos Visual Tests,react(2/3)-screenshots-fluent.blue.light,feature/26_2_new_fluent_theme_with_design_tokens,cancelled,,https://github.com/DevExpress/DevExtreme/actions/runs/36734136088/job/109969911366
"30.09.26, 15:48:22",109969911388,36734136088,2,Demos Visual Tests,vue(4/5)-screenshots-fluent.blue.light,feature/26_2_new_fluent_theme_with_design_tokens,cancelled,,https://github.com/DevExpress/DevExtreme/actions/runs/36734136088/job/109969911388
"30.09.26, 15:48:22",109969911398,36734136088,2,Demos Visual Tests,angular(4/10)-screenshots-fluent-next.blue.light,feature/26_2_new_fluent_theme_with_design_tokens,cancelled,,https://github.com/DevExpress/DevExtreme/actions/runs/36734136088/job/109969911398
"30.09.26, 15:48:22",109969911413,36734136088,2,Demos Visual Tests,vue(2/5)-screenshots-fluent-next.blue.light,feature/26_2_new_fluent_theme_with_design_tokens,cancelled,,https://github.com/DevExpress/DevExtreme/actions/runs/36734136088/job/109969911413
"30.09.26, 15:48:22",109969911422,36734136088,2,Demos Visual Tests,vue(4/5)-screenshots-fluent-next.blue.light,feature/26_2_new_fluent_theme_with_design_tokens,cancelled,,https://github.com/DevExpress/DevExtreme/actions/runs/36734136088/job/109969911422
"30.09.26, 15:48:22",109969911440,36734136088,2,Demos Visual Tests,angular(1/10)-screenshots-fluent.blue.light,feature/26_2_new_fluent_theme_with_design_tokens,cancelled,,https://github.com/DevExpress/DevExtreme/actions/runs/36734136088/job/109969911440
"30.09.26, 15:48:22",109969911450,36734136088,2,Demos Visual Tests,angular(5/10)-screenshots-fluent-next.blue.light,feature/26_2_new_fluent_theme_with_design_tokens,cancelled,,https://github.com/DevExpress/DevExtreme/actions/runs/36734136088/job/109969911450
"30.09.26, 15:48:22",109969911456,36734136088,2,Demos Visual Tests,angular(4/10)-screenshots-fluent.blue.light,feature/26_2_new_fluent_theme_with_design_tokens,cancelled,,https://github.com/DevExpress/DevExtreme/actions/runs/36734136088/job/109969911456
"30.09.26, 15:48:22",109969911470,36734136088,2,Demos Visual Tests,angular(2/10)-screenshots-fluent-next.blue.light,feature/26_2_new_fluent_theme_with_design_tokens,cancelled,,https://github.com/DevExpress/DevExtreme/actions/runs/36734136088/job/109969911470
"30.09.26, 15:48:22",109969911475,36734136088,2,Demos Visual Tests,react(1/3)-screenshots-fluent-next.blue.light,feature/26_2_new_fluent_theme_with_design_tokens,cancelled,,https://github.com/DevExpress/DevExtreme/actions/runs/36734136088/job/109969911475
"30.09.26, 15:48:22",109969911483,36734136088,2,Demos Visual Tests,vue(5/5)-screenshots-fluent-next.blue.light,feature/26_2_new_fluent_theme_with_design_tokens,cancelled,,https://github.com/DevExpress/DevExtreme/actions/runs/36734136088/job/109969911483
"30.09.26, 15:48:22",109969911494,36734136088,2,Demos Visual Tests,react(3/3)-screenshots-fluent.blue.light,feature/26_2_new_fluent_theme_with_design_tokens,cancelled,,https://github.com/DevExpress/DevExtreme/actions/runs/36734136088/job/109969911494
"30.09.26, 15:48:22",109969911502,36734136088,2,Demos Visual Tests,angular(1/10)-screenshots-fluent-next.blue.light,feature/26_2_new_fluent_theme_with_design_tokens,cancelled,,https://github.com/DevExpress/DevExtreme/actions/runs/36734136088/job/109969911502
"30.09.26, 15:48:22",109969911561,36734136088,2,Demos Visual Tests,angular(3/10)-screenshots-fluent-next.blue.light,feature/26_2_new_fluent_theme_with_design_tokens,cancelled,,https://github.com/DevExpress/DevExtreme/actions/runs/36734136088/job/109969911561
"30.09.26, 15:48:22",109969911581,36734136088,2,Demos Visual Tests,angular(8/10)-screenshots-fluent-next.blue.light,feature/26_2_new_fluent_theme_with_design_tokens,cancelled,,https://github.com/DevExpress/DevExtreme/actions/runs/36734136088/job/109969911581
"30.09.26, 15:48:22",109969911670,36734136088,2,Demos Visual Tests,angular(7/10)-screenshots-fluent.blue.light,feature/26_2_new_fluent_theme_with_design_tokens,cancelled,,https://github.com/DevExpress/DevExtreme/actions/runs/36734136088/job/109969911670
"30.09.26, 15:48:22",109969911708,36734136088,2,Demos Visual Tests,angular(5/10)-screenshots-fluent.blue.light,feature/26_2_new_fluent_theme_with_design_tokens,cancelled,,https://github.com/DevExpress/DevExtreme/actions/runs/36734136088/job/109969911708
"30.09.26, 15:48:22",109969911719,36734136088,2,Demos Visual Tests,angular(10/10)-screenshots-fluent.blue.light,feature/26_2_new_fluent_theme_with_design_tokens,cancelled,,https://github.com/DevExpress/DevExtreme/actions/runs/36734136088/job/109969911719
"30.09.26, 15:48:22",109969911743,36734136088,2,Demos Visual Tests,angular(9/10)-screenshots-fluent-next.blue.light,feature/26_2_new_fluent_theme_with_design_tokens,cancelled,,https://github.com/DevExpress/DevExtreme/actions/runs/36734136088/job/109969911743
"30.09.26, 15:48:22",109969911761,36734136088,2,Demos Visual Tests,angular(6/10)-screenshots-fluent-next.blue.light,feature/26_2_new_fluent_theme_with_design_tokens,cancelled,,https://github.com/DevExpress/DevExtreme/actions/runs/36734136088/job/109969911761
"30.09.26, 15:48:22",109969911779,36734136088,2,Demos Visual Tests,angular(6/10)-screenshots-fluent.blue.light,feature/26_2_new_fluent_theme_with_design_tokens,cancelled,,https://github.com/DevExpress/DevExtreme/actions/runs/36734136088/job/109969911779
"30.09.26, 15:48:22",109969911787,36734136088,2,Demos Visual Tests,angular(10/10)-screenshots-fluent-next.blue.light,feature/26_2_new_fluent_theme_with_design_tokens,cancelled,,https://github.com/DevExpress/DevExtreme/actions/runs/36734136088/job/109969911787
"30.09.26, 15:48:22",109969911913,36734136088,2,Demos Visual Tests,angular(9/10)-screenshots-fluent.blue.light,feature/26_2_new_fluent_theme_with_design_tokens,cancelled,,https://github.com/DevExpress/DevExtreme/actions/runs/36734136088/job/109969911913
"30.09.26, 15:48:22",109969912007,36734136088,2,Demos Visual Tests,angular(8/10)-screenshots-fluent.blue.light,feature/26_2_new_fluent_theme_with_design_tokens,cancelled,,https://github.com/DevExpress/DevExtreme/actions/runs/36734136088/job/109969912007
"30.09.26, 15:48:22",109969912143,36734136088,2,Demos Visual Tests,angular(7/10)-screenshots-fluent-next.blue.light,feature/26_2_new_fluent_theme_with_design_tokens,cancelled,,https://github.com/DevExpress/DevExtreme/actions/runs/36734136088/job/109969912143
"30.09.26, 15:49:45",109970510611,36734136088,2,Demos Visual Tests,merge-artifacts,feature/26_2_new_fluent_theme_with_design_tokens,cancelled,,https://github.com/DevExpress/DevExtreme/actions/runs/36734136088/job/109970510611
"30.09.26, 15:13:04",109954353676,36734027927,1,Demos Visual Tests,jquery-accessibility-fluent-next.blue.light,feature/26_2_new_fluent_theme_with_design_tokens-merge52ad6817,failure,,https://github.com/DevExpress/DevExtreme/actions/runs/36734027927/job/109954353676
"30.09.26, 15:21:44",109958228936,36734027927,1,Demos Visual Tests,vue(4/5)-screenshots-fluent-next.blue.light,feature/26_2_new_fluent_theme_with_design_tokens-merge52ad6817,failure,,https://github.com/DevExpress/DevExtreme/actions/runs/36734027927/job/109958228936
"30.09.26, 15:21:44",109958228939,36734027927,1,Demos Visual Tests,vue(5/5)-screenshots-fluent.blue.light,feature/26_2_new_fluent_theme_with_design_tokens-merge52ad6817,failure,,https://github.com/DevExpress/DevExtreme/actions/runs/36734027927/job/109958228939
"30.09.26, 15:21:44",109958229005,36734027927,1,Demos Visual Tests,vue(3/5)-screenshots-fluent-next.blue.light,feature/26_2_new_fluent_theme_with_design_tokens-merge52ad6817,failure,,https://github.com/DevExpress/DevExtreme/actions/runs/36734027927/job/109958229005
"30.09.26, 14:57:05",109947248247,36732969487,1,Demos Visual Tests,Build DevExtreme,feature/separate_locale_format,cancelled,Post Setup pnpm cache,https://github.com/DevExpress/DevExtreme/actions/runs/36732969487/job/109947248247
"30.09.26, 15:05:56",109951199024,36732969487,1,Demos Visual Tests,CSP check (jQuery),feature/separate_locale_format,cancelled,,https://github.com/DevExpress/DevExtreme/actions/runs/36732969487/job/109951199024
"30.09.26, 15:05:56",109951199027,36732969487,1,Demos Visual Tests,"Build vendor bundles (React, Vue)",feature/separate_locale_format,cancelled,,https://github.com/DevExpress/DevExtreme/actions/runs/36732969487/job/109951199027
"30.09.26, 15:05:56",109951199171,36732969487,1,Demos Visual Tests,${{ matrix.CONSTEL }}-${{ matrix.STRATEGY }}-${{ matrix.THEME }},feature/separate_locale_format,cancelled,,https://github.com/DevExpress/DevExtreme/actions/runs/36732969487/job/109951199171
"30.09.26, 15:05:56",109951199278,36732969487,1,Demos Visual Tests,Check generated demos,feature/separate_locale_format,cancelled,,https://github.com/DevExpress/DevExtreme/actions/runs/36732969487/job/109951199278
"30.09.26, 15:05:56",109951200103,36732969487,1,Demos Visual Tests,Check TS and lint code base,feature/separate_locale_format,cancelled,,https://github.com/DevExpress/DevExtreme/actions/runs/36732969487/job/109951200103
"30.09.26, 15:05:56",109951200339,36732969487,1,Demos Visual Tests,"matrix.SHARD_TOTAL == 1 && format('CSP check ({0})', matrix.FRAMEWORK) || format('CSP check ({0} {1}/{2})', matrix.FRAMEWORK, matrix.SHARD_INDEX, matrix.SHARD_TOTAL)",feature/separate_locale_format,cancelled,,https://github.com/DevExpress/DevExtreme/actions/runs/36732969487/job/109951200339
"30.09.26, 15:05:56",109951200356,36732969487,1,Demos Visual Tests,"matrix.SHARD_TOTAL == 1 && format('Build demos ({0})', matrix.FRAMEWORK) || format('Build demos ({0} {1}/{2})', matrix.FRAMEWORK, matrix.SHARD_INDEX, matrix.SHARD_TOTAL)",feature/separate_locale_format,cancelled,,https://github.com/DevExpress/DevExtreme/actions/runs/36732969487/job/109951200356
"30.09.26, 15:05:56",109951200541,36732969487,1,Demos Visual Tests,CSP Violations Summary,feature/separate_locale_format,cancelled,,https://github.com/DevExpress/DevExtreme/actions/runs/36732969487/job/109951200541
"30.09.26, 15:05:56",109951202343,36732969487,1,Demos Visual Tests,${{ matrix.CONSTEL }}-screenshots-${{ matrix.THEME }},feature/separate_locale_format,cancelled,,https://github.com/DevExpress/DevExtreme/actions/runs/36732969487/job/109951202343
"30.09.26, 15:05:56",109951204886,36732969487,1,Demos Visual Tests,merge-artifacts,feature/separate_locale_format,cancelled,,https://github.com/DevExpress/DevExtreme/actions/runs/36732969487/job/109951204886
"30.09.26, 14:51:42",109944843287,36730724594,1,Demos Visual Tests,Check generated demos,rename_clean_tests_main,cancelled,Check generated JS demos,https://github.com/DevExpress/DevExtreme/actions/runs/36730724594/job/109944843287
"30.09.26, 14:51:42",109944843417,36730724594,1,Demos Visual Tests,Check TS and lint code base,rename_clean_tests_main,cancelled,Demos - Check Vue TS,https://github.com/DevExpress/DevExtreme/actions/runs/36730724594/job/109944843417
"30.09.26, 14:51:42",109944843473,36730724594,1,Demos Visual Tests,"Build vendor bundles (React, Vue)",rename_clean_tests_main,cancelled,Restore pnpm cache,https://github.com/DevExpress/DevExtreme/actions/runs/36730724594/job/109944843473
"30.09.26, 14:51:42",109944843489,36730724594,1,Demos Visual Tests,CSP check (jQuery),rename_clean_tests_main,cancelled,,https://github.com/DevExpress/DevExtreme/actions/runs/36730724594/job/109944843489
"30.09.26, 14:51:42",109944843566,36730724594,1,Demos Visual Tests,CSP check (React 1/2),rename_clean_tests_main,cancelled,Bundle demos for CSP check,https://github.com/DevExpress/DevExtreme/actions/runs/36730724594/job/109944843566
"30.09.26, 14:51:42",109944843610,36730724594,1,Demos Visual Tests,jquery(3/3)-screenshots-fluent.blue.light,rename_clean_tests_main,cancelled,Run TestCafe tests (jQuery),https://github.com/DevExpress/DevExtreme/actions/runs/36730724594/job/109944843610
"30.09.26, 14:51:42",109944843622,36730724594,1,Demos Visual Tests,CSP check (Vue 2/2),rename_clean_tests_main,cancelled,Bundle demos for CSP check,https://github.com/DevExpress/DevExtreme/actions/runs/36730724594/job/109944843622
"30.09.26, 14:51:42",109944843631,36730724594,1,Demos Visual Tests,jquery(3/3)-screenshots-material.blue.light,rename_clean_tests_main,cancelled,Run TestCafe tests (jQuery),https://github.com/DevExpress/DevExtreme/actions/runs/36730724594/job/109944843631
"30.09.26, 14:51:42",109944843642,36730724594,1,Demos Visual Tests,CSP check (Angular 2/3),rename_clean_tests_main,cancelled,Run CSP Check,https://github.com/DevExpress/DevExtreme/actions/runs/36730724594/job/109944843642
"30.09.26, 14:51:42",109944843680,36730724594,1,Demos Visual Tests,CSP check (Vue 1/2),rename_clean_tests_main,cancelled,Bundle demos for CSP check,https://github.com/DevExpress/DevExtreme/actions/runs/36730724594/job/109944843680
"30.09.26, 14:51:42",109944843732,36730724594,1,Demos Visual Tests,CSP check (Angular 1/3),rename_clean_tests_main,cancelled,Run CSP Check,https://github.com/DevExpress/DevExtreme/actions/runs/36730724594/job/109944843732
"30.09.26, 14:51:42",109944843746,36730724594,1,Demos Visual Tests,jquery(2/3)-screenshots-fluent.blue.light,rename_clean_tests_main,cancelled,Run TestCafe tests (jQuery),https://github.com/DevExpress/DevExtreme/actions/runs/36730724594/job/109944843746
"30.09.26, 14:51:42",109944843752,36730724594,1,Demos Visual Tests,CSP check (React 2/2),rename_clean_tests_main,cancelled,Bundle demos for CSP check,https://github.com/DevExpress/DevExtreme/actions/runs/36730724594/job/109944843752
"30.09.26, 14:51:42",109944843802,36730724594,1,Demos Visual Tests,jquery(2/3)-screenshots-material.blue.light,rename_clean_tests_main,cancelled,Run TestCafe tests (jQuery),https://github.com/DevExpress/DevExtreme/actions/runs/36730724594/job/109944843802
"30.09.26, 14:51:42",109944843845,36730724594,1,Demos Visual Tests,jquery(1/3)-screenshots-fluent.blue.light,rename_clean_tests_main,cancelled,Run TestCafe tests (jQuery),https://github.com/DevExpress/DevExtreme/actions/runs/36730724594/job/109944843845
"30.09.26, 14:51:42",109944843879,36730724594,1,Demos Visual Tests,jquery-accessibility-fluent.blue.dark,rename_clean_tests_main,cancelled,Run Web Server,https://github.com/DevExpress/DevExtreme/actions/runs/36730724594/job/109944843879
"30.09.26, 14:51:42",109944843896,36730724594,1,Demos Visual Tests,jquery-accessibility-material.blue.dark,rename_clean_tests_main,cancelled,Install dependencies,https://github.com/DevExpress/DevExtreme/actions/runs/36730724594/job/109944843896
"30.09.26, 14:51:42",109944843904,36730724594,1,Demos Visual Tests,CSP check (Angular 3/3),rename_clean_tests_main,cancelled,Run CSP Check,https://github.com/DevExpress/DevExtreme/actions/runs/36730724594/job/109944843904
"30.09.26, 14:51:42",109944843969,36730724594,1,Demos Visual Tests,jquery(1/3)-screenshots-material.blue.light,rename_clean_tests_main,cancelled,Run TestCafe tests (jQuery),https://github.com/DevExpress/DevExtreme/actions/runs/36730724594/job/109944843969
"30.09.26, 14:51:42",109944844008,36730724594,1,Demos Visual Tests,jquery-accessibility-material.blue.light,rename_clean_tests_main,cancelled,Run TestCafe tests (jQuery),https://github.com/DevExpress/DevExtreme/actions/runs/36730724594/job/109944844008
"30.09.26, 14:51:42",109944844090,36730724594,1,Demos Visual Tests,jquery-accessibility-fluent.blue.light,rename_clean_tests_main,cancelled,Run TestCafe tests (jQuery),https://github.com/DevExpress/DevExtreme/actions/runs/36730724594/job/109944844090
"30.09.26, 14:52:50",109945345385,36730724594,1,Demos Visual Tests,"matrix.SHARD_TOTAL == 1 && format('Build demos ({0})', matrix.FRAMEWORK) || format('Build demos ({0} {1}/{2})', matrix.FRAMEWORK, matrix.SHARD_INDEX, matrix.SHARD_TOTAL)",rename_clean_tests_main,cancelled,,https://github.com/DevExpress/DevExtreme/actions/runs/36730724594/job/109945345385
"30.09.26, 14:52:50",109945347254,36730724594,1,Demos Visual Tests,${{ matrix.CONSTEL }}-screenshots-${{ matrix.THEME }},rename_clean_tests_main,cancelled,,https://github.com/DevExpress/DevExtreme/actions/runs/36730724594/job/109945347254
"30.09.26, 14:54:03",109945898055,36730724594,1,Demos Visual Tests,merge-artifacts,rename_clean_tests_main,cancelled,,https://github.com/DevExpress/DevExtreme/actions/runs/36730724594/job/109945898055
"30.09.26, 14:57:46",109947556163,36730724594,1,Demos Visual Tests,CSP Violations Summary,rename_clean_tests_main,cancelled,,https://github.com/DevExpress/DevExtreme/actions/runs/36730724594/job/109947556163
"30.09.26, 14:27:02",109933966299,36729150316,1,Demos Visual Tests,Build DevExtreme,rename_clean_tests_main,cancelled,,https://github.com/DevExpress/DevExtreme/actions/runs/36729150316/job/109933966299
"30.09.26, 14:44:17",109941563375,36729150316,1,Demos Visual Tests,${{ matrix.CONSTEL }}-${{ matrix.STRATEGY }}-${{ matrix.THEME }},rename_clean_tests_main,cancelled,,https://github.com/DevExpress/DevExtreme/actions/runs/36729150316/job/109941563375
"30.09.26, 14:44:17",109941563569,36729150316,1,Demos Visual Tests,CSP check (jQuery),rename_clean_tests_main,cancelled,,https://github.com/DevExpress/DevExtreme/actions/runs/36729150316/job/109941563569
"30.09.26, 14:44:18",109941563874,36729150316,1,Demos Visual Tests,"Build vendor bundles (React, Vue)",rename_clean_tests_main,cancelled,,https://github.com/DevExpress/DevExtreme/actions/runs/36729150316/job/109941563874
"30.09.26, 14:44:18",109941564034,36729150316,1,Demos Visual Tests,"matrix.SHARD_TOTAL == 1 && format('CSP check ({0})', matrix.FRAMEWORK) || format('CSP check ({0} {1}/{2})', matrix.FRAMEWORK, matrix.SHARD_INDEX, matrix.SHARD_TOTAL)",rename_clean_tests_main,cancelled,,https://github.com/DevExpress/DevExtreme/actions/runs/36729150316/job/109941564034
"30.09.26, 14:44:18",109941564094,36729150316,1,Demos Visual Tests,Check generated demos,rename_clean_tests_main,cancelled,,https://github.com/DevExpress/DevExtreme/actions/runs/36729150316/job/109941564094
"30.09.26, 14:44:18",109941564262,36729150316,1,Demos Visual Tests,Check TS and lint code base,rename_clean_tests_main,cancelled,,https://github.com/DevExpress/DevExtreme/actions/runs/36729150316/job/109941564262
"30.09.26, 14:44:18",109941564850,36729150316,1,Demos Visual Tests,"matrix.SHARD_TOTAL == 1 && format('Build demos ({0})', matrix.FRAMEWORK) || format('Build demos ({0} {1}/{2})', matrix.FRAMEWORK, matrix.SHARD_INDEX, matrix.SHARD_TOTAL)",rename_clean_tests_main,cancelled,,https://github.com/DevExpress/DevExtreme/actions/runs/36729150316/job/109941564850
"30.09.26, 14:44:18",109941565078,36729150316,1,Demos Visual Tests,${{ matrix.CONSTEL }}-screenshots-${{ matrix.THEME }},rename_clean_tests_main,cancelled,,https://github.com/DevExpress/DevExtreme/actions/runs/36729150316/job/109941565078
"30.09.26, 14:44:18",109941565341,36729150316,1,Demos Visual Tests,CSP Violations Summary,rename_clean_tests_main,cancelled,,https://github.com/DevExpress/DevExtreme/actions/runs/36729150316/job/109941565341
"30.09.26, 14:44:18",109941566334,36729150316,1,Demos Visual Tests,merge-artifacts,rename_clean_tests_main,cancelled,,https://github.com/DevExpress/DevExtreme/actions/runs/36729150316/job/109941566334
"30.09.26, 14:13:28",109927966327,36726079181,1,Demos Visual Tests,CSP check (Angular 2/3),feature/26_2_new_fluent_theme_with_design_tokens-merge52ad6817,failure,,https://github.com/DevExpress/DevExtreme/actions/runs/36726079181/job/109927966327
"30.09.26, 14:13:28",109927966438,36726079181,1,Demos Visual Tests,CSP check (Angular 1/3),feature/26_2_new_fluent_theme_with_design_tokens-merge52ad6817,failure,,https://github.com/DevExpress/DevExtreme/actions/runs/36726079181/job/109927966438
"30.09.26, 14:13:28",109927966730,36726079181,1,Demos Visual Tests,jquery(3/3)-screenshots-material.blue.light,feature/26_2_new_fluent_theme_with_design_tokens-merge52ad6817,failure,,https://github.com/DevExpress/DevExtreme/actions/runs/36726079181/job/109927966730
"30.09.26, 14:13:28",109927966798,36726079181,1,Demos Visual Tests,jquery-accessibility-material.blue.light,feature/26_2_new_fluent_theme_with_design_tokens-merge52ad6817,failure,,https://github.com/DevExpress/DevExtreme/actions/runs/36726079181/job/109927966798
"30.09.26, 14:13:28",109927966880,36726079181,1,Demos Visual Tests,jquery(1/3)-screenshots-fluent-next.blue.light,feature/26_2_new_fluent_theme_with_design_tokens-merge52ad6817,failure,,https://github.com/DevExpress/DevExtreme/actions/runs/36726079181/job/109927966880
"30.09.26, 14:13:28",109927966939,36726079181,1,Demos Visual Tests,jquery(3/3)-screenshots-fluent-next.blue.light,feature/26_2_new_fluent_theme_with_design_tokens-merge52ad6817,failure,,https://github.com/DevExpress/DevExtreme/actions/runs/36726079181/job/109927966939
"30.09.26, 14:17:16",109929659854,36726079181,1,Demos Visual Tests,angular(2/10)-screenshots-fluent-next.blue.light,feature/26_2_new_fluent_theme_with_design_tokens-merge52ad6817,failure,,https://github.com/DevExpress/DevExtreme/actions/runs/36726079181/job/109929659854
"30.09.26, 13:51:41",109918609398,36723457829,1,Demos Visual Tests,CSP check (jQuery),fluent-next-update-schediler-demos,failure,,https://github.com/DevExpress/DevExtreme/actions/runs/36723457829/job/109918609398
"30.09.26, 13:51:41",109918609928,36723457829,1,Demos Visual Tests,CSP check (Angular 1/3),fluent-next-update-schediler-demos,failure,,https://github.com/DevExpress/DevExtreme/actions/runs/36723457829/job/109918609928
"30.09.26, 13:51:41",109918610276,36723457829,1,Demos Visual Tests,jquery(3/3)-screenshots-material.blue.light,fluent-next-update-schediler-demos,failure,,https://github.com/DevExpress/DevExtreme/actions/runs/36723457829/job/109918610276
"30.09.26, 14:00:31",109922354794,36723457829,1,Demos Visual Tests,vue(5/5)-screenshots-fluent-next.blue.light,fluent-next-update-schediler-demos,failure,,https://github.com/DevExpress/DevExtreme/actions/runs/36723457829/job/109922354794
"30.09.26, 14:00:31",109922354828,36723457829,1,Demos Visual Tests,vue(3/5)-screenshots-fluent-next.blue.light,fluent-next-update-schediler-demos,failure,,https://github.com/DevExpress/DevExtreme/actions/runs/36723457829/job/109922354828
"30.09.26, 14:00:31",109922354839,36723457829,1,Demos Visual Tests,angular(1/10)-screenshots-fluent-next.blue.light,fluent-next-update-schediler-demos,failure,,https://github.com/DevExpress/DevExtreme/actions/runs/36723457829/job/109922354839
"30.09.26, 14:00:31",109922354843,36723457829,1,Demos Visual Tests,vue(5/5)-screenshots-fluent.blue.light,fluent-next-update-schediler-demos,failure,,https://github.com/DevExpress/DevExtreme/actions/runs/36723457829/job/109922354843
"30.09.26, 14:00:31",109922354866,36723457829,1,Demos Visual Tests,vue(2/5)-screenshots-fluent.blue.light,fluent-next-update-schediler-demos,failure,,https://github.com/DevExpress/DevExtreme/actions/runs/36723457829/job/109922354866
"30.09.26, 14:00:31",109922354902,36723457829,1,Demos Visual Tests,angular(1/10)-screenshots-fluent.blue.light,fluent-next-update-schediler-demos,failure,,https://github.com/DevExpress/DevExtreme/actions/runs/36723457829/job/109922354902
"30.09.26, 14:00:31",109922354933,36723457829,1,Demos Visual Tests,angular(3/10)-screenshots-fluent-next.blue.light,fluent-next-update-schediler-demos,failure,,https://github.com/DevExpress/DevExtreme/actions/runs/36723457829/job/109922354933
"30.09.26, 14:00:31",109922354937,36723457829,1,Demos Visual Tests,angular(8/10)-screenshots-fluent-next.blue.light,fluent-next-update-schediler-demos,failure,,https://github.com/DevExpress/DevExtreme/actions/runs/36723457829/job/109922354937
"30.09.26, 14:00:31",109922354938,36723457829,1,Demos Visual Tests,vue(4/5)-screenshots-fluent-next.blue.light,fluent-next-update-schediler-demos,failure,,https://github.com/DevExpress/DevExtreme/actions/runs/36723457829/job/109922354938
"30.09.26, 14:00:31",109922354988,36723457829,1,Demos Visual Tests,angular(5/10)-screenshots-fluent-next.blue.light,fluent-next-update-schediler-demos,failure,,https://github.com/DevExpress/DevExtreme/actions/runs/36723457829/job/109922354988
"30.09.26, 14:00:31",109922355008,36723457829,1,Demos Visual Tests,angular(7/10)-screenshots-fluent.blue.light,fluent-next-update-schediler-demos,failure,,https://github.com/DevExpress/DevExtreme/actions/runs/36723457829/job/109922355008
"30.09.26, 14:00:31",109922355063,36723457829,1,Demos Visual Tests,angular(2/10)-screenshots-fluent.blue.light,fluent-next-update-schediler-demos,failure,,https://github.com/DevExpress/DevExtreme/actions/runs/36723457829/job/109922355063
"30.09.26, 14:00:31",109922355150,36723457829,1,Demos Visual Tests,react(1/3)-screenshots-fluent.blue.light,fluent-next-update-schediler-demos,failure,,https://github.com/DevExpress/DevExtreme/actions/runs/36723457829/job/109922355150
"30.09.26, 14:00:31",109922355158,36723457829,1,Demos Visual Tests,vue(4/5)-screenshots-fluent.blue.light,fluent-next-update-schediler-demos,failure,,https://github.com/DevExpress/DevExtreme/actions/runs/36723457829/job/109922355158
"30.09.26, 14:00:31",109922355202,36723457829,1,Demos Visual Tests,angular(8/10)-screenshots-fluent.blue.light,fluent-next-update-schediler-demos,failure,,https://github.com/DevExpress/DevExtreme/actions/runs/36723457829/job/109922355202
"30.09.26, 14:00:31",109922355258,36723457829,1,Demos Visual Tests,angular(10/10)-screenshots-fluent-next.blue.light,fluent-next-update-schediler-demos,failure,,https://github.com/DevExpress/DevExtreme/actions/runs/36723457829/job/109922355258
"30.09.26, 14:16:25",109929284699,36723457829,2,Demos Visual Tests,angular(8/10)-screenshots-fluent.blue.light,fluent-next-update-schediler-demos,failure,,https://github.com/DevExpress/DevExtreme/actions/runs/36723457829/job/109929284699
"30.09.26, 13:48:29",109917250808,36723241229,1,Demos Visual Tests,jquery(3/3)-screenshots-material.blue.light,fix/demos-grid-edit-state-management-template-error,failure,,https://github.com/DevExpress/DevExtreme/actions/runs/36723241229/job/109917250808
"30.09.26, 13:48:29",109917250991,36723241229,1,Demos Visual Tests,jquery-accessibility-material.blue.dark,fix/demos-grid-edit-state-management-template-error,failure,,https://github.com/DevExpress/DevExtreme/actions/runs/36723241229/job/109917250991
"30.09.26, 13:36:43",109912258196,36721809171,1,Demos Visual Tests,jquery(2/3)-screenshots-fluent.blue.light,26_1,failure,Run TestCafe tests (jQuery),https://github.com/DevExpress/DevExtreme/actions/runs/36721809171/job/109912258196
"30.09.26, 13:38:20",109912938425,36721809171,1,Demos Visual Tests,Build demos (React),26_1,failure,,https://github.com/DevExpress/DevExtreme/actions/runs/36721809171/job/109912938425
"30.09.26, 13:08:22",109900651958,36719412390,1,Demos Visual Tests,Build DevExtreme,feature/26_2_new_fluent_theme_with_design_tokens-merge52ad6817,failure,Install dependencies,https://github.com/DevExpress/DevExtreme/actions/runs/36719412390/job/109900651958
"30.09.26, 13:06:23",109899858504,36719245027,1,Demos Visual Tests,Build DevExtreme,feature/26_2_new_fluent_theme_with_design_tokens-merge52ad6817,cancelled,Install dependencies,https://github.com/DevExpress/DevExtreme/actions/runs/36719245027/job/109899858504
"30.09.26, 13:08:06",109900544317,36719245027,1,Demos Visual Tests,CSP check (jQuery),feature/26_2_new_fluent_theme_with_design_tokens-merge52ad6817,cancelled,,https://github.com/DevExpress/DevExtreme/actions/runs/36719245027/job/109900544317
"30.09.26, 13:08:06",109900544555,36719245027,1,Demos Visual Tests,${{ matrix.CONSTEL }}-${{ matrix.STRATEGY }}-${{ matrix.THEME }},feature/26_2_new_fluent_theme_with_design_tokens-merge52ad6817,cancelled,,https://github.com/DevExpress/DevExtreme/actions/runs/36719245027/job/109900544555
"30.09.26, 13:08:06",109900544728,36719245027,1,Demos Visual Tests,"Build vendor bundles (React, Vue)",feature/26_2_new_fluent_theme_with_design_tokens-merge52ad6817,cancelled,,https://github.com/DevExpress/DevExtreme/actions/runs/36719245027/job/109900544728
"30.09.26, 13:08:06",109900544914,36719245027,1,Demos Visual Tests,Check generated demos,feature/26_2_new_fluent_theme_with_design_tokens-merge52ad6817,cancelled,,https://github.com/DevExpress/DevExtreme/actions/runs/36719245027/job/109900544914
"30.09.26, 13:08:06",109900545098,36719245027,1,Demos Visual Tests,Check TS and lint code base,feature/26_2_new_fluent_theme_with_design_tokens-merge52ad6817,cancelled,,https://github.com/DevExpress/DevExtreme/actions/runs/36719245027/job/109900545098
"30.09.26, 13:08:06",109900545134,36719245027,1,Demos Visual Tests,"matrix.SHARD_TOTAL == 1 && format('CSP check ({0})', matrix.FRAMEWORK) || format('CSP check ({0} {1}/{2})', matrix.FRAMEWORK, matrix.SHARD_INDEX, matrix.SHARD_TOTAL)",feature/26_2_new_fluent_theme_with_design_tokens-merge52ad6817,cancelled,,https://github.com/DevExpress/DevExtreme/actions/runs/36719245027/job/109900545134
"30.09.26, 13:08:06",109900546400,36719245027,1,Demos Visual Tests,CSP Violations Summary,feature/26_2_new_fluent_theme_with_design_tokens-merge52ad6817,cancelled,,https://github.com/DevExpress/DevExtreme/actions/runs/36719245027/job/109900546400
"30.09.26, 13:08:06",109900546841,36719245027,1,Demos Visual Tests,"matrix.SHARD_TOTAL == 1 && format('Build demos ({0})', matrix.FRAMEWORK) || format('Build demos ({0} {1}/{2})', matrix.FRAMEWORK, matrix.SHARD_INDEX, matrix.SHARD_TOTAL)",feature/26_2_new_fluent_theme_with_design_tokens-merge52ad6817,cancelled,,https://github.com/DevExpress/DevExtreme/actions/runs/36719245027/job/109900546841
"30.09.26, 13:08:07",109900547942,36719245027,1,Demos Visual Tests,${{ matrix.CONSTEL }}-screenshots-${{ matrix.THEME }},feature/26_2_new_fluent_theme_with_design_tokens-merge52ad6817,cancelled,,https://github.com/DevExpress/DevExtreme/actions/runs/36719245027/job/109900547942
"30.09.26, 13:08:07",109900548029,36719245027,1,Demos Visual Tests,merge-artifacts,feature/26_2_new_fluent_theme_with_design_tokens-merge52ad6817,cancelled,,https://github.com/DevExpress/DevExtreme/actions/runs/36719245027/job/109900548029
"30.09.26, 12:52:50",109894534987,36717652857,1,Demos Visual Tests,Build DevExtreme,angular-demos-remove-eager,failure,,https://github.com/DevExpress/DevExtreme/actions/runs/36717652857/job/109894534987
"01.10.26, 07:00:52",110257621167,36717652857,2,Demos Visual Tests,Check TS and lint code base,angular-demos-remove-eager,failure,Check TS and lint results,https://github.com/DevExpress/DevExtreme/actions/runs/36717652857/job/110257621167
"30.09.26, 12:02:32",109876588032,36712233434,1,Demos Visual Tests,Build DevExtreme,update-gantt-version,failure,Install dependencies,https://github.com/DevExpress/DevExtreme/actions/runs/36712233434/job/109876588032
"30.09.26, 12:12:24",109880019099,36712132361,1,Demos Visual Tests,CSP check (jQuery),26_1,failure,,https://github.com/DevExpress/DevExtreme/actions/runs/36712132361/job/109880019099
"30.09.26, 12:12:24",109880019276,36712132361,1,Demos Visual Tests,CSP check (Vue 1/2),26_1,failure,,https://github.com/DevExpress/DevExtreme/actions/runs/36712132361/job/109880019276
"30.09.26, 12:12:24",109880019395,36712132361,1,Demos Visual Tests,jquery-accessibility-material.blue.light,26_1,failure,Run TestCafe tests (jQuery),https://github.com/DevExpress/DevExtreme/actions/runs/36712132361/job/109880019395
"30.09.26, 12:12:24",109880019429,36712132361,1,Demos Visual Tests,jquery(1/3)-screenshots-fluent.blue.light,26_1,failure,Run TestCafe tests (jQuery),https://github.com/DevExpress/DevExtreme/actions/runs/36712132361/job/109880019429
"30.09.26, 12:12:24",109880019442,36712132361,1,Demos Visual Tests,jquery(2/3)-screenshots-fluent.blue.light,26_1,failure,Run TestCafe tests (jQuery),https://github.com/DevExpress/DevExtreme/actions/runs/36712132361/job/109880019442
"30.09.26, 12:12:24",109880019452,36712132361,1,Demos Visual Tests,jquery-accessibility-fluent.blue.light,26_1,failure,Run TestCafe tests (jQuery),https://github.com/DevExpress/DevExtreme/actions/runs/36712132361/job/109880019452
"30.09.26, 12:12:24",109880019463,36712132361,1,Demos Visual Tests,jquery(1/3)-screenshots-material.blue.light,26_1,failure,Run TestCafe tests (jQuery),https://github.com/DevExpress/DevExtreme/actions/runs/36712132361/job/109880019463
"30.09.26, 12:12:24",109880019468,36712132361,1,Demos Visual Tests,jquery-accessibility-material.blue.dark,26_1,failure,Run TestCafe tests (jQuery),https://github.com/DevExpress/DevExtreme/actions/runs/36712132361/job/109880019468
"30.09.26, 12:12:24",109880019565,36712132361,1,Demos Visual Tests,jquery(2/3)-screenshots-material.blue.light,26_1,failure,Run TestCafe tests (jQuery),https://github.com/DevExpress/DevExtreme/actions/runs/36712132361/job/109880019565
"30.09.26, 12:12:24",109880019582,36712132361,1,Demos Visual Tests,jquery-accessibility-fluent.blue.dark,26_1,failure,Run TestCafe tests (jQuery),https://github.com/DevExpress/DevExtreme/actions/runs/36712132361/job/109880019582
"30.09.26, 12:16:15",109881365735,36712132361,1,Demos Visual Tests,react(3/3)-screenshots-fluent.blue.light,26_1,failure,,https://github.com/DevExpress/DevExtreme/actions/runs/36712132361/job/109881365735
"30.09.26, 12:09:18",109878939465,36710939764,1,Demos Visual Tests,react(1/3)-screenshots-fluent.blue.light,chore/update_deps,failure,Run TestCafe tests,https://github.com/DevExpress/DevExtreme/actions/runs/36710939764/job/109878939465
"30.09.26, 12:01:30",109876238718,36710065052,1,Demos Visual Tests,react(1/3)-screenshots-fluent.blue.light,applyUserState_add_jests_26_2,failure,,https://github.com/DevExpress/DevExtreme/actions/runs/36710065052/job/109876238718
"30.09.26, 11:49:39",109872215961,36709920969,1,Demos Visual Tests,CSP check (jQuery),applyUserState_add_jests_26_1,failure,,https://github.com/DevExpress/DevExtreme/actions/runs/36709920969/job/109872215961
"30.09.26, 12:12:29",109880043922,36709920969,2,Demos Visual Tests,CSP check (jQuery),applyUserState_add_jests_26_1,failure,Run CSP Check,https://github.com/DevExpress/DevExtreme/actions/runs/36709920969/job/109880043922
"30.09.26, 12:05:24",109877588620,36709856289,1,Demos Visual Tests,vue(3/5)-screenshots-fluent.blue.light,26_1,failure,Run TestCafe tests,https://github.com/DevExpress/DevExtreme/actions/runs/36709856289/job/109877588620
"30.09.26, 11:38:32",109868553871,36709773034,1,Demos Visual Tests,Build DevExtreme,chore/update_deps,cancelled,,https://github.com/DevExpress/DevExtreme/actions/runs/36709773034/job/109868553871
"30.09.26, 11:50:20",109872447311,36709773034,1,Demos Visual Tests,"Build vendor bundles (React, Vue)",chore/update_deps,cancelled,,https://github.com/DevExpress/DevExtreme/actions/runs/36709773034/job/109872447311
"30.09.26, 11:50:20",109872447403,36709773034,1,Demos Visual Tests,Check generated demos,chore/update_deps,cancelled,,https://github.com/DevExpress/DevExtreme/actions/runs/36709773034/job/109872447403
"30.09.26, 11:50:20",109872447737,36709773034,1,Demos Visual Tests,${{ matrix.CONSTEL }}-${{ matrix.STRATEGY }}-${{ matrix.THEME }},chore/update_deps,cancelled,,https://github.com/DevExpress/DevExtreme/actions/runs/36709773034/job/109872447737
"30.09.26, 11:50:21",109872447950,36709773034,1,Demos Visual Tests,CSP check (jQuery),chore/update_deps,cancelled,,https://github.com/DevExpress/DevExtreme/actions/runs/36709773034/job/109872447950
"30.09.26, 11:50:21",109872448215,36709773034,1,Demos Visual Tests,Check TS and lint code base,chore/update_deps,cancelled,,https://github.com/DevExpress/DevExtreme/actions/runs/36709773034/job/109872448215
"30.09.26, 11:50:21",109872448266,36709773034,1,Demos Visual Tests,"matrix.SHARD_TOTAL == 1 && format('CSP check ({0})', matrix.FRAMEWORK) || format('CSP check ({0} {1}/{2})', matrix.FRAMEWORK, matrix.SHARD_INDEX, matrix.SHARD_TOTAL)",chore/update_deps,cancelled,,https://github.com/DevExpress/DevExtreme/actions/runs/36709773034/job/109872448266
"30.09.26, 11:50:21",109872448793,36709773034,1,Demos Visual Tests,${{ matrix.CONSTEL }}-screenshots-${{ matrix.THEME }},chore/update_deps,cancelled,,https://github.com/DevExpress/DevExtreme/actions/runs/36709773034/job/109872448793
"30.09.26, 11:50:21",109872448881,36709773034,1,Demos Visual Tests,CSP Violations Summary,chore/update_deps,cancelled,,https://github.com/DevExpress/DevExtreme/actions/runs/36709773034/job/109872448881
"30.09.26, 11:50:21",109872448907,36709773034,1,Demos Visual Tests,"matrix.SHARD_TOTAL == 1 && format('Build demos ({0})', matrix.FRAMEWORK) || format('Build demos ({0} {1}/{2})', matrix.FRAMEWORK, matrix.SHARD_INDEX, matrix.SHARD_TOTAL)",chore/update_deps,cancelled,,https://github.com/DevExpress/DevExtreme/actions/runs/36709773034/job/109872448907
"30.09.26, 11:50:21",109872450015,36709773034,1,Demos Visual Tests,merge-artifacts,chore/update_deps,cancelled,,https://github.com/DevExpress/DevExtreme/actions/runs/36709773034/job/109872450015
"30.09.26, 11:39:57",109869014091,36708900485,1,Demos Visual Tests,CSP check (jQuery),26_1,failure,,https://github.com/DevExpress/DevExtreme/actions/runs/36708900485/job/109869014091
"30.09.26, 11:39:57",109869014332,36708900485,1,Demos Visual Tests,CSP check (Angular 3/3),26_1,failure,,https://github.com/DevExpress/DevExtreme/actions/runs/36708900485/job/109869014332
"30.09.26, 11:39:57",109869014395,36708900485,1,Demos Visual Tests,jquery(1/3)-screenshots-material.blue.light,26_1,failure,,https://github.com/DevExpress/DevExtreme/actions/runs/36708900485/job/109869014395
"30.09.26, 11:39:57",109869014445,36708900485,1,Demos Visual Tests,jquery(1/3)-screenshots-fluent.blue.light,26_1,failure,,https://github.com/DevExpress/DevExtreme/actions/runs/36708900485/job/109869014445
"30.09.26, 11:12:16",109859766569,36706154413,1,Demos Visual Tests,jquery(1/3)-screenshots-fluent.blue.light,feature/design-leftovers,failure,Run TestCafe tests (jQuery),https://github.com/DevExpress/DevExtreme/actions/runs/36706154413/job/109859766569
"30.09.26, 11:12:16",109859766635,36706154413,1,Demos Visual Tests,jquery(1/3)-screenshots-fluent-next.blue.light,feature/design-leftovers,failure,Run TestCafe tests (jQuery),https://github.com/DevExpress/DevExtreme/actions/runs/36706154413/job/109859766635
"30.09.26, 11:12:16",109859766638,36706154413,1,Demos Visual Tests,jquery(3/3)-screenshots-fluent-next.blue.light,feature/design-leftovers,failure,Run TestCafe tests (jQuery),https://github.com/DevExpress/DevExtreme/actions/runs/36706154413/job/109859766638
"30.09.26, 11:12:16",109859766665,36706154413,1,Demos Visual Tests,jquery(1/3)-screenshots-material.blue.light,feature/design-leftovers,failure,Run TestCafe tests (jQuery),https://github.com/DevExpress/DevExtreme/actions/runs/36706154413/job/109859766665
"30.09.26, 11:12:16",109859766678,36706154413,1,Demos Visual Tests,jquery(3/3)-screenshots-fluent.blue.light,feature/design-leftovers,failure,Run TestCafe tests (jQuery),https://github.com/DevExpress/DevExtreme/actions/runs/36706154413/job/109859766678
"30.09.26, 11:12:16",109859767052,36706154413,1,Demos Visual Tests,jquery(3/3)-screenshots-material.blue.light,feature/design-leftovers,failure,Run TestCafe tests (jQuery),https://github.com/DevExpress/DevExtreme/actions/runs/36706154413/job/109859767052
"30.09.26, 11:15:59",109861036593,36706154413,1,Demos Visual Tests,react(1/3)-screenshots-fluent.blue.light,feature/design-leftovers,failure,Run TestCafe tests,https://github.com/DevExpress/DevExtreme/actions/runs/36706154413/job/109861036593
"30.09.26, 11:15:59",109861036597,36706154413,1,Demos Visual Tests,react(3/3)-screenshots-fluent.blue.light,feature/design-leftovers,failure,Run TestCafe tests,https://github.com/DevExpress/DevExtreme/actions/runs/36706154413/job/109861036597
"30.09.26, 11:15:59",109861036638,36706154413,1,Demos Visual Tests,vue(2/5)-screenshots-fluent.blue.light,feature/design-leftovers,failure,Run TestCafe tests,https://github.com/DevExpress/DevExtreme/actions/runs/36706154413/job/109861036638
"30.09.26, 11:15:59",109861036649,36706154413,1,Demos Visual Tests,vue(2/5)-screenshots-fluent-next.blue.light,feature/design-leftovers,failure,Run TestCafe tests,https://github.com/DevExpress/DevExtreme/actions/runs/36706154413/job/109861036649
"30.09.26, 11:15:59",109861036696,36706154413,1,Demos Visual Tests,angular(2/10)-screenshots-fluent-next.blue.light,feature/design-leftovers,failure,Setup Chrome,https://github.com/DevExpress/DevExtreme/actions/runs/36706154413/job/109861036696
"30.09.26, 11:15:59",109861036699,36706154413,1,Demos Visual Tests,vue(5/5)-screenshots-fluent-next.blue.light,feature/design-leftovers,failure,Run TestCafe tests,https://github.com/DevExpress/DevExtreme/actions/runs/36706154413/job/109861036699
"30.09.26, 11:15:59",109861036725,36706154413,1,Demos Visual Tests,react(3/3)-screenshots-fluent-next.blue.light,feature/design-leftovers,failure,Run TestCafe tests,https://github.com/DevExpress/DevExtreme/actions/runs/36706154413/job/109861036725
"30.09.26, 11:15:59",109861036749,36706154413,1,Demos Visual Tests,angular(2/10)-screenshots-fluent.blue.light,feature/design-leftovers,failure,Run TestCafe tests,https://github.com/DevExpress/DevExtreme/actions/runs/36706154413/job/109861036749
"30.09.26, 11:15:59",109861036844,36706154413,1,Demos Visual Tests,vue(5/5)-screenshots-fluent.blue.light,feature/design-leftovers,failure,Run TestCafe tests,https://github.com/DevExpress/DevExtreme/actions/runs/36706154413/job/109861036844
"30.09.26, 11:15:59",109861036860,36706154413,1,Demos Visual Tests,angular(5/10)-screenshots-fluent-next.blue.light,feature/design-leftovers,failure,Run TestCafe tests,https://github.com/DevExpress/DevExtreme/actions/runs/36706154413/job/109861036860
"30.09.26, 11:15:59",109861036918,36706154413,1,Demos Visual Tests,angular(5/10)-screenshots-fluent.blue.light,feature/design-leftovers,failure,Run TestCafe tests,https://github.com/DevExpress/DevExtreme/actions/runs/36706154413/job/109861036918
"30.09.26, 11:15:59",109861037062,36706154413,1,Demos Visual Tests,react(1/3)-screenshots-fluent-next.blue.light,feature/design-leftovers,failure,Run TestCafe tests,https://github.com/DevExpress/DevExtreme/actions/runs/36706154413/job/109861037062
"30.09.26, 10:33:47",109847154511,36702316583,1,Demos Visual Tests,jquery(3/3)-screenshots-material.blue.light,type_m_files_skill_main,failure,Run TestCafe tests (jQuery),https://github.com/DevExpress/DevExtreme/actions/runs/36702316583/job/109847154511
"30.09.26, 10:33:47",109847154607,36702316583,1,Demos Visual Tests,jquery(2/3)-screenshots-material.blue.light,type_m_files_skill_main,failure,Run TestCafe tests (jQuery),https://github.com/DevExpress/DevExtreme/actions/runs/36702316583/job/109847154607
"30.09.26, 10:01:45",109836492789,36699843222,1,Demos Visual Tests,Build DevExtreme,chore/update_deps,cancelled,Post Setup nx cache,https://github.com/DevExpress/DevExtreme/actions/runs/36699843222/job/109836492789
"30.09.26, 10:09:55",109839260961,36699843222,1,Demos Visual Tests,CSP check (jQuery),chore/update_deps,cancelled,,https://github.com/DevExpress/DevExtreme/actions/runs/36699843222/job/109839260961
"30.09.26, 10:09:56",109839261457,36699843222,1,Demos Visual Tests,Check generated demos,chore/update_deps,cancelled,,https://github.com/DevExpress/DevExtreme/actions/runs/36699843222/job/109839261457
"30.09.26, 10:09:56",109839261459,36699843222,1,Demos Visual Tests,Check TS and lint code base,chore/update_deps,cancelled,,https://github.com/DevExpress/DevExtreme/actions/runs/36699843222/job/109839261459
"30.09.26, 10:09:56",109839261685,36699843222,1,Demos Visual Tests,${{ matrix.CONSTEL }}-${{ matrix.STRATEGY }}-${{ matrix.THEME }},chore/update_deps,cancelled,,https://github.com/DevExpress/DevExtreme/actions/runs/36699843222/job/109839261685
"30.09.26, 10:09:56",109839261710,36699843222,1,Demos Visual Tests,"Build vendor bundles (React, Vue)",chore/update_deps,cancelled,,https://github.com/DevExpress/DevExtreme/actions/runs/36699843222/job/109839261710
"30.09.26, 10:09:56",109839261957,36699843222,1,Demos Visual Tests,"matrix.SHARD_TOTAL == 1 && format('CSP check ({0})', matrix.FRAMEWORK) || format('CSP check ({0} {1}/{2})', matrix.FRAMEWORK, matrix.SHARD_INDEX, matrix.SHARD_TOTAL)",chore/update_deps,cancelled,,https://github.com/DevExpress/DevExtreme/actions/runs/36699843222/job/109839261957
"30.09.26, 10:09:56",109839262428,36699843222,1,Demos Visual Tests,CSP Violations Summary,chore/update_deps,cancelled,,https://github.com/DevExpress/DevExtreme/actions/runs/36699843222/job/109839262428
"30.09.26, 10:09:56",109839263213,36699843222,1,Demos Visual Tests,"matrix.SHARD_TOTAL == 1 && format('Build demos ({0})', matrix.FRAMEWORK) || format('Build demos ({0} {1}/{2})', matrix.FRAMEWORK, matrix.SHARD_INDEX, matrix.SHARD_TOTAL)",chore/update_deps,cancelled,,https://github.com/DevExpress/DevExtreme/actions/runs/36699843222/job/109839263213
"30.09.26, 10:09:56",109839263321,36699843222,1,Demos Visual Tests,${{ matrix.CONSTEL }}-screenshots-${{ matrix.THEME }},chore/update_deps,cancelled,,https://github.com/DevExpress/DevExtreme/actions/runs/36699843222/job/109839263321
"30.09.26, 10:09:56",109839264342,36699843222,1,Demos Visual Tests,merge-artifacts,chore/update_deps,cancelled,,https://github.com/DevExpress/DevExtreme/actions/runs/36699843222/job/109839264342
"30.09.26, 09:56:20",109834652412,36699289623,1,Demos Visual Tests,Check if tests should run,chore/26_1_update_deps,cancelled,,https://github.com/DevExpress/DevExtreme/actions/runs/36699289623/job/109834652412
"30.09.26, 09:56:21",109834658087,36699289623,1,Demos Visual Tests,Get changed demos,chore/26_1_update_deps,cancelled,,https://github.com/DevExpress/DevExtreme/actions/runs/36699289623/job/109834658087
"30.09.26, 09:56:21",109834658892,36699289623,1,Demos Visual Tests,Determine scope for framework tests,chore/26_1_update_deps,cancelled,,https://github.com/DevExpress/DevExtreme/actions/runs/36699289623/job/109834658892
"30.09.26, 09:56:21",109834659273,36699289623,1,Demos Visual Tests,Determine jQuery test matrix,chore/26_1_update_deps,cancelled,,https://github.com/DevExpress/DevExtreme/actions/runs/36699289623/job/109834659273
"30.09.26, 09:56:22",109834660157,36699289623,1,Demos Visual Tests,Build DevExtreme,chore/26_1_update_deps,cancelled,,https://github.com/DevExpress/DevExtreme/actions/runs/36699289623/job/109834660157
"30.09.26, 09:56:22",109834660404,36699289623,1,Demos Visual Tests,"Build vendor bundles (React, Vue)",chore/26_1_update_deps,cancelled,,https://github.com/DevExpress/DevExtreme/actions/runs/36699289623/job/109834660404
"30.09.26, 09:56:22",109834660424,36699289623,1,Demos Visual Tests,Check TS and lint code base,chore/26_1_update_deps,cancelled,,https://github.com/DevExpress/DevExtreme/actions/runs/36699289623/job/109834660424
"30.09.26, 09:56:22",109834660493,36699289623,1,Demos Visual Tests,${{ matrix.CONSTEL }}-${{ matrix.STRATEGY }}-${{ matrix.THEME }},chore/26_1_update_deps,cancelled,,https://github.com/DevExpress/DevExtreme/actions/runs/36699289623/job/109834660493
"30.09.26, 09:56:22",109834660587,36699289623,1,Demos Visual Tests,Check generated demos (changed only),chore/26_1_update_deps,cancelled,,https://github.com/DevExpress/DevExtreme/actions/runs/36699289623/job/109834660587
"30.09.26, 09:56:22",109834660783,36699289623,1,Demos Visual Tests,Check generated demos,chore/26_1_update_deps,cancelled,,https://github.com/DevExpress/DevExtreme/actions/runs/36699289623/job/109834660783
"30.09.26, 09:56:22",109834661189,36699289623,1,Demos Visual Tests,"matrix.SHARD_TOTAL == 1 && format('Build demos ({0})', matrix.FRAMEWORK) || format('Build demos ({0} {1}/{2})', matrix.FRAMEWORK, matrix.SHARD_INDEX, matrix.SHARD_TOTAL)",chore/26_1_update_deps,cancelled,,https://github.com/DevExpress/DevExtreme/actions/runs/36699289623/job/109834661189
"30.09.26, 09:56:22",109834661293,36699289623,1,Demos Visual Tests,CSP check (jQuery),chore/26_1_update_deps,cancelled,,https://github.com/DevExpress/DevExtreme/actions/runs/36699289623/job/109834661293
"30.09.26, 09:56:22",109834661367,36699289623,1,Demos Visual Tests,"matrix.SHARD_TOTAL == 1 && format('CSP check ({0})', matrix.FRAMEWORK) || format('CSP check ({0} {1}/{2})', matrix.FRAMEWORK, matrix.SHARD_INDEX, matrix.SHARD_TOTAL)",chore/26_1_update_deps,cancelled,,https://github.com/DevExpress/DevExtreme/actions/runs/36699289623/job/109834661367
"30.09.26, 09:56:22",109834661580,36699289623,1,Demos Visual Tests,${{ matrix.CONSTEL }}-screenshots-${{ matrix.THEME }},chore/26_1_update_deps,cancelled,,https://github.com/DevExpress/DevExtreme/actions/runs/36699289623/job/109834661580
"30.09.26, 09:56:22",109834661709,36699289623,1,Demos Visual Tests,CSP Violations Summary,chore/26_1_update_deps,cancelled,,https://github.com/DevExpress/DevExtreme/actions/runs/36699289623/job/109834661709
"30.09.26, 09:56:22",109834662458,36699289623,1,Demos Visual Tests,${{ matrix.CONSTEL }}-screenshots-${{ matrix.THEME }},chore/26_1_update_deps,cancelled,,https://github.com/DevExpress/DevExtreme/actions/runs/36699289623/job/109834662458
"30.09.26, 09:56:22",109834664599,36699289623,1,Demos Visual Tests,merge-artifacts,chore/26_1_update_deps,cancelled,,https://github.com/DevExpress/DevExtreme/actions/runs/36699289623/job/109834664599
"30.09.26, 09:45:30",109830927540,36697184082,1,Demos Visual Tests,jquery(2/3)-screenshots-material.blue.light,fluent-next-update-schediler-demos,failure,Run TestCafe tests (jQuery),https://github.com/DevExpress/DevExtreme/actions/runs/36697184082/job/109830927540
"30.09.26, 09:45:30",109830927596,36697184082,1,Demos Visual Tests,jquery(3/3)-screenshots-fluent.blue.light,fluent-next-update-schediler-demos,failure,Run TestCafe tests (jQuery),https://github.com/DevExpress/DevExtreme/actions/runs/36697184082/job/109830927596
"30.09.26, 09:45:30",109830927622,36697184082,1,Demos Visual Tests,jquery(3/3)-screenshots-fluent-next.blue.light,fluent-next-update-schediler-demos,failure,Run TestCafe tests (jQuery),https://github.com/DevExpress/DevExtreme/actions/runs/36697184082/job/109830927622
"30.09.26, 09:45:30",109830927633,36697184082,1,Demos Visual Tests,jquery(2/3)-screenshots-fluent.blue.light,fluent-next-update-schediler-demos,failure,Run TestCafe tests (jQuery),https://github.com/DevExpress/DevExtreme/actions/runs/36697184082/job/109830927633
"30.09.26, 09:45:30",109830927728,36697184082,1,Demos Visual Tests,jquery(1/3)-screenshots-fluent-next.blue.light,fluent-next-update-schediler-demos,failure,Run TestCafe tests (jQuery),https://github.com/DevExpress/DevExtreme/actions/runs/36697184082/job/109830927728
"30.09.26, 09:45:30",109830927745,36697184082,1,Demos Visual Tests,jquery(1/3)-screenshots-fluent.blue.light,fluent-next-update-schediler-demos,failure,Run TestCafe tests (jQuery),https://github.com/DevExpress/DevExtreme/actions/runs/36697184082/job/109830927745
"30.09.26, 09:49:00",109832143362,36697184082,1,Demos Visual Tests,react(1/3)-screenshots-fluent.blue.light,fluent-next-update-schediler-demos,failure,Run TestCafe tests,https://github.com/DevExpress/DevExtreme/actions/runs/36697184082/job/109832143362
"30.09.26, 09:49:00",109832143363,36697184082,1,Demos Visual Tests,vue(2/5)-screenshots-fluent.blue.light,fluent-next-update-schediler-demos,failure,Run TestCafe tests,https://github.com/DevExpress/DevExtreme/actions/runs/36697184082/job/109832143363
"30.09.26, 09:49:00",109832143393,36697184082,1,Demos Visual Tests,vue(4/5)-screenshots-fluent-next.blue.light,fluent-next-update-schediler-demos,failure,Run TestCafe tests,https://github.com/DevExpress/DevExtreme/actions/runs/36697184082/job/109832143393
"30.09.26, 09:49:00",109832143398,36697184082,1,Demos Visual Tests,react(2/3)-screenshots-fluent.blue.light,fluent-next-update-schediler-demos,failure,Run TestCafe tests,https://github.com/DevExpress/DevExtreme/actions/runs/36697184082/job/109832143398
"30.09.26, 09:49:00",109832143404,36697184082,1,Demos Visual Tests,react(3/3)-screenshots-fluent-next.blue.light,fluent-next-update-schediler-demos,failure,Run TestCafe tests,https://github.com/DevExpress/DevExtreme/actions/runs/36697184082/job/109832143404
"30.09.26, 09:49:00",109832143414,36697184082,1,Demos Visual Tests,vue(1/5)-screenshots-fluent.blue.light,fluent-next-update-schediler-demos,failure,Run TestCafe tests,https://github.com/DevExpress/DevExtreme/actions/runs/36697184082/job/109832143414
"30.09.26, 09:49:00",109832143431,36697184082,1,Demos Visual Tests,react(3/3)-screenshots-fluent.blue.light,fluent-next-update-schediler-demos,failure,Run TestCafe tests,https://github.com/DevExpress/DevExtreme/actions/runs/36697184082/job/109832143431
"30.09.26, 09:49:00",109832143432,36697184082,1,Demos Visual Tests,vue(1/5)-screenshots-fluent-next.blue.light,fluent-next-update-schediler-demos,failure,Run TestCafe tests,https://github.com/DevExpress/DevExtreme/actions/runs/36697184082/job/109832143432
"30.09.26, 09:49:00",109832143472,36697184082,1,Demos Visual Tests,angular(3/10)-screenshots-fluent-next.blue.light,fluent-next-update-schediler-demos,failure,Run TestCafe tests,https://github.com/DevExpress/DevExtreme/actions/runs/36697184082/job/109832143472
"30.09.26, 09:49:00",109832143476,36697184082,1,Demos Visual Tests,vue(4/5)-screenshots-fluent.blue.light,fluent-next-update-schediler-demos,failure,Run TestCafe tests,https://github.com/DevExpress/DevExtreme/actions/runs/36697184082/job/109832143476
"30.09.26, 09:49:00",109832143492,36697184082,1,Demos Visual Tests,angular(7/10)-screenshots-fluent.blue.light,fluent-next-update-schediler-demos,failure,Run TestCafe tests,https://github.com/DevExpress/DevExtreme/actions/runs/36697184082/job/109832143492
"30.09.26, 09:49:00",109832143515,36697184082,1,Demos Visual Tests,react(1/3)-screenshots-fluent-next.blue.light,fluent-next-update-schediler-demos,failure,Run TestCafe tests,https://github.com/DevExpress/DevExtreme/actions/runs/36697184082/job/109832143515
"30.09.26, 09:49:00",109832143596,36697184082,1,Demos Visual Tests,angular(6/10)-screenshots-fluent.blue.light,fluent-next-update-schediler-demos,failure,Run TestCafe tests,https://github.com/DevExpress/DevExtreme/actions/runs/36697184082/job/109832143596
"30.09.26, 09:49:00",109832143629,36697184082,1,Demos Visual Tests,angular(3/10)-screenshots-fluent.blue.light,fluent-next-update-schediler-demos,failure,Run TestCafe tests,https://github.com/DevExpress/DevExtreme/actions/runs/36697184082/job/109832143629
"30.09.26, 09:49:01",109832143713,36697184082,1,Demos Visual Tests,angular(10/10)-screenshots-fluent.blue.light,fluent-next-update-schediler-demos,failure,Run TestCafe tests,https://github.com/DevExpress/DevExtreme/actions/runs/36697184082/job/109832143713
"30.09.26, 09:49:01",109832143742,36697184082,1,Demos Visual Tests,angular(8/10)-screenshots-fluent.blue.light,fluent-next-update-schediler-demos,failure,Run TestCafe tests,https://github.com/DevExpress/DevExtreme/actions/runs/36697184082/job/109832143742
"30.09.26, 09:49:01",109832143999,36697184082,1,Demos Visual Tests,angular(10/10)-screenshots-fluent-next.blue.light,fluent-next-update-schediler-demos,failure,Run TestCafe tests,https://github.com/DevExpress/DevExtreme/actions/runs/36697184082/job/109832143999
"30.09.26, 08:45:22",109810143305,36691694372,1,Demos Visual Tests,Check if tests should run,chore/update_deps,cancelled,,https://github.com/DevExpress/DevExtreme/actions/runs/36691694372/job/109810143305
"30.09.26, 08:45:24",109810150893,36691694372,1,Demos Visual Tests,Build DevExtreme,chore/update_deps,cancelled,,https://github.com/DevExpress/DevExtreme/actions/runs/36691694372/job/109810150893
"30.09.26, 08:45:24",109810150939,36691694372,1,Demos Visual Tests,"matrix.SHARD_TOTAL == 1 && format('CSP check ({0})', matrix.FRAMEWORK) || format('CSP check ({0} {1}/{2})', matrix.FRAMEWORK, matrix.SHARD_INDEX, matrix.SHARD_TOTAL)",chore/update_deps,cancelled,,https://github.com/DevExpress/DevExtreme/actions/runs/36691694372/job/109810150939
"30.09.26, 08:45:24",109810151133,36691694372,1,Demos Visual Tests,"Build vendor bundles (React, Vue)",chore/update_deps,cancelled,,https://github.com/DevExpress/DevExtreme/actions/runs/36691694372/job/109810151133
"30.09.26, 08:45:24",109810151868,36691694372,1,Demos Visual Tests,Check TS and lint code base,chore/update_deps,cancelled,,https://github.com/DevExpress/DevExtreme/actions/runs/36691694372/job/109810151868
"30.09.26, 08:45:24",109810151931,36691694372,1,Demos Visual Tests,"matrix.SHARD_TOTAL == 1 && format('Build demos ({0})', matrix.FRAMEWORK) || format('Build demos ({0} {1}/{2})', matrix.FRAMEWORK, matrix.SHARD_INDEX, matrix.SHARD_TOTAL)",chore/update_deps,cancelled,,https://github.com/DevExpress/DevExtreme/actions/runs/36691694372/job/109810151931
"30.09.26, 08:45:24",109810151963,36691694372,1,Demos Visual Tests,${{ matrix.CONSTEL }}-${{ matrix.STRATEGY }}-${{ matrix.THEME }},chore/update_deps,cancelled,,https://github.com/DevExpress/DevExtreme/actions/runs/36691694372/job/109810151963
"30.09.26, 08:45:24",109810152111,36691694372,1,Demos Visual Tests,CSP check (jQuery),chore/update_deps,cancelled,,https://github.com/DevExpress/DevExtreme/actions/runs/36691694372/job/109810152111
"30.09.26, 08:45:24",109810152156,36691694372,1,Demos Visual Tests,Check generated demos,chore/update_deps,cancelled,,https://github.com/DevExpress/DevExtreme/actions/runs/36691694372/job/109810152156
"30.09.26, 08:45:24",109810152537,36691694372,1,Demos Visual Tests,CSP Violations Summary,chore/update_deps,cancelled,,https://github.com/DevExpress/DevExtreme/actions/runs/36691694372/job/109810152537
"30.09.26, 08:45:24",109810152865,36691694372,1,Demos Visual Tests,${{ matrix.CONSTEL }}-screenshots-${{ matrix.THEME }},chore/update_deps,cancelled,,https://github.com/DevExpress/DevExtreme/actions/runs/36691694372/job/109810152865
"30.09.26, 08:45:24",109810153272,36691694372,1,Demos Visual Tests,merge-artifacts,chore/update_deps,cancelled,,https://github.com/DevExpress/DevExtreme/actions/runs/36691694372/job/109810153272
"30.09.26, 08:41:00",109808669838,36690457480,1,Demos Visual Tests,CSP check (React 1/2),typescript/viz/es6_prototype_items,failure,,https://github.com/DevExpress/DevExtreme/actions/runs/36690457480/job/109808669838
"30.09.26, 07:38:04",109788149601,36683560338,1,Demos Visual Tests,vue(2/5)-screenshots-fluent.blue.light,typescript/viz/es6_prototype_items,failure,,https://github.com/DevExpress/DevExtreme/actions/runs/36683560338/job/109788149601
"30.09.26, 17:30:17",110012156918,36751839700,1,Wrappers Tests,check-regenerate,remove_m_prefix_26_2,cancelled,Post Setup pnpm cache,https://github.com/DevExpress/DevExtreme/actions/runs/36751839700/job/110012156918
"30.09.26, 17:30:17",110012157381,36751839700,1,Wrappers Tests,build,remove_m_prefix_26_2,cancelled,Build devextreme package,https://github.com/DevExpress/DevExtreme/actions/runs/36751839700/job/110012157381
"30.09.26, 17:33:44",110013577675,36751839700,1,Wrappers Tests,test,remove_m_prefix_26_2,cancelled,,https://github.com/DevExpress/DevExtreme/actions/runs/36751839700/job/110013577675
"30.09.26, 15:03:25",109950097183,36732969560,1,Wrappers Tests,test (vue),feature/separate_locale_format,cancelled,,https://github.com/DevExpress/DevExtreme/actions/runs/36732969560/job/109950097183
"30.09.26, 15:03:25",109950097349,36732969560,1,Wrappers Tests,test (angular),feature/separate_locale_format,cancelled,,https://github.com/DevExpress/DevExtreme/actions/runs/36732969560/job/109950097349
"30.09.26, 15:03:25",109950097562,36732969560,1,Wrappers Tests,test (react),feature/separate_locale_format,cancelled,,https://github.com/DevExpress/DevExtreme/actions/runs/36732969560/job/109950097562
"30.09.26, 14:46:21",109942462326,36730724755,1,Wrappers Tests,test (vue),rename_clean_tests_main,cancelled,,https://github.com/DevExpress/DevExtreme/actions/runs/36730724755/job/109942462326
"30.09.26, 14:46:21",109942462455,36730724755,1,Wrappers Tests,test (react),rename_clean_tests_main,cancelled,,https://github.com/DevExpress/DevExtreme/actions/runs/36730724755/job/109942462455
"30.09.26, 14:30:49",109935633071,36729150202,1,Wrappers Tests,test (angular),rename_clean_tests_main,cancelled,,https://github.com/DevExpress/DevExtreme/actions/runs/36729150202/job/109935633071
"30.09.26, 14:12:11",109927406640,36726078971,1,Wrappers Tests,test (angular),feature/26_2_new_fluent_theme_with_design_tokens-merge52ad6817,failure,,https://github.com/DevExpress/DevExtreme/actions/runs/36726078971/job/109927406640
"30.09.26, 14:06:58",109925151023,36725636686,1,Wrappers Tests,test (angular),T1336036_25_2,failure,,https://github.com/DevExpress/DevExtreme/actions/runs/36725636686/job/109925151023
"30.09.26, 13:33:57",109911098478,36721809346,1,Wrappers Tests,test (angular),26_1,cancelled,,https://github.com/DevExpress/DevExtreme/actions/runs/36721809346/job/109911098478
"30.09.26, 13:17:45",109904428126,36720601941,1,Wrappers Tests,check-regenerate,feature/separate_locale_format,failure,Check generated code,https://github.com/DevExpress/DevExtreme/actions/runs/36720601941/job/109904428126
"30.09.26, 13:07:41",109900372684,36719412839,1,Wrappers Tests,build,feature/26_2_new_fluent_theme_with_design_tokens-merge52ad6817,failure,Install dependencies,https://github.com/DevExpress/DevExtreme/actions/runs/36719412839/job/109900372684
"30.09.26, 13:07:41",109900372707,36719412839,1,Wrappers Tests,check-regenerate,feature/26_2_new_fluent_theme_with_design_tokens-merge52ad6817,failure,Install dependencies,https://github.com/DevExpress/DevExtreme/actions/runs/36719412839/job/109900372707
"30.09.26, 13:06:13",109899797921,36719244931,1,Wrappers Tests,check-regenerate,feature/26_2_new_fluent_theme_with_design_tokens-merge52ad6817,failure,Install dependencies,https://github.com/DevExpress/DevExtreme/actions/runs/36719244931/job/109899797921
"30.09.26, 13:06:13",109899797946,36719244931,1,Wrappers Tests,build,feature/26_2_new_fluent_theme_with_design_tokens-merge52ad6817,failure,Install dependencies,https://github.com/DevExpress/DevExtreme/actions/runs/36719244931/job/109899797946
"30.09.26, 12:12:51",109880172739,36712695787,1,Wrappers Tests,test (angular),gh-readonly-queue/main/pr-35409-1f2184d8b18493979678fa934325d3932cdd3983,cancelled,Pack angular,https://github.com/DevExpress/DevExtreme/actions/runs/36712695787/job/109880172739
"30.09.26, 12:02:21",109876528019,36712233504,1,Wrappers Tests,check-regenerate,update-gantt-version,failure,Install dependencies,https://github.com/DevExpress/DevExtreme/actions/runs/36712233504/job/109876528019
"30.09.26, 12:02:21",109876528206,36712233504,1,Wrappers Tests,build,update-gantt-version,failure,Install dependencies,https://github.com/DevExpress/DevExtreme/actions/runs/36712233504/job/109876528206
"30.09.26, 11:59:03",109875390177,36710939778,1,Wrappers Tests,test (react),chore/update_deps,failure,,https://github.com/DevExpress/DevExtreme/actions/runs/36710939778/job/109875390177
"30.09.26, 11:48:35",109871874442,36709856122,1,Wrappers Tests,test (react),26_1,cancelled,,https://github.com/DevExpress/DevExtreme/actions/runs/36709856122/job/109871874442
"30.09.26, 11:48:56",109871983355,36709772973,1,Wrappers Tests,test (react),chore/update_deps,cancelled,,https://github.com/DevExpress/DevExtreme/actions/runs/36709772973/job/109871983355
"30.09.26, 11:48:56",109871983513,36709772973,1,Wrappers Tests,test (angular),chore/update_deps,cancelled,,https://github.com/DevExpress/DevExtreme/actions/runs/36709772973/job/109871983513
"30.09.26, 11:48:56",109871983560,36709772973,1,Wrappers Tests,test (vue),chore/update_deps,cancelled,,https://github.com/DevExpress/DevExtreme/actions/runs/36709772973/job/109871983560
"30.09.26, 11:36:45",109867971492,36708900433,1,Wrappers Tests,test (react),26_1,cancelled,Test react,https://github.com/DevExpress/DevExtreme/actions/runs/36708900433/job/109867971492
"30.09.26, 11:36:45",109867971626,36708900433,1,Wrappers Tests,test (angular),26_1,cancelled,Test angular,https://github.com/DevExpress/DevExtreme/actions/runs/36708900433/job/109867971626
"30.09.26, 11:36:45",109867971733,36708900433,1,Wrappers Tests,test (vue),26_1,cancelled,Test vue,https://github.com/DevExpress/DevExtreme/actions/runs/36708900433/job/109867971733
"30.09.26, 10:01:36",109836443661,36699843213,1,Wrappers Tests,build,chore/update_deps,cancelled,Build devextreme package,https://github.com/DevExpress/DevExtreme/actions/runs/36699843213/job/109836443661
"30.09.26, 10:09:57",109839270923,36699843213,1,Wrappers Tests,test,chore/update_deps,cancelled,,https://github.com/DevExpress/DevExtreme/actions/runs/36699843213/job/109839270923
"30.09.26, 09:56:20",109834652385,36699289639,1,Wrappers Tests,check-regenerate,chore/26_1_update_deps,cancelled,,https://github.com/DevExpress/DevExtreme/actions/runs/36699289639/job/109834652385
"30.09.26, 09:56:20",109834652681,36699289639,1,Wrappers Tests,build,chore/26_1_update_deps,cancelled,,https://github.com/DevExpress/DevExtreme/actions/runs/36699289639/job/109834652681
"30.09.26, 09:56:21",109834657861,36699289639,1,Wrappers Tests,test,chore/26_1_update_deps,cancelled,,https://github.com/DevExpress/DevExtreme/actions/runs/36699289639/job/109834657861
"30.09.26, 08:45:22",109810144217,36691694531,1,Wrappers Tests,check-regenerate,chore/update_deps,cancelled,,https://github.com/DevExpress/DevExtreme/actions/runs/36691694531/job/109810144217
"30.09.26, 08:45:22",109810144453,36691694531,1,Wrappers Tests,build,chore/update_deps,cancelled,,https://github.com/DevExpress/DevExtreme/actions/runs/36691694531/job/109810144453
"30.09.26, 08:45:24",109810152116,36691694531,1,Wrappers Tests,test,chore/update_deps,cancelled,,https://github.com/DevExpress/DevExtreme/actions/runs/36691694531/job/109810152116
"30.09.26, 17:30:17",110012159754,36751839570,1,Wrappers E2E Tests,Build DevExtreme and Wrappers,remove_m_prefix_26_2,cancelled,Build all DevExtreme packages,https://github.com/DevExpress/DevExtreme/actions/runs/36751839570/job/110012159754
"30.09.26, 17:33:40",110013550415,36751839570,1,Wrappers E2E Tests,Test ${{ matrix.framework }},remove_m_prefix_26_2,cancelled,,https://github.com/DevExpress/DevExtreme/actions/runs/36751839570/job/110013550415
"30.09.26, 14:56:54",109947165569,36732969544,1,Wrappers E2E Tests,Build DevExtreme and Wrappers,feature/separate_locale_format,cancelled,Build all DevExtreme packages,https://github.com/DevExpress/DevExtreme/actions/runs/36732969544/job/109947165569
"30.09.26, 15:04:21",109950507700,36732969544,1,Wrappers E2E Tests,Test ${{ matrix.framework }},feature/separate_locale_format,cancelled,,https://github.com/DevExpress/DevExtreme/actions/runs/36732969544/job/109950507700
"30.09.26, 14:46:38",109942592075,36730724596,1,Wrappers E2E Tests,Test vue3,rename_clean_tests_main,cancelled,,https://github.com/DevExpress/DevExtreme/actions/runs/36730724596/job/109942592075
"30.09.26, 13:56:15",109920537762,36725305032,1,Wrappers E2E Tests,Build DevExtreme and Wrappers,T1336036_26_1,failure,,https://github.com/DevExpress/DevExtreme/actions/runs/36725305032/job/109920537762
"30.09.26, 13:07:40",109900367666,36719412618,1,Wrappers E2E Tests,Build DevExtreme and Wrappers,feature/26_2_new_fluent_theme_with_design_tokens-merge52ad6817,failure,Install dependencies,https://github.com/DevExpress/DevExtreme/actions/runs/36719412618/job/109900367666
"30.09.26, 13:06:13",109899798133,36719244971,1,Wrappers E2E Tests,Build DevExtreme and Wrappers,feature/26_2_new_fluent_theme_with_design_tokens-merge52ad6817,failure,Install dependencies,https://github.com/DevExpress/DevExtreme/actions/runs/36719244971/job/109899798133
"30.09.26, 12:02:21",109876525906,36712233251,1,Wrappers E2E Tests,Build DevExtreme and Wrappers,update-gantt-version,failure,Install dependencies,https://github.com/DevExpress/DevExtreme/actions/runs/36712233251/job/109876525906
"30.09.26, 11:48:07",109871721741,36709773367,1,Wrappers E2E Tests,Test vue3,chore/update_deps,cancelled,,https://github.com/DevExpress/DevExtreme/actions/runs/36709773367/job/109871721741
"30.09.26, 11:48:07",109871721751,36709773367,1,Wrappers E2E Tests,Test react19,chore/update_deps,cancelled,,https://github.com/DevExpress/DevExtreme/actions/runs/36709773367/job/109871721751
"30.09.26, 11:48:07",109871721869,36709773367,1,Wrappers E2E Tests,Test angular,chore/update_deps,cancelled,,https://github.com/DevExpress/DevExtreme/actions/runs/36709773367/job/109871721869
"30.09.26, 10:01:36",109836442627,36699843192,1,Wrappers E2E Tests,Build DevExtreme and Wrappers,chore/update_deps,cancelled,Post Setup pnpm cache,https://github.com/DevExpress/DevExtreme/actions/runs/36699843192/job/109836442627
"30.09.26, 10:09:41",109839182093,36699843192,1,Wrappers E2E Tests,Test ${{ matrix.framework }},chore/update_deps,cancelled,,https://github.com/DevExpress/DevExtreme/actions/runs/36699843192/job/109839182093
"30.09.26, 09:56:20",109834651861,36699289468,1,Wrappers E2E Tests,Build DevExtreme and Wrappers,chore/26_1_update_deps,cancelled,,https://github.com/DevExpress/DevExtreme/actions/runs/36699289468/job/109834651861
"30.09.26, 09:56:21",109834659591,36699289468,1,Wrappers E2E Tests,Test ${{ matrix.framework }},chore/26_1_update_deps,cancelled,,https://github.com/DevExpress/DevExtreme/actions/runs/36699289468/job/109834659591
"30.09.26, 08:45:23",109810144699,36691694585,1,Wrappers E2E Tests,Build DevExtreme and Wrappers,chore/update_deps,cancelled,,https://github.com/DevExpress/DevExtreme/actions/runs/36691694585/job/109810144699
"30.09.26, 08:45:24",109810151433,36691694585,1,Wrappers E2E Tests,Test ${{ matrix.framework }},chore/update_deps,cancelled,,https://github.com/DevExpress/DevExtreme/actions/runs/36691694585/job/109810151433
