created at,id,run id,run attempt,workflow name,name,head branch,conclusion,step,html url
"08.10.26, 15:06:17",113382286673,37797969411,1,Build and pack DevExtreme npm packages,build,refactor_columns_view_main,cancelled,Build npm packages,https://github.com/DevExpress/DevExtreme/actions/runs/37797969411/job/113382286673
"08.10.26, 15:14:37",113386259844,37797969411,1,Build and pack DevExtreme npm packages,custom_bundles,refactor_columns_view_main,cancelled,,https://github.com/DevExpress/DevExtreme/actions/runs/37797969411/job/113386259844
"08.10.26, 14:22:53",113361471479,37791978099,1,Build and pack DevExtreme npm packages,build,temp/update-main-demo-ai,failure,,https://github.com/DevExpress/DevExtreme/actions/runs/37791978099/job/113361471479
"08.10.26, 13:22:13",113333269120,37783799026,1,Build and pack DevExtreme npm packages,build,typescript/html_editor/typing_5248_pr1_26_1,cancelled,Build npm packages,https://github.com/DevExpress/DevExtreme/actions/runs/37783799026/job/113333269120
"08.10.26, 13:31:05",113337243510,37783799026,1,Build and pack DevExtreme npm packages,custom_bundles,typescript/html_editor/typing_5248_pr1_26_1,cancelled,,https://github.com/DevExpress/DevExtreme/actions/runs/37783799026/job/113337243510
"08.10.26, 13:22:09",113333240533,37783790627,1,Build and pack DevExtreme npm packages,build,typescript/html_editor/typing_5248_pr1,cancelled,Build npm packages,https://github.com/DevExpress/DevExtreme/actions/runs/37783790627/job/113333240533
"08.10.26, 13:30:08",113336804641,37783790627,1,Build and pack DevExtreme npm packages,custom_bundles,typescript/html_editor/typing_5248_pr1,cancelled,,https://github.com/DevExpress/DevExtreme/actions/runs/37783790627/job/113336804641
"08.10.26, 11:06:04",113279729721,37766841058,1,Build and pack DevExtreme npm packages,custom_bundles,26_1,cancelled,Build bundle,https://github.com/DevExpress/DevExtreme/actions/runs/37766841058/job/113279729721
"08.10.26, 10:55:15",113275828023,37766646372,1,Build and pack DevExtreme npm packages,build,26_1,cancelled,Build npm packages,https://github.com/DevExpress/DevExtreme/actions/runs/37766646372/job/113275828023
"08.10.26, 10:57:34",113276656731,37766646372,1,Build and pack DevExtreme npm packages,custom_bundles,26_1,cancelled,,https://github.com/DevExpress/DevExtreme/actions/runs/37766646372/job/113276656731
"08.10.26, 10:02:08",113256344079,37760772140,1,Build and pack DevExtreme npm packages,build,fix-security_alerts_sbom_25_2,failure,,https://github.com/DevExpress/DevExtreme/actions/runs/37760772140/job/113256344079
"08.10.26, 09:58:42",113255025694,37760280186,1,Build and pack DevExtreme npm packages,build,scheduler-fix-T1336516_26_2,cancelled,Build npm packages,https://github.com/DevExpress/DevExtreme/actions/runs/37760280186/job/113255025694
"08.10.26, 10:02:16",113256392239,37760280186,1,Build and pack DevExtreme npm packages,custom_bundles,scheduler-fix-T1336516_26_2,cancelled,,https://github.com/DevExpress/DevExtreme/actions/runs/37760280186/job/113256392239
"08.10.26, 09:51:13",113252218177,37759511959,1,Build and pack DevExtreme npm packages,build,fix-security_alerts_sbom_main,cancelled,Build npm packages,https://github.com/DevExpress/DevExtreme/actions/runs/37759511959/job/113252218177
"08.10.26, 09:58:04",113254787143,37759511959,1,Build and pack DevExtreme npm packages,custom_bundles,fix-security_alerts_sbom_main,cancelled,,https://github.com/DevExpress/DevExtreme/actions/runs/37759511959/job/113254787143
"08.10.26, 09:55:40",113253880811,37758860849,1,Build and pack DevExtreme npm packages,custom_bundles,scheduler-fix-T1336516_26_2,cancelled,Setup deps,https://github.com/DevExpress/DevExtreme/actions/runs/37758860849/job/113253880811
"08.10.26, 09:43:41",113249384368,37758612333,1,Build and pack DevExtreme npm packages,build,fluent-next/sync-main-05e9aabd,cancelled,Install dependencies,https://github.com/DevExpress/DevExtreme/actions/runs/37758612333/job/113249384368
"08.10.26, 09:44:55",113249848448,37758612333,1,Build and pack DevExtreme npm packages,custom_bundles,fluent-next/sync-main-05e9aabd,cancelled,,https://github.com/DevExpress/DevExtreme/actions/runs/37758612333/job/113249848448
"08.10.26, 09:18:01",113239512224,37755683961,1,Build and pack DevExtreme npm packages,build,fluent-next/sync-main-05e9aabd,cancelled,Post Setup nx cache,https://github.com/DevExpress/DevExtreme/actions/runs/37755683961/job/113239512224
"08.10.26, 09:43:41",113249383149,37755683961,1,Build and pack DevExtreme npm packages,custom_bundles,fluent-next/sync-main-05e9aabd,cancelled,,https://github.com/DevExpress/DevExtreme/actions/runs/37755683961/job/113249383149
"08.10.26, 08:59:41",113232460335,37753559604,1,Build and pack DevExtreme npm packages,build,fluent-next/sync-main-05e9aabd,failure,Build npm packages,https://github.com/DevExpress/DevExtreme/actions/runs/37753559604/job/113232460335
"08.10.26, 01:45:44",113107853439,37713128607,1,CodeQL,Send notifications,25_1,failure,Set up job,https://github.com/DevExpress/DevExtreme/actions/runs/37713128607/job/113107853439
"08.10.26, 01:43:46",113107338227,37713126265,1,CodeQL,Send notifications,24_2,failure,Set up job,https://github.com/DevExpress/DevExtreme/actions/runs/37713126265/job/113107338227
"08.10.26, 10:00:51",113255841966,37760617849,1,Default Workflow,main,gh-readonly-queue/main/pr-35510-157550f2bcfce89b901589675bd14b47ac2fd1e6,failure,,https://github.com/DevExpress/DevExtreme/actions/runs/37760617849/job/113255841966
"08.10.26, 09:57:56",113254739039,37760280092,1,Default Workflow,main,scheduler-fix-T1336516_26_2,cancelled,Post Setup nx cache,https://github.com/DevExpress/DevExtreme/actions/runs/37760280092/job/113254739039
"08.10.26, 09:51:13",113252219080,37759512029,1,Default Workflow,main,fix-security_alerts_sbom_main,cancelled,Run targets,https://github.com/DevExpress/DevExtreme/actions/runs/37759512029/job/113252219080
"08.10.26, 09:43:22",113249267981,37758612181,1,Default Workflow,main,fluent-next/sync-main-05e9aabd,cancelled,,https://github.com/DevExpress/DevExtreme/actions/runs/37758612181/job/113249267981
"08.10.26, 09:18:01",113239512725,37755683852,1,Default Workflow,main,fluent-next/sync-main-05e9aabd,failure,Run targets,https://github.com/DevExpress/DevExtreme/actions/runs/37755683852/job/113239512725
"08.10.26, 08:59:41",113232459645,37753559603,1,Default Workflow,main,fluent-next/sync-main-05e9aabd,failure,Run targets,https://github.com/DevExpress/DevExtreme/actions/runs/37753559603/job/113232459645
"08.10.26, 09:43:28",113249303256,37758612114,1,Demos unit tests,Run unit tests,fluent-next/sync-main-05e9aabd,cancelled,Install dependencies,https://github.com/DevExpress/DevExtreme/actions/runs/37758612114/job/113249303256
"08.10.26, 11:21:52",113285410887,37767852116,1,Demos Visual Tests,vue(2/5)-screenshots-fluent.blue.light,25_2,failure,,https://github.com/DevExpress/DevExtreme/actions/runs/37767852116/job/113285410887
"08.10.26, 11:21:52",113285410974,37767852116,1,Demos Visual Tests,vue(4/5)-screenshots-fluent.blue.light,25_2,failure,,https://github.com/DevExpress/DevExtreme/actions/runs/37767852116/job/113285410974
"08.10.26, 11:21:52",113285411148,37767852116,1,Demos Visual Tests,angular(10/10)-screenshots-fluent.blue.light,25_2,failure,,https://github.com/DevExpress/DevExtreme/actions/runs/37767852116/job/113285411148
"08.10.26, 11:21:52",113285411187,37767852116,1,Demos Visual Tests,angular(7/10)-screenshots-fluent.blue.light,25_2,failure,,https://github.com/DevExpress/DevExtreme/actions/runs/37767852116/job/113285411187
"08.10.26, 11:21:52",113285411300,37767852116,1,Demos Visual Tests,angular(8/10)-screenshots-fluent.blue.light,25_2,failure,,https://github.com/DevExpress/DevExtreme/actions/runs/37767852116/job/113285411300
"08.10.26, 10:02:43",113256563968,37760772115,1,Demos Visual Tests,Build DevExtreme,fix-security_alerts_sbom_25_2,failure,,https://github.com/DevExpress/DevExtreme/actions/runs/37760772115/job/113256563968
"08.10.26, 15:06:17",113382287192,37797969548,1,Lint,TS,refactor_columns_view_main,cancelled,Post Setup pnpm cache,https://github.com/DevExpress/DevExtreme/actions/runs/37797969548/job/113382287192
"08.10.26, 15:14:24",113386156466,37797969548,1,Lint,Send notifications,refactor_columns_view_main,cancelled,,https://github.com/DevExpress/DevExtreme/actions/runs/37797969548/job/113386156466
"08.10.26, 13:22:12",113333267989,37783799080,1,Lint,TS,typescript/html_editor/typing_5248_pr1_26_1,cancelled,,https://github.com/DevExpress/DevExtreme/actions/runs/37783799080/job/113333267989
"08.10.26, 13:29:53",113336692540,37783799080,1,Lint,Send notifications,typescript/html_editor/typing_5248_pr1_26_1,cancelled,,https://github.com/DevExpress/DevExtreme/actions/runs/37783799080/job/113336692540
"08.10.26, 13:22:09",113333240083,37783790375,1,Lint,TS,typescript/html_editor/typing_5248_pr1,cancelled,Post Setup pnpm cache,https://github.com/DevExpress/DevExtreme/actions/runs/37783790375/job/113333240083
"08.10.26, 13:22:09",113333240118,37783790375,1,Lint,JS,typescript/html_editor/typing_5248_pr1,cancelled,Build,https://github.com/DevExpress/DevExtreme/actions/runs/37783790375/job/113333240118
"08.10.26, 13:30:15",113336859928,37783790375,1,Lint,Send notifications,typescript/html_editor/typing_5248_pr1,cancelled,,https://github.com/DevExpress/DevExtreme/actions/runs/37783790375/job/113336859928
"08.10.26, 11:28:01",113287702812,37770221082,1,Lint,TS,26_1,failure,,https://github.com/DevExpress/DevExtreme/actions/runs/37770221082/job/113287702812
"08.10.26, 09:57:57",113254740361,37760280133,1,Lint,JS,scheduler-fix-T1336516_26_2,cancelled,Install dependencies,https://github.com/DevExpress/DevExtreme/actions/runs/37760280133/job/113254740361
"08.10.26, 09:57:57",113254740667,37760280133,1,Lint,TS,scheduler-fix-T1336516_26_2,cancelled,Lint TS,https://github.com/DevExpress/DevExtreme/actions/runs/37760280133/job/113254740667
"08.10.26, 10:01:43",113256183840,37760280133,1,Lint,Send notifications,scheduler-fix-T1336516_26_2,cancelled,,https://github.com/DevExpress/DevExtreme/actions/runs/37760280133/job/113256183840
"08.10.26, 09:51:13",113252219804,37759512281,1,Lint,TS,fix-security_alerts_sbom_main,cancelled,Build,https://github.com/DevExpress/DevExtreme/actions/runs/37759512281/job/113252219804
"08.10.26, 09:51:13",113252219938,37759512281,1,Lint,JS,fix-security_alerts_sbom_main,cancelled,Build,https://github.com/DevExpress/DevExtreme/actions/runs/37759512281/job/113252219938
"08.10.26, 09:51:13",113252220026,37759512281,1,Lint,wrappers,fix-security_alerts_sbom_main,cancelled,,https://github.com/DevExpress/DevExtreme/actions/runs/37759512281/job/113252220026
"08.10.26, 09:51:14",113252220061,37759512281,1,Lint,texts,fix-security_alerts_sbom_main,cancelled,,https://github.com/DevExpress/DevExtreme/actions/runs/37759512281/job/113252220061
"08.10.26, 09:58:32",113254961139,37759512281,1,Lint,Send notifications,fix-security_alerts_sbom_main,cancelled,,https://github.com/DevExpress/DevExtreme/actions/runs/37759512281/job/113254961139
"08.10.26, 09:43:23",113249269658,37758612490,1,Lint,wrappers,fluent-next/sync-main-05e9aabd,cancelled,,https://github.com/DevExpress/DevExtreme/actions/runs/37758612490/job/113249269658
"08.10.26, 09:43:23",113249269790,37758612490,1,Lint,TS,fluent-next/sync-main-05e9aabd,cancelled,Install dependencies,https://github.com/DevExpress/DevExtreme/actions/runs/37758612490/job/113249269790
"08.10.26, 09:43:23",113249269850,37758612490,1,Lint,JS,fluent-next/sync-main-05e9aabd,cancelled,Install dependencies,https://github.com/DevExpress/DevExtreme/actions/runs/37758612490/job/113249269850
"08.10.26, 09:43:23",113249270021,37758612490,1,Lint,component_exports,fluent-next/sync-main-05e9aabd,cancelled,Post Setup pnpm cache,https://github.com/DevExpress/DevExtreme/actions/runs/37758612490/job/113249270021
"08.10.26, 09:43:23",113249270050,37758612490,1,Lint,texts,fluent-next/sync-main-05e9aabd,cancelled,Install dependencies,https://github.com/DevExpress/DevExtreme/actions/runs/37758612490/job/113249270050
"08.10.26, 09:44:54",113249840905,37758612490,1,Lint,Send notifications,fluent-next/sync-main-05e9aabd,cancelled,,https://github.com/DevExpress/DevExtreme/actions/runs/37758612490/job/113249840905
"08.10.26, 09:18:01",113239512833,37755684139,1,Lint,TS,fluent-next/sync-main-05e9aabd,failure,Lint TS,https://github.com/DevExpress/DevExtreme/actions/runs/37755684139/job/113239512833
"08.10.26, 08:59:41",113232462306,37753559719,1,Lint,JS,fluent-next/sync-main-05e9aabd,failure,Build,https://github.com/DevExpress/DevExtreme/actions/runs/37753559719/job/113232462306
"08.10.26, 08:59:41",113232462341,37753559719,1,Lint,TS,fluent-next/sync-main-05e9aabd,failure,Build,https://github.com/DevExpress/DevExtreme/actions/runs/37753559719/job/113232462341
"08.10.26, 15:12:04",113385044338,37797969610,1,Playgrounds tests,vue,refactor_columns_view_main,cancelled,,https://github.com/DevExpress/DevExtreme/actions/runs/37797969610/job/113385044338
"08.10.26, 15:12:04",113385044368,37797969610,1,Playgrounds tests,angular,refactor_columns_view_main,cancelled,Post Setup pnpm cache,https://github.com/DevExpress/DevExtreme/actions/runs/37797969610/job/113385044368
"08.10.26, 15:12:04",113385044382,37797969610,1,Playgrounds tests,react,refactor_columns_view_main,cancelled,,https://github.com/DevExpress/DevExtreme/actions/runs/37797969610/job/113385044382
"08.10.26, 13:27:27",113335598534,37783799142,1,Playgrounds tests,vue,typescript/html_editor/typing_5248_pr1_26_1,cancelled,Install dependencies,https://github.com/DevExpress/DevExtreme/actions/runs/37783799142/job/113335598534
"08.10.26, 13:27:27",113335598607,37783799142,1,Playgrounds tests,react,typescript/html_editor/typing_5248_pr1_26_1,cancelled,Post Setup pnpm cache,https://github.com/DevExpress/DevExtreme/actions/runs/37783799142/job/113335598607
"08.10.26, 13:27:27",113335598947,37783799142,1,Playgrounds tests,angular,typescript/html_editor/typing_5248_pr1_26_1,cancelled,,https://github.com/DevExpress/DevExtreme/actions/runs/37783799142/job/113335598947
"08.10.26, 13:28:27",113336050645,37783790448,1,Playgrounds tests,react,typescript/html_editor/typing_5248_pr1,cancelled,Install dependencies,https://github.com/DevExpress/DevExtreme/actions/runs/37783790448/job/113336050645
"08.10.26, 13:28:27",113336050727,37783790448,1,Playgrounds tests,angular,typescript/html_editor/typing_5248_pr1,cancelled,Run pnpm/action-setup@v6,https://github.com/DevExpress/DevExtreme/actions/runs/37783790448/job/113336050727
"08.10.26, 13:28:27",113336050934,37783790448,1,Playgrounds tests,vue,typescript/html_editor/typing_5248_pr1,cancelled,Install dependencies,https://github.com/DevExpress/DevExtreme/actions/runs/37783790448/job/113336050934
"08.10.26, 11:46:29",113294518962,37771599584,1,Playgrounds tests,react,chat-error-handling,failure,,https://github.com/DevExpress/DevExtreme/actions/runs/37771599584/job/113294518962
"08.10.26, 10:08:50",113258869059,37761537713,1,Playgrounds tests,build,gh-readonly-queue/main/pr-35523-204df6438d5fc039e6dc64fe9389e6c3cf859b42,failure,,https://github.com/DevExpress/DevExtreme/actions/runs/37761537713/job/113258869059
"08.10.26, 10:02:09",113256344905,37760772184,1,Playgrounds tests,build,fix-security_alerts_sbom_25_2,cancelled,,https://github.com/DevExpress/DevExtreme/actions/runs/37760772184/job/113256344905
"08.10.26, 09:57:56",113254739511,37760280205,1,Playgrounds tests,build,scheduler-fix-T1336516_26_2,cancelled,Post Setup nx cache,https://github.com/DevExpress/DevExtreme/actions/runs/37760280205/job/113254739511
"08.10.26, 10:01:23",113256055402,37760280205,1,Playgrounds tests,matrix.ARGS.platform,scheduler-fix-T1336516_26_2,cancelled,,https://github.com/DevExpress/DevExtreme/actions/runs/37760280205/job/113256055402
"08.10.26, 09:51:13",113252219346,37759512014,1,Playgrounds tests,build,fix-security_alerts_sbom_main,cancelled,Build,https://github.com/DevExpress/DevExtreme/actions/runs/37759512014/job/113252219346
"08.10.26, 09:58:07",113254804233,37759512014,1,Playgrounds tests,matrix.ARGS.platform,fix-security_alerts_sbom_main,cancelled,,https://github.com/DevExpress/DevExtreme/actions/runs/37759512014/job/113254804233
"08.10.26, 09:43:23",113249269100,37758612285,1,Playgrounds tests,build,fluent-next/sync-main-05e9aabd,cancelled,Install dependencies,https://github.com/DevExpress/DevExtreme/actions/runs/37758612285/job/113249269100
"08.10.26, 09:44:39",113249746146,37758612285,1,Playgrounds tests,matrix.ARGS.platform,fluent-next/sync-main-05e9aabd,cancelled,,https://github.com/DevExpress/DevExtreme/actions/runs/37758612285/job/113249746146
"08.10.26, 08:59:41",113232460265,37753559703,1,Playgrounds tests,build,fluent-next/sync-main-05e9aabd,failure,Build,https://github.com/DevExpress/DevExtreme/actions/runs/37753559703/job/113232460265
"08.10.26, 15:12:25",113385208212,37797969198,1,Playwright tests,scheduler / common (1/3) - fluent,refactor_columns_view_main,cancelled,Install dependencies,https://github.com/DevExpress/DevExtreme/actions/runs/37797969198/job/113385208212
"08.10.26, 15:12:25",113385208322,37797969198,1,Playwright tests,dataGrid (4/4) - fluent,refactor_columns_view_main,cancelled,Install dependencies,https://github.com/DevExpress/DevExtreme/actions/runs/37797969198/job/113385208322
"08.10.26, 15:12:25",113385208513,37797969198,1,Playwright tests,common - fluent,refactor_columns_view_main,cancelled,Install dependencies,https://github.com/DevExpress/DevExtreme/actions/runs/37797969198/job/113385208513
"08.10.26, 13:28:48",113336203100,37783790415,1,Playwright tests,editors - fluent,typescript/html_editor/typing_5248_pr1,cancelled,Restore pnpm cache,https://github.com/DevExpress/DevExtreme/actions/runs/37783790415/job/113336203100
"08.10.26, 13:28:48",113336203126,37783790415,1,Playwright tests,accessibility - fluent.dark,typescript/html_editor/typing_5248_pr1,cancelled,Install dependencies,https://github.com/DevExpress/DevExtreme/actions/runs/37783790415/job/113336203126
"08.10.26, 13:28:48",113336203141,37783790415,1,Playwright tests,cardView - fluent,typescript/html_editor/typing_5248_pr1,cancelled,,https://github.com/DevExpress/DevExtreme/actions/runs/37783790415/job/113336203141
"08.10.26, 13:28:48",113336203153,37783790415,1,Playwright tests,scheduler / common (1/3) - fluent,typescript/html_editor/typing_5248_pr1,cancelled,Install dependencies,https://github.com/DevExpress/DevExtreme/actions/runs/37783790415/job/113336203153
"08.10.26, 13:28:48",113336203168,37783790415,1,Playwright tests,scheduler / viewOffset (1/2) - fluent,typescript/html_editor/typing_5248_pr1,cancelled,,https://github.com/DevExpress/DevExtreme/actions/runs/37783790415/job/113336203168
"08.10.26, 13:28:48",113336203190,37783790415,1,Playwright tests,accessibility - material.light,typescript/html_editor/typing_5248_pr1,cancelled,,https://github.com/DevExpress/DevExtreme/actions/runs/37783790415/job/113336203190
"08.10.26, 13:28:48",113336203192,37783790415,1,Playwright tests,common - fluent,typescript/html_editor/typing_5248_pr1,cancelled,,https://github.com/DevExpress/DevExtreme/actions/runs/37783790415/job/113336203192
"08.10.26, 13:28:48",113336203200,37783790415,1,Playwright tests,scheduler / common (3/3) - fluent,typescript/html_editor/typing_5248_pr1,cancelled,,https://github.com/DevExpress/DevExtreme/actions/runs/37783790415/job/113336203200
"08.10.26, 13:28:48",113336203205,37783790415,1,Playwright tests,generic,typescript/html_editor/typing_5248_pr1,cancelled,,https://github.com/DevExpress/DevExtreme/actions/runs/37783790415/job/113336203205
"08.10.26, 13:28:48",113336203208,37783790415,1,Playwright tests,dataGrid (2/4) - fluent,typescript/html_editor/typing_5248_pr1,cancelled,Restore pnpm cache,https://github.com/DevExpress/DevExtreme/actions/runs/37783790415/job/113336203208
"08.10.26, 13:28:48",113336203235,37783790415,1,Playwright tests,scheduler / common (2/3) - fluent,typescript/html_editor/typing_5248_pr1,cancelled,,https://github.com/DevExpress/DevExtreme/actions/runs/37783790415/job/113336203235
"08.10.26, 13:28:48",113336203271,37783790415,1,Playwright tests,dataGrid (1/4) - fluent,typescript/html_editor/typing_5248_pr1,cancelled,,https://github.com/DevExpress/DevExtreme/actions/runs/37783790415/job/113336203271
"08.10.26, 13:28:48",113336203286,37783790415,1,Playwright tests,accessibility - fluent,typescript/html_editor/typing_5248_pr1,cancelled,,https://github.com/DevExpress/DevExtreme/actions/runs/37783790415/job/113336203286
"08.10.26, 13:28:48",113336203307,37783790415,1,Playwright tests,navigation - fluent,typescript/html_editor/typing_5248_pr1,cancelled,,https://github.com/DevExpress/DevExtreme/actions/runs/37783790415/job/113336203307
"08.10.26, 13:28:48",113336203365,37783790415,1,Playwright tests,material,typescript/html_editor/typing_5248_pr1,cancelled,,https://github.com/DevExpress/DevExtreme/actions/runs/37783790415/job/113336203365
"08.10.26, 13:28:48",113336203387,37783790415,1,Playwright tests,scheduler / timezones (Europe/Berlin) - fluent,typescript/html_editor/typing_5248_pr1,cancelled,,https://github.com/DevExpress/DevExtreme/actions/runs/37783790415/job/113336203387
"08.10.26, 13:28:48",113336203388,37783790415,1,Playwright tests,scheduler / viewOffset (2/2) - fluent,typescript/html_editor/typing_5248_pr1,cancelled,,https://github.com/DevExpress/DevExtreme/actions/runs/37783790415/job/113336203388
"08.10.26, 13:28:48",113336203417,37783790415,1,Playwright tests,material - compact,typescript/html_editor/typing_5248_pr1,cancelled,,https://github.com/DevExpress/DevExtreme/actions/runs/37783790415/job/113336203417
"08.10.26, 13:28:48",113336203611,37783790415,1,Playwright tests,dataGrid (3/4) - fluent,typescript/html_editor/typing_5248_pr1,cancelled,,https://github.com/DevExpress/DevExtreme/actions/runs/37783790415/job/113336203611
"08.10.26, 13:28:48",113336203642,37783790415,1,Playwright tests,accessibility - material.dark,typescript/html_editor/typing_5248_pr1,cancelled,,https://github.com/DevExpress/DevExtreme/actions/runs/37783790415/job/113336203642
"08.10.26, 13:28:48",113336203654,37783790415,1,Playwright tests,dataGrid (4/4) - fluent,typescript/html_editor/typing_5248_pr1,cancelled,,https://github.com/DevExpress/DevExtreme/actions/runs/37783790415/job/113336203654
"08.10.26, 13:28:48",113336203989,37783790415,1,Playwright tests,scheduler / timezones (America/Los_Angeles) - fluent,typescript/html_editor/typing_5248_pr1,cancelled,,https://github.com/DevExpress/DevExtreme/actions/runs/37783790415/job/113336203989
"08.10.26, 10:01:06",113255942479,37760280067,1,Playwright tests,${{ matrix.name }}${{ ((!matrix.theme && ' - fluent') || '') }},scheduler-fix-T1336516_26_2,cancelled,,https://github.com/DevExpress/DevExtreme/actions/runs/37760280067/job/113255942479
"08.10.26, 09:51:33",113252338425,37759512143,1,Playwright tests,Build DevExtreme,fix-security_alerts_sbom_main,cancelled,Build,https://github.com/DevExpress/DevExtreme/actions/runs/37759512143/job/113252338425
"08.10.26, 09:58:23",113254906270,37759512143,1,Playwright tests,${{ matrix.name }}${{ ((!matrix.theme && ' - fluent') || '') }},fix-security_alerts_sbom_main,cancelled,,https://github.com/DevExpress/DevExtreme/actions/runs/37759512143/job/113254906270
"08.10.26, 09:43:48",113249429346,37758612381,1,Playwright tests,Build DevExtreme,fluent-next/sync-main-05e9aabd,cancelled,Install dependencies,https://github.com/DevExpress/DevExtreme/actions/runs/37758612381/job/113249429346
"08.10.26, 09:45:03",113249897522,37758612381,1,Playwright tests,${{ matrix.name }}${{ ((!matrix.theme && ' - fluent') || '') }},fluent-next/sync-main-05e9aabd,cancelled,,https://github.com/DevExpress/DevExtreme/actions/runs/37758612381/job/113249897522
"08.10.26, 09:17:23",113239267037,37754826211,1,Playwright tests,generic,scheduler-fix-T1336516_26_2,failure,Run Playwright tests,https://github.com/DevExpress/DevExtreme/actions/runs/37754826211/job/113239267037
"08.10.26, 09:00:08",113232629139,37753559712,1,Playwright tests,Build DevExtreme,fluent-next/sync-main-05e9aabd,failure,Build,https://github.com/DevExpress/DevExtreme/actions/runs/37753559712/job/113232629139
"08.10.26, 15:10:34",113384325814,37797969836,1,QUnit tests,Constel ui.editors,refactor_columns_view_main,cancelled,Run QUnit tests,https://github.com/DevExpress/DevExtreme/actions/runs/37797969836/job/113384325814
"08.10.26, 15:10:34",113384325929,37797969836,1,QUnit tests,ui.editors-shadow-dom,refactor_columns_view_main,cancelled,Run QUnit tests,https://github.com/DevExpress/DevExtreme/actions/runs/37797969836/job/113384325929
"08.10.26, 15:10:34",113384325955,37797969836,1,QUnit tests,Constel ui.scheduler,refactor_columns_view_main,cancelled,Run QUnit tests,https://github.com/DevExpress/DevExtreme/actions/runs/37797969836/job/113384325955
"08.10.26, 15:10:34",113384325958,37797969836,1,QUnit tests,Constel ui.scheduler-US/Pacific,refactor_columns_view_main,cancelled,Run QUnit tests,https://github.com/DevExpress/DevExtreme/actions/runs/37797969836/job/113384325958
"08.10.26, 15:10:34",113384325961,37797969836,1,QUnit tests,ui-shadow-dom,refactor_columns_view_main,cancelled,Run QUnit tests,https://github.com/DevExpress/DevExtreme/actions/runs/37797969836/job/113384325961
"08.10.26, 15:10:34",113384325999,37797969836,1,QUnit tests,ui.grid-shadow-dom,refactor_columns_view_main,cancelled,Run QUnit tests,https://github.com/DevExpress/DevExtreme/actions/runs/37797969836/job/113384325999
"08.10.26, 15:10:34",113384326019,37797969836,1,QUnit tests,Constel ui.grid,refactor_columns_view_main,cancelled,Run QUnit tests,https://github.com/DevExpress/DevExtreme/actions/runs/37797969836/job/113384326019
"08.10.26, 15:10:34",113384326028,37797969836,1,QUnit tests,ui.scheduler-shadow-dom,refactor_columns_view_main,cancelled,Run QUnit tests,https://github.com/DevExpress/DevExtreme/actions/runs/37797969836/job/113384326028
"08.10.26, 15:10:34",113384326054,37797969836,1,QUnit tests,Constel misc,refactor_columns_view_main,cancelled,Run QUnit tests,https://github.com/DevExpress/DevExtreme/actions/runs/37797969836/job/113384326054
"08.10.26, 15:10:34",113384326101,37797969836,1,QUnit tests,Constel ui,refactor_columns_view_main,cancelled,Run QUnit tests,https://github.com/DevExpress/DevExtreme/actions/runs/37797969836/job/113384326101
"08.10.26, 15:10:34",113384326121,37797969836,1,QUnit tests,Constel ui.widgets-no-csp,refactor_columns_view_main,cancelled,Run QUnit tests,https://github.com/DevExpress/DevExtreme/actions/runs/37797969836/job/113384326121
"08.10.26, 15:10:34",113384326125,37797969836,1,QUnit tests,Constel misc-no-csp,refactor_columns_view_main,cancelled,Run QUnit tests,https://github.com/DevExpress/DevExtreme/actions/runs/37797969836/job/113384326125
"08.10.26, 15:10:34",113384326144,37797969836,1,QUnit tests,ui.widgets-shadow-dom,refactor_columns_view_main,cancelled,Run QUnit tests,https://github.com/DevExpress/DevExtreme/actions/runs/37797969836/job/113384326144
"08.10.26, 15:14:54",113386400441,37797969836,1,QUnit tests,Send notifications,refactor_columns_view_main,cancelled,,https://github.com/DevExpress/DevExtreme/actions/runs/37797969836/job/113386400441
"08.10.26, 14:26:57",113363432766,37791978207,1,QUnit tests,Constel ui.editors,temp/update-main-demo-ai,failure,,https://github.com/DevExpress/DevExtreme/actions/runs/37791978207/job/113363432766
"08.10.26, 14:26:57",113363432959,37791978207,1,QUnit tests,Constel misc-no-csp,temp/update-main-demo-ai,failure,,https://github.com/DevExpress/DevExtreme/actions/runs/37791978207/job/113363432959
"08.10.26, 13:49:07",113345495872,37785973390,1,QUnit tests,ui.grid-shadow-dom,gh-readonly-queue/main/pr-35563-c83034a5d56fb4099d7ce722aa9c8e8d6ce59aad,failure,,https://github.com/DevExpress/DevExtreme/actions/runs/37785973390/job/113345495872
"08.10.26, 13:49:07",113345496046,37785973390,1,QUnit tests,ui-shadow-dom,gh-readonly-queue/main/pr-35563-c83034a5d56fb4099d7ce722aa9c8e8d6ce59aad,failure,,https://github.com/DevExpress/DevExtreme/actions/runs/37785973390/job/113345496046
"08.10.26, 13:49:07",113345496178,37785973390,1,QUnit tests,ui.editors-shadow-dom,gh-readonly-queue/main/pr-35563-c83034a5d56fb4099d7ce722aa9c8e8d6ce59aad,failure,,https://github.com/DevExpress/DevExtreme/actions/runs/37785973390/job/113345496178
"08.10.26, 13:26:06",113334997945,37783799043,1,QUnit tests,ui-shadow-dom,typescript/html_editor/typing_5248_pr1_26_1,cancelled,Run QUnit tests,https://github.com/DevExpress/DevExtreme/actions/runs/37783799043/job/113334997945
"08.10.26, 13:26:06",113334997951,37783799043,1,QUnit tests,ui.widgets-shadow-dom,typescript/html_editor/typing_5248_pr1_26_1,cancelled,Run QUnit tests,https://github.com/DevExpress/DevExtreme/actions/runs/37783799043/job/113334997951
"08.10.26, 13:26:06",113334997958,37783799043,1,QUnit tests,ui.scheduler-shadow-dom,typescript/html_editor/typing_5248_pr1_26_1,cancelled,Run QUnit tests,https://github.com/DevExpress/DevExtreme/actions/runs/37783799043/job/113334997958
"08.10.26, 13:26:06",113334997991,37783799043,1,QUnit tests,Constel ui.editors,typescript/html_editor/typing_5248_pr1_26_1,cancelled,Run QUnit tests,https://github.com/DevExpress/DevExtreme/actions/runs/37783799043/job/113334997991
"08.10.26, 13:26:06",113334998036,37783799043,1,QUnit tests,Constel misc,typescript/html_editor/typing_5248_pr1_26_1,cancelled,Run QUnit tests,https://github.com/DevExpress/DevExtreme/actions/runs/37783799043/job/113334998036
"08.10.26, 13:26:06",113334998040,37783799043,1,QUnit tests,ui.grid-shadow-dom,typescript/html_editor/typing_5248_pr1_26_1,cancelled,Run QUnit tests,https://github.com/DevExpress/DevExtreme/actions/runs/37783799043/job/113334998040
"08.10.26, 13:26:06",113334998078,37783799043,1,QUnit tests,ui.editors-shadow-dom,typescript/html_editor/typing_5248_pr1_26_1,cancelled,Run QUnit tests,https://github.com/DevExpress/DevExtreme/actions/runs/37783799043/job/113334998078
"08.10.26, 13:26:06",113334998094,37783799043,1,QUnit tests,Constel ui.grid,typescript/html_editor/typing_5248_pr1_26_1,cancelled,Run QUnit tests,https://github.com/DevExpress/DevExtreme/actions/runs/37783799043/job/113334998094
"08.10.26, 13:26:06",113334998125,37783799043,1,QUnit tests,Constel misc-no-csp,typescript/html_editor/typing_5248_pr1_26_1,cancelled,Run QUnit tests,https://github.com/DevExpress/DevExtreme/actions/runs/37783799043/job/113334998125
"08.10.26, 13:26:06",113334998186,37783799043,1,QUnit tests,Constel ui.widgets-no-csp,typescript/html_editor/typing_5248_pr1_26_1,cancelled,Run QUnit tests,https://github.com/DevExpress/DevExtreme/actions/runs/37783799043/job/113334998186
"08.10.26, 13:26:06",113334998189,37783799043,1,QUnit tests,Constel ui,typescript/html_editor/typing_5248_pr1_26_1,cancelled,Run QUnit tests,https://github.com/DevExpress/DevExtreme/actions/runs/37783799043/job/113334998189
"08.10.26, 13:26:06",113334998227,37783799043,1,QUnit tests,Constel ui.scheduler,typescript/html_editor/typing_5248_pr1_26_1,cancelled,Run QUnit tests,https://github.com/DevExpress/DevExtreme/actions/runs/37783799043/job/113334998227
"08.10.26, 13:26:06",113334998232,37783799043,1,QUnit tests,Constel ui.scheduler-US/Pacific,typescript/html_editor/typing_5248_pr1_26_1,cancelled,Run QUnit tests,https://github.com/DevExpress/DevExtreme/actions/runs/37783799043/job/113334998232
"08.10.26, 13:30:59",113337197103,37783799043,1,QUnit tests,Send notifications,typescript/html_editor/typing_5248_pr1_26_1,cancelled,,https://github.com/DevExpress/DevExtreme/actions/runs/37783799043/job/113337197103
"08.10.26, 13:26:51",113335330936,37783790532,1,QUnit tests,Constel ui.editors,typescript/html_editor/typing_5248_pr1,cancelled,Run QUnit tests,https://github.com/DevExpress/DevExtreme/actions/runs/37783790532/job/113335330936
"08.10.26, 13:26:51",113335330943,37783790532,1,QUnit tests,ui-shadow-dom,typescript/html_editor/typing_5248_pr1,cancelled,Run QUnit tests,https://github.com/DevExpress/DevExtreme/actions/runs/37783790532/job/113335330943
"08.10.26, 13:26:51",113335330944,37783790532,1,QUnit tests,Constel misc,typescript/html_editor/typing_5248_pr1,cancelled,Run QUnit tests,https://github.com/DevExpress/DevExtreme/actions/runs/37783790532/job/113335330944
"08.10.26, 13:26:51",113335330991,37783790532,1,QUnit tests,Constel ui.scheduler,typescript/html_editor/typing_5248_pr1,cancelled,Run QUnit tests,https://github.com/DevExpress/DevExtreme/actions/runs/37783790532/job/113335330991
"08.10.26, 13:26:51",113335331000,37783790532,1,QUnit tests,Constel ui.scheduler-US/Pacific,typescript/html_editor/typing_5248_pr1,cancelled,Run QUnit tests,https://github.com/DevExpress/DevExtreme/actions/runs/37783790532/job/113335331000
"08.10.26, 13:26:51",113335331007,37783790532,1,QUnit tests,ui.scheduler-shadow-dom,typescript/html_editor/typing_5248_pr1,cancelled,Run QUnit tests,https://github.com/DevExpress/DevExtreme/actions/runs/37783790532/job/113335331007
"08.10.26, 13:26:51",113335331034,37783790532,1,QUnit tests,Constel misc-no-csp,typescript/html_editor/typing_5248_pr1,cancelled,Run QUnit tests,https://github.com/DevExpress/DevExtreme/actions/runs/37783790532/job/113335331034
"08.10.26, 13:26:51",113335331077,37783790532,1,QUnit tests,Constel ui.grid,typescript/html_editor/typing_5248_pr1,cancelled,Run QUnit tests,https://github.com/DevExpress/DevExtreme/actions/runs/37783790532/job/113335331077
"08.10.26, 13:26:51",113335331099,37783790532,1,QUnit tests,ui.widgets-shadow-dom,typescript/html_editor/typing_5248_pr1,cancelled,Run QUnit tests,https://github.com/DevExpress/DevExtreme/actions/runs/37783790532/job/113335331099
"08.10.26, 13:26:51",113335331113,37783790532,1,QUnit tests,Constel ui.widgets-no-csp,typescript/html_editor/typing_5248_pr1,cancelled,Run QUnit tests,https://github.com/DevExpress/DevExtreme/actions/runs/37783790532/job/113335331113
"08.10.26, 13:26:51",113335331127,37783790532,1,QUnit tests,ui.editors-shadow-dom,typescript/html_editor/typing_5248_pr1,cancelled,Run QUnit tests,https://github.com/DevExpress/DevExtreme/actions/runs/37783790532/job/113335331127
"08.10.26, 13:26:51",113335331442,37783790532,1,QUnit tests,ui.grid-shadow-dom,typescript/html_editor/typing_5248_pr1,cancelled,Run QUnit tests,https://github.com/DevExpress/DevExtreme/actions/runs/37783790532/job/113335331442
"08.10.26, 13:26:51",113335331705,37783790532,1,QUnit tests,Constel ui,typescript/html_editor/typing_5248_pr1,cancelled,Run QUnit tests,https://github.com/DevExpress/DevExtreme/actions/runs/37783790532/job/113335331705
"08.10.26, 13:30:34",113337002792,37783790532,1,QUnit tests,Send notifications,typescript/html_editor/typing_5248_pr1,cancelled,,https://github.com/DevExpress/DevExtreme/actions/runs/37783790532/job/113337002792
"08.10.26, 11:11:08",113281553025,37767953083,1,QUnit tests,Constel misc,pivot_grid_deprecate_indicatorsrc_26_1,failure,,https://github.com/DevExpress/DevExtreme/actions/runs/37767953083/job/113281553025
"08.10.26, 11:11:08",113281553032,37767953083,1,QUnit tests,ui-shadow-dom,pivot_grid_deprecate_indicatorsrc_26_1,failure,,https://github.com/DevExpress/DevExtreme/actions/runs/37767953083/job/113281553032
"08.10.26, 11:11:08",113281553036,37767953083,1,QUnit tests,ui.widgets-shadow-dom,pivot_grid_deprecate_indicatorsrc_26_1,failure,,https://github.com/DevExpress/DevExtreme/actions/runs/37767953083/job/113281553036
"08.10.26, 11:28:22",113287831570,37767953083,2,QUnit tests,ui-shadow-dom,pivot_grid_deprecate_indicatorsrc_26_1,failure,,https://github.com/DevExpress/DevExtreme/actions/runs/37767953083/job/113287831570
"08.10.26, 11:10:57",113281490048,37767878758,1,QUnit tests,Constel ui.editors,26_1,failure,,https://github.com/DevExpress/DevExtreme/actions/runs/37767878758/job/113281490048
"08.10.26, 11:10:57",113281490102,37767878758,1,QUnit tests,ui.editors-shadow-dom,26_1,failure,,https://github.com/DevExpress/DevExtreme/actions/runs/37767878758/job/113281490102
"08.10.26, 10:04:27",113257219163,37760554279,1,QUnit tests,Constel ui.scheduler-US/Pacific,fix-security_alerts_sbom_26_1,failure,,https://github.com/DevExpress/DevExtreme/actions/runs/37760554279/job/113257219163
"08.10.26, 09:57:56",113254738333,37760280097,1,QUnit tests,Build,scheduler-fix-T1336516_26_2,cancelled,Build,https://github.com/DevExpress/DevExtreme/actions/runs/37760280097/job/113254738333
"08.10.26, 10:01:25",113256065380,37760280097,1,QUnit tests,${{ matrix.constel }}-shadow-dom,scheduler-fix-T1336516_26_2,cancelled,,https://github.com/DevExpress/DevExtreme/actions/runs/37760280097/job/113256065380
"08.10.26, 10:01:25",113256065981,37760280097,1,QUnit tests,Send notifications,scheduler-fix-T1336516_26_2,cancelled,,https://github.com/DevExpress/DevExtreme/actions/runs/37760280097/job/113256065981
"08.10.26, 10:01:25",113256066415,37760280097,1,QUnit tests,"Constel ${{ matrix.CONSTEL }}${{ (((matrix.TIMEZONE != '') && format('-{0}', matrix.TIMEZONE)) || '') }}${{ (((matrix.CSP == 'false') && '-no-csp') || '') }}",scheduler-fix-T1336516_26_2,cancelled,,https://github.com/DevExpress/DevExtreme/actions/runs/37760280097/job/113256066415
"08.10.26, 10:02:51",113256613616,37760234665,1,QUnit tests,Constel ui.editors,fix-security_alerts_sbom_main,failure,,https://github.com/DevExpress/DevExtreme/actions/runs/37760234665/job/113256613616
"08.10.26, 09:51:13",113252217810,37759512013,1,QUnit tests,Build,fix-security_alerts_sbom_main,cancelled,Build,https://github.com/DevExpress/DevExtreme/actions/runs/37759512013/job/113252217810
"08.10.26, 09:58:05",113254790401,37759512013,1,QUnit tests,"Constel ${{ matrix.CONSTEL }}${{ (((matrix.TIMEZONE != '') && format('-{0}', matrix.TIMEZONE)) || '') }}${{ (((matrix.CSP == 'false') && '-no-csp') || '') }}",fix-security_alerts_sbom_main,cancelled,,https://github.com/DevExpress/DevExtreme/actions/runs/37759512013/job/113254790401
"08.10.26, 09:58:05",113254791026,37759512013,1,QUnit tests,${{ matrix.constel }}-shadow-dom,fix-security_alerts_sbom_main,cancelled,,https://github.com/DevExpress/DevExtreme/actions/runs/37759512013/job/113254791026
"08.10.26, 09:58:05",113254791232,37759512013,1,QUnit tests,Send notifications,fix-security_alerts_sbom_main,cancelled,,https://github.com/DevExpress/DevExtreme/actions/runs/37759512013/job/113254791232
"08.10.26, 09:43:23",113249269052,37758612277,1,QUnit tests,Build,fluent-next/sync-main-05e9aabd,cancelled,Install dependencies,https://github.com/DevExpress/DevExtreme/actions/runs/37758612277/job/113249269052
"08.10.26, 09:44:38",113249739915,37758612277,1,QUnit tests,"Constel ${{ matrix.CONSTEL }}${{ (((matrix.TIMEZONE != '') && format('-{0}', matrix.TIMEZONE)) || '') }}${{ (((matrix.CSP == 'false') && '-no-csp') || '') }}",fluent-next/sync-main-05e9aabd,cancelled,,https://github.com/DevExpress/DevExtreme/actions/runs/37758612277/job/113249739915
"08.10.26, 09:44:38",113249740211,37758612277,1,QUnit tests,${{ matrix.constel }}-shadow-dom,fluent-next/sync-main-05e9aabd,cancelled,,https://github.com/DevExpress/DevExtreme/actions/runs/37758612277/job/113249740211
"08.10.26, 09:44:38",113249740276,37758612277,1,QUnit tests,Send notifications,fluent-next/sync-main-05e9aabd,cancelled,,https://github.com/DevExpress/DevExtreme/actions/runs/37758612277/job/113249740276
"08.10.26, 09:14:31",113238180714,37754932730,1,QUnit tests,Constel ui.scheduler,refactor/type-treelist-data-source-adapter-26_1,failure,,https://github.com/DevExpress/DevExtreme/actions/runs/37754932730/job/113238180714
"08.10.26, 09:14:38",113238223487,37754834828,1,QUnit tests,ui.editors-shadow-dom,refactor/type-treelist-data-source-adapter-main,failure,,https://github.com/DevExpress/DevExtreme/actions/runs/37754834828/job/113238223487
"08.10.26, 08:59:41",113232460512,37753559623,1,QUnit tests,Build,fluent-next/sync-main-05e9aabd,failure,Build,https://github.com/DevExpress/DevExtreme/actions/runs/37753559623/job/113232460512
"08.10.26, 08:08:49",113213710540,37747584946,1,QUnit tests,ui.scheduler-shadow-dom,fix_eslint_n_types_26_1,failure,,https://github.com/DevExpress/DevExtreme/actions/runs/37747584946/job/113213710540
"08.10.26, 08:08:49",113213710578,37747584946,1,QUnit tests,ui-shadow-dom,fix_eslint_n_types_26_1,failure,,https://github.com/DevExpress/DevExtreme/actions/runs/37747584946/job/113213710578
"08.10.26, 08:08:49",113213710642,37747584946,1,QUnit tests,ui.widgets-shadow-dom,fix_eslint_n_types_26_1,failure,,https://github.com/DevExpress/DevExtreme/actions/runs/37747584946/job/113213710642
"08.10.26, 08:08:49",113213710721,37747584946,1,QUnit tests,Constel misc,fix_eslint_n_types_26_1,failure,,https://github.com/DevExpress/DevExtreme/actions/runs/37747584946/job/113213710721
"08.10.26, 08:08:49",113213710744,37747584946,1,QUnit tests,Constel ui.grid,fix_eslint_n_types_26_1,failure,,https://github.com/DevExpress/DevExtreme/actions/runs/37747584946/job/113213710744
"08.10.26, 08:08:49",113213710806,37747584946,1,QUnit tests,Constel ui,fix_eslint_n_types_26_1,failure,,https://github.com/DevExpress/DevExtreme/actions/runs/37747584946/job/113213710806
"08.10.26, 22:52:00",113580571107,37856112519,1,Jest tests,jest-tests,feature/separate_locale_format,failure,Check test types,https://github.com/DevExpress/DevExtreme/actions/runs/37856112519/job/113580571107
"08.10.26, 15:28:10",113392917260,37801011779,1,Jest tests,jest-tests,feature/separate_locale_format,failure,Jest tests,https://github.com/DevExpress/DevExtreme/actions/runs/37801011779/job/113392917260
"08.10.26, 20:21:15",113522634327,37801011779,2,Jest tests,jest-tests,feature/separate_locale_format,failure,Jest tests,https://github.com/DevExpress/DevExtreme/actions/runs/37801011779/job/113522634327
"08.10.26, 13:22:12",113333268446,37783799147,1,Jest tests,jest-tests,typescript/html_editor/typing_5248_pr1_26_1,cancelled,,https://github.com/DevExpress/DevExtreme/actions/runs/37783799147/job/113333268446
"08.10.26, 13:30:05",113336784754,37783799147,1,Jest tests,Send notifications,typescript/html_editor/typing_5248_pr1_26_1,cancelled,,https://github.com/DevExpress/DevExtreme/actions/runs/37783799147/job/113336784754
"08.10.26, 13:22:09",113333239557,37783790368,1,Jest tests,jest-tests,typescript/html_editor/typing_5248_pr1,cancelled,Post Setup pnpm cache,https://github.com/DevExpress/DevExtreme/actions/runs/37783790368/job/113333239557
"08.10.26, 13:29:54",113336700582,37783790368,1,Jest tests,Send notifications,typescript/html_editor/typing_5248_pr1,cancelled,,https://github.com/DevExpress/DevExtreme/actions/runs/37783790368/job/113336700582
"08.10.26, 09:57:56",113254739074,37760280156,1,Jest tests,jest-tests,scheduler-fix-T1336516_26_2,cancelled,Jest tests,https://github.com/DevExpress/DevExtreme/actions/runs/37760280156/job/113254739074
"08.10.26, 10:02:07",113256334195,37760280156,1,Jest tests,Send notifications,scheduler-fix-T1336516_26_2,cancelled,,https://github.com/DevExpress/DevExtreme/actions/runs/37760280156/job/113256334195
"08.10.26, 09:51:13",113252218447,37759512019,1,Jest tests,jest-tests,fix-security_alerts_sbom_main,cancelled,Jest tests,https://github.com/DevExpress/DevExtreme/actions/runs/37759512019/job/113252218447
"08.10.26, 09:58:08",113254808699,37759512019,1,Jest tests,Send notifications,fix-security_alerts_sbom_main,cancelled,,https://github.com/DevExpress/DevExtreme/actions/runs/37759512019/job/113254808699
"08.10.26, 09:44:02",113249518634,37758689078,1,Jest tests,jest-tests,feature/26_2_osm-provider-for-dxmap/main,failure,Check test types,https://github.com/DevExpress/DevExtreme/actions/runs/37758689078/job/113249518634
"08.10.26, 09:43:22",113249267448,37758612144,1,Jest tests,jest-tests,fluent-next/sync-main-05e9aabd,cancelled,Install dependencies,https://github.com/DevExpress/DevExtreme/actions/runs/37758612144/job/113249267448
"08.10.26, 09:44:40",113249756733,37758612144,1,Jest tests,Send notifications,fluent-next/sync-main-05e9aabd,cancelled,,https://github.com/DevExpress/DevExtreme/actions/runs/37758612144/job/113249756733
"08.10.26, 08:59:41",113232461025,37753559767,1,Jest tests,jest-tests,fluent-next/sync-main-05e9aabd,failure,Check test types,https://github.com/DevExpress/DevExtreme/actions/runs/37753559767/job/113232461025
"08.10.26, 09:57:56",113254738905,37760280061,1,Styles tests,Tests,scheduler-fix-T1336516_26_2,cancelled,,https://github.com/DevExpress/DevExtreme/actions/runs/37760280061/job/113254738905
"08.10.26, 10:01:18",113256021368,37760280061,1,Styles tests,Send notifications,scheduler-fix-T1336516_26_2,cancelled,,https://github.com/DevExpress/DevExtreme/actions/runs/37760280061/job/113256021368
"08.10.26, 09:51:13",113252219364,37759512063,1,Styles tests,Tests,fix-security_alerts_sbom_main,cancelled,Run tests,https://github.com/DevExpress/DevExtreme/actions/runs/37759512063/job/113252219364
"08.10.26, 09:58:08",113254811616,37759512063,1,Styles tests,Send notifications,fix-security_alerts_sbom_main,cancelled,,https://github.com/DevExpress/DevExtreme/actions/runs/37759512063/job/113254811616
"08.10.26, 09:43:43",113249396584,37758612091,1,Styles tests,Tests,fluent-next/sync-main-05e9aabd,cancelled,Install dependencies,https://github.com/DevExpress/DevExtreme/actions/runs/37758612091/job/113249396584
"08.10.26, 09:44:57",113249857489,37758612091,1,Styles tests,Send notifications,fluent-next/sync-main-05e9aabd,cancelled,,https://github.com/DevExpress/DevExtreme/actions/runs/37758612091/job/113249857489
"08.10.26, 09:18:01",113239512149,37755683817,1,Styles tests,Tests,fluent-next/sync-main-05e9aabd,cancelled,Run tests,https://github.com/DevExpress/DevExtreme/actions/runs/37755683817/job/113239512149
"08.10.26, 09:43:43",113249395618,37755683817,1,Styles tests,Send notifications,fluent-next/sync-main-05e9aabd,cancelled,,https://github.com/DevExpress/DevExtreme/actions/runs/37755683817/job/113249395618
"08.10.26, 19:55:00",113511408309,37834691067,1,TestCafe tests,dataGrid (2/4) - fluent,chore/update-chrome-154.0.8037.92,failure,Run TestCafe tests,https://github.com/DevExpress/DevExtreme/actions/runs/37834691067/job/113511408309
"08.10.26, 19:55:00",113511408441,37834691067,1,TestCafe tests,dataGrid (4/4) - fluent,chore/update-chrome-154.0.8037.92,failure,Run TestCafe tests,https://github.com/DevExpress/DevExtreme/actions/runs/37834691067/job/113511408441
"08.10.26, 19:55:00",113511408458,37834691067,1,TestCafe tests,dataGrid (1/4) - fluent,chore/update-chrome-154.0.8037.92,failure,Run TestCafe tests,https://github.com/DevExpress/DevExtreme/actions/runs/37834691067/job/113511408458
"08.10.26, 19:55:00",113511408483,37834691067,1,TestCafe tests,dataGrid (3/4) - fluent,chore/update-chrome-154.0.8037.92,failure,Run TestCafe tests,https://github.com/DevExpress/DevExtreme/actions/runs/37834691067/job/113511408483
"08.10.26, 19:35:58",113503385405,37832239141,1,TestCafe tests,dataGrid (2/4) - fluent-next,fluent-next/sync-main-f73407085f,failure,Run TestCafe tests,https://github.com/DevExpress/DevExtreme/actions/runs/37832239141/job/113503385405
"08.10.26, 15:12:22",113385182110,37797969435,1,TestCafe tests,dataGrid (4/4) - fluent,refactor_columns_view_main,cancelled,Run TestCafe tests,https://github.com/DevExpress/DevExtreme/actions/runs/37797969435/job/113385182110
"08.10.26, 15:12:22",113385182124,37797969435,1,TestCafe tests,common - fluent,refactor_columns_view_main,cancelled,Run TestCafe tests,https://github.com/DevExpress/DevExtreme/actions/runs/37797969435/job/113385182124
"08.10.26, 15:12:22",113385182139,37797969435,1,TestCafe tests,scheduler / common (1/3) - fluent,refactor_columns_view_main,cancelled,Run TestCafe tests,https://github.com/DevExpress/DevExtreme/actions/runs/37797969435/job/113385182139
"08.10.26, 15:12:22",113385182148,37797969435,1,TestCafe tests,scheduler / timezones (America/Los_Angeles) - fluent,refactor_columns_view_main,cancelled,Run TestCafe tests,https://github.com/DevExpress/DevExtreme/actions/runs/37797969435/job/113385182148
"08.10.26, 15:12:22",113385182151,37797969435,1,TestCafe tests,dataGrid (1/4) - fluent,refactor_columns_view_main,cancelled,Run TestCafe tests,https://github.com/DevExpress/DevExtreme/actions/runs/37797969435/job/113385182151
"08.10.26, 15:12:22",113385182166,37797969435,1,TestCafe tests,accessibility - fluent,refactor_columns_view_main,cancelled,Run TestCafe tests,https://github.com/DevExpress/DevExtreme/actions/runs/37797969435/job/113385182166
"08.10.26, 15:12:22",113385182180,37797969435,1,TestCafe tests,dataGrid (3/4) - fluent,refactor_columns_view_main,cancelled,Run TestCafe tests,https://github.com/DevExpress/DevExtreme/actions/runs/37797969435/job/113385182180
"08.10.26, 15:12:22",113385182185,37797969435,1,TestCafe tests,generic,refactor_columns_view_main,cancelled,Run TestCafe tests,https://github.com/DevExpress/DevExtreme/actions/runs/37797969435/job/113385182185
"08.10.26, 15:12:22",113385182206,37797969435,1,TestCafe tests,scheduler / common (2/3) - fluent,refactor_columns_view_main,cancelled,Run TestCafe tests,https://github.com/DevExpress/DevExtreme/actions/runs/37797969435/job/113385182206
"08.10.26, 15:12:22",113385182251,37797969435,1,TestCafe tests,material,refactor_columns_view_main,cancelled,Run TestCafe tests,https://github.com/DevExpress/DevExtreme/actions/runs/37797969435/job/113385182251
"08.10.26, 15:12:22",113385182263,37797969435,1,TestCafe tests,scheduler / viewOffset (2/2) - fluent,refactor_columns_view_main,cancelled,Run TestCafe tests,https://github.com/DevExpress/DevExtreme/actions/runs/37797969435/job/113385182263
"08.10.26, 15:12:22",113385182276,37797969435,1,TestCafe tests,scheduler / common (3/3) - fluent,refactor_columns_view_main,cancelled,Run TestCafe tests,https://github.com/DevExpress/DevExtreme/actions/runs/37797969435/job/113385182276
"08.10.26, 15:12:22",113385182309,37797969435,1,TestCafe tests,cardView - fluent,refactor_columns_view_main,cancelled,Run TestCafe tests,https://github.com/DevExpress/DevExtreme/actions/runs/37797969435/job/113385182309
"08.10.26, 15:12:22",113385182310,37797969435,1,TestCafe tests,material - compact,refactor_columns_view_main,cancelled,Run TestCafe tests,https://github.com/DevExpress/DevExtreme/actions/runs/37797969435/job/113385182310
"08.10.26, 15:12:22",113385182331,37797969435,1,TestCafe tests,scheduler / timezones (Europe/Berlin) - fluent,refactor_columns_view_main,cancelled,Run TestCafe tests,https://github.com/DevExpress/DevExtreme/actions/runs/37797969435/job/113385182331
"08.10.26, 15:12:22",113385182393,37797969435,1,TestCafe tests,navigation - fluent,refactor_columns_view_main,cancelled,Run TestCafe tests,https://github.com/DevExpress/DevExtreme/actions/runs/37797969435/job/113385182393
"08.10.26, 15:12:22",113385182395,37797969435,1,TestCafe tests,scheduler / viewOffset (1/2) - fluent,refactor_columns_view_main,cancelled,Run TestCafe tests,https://github.com/DevExpress/DevExtreme/actions/runs/37797969435/job/113385182395
"08.10.26, 15:12:22",113385182443,37797969435,1,TestCafe tests,editors - fluent,refactor_columns_view_main,cancelled,Run TestCafe tests,https://github.com/DevExpress/DevExtreme/actions/runs/37797969435/job/113385182443
"08.10.26, 15:12:22",113385182585,37797969435,1,TestCafe tests,dataGrid (2/4) - fluent,refactor_columns_view_main,cancelled,Run TestCafe tests,https://github.com/DevExpress/DevExtreme/actions/runs/37797969435/job/113385182585
"08.10.26, 15:14:55",113386406011,37797969435,1,TestCafe tests,quarantine,refactor_columns_view_main,cancelled,,https://github.com/DevExpress/DevExtreme/actions/runs/37797969435/job/113386406011
"08.10.26, 15:14:55",113386407413,37797969435,1,TestCafe tests,Send notifications,refactor_columns_view_main,cancelled,,https://github.com/DevExpress/DevExtreme/actions/runs/37797969435/job/113386407413
"08.10.26, 13:42:31",113342445780,37785218331,1,TestCafe tests,accessibility - fluent.dark,26_1,failure,,https://github.com/DevExpress/DevExtreme/actions/runs/37785218331/job/113342445780
"08.10.26, 13:42:31",113342445830,37785218331,1,TestCafe tests,scheduler / viewOffset (1/2) - fluent,26_1,failure,,https://github.com/DevExpress/DevExtreme/actions/runs/37785218331/job/113342445830
"08.10.26, 13:42:31",113342445837,37785218331,1,TestCafe tests,accessibility - fluent,26_1,failure,,https://github.com/DevExpress/DevExtreme/actions/runs/37785218331/job/113342445837
"08.10.26, 13:42:31",113342445931,37785218331,1,TestCafe tests,scheduler / viewOffset (2/2) - fluent,26_1,failure,,https://github.com/DevExpress/DevExtreme/actions/runs/37785218331/job/113342445931
"08.10.26, 13:42:31",113342445964,37785218331,1,TestCafe tests,editors - fluent,26_1,failure,,https://github.com/DevExpress/DevExtreme/actions/runs/37785218331/job/113342445964
"08.10.26, 13:42:31",113342445976,37785218331,1,TestCafe tests,dataGrid (3/4) - fluent,26_1,failure,,https://github.com/DevExpress/DevExtreme/actions/runs/37785218331/job/113342445976
"08.10.26, 13:42:31",113342446001,37785218331,1,TestCafe tests,common - fluent,26_1,failure,,https://github.com/DevExpress/DevExtreme/actions/runs/37785218331/job/113342446001
"08.10.26, 13:42:31",113342446047,37785218331,1,TestCafe tests,scheduler / common (1/3) - fluent,26_1,failure,,https://github.com/DevExpress/DevExtreme/actions/runs/37785218331/job/113342446047
"08.10.26, 13:42:31",113342446087,37785218331,1,TestCafe tests,scheduler / common (2/3) - fluent,26_1,failure,,https://github.com/DevExpress/DevExtreme/actions/runs/37785218331/job/113342446087
"08.10.26, 13:27:29",113335614394,37783799087,1,TestCafe tests,accessibility - material.light,typescript/html_editor/typing_5248_pr1_26_1,cancelled,Install dependencies,https://github.com/DevExpress/DevExtreme/actions/runs/37783799087/job/113335614394
"08.10.26, 13:27:29",113335614440,37783799087,1,TestCafe tests,material,typescript/html_editor/typing_5248_pr1_26_1,cancelled,Restore pnpm cache,https://github.com/DevExpress/DevExtreme/actions/runs/37783799087/job/113335614440
"08.10.26, 13:27:29",113335614482,37783799087,1,TestCafe tests,scheduler / common (2/3) - fluent,typescript/html_editor/typing_5248_pr1_26_1,cancelled,Install dependencies,https://github.com/DevExpress/DevExtreme/actions/runs/37783799087/job/113335614482
"08.10.26, 13:27:29",113335614486,37783799087,1,TestCafe tests,common - fluent,typescript/html_editor/typing_5248_pr1_26_1,cancelled,,https://github.com/DevExpress/DevExtreme/actions/runs/37783799087/job/113335614486
"08.10.26, 13:27:29",113335614487,37783799087,1,TestCafe tests,accessibility - material.dark,typescript/html_editor/typing_5248_pr1_26_1,cancelled,,https://github.com/DevExpress/DevExtreme/actions/runs/37783799087/job/113335614487
"08.10.26, 13:27:29",113335614508,37783799087,1,TestCafe tests,accessibility - fluent,typescript/html_editor/typing_5248_pr1_26_1,cancelled,,https://github.com/DevExpress/DevExtreme/actions/runs/37783799087/job/113335614508
"08.10.26, 13:27:29",113335614545,37783799087,1,TestCafe tests,scheduler / timezones (America/Los_Angeles) - fluent,typescript/html_editor/typing_5248_pr1_26_1,cancelled,Run TestCafe tests,https://github.com/DevExpress/DevExtreme/actions/runs/37783799087/job/113335614545
"08.10.26, 13:27:29",113335614564,37783799087,1,TestCafe tests,dataGrid (1/4) - fluent,typescript/html_editor/typing_5248_pr1_26_1,cancelled,,https://github.com/DevExpress/DevExtreme/actions/runs/37783799087/job/113335614564
"08.10.26, 13:27:29",113335614565,37783799087,1,TestCafe tests,cardView - fluent,typescript/html_editor/typing_5248_pr1_26_1,cancelled,,https://github.com/DevExpress/DevExtreme/actions/runs/37783799087/job/113335614565
"08.10.26, 13:27:29",113335614567,37783799087,1,TestCafe tests,generic,typescript/html_editor/typing_5248_pr1_26_1,cancelled,,https://github.com/DevExpress/DevExtreme/actions/runs/37783799087/job/113335614567
"08.10.26, 13:27:29",113335614596,37783799087,1,TestCafe tests,material - compact,typescript/html_editor/typing_5248_pr1_26_1,cancelled,,https://github.com/DevExpress/DevExtreme/actions/runs/37783799087/job/113335614596
"08.10.26, 13:27:29",113335614609,37783799087,1,TestCafe tests,scheduler / common (1/3) - fluent,typescript/html_editor/typing_5248_pr1_26_1,cancelled,,https://github.com/DevExpress/DevExtreme/actions/runs/37783799087/job/113335614609
"08.10.26, 13:27:29",113335614683,37783799087,1,TestCafe tests,scheduler / viewOffset (1/2) - fluent,typescript/html_editor/typing_5248_pr1_26_1,cancelled,,https://github.com/DevExpress/DevExtreme/actions/runs/37783799087/job/113335614683
"08.10.26, 13:27:29",113335614716,37783799087,1,TestCafe tests,dataGrid (2/4) - fluent,typescript/html_editor/typing_5248_pr1_26_1,cancelled,,https://github.com/DevExpress/DevExtreme/actions/runs/37783799087/job/113335614716
"08.10.26, 13:27:29",113335614721,37783799087,1,TestCafe tests,dataGrid (4/4) - fluent,typescript/html_editor/typing_5248_pr1_26_1,cancelled,,https://github.com/DevExpress/DevExtreme/actions/runs/37783799087/job/113335614721
"08.10.26, 13:27:29",113335614751,37783799087,1,TestCafe tests,scheduler / common (3/3) - fluent,typescript/html_editor/typing_5248_pr1_26_1,cancelled,,https://github.com/DevExpress/DevExtreme/actions/runs/37783799087/job/113335614751
"08.10.26, 13:27:29",113335614755,37783799087,1,TestCafe tests,dataGrid (3/4) - fluent,typescript/html_editor/typing_5248_pr1_26_1,cancelled,Install dependencies,https://github.com/DevExpress/DevExtreme/actions/runs/37783799087/job/113335614755
"08.10.26, 13:27:29",113335614761,37783799087,1,TestCafe tests,scheduler / timezones (Europe/Berlin) - fluent,typescript/html_editor/typing_5248_pr1_26_1,cancelled,,https://github.com/DevExpress/DevExtreme/actions/runs/37783799087/job/113335614761
"08.10.26, 13:27:29",113335614804,37783799087,1,TestCafe tests,editors - fluent,typescript/html_editor/typing_5248_pr1_26_1,cancelled,,https://github.com/DevExpress/DevExtreme/actions/runs/37783799087/job/113335614804
"08.10.26, 13:27:29",113335614836,37783799087,1,TestCafe tests,navigation - fluent,typescript/html_editor/typing_5248_pr1_26_1,cancelled,,https://github.com/DevExpress/DevExtreme/actions/runs/37783799087/job/113335614836
"08.10.26, 13:27:29",113335614878,37783799087,1,TestCafe tests,scheduler / viewOffset (2/2) - fluent,typescript/html_editor/typing_5248_pr1_26_1,cancelled,,https://github.com/DevExpress/DevExtreme/actions/runs/37783799087/job/113335614878
"08.10.26, 13:27:29",113335615005,37783799087,1,TestCafe tests,accessibility - fluent.dark,typescript/html_editor/typing_5248_pr1_26_1,cancelled,,https://github.com/DevExpress/DevExtreme/actions/runs/37783799087/job/113335615005
"08.10.26, 13:31:07",113337262218,37783799087,1,TestCafe tests,quarantine,typescript/html_editor/typing_5248_pr1_26_1,cancelled,,https://github.com/DevExpress/DevExtreme/actions/runs/37783799087/job/113337262218
"08.10.26, 13:31:08",113337263575,37783799087,1,TestCafe tests,Send notifications,typescript/html_editor/typing_5248_pr1_26_1,cancelled,,https://github.com/DevExpress/DevExtreme/actions/runs/37783799087/job/113337263575
"08.10.26, 13:28:50",113336217194,37783790365,1,TestCafe tests,accessibility - material.dark,typescript/html_editor/typing_5248_pr1,cancelled,,https://github.com/DevExpress/DevExtreme/actions/runs/37783790365/job/113336217194
"08.10.26, 13:28:50",113336217265,37783790365,1,TestCafe tests,scheduler / common (3/3) - fluent,typescript/html_editor/typing_5248_pr1,cancelled,,https://github.com/DevExpress/DevExtreme/actions/runs/37783790365/job/113336217265
"08.10.26, 13:28:50",113336217299,37783790365,1,TestCafe tests,cardView - fluent,typescript/html_editor/typing_5248_pr1,cancelled,,https://github.com/DevExpress/DevExtreme/actions/runs/37783790365/job/113336217299
"08.10.26, 13:28:50",113336217347,37783790365,1,TestCafe tests,accessibility - material.light,typescript/html_editor/typing_5248_pr1,cancelled,,https://github.com/DevExpress/DevExtreme/actions/runs/37783790365/job/113336217347
"08.10.26, 13:28:50",113336217402,37783790365,1,TestCafe tests,scheduler / timezones (Europe/Berlin) - fluent,typescript/html_editor/typing_5248_pr1,cancelled,,https://github.com/DevExpress/DevExtreme/actions/runs/37783790365/job/113336217402
"08.10.26, 13:28:50",113336217442,37783790365,1,TestCafe tests,scheduler / viewOffset (1/2) - fluent,typescript/html_editor/typing_5248_pr1,cancelled,,https://github.com/DevExpress/DevExtreme/actions/runs/37783790365/job/113336217442
"08.10.26, 13:28:50",113336217470,37783790365,1,TestCafe tests,dataGrid (3/4) - fluent,typescript/html_editor/typing_5248_pr1,cancelled,,https://github.com/DevExpress/DevExtreme/actions/runs/37783790365/job/113336217470
"08.10.26, 13:28:50",113336217508,37783790365,1,TestCafe tests,navigation - fluent,typescript/html_editor/typing_5248_pr1,cancelled,,https://github.com/DevExpress/DevExtreme/actions/runs/37783790365/job/113336217508
"08.10.26, 13:28:50",113336217538,37783790365,1,TestCafe tests,accessibility - fluent,typescript/html_editor/typing_5248_pr1,cancelled,,https://github.com/DevExpress/DevExtreme/actions/runs/37783790365/job/113336217538
"08.10.26, 13:28:50",113336217548,37783790365,1,TestCafe tests,scheduler / viewOffset (2/2) - fluent,typescript/html_editor/typing_5248_pr1,cancelled,,https://github.com/DevExpress/DevExtreme/actions/runs/37783790365/job/113336217548
"08.10.26, 13:28:50",113336217584,37783790365,1,TestCafe tests,dataGrid (4/4) - fluent,typescript/html_editor/typing_5248_pr1,cancelled,,https://github.com/DevExpress/DevExtreme/actions/runs/37783790365/job/113336217584
"08.10.26, 13:28:50",113336217608,37783790365,1,TestCafe tests,common - fluent,typescript/html_editor/typing_5248_pr1,cancelled,,https://github.com/DevExpress/DevExtreme/actions/runs/37783790365/job/113336217608
"08.10.26, 13:28:50",113336217639,37783790365,1,TestCafe tests,dataGrid (2/4) - fluent,typescript/html_editor/typing_5248_pr1,cancelled,,https://github.com/DevExpress/DevExtreme/actions/runs/37783790365/job/113336217639
"08.10.26, 13:28:50",113336217660,37783790365,1,TestCafe tests,editors - fluent,typescript/html_editor/typing_5248_pr1,cancelled,,https://github.com/DevExpress/DevExtreme/actions/runs/37783790365/job/113336217660
"08.10.26, 13:28:50",113336217686,37783790365,1,TestCafe tests,scheduler / common (1/3) - fluent,typescript/html_editor/typing_5248_pr1,cancelled,,https://github.com/DevExpress/DevExtreme/actions/runs/37783790365/job/113336217686
"08.10.26, 13:28:50",113336217690,37783790365,1,TestCafe tests,dataGrid (1/4) - fluent,typescript/html_editor/typing_5248_pr1,cancelled,,https://github.com/DevExpress/DevExtreme/actions/runs/37783790365/job/113336217690
"08.10.26, 13:28:50",113336217896,37783790365,1,TestCafe tests,accessibility - fluent.dark,typescript/html_editor/typing_5248_pr1,cancelled,,https://github.com/DevExpress/DevExtreme/actions/runs/37783790365/job/113336217896
"08.10.26, 13:28:50",113336217902,37783790365,1,TestCafe tests,scheduler / timezones (America/Los_Angeles) - fluent,typescript/html_editor/typing_5248_pr1,cancelled,,https://github.com/DevExpress/DevExtreme/actions/runs/37783790365/job/113336217902
"08.10.26, 13:28:50",113336217920,37783790365,1,TestCafe tests,generic,typescript/html_editor/typing_5248_pr1,cancelled,,https://github.com/DevExpress/DevExtreme/actions/runs/37783790365/job/113336217920
"08.10.26, 13:28:50",113336217979,37783790365,1,TestCafe tests,material,typescript/html_editor/typing_5248_pr1,cancelled,,https://github.com/DevExpress/DevExtreme/actions/runs/37783790365/job/113336217979
"08.10.26, 13:28:50",113336218150,37783790365,1,TestCafe tests,material - compact,typescript/html_editor/typing_5248_pr1,cancelled,,https://github.com/DevExpress/DevExtreme/actions/runs/37783790365/job/113336218150
"08.10.26, 13:28:50",113336218385,37783790365,1,TestCafe tests,scheduler / common (2/3) - fluent,typescript/html_editor/typing_5248_pr1,cancelled,,https://github.com/DevExpress/DevExtreme/actions/runs/37783790365/job/113336218385
"08.10.26, 13:29:34",113336549446,37783790365,1,TestCafe tests,quarantine,typescript/html_editor/typing_5248_pr1,cancelled,,https://github.com/DevExpress/DevExtreme/actions/runs/37783790365/job/113336549446
"08.10.26, 13:29:34",113336549838,37783790365,1,TestCafe tests,Send notifications,typescript/html_editor/typing_5248_pr1,cancelled,,https://github.com/DevExpress/DevExtreme/actions/runs/37783790365/job/113336549838
"08.10.26, 13:25:38",113334793653,37783486235,1,TestCafe tests,cardView - fluent,refactor/type-treelist-data-controller-main,failure,Run TestCafe tests,https://github.com/DevExpress/DevExtreme/actions/runs/37783486235/job/113334793653
"08.10.26, 13:25:38",113334793665,37783486235,1,TestCafe tests,dataGrid (2/4) - fluent,refactor/type-treelist-data-controller-main,failure,Run TestCafe tests,https://github.com/DevExpress/DevExtreme/actions/runs/37783486235/job/113334793665
"08.10.26, 13:45:21",113343762451,37783486235,2,TestCafe tests,dataGrid (2/4) - fluent,refactor/type-treelist-data-controller-main,failure,,https://github.com/DevExpress/DevExtreme/actions/runs/37783486235/job/113343762451
"08.10.26, 13:15:09",113330166090,37782020635,1,TestCafe tests,material,refactor_columns_view_main,failure,,https://github.com/DevExpress/DevExtreme/actions/runs/37782020635/job/113330166090
"08.10.26, 12:53:08",113320727894,37779245759,1,TestCafe tests,scheduler / viewOffset (1/2) - fluent,viz/css-variable-colors,failure,,https://github.com/DevExpress/DevExtreme/actions/runs/37779245759/job/113320727894
"08.10.26, 12:53:08",113320728076,37779245759,1,TestCafe tests,accessibility - fluent,viz/css-variable-colors,failure,,https://github.com/DevExpress/DevExtreme/actions/runs/37779245759/job/113320728076
"08.10.26, 12:51:31",113320061600,37778968070,1,TestCafe tests,dataGrid (1/4) - fluent,typescript/core/utils_typing_5039_part2_26_1,failure,,https://github.com/DevExpress/DevExtreme/actions/runs/37778968070/job/113320061600
"08.10.26, 12:50:54",113319803682,37778230452,1,TestCafe tests,scheduler / viewOffset (1/2) - fluent-next,feature/26_2_new_fluent_theme_with_design_tokens,failure,,https://github.com/DevExpress/DevExtreme/actions/runs/37778230452/job/113319803682
"08.10.26, 12:34:43",113313172401,37777829686,1,TestCafe tests,Build DevExtreme,grids_type_grid_core_m_utils_26_2,failure,,https://github.com/DevExpress/DevExtreme/actions/runs/37777829686/job/113313172401
"08.10.26, 11:26:01",113286964939,37768849743,1,TestCafe tests,dataGrid (3/4) - fluent,type_columns_view_26_1,failure,,https://github.com/DevExpress/DevExtreme/actions/runs/37768849743/job/113286964939
"08.10.26, 11:26:01",113286965006,37768849743,1,TestCafe tests,dataGrid (4/4) - fluent,type_columns_view_26_1,failure,,https://github.com/DevExpress/DevExtreme/actions/runs/37768849743/job/113286965006
"08.10.26, 11:46:33",113294544476,37768849743,2,TestCafe tests,dataGrid (3/4) - fluent,type_columns_view_26_1,failure,,https://github.com/DevExpress/DevExtreme/actions/runs/37768849743/job/113294544476
"08.10.26, 11:13:28",113282404944,37767953162,1,TestCafe tests,dataGrid (3/4) - fluent,pivot_grid_deprecate_indicatorsrc_26_1,failure,,https://github.com/DevExpress/DevExtreme/actions/runs/37767953162/job/113282404944
"08.10.26, 10:09:17",113259037702,37761537667,1,TestCafe tests,Build DevExtreme,gh-readonly-queue/main/pr-35523-204df6438d5fc039e6dc64fe9389e6c3cf859b42,failure,,https://github.com/DevExpress/DevExtreme/actions/runs/37761537667/job/113259037702
"08.10.26, 10:15:30",113261339174,37760648139,1,TestCafe tests,quarantine,scheduler-fix-T1336516_26_2,failure,Run quarantined tests,https://github.com/DevExpress/DevExtreme/actions/runs/37760648139/job/113261339174
"08.10.26, 10:07:24",113258326952,37760617923,1,TestCafe tests,generic,gh-readonly-queue/main/pr-35510-157550f2bcfce89b901589675bd14b47ac2fd1e6,failure,,https://github.com/DevExpress/DevExtreme/actions/runs/37760617923/job/113258326952
"08.10.26, 09:59:19",113255255118,37760279921,1,TestCafe tests,Build DevExtreme,scheduler-fix-T1336516_26_2,cancelled,Post Setup pnpm cache,https://github.com/DevExpress/DevExtreme/actions/runs/37760279921/job/113255255118
"08.10.26, 10:01:41",113256167382,37760279921,1,TestCafe tests,${{ matrix.name }}${{ ((!matrix.theme && ' - fluent') || '') }},scheduler-fix-T1336516_26_2,cancelled,,https://github.com/DevExpress/DevExtreme/actions/runs/37760279921/job/113256167382
"08.10.26, 10:01:41",113256168217,37760279921,1,TestCafe tests,quarantine,scheduler-fix-T1336516_26_2,cancelled,,https://github.com/DevExpress/DevExtreme/actions/runs/37760279921/job/113256168217
"08.10.26, 10:01:41",113256169499,37760279921,1,TestCafe tests,Send notifications,scheduler-fix-T1336516_26_2,cancelled,,https://github.com/DevExpress/DevExtreme/actions/runs/37760279921/job/113256169499
"08.10.26, 10:04:33",113257254068,37760234572,1,TestCafe tests,accessibility - fluent,fix-security_alerts_sbom_main,failure,,https://github.com/DevExpress/DevExtreme/actions/runs/37760234572/job/113257254068
"08.10.26, 09:51:35",113252355400,37759512272,1,TestCafe tests,Build DevExtreme,fix-security_alerts_sbom_main,cancelled,Build,https://github.com/DevExpress/DevExtreme/actions/runs/37759512272/job/113252355400
"08.10.26, 09:57:53",113254720458,37759512272,1,TestCafe tests,${{ matrix.name }}${{ ((!matrix.theme && ' - fluent') || '') }},fix-security_alerts_sbom_main,cancelled,,https://github.com/DevExpress/DevExtreme/actions/runs/37759512272/job/113254720458
"08.10.26, 09:57:54",113254723951,37759512272,1,TestCafe tests,quarantine,fix-security_alerts_sbom_main,cancelled,,https://github.com/DevExpress/DevExtreme/actions/runs/37759512272/job/113254723951
"08.10.26, 09:57:55",113254727931,37759512272,1,TestCafe tests,Send notifications,fix-security_alerts_sbom_main,cancelled,,https://github.com/DevExpress/DevExtreme/actions/runs/37759512272/job/113254727931
"08.10.26, 09:49:17",113251495364,37758860962,1,TestCafe tests,accessibility - fluent,scheduler-fix-T1336516_26_2,cancelled,,https://github.com/DevExpress/DevExtreme/actions/runs/37758860962/job/113251495364
"08.10.26, 09:58:52",113255086800,37758860962,1,TestCafe tests,quarantine,scheduler-fix-T1336516_26_2,cancelled,,https://github.com/DevExpress/DevExtreme/actions/runs/37758860962/job/113255086800
"08.10.26, 09:58:53",113255087768,37758860962,1,TestCafe tests,Send notifications,scheduler-fix-T1336516_26_2,cancelled,,https://github.com/DevExpress/DevExtreme/actions/runs/37758860962/job/113255087768
"08.10.26, 09:50:14",113251847856,37758689069,1,TestCafe tests,dataGrid (2/4) - fluent,feature/26_2_osm-provider-for-dxmap/main,failure,Run TestCafe tests,https://github.com/DevExpress/DevExtreme/actions/runs/37758689069/job/113251847856
"08.10.26, 09:54:55",113253602344,37758455235,1,TestCafe tests,quarantine,gh-readonly-queue/main/pr-35510-48b40a1f68b6d592e99eba91880317cc5158115f,failure,Run quarantined tests,https://github.com/DevExpress/DevExtreme/actions/runs/37758455235/job/113253602344
"08.10.26, 09:30:21",113244258125,37756206940,1,TestCafe tests,scheduler / common (1/3) - fluent,gh-readonly-queue/main/pr-35523-157550f2bcfce89b901589675bd14b47ac2fd1e6,failure,,https://github.com/DevExpress/DevExtreme/actions/runs/37756206940/job/113244258125
"08.10.26, 09:43:10",113249188082,37755683820,1,TestCafe tests,quarantine,fluent-next/sync-main-05e9aabd,cancelled,Restore pnpm cache,https://github.com/DevExpress/DevExtreme/actions/runs/37755683820/job/113249188082
"08.10.26, 09:44:20",113249632097,37755683820,1,TestCafe tests,Send notifications,fluent-next/sync-main-05e9aabd,cancelled,,https://github.com/DevExpress/DevExtreme/actions/runs/37755683820/job/113249632097
"08.10.26, 09:17:25",113239285431,37754826195,1,TestCafe tests,dataGrid (1/4) - fluent,scheduler-fix-T1336516_26_2,failure,,https://github.com/DevExpress/DevExtreme/actions/runs/37754826195/job/113239285431
"08.10.26, 09:34:26",113245845017,37754826195,1,TestCafe tests,quarantine,scheduler-fix-T1336516_26_2,failure,Run quarantined tests,https://github.com/DevExpress/DevExtreme/actions/runs/37754826195/job/113245845017
"08.10.26, 09:12:31",113237416111,37754343302,1,TestCafe tests,dataGrid (3/4) - fluent,typescript/core/utils_typing_5039_part2,cancelled,Run TestCafe tests,https://github.com/DevExpress/DevExtreme/actions/runs/37754343302/job/113237416111
"08.10.26, 09:00:08",113232624205,37753559536,1,TestCafe tests,Build DevExtreme,fluent-next/sync-main-05e9aabd,failure,Build,https://github.com/DevExpress/DevExtreme/actions/runs/37753559536/job/113232624205
"08.10.26, 08:45:37",113227158548,37751281680,1,TestCafe tests,dataGrid (1/4) - fluent,gh-readonly-queue/main/pr-35270-05e9aabd9cf9102806a9389a54107ef258a74a1d,failure,Run TestCafe tests,https://github.com/DevExpress/DevExtreme/actions/runs/37751281680/job/113227158548
"08.10.26, 08:40:05",113225079508,37750549075,1,TestCafe tests,cardView - fluent,type_columns_view_main,cancelled,Run TestCafe tests,https://github.com/DevExpress/DevExtreme/actions/runs/37750549075/job/113225079508
"08.10.26, 08:33:08",113222528883,37749412031,1,TestCafe tests,dataGrid (3/4) - fluent,typescript/core/utils_typing_5039_part2,failure,Run TestCafe tests,https://github.com/DevExpress/DevExtreme/actions/runs/37749412031/job/113222528883
"08.10.26, 08:11:05",113214531106,37747585063,1,TestCafe tests,material - compact,fix_eslint_n_types_26_1,failure,,https://github.com/DevExpress/DevExtreme/actions/runs/37747585063/job/113214531106
"08.10.26, 08:09:25",113213924079,37747202810,1,TestCafe tests,scheduler / viewOffset (1/2) - fluent,typescript/core/utils_typing_5039_part2,cancelled,,https://github.com/DevExpress/DevExtreme/actions/runs/37747202810/job/113213924079
"08.10.26, 08:27:39",113220537027,37747202810,1,TestCafe tests,quarantine,typescript/core/utils_typing_5039_part2,cancelled,,https://github.com/DevExpress/DevExtreme/actions/runs/37747202810/job/113220537027
"08.10.26, 08:27:39",113220539591,37747202810,1,TestCafe tests,Send notifications,typescript/core/utils_typing_5039_part2,cancelled,,https://github.com/DevExpress/DevExtreme/actions/runs/37747202810/job/113220539591
"08.10.26, 09:57:56",113254739793,37760280145,1,Themebuilder and Styles tests,test,scheduler-fix-T1336516_26_2,cancelled,,https://github.com/DevExpress/DevExtreme/actions/runs/37760280145/job/113254739793
"08.10.26, 10:01:14",113255996159,37760280145,1,Themebuilder and Styles tests,Send notifications,scheduler-fix-T1336516_26_2,cancelled,,https://github.com/DevExpress/DevExtreme/actions/runs/37760280145/job/113255996159
"08.10.26, 09:51:13",113252218800,37759512027,1,Themebuilder and Styles tests,test,fix-security_alerts_sbom_main,cancelled,Post Setup nx cache,https://github.com/DevExpress/DevExtreme/actions/runs/37759512027/job/113252218800
"08.10.26, 09:57:54",113254724793,37759512027,1,Themebuilder and Styles tests,Send notifications,fix-security_alerts_sbom_main,cancelled,,https://github.com/DevExpress/DevExtreme/actions/runs/37759512027/job/113254724793
"08.10.26, 09:43:23",113249268261,37758612209,1,Themebuilder and Styles tests,test,fluent-next/sync-main-05e9aabd,cancelled,Install dependencies,https://github.com/DevExpress/DevExtreme/actions/runs/37758612209/job/113249268261
"08.10.26, 09:44:38",113249741902,37758612209,1,Themebuilder and Styles tests,Send notifications,fluent-next/sync-main-05e9aabd,cancelled,,https://github.com/DevExpress/DevExtreme/actions/runs/37758612209/job/113249741902
"08.10.26, 09:43:22",113249267115,37758612072,1,TS Declarations,validate-declarations,fluent-next/sync-main-05e9aabd,cancelled,Install dependencies,https://github.com/DevExpress/DevExtreme/actions/runs/37758612072/job/113249267115
"08.10.26, 09:43:22",113249267144,37758612072,1,TS Declarations,check-ts-bundle,fluent-next/sync-main-05e9aabd,cancelled,Install dependencies,https://github.com/DevExpress/DevExtreme/actions/runs/37758612072/job/113249267144
"08.10.26, 09:44:40",113249751321,37758612072,1,TS Declarations,Send notifications,fluent-next/sync-main-05e9aabd,cancelled,,https://github.com/DevExpress/DevExtreme/actions/runs/37758612072/job/113249751321
"08.10.26, 19:58:31",113512883890,37834691098,1,Demos Visual Tests,jquery(1/3)-screenshots-fluent.blue.light,chore/update-chrome-154.0.8037.92,failure,Run TestCafe tests (jQuery),https://github.com/DevExpress/DevExtreme/actions/runs/37834691098/job/113512883890
"08.10.26, 19:58:31",113512883919,37834691098,1,Demos Visual Tests,jquery(3/3)-screenshots-material.blue.light,chore/update-chrome-154.0.8037.92,failure,Run TestCafe tests (jQuery),https://github.com/DevExpress/DevExtreme/actions/runs/37834691098/job/113512883919
"08.10.26, 19:58:31",113512883922,37834691098,1,Demos Visual Tests,jquery(1/3)-screenshots-material.blue.light,chore/update-chrome-154.0.8037.92,failure,Run TestCafe tests (jQuery),https://github.com/DevExpress/DevExtreme/actions/runs/37834691098/job/113512883922
"08.10.26, 19:58:31",113512883965,37834691098,1,Demos Visual Tests,jquery(2/3)-screenshots-fluent.blue.light,chore/update-chrome-154.0.8037.92,failure,Run TestCafe tests (jQuery),https://github.com/DevExpress/DevExtreme/actions/runs/37834691098/job/113512883965
"08.10.26, 19:58:31",113512884037,37834691098,1,Demos Visual Tests,jquery(3/3)-screenshots-fluent.blue.light,chore/update-chrome-154.0.8037.92,failure,Run TestCafe tests (jQuery),https://github.com/DevExpress/DevExtreme/actions/runs/37834691098/job/113512884037
"08.10.26, 19:58:31",113512884084,37834691098,1,Demos Visual Tests,jquery-accessibility-material.blue.light,chore/update-chrome-154.0.8037.92,failure,Run TestCafe tests (jQuery),https://github.com/DevExpress/DevExtreme/actions/runs/37834691098/job/113512884084
"08.10.26, 19:58:31",113512884091,37834691098,1,Demos Visual Tests,jquery-accessibility-fluent.blue.dark,chore/update-chrome-154.0.8037.92,failure,Run TestCafe tests (jQuery),https://github.com/DevExpress/DevExtreme/actions/runs/37834691098/job/113512884091
"08.10.26, 19:58:31",113512884104,37834691098,1,Demos Visual Tests,jquery-accessibility-fluent.blue.light,chore/update-chrome-154.0.8037.92,failure,Run TestCafe tests (jQuery),https://github.com/DevExpress/DevExtreme/actions/runs/37834691098/job/113512884104
"08.10.26, 19:58:31",113512884140,37834691098,1,Demos Visual Tests,jquery(2/3)-screenshots-material.blue.light,chore/update-chrome-154.0.8037.92,failure,Run TestCafe tests (jQuery),https://github.com/DevExpress/DevExtreme/actions/runs/37834691098/job/113512884140
"08.10.26, 20:01:53",113514342832,37834691098,1,Demos Visual Tests,angular(3/10)-screenshots-fluent.blue.light,chore/update-chrome-154.0.8037.92,failure,Run TestCafe tests,https://github.com/DevExpress/DevExtreme/actions/runs/37834691098/job/113514342832
"08.10.26, 20:01:53",113514342836,37834691098,1,Demos Visual Tests,vue(4/5)-screenshots-fluent.blue.light,chore/update-chrome-154.0.8037.92,failure,Run TestCafe tests,https://github.com/DevExpress/DevExtreme/actions/runs/37834691098/job/113514342836
"08.10.26, 20:01:53",113514342913,37834691098,1,Demos Visual Tests,react(2/3)-screenshots-fluent.blue.light,chore/update-chrome-154.0.8037.92,failure,Run TestCafe tests,https://github.com/DevExpress/DevExtreme/actions/runs/37834691098/job/113514342913
"08.10.26, 20:01:53",113514342918,37834691098,1,Demos Visual Tests,react(1/3)-screenshots-fluent.blue.light,chore/update-chrome-154.0.8037.92,failure,Run TestCafe tests,https://github.com/DevExpress/DevExtreme/actions/runs/37834691098/job/113514342918
"08.10.26, 20:01:53",113514342951,37834691098,1,Demos Visual Tests,vue(1/5)-screenshots-fluent.blue.light,chore/update-chrome-154.0.8037.92,failure,Run TestCafe tests,https://github.com/DevExpress/DevExtreme/actions/runs/37834691098/job/113514342951
"08.10.26, 20:01:53",113514342955,37834691098,1,Demos Visual Tests,angular(6/10)-screenshots-fluent.blue.light,chore/update-chrome-154.0.8037.92,failure,Run TestCafe tests,https://github.com/DevExpress/DevExtreme/actions/runs/37834691098/job/113514342955
"08.10.26, 20:01:53",113514342967,37834691098,1,Demos Visual Tests,angular(1/10)-screenshots-fluent.blue.light,chore/update-chrome-154.0.8037.92,failure,Run TestCafe tests,https://github.com/DevExpress/DevExtreme/actions/runs/37834691098/job/113514342967
"08.10.26, 20:01:53",113514342981,37834691098,1,Demos Visual Tests,angular(7/10)-screenshots-fluent.blue.light,chore/update-chrome-154.0.8037.92,failure,Run TestCafe tests,https://github.com/DevExpress/DevExtreme/actions/runs/37834691098/job/113514342981
"08.10.26, 20:01:53",113514342983,37834691098,1,Demos Visual Tests,react(3/3)-screenshots-fluent.blue.light,chore/update-chrome-154.0.8037.92,failure,Run TestCafe tests,https://github.com/DevExpress/DevExtreme/actions/runs/37834691098/job/113514342983
"08.10.26, 20:01:53",113514343005,37834691098,1,Demos Visual Tests,angular(8/10)-screenshots-fluent.blue.light,chore/update-chrome-154.0.8037.92,failure,Run TestCafe tests,https://github.com/DevExpress/DevExtreme/actions/runs/37834691098/job/113514343005
"08.10.26, 20:01:53",113514343018,37834691098,1,Demos Visual Tests,angular(4/10)-screenshots-fluent.blue.light,chore/update-chrome-154.0.8037.92,failure,Run TestCafe tests,https://github.com/DevExpress/DevExtreme/actions/runs/37834691098/job/113514343018
"08.10.26, 20:01:53",113514343116,37834691098,1,Demos Visual Tests,vue(2/5)-screenshots-fluent.blue.light,chore/update-chrome-154.0.8037.92,failure,Run TestCafe tests,https://github.com/DevExpress/DevExtreme/actions/runs/37834691098/job/113514343116
"08.10.26, 19:38:48",113504573162,37832439301,1,Demos Visual Tests,jquery(1/3)-screenshots-fluent.blue.light,typescript/core/utils_rename_5039_part1,failure,,https://github.com/DevExpress/DevExtreme/actions/runs/37832439301/job/113504573162
"08.10.26, 19:43:14",113506433736,37832439301,1,Demos Visual Tests,react(3/3)-screenshots-fluent.blue.light,typescript/core/utils_rename_5039_part1,failure,,https://github.com/DevExpress/DevExtreme/actions/runs/37832439301/job/113506433736
"08.10.26, 19:38:57",113504634031,37832239142,1,Demos Visual Tests,jquery(1/3)-screenshots-material.blue.light,fluent-next/sync-main-f73407085f,failure,,https://github.com/DevExpress/DevExtreme/actions/runs/37832239142/job/113504634031
"08.10.26, 16:19:20",113416751138,37806675706,1,Demos Visual Tests,react(2/3)-screenshots-fluent.blue.light,dmlvr/demo_custom_AI_assistant,failure,Run TestCafe tests,https://github.com/DevExpress/DevExtreme/actions/runs/37806675706/job/113416751138
"08.10.26, 16:19:20",113416751299,37806675706,1,Demos Visual Tests,vue(5/5)-screenshots-fluent.blue.light,dmlvr/demo_custom_AI_assistant,failure,Run TestCafe tests,https://github.com/DevExpress/DevExtreme/actions/runs/37806675706/job/113416751299
"08.10.26, 15:36:53",113397042630,37801011850,1,Demos Visual Tests,jquery(3/3)-screenshots-material.blue.light,feature/separate_locale_format,failure,Run TestCafe tests (jQuery),https://github.com/DevExpress/DevExtreme/actions/runs/37801011850/job/113397042630
"08.10.26, 15:39:53",113398462528,37800814310,1,Demos Visual Tests,react(2/3)-screenshots-fluent.blue.light,dmlvr/demo_custom_AI_assistant,failure,Run TestCafe tests,https://github.com/DevExpress/DevExtreme/actions/runs/37800814310/job/113398462528
"08.10.26, 15:39:54",113398462835,37800814310,1,Demos Visual Tests,vue(5/5)-screenshots-fluent.blue.light,dmlvr/demo_custom_AI_assistant,failure,Run TestCafe tests,https://github.com/DevExpress/DevExtreme/actions/runs/37800814310/job/113398462835
"08.10.26, 16:05:20",113410415450,37800814310,2,Demos Visual Tests,react(2/3)-screenshots-fluent.blue.light,dmlvr/demo_custom_AI_assistant,cancelled,Run TestCafe tests,https://github.com/DevExpress/DevExtreme/actions/runs/37800814310/job/113410415450
"08.10.26, 16:05:20",113410415502,37800814310,2,Demos Visual Tests,vue(5/5)-screenshots-fluent.blue.light,dmlvr/demo_custom_AI_assistant,failure,Run TestCafe tests,https://github.com/DevExpress/DevExtreme/actions/runs/37800814310/job/113410415502
"08.10.26, 16:10:41",113412853827,37800814310,2,Demos Visual Tests,merge-artifacts,dmlvr/demo_custom_AI_assistant,cancelled,,https://github.com/DevExpress/DevExtreme/actions/runs/37800814310/job/113412853827
"08.10.26, 15:21:33",113389678608,37798285315,1,Demos Visual Tests,vue(5/5)-screenshots-fluent.blue.light,feature/demo-page-level-ai-assistant_platfroms,failure,Run TestCafe tests,https://github.com/DevExpress/DevExtreme/actions/runs/37798285315/job/113389678608
"08.10.26, 15:21:33",113389678761,37798285315,1,Demos Visual Tests,react(2/3)-screenshots-fluent.blue.light,feature/demo-page-level-ai-assistant_platfroms,failure,Run TestCafe tests,https://github.com/DevExpress/DevExtreme/actions/runs/37798285315/job/113389678761
"08.10.26, 15:41:50",113399374618,37798285315,2,Demos Visual Tests,react(2/3)-screenshots-fluent.blue.light,feature/demo-page-level-ai-assistant_platfroms,failure,Run TestCafe tests,https://github.com/DevExpress/DevExtreme/actions/runs/37798285315/job/113399374618
"08.10.26, 15:41:50",113399374672,37798285315,2,Demos Visual Tests,vue(5/5)-screenshots-fluent.blue.light,feature/demo-page-level-ai-assistant_platfroms,failure,Run TestCafe tests,https://github.com/DevExpress/DevExtreme/actions/runs/37798285315/job/113399374672
"08.10.26, 15:06:26",113382357295,37797969180,1,Demos Visual Tests,Build DevExtreme,refactor_columns_view_main,cancelled,Post Setup pnpm cache,https://github.com/DevExpress/DevExtreme/actions/runs/37797969180/job/113382357295
"08.10.26, 15:14:33",113386230014,37797969180,1,Demos Visual Tests,${{ matrix.CONSTEL }}-${{ matrix.STRATEGY }}-${{ matrix.THEME }},refactor_columns_view_main,cancelled,,https://github.com/DevExpress/DevExtreme/actions/runs/37797969180/job/113386230014
"08.10.26, 15:14:33",113386230127,37797969180,1,Demos Visual Tests,CSP check (jQuery),refactor_columns_view_main,cancelled,,https://github.com/DevExpress/DevExtreme/actions/runs/37797969180/job/113386230127
"08.10.26, 15:14:33",113386230169,37797969180,1,Demos Visual Tests,Check TS and lint code base,refactor_columns_view_main,cancelled,,https://github.com/DevExpress/DevExtreme/actions/runs/37797969180/job/113386230169
"08.10.26, 15:14:33",113386230598,37797969180,1,Demos Visual Tests,"matrix.SHARD_TOTAL == 1 && format('CSP check ({0})', matrix.FRAMEWORK) || format('CSP check ({0} {1}/{2})', matrix.FRAMEWORK, matrix.SHARD_INDEX, matrix.SHARD_TOTAL)",refactor_columns_view_main,cancelled,,https://github.com/DevExpress/DevExtreme/actions/runs/37797969180/job/113386230598
"08.10.26, 15:14:33",113386230802,37797969180,1,Demos Visual Tests,Check generated demos,refactor_columns_view_main,cancelled,,https://github.com/DevExpress/DevExtreme/actions/runs/37797969180/job/113386230802
"08.10.26, 15:14:33",113386231070,37797969180,1,Demos Visual Tests,"Build vendor bundles (React, Vue)",refactor_columns_view_main,cancelled,,https://github.com/DevExpress/DevExtreme/actions/runs/37797969180/job/113386231070
"08.10.26, 15:14:33",113386231143,37797969180,1,Demos Visual Tests,CSP Violations Summary,refactor_columns_view_main,cancelled,,https://github.com/DevExpress/DevExtreme/actions/runs/37797969180/job/113386231143
"08.10.26, 15:14:33",113386231868,37797969180,1,Demos Visual Tests,"matrix.SHARD_TOTAL == 1 && format('Build demos ({0})', matrix.FRAMEWORK) || format('Build demos ({0} {1}/{2})', matrix.FRAMEWORK, matrix.SHARD_INDEX, matrix.SHARD_TOTAL)",refactor_columns_view_main,cancelled,,https://github.com/DevExpress/DevExtreme/actions/runs/37797969180/job/113386231868
"08.10.26, 15:14:34",113386233813,37797969180,1,Demos Visual Tests,merge-artifacts,refactor_columns_view_main,cancelled,,https://github.com/DevExpress/DevExtreme/actions/runs/37797969180/job/113386233813
"08.10.26, 15:14:34",113386234029,37797969180,1,Demos Visual Tests,${{ matrix.CONSTEL }}-screenshots-${{ matrix.THEME }},refactor_columns_view_main,cancelled,,https://github.com/DevExpress/DevExtreme/actions/runs/37797969180/job/113386234029
"08.10.26, 14:28:56",113364391160,37792773730,1,Demos Visual Tests,Build DevExtreme,26_1,failure,,https://github.com/DevExpress/DevExtreme/actions/runs/37792773730/job/113364391160
"08.10.26, 14:31:33",113365646187,37791978193,1,Demos Visual Tests,Check TS and lint code base,temp/update-main-demo-ai,failure,Check TS and lint results,https://github.com/DevExpress/DevExtreme/actions/runs/37791978193/job/113365646187
"08.10.26, 14:31:33",113365646384,37791978193,1,Demos Visual Tests,Check generated demos,temp/update-main-demo-ai,failure,Check generated JS demos,https://github.com/DevExpress/DevExtreme/actions/runs/37791978193/job/113365646384
"08.10.26, 14:35:21",113367485272,37791978193,1,Demos Visual Tests,angular(4/10)-screenshots-fluent.blue.light,temp/update-main-demo-ai,failure,Run TestCafe tests,https://github.com/DevExpress/DevExtreme/actions/runs/37791978193/job/113367485272
"08.10.26, 14:35:21",113367485287,37791978193,1,Demos Visual Tests,react(2/3)-screenshots-fluent.blue.light,temp/update-main-demo-ai,failure,Run TestCafe tests,https://github.com/DevExpress/DevExtreme/actions/runs/37791978193/job/113367485287
"08.10.26, 14:35:21",113367485504,37791978193,1,Demos Visual Tests,vue(5/5)-screenshots-fluent.blue.light,temp/update-main-demo-ai,failure,Run TestCafe tests,https://github.com/DevExpress/DevExtreme/actions/runs/37791978193/job/113367485504
"08.10.26, 13:43:01",113342677474,37785220205,1,Demos Visual Tests,CSP check (jQuery),26_1,failure,,https://github.com/DevExpress/DevExtreme/actions/runs/37785220205/job/113342677474
"08.10.26, 13:43:01",113342677713,37785220205,1,Demos Visual Tests,CSP check (React 1/2),26_1,failure,,https://github.com/DevExpress/DevExtreme/actions/runs/37785220205/job/113342677713
"08.10.26, 13:43:01",113342677748,37785220205,1,Demos Visual Tests,CSP check (Angular 3/3),26_1,failure,,https://github.com/DevExpress/DevExtreme/actions/runs/37785220205/job/113342677748
"08.10.26, 13:43:01",113342677826,37785220205,1,Demos Visual Tests,CSP check (React 2/2),26_1,failure,,https://github.com/DevExpress/DevExtreme/actions/runs/37785220205/job/113342677826
"08.10.26, 13:43:01",113342677914,37785220205,1,Demos Visual Tests,CSP check (Vue 1/2),26_1,failure,,https://github.com/DevExpress/DevExtreme/actions/runs/37785220205/job/113342677914
"08.10.26, 13:43:01",113342678152,37785220205,1,Demos Visual Tests,jquery(1/3)-screenshots-fluent.blue.light,26_1,failure,,https://github.com/DevExpress/DevExtreme/actions/runs/37785220205/job/113342678152
"08.10.26, 13:43:01",113342678165,37785220205,1,Demos Visual Tests,jquery-accessibility-fluent.blue.light,26_1,failure,,https://github.com/DevExpress/DevExtreme/actions/runs/37785220205/job/113342678165
"08.10.26, 13:50:03",113345923791,37784755935,1,Demos Visual Tests,angular(6/10)-screenshots-fluent.blue.light,typescript/html_editor/typing_5248_pr1,failure,,https://github.com/DevExpress/DevExtreme/actions/runs/37784755935/job/113345923791
"09.10.26, 07:42:45",113721954380,37784755935,2,Demos Visual Tests,angular(6/10)-screenshots-fluent.blue.light,typescript/html_editor/typing_5248_pr1,failure,,https://github.com/DevExpress/DevExtreme/actions/runs/37784755935/job/113721954380
"08.10.26, 13:49:58",113345888378,37784313848,1,Demos Visual Tests,react(1/3)-screenshots-fluent.blue.light,feature/26_2_new_fluent_theme_with_design_tokens,failure,,https://github.com/DevExpress/DevExtreme/actions/runs/37784313848/job/113345888378
"08.10.26, 13:28:06",113335892277,37783799088,1,Demos Visual Tests,CSP check (jQuery),typescript/html_editor/typing_5248_pr1_26_1,cancelled,Install dependencies,https://github.com/DevExpress/DevExtreme/actions/runs/37783799088/job/113335892277
"08.10.26, 13:28:06",113335892281,37783799088,1,Demos Visual Tests,jquery(1/3)-screenshots-fluent.blue.light,typescript/html_editor/typing_5248_pr1_26_1,cancelled,Run TestCafe tests (jQuery),https://github.com/DevExpress/DevExtreme/actions/runs/37783799088/job/113335892281
"08.10.26, 13:28:06",113335892301,37783799088,1,Demos Visual Tests,jquery-accessibility-fluent.blue.light,typescript/html_editor/typing_5248_pr1_26_1,cancelled,Install dependencies,https://github.com/DevExpress/DevExtreme/actions/runs/37783799088/job/113335892301
"08.10.26, 13:28:06",113335892329,37783799088,1,Demos Visual Tests,jquery(3/3)-screenshots-material.blue.light,typescript/html_editor/typing_5248_pr1_26_1,cancelled,Run TestCafe tests (jQuery),https://github.com/DevExpress/DevExtreme/actions/runs/37783799088/job/113335892329
"08.10.26, 13:28:06",113335892390,37783799088,1,Demos Visual Tests,jquery(2/3)-screenshots-material.blue.light,typescript/html_editor/typing_5248_pr1_26_1,cancelled,Run TestCafe tests (jQuery),https://github.com/DevExpress/DevExtreme/actions/runs/37783799088/job/113335892390
"08.10.26, 13:28:06",113335892423,37783799088,1,Demos Visual Tests,jquery(1/3)-screenshots-material.blue.light,typescript/html_editor/typing_5248_pr1_26_1,cancelled,Run TestCafe tests (jQuery),https://github.com/DevExpress/DevExtreme/actions/runs/37783799088/job/113335892423
"08.10.26, 13:28:06",113335892431,37783799088,1,Demos Visual Tests,jquery(3/3)-screenshots-fluent.blue.light,typescript/html_editor/typing_5248_pr1_26_1,cancelled,Run TestCafe tests (jQuery),https://github.com/DevExpress/DevExtreme/actions/runs/37783799088/job/113335892431
"08.10.26, 13:28:06",113335892547,37783799088,1,Demos Visual Tests,jquery-accessibility-material.blue.light,typescript/html_editor/typing_5248_pr1_26_1,cancelled,Install dependencies,https://github.com/DevExpress/DevExtreme/actions/runs/37783799088/job/113335892547
"08.10.26, 13:28:06",113335892551,37783799088,1,Demos Visual Tests,jquery(2/3)-screenshots-fluent.blue.light,typescript/html_editor/typing_5248_pr1_26_1,cancelled,Install dependencies,https://github.com/DevExpress/DevExtreme/actions/runs/37783799088/job/113335892551
"08.10.26, 13:31:01",113337209224,37783799088,1,Demos Visual Tests,CSP Violations Summary,typescript/html_editor/typing_5248_pr1_26_1,cancelled,,https://github.com/DevExpress/DevExtreme/actions/runs/37783799088/job/113337209224
"08.10.26, 13:31:02",113337220271,37783799088,1,Demos Visual Tests,merge-artifacts,typescript/html_editor/typing_5248_pr1_26_1,cancelled,,https://github.com/DevExpress/DevExtreme/actions/runs/37783799088/job/113337220271
"08.10.26, 13:22:17",113333298566,37783790429,1,Demos Visual Tests,Build DevExtreme,typescript/html_editor/typing_5248_pr1,cancelled,Copy build artifacts,https://github.com/DevExpress/DevExtreme/actions/runs/37783790429/job/113333298566
"08.10.26, 13:29:57",113336721577,37783790429,1,Demos Visual Tests,"matrix.SHARD_TOTAL == 1 && format('CSP check ({0})', matrix.FRAMEWORK) || format('CSP check ({0} {1}/{2})', matrix.FRAMEWORK, matrix.SHARD_INDEX, matrix.SHARD_TOTAL)",typescript/html_editor/typing_5248_pr1,cancelled,,https://github.com/DevExpress/DevExtreme/actions/runs/37783790429/job/113336721577
"08.10.26, 13:29:57",113336721751,37783790429,1,Demos Visual Tests,Check generated demos,typescript/html_editor/typing_5248_pr1,cancelled,,https://github.com/DevExpress/DevExtreme/actions/runs/37783790429/job/113336721751
"08.10.26, 13:29:57",113336722392,37783790429,1,Demos Visual Tests,${{ matrix.CONSTEL }}-${{ matrix.STRATEGY }}-${{ matrix.THEME }},typescript/html_editor/typing_5248_pr1,cancelled,,https://github.com/DevExpress/DevExtreme/actions/runs/37783790429/job/113336722392
"08.10.26, 13:29:57",113336722396,37783790429,1,Demos Visual Tests,Check TS and lint code base,typescript/html_editor/typing_5248_pr1,cancelled,,https://github.com/DevExpress/DevExtreme/actions/runs/37783790429/job/113336722396
"08.10.26, 13:29:57",113336722558,37783790429,1,Demos Visual Tests,"Build vendor bundles (React, Vue)",typescript/html_editor/typing_5248_pr1,cancelled,,https://github.com/DevExpress/DevExtreme/actions/runs/37783790429/job/113336722558
"08.10.26, 13:29:57",113336722580,37783790429,1,Demos Visual Tests,CSP check (jQuery),typescript/html_editor/typing_5248_pr1,cancelled,,https://github.com/DevExpress/DevExtreme/actions/runs/37783790429/job/113336722580
"08.10.26, 13:29:57",113336723109,37783790429,1,Demos Visual Tests,"matrix.SHARD_TOTAL == 1 && format('Build demos ({0})', matrix.FRAMEWORK) || format('Build demos ({0} {1}/{2})', matrix.FRAMEWORK, matrix.SHARD_INDEX, matrix.SHARD_TOTAL)",typescript/html_editor/typing_5248_pr1,cancelled,,https://github.com/DevExpress/DevExtreme/actions/runs/37783790429/job/113336723109
"08.10.26, 13:29:57",113336723253,37783790429,1,Demos Visual Tests,${{ matrix.CONSTEL }}-screenshots-${{ matrix.THEME }},typescript/html_editor/typing_5248_pr1,cancelled,,https://github.com/DevExpress/DevExtreme/actions/runs/37783790429/job/113336723253
"08.10.26, 13:29:57",113336723383,37783790429,1,Demos Visual Tests,CSP Violations Summary,typescript/html_editor/typing_5248_pr1,cancelled,,https://github.com/DevExpress/DevExtreme/actions/runs/37783790429/job/113336723383
"08.10.26, 13:29:57",113336724570,37783790429,1,Demos Visual Tests,merge-artifacts,typescript/html_editor/typing_5248_pr1,cancelled,,https://github.com/DevExpress/DevExtreme/actions/runs/37783790429/job/113336724570
"08.10.26, 12:54:53",113321452632,37778952281,1,Demos Visual Tests,jquery(2/3)-screenshots-material.blue.light,typescript/core/utils_typing_5039_part2,failure,,https://github.com/DevExpress/DevExtreme/actions/runs/37778952281/job/113321452632
"08.10.26, 12:54:53",113321452726,37778952281,1,Demos Visual Tests,jquery-accessibility-material.blue.light,typescript/core/utils_typing_5039_part2,failure,,https://github.com/DevExpress/DevExtreme/actions/runs/37778952281/job/113321452726
"08.10.26, 12:54:53",113321452748,37778952281,1,Demos Visual Tests,jquery(1/3)-screenshots-fluent.blue.light,typescript/core/utils_typing_5039_part2,failure,,https://github.com/DevExpress/DevExtreme/actions/runs/37778952281/job/113321452748
"08.10.26, 12:54:53",113321452749,37778952281,1,Demos Visual Tests,CSP check (React 2/2),typescript/core/utils_typing_5039_part2,failure,,https://github.com/DevExpress/DevExtreme/actions/runs/37778952281/job/113321452749
"08.10.26, 12:54:53",113321452815,37778952281,1,Demos Visual Tests,CSP check (Angular 1/3),typescript/core/utils_typing_5039_part2,failure,,https://github.com/DevExpress/DevExtreme/actions/runs/37778952281/job/113321452815
"08.10.26, 12:46:50",113318132638,37778230495,1,Demos Visual Tests,jquery(2/3)-screenshots-fluent-next.blue.light,feature/26_2_new_fluent_theme_with_design_tokens,failure,,https://github.com/DevExpress/DevExtreme/actions/runs/37778230495/job/113318132638
"08.10.26, 12:54:53",113321453470,37778230495,1,Demos Visual Tests,react(1/3)-screenshots-fluent-next.blue.light,feature/26_2_new_fluent_theme_with_design_tokens,failure,,https://github.com/DevExpress/DevExtreme/actions/runs/37778230495/job/113321453470
"08.10.26, 12:54:53",113321453496,37778230495,1,Demos Visual Tests,angular(1/10)-screenshots-fluent.blue.light,feature/26_2_new_fluent_theme_with_design_tokens,failure,,https://github.com/DevExpress/DevExtreme/actions/runs/37778230495/job/113321453496
"08.10.26, 12:53:50",113321014834,37777829669,1,Demos Visual Tests,CSP check (jQuery),grids_type_grid_core_m_utils_26_2,failure,,https://github.com/DevExpress/DevExtreme/actions/runs/37777829669/job/113321014834
"08.10.26, 12:53:50",113321015327,37777829669,1,Demos Visual Tests,CSP check (React 1/2),grids_type_grid_core_m_utils_26_2,failure,,https://github.com/DevExpress/DevExtreme/actions/runs/37777829669/job/113321015327
"08.10.26, 12:53:50",113321015412,37777829669,1,Demos Visual Tests,CSP check (Vue 2/2),grids_type_grid_core_m_utils_26_2,failure,,https://github.com/DevExpress/DevExtreme/actions/runs/37777829669/job/113321015412
"08.10.26, 12:53:50",113321015503,37777829669,1,Demos Visual Tests,CSP check (Angular 2/3),grids_type_grid_core_m_utils_26_2,failure,,https://github.com/DevExpress/DevExtreme/actions/runs/37777829669/job/113321015503
"08.10.26, 13:52:58",113347288509,37777829669,2,Demos Visual Tests,CSP check (jQuery),grids_type_grid_core_m_utils_26_2,failure,,https://github.com/DevExpress/DevExtreme/actions/runs/37777829669/job/113347288509
"08.10.26, 12:24:12",113308910293,37775676400,1,Demos Visual Tests,Check generated demos,grids_type_grid_core_m_utils_26_2,cancelled,Check generated JS demos,https://github.com/DevExpress/DevExtreme/actions/runs/37775676400/job/113308910293
"08.10.26, 12:24:12",113308910537,37775676400,1,Demos Visual Tests,CSP check (jQuery),grids_type_grid_core_m_utils_26_2,cancelled,Run CSP Check,https://github.com/DevExpress/DevExtreme/actions/runs/37775676400/job/113308910537
"08.10.26, 12:24:12",113308910585,37775676400,1,Demos Visual Tests,CSP check (React 2/2),grids_type_grid_core_m_utils_26_2,cancelled,,https://github.com/DevExpress/DevExtreme/actions/runs/37775676400/job/113308910585
"08.10.26, 12:30:00",113311227897,37775676400,1,Demos Visual Tests,react(3/3)-screenshots-fluent.blue.light,grids_type_grid_core_m_utils_26_2,cancelled,Run TestCafe tests,https://github.com/DevExpress/DevExtreme/actions/runs/37775676400/job/113311227897
"08.10.26, 12:30:00",113311227918,37775676400,1,Demos Visual Tests,react(1/3)-screenshots-fluent.blue.light,grids_type_grid_core_m_utils_26_2,cancelled,Run TestCafe tests,https://github.com/DevExpress/DevExtreme/actions/runs/37775676400/job/113311227918
"08.10.26, 12:30:00",113311227948,37775676400,1,Demos Visual Tests,vue(4/5)-screenshots-fluent.blue.light,grids_type_grid_core_m_utils_26_2,cancelled,,https://github.com/DevExpress/DevExtreme/actions/runs/37775676400/job/113311227948
"08.10.26, 12:30:00",113311227959,37775676400,1,Demos Visual Tests,vue(2/5)-screenshots-fluent.blue.light,grids_type_grid_core_m_utils_26_2,cancelled,,https://github.com/DevExpress/DevExtreme/actions/runs/37775676400/job/113311227959
"08.10.26, 12:30:00",113311227978,37775676400,1,Demos Visual Tests,vue(3/5)-screenshots-fluent.blue.light,grids_type_grid_core_m_utils_26_2,cancelled,,https://github.com/DevExpress/DevExtreme/actions/runs/37775676400/job/113311227978
"08.10.26, 12:30:00",113311228024,37775676400,1,Demos Visual Tests,vue(5/5)-screenshots-fluent.blue.light,grids_type_grid_core_m_utils_26_2,cancelled,,https://github.com/DevExpress/DevExtreme/actions/runs/37775676400/job/113311228024
"08.10.26, 12:30:00",113311228035,37775676400,1,Demos Visual Tests,angular(2/10)-screenshots-fluent.blue.light,grids_type_grid_core_m_utils_26_2,cancelled,,https://github.com/DevExpress/DevExtreme/actions/runs/37775676400/job/113311228035
"08.10.26, 12:30:00",113311228176,37775676400,1,Demos Visual Tests,vue(1/5)-screenshots-fluent.blue.light,grids_type_grid_core_m_utils_26_2,cancelled,Run TestCafe tests,https://github.com/DevExpress/DevExtreme/actions/runs/37775676400/job/113311228176
"08.10.26, 12:30:00",113311228304,37775676400,1,Demos Visual Tests,react(2/3)-screenshots-fluent.blue.light,grids_type_grid_core_m_utils_26_2,cancelled,Run TestCafe tests,https://github.com/DevExpress/DevExtreme/actions/runs/37775676400/job/113311228304
"08.10.26, 12:35:31",113313505522,37775676400,1,Demos Visual Tests,CSP Violations Summary,grids_type_grid_core_m_utils_26_2,cancelled,,https://github.com/DevExpress/DevExtreme/actions/runs/37775676400/job/113313505522
"08.10.26, 12:35:40",113313568528,37775676400,1,Demos Visual Tests,merge-artifacts,grids_type_grid_core_m_utils_26_2,cancelled,,https://github.com/DevExpress/DevExtreme/actions/runs/37775676400/job/113313568528
"08.10.26, 11:49:14",113295540228,37771599589,1,Demos Visual Tests,jquery(3/3)-screenshots-material.blue.light,chat-error-handling,failure,Run TestCafe tests (jQuery),https://github.com/DevExpress/DevExtreme/actions/runs/37771599589/job/113295540228
"08.10.26, 11:48:29",113295259146,37770998968,1,Demos Visual Tests,angular(4/10)-screenshots-fluent.blue.light,feature/26_2_osm-provider-for-dxmap/main,failure,,https://github.com/DevExpress/DevExtreme/actions/runs/37770998968/job/113295259146
"08.10.26, 11:48:29",113295259155,37770998968,1,Demos Visual Tests,angular(5/10)-screenshots-fluent.blue.light,feature/26_2_osm-provider-for-dxmap/main,failure,,https://github.com/DevExpress/DevExtreme/actions/runs/37770998968/job/113295259155
"08.10.26, 11:48:29",113295259217,37770998968,1,Demos Visual Tests,react(2/3)-screenshots-fluent.blue.light,feature/26_2_osm-provider-for-dxmap/main,failure,,https://github.com/DevExpress/DevExtreme/actions/runs/37770998968/job/113295259217
"08.10.26, 11:39:42",113292016354,37770221012,1,Demos Visual Tests,angular(10/10)-screenshots-fluent.blue.light,26_1,failure,,https://github.com/DevExpress/DevExtreme/actions/runs/37770221012/job/113292016354
"08.10.26, 11:20:40",113284963774,37768849894,1,Demos Visual Tests,jquery(3/3)-screenshots-fluent.blue.light,type_columns_view_26_1,failure,,https://github.com/DevExpress/DevExtreme/actions/runs/37768849894/job/113284963774
"08.10.26, 11:19:53",113284676499,37767878731,1,Demos Visual Tests,react(3/3)-screenshots-fluent.blue.light,26_1,failure,,https://github.com/DevExpress/DevExtreme/actions/runs/37767878731/job/113284676499
"08.10.26, 11:19:53",113284676542,37767878731,1,Demos Visual Tests,react(2/3)-screenshots-fluent.blue.light,26_1,failure,,https://github.com/DevExpress/DevExtreme/actions/runs/37767878731/job/113284676542
"08.10.26, 11:19:53",113284676552,37767878731,1,Demos Visual Tests,angular(6/10)-screenshots-fluent.blue.light,26_1,failure,,https://github.com/DevExpress/DevExtreme/actions/runs/37767878731/job/113284676552
"08.10.26, 11:19:53",113284676590,37767878731,1,Demos Visual Tests,angular(2/10)-screenshots-fluent.blue.light,26_1,failure,,https://github.com/DevExpress/DevExtreme/actions/runs/37767878731/job/113284676590
"08.10.26, 11:20:20",113284843421,37766646451,1,Demos Visual Tests,react(3/3)-screenshots-fluent.blue.light,26_1,failure,,https://github.com/DevExpress/DevExtreme/actions/runs/37766646451/job/113284843421
"08.10.26, 10:45:54",113272431389,37764669199,1,Demos Visual Tests,jquery(2/3)-screenshots-material.blue.light,gh-readonly-queue/main/pr-35557-099ce4f261e395346e1208547b7c4cad540e0c9c,failure,Run TestCafe tests (jQuery),https://github.com/DevExpress/DevExtreme/actions/runs/37764669199/job/113272431389
"08.10.26, 10:06:01",113257808697,37760554122,1,Demos Visual Tests,CSP check (jQuery),fix-security_alerts_sbom_26_1,failure,,https://github.com/DevExpress/DevExtreme/actions/runs/37760554122/job/113257808697
"08.10.26, 10:06:01",113257808808,37760554122,1,Demos Visual Tests,jquery(3/3)-screenshots-fluent.blue.light,fix-security_alerts_sbom_26_1,failure,,https://github.com/DevExpress/DevExtreme/actions/runs/37760554122/job/113257808808
"08.10.26, 10:06:01",113257808957,37760554122,1,Demos Visual Tests,jquery(2/3)-screenshots-fluent.blue.light,fix-security_alerts_sbom_26_1,failure,,https://github.com/DevExpress/DevExtreme/actions/runs/37760554122/job/113257808957
"08.10.26, 09:59:12",113255207513,37760280047,1,Demos Visual Tests,Build DevExtreme,scheduler-fix-T1336516_26_2,cancelled,DevExtreme - Build-all,https://github.com/DevExpress/DevExtreme/actions/runs/37760280047/job/113255207513
"08.10.26, 10:01:45",113256198160,37760280047,1,Demos Visual Tests,Check TS and lint code base,scheduler-fix-T1336516_26_2,cancelled,,https://github.com/DevExpress/DevExtreme/actions/runs/37760280047/job/113256198160
"08.10.26, 10:01:45",113256198576,37760280047,1,Demos Visual Tests,Check generated demos,scheduler-fix-T1336516_26_2,cancelled,,https://github.com/DevExpress/DevExtreme/actions/runs/37760280047/job/113256198576
"08.10.26, 10:01:45",113256198743,37760280047,1,Demos Visual Tests,"Build vendor bundles (React, Vue)",scheduler-fix-T1336516_26_2,cancelled,,https://github.com/DevExpress/DevExtreme/actions/runs/37760280047/job/113256198743
"08.10.26, 10:01:45",113256198982,37760280047,1,Demos Visual Tests,"matrix.SHARD_TOTAL == 1 && format('CSP check ({0})', matrix.FRAMEWORK) || format('CSP check ({0} {1}/{2})', matrix.FRAMEWORK, matrix.SHARD_INDEX, matrix.SHARD_TOTAL)",scheduler-fix-T1336516_26_2,cancelled,,https://github.com/DevExpress/DevExtreme/actions/runs/37760280047/job/113256198982
"08.10.26, 10:01:45",113256199057,37760280047,1,Demos Visual Tests,CSP check (jQuery),scheduler-fix-T1336516_26_2,cancelled,,https://github.com/DevExpress/DevExtreme/actions/runs/37760280047/job/113256199057
"08.10.26, 10:01:45",113256199184,37760280047,1,Demos Visual Tests,${{ matrix.CONSTEL }}-${{ matrix.STRATEGY }}-${{ matrix.THEME }},scheduler-fix-T1336516_26_2,cancelled,,https://github.com/DevExpress/DevExtreme/actions/runs/37760280047/job/113256199184
"08.10.26, 10:01:46",113256199630,37760280047,1,Demos Visual Tests,"matrix.SHARD_TOTAL == 1 && format('Build demos ({0})', matrix.FRAMEWORK) || format('Build demos ({0} {1}/{2})', matrix.FRAMEWORK, matrix.SHARD_INDEX, matrix.SHARD_TOTAL)",scheduler-fix-T1336516_26_2,cancelled,,https://github.com/DevExpress/DevExtreme/actions/runs/37760280047/job/113256199630
"08.10.26, 10:01:46",113256199718,37760280047,1,Demos Visual Tests,CSP Violations Summary,scheduler-fix-T1336516_26_2,cancelled,,https://github.com/DevExpress/DevExtreme/actions/runs/37760280047/job/113256199718
"08.10.26, 10:01:46",113256200280,37760280047,1,Demos Visual Tests,${{ matrix.CONSTEL }}-screenshots-${{ matrix.THEME }},scheduler-fix-T1336516_26_2,cancelled,,https://github.com/DevExpress/DevExtreme/actions/runs/37760280047/job/113256200280
"08.10.26, 10:01:46",113256201332,37760280047,1,Demos Visual Tests,merge-artifacts,scheduler-fix-T1336516_26_2,cancelled,,https://github.com/DevExpress/DevExtreme/actions/runs/37760280047/job/113256201332
"08.10.26, 09:51:25",113252287167,37759512041,1,Demos Visual Tests,Build DevExtreme,fix-security_alerts_sbom_main,cancelled,DevExtreme - Build-all,https://github.com/DevExpress/DevExtreme/actions/runs/37759512041/job/113252287167
"08.10.26, 09:57:53",113254718454,37759512041,1,Demos Visual Tests,Check TS and lint code base,fix-security_alerts_sbom_main,cancelled,,https://github.com/DevExpress/DevExtreme/actions/runs/37759512041/job/113254718454
"08.10.26, 09:57:53",113254718607,37759512041,1,Demos Visual Tests,"matrix.SHARD_TOTAL == 1 && format('CSP check ({0})', matrix.FRAMEWORK) || format('CSP check ({0} {1}/{2})', matrix.FRAMEWORK, matrix.SHARD_INDEX, matrix.SHARD_TOTAL)",fix-security_alerts_sbom_main,cancelled,,https://github.com/DevExpress/DevExtreme/actions/runs/37759512041/job/113254718607
"08.10.26, 09:57:53",113254718660,37759512041,1,Demos Visual Tests,${{ matrix.CONSTEL }}-${{ matrix.STRATEGY }}-${{ matrix.THEME }},fix-security_alerts_sbom_main,cancelled,,https://github.com/DevExpress/DevExtreme/actions/runs/37759512041/job/113254718660
"08.10.26, 09:57:53",113254718831,37759512041,1,Demos Visual Tests,Check generated demos,fix-security_alerts_sbom_main,cancelled,,https://github.com/DevExpress/DevExtreme/actions/runs/37759512041/job/113254718831
"08.10.26, 09:57:53",113254718839,37759512041,1,Demos Visual Tests,"Build vendor bundles (React, Vue)",fix-security_alerts_sbom_main,cancelled,,https://github.com/DevExpress/DevExtreme/actions/runs/37759512041/job/113254718839
"08.10.26, 09:57:53",113254719192,37759512041,1,Demos Visual Tests,CSP check (jQuery),fix-security_alerts_sbom_main,cancelled,,https://github.com/DevExpress/DevExtreme/actions/runs/37759512041/job/113254719192
"08.10.26, 09:57:53",113254719720,37759512041,1,Demos Visual Tests,CSP Violations Summary,fix-security_alerts_sbom_main,cancelled,,https://github.com/DevExpress/DevExtreme/actions/runs/37759512041/job/113254719720
"08.10.26, 09:57:53",113254720011,37759512041,1,Demos Visual Tests,"matrix.SHARD_TOTAL == 1 && format('Build demos ({0})', matrix.FRAMEWORK) || format('Build demos ({0} {1}/{2})', matrix.FRAMEWORK, matrix.SHARD_INDEX, matrix.SHARD_TOTAL)",fix-security_alerts_sbom_main,cancelled,,https://github.com/DevExpress/DevExtreme/actions/runs/37759512041/job/113254720011
"08.10.26, 09:57:54",113254720804,37759512041,1,Demos Visual Tests,${{ matrix.CONSTEL }}-screenshots-${{ matrix.THEME }},fix-security_alerts_sbom_main,cancelled,,https://github.com/DevExpress/DevExtreme/actions/runs/37759512041/job/113254720804
"08.10.26, 09:57:54",113254722409,37759512041,1,Demos Visual Tests,merge-artifacts,fix-security_alerts_sbom_main,cancelled,,https://github.com/DevExpress/DevExtreme/actions/runs/37759512041/job/113254722409
"08.10.26, 09:53:06",113252920091,37758860981,1,Demos Visual Tests,Check generated demos,scheduler-fix-T1336516_26_2,cancelled,Restore pnpm cache,https://github.com/DevExpress/DevExtreme/actions/runs/37758860981/job/113252920091
"08.10.26, 09:53:06",113252920092,37758860981,1,Demos Visual Tests,Check TS and lint code base,scheduler-fix-T1336516_26_2,cancelled,Run lint on all demos,https://github.com/DevExpress/DevExtreme/actions/runs/37758860981/job/113252920092
"08.10.26, 09:53:06",113252920183,37758860981,1,Demos Visual Tests,CSP check (jQuery),scheduler-fix-T1336516_26_2,cancelled,Install dependencies,https://github.com/DevExpress/DevExtreme/actions/runs/37758860981/job/113252920183
"08.10.26, 09:53:06",113252920221,37758860981,1,Demos Visual Tests,CSP check (Vue 1/2),scheduler-fix-T1336516_26_2,cancelled,Install dependencies,https://github.com/DevExpress/DevExtreme/actions/runs/37758860981/job/113252920221
"08.10.26, 09:53:06",113252920248,37758860981,1,Demos Visual Tests,CSP check (Vue 2/2),scheduler-fix-T1336516_26_2,cancelled,Bundle demos for CSP check,https://github.com/DevExpress/DevExtreme/actions/runs/37758860981/job/113252920248
"08.10.26, 09:53:06",113252920299,37758860981,1,Demos Visual Tests,"Build vendor bundles (React, Vue)",scheduler-fix-T1336516_26_2,cancelled,,https://github.com/DevExpress/DevExtreme/actions/runs/37758860981/job/113252920299
"08.10.26, 09:53:06",113252920340,37758860981,1,Demos Visual Tests,CSP check (Angular 1/3),scheduler-fix-T1336516_26_2,cancelled,,https://github.com/DevExpress/DevExtreme/actions/runs/37758860981/job/113252920340
"08.10.26, 09:53:07",113252920362,37758860981,1,Demos Visual Tests,CSP check (Angular 2/3),scheduler-fix-T1336516_26_2,cancelled,Restore pnpm cache,https://github.com/DevExpress/DevExtreme/actions/runs/37758860981/job/113252920362
"08.10.26, 09:53:07",113252920373,37758860981,1,Demos Visual Tests,CSP check (Angular 3/3),scheduler-fix-T1336516_26_2,cancelled,Install dependencies,https://github.com/DevExpress/DevExtreme/actions/runs/37758860981/job/113252920373
"08.10.26, 09:53:07",113252920379,37758860981,1,Demos Visual Tests,CSP check (React 2/2),scheduler-fix-T1336516_26_2,cancelled,,https://github.com/DevExpress/DevExtreme/actions/runs/37758860981/job/113252920379
"08.10.26, 09:53:07",113252920416,37758860981,1,Demos Visual Tests,CSP check (React 1/2),scheduler-fix-T1336516_26_2,cancelled,,https://github.com/DevExpress/DevExtreme/actions/runs/37758860981/job/113252920416
"08.10.26, 09:53:07",113252920428,37758860981,1,Demos Visual Tests,jquery(1/3)-screenshots-fluent.blue.light,scheduler-fix-T1336516_26_2,cancelled,Run pnpm/action-setup@v6,https://github.com/DevExpress/DevExtreme/actions/runs/37758860981/job/113252920428
"08.10.26, 09:53:07",113252920433,37758860981,1,Demos Visual Tests,jquery(3/3)-screenshots-fluent.blue.light,scheduler-fix-T1336516_26_2,cancelled,Run pnpm/action-setup@v6,https://github.com/DevExpress/DevExtreme/actions/runs/37758860981/job/113252920433
"08.10.26, 09:53:07",113252920450,37758860981,1,Demos Visual Tests,jquery-accessibility-material.blue.dark,scheduler-fix-T1336516_26_2,cancelled,Install dependencies,https://github.com/DevExpress/DevExtreme/actions/runs/37758860981/job/113252920450
"08.10.26, 09:53:07",113252920481,37758860981,1,Demos Visual Tests,jquery-accessibility-material.blue.light,scheduler-fix-T1336516_26_2,cancelled,Use Node.js,https://github.com/DevExpress/DevExtreme/actions/runs/37758860981/job/113252920481
"08.10.26, 09:53:07",113252920500,37758860981,1,Demos Visual Tests,jquery(2/3)-screenshots-fluent.blue.light,scheduler-fix-T1336516_26_2,cancelled,,https://github.com/DevExpress/DevExtreme/actions/runs/37758860981/job/113252920500
"08.10.26, 09:53:07",113252920534,37758860981,1,Demos Visual Tests,jquery-accessibility-fluent.blue.dark,scheduler-fix-T1336516_26_2,cancelled,Install dependencies,https://github.com/DevExpress/DevExtreme/actions/runs/37758860981/job/113252920534
"08.10.26, 09:53:07",113252920542,37758860981,1,Demos Visual Tests,jquery(1/3)-screenshots-material.blue.light,scheduler-fix-T1336516_26_2,cancelled,,https://github.com/DevExpress/DevExtreme/actions/runs/37758860981/job/113252920542
"08.10.26, 09:53:07",113252920594,37758860981,1,Demos Visual Tests,jquery-accessibility-fluent.blue.light,scheduler-fix-T1336516_26_2,cancelled,,https://github.com/DevExpress/DevExtreme/actions/runs/37758860981/job/113252920594
"08.10.26, 09:53:07",113252920597,37758860981,1,Demos Visual Tests,jquery(3/3)-screenshots-material.blue.light,scheduler-fix-T1336516_26_2,cancelled,,https://github.com/DevExpress/DevExtreme/actions/runs/37758860981/job/113252920597
"08.10.26, 09:53:07",113252920600,37758860981,1,Demos Visual Tests,jquery(2/3)-screenshots-material.blue.light,scheduler-fix-T1336516_26_2,cancelled,,https://github.com/DevExpress/DevExtreme/actions/runs/37758860981/job/113252920600
"08.10.26, 09:57:57",113254745863,37758860981,1,Demos Visual Tests,"matrix.SHARD_TOTAL == 1 && format('Build demos ({0})', matrix.FRAMEWORK) || format('Build demos ({0} {1}/{2})', matrix.FRAMEWORK, matrix.SHARD_INDEX, matrix.SHARD_TOTAL)",scheduler-fix-T1336516_26_2,cancelled,,https://github.com/DevExpress/DevExtreme/actions/runs/37758860981/job/113254745863
"08.10.26, 09:57:58",113254746919,37758860981,1,Demos Visual Tests,${{ matrix.CONSTEL }}-screenshots-${{ matrix.THEME }},scheduler-fix-T1336516_26_2,cancelled,,https://github.com/DevExpress/DevExtreme/actions/runs/37758860981/job/113254746919
"08.10.26, 09:58:43",113255026236,37758860981,1,Demos Visual Tests,merge-artifacts,scheduler-fix-T1336516_26_2,cancelled,,https://github.com/DevExpress/DevExtreme/actions/runs/37758860981/job/113255026236
"08.10.26, 09:59:03",113255153978,37758860981,1,Demos Visual Tests,CSP Violations Summary,scheduler-fix-T1336516_26_2,cancelled,,https://github.com/DevExpress/DevExtreme/actions/runs/37758860981/job/113255153978
"08.10.26, 09:44:02",113249519857,37758612187,1,Demos Visual Tests,Build DevExtreme,fluent-next/sync-main-05e9aabd,cancelled,Install dependencies,https://github.com/DevExpress/DevExtreme/actions/runs/37758612187/job/113249519857
"08.10.26, 09:45:17",113249985455,37758612187,1,Demos Visual Tests,"Build vendor bundles (React, Vue)",fluent-next/sync-main-05e9aabd,cancelled,,https://github.com/DevExpress/DevExtreme/actions/runs/37758612187/job/113249985455
"08.10.26, 09:45:17",113249985621,37758612187,1,Demos Visual Tests,Check generated demos,fluent-next/sync-main-05e9aabd,cancelled,,https://github.com/DevExpress/DevExtreme/actions/runs/37758612187/job/113249985621
"08.10.26, 09:45:17",113249985841,37758612187,1,Demos Visual Tests,CSP check (jQuery),fluent-next/sync-main-05e9aabd,cancelled,,https://github.com/DevExpress/DevExtreme/actions/runs/37758612187/job/113249985841
"08.10.26, 09:45:17",113249986259,37758612187,1,Demos Visual Tests,${{ matrix.CONSTEL }}-${{ matrix.STRATEGY }}-${{ matrix.THEME }},fluent-next/sync-main-05e9aabd,cancelled,,https://github.com/DevExpress/DevExtreme/actions/runs/37758612187/job/113249986259
"08.10.26, 09:45:17",113249986410,37758612187,1,Demos Visual Tests,Check TS and lint code base,fluent-next/sync-main-05e9aabd,cancelled,,https://github.com/DevExpress/DevExtreme/actions/runs/37758612187/job/113249986410
"08.10.26, 09:45:17",113249986423,37758612187,1,Demos Visual Tests,"matrix.SHARD_TOTAL == 1 && format('CSP check ({0})', matrix.FRAMEWORK) || format('CSP check ({0} {1}/{2})', matrix.FRAMEWORK, matrix.SHARD_INDEX, matrix.SHARD_TOTAL)",fluent-next/sync-main-05e9aabd,cancelled,,https://github.com/DevExpress/DevExtreme/actions/runs/37758612187/job/113249986423
"08.10.26, 09:45:17",113249987116,37758612187,1,Demos Visual Tests,"matrix.SHARD_TOTAL == 1 && format('Build demos ({0})', matrix.FRAMEWORK) || format('Build demos ({0} {1}/{2})', matrix.FRAMEWORK, matrix.SHARD_INDEX, matrix.SHARD_TOTAL)",fluent-next/sync-main-05e9aabd,cancelled,,https://github.com/DevExpress/DevExtreme/actions/runs/37758612187/job/113249987116
"08.10.26, 09:45:17",113249987320,37758612187,1,Demos Visual Tests,${{ matrix.CONSTEL }}-screenshots-${{ matrix.THEME }},fluent-next/sync-main-05e9aabd,cancelled,,https://github.com/DevExpress/DevExtreme/actions/runs/37758612187/job/113249987320
"08.10.26, 09:45:17",113249987475,37758612187,1,Demos Visual Tests,merge-artifacts,fluent-next/sync-main-05e9aabd,cancelled,,https://github.com/DevExpress/DevExtreme/actions/runs/37758612187/job/113249987475
"08.10.26, 09:45:17",113249987549,37758612187,1,Demos Visual Tests,CSP Violations Summary,fluent-next/sync-main-05e9aabd,cancelled,,https://github.com/DevExpress/DevExtreme/actions/runs/37758612187/job/113249987549
"08.10.26, 09:36:08",113246505776,37755683837,1,Demos Visual Tests,vue(3/5)-screenshots-fluent-next.blue.light,fluent-next/sync-main-05e9aabd,cancelled,Run TestCafe tests,https://github.com/DevExpress/DevExtreme/actions/runs/37755683837/job/113246505776
"08.10.26, 09:43:15",113249220523,37755683837,1,Demos Visual Tests,CSP Violations Summary,fluent-next/sync-main-05e9aabd,cancelled,,https://github.com/DevExpress/DevExtreme/actions/runs/37755683837/job/113249220523
"08.10.26, 09:43:41",113249382622,37755683837,1,Demos Visual Tests,merge-artifacts,fluent-next/sync-main-05e9aabd,cancelled,,https://github.com/DevExpress/DevExtreme/actions/runs/37755683837/job/113249382622
"08.10.26, 09:29:05",113243769763,37754834777,1,Demos Visual Tests,vue(1/5)-screenshots-fluent.blue.light,refactor/type-treelist-data-source-adapter-main,failure,,https://github.com/DevExpress/DevExtreme/actions/runs/37754834777/job/113243769763
"08.10.26, 08:59:51",113232525459,37753559571,1,Demos Visual Tests,Build DevExtreme,fluent-next/sync-main-05e9aabd,failure,DevExtreme - Build-all,https://github.com/DevExpress/DevExtreme/actions/runs/37753559571/job/113232525459
"08.10.26, 08:49:58",113228763801,37750111922,1,Demos Visual Tests,Check generated demos,feature/demo_custom_AI_assistant,failure,Check generated JS demos,https://github.com/DevExpress/DevExtreme/actions/runs/37750111922/job/113228763801
"08.10.26, 08:49:58",113228763830,37750111922,1,Demos Visual Tests,Check TS and lint code base,feature/demo_custom_AI_assistant,failure,Check TS and lint results,https://github.com/DevExpress/DevExtreme/actions/runs/37750111922/job/113228763830
"08.10.26, 08:49:58",113228764125,37750111922,1,Demos Visual Tests,jquery(3/3)-screenshots-material.blue.light,feature/demo_custom_AI_assistant,failure,Run TestCafe tests (jQuery),https://github.com/DevExpress/DevExtreme/actions/runs/37750111922/job/113228764125
"08.10.26, 08:53:38",113230134251,37750111922,1,Demos Visual Tests,react(2/3)-screenshots-fluent.blue.light,feature/demo_custom_AI_assistant,failure,Run TestCafe tests,https://github.com/DevExpress/DevExtreme/actions/runs/37750111922/job/113230134251
"08.10.26, 08:53:38",113230134334,37750111922,1,Demos Visual Tests,angular(4/10)-screenshots-fluent.blue.light,feature/demo_custom_AI_assistant,failure,Run TestCafe tests,https://github.com/DevExpress/DevExtreme/actions/runs/37750111922/job/113230134334
"08.10.26, 08:53:38",113230134343,37750111922,1,Demos Visual Tests,vue(5/5)-screenshots-fluent.blue.light,feature/demo_custom_AI_assistant,failure,Run TestCafe tests,https://github.com/DevExpress/DevExtreme/actions/runs/37750111922/job/113230134343
"08.10.26, 08:11:07",113214541229,37747585251,1,Demos Visual Tests,jquery(1/3)-screenshots-fluent.blue.light,fix_eslint_n_types_26_1,failure,,https://github.com/DevExpress/DevExtreme/actions/runs/37747585251/job/113214541229
"08.10.26, 08:07:57",113213404081,37747206244,1,Demos Visual Tests,CSP check (jQuery),typescript/core/utils_typing_5039_part2_26_1,cancelled,,https://github.com/DevExpress/DevExtreme/actions/runs/37747206244/job/113213404081
"08.10.26, 08:27:43",113220560010,37747206244,1,Demos Visual Tests,CSP Violations Summary,typescript/core/utils_typing_5039_part2_26_1,cancelled,,https://github.com/DevExpress/DevExtreme/actions/runs/37747206244/job/113220560010
"08.10.26, 08:12:28",113215028992,37747202731,1,Demos Visual Tests,Check generated demos,typescript/core/utils_typing_5039_part2,cancelled,,https://github.com/DevExpress/DevExtreme/actions/runs/37747202731/job/113215028992
"08.10.26, 08:12:28",113215029111,37747202731,1,Demos Visual Tests,CSP check (jQuery),typescript/core/utils_typing_5039_part2,cancelled,Run CSP Check,https://github.com/DevExpress/DevExtreme/actions/runs/37747202731/job/113215029111
"08.10.26, 08:12:28",113215029173,37747202731,1,Demos Visual Tests,CSP check (Vue 2/2),typescript/core/utils_typing_5039_part2,cancelled,Run CSP Check,https://github.com/DevExpress/DevExtreme/actions/runs/37747202731/job/113215029173
"08.10.26, 08:12:28",113215029328,37747202731,1,Demos Visual Tests,jquery(3/3)-screenshots-material.blue.light,typescript/core/utils_typing_5039_part2,failure,Run TestCafe tests (jQuery),https://github.com/DevExpress/DevExtreme/actions/runs/37747202731/job/113215029328
"08.10.26, 08:16:55",113216634684,37747202731,1,Demos Visual Tests,vue(2/5)-screenshots-fluent.blue.light,typescript/core/utils_typing_5039_part2,cancelled,Run TestCafe tests,https://github.com/DevExpress/DevExtreme/actions/runs/37747202731/job/113216634684
"08.10.26, 08:16:55",113216634732,37747202731,1,Demos Visual Tests,angular(1/10)-screenshots-fluent.blue.light,typescript/core/utils_typing_5039_part2,cancelled,Run TestCafe tests,https://github.com/DevExpress/DevExtreme/actions/runs/37747202731/job/113216634732
"08.10.26, 08:16:55",113216634837,37747202731,1,Demos Visual Tests,react(2/3)-screenshots-fluent.blue.light,typescript/core/utils_typing_5039_part2,cancelled,,https://github.com/DevExpress/DevExtreme/actions/runs/37747202731/job/113216634837
"08.10.26, 08:16:55",113216634959,37747202731,1,Demos Visual Tests,angular(4/10)-screenshots-fluent.blue.light,typescript/core/utils_typing_5039_part2,cancelled,Run TestCafe tests,https://github.com/DevExpress/DevExtreme/actions/runs/37747202731/job/113216634959
"08.10.26, 08:23:16",113218945192,37747202731,1,Demos Visual Tests,merge-artifacts,typescript/core/utils_typing_5039_part2,cancelled,,https://github.com/DevExpress/DevExtreme/actions/runs/37747202731/job/113218945192
"08.10.26, 08:23:43",113219103254,37747202731,1,Demos Visual Tests,CSP Violations Summary,typescript/core/utils_typing_5039_part2,cancelled,,https://github.com/DevExpress/DevExtreme/actions/runs/37747202731/job/113219103254
"08.10.26, 08:09:39",113214008260,37746516029,1,Demos Visual Tests,vue(2/5)-screenshots-fluent.blue.light,r-farkhutdinov/sbom-toolkit-bump,failure,,https://github.com/DevExpress/DevExtreme/actions/runs/37746516029/job/113214008260
"08.10.26, 15:18:36",113388194661,37799043049,1,Wrappers Tests,test (angular),refactor_columns_view_main,failure,,https://github.com/DevExpress/DevExtreme/actions/runs/37799043049/job/113388194661
"08.10.26, 15:12:11",113385093532,37797969544,1,Wrappers Tests,test (react),refactor_columns_view_main,cancelled,Test react,https://github.com/DevExpress/DevExtreme/actions/runs/37797969544/job/113385093532
"08.10.26, 15:12:11",113385093551,37797969544,1,Wrappers Tests,test (vue),refactor_columns_view_main,cancelled,Test vue,https://github.com/DevExpress/DevExtreme/actions/runs/37797969544/job/113385093551
"08.10.26, 15:12:11",113385093927,37797969544,1,Wrappers Tests,test (angular),refactor_columns_view_main,cancelled,Test angular,https://github.com/DevExpress/DevExtreme/actions/runs/37797969544/job/113385093927
"08.10.26, 13:22:12",113333266156,37783798995,1,Wrappers Tests,build,typescript/html_editor/typing_5248_pr1_26_1,cancelled,Build devextreme package,https://github.com/DevExpress/DevExtreme/actions/runs/37783798995/job/113333266156
"08.10.26, 13:30:21",113336904360,37783798995,1,Wrappers Tests,test,typescript/html_editor/typing_5248_pr1_26_1,cancelled,,https://github.com/DevExpress/DevExtreme/actions/runs/37783798995/job/113336904360
"08.10.26, 13:28:16",113335963541,37783790688,1,Wrappers Tests,test (react),typescript/html_editor/typing_5248_pr1,cancelled,Install dependencies,https://github.com/DevExpress/DevExtreme/actions/runs/37783790688/job/113335963541
"08.10.26, 13:28:16",113335963641,37783790688,1,Wrappers Tests,test (vue),typescript/html_editor/typing_5248_pr1,cancelled,,https://github.com/DevExpress/DevExtreme/actions/runs/37783790688/job/113335963641
"08.10.26, 13:28:16",113335963696,37783790688,1,Wrappers Tests,test (angular),typescript/html_editor/typing_5248_pr1,cancelled,Install dependencies,https://github.com/DevExpress/DevExtreme/actions/runs/37783790688/job/113335963696
"08.10.26, 11:28:01",113287700600,37770220859,1,Wrappers Tests,build,26_1,failure,,https://github.com/DevExpress/DevExtreme/actions/runs/37770220859/job/113287700600
"08.10.26, 11:01:17",113278000243,37766840946,1,Wrappers Tests,test (react),26_1,cancelled,,https://github.com/DevExpress/DevExtreme/actions/runs/37766840946/job/113278000243
"08.10.26, 11:01:17",113278000281,37766840946,1,Wrappers Tests,test (angular),26_1,cancelled,Test angular,https://github.com/DevExpress/DevExtreme/actions/runs/37766840946/job/113278000281
"08.10.26, 10:55:15",113275828861,37766646431,1,Wrappers Tests,build,26_1,cancelled,Build devextreme package,https://github.com/DevExpress/DevExtreme/actions/runs/37766646431/job/113275828861
"08.10.26, 10:55:15",113275829016,37766646431,1,Wrappers Tests,check-regenerate,26_1,cancelled,Post Setup pnpm cache,https://github.com/DevExpress/DevExtreme/actions/runs/37766646431/job/113275829016
"08.10.26, 10:57:34",113276656357,37766646431,1,Wrappers Tests,test,26_1,cancelled,,https://github.com/DevExpress/DevExtreme/actions/runs/37766646431/job/113276656357
"08.10.26, 10:05:45",113257707198,37760554157,1,Wrappers Tests,test (angular),fix-security_alerts_sbom_26_1,failure,,https://github.com/DevExpress/DevExtreme/actions/runs/37760554157/job/113257707198
"08.10.26, 09:57:56",113254738571,37760280030,1,Wrappers Tests,build,scheduler-fix-T1336516_26_2,cancelled,Post Setup nx cache,https://github.com/DevExpress/DevExtreme/actions/runs/37760280030/job/113254738571
"08.10.26, 10:01:13",113255986960,37760280030,1,Wrappers Tests,test,scheduler-fix-T1336516_26_2,cancelled,,https://github.com/DevExpress/DevExtreme/actions/runs/37760280030/job/113255986960
"08.10.26, 09:51:13",113252219015,37759512033,1,Wrappers Tests,build,fix-security_alerts_sbom_main,cancelled,Build devextreme package,https://github.com/DevExpress/DevExtreme/actions/runs/37759512033/job/113252219015
"08.10.26, 09:58:14",113254850281,37759512033,1,Wrappers Tests,test,fix-security_alerts_sbom_main,cancelled,,https://github.com/DevExpress/DevExtreme/actions/runs/37759512033/job/113254850281
"08.10.26, 09:43:23",113249268764,37758612369,1,Wrappers Tests,build,fluent-next/sync-main-05e9aabd,cancelled,Install dependencies,https://github.com/DevExpress/DevExtreme/actions/runs/37758612369/job/113249268764
"08.10.26, 09:43:23",113249269286,37758612369,1,Wrappers Tests,check-regenerate,fluent-next/sync-main-05e9aabd,cancelled,Install dependencies,https://github.com/DevExpress/DevExtreme/actions/runs/37758612369/job/113249269286
"08.10.26, 09:44:40",113249754530,37758612369,1,Wrappers Tests,test,fluent-next/sync-main-05e9aabd,cancelled,,https://github.com/DevExpress/DevExtreme/actions/runs/37758612369/job/113249754530
"08.10.26, 08:59:41",113232460024,37753559588,1,Wrappers Tests,build,fluent-next/sync-main-05e9aabd,failure,Build devextreme package,https://github.com/DevExpress/DevExtreme/actions/runs/37753559588/job/113232460024
"08.10.26, 08:06:21",113212829387,37747206231,1,Wrappers Tests,test (angular),typescript/core/utils_typing_5039_part2_26_1,cancelled,,https://github.com/DevExpress/DevExtreme/actions/runs/37747206231/job/113212829387
"08.10.26, 15:06:17",113382286606,37797969317,1,Wrappers E2E Tests,Build DevExtreme and Wrappers,refactor_columns_view_main,cancelled,Post Setup pnpm cache,https://github.com/DevExpress/DevExtreme/actions/runs/37797969317/job/113382286606
"08.10.26, 15:14:25",113386163638,37797969317,1,Wrappers E2E Tests,Test ${{ matrix.framework }},refactor_columns_view_main,cancelled,,https://github.com/DevExpress/DevExtreme/actions/runs/37797969317/job/113386163638
"08.10.26, 13:22:12",113333266454,37783798864,1,Wrappers E2E Tests,Build DevExtreme and Wrappers,typescript/html_editor/typing_5248_pr1_26_1,cancelled,,https://github.com/DevExpress/DevExtreme/actions/runs/37783798864/job/113333266454
"08.10.26, 13:30:29",113336964382,37783798864,1,Wrappers E2E Tests,Test ${{ matrix.framework }},typescript/html_editor/typing_5248_pr1_26_1,cancelled,,https://github.com/DevExpress/DevExtreme/actions/runs/37783798864/job/113336964382
"08.10.26, 13:22:09",113333239251,37783790209,1,Wrappers E2E Tests,Build DevExtreme and Wrappers,typescript/html_editor/typing_5248_pr1,cancelled,Build wrappers apps,https://github.com/DevExpress/DevExtreme/actions/runs/37783790209/job/113333239251
"08.10.26, 13:30:01",113336755428,37783790209,1,Wrappers E2E Tests,Test ${{ matrix.framework }},typescript/html_editor/typing_5248_pr1,cancelled,,https://github.com/DevExpress/DevExtreme/actions/runs/37783790209/job/113336755428
"08.10.26, 09:57:56",113254738206,37760279994,1,Wrappers E2E Tests,Build DevExtreme and Wrappers,scheduler-fix-T1336516_26_2,cancelled,Build all DevExtreme packages,https://github.com/DevExpress/DevExtreme/actions/runs/37760279994/job/113254738206
"08.10.26, 10:01:44",113256190275,37760279994,1,Wrappers E2E Tests,Test ${{ matrix.framework }},scheduler-fix-T1336516_26_2,cancelled,,https://github.com/DevExpress/DevExtreme/actions/runs/37760279994/job/113256190275
"08.10.26, 09:51:13",113252219478,37759512035,1,Wrappers E2E Tests,Build DevExtreme and Wrappers,fix-security_alerts_sbom_main,cancelled,Build all DevExtreme packages,https://github.com/DevExpress/DevExtreme/actions/runs/37759512035/job/113252219478
"08.10.26, 09:58:08",113254811876,37759512035,1,Wrappers E2E Tests,Test ${{ matrix.framework }},fix-security_alerts_sbom_main,cancelled,,https://github.com/DevExpress/DevExtreme/actions/runs/37759512035/job/113254811876
"08.10.26, 09:42:41",113249007081,37755683946,1,Wrappers E2E Tests,Test vue3,fluent-next/sync-main-05e9aabd,cancelled,Install dependencies,https://github.com/DevExpress/DevExtreme/actions/runs/37755683946/job/113249007081
"08.10.26, 09:42:41",113249007155,37755683946,1,Wrappers E2E Tests,Test angular,fluent-next/sync-main-05e9aabd,cancelled,Install dependencies,https://github.com/DevExpress/DevExtreme/actions/runs/37755683946/job/113249007155
"08.10.26, 09:42:41",113249007282,37755683946,1,Wrappers E2E Tests,Test react19,fluent-next/sync-main-05e9aabd,cancelled,Install dependencies,https://github.com/DevExpress/DevExtreme/actions/runs/37755683946/job/113249007282
"08.10.26, 08:59:41",113232460486,37753559576,1,Wrappers E2E Tests,Build DevExtreme and Wrappers,fluent-next/sync-main-05e9aabd,failure,Build all DevExtreme packages,https://github.com/DevExpress/DevExtreme/actions/runs/37753559576/job/113232460486
