created at,id,run id,run attempt,workflow name,name,head branch,conclusion,step,html url
"29.07.26, 22:06:01",90721267464,30494883670,1,Build and pack DevExtreme npm packages,build,feature/systemjs-remove-from-qunit-testinng,cancelled,Install dependencies,https://github.com/DevExpress/DevExtreme/actions/runs/30494883670/job/90721267464
"29.07.26, 22:06:55",90721453367,30494883670,1,Build and pack DevExtreme npm packages,custom_bundles,feature/systemjs-remove-from-qunit-testinng,cancelled,,https://github.com/DevExpress/DevExtreme/actions/runs/30494883670/job/90721453367
"29.07.26, 21:43:46",90716722120,30492819716,1,Build and pack DevExtreme npm packages,custom_bundles,feature/systemjs-remove-from-qunit-testinng,cancelled,Build bundle,https://github.com/DevExpress/DevExtreme/actions/runs/30492819716/job/90716722120
"29.07.26, 16:48:09",90645663189,30472407276,1,Build and pack DevExtreme npm packages,build,T1329677,cancelled,Use Node.js,https://github.com/DevExpress/DevExtreme/actions/runs/30472407276/job/90645663189
"29.07.26, 16:48:31",90645757203,30472407276,1,Build and pack DevExtreme npm packages,custom_bundles,T1329677,cancelled,,https://github.com/DevExpress/DevExtreme/actions/runs/30472407276/job/90645757203
"29.07.26, 16:36:37",90642682955,30471523526,1,Build and pack DevExtreme npm packages,build,feature/systemjs-remove-from-qunit-testinng,cancelled,Post Setup nx cache,https://github.com/DevExpress/DevExtreme/actions/runs/30471523526/job/90642682955
"29.07.26, 16:45:41",90645037134,30471523526,1,Build and pack DevExtreme npm packages,custom_bundles,feature/systemjs-remove-from-qunit-testinng,cancelled,,https://github.com/DevExpress/DevExtreme/actions/runs/30471523526/job/90645037134
"29.07.26, 14:22:57",90605289414,30460579844,1,Build and pack DevExtreme npm packages,build,qunit_fluent_part_1_26_1,cancelled,Post Setup pnpm cache,https://github.com/DevExpress/DevExtreme/actions/runs/30460579844/job/90605289414
"29.07.26, 14:32:49",90608108380,30460579844,1,Build and pack DevExtreme npm packages,custom_bundles,qunit_fluent_part_1_26_1,cancelled,,https://github.com/DevExpress/DevExtreme/actions/runs/30460579844/job/90608108380
"29.07.26, 13:27:33",90589911687,30456092588,1,Build and pack DevExtreme npm packages,build,feature/26_2_new_fluent_theme_with_design_tokens_add_etalons,cancelled,,https://github.com/DevExpress/DevExtreme/actions/runs/30456092588/job/90589911687
"29.07.26, 13:27:35",90589921394,30456092588,1,Build and pack DevExtreme npm packages,custom_bundles,feature/26_2_new_fluent_theme_with_design_tokens_add_etalons,cancelled,,https://github.com/DevExpress/DevExtreme/actions/runs/30456092588/job/90589921394
"29.07.26, 11:59:55",90568723750,30449751798,1,Build and pack DevExtreme npm packages,build,fix/T1332943,cancelled,Get sources,https://github.com/DevExpress/DevExtreme/actions/runs/30449751798/job/90568723750
"29.07.26, 12:01:32",90569097682,30449751798,1,Build and pack DevExtreme npm packages,custom_bundles,fix/T1332943,cancelled,,https://github.com/DevExpress/DevExtreme/actions/runs/30449751798/job/90569097682
"29.07.26, 11:50:02",90566566790,30449096756,1,Build and pack DevExtreme npm packages,build,datagrid_qunit_tests_replace_theme_26_2,cancelled,Build npm packages,https://github.com/DevExpress/DevExtreme/actions/runs/30449096756/job/90566566790
"29.07.26, 11:53:25",90567313051,30449096756,1,Build and pack DevExtreme npm packages,custom_bundles,datagrid_qunit_tests_replace_theme_26_2,cancelled,,https://github.com/DevExpress/DevExtreme/actions/runs/30449096756/job/90567313051
"29.07.26, 11:21:09",90560467513,30447228216,1,Build and pack DevExtreme npm packages,build,datagrid_qunit_tests_replace_theme_26_2,cancelled,Setup nx cache,https://github.com/DevExpress/DevExtreme/actions/runs/30447228216/job/90560467513
"29.07.26, 11:22:20",90560717791,30447228216,1,Build and pack DevExtreme npm packages,custom_bundles,datagrid_qunit_tests_replace_theme_26_2,cancelled,,https://github.com/DevExpress/DevExtreme/actions/runs/30447228216/job/90560717791
"29.07.26, 10:36:07",90550775285,30444302627,1,Build and pack DevExtreme npm packages,build,feature/26_2_new_fluent_theme_with_design_tokens,cancelled,Build npm packages,https://github.com/DevExpress/DevExtreme/actions/runs/30444302627/job/90550775285
"29.07.26, 10:41:36",90551935480,30444302627,1,Build and pack DevExtreme npm packages,custom_bundles,feature/26_2_new_fluent_theme_with_design_tokens,cancelled,,https://github.com/DevExpress/DevExtreme/actions/runs/30444302627/job/90551935480
"29.07.26, 08:23:57",90521677680,30435351634,1,Build and pack DevExtreme npm packages,build,feature/systemjs-remove-from-qunit-testinng,failure,Install dependencies,https://github.com/DevExpress/DevExtreme/actions/runs/30435351634/job/90521677680
"29.07.26, 00:56:03",90451960986,30412604264,1,Build and pack DevExtreme npm packages,build,feature/remove-systemjs-demos,cancelled,Get sources,https://github.com/DevExpress/DevExtreme/actions/runs/30412604264/job/90451960986
"29.07.26, 00:56:18",90451996806,30412604264,1,Build and pack DevExtreme npm packages,custom_bundles,feature/remove-systemjs-demos,cancelled,,https://github.com/DevExpress/DevExtreme/actions/runs/30412604264/job/90451996806
"29.07.26, 22:06:00",90721266349,30494883339,1,Default Workflow,main,feature/systemjs-remove-from-qunit-testinng,cancelled,Setup pnpm cache,https://github.com/DevExpress/DevExtreme/actions/runs/30494883339/job/90721266349
"29.07.26, 16:48:09",90645665105,30472407893,1,Default Workflow,main,T1329677,cancelled,Use Node.js,https://github.com/DevExpress/DevExtreme/actions/runs/30472407893/job/90645665105
"29.07.26, 13:27:33",90589911481,30456092787,1,Default Workflow,main,feature/26_2_new_fluent_theme_with_design_tokens_add_etalons,cancelled,,https://github.com/DevExpress/DevExtreme/actions/runs/30456092787/job/90589911481
"29.07.26, 11:59:55",90568721308,30449751119,1,Default Workflow,main,fix/T1332943,cancelled,Use Node.js,https://github.com/DevExpress/DevExtreme/actions/runs/30449751119/job/90568721308
"29.07.26, 11:50:02",90566567588,30449096899,1,Default Workflow,main,datagrid_qunit_tests_replace_theme_26_2,cancelled,Run targets,https://github.com/DevExpress/DevExtreme/actions/runs/30449096899/job/90566567588
"29.07.26, 11:21:09",90560467702,30447228239,1,Default Workflow,main,datagrid_qunit_tests_replace_theme_26_2,cancelled,Install dependencies,https://github.com/DevExpress/DevExtreme/actions/runs/30447228239/job/90560467702
"29.07.26, 09:47:42",90540264688,30441076618,1,Default Workflow,main,feature/26_2_new_fluent_theme_with_design_tokens,failure,Run targets,https://github.com/DevExpress/DevExtreme/actions/runs/30441076618/job/90540264688
"29.07.26, 10:03:12",90543681882,30441076618,2,Default Workflow,main,feature/26_2_new_fluent_theme_with_design_tokens,cancelled,Install dependencies,https://github.com/DevExpress/DevExtreme/actions/runs/30441076618/job/90543681882
"29.07.26, 08:23:57",90521677483,30435351628,1,Default Workflow,main,feature/systemjs-remove-from-qunit-testinng,failure,Install dependencies,https://github.com/DevExpress/DevExtreme/actions/runs/30435351628/job/90521677483
"29.07.26, 00:56:03",90451960818,30412604218,1,Default Workflow,main,feature/remove-systemjs-demos,cancelled,Get sources,https://github.com/DevExpress/DevExtreme/actions/runs/30412604218/job/90451960818
"29.07.26, 22:06:07",90721287777,30494882779,1,Demos unit tests,Run unit tests,feature/systemjs-remove-from-qunit-testinng,cancelled,Install dependencies,https://github.com/DevExpress/DevExtreme/actions/runs/30494882779/job/90721287777
"29.07.26, 16:48:22",90645717220,30472408466,1,Demos unit tests,Run unit tests,T1329677,cancelled,Set up job,https://github.com/DevExpress/DevExtreme/actions/runs/30472408466/job/90645717220
"29.07.26, 13:27:33",90589913256,30456092982,1,Demos unit tests,Check if tests should run,feature/26_2_new_fluent_theme_with_design_tokens_add_etalons,cancelled,,https://github.com/DevExpress/DevExtreme/actions/runs/30456092982/job/90589913256
"29.07.26, 13:27:34",90589917475,30456092982,1,Demos unit tests,Run unit tests,feature/26_2_new_fluent_theme_with_design_tokens_add_etalons,cancelled,,https://github.com/DevExpress/DevExtreme/actions/runs/30456092982/job/90589917475
"29.07.26, 12:00:08",90568769358,30449751602,1,Demos unit tests,Run unit tests,fix/T1332943,cancelled,Post Setup pnpm cache,https://github.com/DevExpress/DevExtreme/actions/runs/30449751602/job/90568769358
"29.07.26, 11:21:15",90560488347,30447228165,1,Demos unit tests,Run unit tests,datagrid_qunit_tests_replace_theme_26_2,cancelled,Run unit tests,https://github.com/DevExpress/DevExtreme/actions/runs/30447228165/job/90560488347
"29.07.26, 08:24:10",90521721066,30435351644,1,Demos unit tests,Run unit tests,feature/systemjs-remove-from-qunit-testinng,failure,Install dependencies,https://github.com/DevExpress/DevExtreme/actions/runs/30435351644/job/90521721066
"29.07.26, 00:56:15",90451989541,30412604226,1,Demos unit tests,Run unit tests,feature/remove-systemjs-demos,cancelled,,https://github.com/DevExpress/DevExtreme/actions/runs/30412604226/job/90451989541
"29.07.26, 14:34:52",90608696687,30460654377,1,Demos Visual Tests,Lint code base,qunit_fluent_part_1_25_2,cancelled,,https://github.com/DevExpress/DevExtreme/actions/runs/30460654377/job/90608696687
"29.07.26, 14:34:52",90608696926,30460654377,1,Demos Visual Tests,Check generated demos (changed only),qunit_fluent_part_1_25_2,cancelled,,https://github.com/DevExpress/DevExtreme/actions/runs/30460654377/job/90608696926
"29.07.26, 14:34:53",90608697408,30460654377,1,Demos Visual Tests,Build Demos Bundles,qunit_fluent_part_1_25_2,cancelled,,https://github.com/DevExpress/DevExtreme/actions/runs/30460654377/job/90608697408
"29.07.26, 14:34:53",90608697453,30460654377,1,Demos Visual Tests,Check generated demos (${{ matrix.CONSTEL }}),qunit_fluent_part_1_25_2,cancelled,,https://github.com/DevExpress/DevExtreme/actions/runs/30460654377/job/90608697453
"29.07.26, 14:34:53",90608697711,30460654377,1,Demos Visual Tests,${{ matrix.CONSTEL }}-screenshots-${{ matrix.THEME }},qunit_fluent_part_1_25_2,cancelled,,https://github.com/DevExpress/DevExtreme/actions/runs/30460654377/job/90608697711
"29.07.26, 14:34:53",90608697902,30460654377,1,Demos Visual Tests,${{ matrix.CONSTEL }}-screenshots-${{ matrix.THEME }},qunit_fluent_part_1_25_2,cancelled,,https://github.com/DevExpress/DevExtreme/actions/runs/30460654377/job/90608697902
"29.07.26, 14:34:53",90608698096,30460654377,1,Demos Visual Tests,Check TS,qunit_fluent_part_1_25_2,cancelled,,https://github.com/DevExpress/DevExtreme/actions/runs/30460654377/job/90608698096
"29.07.26, 14:41:24",90610569205,30460654377,1,Demos Visual Tests,merge-artifacts,qunit_fluent_part_1_25_2,cancelled,,https://github.com/DevExpress/DevExtreme/actions/runs/30460654377/job/90610569205
"29.07.26, 22:06:01",90721267000,30494883514,1,Lint,component_exports,feature/systemjs-remove-from-qunit-testinng,cancelled,Install dependencies,https://github.com/DevExpress/DevExtreme/actions/runs/30494883514/job/90721267000
"29.07.26, 22:06:01",90721267013,30494883514,1,Lint,wrappers,feature/systemjs-remove-from-qunit-testinng,cancelled,Setup pnpm cache,https://github.com/DevExpress/DevExtreme/actions/runs/30494883514/job/90721267013
"29.07.26, 22:06:01",90721267063,30494883514,1,Lint,TS,feature/systemjs-remove-from-qunit-testinng,cancelled,Install dependencies,https://github.com/DevExpress/DevExtreme/actions/runs/30494883514/job/90721267063
"29.07.26, 22:06:01",90721267084,30494883514,1,Lint,texts,feature/systemjs-remove-from-qunit-testinng,cancelled,Setup pnpm cache,https://github.com/DevExpress/DevExtreme/actions/runs/30494883514/job/90721267084
"29.07.26, 22:06:01",90721267087,30494883514,1,Lint,JS,feature/systemjs-remove-from-qunit-testinng,cancelled,Install dependencies,https://github.com/DevExpress/DevExtreme/actions/runs/30494883514/job/90721267087
"29.07.26, 22:06:54",90721451530,30494883514,1,Lint,Send notifications,feature/systemjs-remove-from-qunit-testinng,cancelled,,https://github.com/DevExpress/DevExtreme/actions/runs/30494883514/job/90721451530
"29.07.26, 16:48:10",90645666596,30472408350,1,Lint,texts,T1329677,cancelled,Use Node.js,https://github.com/DevExpress/DevExtreme/actions/runs/30472408350/job/90645666596
"29.07.26, 16:48:10",90645666613,30472408350,1,Lint,JS,T1329677,cancelled,Use Node.js,https://github.com/DevExpress/DevExtreme/actions/runs/30472408350/job/90645666613
"29.07.26, 16:48:10",90645666693,30472408350,1,Lint,wrappers,T1329677,cancelled,Use Node.js,https://github.com/DevExpress/DevExtreme/actions/runs/30472408350/job/90645666693
"29.07.26, 16:48:10",90645666784,30472408350,1,Lint,TS,T1329677,cancelled,Use Node.js,https://github.com/DevExpress/DevExtreme/actions/runs/30472408350/job/90645666784
"29.07.26, 16:48:10",90645666819,30472408350,1,Lint,component_exports,T1329677,cancelled,Use Node.js,https://github.com/DevExpress/DevExtreme/actions/runs/30472408350/job/90645666819
"29.07.26, 16:48:31",90645757192,30472408350,1,Lint,Send notifications,T1329677,cancelled,,https://github.com/DevExpress/DevExtreme/actions/runs/30472408350/job/90645757192
"29.07.26, 14:27:53",90606686692,30460987768,1,Lint,TS,dmlvr-feature/26_2_popover_support_content_reading,failure,Lint Testcafe tests,https://github.com/DevExpress/DevExtreme/actions/runs/30460987768/job/90606686692
"29.07.26, 14:23:50",90605541096,30460654515,1,Lint,TS,qunit_fluent_part_1_25_2,cancelled,Post Setup pnpm cache,https://github.com/DevExpress/DevExtreme/actions/runs/30460654515/job/90605541096
"29.07.26, 14:32:53",90608126389,30460654515,1,Lint,Send notifications,qunit_fluent_part_1_25_2,cancelled,,https://github.com/DevExpress/DevExtreme/actions/runs/30460654515/job/90608126389
"29.07.26, 13:27:33",90589912119,30456092839,1,Lint,TS,feature/26_2_new_fluent_theme_with_design_tokens_add_etalons,cancelled,,https://github.com/DevExpress/DevExtreme/actions/runs/30456092839/job/90589912119
"29.07.26, 13:27:33",90589912122,30456092839,1,Lint,texts,feature/26_2_new_fluent_theme_with_design_tokens_add_etalons,cancelled,,https://github.com/DevExpress/DevExtreme/actions/runs/30456092839/job/90589912122
"29.07.26, 13:27:33",90589912173,30456092839,1,Lint,wrappers,feature/26_2_new_fluent_theme_with_design_tokens_add_etalons,cancelled,,https://github.com/DevExpress/DevExtreme/actions/runs/30456092839/job/90589912173
"29.07.26, 13:27:33",90589912258,30456092839,1,Lint,component_exports,feature/26_2_new_fluent_theme_with_design_tokens_add_etalons,cancelled,,https://github.com/DevExpress/DevExtreme/actions/runs/30456092839/job/90589912258
"29.07.26, 13:27:33",90589912264,30456092839,1,Lint,JS,feature/26_2_new_fluent_theme_with_design_tokens_add_etalons,cancelled,,https://github.com/DevExpress/DevExtreme/actions/runs/30456092839/job/90589912264
"29.07.26, 13:27:34",90589917320,30456092839,1,Lint,Send notifications,feature/26_2_new_fluent_theme_with_design_tokens_add_etalons,cancelled,,https://github.com/DevExpress/DevExtreme/actions/runs/30456092839/job/90589917320
"29.07.26, 11:59:55",90568722700,30449751738,1,Lint,JS,fix/T1332943,cancelled,Use Node.js,https://github.com/DevExpress/DevExtreme/actions/runs/30449751738/job/90568722700
"29.07.26, 11:59:55",90568722797,30449751738,1,Lint,texts,fix/T1332943,cancelled,Use Node.js,https://github.com/DevExpress/DevExtreme/actions/runs/30449751738/job/90568722797
"29.07.26, 11:59:55",90568722802,30449751738,1,Lint,TS,fix/T1332943,cancelled,Get sources,https://github.com/DevExpress/DevExtreme/actions/runs/30449751738/job/90568722802
"29.07.26, 11:59:55",90568722806,30449751738,1,Lint,wrappers,fix/T1332943,cancelled,Use Node.js,https://github.com/DevExpress/DevExtreme/actions/runs/30449751738/job/90568722806
"29.07.26, 12:01:32",90569096333,30449751738,1,Lint,Send notifications,fix/T1332943,cancelled,,https://github.com/DevExpress/DevExtreme/actions/runs/30449751738/job/90569096333
"29.07.26, 11:50:02",90566567014,30449096856,1,Lint,TS,datagrid_qunit_tests_replace_theme_26_2,cancelled,Build,https://github.com/DevExpress/DevExtreme/actions/runs/30449096856/job/90566567014
"29.07.26, 11:50:02",90566567060,30449096856,1,Lint,JS,datagrid_qunit_tests_replace_theme_26_2,cancelled,Build,https://github.com/DevExpress/DevExtreme/actions/runs/30449096856/job/90566567060
"29.07.26, 11:53:26",90567315171,30449096856,1,Lint,Send notifications,datagrid_qunit_tests_replace_theme_26_2,cancelled,,https://github.com/DevExpress/DevExtreme/actions/runs/30449096856/job/90567315171
"29.07.26, 11:21:09",90560468029,30447228206,1,Lint,component_exports,datagrid_qunit_tests_replace_theme_26_2,cancelled,Post Setup pnpm cache,https://github.com/DevExpress/DevExtreme/actions/runs/30447228206/job/90560468029
"29.07.26, 11:21:09",90560468049,30447228206,1,Lint,wrappers,datagrid_qunit_tests_replace_theme_26_2,cancelled,Install dependencies,https://github.com/DevExpress/DevExtreme/actions/runs/30447228206/job/90560468049
"29.07.26, 11:21:09",90560468050,30447228206,1,Lint,TS,datagrid_qunit_tests_replace_theme_26_2,cancelled,Install dependencies,https://github.com/DevExpress/DevExtreme/actions/runs/30447228206/job/90560468050
"29.07.26, 11:21:09",90560468064,30447228206,1,Lint,texts,datagrid_qunit_tests_replace_theme_26_2,cancelled,Install dependencies,https://github.com/DevExpress/DevExtreme/actions/runs/30447228206/job/90560468064
"29.07.26, 11:21:09",90560468079,30447228206,1,Lint,JS,datagrid_qunit_tests_replace_theme_26_2,cancelled,Install dependencies,https://github.com/DevExpress/DevExtreme/actions/runs/30447228206/job/90560468079
"29.07.26, 11:22:31",90560760734,30447228206,1,Lint,Send notifications,datagrid_qunit_tests_replace_theme_26_2,cancelled,,https://github.com/DevExpress/DevExtreme/actions/runs/30447228206/job/90560760734
"29.07.26, 08:23:57",90521677668,30435351693,1,Lint,wrappers,feature/systemjs-remove-from-qunit-testinng,failure,Install dependencies,https://github.com/DevExpress/DevExtreme/actions/runs/30435351693/job/90521677668
"29.07.26, 08:23:58",90521677962,30435351693,1,Lint,component_exports,feature/systemjs-remove-from-qunit-testinng,failure,Install dependencies,https://github.com/DevExpress/DevExtreme/actions/runs/30435351693/job/90521677962
"29.07.26, 08:23:58",90521677991,30435351693,1,Lint,TS,feature/systemjs-remove-from-qunit-testinng,failure,Install dependencies,https://github.com/DevExpress/DevExtreme/actions/runs/30435351693/job/90521677991
"29.07.26, 08:23:58",90521678089,30435351693,1,Lint,texts,feature/systemjs-remove-from-qunit-testinng,failure,Install dependencies,https://github.com/DevExpress/DevExtreme/actions/runs/30435351693/job/90521678089
"29.07.26, 08:23:58",90521678221,30435351693,1,Lint,JS,feature/systemjs-remove-from-qunit-testinng,failure,Install dependencies,https://github.com/DevExpress/DevExtreme/actions/runs/30435351693/job/90521678221
"29.07.26, 00:56:03",90451961121,30412604309,1,Lint,texts,feature/remove-systemjs-demos,cancelled,Get sources,https://github.com/DevExpress/DevExtreme/actions/runs/30412604309/job/90451961121
"29.07.26, 00:56:03",90451961143,30412604309,1,Lint,component_exports,feature/remove-systemjs-demos,cancelled,Get sources,https://github.com/DevExpress/DevExtreme/actions/runs/30412604309/job/90451961143
"29.07.26, 00:56:03",90451961152,30412604309,1,Lint,wrappers,feature/remove-systemjs-demos,cancelled,Get sources,https://github.com/DevExpress/DevExtreme/actions/runs/30412604309/job/90451961152
"29.07.26, 00:56:03",90451961158,30412604309,1,Lint,TS,feature/remove-systemjs-demos,cancelled,Get sources,https://github.com/DevExpress/DevExtreme/actions/runs/30412604309/job/90451961158
"29.07.26, 00:56:03",90451961165,30412604309,1,Lint,JS,feature/remove-systemjs-demos,cancelled,Get sources,https://github.com/DevExpress/DevExtreme/actions/runs/30412604309/job/90451961165
"29.07.26, 00:56:18",90451999175,30412604309,1,Lint,Send notifications,feature/remove-systemjs-demos,cancelled,,https://github.com/DevExpress/DevExtreme/actions/runs/30412604309/job/90451999175
"29.07.26, 18:44:51",90675855434,30479979374,1,Publishing to GitHub Packages,Publish package (devextreme-react-26.1.5-build-26210-1828),26_1,failure,Install dependencies,https://github.com/DevExpress/DevExtreme/actions/runs/30479979374/job/90675855434
"29.07.26, 22:06:00",90721264575,30494882729,1,Playgrounds tests,build,feature/systemjs-remove-from-qunit-testinng,cancelled,Setup pnpm cache,https://github.com/DevExpress/DevExtreme/actions/runs/30494882729/job/90721264575
"29.07.26, 22:06:42",90721412568,30494882729,1,Playgrounds tests,matrix.ARGS.platform,feature/systemjs-remove-from-qunit-testinng,cancelled,,https://github.com/DevExpress/DevExtreme/actions/runs/30494882729/job/90721412568
"29.07.26, 21:41:06",90716190342,30492819810,1,Playgrounds tests,react,feature/systemjs-remove-from-qunit-testinng,cancelled,Post Setup nx cache,https://github.com/DevExpress/DevExtreme/actions/runs/30492819810/job/90716190342
"29.07.26, 21:41:06",90716190402,30492819810,1,Playgrounds tests,vue,feature/systemjs-remove-from-qunit-testinng,cancelled,Post Setup nx cache,https://github.com/DevExpress/DevExtreme/actions/runs/30492819810/job/90716190402
"29.07.26, 21:41:06",90716190408,30492819810,1,Playgrounds tests,angular,feature/systemjs-remove-from-qunit-testinng,cancelled,Post Setup nx cache,https://github.com/DevExpress/DevExtreme/actions/runs/30492819810/job/90716190408
"29.07.26, 16:48:09",90645662521,30472407219,1,Playgrounds tests,build,T1329677,cancelled,Use Node.js,https://github.com/DevExpress/DevExtreme/actions/runs/30472407219/job/90645662521
"29.07.26, 16:48:32",90645761004,30472407219,1,Playgrounds tests,matrix.ARGS.platform,T1329677,cancelled,,https://github.com/DevExpress/DevExtreme/actions/runs/30472407219/job/90645761004
"29.07.26, 14:31:45",90607798068,30460659468,1,Playgrounds tests,angular,qunit_fluent_part_1_25_2,cancelled,Install dependencies,https://github.com/DevExpress/DevExtreme/actions/runs/30460659468/job/90607798068
"29.07.26, 14:31:45",90607798419,30460659468,1,Playgrounds tests,react,qunit_fluent_part_1_25_2,cancelled,Install dependencies,https://github.com/DevExpress/DevExtreme/actions/runs/30460659468/job/90607798419
"29.07.26, 14:31:45",90607798464,30460659468,1,Playgrounds tests,vue,qunit_fluent_part_1_25_2,cancelled,Install dependencies,https://github.com/DevExpress/DevExtreme/actions/runs/30460659468/job/90607798464
"29.07.26, 14:28:46",90606931506,30460579920,1,Playgrounds tests,angular,qunit_fluent_part_1_26_1,cancelled,Check sources compilation,https://github.com/DevExpress/DevExtreme/actions/runs/30460579920/job/90606931506
"29.07.26, 13:27:33",90589912338,30456092987,1,Playgrounds tests,build,feature/26_2_new_fluent_theme_with_design_tokens_add_etalons,cancelled,,https://github.com/DevExpress/DevExtreme/actions/runs/30456092987/job/90589912338
"29.07.26, 13:27:34",90589916848,30456092987,1,Playgrounds tests,matrix.ARGS.platform,feature/26_2_new_fluent_theme_with_design_tokens_add_etalons,cancelled,,https://github.com/DevExpress/DevExtreme/actions/runs/30456092987/job/90589916848
"29.07.26, 11:59:55",90568722905,30449751764,1,Playgrounds tests,build,fix/T1332943,cancelled,Use Node.js,https://github.com/DevExpress/DevExtreme/actions/runs/30449751764/job/90568722905
"29.07.26, 12:01:32",90569096601,30449751764,1,Playgrounds tests,matrix.ARGS.platform,fix/T1332943,cancelled,,https://github.com/DevExpress/DevExtreme/actions/runs/30449751764/job/90569096601
"29.07.26, 11:50:02",90566567040,30449096921,1,Playgrounds tests,build,datagrid_qunit_tests_replace_theme_26_2,cancelled,Build,https://github.com/DevExpress/DevExtreme/actions/runs/30449096921/job/90566567040
"29.07.26, 11:53:26",90567316499,30449096921,1,Playgrounds tests,matrix.ARGS.platform,datagrid_qunit_tests_replace_theme_26_2,cancelled,,https://github.com/DevExpress/DevExtreme/actions/runs/30449096921/job/90567316499
"29.07.26, 11:21:09",90560467821,30447228182,1,Playgrounds tests,build,datagrid_qunit_tests_replace_theme_26_2,cancelled,Install dependencies,https://github.com/DevExpress/DevExtreme/actions/runs/30447228182/job/90560467821
"29.07.26, 11:22:25",90560738586,30447228182,1,Playgrounds tests,matrix.ARGS.platform,datagrid_qunit_tests_replace_theme_26_2,cancelled,,https://github.com/DevExpress/DevExtreme/actions/runs/30447228182/job/90560738586
"29.07.26, 10:38:11",90551212251,30444302662,1,Playgrounds tests,angular,feature/26_2_new_fluent_theme_with_design_tokens,cancelled,Post Setup nx cache,https://github.com/DevExpress/DevExtreme/actions/runs/30444302662/job/90551212251
"29.07.26, 08:23:57",90521677503,30435351647,1,Playgrounds tests,build,feature/systemjs-remove-from-qunit-testinng,failure,Install dependencies,https://github.com/DevExpress/DevExtreme/actions/runs/30435351647/job/90521677503
"29.07.26, 00:56:03",90451961225,30412604326,1,Playgrounds tests,build,feature/remove-systemjs-demos,cancelled,Get sources,https://github.com/DevExpress/DevExtreme/actions/runs/30412604326/job/90451961225
"29.07.26, 00:56:18",90451997644,30412604326,1,Playgrounds tests,matrix.ARGS.platform,feature/remove-systemjs-demos,cancelled,,https://github.com/DevExpress/DevExtreme/actions/runs/30412604326/job/90451997644
"29.07.26, 23:11:24",90733362372,30498422697,1,QUnit tests,ui.grid-shadow-dom,datagrid_ai_assistant_imporve_pom_26_2,failure,Run QUnit tests,https://github.com/DevExpress/DevExtreme/actions/runs/30498422697/job/90733362372
"29.07.26, 23:11:24",90733362458,30498422697,1,QUnit tests,Constel ui.grid,datagrid_ai_assistant_imporve_pom_26_2,failure,Run QUnit tests,https://github.com/DevExpress/DevExtreme/actions/runs/30498422697/job/90733362458
"29.07.26, 22:41:22",90728065177,30496675202,1,QUnit tests,ui.editors-shadow-dom,feature/systemjs-remove-from-qunit-testinng,failure,Run QUnit tests,https://github.com/DevExpress/DevExtreme/actions/runs/30496675202/job/90728065177
"29.07.26, 22:41:22",90728065181,30496675202,1,QUnit tests,ui.scheduler-shadow-dom,feature/systemjs-remove-from-qunit-testinng,failure,Run QUnit tests,https://github.com/DevExpress/DevExtreme/actions/runs/30496675202/job/90728065181
"29.07.26, 22:41:22",90728065185,30496675202,1,QUnit tests,ui.widgets-shadow-dom,feature/systemjs-remove-from-qunit-testinng,failure,Run QUnit tests,https://github.com/DevExpress/DevExtreme/actions/runs/30496675202/job/90728065185
"29.07.26, 22:41:22",90728065200,30496675202,1,QUnit tests,ui.grid-shadow-dom,feature/systemjs-remove-from-qunit-testinng,failure,Run QUnit tests,https://github.com/DevExpress/DevExtreme/actions/runs/30496675202/job/90728065200
"29.07.26, 22:41:22",90728065207,30496675202,1,QUnit tests,Constel ui.scheduler,feature/systemjs-remove-from-qunit-testinng,failure,Run QUnit tests,https://github.com/DevExpress/DevExtreme/actions/runs/30496675202/job/90728065207
"29.07.26, 22:41:22",90728065212,30496675202,1,QUnit tests,Constel ui.grid,feature/systemjs-remove-from-qunit-testinng,failure,Run QUnit tests,https://github.com/DevExpress/DevExtreme/actions/runs/30496675202/job/90728065212
"29.07.26, 22:41:22",90728065216,30496675202,1,QUnit tests,ui-shadow-dom,feature/systemjs-remove-from-qunit-testinng,failure,Run QUnit tests,https://github.com/DevExpress/DevExtreme/actions/runs/30496675202/job/90728065216
"29.07.26, 22:41:22",90728065281,30496675202,1,QUnit tests,Constel ui,feature/systemjs-remove-from-qunit-testinng,failure,Run QUnit tests,https://github.com/DevExpress/DevExtreme/actions/runs/30496675202/job/90728065281
"29.07.26, 22:41:22",90728065298,30496675202,1,QUnit tests,Constel ui.editors,feature/systemjs-remove-from-qunit-testinng,failure,Run QUnit tests,https://github.com/DevExpress/DevExtreme/actions/runs/30496675202/job/90728065298
"29.07.26, 22:41:22",90728065314,30496675202,1,QUnit tests,Constel ui.scheduler-US/Pacific,feature/systemjs-remove-from-qunit-testinng,failure,Run QUnit tests,https://github.com/DevExpress/DevExtreme/actions/runs/30496675202/job/90728065314
"29.07.26, 22:41:22",90728065335,30496675202,1,QUnit tests,Constel ui.widgets-no-csp,feature/systemjs-remove-from-qunit-testinng,failure,Run QUnit tests,https://github.com/DevExpress/DevExtreme/actions/runs/30496675202/job/90728065335
"29.07.26, 22:26:32",90725324112,30495768682,1,QUnit tests,ui.widgets-shadow-dom,feature/systemjs-remove-from-qunit-testinng,failure,Run QUnit tests,https://github.com/DevExpress/DevExtreme/actions/runs/30495768682/job/90725324112
"29.07.26, 22:26:32",90725324116,30495768682,1,QUnit tests,ui.editors-shadow-dom,feature/systemjs-remove-from-qunit-testinng,failure,Run QUnit tests,https://github.com/DevExpress/DevExtreme/actions/runs/30495768682/job/90725324116
"29.07.26, 22:26:32",90725324141,30495768682,1,QUnit tests,ui.grid-shadow-dom,feature/systemjs-remove-from-qunit-testinng,failure,Run QUnit tests,https://github.com/DevExpress/DevExtreme/actions/runs/30495768682/job/90725324141
"29.07.26, 22:26:32",90725324150,30495768682,1,QUnit tests,Constel ui.editors,feature/systemjs-remove-from-qunit-testinng,failure,Run QUnit tests,https://github.com/DevExpress/DevExtreme/actions/runs/30495768682/job/90725324150
"29.07.26, 22:26:32",90725324164,30495768682,1,QUnit tests,ui.scheduler-shadow-dom,feature/systemjs-remove-from-qunit-testinng,failure,Run QUnit tests,https://github.com/DevExpress/DevExtreme/actions/runs/30495768682/job/90725324164
"29.07.26, 22:26:32",90725324169,30495768682,1,QUnit tests,Constel ui,feature/systemjs-remove-from-qunit-testinng,failure,Run QUnit tests,https://github.com/DevExpress/DevExtreme/actions/runs/30495768682/job/90725324169
"29.07.26, 22:26:32",90725324182,30495768682,1,QUnit tests,ui-shadow-dom,feature/systemjs-remove-from-qunit-testinng,failure,Run QUnit tests,https://github.com/DevExpress/DevExtreme/actions/runs/30495768682/job/90725324182
"29.07.26, 22:26:32",90725324193,30495768682,1,QUnit tests,Constel ui.scheduler-US/Pacific,feature/systemjs-remove-from-qunit-testinng,failure,Run QUnit tests,https://github.com/DevExpress/DevExtreme/actions/runs/30495768682/job/90725324193
"29.07.26, 22:26:32",90725324216,30495768682,1,QUnit tests,Constel ui.scheduler,feature/systemjs-remove-from-qunit-testinng,failure,Run QUnit tests,https://github.com/DevExpress/DevExtreme/actions/runs/30495768682/job/90725324216
"29.07.26, 22:26:32",90725324231,30495768682,1,QUnit tests,Constel ui.widgets-no-csp,feature/systemjs-remove-from-qunit-testinng,failure,Run QUnit tests,https://github.com/DevExpress/DevExtreme/actions/runs/30495768682/job/90725324231
"29.07.26, 22:26:32",90725324234,30495768682,1,QUnit tests,Constel ui.grid,feature/systemjs-remove-from-qunit-testinng,failure,Run QUnit tests,https://github.com/DevExpress/DevExtreme/actions/runs/30495768682/job/90725324234
"29.07.26, 22:12:43",90722589939,30494926858,1,QUnit tests,ui-shadow-dom,feature/systemjs-remove-from-qunit-testinng,failure,Run QUnit tests,https://github.com/DevExpress/DevExtreme/actions/runs/30494926858/job/90722589939
"29.07.26, 22:12:43",90722589944,30494926858,1,QUnit tests,ui.scheduler-shadow-dom,feature/systemjs-remove-from-qunit-testinng,failure,Run QUnit tests,https://github.com/DevExpress/DevExtreme/actions/runs/30494926858/job/90722589944
"29.07.26, 22:12:43",90722589979,30494926858,1,QUnit tests,ui.grid-shadow-dom,feature/systemjs-remove-from-qunit-testinng,failure,Run QUnit tests,https://github.com/DevExpress/DevExtreme/actions/runs/30494926858/job/90722589979
"29.07.26, 22:12:43",90722589990,30494926858,1,QUnit tests,Constel misc,feature/systemjs-remove-from-qunit-testinng,failure,Run QUnit tests,https://github.com/DevExpress/DevExtreme/actions/runs/30494926858/job/90722589990
"29.07.26, 22:12:43",90722590019,30494926858,1,QUnit tests,ui.widgets-shadow-dom,feature/systemjs-remove-from-qunit-testinng,failure,Run QUnit tests,https://github.com/DevExpress/DevExtreme/actions/runs/30494926858/job/90722590019
"29.07.26, 22:12:43",90722590024,30494926858,1,QUnit tests,Constel ui.scheduler,feature/systemjs-remove-from-qunit-testinng,failure,Run QUnit tests,https://github.com/DevExpress/DevExtreme/actions/runs/30494926858/job/90722590024
"29.07.26, 22:12:43",90722590031,30494926858,1,QUnit tests,Constel ui.grid,feature/systemjs-remove-from-qunit-testinng,failure,Run QUnit tests,https://github.com/DevExpress/DevExtreme/actions/runs/30494926858/job/90722590031
"29.07.26, 22:12:43",90722590038,30494926858,1,QUnit tests,Constel ui,feature/systemjs-remove-from-qunit-testinng,failure,Run QUnit tests,https://github.com/DevExpress/DevExtreme/actions/runs/30494926858/job/90722590038
"29.07.26, 22:12:43",90722590056,30494926858,1,QUnit tests,Constel misc-no-csp,feature/systemjs-remove-from-qunit-testinng,failure,Run QUnit tests,https://github.com/DevExpress/DevExtreme/actions/runs/30494926858/job/90722590056
"29.07.26, 22:12:43",90722590068,30494926858,1,QUnit tests,Constel ui.scheduler-US/Pacific,feature/systemjs-remove-from-qunit-testinng,failure,Run QUnit tests,https://github.com/DevExpress/DevExtreme/actions/runs/30494926858/job/90722590068
"29.07.26, 22:12:43",90722590090,30494926858,1,QUnit tests,ui.editors-shadow-dom,feature/systemjs-remove-from-qunit-testinng,failure,Run QUnit tests,https://github.com/DevExpress/DevExtreme/actions/runs/30494926858/job/90722590090
"29.07.26, 22:12:43",90722590101,30494926858,1,QUnit tests,Constel ui.editors,feature/systemjs-remove-from-qunit-testinng,failure,Run QUnit tests,https://github.com/DevExpress/DevExtreme/actions/runs/30494926858/job/90722590101
"29.07.26, 22:12:43",90722590104,30494926858,1,QUnit tests,Constel ui.widgets-no-csp,feature/systemjs-remove-from-qunit-testinng,failure,Run QUnit tests,https://github.com/DevExpress/DevExtreme/actions/runs/30494926858/job/90722590104
"29.07.26, 22:06:01",90721267501,30494883639,1,QUnit tests,Build,feature/systemjs-remove-from-qunit-testinng,cancelled,Setup pnpm cache,https://github.com/DevExpress/DevExtreme/actions/runs/30494883639/job/90721267501
"29.07.26, 22:06:42",90721412667,30494883639,1,QUnit tests,${{ matrix.constel }}-shadow-dom,feature/systemjs-remove-from-qunit-testinng,cancelled,,https://github.com/DevExpress/DevExtreme/actions/runs/30494883639/job/90721412667
"29.07.26, 22:06:42",90721413162,30494883639,1,QUnit tests,Send notifications,feature/systemjs-remove-from-qunit-testinng,cancelled,,https://github.com/DevExpress/DevExtreme/actions/runs/30494883639/job/90721413162
"29.07.26, 22:06:42",90721413213,30494883639,1,QUnit tests,"Constel ${{ matrix.CONSTEL }}${{ (((matrix.TIMEZONE != '') && format('-{0}', matrix.TIMEZONE)) || '') }}${{ (((matrix.CSP == 'false') && '-no-csp') || '') }}",feature/systemjs-remove-from-qunit-testinng,cancelled,,https://github.com/DevExpress/DevExtreme/actions/runs/30494883639/job/90721413213
"29.07.26, 21:59:09",90719847043,30494044817,1,QUnit tests,ui.grid-shadow-dom,feature/26_2_new_fluent_theme_with_design_tokens,failure,Run QUnit tests,https://github.com/DevExpress/DevExtreme/actions/runs/30494044817/job/90719847043
"29.07.26, 21:59:09",90719847300,30494044817,1,QUnit tests,Constel ui.grid,feature/26_2_new_fluent_theme_with_design_tokens,failure,Run QUnit tests,https://github.com/DevExpress/DevExtreme/actions/runs/30494044817/job/90719847300
"29.07.26, 21:50:35",90718119257,30493566738,1,QUnit tests,ui.grid-shadow-dom,feature/systemjs-remove-from-qunit-testinng,failure,Run QUnit tests,https://github.com/DevExpress/DevExtreme/actions/runs/30493566738/job/90718119257
"29.07.26, 21:50:35",90718119286,30493566738,1,QUnit tests,ui-shadow-dom,feature/systemjs-remove-from-qunit-testinng,failure,Run QUnit tests,https://github.com/DevExpress/DevExtreme/actions/runs/30493566738/job/90718119286
"29.07.26, 21:50:35",90718119309,30493566738,1,QUnit tests,ui.editors-shadow-dom,feature/systemjs-remove-from-qunit-testinng,failure,Run QUnit tests,https://github.com/DevExpress/DevExtreme/actions/runs/30493566738/job/90718119309
"29.07.26, 21:50:35",90718119314,30493566738,1,QUnit tests,ui.scheduler-shadow-dom,feature/systemjs-remove-from-qunit-testinng,failure,Run QUnit tests,https://github.com/DevExpress/DevExtreme/actions/runs/30493566738/job/90718119314
"29.07.26, 21:50:35",90718119316,30493566738,1,QUnit tests,Constel ui.grid,feature/systemjs-remove-from-qunit-testinng,failure,Run QUnit tests,https://github.com/DevExpress/DevExtreme/actions/runs/30493566738/job/90718119316
"29.07.26, 21:50:35",90718119318,30493566738,1,QUnit tests,ui.widgets-shadow-dom,feature/systemjs-remove-from-qunit-testinng,failure,Run QUnit tests,https://github.com/DevExpress/DevExtreme/actions/runs/30493566738/job/90718119318
"29.07.26, 21:50:35",90718119339,30493566738,1,QUnit tests,Constel ui.scheduler,feature/systemjs-remove-from-qunit-testinng,failure,Run QUnit tests,https://github.com/DevExpress/DevExtreme/actions/runs/30493566738/job/90718119339
"29.07.26, 21:50:35",90718119340,30493566738,1,QUnit tests,Constel ui.widgets-no-csp,feature/systemjs-remove-from-qunit-testinng,failure,Run QUnit tests,https://github.com/DevExpress/DevExtreme/actions/runs/30493566738/job/90718119340
"29.07.26, 21:50:35",90718119342,30493566738,1,QUnit tests,Constel ui,feature/systemjs-remove-from-qunit-testinng,failure,Run QUnit tests,https://github.com/DevExpress/DevExtreme/actions/runs/30493566738/job/90718119342
"29.07.26, 21:50:35",90718119344,30493566738,1,QUnit tests,Constel ui.scheduler-US/Pacific,feature/systemjs-remove-from-qunit-testinng,failure,Run QUnit tests,https://github.com/DevExpress/DevExtreme/actions/runs/30493566738/job/90718119344
"29.07.26, 21:50:35",90718119372,30493566738,1,QUnit tests,Constel ui.editors,feature/systemjs-remove-from-qunit-testinng,failure,Run QUnit tests,https://github.com/DevExpress/DevExtreme/actions/runs/30493566738/job/90718119372
"29.07.26, 21:50:35",90718119396,30493566738,1,QUnit tests,Constel misc,feature/systemjs-remove-from-qunit-testinng,failure,Run QUnit tests,https://github.com/DevExpress/DevExtreme/actions/runs/30493566738/job/90718119396
"29.07.26, 21:50:35",90718119430,30493566738,1,QUnit tests,Constel misc-no-csp,feature/systemjs-remove-from-qunit-testinng,failure,Run QUnit tests,https://github.com/DevExpress/DevExtreme/actions/runs/30493566738/job/90718119430
"29.07.26, 21:38:56",90715741856,30492819717,1,QUnit tests,ui.widgets-shadow-dom,feature/systemjs-remove-from-qunit-testinng,cancelled,Run QUnit tests,https://github.com/DevExpress/DevExtreme/actions/runs/30492819717/job/90715741856
"29.07.26, 21:38:56",90715741879,30492819717,1,QUnit tests,ui.grid-shadow-dom,feature/systemjs-remove-from-qunit-testinng,failure,Run QUnit tests,https://github.com/DevExpress/DevExtreme/actions/runs/30492819717/job/90715741879
"29.07.26, 21:38:56",90715741894,30492819717,1,QUnit tests,Constel ui,feature/systemjs-remove-from-qunit-testinng,failure,Run QUnit tests,https://github.com/DevExpress/DevExtreme/actions/runs/30492819717/job/90715741894
"29.07.26, 21:38:56",90715741897,30492819717,1,QUnit tests,ui.scheduler-shadow-dom,feature/systemjs-remove-from-qunit-testinng,failure,Run QUnit tests,https://github.com/DevExpress/DevExtreme/actions/runs/30492819717/job/90715741897
"29.07.26, 21:38:56",90715741900,30492819717,1,QUnit tests,ui.editors-shadow-dom,feature/systemjs-remove-from-qunit-testinng,failure,Run QUnit tests,https://github.com/DevExpress/DevExtreme/actions/runs/30492819717/job/90715741900
"29.07.26, 21:38:56",90715741918,30492819717,1,QUnit tests,Constel misc,feature/systemjs-remove-from-qunit-testinng,failure,Run QUnit tests,https://github.com/DevExpress/DevExtreme/actions/runs/30492819717/job/90715741918
"29.07.26, 21:38:56",90715741925,30492819717,1,QUnit tests,Constel ui.editors,feature/systemjs-remove-from-qunit-testinng,failure,Run QUnit tests,https://github.com/DevExpress/DevExtreme/actions/runs/30492819717/job/90715741925
"29.07.26, 21:38:56",90715741934,30492819717,1,QUnit tests,Constel ui.scheduler-US/Pacific,feature/systemjs-remove-from-qunit-testinng,failure,Run QUnit tests,https://github.com/DevExpress/DevExtreme/actions/runs/30492819717/job/90715741934
"29.07.26, 21:38:56",90715741936,30492819717,1,QUnit tests,Constel ui.grid,feature/systemjs-remove-from-qunit-testinng,cancelled,Run QUnit tests,https://github.com/DevExpress/DevExtreme/actions/runs/30492819717/job/90715741936
"29.07.26, 21:38:56",90715741938,30492819717,1,QUnit tests,Constel ui.widgets-no-csp,feature/systemjs-remove-from-qunit-testinng,failure,Run QUnit tests,https://github.com/DevExpress/DevExtreme/actions/runs/30492819717/job/90715741938
"29.07.26, 21:38:56",90715741967,30492819717,1,QUnit tests,ui-shadow-dom,feature/systemjs-remove-from-qunit-testinng,failure,Run QUnit tests,https://github.com/DevExpress/DevExtreme/actions/runs/30492819717/job/90715741967
"29.07.26, 21:38:56",90715741977,30492819717,1,QUnit tests,Constel misc-no-csp,feature/systemjs-remove-from-qunit-testinng,failure,Run QUnit tests,https://github.com/DevExpress/DevExtreme/actions/runs/30492819717/job/90715741977
"29.07.26, 21:38:56",90715741981,30492819717,1,QUnit tests,Constel ui.scheduler,feature/systemjs-remove-from-qunit-testinng,failure,Run QUnit tests,https://github.com/DevExpress/DevExtreme/actions/runs/30492819717/job/90715741981
"29.07.26, 21:45:36",90717095867,30492819717,1,QUnit tests,Send notifications,feature/systemjs-remove-from-qunit-testinng,cancelled,,https://github.com/DevExpress/DevExtreme/actions/runs/30492819717/job/90717095867
"29.07.26, 20:12:37",90696962832,30487268360,1,QUnit tests,ui.widgets-shadow-dom,feature/systemjs-remove-from-qunit-testinng,failure,Run QUnit tests,https://github.com/DevExpress/DevExtreme/actions/runs/30487268360/job/90696962832
"29.07.26, 20:12:37",90696962836,30487268360,1,QUnit tests,ui.scheduler-shadow-dom,feature/systemjs-remove-from-qunit-testinng,failure,Run QUnit tests,https://github.com/DevExpress/DevExtreme/actions/runs/30487268360/job/90696962836
"29.07.26, 20:12:37",90696962840,30487268360,1,QUnit tests,ui.grid-shadow-dom,feature/systemjs-remove-from-qunit-testinng,failure,Run QUnit tests,https://github.com/DevExpress/DevExtreme/actions/runs/30487268360/job/90696962840
"29.07.26, 20:12:37",90696962848,30487268360,1,QUnit tests,ui-shadow-dom,feature/systemjs-remove-from-qunit-testinng,failure,Run QUnit tests,https://github.com/DevExpress/DevExtreme/actions/runs/30487268360/job/90696962848
"29.07.26, 20:12:37",90696962855,30487268360,1,QUnit tests,ui.editors-shadow-dom,feature/systemjs-remove-from-qunit-testinng,failure,Run QUnit tests,https://github.com/DevExpress/DevExtreme/actions/runs/30487268360/job/90696962855
"29.07.26, 20:12:37",90696962875,30487268360,1,QUnit tests,Constel ui.editors,feature/systemjs-remove-from-qunit-testinng,failure,Run QUnit tests,https://github.com/DevExpress/DevExtreme/actions/runs/30487268360/job/90696962875
"29.07.26, 20:12:37",90696962882,30487268360,1,QUnit tests,Constel ui.scheduler-US/Pacific,feature/systemjs-remove-from-qunit-testinng,failure,Run QUnit tests,https://github.com/DevExpress/DevExtreme/actions/runs/30487268360/job/90696962882
"29.07.26, 20:12:37",90696962890,30487268360,1,QUnit tests,Constel ui.scheduler,feature/systemjs-remove-from-qunit-testinng,failure,Run QUnit tests,https://github.com/DevExpress/DevExtreme/actions/runs/30487268360/job/90696962890
"29.07.26, 20:12:37",90696962922,30487268360,1,QUnit tests,Constel ui,feature/systemjs-remove-from-qunit-testinng,failure,Run QUnit tests,https://github.com/DevExpress/DevExtreme/actions/runs/30487268360/job/90696962922
"29.07.26, 20:12:37",90696962927,30487268360,1,QUnit tests,Constel ui.widgets-no-csp,feature/systemjs-remove-from-qunit-testinng,failure,Run QUnit tests,https://github.com/DevExpress/DevExtreme/actions/runs/30487268360/job/90696962927
"29.07.26, 20:12:37",90696962940,30487268360,1,QUnit tests,Constel misc-no-csp,feature/systemjs-remove-from-qunit-testinng,failure,Run QUnit tests,https://github.com/DevExpress/DevExtreme/actions/runs/30487268360/job/90696962940
"29.07.26, 20:12:38",90696964159,30487268360,1,QUnit tests,Constel ui.grid,feature/systemjs-remove-from-qunit-testinng,failure,Run QUnit tests,https://github.com/DevExpress/DevExtreme/actions/runs/30487268360/job/90696964159
"29.07.26, 19:01:36",90680116696,30482218326,1,QUnit tests,ui.editors-shadow-dom,feature/systemjs-remove-from-qunit-testinng,failure,Run QUnit tests,https://github.com/DevExpress/DevExtreme/actions/runs/30482218326/job/90680116696
"29.07.26, 19:01:36",90680116705,30482218326,1,QUnit tests,ui.grid-shadow-dom,feature/systemjs-remove-from-qunit-testinng,failure,Run QUnit tests,https://github.com/DevExpress/DevExtreme/actions/runs/30482218326/job/90680116705
"29.07.26, 19:01:36",90680116715,30482218326,1,QUnit tests,ui.scheduler-shadow-dom,feature/systemjs-remove-from-qunit-testinng,failure,Run QUnit tests,https://github.com/DevExpress/DevExtreme/actions/runs/30482218326/job/90680116715
"29.07.26, 19:01:36",90680116716,30482218326,1,QUnit tests,Constel ui.scheduler-US/Pacific,feature/systemjs-remove-from-qunit-testinng,failure,Run QUnit tests,https://github.com/DevExpress/DevExtreme/actions/runs/30482218326/job/90680116716
"29.07.26, 19:01:36",90680116734,30482218326,1,QUnit tests,Constel ui.grid,feature/systemjs-remove-from-qunit-testinng,failure,Run QUnit tests,https://github.com/DevExpress/DevExtreme/actions/runs/30482218326/job/90680116734
"29.07.26, 19:01:36",90680116749,30482218326,1,QUnit tests,ui.widgets-shadow-dom,feature/systemjs-remove-from-qunit-testinng,failure,Run QUnit tests,https://github.com/DevExpress/DevExtreme/actions/runs/30482218326/job/90680116749
"29.07.26, 19:01:36",90680116757,30482218326,1,QUnit tests,Constel misc-no-csp,feature/systemjs-remove-from-qunit-testinng,failure,Run QUnit tests,https://github.com/DevExpress/DevExtreme/actions/runs/30482218326/job/90680116757
"29.07.26, 19:01:36",90680116765,30482218326,1,QUnit tests,Constel ui.editors,feature/systemjs-remove-from-qunit-testinng,failure,Run QUnit tests,https://github.com/DevExpress/DevExtreme/actions/runs/30482218326/job/90680116765
"29.07.26, 19:01:36",90680116774,30482218326,1,QUnit tests,Constel misc,feature/systemjs-remove-from-qunit-testinng,failure,Run QUnit tests,https://github.com/DevExpress/DevExtreme/actions/runs/30482218326/job/90680116774
"29.07.26, 19:01:36",90680116792,30482218326,1,QUnit tests,Constel ui,feature/systemjs-remove-from-qunit-testinng,failure,Run QUnit tests,https://github.com/DevExpress/DevExtreme/actions/runs/30482218326/job/90680116792
"29.07.26, 19:01:36",90680116876,30482218326,1,QUnit tests,Constel ui.scheduler,feature/systemjs-remove-from-qunit-testinng,failure,Run QUnit tests,https://github.com/DevExpress/DevExtreme/actions/runs/30482218326/job/90680116876
"29.07.26, 19:01:36",90680116973,30482218326,1,QUnit tests,Constel ui.widgets-no-csp,feature/systemjs-remove-from-qunit-testinng,failure,Run QUnit tests,https://github.com/DevExpress/DevExtreme/actions/runs/30482218326/job/90680116973
"29.07.26, 19:01:47",90680164465,30482218326,1,QUnit tests,ui-shadow-dom,feature/systemjs-remove-from-qunit-testinng,failure,Run QUnit tests,https://github.com/DevExpress/DevExtreme/actions/runs/30482218326/job/90680164465
"29.07.26, 18:06:16",90665766675,30478096236,1,QUnit tests,ui.editors-shadow-dom,feature/systemjs-remove-from-qunit-testinng,failure,Run QUnit tests,https://github.com/DevExpress/DevExtreme/actions/runs/30478096236/job/90665766675
"29.07.26, 18:06:16",90665766677,30478096236,1,QUnit tests,ui-shadow-dom,feature/systemjs-remove-from-qunit-testinng,failure,Run QUnit tests,https://github.com/DevExpress/DevExtreme/actions/runs/30478096236/job/90665766677
"29.07.26, 18:06:16",90665766690,30478096236,1,QUnit tests,ui.widgets-shadow-dom,feature/systemjs-remove-from-qunit-testinng,failure,Run QUnit tests,https://github.com/DevExpress/DevExtreme/actions/runs/30478096236/job/90665766690
"29.07.26, 18:06:16",90665766732,30478096236,1,QUnit tests,Constel ui.scheduler,feature/systemjs-remove-from-qunit-testinng,failure,Run QUnit tests,https://github.com/DevExpress/DevExtreme/actions/runs/30478096236/job/90665766732
"29.07.26, 18:06:16",90665766743,30478096236,1,QUnit tests,Constel ui,feature/systemjs-remove-from-qunit-testinng,failure,Run QUnit tests,https://github.com/DevExpress/DevExtreme/actions/runs/30478096236/job/90665766743
"29.07.26, 18:06:16",90665766755,30478096236,1,QUnit tests,Constel ui.editors,feature/systemjs-remove-from-qunit-testinng,failure,Run QUnit tests,https://github.com/DevExpress/DevExtreme/actions/runs/30478096236/job/90665766755
"29.07.26, 18:06:16",90665766758,30478096236,1,QUnit tests,ui.grid-shadow-dom,feature/systemjs-remove-from-qunit-testinng,failure,Run QUnit tests,https://github.com/DevExpress/DevExtreme/actions/runs/30478096236/job/90665766758
"29.07.26, 18:06:16",90665766760,30478096236,1,QUnit tests,Constel ui.widgets-no-csp,feature/systemjs-remove-from-qunit-testinng,failure,Run QUnit tests,https://github.com/DevExpress/DevExtreme/actions/runs/30478096236/job/90665766760
"29.07.26, 18:06:16",90665766767,30478096236,1,QUnit tests,Constel misc,feature/systemjs-remove-from-qunit-testinng,failure,Run QUnit tests,https://github.com/DevExpress/DevExtreme/actions/runs/30478096236/job/90665766767
"29.07.26, 18:06:16",90665766791,30478096236,1,QUnit tests,Constel ui.grid,feature/systemjs-remove-from-qunit-testinng,failure,Run QUnit tests,https://github.com/DevExpress/DevExtreme/actions/runs/30478096236/job/90665766791
"29.07.26, 18:06:16",90665766796,30478096236,1,QUnit tests,Constel misc-no-csp,feature/systemjs-remove-from-qunit-testinng,failure,Run QUnit tests,https://github.com/DevExpress/DevExtreme/actions/runs/30478096236/job/90665766796
"29.07.26, 18:06:16",90665766837,30478096236,1,QUnit tests,Constel ui.scheduler-US/Pacific,feature/systemjs-remove-from-qunit-testinng,failure,Run QUnit tests,https://github.com/DevExpress/DevExtreme/actions/runs/30478096236/job/90665766837
"29.07.26, 18:06:16",90665766949,30478096236,1,QUnit tests,ui.scheduler-shadow-dom,feature/systemjs-remove-from-qunit-testinng,failure,Run QUnit tests,https://github.com/DevExpress/DevExtreme/actions/runs/30478096236/job/90665766949
"29.07.26, 17:49:58",90661502634,30476714456,1,QUnit tests,ui.grid-shadow-dom,fix/main-fi-localization-errors,failure,Run QUnit tests,https://github.com/DevExpress/DevExtreme/actions/runs/30476714456/job/90661502634
"29.07.26, 17:49:58",90661502686,30476714456,1,QUnit tests,Constel ui.grid,fix/main-fi-localization-errors,failure,Run QUnit tests,https://github.com/DevExpress/DevExtreme/actions/runs/30476714456/job/90661502686
"29.07.26, 17:14:55",90652541705,30474162506,1,QUnit tests,ui-shadow-dom,feature/systemjs-remove-from-qunit-testinng,failure,Run QUnit tests,https://github.com/DevExpress/DevExtreme/actions/runs/30474162506/job/90652541705
"29.07.26, 17:14:55",90652541709,30474162506,1,QUnit tests,ui.scheduler-shadow-dom,feature/systemjs-remove-from-qunit-testinng,failure,Run QUnit tests,https://github.com/DevExpress/DevExtreme/actions/runs/30474162506/job/90652541709
"29.07.26, 17:14:55",90652541730,30474162506,1,QUnit tests,ui.grid-shadow-dom,feature/systemjs-remove-from-qunit-testinng,failure,Run QUnit tests,https://github.com/DevExpress/DevExtreme/actions/runs/30474162506/job/90652541730
"29.07.26, 17:14:55",90652541735,30474162506,1,QUnit tests,ui.editors-shadow-dom,feature/systemjs-remove-from-qunit-testinng,failure,Run QUnit tests,https://github.com/DevExpress/DevExtreme/actions/runs/30474162506/job/90652541735
"29.07.26, 17:14:55",90652541775,30474162506,1,QUnit tests,ui.widgets-shadow-dom,feature/systemjs-remove-from-qunit-testinng,failure,Run QUnit tests,https://github.com/DevExpress/DevExtreme/actions/runs/30474162506/job/90652541775
"29.07.26, 17:14:55",90652541798,30474162506,1,QUnit tests,Constel misc,feature/systemjs-remove-from-qunit-testinng,failure,Run QUnit tests,https://github.com/DevExpress/DevExtreme/actions/runs/30474162506/job/90652541798
"29.07.26, 17:14:55",90652541799,30474162506,1,QUnit tests,Constel ui.scheduler,feature/systemjs-remove-from-qunit-testinng,failure,Run QUnit tests,https://github.com/DevExpress/DevExtreme/actions/runs/30474162506/job/90652541799
"29.07.26, 17:14:55",90652541826,30474162506,1,QUnit tests,Constel ui.widgets-no-csp,feature/systemjs-remove-from-qunit-testinng,failure,Run QUnit tests,https://github.com/DevExpress/DevExtreme/actions/runs/30474162506/job/90652541826
"29.07.26, 17:14:55",90652541828,30474162506,1,QUnit tests,Constel ui.grid,feature/systemjs-remove-from-qunit-testinng,failure,Run QUnit tests,https://github.com/DevExpress/DevExtreme/actions/runs/30474162506/job/90652541828
"29.07.26, 17:14:55",90652541855,30474162506,1,QUnit tests,Constel ui,feature/systemjs-remove-from-qunit-testinng,failure,Run QUnit tests,https://github.com/DevExpress/DevExtreme/actions/runs/30474162506/job/90652541855
"29.07.26, 17:14:55",90652541865,30474162506,1,QUnit tests,Constel ui.scheduler-US/Pacific,feature/systemjs-remove-from-qunit-testinng,failure,Run QUnit tests,https://github.com/DevExpress/DevExtreme/actions/runs/30474162506/job/90652541865
"29.07.26, 17:14:55",90652541868,30474162506,1,QUnit tests,Constel ui.editors,feature/systemjs-remove-from-qunit-testinng,failure,Run QUnit tests,https://github.com/DevExpress/DevExtreme/actions/runs/30474162506/job/90652541868
"29.07.26, 17:14:55",90652541945,30474162506,1,QUnit tests,Constel misc-no-csp,feature/systemjs-remove-from-qunit-testinng,failure,Run QUnit tests,https://github.com/DevExpress/DevExtreme/actions/runs/30474162506/job/90652541945
"29.07.26, 16:54:46",90647341345,30472457024,1,QUnit tests,ui.grid-shadow-dom,feature/26_2_new_fluent_theme_with_design_tokens_add_testcafe_etalons,failure,Run QUnit tests,https://github.com/DevExpress/DevExtreme/actions/runs/30472457024/job/90647341345
"29.07.26, 16:54:46",90647341428,30472457024,1,QUnit tests,Constel ui.grid,feature/26_2_new_fluent_theme_with_design_tokens_add_testcafe_etalons,failure,Run QUnit tests,https://github.com/DevExpress/DevExtreme/actions/runs/30472457024/job/90647341428
"29.07.26, 16:54:08",90647177108,30472430145,1,QUnit tests,ui.grid-shadow-dom,T1329677,failure,Run QUnit tests,https://github.com/DevExpress/DevExtreme/actions/runs/30472430145/job/90647177108
"29.07.26, 16:54:08",90647177335,30472430145,1,QUnit tests,Constel ui.grid,T1329677,failure,Run QUnit tests,https://github.com/DevExpress/DevExtreme/actions/runs/30472430145/job/90647177335
"29.07.26, 16:48:10",90645668377,30472408755,1,QUnit tests,Build,T1329677,cancelled,Use Node.js,https://github.com/DevExpress/DevExtreme/actions/runs/30472408755/job/90645668377
"29.07.26, 16:48:30",90645754882,30472408755,1,QUnit tests,${{ matrix.constel }}-shadow-dom,T1329677,cancelled,,https://github.com/DevExpress/DevExtreme/actions/runs/30472408755/job/90645754882
"29.07.26, 16:48:30",90645755076,30472408755,1,QUnit tests,"Constel ${{ matrix.CONSTEL }}${{ (((matrix.TIMEZONE != '') && format('-{0}', matrix.TIMEZONE)) || '') }}${{ (((matrix.CSP == 'false') && '-no-csp') || '') }}",T1329677,cancelled,,https://github.com/DevExpress/DevExtreme/actions/runs/30472408755/job/90645755076
"29.07.26, 16:48:30",90645756094,30472408755,1,QUnit tests,Send notifications,T1329677,cancelled,,https://github.com/DevExpress/DevExtreme/actions/runs/30472408755/job/90645756094
"29.07.26, 16:48:13",90645680355,30472214989,1,QUnit tests,ui.widgets-shadow-dom,feature/systemjs-remove-from-qunit-testinng,failure,Run QUnit tests,https://github.com/DevExpress/DevExtreme/actions/runs/30472214989/job/90645680355
"29.07.26, 16:48:13",90645680360,30472214989,1,QUnit tests,ui.editors-shadow-dom,feature/systemjs-remove-from-qunit-testinng,failure,Run QUnit tests,https://github.com/DevExpress/DevExtreme/actions/runs/30472214989/job/90645680360
"29.07.26, 16:48:13",90645680396,30472214989,1,QUnit tests,ui.scheduler-shadow-dom,feature/systemjs-remove-from-qunit-testinng,failure,Run QUnit tests,https://github.com/DevExpress/DevExtreme/actions/runs/30472214989/job/90645680396
"29.07.26, 16:48:13",90645680399,30472214989,1,QUnit tests,Constel ui.grid,feature/systemjs-remove-from-qunit-testinng,failure,Run QUnit tests,https://github.com/DevExpress/DevExtreme/actions/runs/30472214989/job/90645680399
"29.07.26, 16:48:13",90645680408,30472214989,1,QUnit tests,Constel ui.scheduler-US/Pacific,feature/systemjs-remove-from-qunit-testinng,failure,Run QUnit tests,https://github.com/DevExpress/DevExtreme/actions/runs/30472214989/job/90645680408
"29.07.26, 16:48:13",90645680425,30472214989,1,QUnit tests,Constel ui.widgets-no-csp,feature/systemjs-remove-from-qunit-testinng,failure,Run QUnit tests,https://github.com/DevExpress/DevExtreme/actions/runs/30472214989/job/90645680425
"29.07.26, 16:48:13",90645680443,30472214989,1,QUnit tests,ui.grid-shadow-dom,feature/systemjs-remove-from-qunit-testinng,failure,Run QUnit tests,https://github.com/DevExpress/DevExtreme/actions/runs/30472214989/job/90645680443
"29.07.26, 16:48:13",90645680450,30472214989,1,QUnit tests,Constel ui,feature/systemjs-remove-from-qunit-testinng,failure,Run QUnit tests,https://github.com/DevExpress/DevExtreme/actions/runs/30472214989/job/90645680450
"29.07.26, 16:48:13",90645680459,30472214989,1,QUnit tests,Constel ui.editors,feature/systemjs-remove-from-qunit-testinng,failure,Run QUnit tests,https://github.com/DevExpress/DevExtreme/actions/runs/30472214989/job/90645680459
"29.07.26, 16:48:13",90645680460,30472214989,1,QUnit tests,Constel misc,feature/systemjs-remove-from-qunit-testinng,failure,Run QUnit tests,https://github.com/DevExpress/DevExtreme/actions/runs/30472214989/job/90645680460
"29.07.26, 16:48:13",90645680468,30472214989,1,QUnit tests,Constel misc-no-csp,feature/systemjs-remove-from-qunit-testinng,failure,Run QUnit tests,https://github.com/DevExpress/DevExtreme/actions/runs/30472214989/job/90645680468
"29.07.26, 16:48:13",90645680471,30472214989,1,QUnit tests,ui-shadow-dom,feature/systemjs-remove-from-qunit-testinng,failure,Run QUnit tests,https://github.com/DevExpress/DevExtreme/actions/runs/30472214989/job/90645680471
"29.07.26, 16:48:13",90645680473,30472214989,1,QUnit tests,Constel ui.scheduler,feature/systemjs-remove-from-qunit-testinng,failure,Run QUnit tests,https://github.com/DevExpress/DevExtreme/actions/runs/30472214989/job/90645680473
"29.07.26, 16:50:04",90646140784,30472110608,1,QUnit tests,Constel misc,feature/26_2_popover_support_content_reading,failure,Run QUnit tests,https://github.com/DevExpress/DevExtreme/actions/runs/30472110608/job/90646140784
"29.07.26, 16:50:04",90646140805,30472110608,1,QUnit tests,Constel ui.grid,feature/26_2_popover_support_content_reading,failure,Run QUnit tests,https://github.com/DevExpress/DevExtreme/actions/runs/30472110608/job/90646140805
"29.07.26, 16:50:04",90646140835,30472110608,1,QUnit tests,Constel ui.widgets-no-csp,feature/26_2_popover_support_content_reading,failure,Run QUnit tests,https://github.com/DevExpress/DevExtreme/actions/runs/30472110608/job/90646140835
"29.07.26, 16:50:04",90646140844,30472110608,1,QUnit tests,ui.widgets-shadow-dom,feature/26_2_popover_support_content_reading,failure,Run QUnit tests,https://github.com/DevExpress/DevExtreme/actions/runs/30472110608/job/90646140844
"29.07.26, 16:50:04",90646140858,30472110608,1,QUnit tests,ui.editors-shadow-dom,feature/26_2_popover_support_content_reading,failure,Run QUnit tests,https://github.com/DevExpress/DevExtreme/actions/runs/30472110608/job/90646140858
"29.07.26, 16:50:04",90646140868,30472110608,1,QUnit tests,ui.grid-shadow-dom,feature/26_2_popover_support_content_reading,failure,Run QUnit tests,https://github.com/DevExpress/DevExtreme/actions/runs/30472110608/job/90646140868
"29.07.26, 16:50:04",90646140938,30472110608,1,QUnit tests,Constel ui.editors,feature/26_2_popover_support_content_reading,failure,Run QUnit tests,https://github.com/DevExpress/DevExtreme/actions/runs/30472110608/job/90646140938
"29.07.26, 16:50:04",90646140969,30472110608,1,QUnit tests,Constel misc-no-csp,feature/26_2_popover_support_content_reading,failure,Run QUnit tests,https://github.com/DevExpress/DevExtreme/actions/runs/30472110608/job/90646140969
"29.07.26, 16:50:06",90646149566,30472072846,1,QUnit tests,ui.grid-shadow-dom,feature/26_2_new_fluent_theme_with_design_tokens,failure,Run QUnit tests,https://github.com/DevExpress/DevExtreme/actions/runs/30472072846/job/90646149566
"29.07.26, 16:50:06",90646149577,30472072846,1,QUnit tests,Constel ui.grid,feature/26_2_new_fluent_theme_with_design_tokens,failure,Run QUnit tests,https://github.com/DevExpress/DevExtreme/actions/runs/30472072846/job/90646149577
"29.07.26, 16:39:26",90643425318,30471524280,1,QUnit tests,ui-shadow-dom,feature/systemjs-remove-from-qunit-testinng,failure,Run QUnit tests,https://github.com/DevExpress/DevExtreme/actions/runs/30471524280/job/90643425318
"29.07.26, 16:39:26",90643425352,30471524280,1,QUnit tests,ui.editors-shadow-dom,feature/systemjs-remove-from-qunit-testinng,failure,Run QUnit tests,https://github.com/DevExpress/DevExtreme/actions/runs/30471524280/job/90643425352
"29.07.26, 16:39:26",90643425368,30471524280,1,QUnit tests,ui.scheduler-shadow-dom,feature/systemjs-remove-from-qunit-testinng,failure,Run QUnit tests,https://github.com/DevExpress/DevExtreme/actions/runs/30471524280/job/90643425368
"29.07.26, 16:39:26",90643425393,30471524280,1,QUnit tests,Constel ui.grid,feature/systemjs-remove-from-qunit-testinng,failure,Run QUnit tests,https://github.com/DevExpress/DevExtreme/actions/runs/30471524280/job/90643425393
"29.07.26, 16:39:26",90643425412,30471524280,1,QUnit tests,ui.grid-shadow-dom,feature/systemjs-remove-from-qunit-testinng,failure,Run QUnit tests,https://github.com/DevExpress/DevExtreme/actions/runs/30471524280/job/90643425412
"29.07.26, 16:39:26",90643425431,30471524280,1,QUnit tests,Constel ui.widgets-no-csp,feature/systemjs-remove-from-qunit-testinng,failure,Run QUnit tests,https://github.com/DevExpress/DevExtreme/actions/runs/30471524280/job/90643425431
"29.07.26, 16:39:26",90643425456,30471524280,1,QUnit tests,Constel misc,feature/systemjs-remove-from-qunit-testinng,failure,Run QUnit tests,https://github.com/DevExpress/DevExtreme/actions/runs/30471524280/job/90643425456
"29.07.26, 16:39:26",90643425484,30471524280,1,QUnit tests,ui.widgets-shadow-dom,feature/systemjs-remove-from-qunit-testinng,failure,Run QUnit tests,https://github.com/DevExpress/DevExtreme/actions/runs/30471524280/job/90643425484
"29.07.26, 16:39:26",90643425487,30471524280,1,QUnit tests,Constel ui.editors,feature/systemjs-remove-from-qunit-testinng,failure,Run QUnit tests,https://github.com/DevExpress/DevExtreme/actions/runs/30471524280/job/90643425487
"29.07.26, 16:39:26",90643425537,30471524280,1,QUnit tests,Constel ui,feature/systemjs-remove-from-qunit-testinng,failure,Run QUnit tests,https://github.com/DevExpress/DevExtreme/actions/runs/30471524280/job/90643425537
"29.07.26, 16:39:26",90643425543,30471524280,1,QUnit tests,Constel misc-no-csp,feature/systemjs-remove-from-qunit-testinng,failure,Run QUnit tests,https://github.com/DevExpress/DevExtreme/actions/runs/30471524280/job/90643425543
"29.07.26, 16:39:26",90643425594,30471524280,1,QUnit tests,Constel ui.scheduler,feature/systemjs-remove-from-qunit-testinng,failure,Run QUnit tests,https://github.com/DevExpress/DevExtreme/actions/runs/30471524280/job/90643425594
"29.07.26, 16:39:26",90643425612,30471524280,1,QUnit tests,Constel ui.scheduler-US/Pacific,feature/systemjs-remove-from-qunit-testinng,failure,Run QUnit tests,https://github.com/DevExpress/DevExtreme/actions/runs/30471524280/job/90643425612
"29.07.26, 16:26:51",90640041725,30470223578,1,QUnit tests,ui.grid-shadow-dom,feature/26_2_new_fluent_theme_with_design_tokens_add_etalons,failure,Run QUnit tests,https://github.com/DevExpress/DevExtreme/actions/runs/30470223578/job/90640041725
"29.07.26, 16:26:51",90640041728,30470223578,1,QUnit tests,Constel ui.grid,feature/26_2_new_fluent_theme_with_design_tokens_add_etalons,failure,Run QUnit tests,https://github.com/DevExpress/DevExtreme/actions/runs/30470223578/job/90640041728
"29.07.26, 16:20:55",90638483501,30470090128,1,QUnit tests,Constel ui.scheduler,feature/systemjs-remove-from-qunit-testinng,failure,Run QUnit tests,https://github.com/DevExpress/DevExtreme/actions/runs/30470090128/job/90638483501
"29.07.26, 16:20:55",90638483504,30470090128,1,QUnit tests,ui.scheduler-shadow-dom,feature/systemjs-remove-from-qunit-testinng,failure,Run QUnit tests,https://github.com/DevExpress/DevExtreme/actions/runs/30470090128/job/90638483504
"29.07.26, 16:20:55",90638483528,30470090128,1,QUnit tests,ui.editors-shadow-dom,feature/systemjs-remove-from-qunit-testinng,failure,Run QUnit tests,https://github.com/DevExpress/DevExtreme/actions/runs/30470090128/job/90638483528
"29.07.26, 16:20:55",90638483539,30470090128,1,QUnit tests,Constel ui,feature/systemjs-remove-from-qunit-testinng,failure,Run QUnit tests,https://github.com/DevExpress/DevExtreme/actions/runs/30470090128/job/90638483539
"29.07.26, 16:20:55",90638483546,30470090128,1,QUnit tests,Constel ui.grid,feature/systemjs-remove-from-qunit-testinng,failure,Run QUnit tests,https://github.com/DevExpress/DevExtreme/actions/runs/30470090128/job/90638483546
"29.07.26, 16:20:55",90638483557,30470090128,1,QUnit tests,Constel ui.scheduler-US/Pacific,feature/systemjs-remove-from-qunit-testinng,failure,Run QUnit tests,https://github.com/DevExpress/DevExtreme/actions/runs/30470090128/job/90638483557
"29.07.26, 16:20:55",90638483572,30470090128,1,QUnit tests,ui.widgets-shadow-dom,feature/systemjs-remove-from-qunit-testinng,failure,Run QUnit tests,https://github.com/DevExpress/DevExtreme/actions/runs/30470090128/job/90638483572
"29.07.26, 16:20:55",90638483589,30470090128,1,QUnit tests,Constel misc-no-csp,feature/systemjs-remove-from-qunit-testinng,failure,Run QUnit tests,https://github.com/DevExpress/DevExtreme/actions/runs/30470090128/job/90638483589
"29.07.26, 16:20:55",90638483605,30470090128,1,QUnit tests,ui-shadow-dom,feature/systemjs-remove-from-qunit-testinng,failure,Run QUnit tests,https://github.com/DevExpress/DevExtreme/actions/runs/30470090128/job/90638483605
"29.07.26, 16:20:55",90638483614,30470090128,1,QUnit tests,Constel ui.editors,feature/systemjs-remove-from-qunit-testinng,failure,Run QUnit tests,https://github.com/DevExpress/DevExtreme/actions/runs/30470090128/job/90638483614
"29.07.26, 16:20:55",90638483617,30470090128,1,QUnit tests,Constel misc,feature/systemjs-remove-from-qunit-testinng,failure,Run QUnit tests,https://github.com/DevExpress/DevExtreme/actions/runs/30470090128/job/90638483617
"29.07.26, 16:20:55",90638483630,30470090128,1,QUnit tests,ui.grid-shadow-dom,feature/systemjs-remove-from-qunit-testinng,failure,Run QUnit tests,https://github.com/DevExpress/DevExtreme/actions/runs/30470090128/job/90638483630
"29.07.26, 16:20:55",90638483751,30470090128,1,QUnit tests,Constel ui.widgets-no-csp,feature/systemjs-remove-from-qunit-testinng,failure,Run QUnit tests,https://github.com/DevExpress/DevExtreme/actions/runs/30470090128/job/90638483751
"29.07.26, 15:46:22",90628982700,30467275818,1,QUnit tests,ui.grid-shadow-dom,feature/systemjs-remove-from-qunit-testinng,failure,Run QUnit tests,https://github.com/DevExpress/DevExtreme/actions/runs/30467275818/job/90628982700
"29.07.26, 15:46:22",90628982749,30467275818,1,QUnit tests,ui.editors-shadow-dom,feature/systemjs-remove-from-qunit-testinng,failure,Run QUnit tests,https://github.com/DevExpress/DevExtreme/actions/runs/30467275818/job/90628982749
"29.07.26, 15:46:22",90628982751,30467275818,1,QUnit tests,ui.widgets-shadow-dom,feature/systemjs-remove-from-qunit-testinng,failure,Run QUnit tests,https://github.com/DevExpress/DevExtreme/actions/runs/30467275818/job/90628982751
"29.07.26, 15:46:22",90628982812,30467275818,1,QUnit tests,Constel ui.grid,feature/systemjs-remove-from-qunit-testinng,failure,Run QUnit tests,https://github.com/DevExpress/DevExtreme/actions/runs/30467275818/job/90628982812
"29.07.26, 15:46:22",90628982830,30467275818,1,QUnit tests,ui.scheduler-shadow-dom,feature/systemjs-remove-from-qunit-testinng,failure,Run QUnit tests,https://github.com/DevExpress/DevExtreme/actions/runs/30467275818/job/90628982830
"29.07.26, 15:46:22",90628982840,30467275818,1,QUnit tests,ui-shadow-dom,feature/systemjs-remove-from-qunit-testinng,failure,Run QUnit tests,https://github.com/DevExpress/DevExtreme/actions/runs/30467275818/job/90628982840
"29.07.26, 15:46:22",90628982880,30467275818,1,QUnit tests,Constel ui.scheduler,feature/systemjs-remove-from-qunit-testinng,failure,Run QUnit tests,https://github.com/DevExpress/DevExtreme/actions/runs/30467275818/job/90628982880
"29.07.26, 15:46:22",90628982884,30467275818,1,QUnit tests,Constel ui.scheduler-US/Pacific,feature/systemjs-remove-from-qunit-testinng,failure,Run QUnit tests,https://github.com/DevExpress/DevExtreme/actions/runs/30467275818/job/90628982884
"29.07.26, 15:46:22",90628982987,30467275818,1,QUnit tests,Constel misc-no-csp,feature/systemjs-remove-from-qunit-testinng,failure,Run QUnit tests,https://github.com/DevExpress/DevExtreme/actions/runs/30467275818/job/90628982987
"29.07.26, 15:46:22",90628983044,30467275818,1,QUnit tests,Constel ui,feature/systemjs-remove-from-qunit-testinng,failure,Run QUnit tests,https://github.com/DevExpress/DevExtreme/actions/runs/30467275818/job/90628983044
"29.07.26, 15:46:22",90628983086,30467275818,1,QUnit tests,Constel ui.widgets-no-csp,feature/systemjs-remove-from-qunit-testinng,failure,Run QUnit tests,https://github.com/DevExpress/DevExtreme/actions/runs/30467275818/job/90628983086
"29.07.26, 15:46:22",90628983095,30467275818,1,QUnit tests,Constel misc,feature/systemjs-remove-from-qunit-testinng,failure,Run QUnit tests,https://github.com/DevExpress/DevExtreme/actions/runs/30467275818/job/90628983095
"29.07.26, 15:46:22",90628983150,30467275818,1,QUnit tests,Constel ui.editors,feature/systemjs-remove-from-qunit-testinng,failure,Run QUnit tests,https://github.com/DevExpress/DevExtreme/actions/runs/30467275818/job/90628983150
"29.07.26, 15:41:49",90627662426,30466408139,1,QUnit tests,Constel ui.grid,feature/26_2_popover_support_content_reading,failure,Run QUnit tests,https://github.com/DevExpress/DevExtreme/actions/runs/30466408139/job/90627662426
"29.07.26, 15:41:49",90627662556,30466408139,1,QUnit tests,ui.grid-shadow-dom,feature/26_2_popover_support_content_reading,failure,Run QUnit tests,https://github.com/DevExpress/DevExtreme/actions/runs/30466408139/job/90627662556
"29.07.26, 15:28:56",90623941209,30465623745,1,QUnit tests,Constel ui.grid,feature/26_2_new_fluent_theme_with_design_tokens_add_etalons,failure,Run QUnit tests,https://github.com/DevExpress/DevExtreme/actions/runs/30465623745/job/90623941209
"29.07.26, 15:28:56",90623941214,30465623745,1,QUnit tests,ui.grid-shadow-dom,feature/26_2_new_fluent_theme_with_design_tokens_add_etalons,failure,Run QUnit tests,https://github.com/DevExpress/DevExtreme/actions/runs/30465623745/job/90623941214
"29.07.26, 15:12:48",90619579373,30464421981,1,QUnit tests,ui.widgets-shadow-dom,feature/systemjs-remove-from-qunit-testinng,failure,Run QUnit tests,https://github.com/DevExpress/DevExtreme/actions/runs/30464421981/job/90619579373
"29.07.26, 15:12:48",90619579409,30464421981,1,QUnit tests,ui.scheduler-shadow-dom,feature/systemjs-remove-from-qunit-testinng,failure,Run QUnit tests,https://github.com/DevExpress/DevExtreme/actions/runs/30464421981/job/90619579409
"29.07.26, 15:12:48",90619579435,30464421981,1,QUnit tests,ui-shadow-dom,feature/systemjs-remove-from-qunit-testinng,failure,Run QUnit tests,https://github.com/DevExpress/DevExtreme/actions/runs/30464421981/job/90619579435
"29.07.26, 15:12:48",90619579461,30464421981,1,QUnit tests,Constel ui.editors,feature/systemjs-remove-from-qunit-testinng,failure,Run QUnit tests,https://github.com/DevExpress/DevExtreme/actions/runs/30464421981/job/90619579461
"29.07.26, 15:12:48",90619579475,30464421981,1,QUnit tests,Constel ui.grid,feature/systemjs-remove-from-qunit-testinng,failure,Run QUnit tests,https://github.com/DevExpress/DevExtreme/actions/runs/30464421981/job/90619579475
"29.07.26, 15:12:48",90619579488,30464421981,1,QUnit tests,Constel ui.scheduler-US/Pacific,feature/systemjs-remove-from-qunit-testinng,failure,Run QUnit tests,https://github.com/DevExpress/DevExtreme/actions/runs/30464421981/job/90619579488
"29.07.26, 15:12:48",90619579520,30464421981,1,QUnit tests,Constel ui,feature/systemjs-remove-from-qunit-testinng,failure,Run QUnit tests,https://github.com/DevExpress/DevExtreme/actions/runs/30464421981/job/90619579520
"29.07.26, 15:12:48",90619579546,30464421981,1,QUnit tests,ui.grid-shadow-dom,feature/systemjs-remove-from-qunit-testinng,failure,Run QUnit tests,https://github.com/DevExpress/DevExtreme/actions/runs/30464421981/job/90619579546
"29.07.26, 15:12:48",90619579556,30464421981,1,QUnit tests,Constel ui.scheduler,feature/systemjs-remove-from-qunit-testinng,failure,Run QUnit tests,https://github.com/DevExpress/DevExtreme/actions/runs/30464421981/job/90619579556
"29.07.26, 15:12:48",90619579565,30464421981,1,QUnit tests,Constel ui.widgets-no-csp,feature/systemjs-remove-from-qunit-testinng,failure,Run QUnit tests,https://github.com/DevExpress/DevExtreme/actions/runs/30464421981/job/90619579565
"29.07.26, 15:12:48",90619579638,30464421981,1,QUnit tests,Constel misc,feature/systemjs-remove-from-qunit-testinng,failure,Run QUnit tests,https://github.com/DevExpress/DevExtreme/actions/runs/30464421981/job/90619579638
"29.07.26, 15:12:48",90619579655,30464421981,1,QUnit tests,ui.editors-shadow-dom,feature/systemjs-remove-from-qunit-testinng,failure,Run QUnit tests,https://github.com/DevExpress/DevExtreme/actions/runs/30464421981/job/90619579655
"29.07.26, 15:12:48",90619579659,30464421981,1,QUnit tests,Constel misc-no-csp,feature/systemjs-remove-from-qunit-testinng,failure,Run QUnit tests,https://github.com/DevExpress/DevExtreme/actions/runs/30464421981/job/90619579659
"29.07.26, 14:46:48",90612130324,30462060219,1,QUnit tests,ui.grid-shadow-dom,dmlvr-feature/26_2_popover_support_content_reading,failure,Run QUnit tests,https://github.com/DevExpress/DevExtreme/actions/runs/30462060219/job/90612130324
"29.07.26, 14:46:48",90612130360,30462060219,1,QUnit tests,Constel ui.grid,dmlvr-feature/26_2_popover_support_content_reading,failure,Run QUnit tests,https://github.com/DevExpress/DevExtreme/actions/runs/30462060219/job/90612130360
"29.07.26, 14:38:40",90609790582,30461399839,1,QUnit tests,ui.grid-shadow-dom,qunit_fluent_part_1_25_2,failure,Run QUnit tests,https://github.com/DevExpress/DevExtreme/actions/runs/30461399839/job/90609790582
"29.07.26, 14:38:40",90609790587,30461399839,1,QUnit tests,Constel ui.grid,qunit_fluent_part_1_25_2,failure,Run QUnit tests,https://github.com/DevExpress/DevExtreme/actions/runs/30461399839/job/90609790587
"29.07.26, 14:38:18",90609685650,30461397113,1,QUnit tests,ui.grid-shadow-dom,qunit_fluent_part_1_26_1,failure,Run QUnit tests,https://github.com/DevExpress/DevExtreme/actions/runs/30461397113/job/90609685650
"29.07.26, 14:38:18",90609685741,30461397113,1,QUnit tests,Constel ui.grid,qunit_fluent_part_1_26_1,failure,Run QUnit tests,https://github.com/DevExpress/DevExtreme/actions/runs/30461397113/job/90609685741
"29.07.26, 14:38:18",90609685765,30461397113,1,QUnit tests,Constel ui.widgets-no-csp,qunit_fluent_part_1_26_1,failure,,https://github.com/DevExpress/DevExtreme/actions/runs/30461397113/job/90609685765
"29.07.26, 14:38:18",90609685863,30461397113,1,QUnit tests,Constel ui.scheduler,qunit_fluent_part_1_26_1,failure,,https://github.com/DevExpress/DevExtreme/actions/runs/30461397113/job/90609685863
"29.07.26, 14:37:45",90609531473,30461352198,1,QUnit tests,ui.grid-shadow-dom,qunit_fluent_part_1_26_2,failure,Run QUnit tests,https://github.com/DevExpress/DevExtreme/actions/runs/30461352198/job/90609531473
"29.07.26, 14:37:45",90609531531,30461352198,1,QUnit tests,Constel ui.grid,qunit_fluent_part_1_26_2,failure,Run QUnit tests,https://github.com/DevExpress/DevExtreme/actions/runs/30461352198/job/90609531531
"29.07.26, 14:35:40",90608927231,30461172875,1,QUnit tests,ui.grid-shadow-dom,fix/wg-imports-components,failure,Run QUnit tests,https://github.com/DevExpress/DevExtreme/actions/runs/30461172875/job/90608927231
"29.07.26, 14:35:40",90608927409,30461172875,1,QUnit tests,Constel ui.grid,fix/wg-imports-components,failure,Run QUnit tests,https://github.com/DevExpress/DevExtreme/actions/runs/30461172875/job/90608927409
"29.07.26, 14:33:08",90608197609,30460988119,1,QUnit tests,ui.grid-shadow-dom,dmlvr-feature/26_2_popover_support_content_reading,cancelled,Run QUnit tests,https://github.com/DevExpress/DevExtreme/actions/runs/30460988119/job/90608197609
"29.07.26, 14:33:08",90608197752,30460988119,1,QUnit tests,Constel ui.grid,dmlvr-feature/26_2_popover_support_content_reading,failure,Run QUnit tests,https://github.com/DevExpress/DevExtreme/actions/runs/30460988119/job/90608197752
"29.07.26, 14:41:00",90610454919,30460988119,1,QUnit tests,Send notifications,dmlvr-feature/26_2_popover_support_content_reading,cancelled,,https://github.com/DevExpress/DevExtreme/actions/runs/30460988119/job/90610454919
"29.07.26, 14:29:25",90607117165,30460659519,1,QUnit tests,ui.editors-shadow-dom,qunit_fluent_part_1_25_2,cancelled,Run QUnit tests,https://github.com/DevExpress/DevExtreme/actions/runs/30460659519/job/90607117165
"29.07.26, 14:29:25",90607117187,30460659519,1,QUnit tests,ui-shadow-dom,qunit_fluent_part_1_25_2,cancelled,Run QUnit tests,https://github.com/DevExpress/DevExtreme/actions/runs/30460659519/job/90607117187
"29.07.26, 14:29:25",90607117209,30460659519,1,QUnit tests,Constel ui,qunit_fluent_part_1_25_2,cancelled,Run QUnit tests,https://github.com/DevExpress/DevExtreme/actions/runs/30460659519/job/90607117209
"29.07.26, 14:29:25",90607117242,30460659519,1,QUnit tests,ui.scheduler-shadow-dom,qunit_fluent_part_1_25_2,cancelled,Run QUnit tests,https://github.com/DevExpress/DevExtreme/actions/runs/30460659519/job/90607117242
"29.07.26, 14:29:25",90607117275,30460659519,1,QUnit tests,Constel ui.widgets-no-csp,qunit_fluent_part_1_25_2,cancelled,Run QUnit tests,https://github.com/DevExpress/DevExtreme/actions/runs/30460659519/job/90607117275
"29.07.26, 14:29:25",90607117305,30460659519,1,QUnit tests,Constel ui.scheduler,qunit_fluent_part_1_25_2,cancelled,Run QUnit tests,https://github.com/DevExpress/DevExtreme/actions/runs/30460659519/job/90607117305
"29.07.26, 14:29:25",90607117310,30460659519,1,QUnit tests,Constel misc-no-csp,qunit_fluent_part_1_25_2,cancelled,Run QUnit tests,https://github.com/DevExpress/DevExtreme/actions/runs/30460659519/job/90607117310
"29.07.26, 14:29:25",90607117333,30460659519,1,QUnit tests,ui.widgets-shadow-dom,qunit_fluent_part_1_25_2,cancelled,Run QUnit tests,https://github.com/DevExpress/DevExtreme/actions/runs/30460659519/job/90607117333
"29.07.26, 14:29:25",90607117383,30460659519,1,QUnit tests,ui.grid-shadow-dom,qunit_fluent_part_1_25_2,cancelled,Run QUnit tests,https://github.com/DevExpress/DevExtreme/actions/runs/30460659519/job/90607117383
"29.07.26, 14:29:25",90607117403,30460659519,1,QUnit tests,Constel ui.scheduler-US/Pacific,qunit_fluent_part_1_25_2,cancelled,Run QUnit tests,https://github.com/DevExpress/DevExtreme/actions/runs/30460659519/job/90607117403
"29.07.26, 14:29:25",90607117598,30460659519,1,QUnit tests,Constel ui.editors,qunit_fluent_part_1_25_2,cancelled,Run QUnit tests,https://github.com/DevExpress/DevExtreme/actions/runs/30460659519/job/90607117598
"29.07.26, 14:29:25",90607117610,30460659519,1,QUnit tests,Constel ui.grid,qunit_fluent_part_1_25_2,cancelled,Run QUnit tests,https://github.com/DevExpress/DevExtreme/actions/runs/30460659519/job/90607117610
"29.07.26, 14:33:09",90608203844,30460659519,1,QUnit tests,Send notifications,qunit_fluent_part_1_25_2,cancelled,,https://github.com/DevExpress/DevExtreme/actions/runs/30460659519/job/90608203844
"29.07.26, 14:28:40",90606901837,30460580439,1,QUnit tests,ui-shadow-dom,qunit_fluent_part_1_26_1,cancelled,Run QUnit tests,https://github.com/DevExpress/DevExtreme/actions/runs/30460580439/job/90606901837
"29.07.26, 14:28:40",90606901893,30460580439,1,QUnit tests,ui.scheduler-shadow-dom,qunit_fluent_part_1_26_1,cancelled,Run QUnit tests,https://github.com/DevExpress/DevExtreme/actions/runs/30460580439/job/90606901893
"29.07.26, 14:28:40",90606901897,30460580439,1,QUnit tests,ui.grid-shadow-dom,qunit_fluent_part_1_26_1,cancelled,Run QUnit tests,https://github.com/DevExpress/DevExtreme/actions/runs/30460580439/job/90606901897
"29.07.26, 14:28:40",90606901898,30460580439,1,QUnit tests,ui.widgets-shadow-dom,qunit_fluent_part_1_26_1,cancelled,Run QUnit tests,https://github.com/DevExpress/DevExtreme/actions/runs/30460580439/job/90606901898
"29.07.26, 14:28:40",90606902009,30460580439,1,QUnit tests,ui.editors-shadow-dom,qunit_fluent_part_1_26_1,cancelled,Run QUnit tests,https://github.com/DevExpress/DevExtreme/actions/runs/30460580439/job/90606902009
"29.07.26, 14:28:40",90606902010,30460580439,1,QUnit tests,Constel misc-no-csp,qunit_fluent_part_1_26_1,cancelled,Run QUnit tests,https://github.com/DevExpress/DevExtreme/actions/runs/30460580439/job/90606902010
"29.07.26, 14:28:40",90606902042,30460580439,1,QUnit tests,Constel ui.grid,qunit_fluent_part_1_26_1,cancelled,Run QUnit tests,https://github.com/DevExpress/DevExtreme/actions/runs/30460580439/job/90606902042
"29.07.26, 14:28:40",90606902059,30460580439,1,QUnit tests,Constel ui.scheduler,qunit_fluent_part_1_26_1,cancelled,Run QUnit tests,https://github.com/DevExpress/DevExtreme/actions/runs/30460580439/job/90606902059
"29.07.26, 14:28:40",90606902066,30460580439,1,QUnit tests,Constel ui.editors,qunit_fluent_part_1_26_1,cancelled,Run QUnit tests,https://github.com/DevExpress/DevExtreme/actions/runs/30460580439/job/90606902066
"29.07.26, 14:28:40",90606902183,30460580439,1,QUnit tests,Constel ui.widgets-no-csp,qunit_fluent_part_1_26_1,cancelled,Run QUnit tests,https://github.com/DevExpress/DevExtreme/actions/runs/30460580439/job/90606902183
"29.07.26, 14:28:40",90606902201,30460580439,1,QUnit tests,Constel misc,qunit_fluent_part_1_26_1,cancelled,Post Run QUnit tests,https://github.com/DevExpress/DevExtreme/actions/runs/30460580439/job/90606902201
"29.07.26, 14:28:40",90606902226,30460580439,1,QUnit tests,Constel ui.scheduler-US/Pacific,qunit_fluent_part_1_26_1,cancelled,Run QUnit tests,https://github.com/DevExpress/DevExtreme/actions/runs/30460580439/job/90606902226
"29.07.26, 14:28:40",90606902536,30460580439,1,QUnit tests,Constel ui,qunit_fluent_part_1_26_1,cancelled,Run QUnit tests,https://github.com/DevExpress/DevExtreme/actions/runs/30460580439/job/90606902536
"29.07.26, 14:33:06",90608191355,30460580439,1,QUnit tests,Send notifications,qunit_fluent_part_1_26_1,cancelled,,https://github.com/DevExpress/DevExtreme/actions/runs/30460580439/job/90608191355
"29.07.26, 14:19:38",90604347264,30460114200,1,QUnit tests,ui.grid-shadow-dom,feature/26_2_new_fluent_theme_with_design_tokens_add_etalons,failure,Run QUnit tests,https://github.com/DevExpress/DevExtreme/actions/runs/30460114200/job/90604347264
"29.07.26, 14:19:38",90604347418,30460114200,1,QUnit tests,Constel ui.grid,feature/26_2_new_fluent_theme_with_design_tokens_add_etalons,failure,Run QUnit tests,https://github.com/DevExpress/DevExtreme/actions/runs/30460114200/job/90604347418
"29.07.26, 14:06:21",90600596067,30458957585,1,QUnit tests,ui.grid-shadow-dom,feature/26_2_new_fluent_theme_with_design_tokens_add_etalons,failure,Run QUnit tests,https://github.com/DevExpress/DevExtreme/actions/runs/30458957585/job/90600596067
"29.07.26, 14:06:21",90600596168,30458957585,1,QUnit tests,Constel ui.grid,feature/26_2_new_fluent_theme_with_design_tokens_add_etalons,failure,Run QUnit tests,https://github.com/DevExpress/DevExtreme/actions/runs/30458957585/job/90600596168
"29.07.26, 13:49:08",90595738323,30457447547,1,QUnit tests,ui.grid-shadow-dom,feature/26_2_new_fluent_theme_with_design_tokens_add_etalons,failure,Run QUnit tests,https://github.com/DevExpress/DevExtreme/actions/runs/30457447547/job/90595738323
"29.07.26, 13:49:08",90595738571,30457447547,1,QUnit tests,Constel ui.grid,feature/26_2_new_fluent_theme_with_design_tokens_add_etalons,failure,Run QUnit tests,https://github.com/DevExpress/DevExtreme/actions/runs/30457447547/job/90595738571
"29.07.26, 13:45:30",90594750278,30457256217,1,QUnit tests,ui.editors-shadow-dom,feature/systemjs-remove-from-qunit-testinng,failure,Run QUnit tests,https://github.com/DevExpress/DevExtreme/actions/runs/30457256217/job/90594750278
"29.07.26, 13:45:30",90594750356,30457256217,1,QUnit tests,ui.widgets-shadow-dom,feature/systemjs-remove-from-qunit-testinng,failure,Run QUnit tests,https://github.com/DevExpress/DevExtreme/actions/runs/30457256217/job/90594750356
"29.07.26, 13:45:30",90594750377,30457256217,1,QUnit tests,ui.grid-shadow-dom,feature/systemjs-remove-from-qunit-testinng,failure,Run QUnit tests,https://github.com/DevExpress/DevExtreme/actions/runs/30457256217/job/90594750377
"29.07.26, 13:45:30",90594750384,30457256217,1,QUnit tests,Constel ui.scheduler,feature/systemjs-remove-from-qunit-testinng,failure,Run QUnit tests,https://github.com/DevExpress/DevExtreme/actions/runs/30457256217/job/90594750384
"29.07.26, 13:45:30",90594750385,30457256217,1,QUnit tests,ui-shadow-dom,feature/systemjs-remove-from-qunit-testinng,failure,Run QUnit tests,https://github.com/DevExpress/DevExtreme/actions/runs/30457256217/job/90594750385
"29.07.26, 13:45:30",90594750407,30457256217,1,QUnit tests,Constel ui.editors,feature/systemjs-remove-from-qunit-testinng,failure,Run QUnit tests,https://github.com/DevExpress/DevExtreme/actions/runs/30457256217/job/90594750407
"29.07.26, 13:45:30",90594750441,30457256217,1,QUnit tests,Constel ui.grid,feature/systemjs-remove-from-qunit-testinng,failure,Run QUnit tests,https://github.com/DevExpress/DevExtreme/actions/runs/30457256217/job/90594750441
"29.07.26, 13:45:30",90594750456,30457256217,1,QUnit tests,ui.scheduler-shadow-dom,feature/systemjs-remove-from-qunit-testinng,failure,Run QUnit tests,https://github.com/DevExpress/DevExtreme/actions/runs/30457256217/job/90594750456
"29.07.26, 13:45:30",90594750458,30457256217,1,QUnit tests,Constel misc-no-csp,feature/systemjs-remove-from-qunit-testinng,failure,Run QUnit tests,https://github.com/DevExpress/DevExtreme/actions/runs/30457256217/job/90594750458
"29.07.26, 13:45:30",90594750477,30457256217,1,QUnit tests,Constel ui,feature/systemjs-remove-from-qunit-testinng,failure,Run QUnit tests,https://github.com/DevExpress/DevExtreme/actions/runs/30457256217/job/90594750477
"29.07.26, 13:45:30",90594750480,30457256217,1,QUnit tests,Constel ui.widgets-no-csp,feature/systemjs-remove-from-qunit-testinng,failure,Run QUnit tests,https://github.com/DevExpress/DevExtreme/actions/runs/30457256217/job/90594750480
"29.07.26, 13:45:30",90594750526,30457256217,1,QUnit tests,Constel ui.scheduler-US/Pacific,feature/systemjs-remove-from-qunit-testinng,failure,Run QUnit tests,https://github.com/DevExpress/DevExtreme/actions/runs/30457256217/job/90594750526
"29.07.26, 13:45:30",90594750560,30457256217,1,QUnit tests,Constel misc,feature/systemjs-remove-from-qunit-testinng,failure,Run QUnit tests,https://github.com/DevExpress/DevExtreme/actions/runs/30457256217/job/90594750560
"29.07.26, 13:46:14",90594953139,30457088738,1,QUnit tests,Constel ui.grid,feature/26_2_new_fluent_theme_with_design_tokens,failure,Run QUnit tests,https://github.com/DevExpress/DevExtreme/actions/runs/30457088738/job/90594953139
"29.07.26, 13:46:14",90594953412,30457088738,1,QUnit tests,ui.grid-shadow-dom,feature/26_2_new_fluent_theme_with_design_tokens,failure,Run QUnit tests,https://github.com/DevExpress/DevExtreme/actions/runs/30457088738/job/90594953412
"29.07.26, 13:39:15",90593030758,30456630881,1,QUnit tests,ui.grid-shadow-dom,fix_elastic_scroll_top_main,failure,Run QUnit tests,https://github.com/DevExpress/DevExtreme/actions/runs/30456630881/job/90593030758
"29.07.26, 13:39:15",90593030852,30456630881,1,QUnit tests,Constel ui.grid,fix_elastic_scroll_top_main,failure,Run QUnit tests,https://github.com/DevExpress/DevExtreme/actions/runs/30456630881/job/90593030852
"29.07.26, 13:37:11",90592471585,30456469681,1,QUnit tests,ui.widgets-shadow-dom,dmlvr-feature/26_2_popover_support_content_reading,failure,Run QUnit tests,https://github.com/DevExpress/DevExtreme/actions/runs/30456469681/job/90592471585
"29.07.26, 13:37:11",90592471683,30456469681,1,QUnit tests,Constel ui.editors,dmlvr-feature/26_2_popover_support_content_reading,failure,Run QUnit tests,https://github.com/DevExpress/DevExtreme/actions/runs/30456469681/job/90592471683
"29.07.26, 13:37:11",90592471791,30456469681,1,QUnit tests,ui.scheduler-shadow-dom,dmlvr-feature/26_2_popover_support_content_reading,failure,Run QUnit tests,https://github.com/DevExpress/DevExtreme/actions/runs/30456469681/job/90592471791
"29.07.26, 13:37:11",90592471792,30456469681,1,QUnit tests,ui.grid-shadow-dom,dmlvr-feature/26_2_popover_support_content_reading,failure,Run QUnit tests,https://github.com/DevExpress/DevExtreme/actions/runs/30456469681/job/90592471792
"29.07.26, 13:37:11",90592471838,30456469681,1,QUnit tests,Constel ui.grid,dmlvr-feature/26_2_popover_support_content_reading,failure,Run QUnit tests,https://github.com/DevExpress/DevExtreme/actions/runs/30456469681/job/90592471838
"29.07.26, 13:37:11",90592471886,30456469681,1,QUnit tests,ui.editors-shadow-dom,dmlvr-feature/26_2_popover_support_content_reading,failure,Run QUnit tests,https://github.com/DevExpress/DevExtreme/actions/runs/30456469681/job/90592471886
"29.07.26, 13:37:11",90592471973,30456469681,1,QUnit tests,Constel ui.widgets-no-csp,dmlvr-feature/26_2_popover_support_content_reading,failure,Run QUnit tests,https://github.com/DevExpress/DevExtreme/actions/runs/30456469681/job/90592471973
"29.07.26, 13:50:12",90596036118,30456469681,2,QUnit tests,ui.grid-shadow-dom,dmlvr-feature/26_2_popover_support_content_reading,failure,Run QUnit tests,https://github.com/DevExpress/DevExtreme/actions/runs/30456469681/job/90596036118
"29.07.26, 13:50:12",90596036142,30456469681,2,QUnit tests,ui.widgets-shadow-dom,dmlvr-feature/26_2_popover_support_content_reading,failure,Run QUnit tests,https://github.com/DevExpress/DevExtreme/actions/runs/30456469681/job/90596036142
"29.07.26, 13:50:12",90596036432,30456469681,2,QUnit tests,ui.editors-shadow-dom,dmlvr-feature/26_2_popover_support_content_reading,failure,Run QUnit tests,https://github.com/DevExpress/DevExtreme/actions/runs/30456469681/job/90596036432
"29.07.26, 13:50:12",90596036688,30456469681,2,QUnit tests,Constel ui.grid,dmlvr-feature/26_2_popover_support_content_reading,failure,Run QUnit tests,https://github.com/DevExpress/DevExtreme/actions/runs/30456469681/job/90596036688
"29.07.26, 13:50:12",90596036700,30456469681,2,QUnit tests,Constel ui.editors,dmlvr-feature/26_2_popover_support_content_reading,failure,Run QUnit tests,https://github.com/DevExpress/DevExtreme/actions/runs/30456469681/job/90596036700
"29.07.26, 13:50:12",90596036707,30456469681,2,QUnit tests,Constel ui.widgets-no-csp,dmlvr-feature/26_2_popover_support_content_reading,failure,Run QUnit tests,https://github.com/DevExpress/DevExtreme/actions/runs/30456469681/job/90596036707
"29.07.26, 13:32:14",90591155410,30456094329,1,QUnit tests,ui.grid-shadow-dom,feature/26_2_new_fluent_theme_with_design_tokens_add_etalons,failure,Run QUnit tests,https://github.com/DevExpress/DevExtreme/actions/runs/30456094329/job/90591155410
"29.07.26, 13:32:14",90591155411,30456094329,1,QUnit tests,Constel ui.grid,feature/26_2_new_fluent_theme_with_design_tokens_add_etalons,failure,Run QUnit tests,https://github.com/DevExpress/DevExtreme/actions/runs/30456094329/job/90591155411
"29.07.26, 13:27:33",90589913025,30456093212,1,QUnit tests,Check if all tests should run,feature/26_2_new_fluent_theme_with_design_tokens_add_etalons,cancelled,,https://github.com/DevExpress/DevExtreme/actions/runs/30456093212/job/90589913025
"29.07.26, 13:27:33",90589913087,30456093212,1,QUnit tests,Build,feature/26_2_new_fluent_theme_with_design_tokens_add_etalons,cancelled,,https://github.com/DevExpress/DevExtreme/actions/runs/30456093212/job/90589913087
"29.07.26, 13:27:34",90589919039,30456093212,1,QUnit tests,"Constel ${{ matrix.CONSTEL }}${{ (((matrix.TIMEZONE != '') && format('-{0}', matrix.TIMEZONE)) || '') }}${{ (((matrix.CSP == 'false') && '-no-csp') || '') }}",feature/26_2_new_fluent_theme_with_design_tokens_add_etalons,cancelled,,https://github.com/DevExpress/DevExtreme/actions/runs/30456093212/job/90589919039
"29.07.26, 13:27:34",90589919311,30456093212,1,QUnit tests,${{ matrix.constel }}-shadow-dom,feature/26_2_new_fluent_theme_with_design_tokens_add_etalons,cancelled,,https://github.com/DevExpress/DevExtreme/actions/runs/30456093212/job/90589919311
"29.07.26, 13:27:35",90589920390,30456093212,1,QUnit tests,Send notifications,feature/26_2_new_fluent_theme_with_design_tokens_add_etalons,cancelled,,https://github.com/DevExpress/DevExtreme/actions/runs/30456093212/job/90589920390
"29.07.26, 13:28:11",90590075807,30455840910,1,QUnit tests,ui.grid-shadow-dom,feature/systemjs-remove-from-qunit-testinng,failure,Run QUnit tests,https://github.com/DevExpress/DevExtreme/actions/runs/30455840910/job/90590075807
"29.07.26, 13:28:11",90590075831,30455840910,1,QUnit tests,ui.widgets-shadow-dom,feature/systemjs-remove-from-qunit-testinng,failure,Run QUnit tests,https://github.com/DevExpress/DevExtreme/actions/runs/30455840910/job/90590075831
"29.07.26, 13:28:11",90590075836,30455840910,1,QUnit tests,Constel ui,feature/systemjs-remove-from-qunit-testinng,failure,Run QUnit tests,https://github.com/DevExpress/DevExtreme/actions/runs/30455840910/job/90590075836
"29.07.26, 13:28:11",90590075917,30455840910,1,QUnit tests,Constel misc,feature/systemjs-remove-from-qunit-testinng,failure,Run QUnit tests,https://github.com/DevExpress/DevExtreme/actions/runs/30455840910/job/90590075917
"29.07.26, 13:28:11",90590075959,30455840910,1,QUnit tests,Constel ui.widgets-no-csp,feature/systemjs-remove-from-qunit-testinng,failure,Run QUnit tests,https://github.com/DevExpress/DevExtreme/actions/runs/30455840910/job/90590075959
"29.07.26, 13:28:11",90590075986,30455840910,1,QUnit tests,ui.scheduler-shadow-dom,feature/systemjs-remove-from-qunit-testinng,failure,Run QUnit tests,https://github.com/DevExpress/DevExtreme/actions/runs/30455840910/job/90590075986
"29.07.26, 13:28:11",90590076018,30455840910,1,QUnit tests,Constel ui.editors,feature/systemjs-remove-from-qunit-testinng,failure,Run QUnit tests,https://github.com/DevExpress/DevExtreme/actions/runs/30455840910/job/90590076018
"29.07.26, 13:28:11",90590076019,30455840910,1,QUnit tests,Constel misc-no-csp,feature/systemjs-remove-from-qunit-testinng,failure,Run QUnit tests,https://github.com/DevExpress/DevExtreme/actions/runs/30455840910/job/90590076019
"29.07.26, 13:28:11",90590076039,30455840910,1,QUnit tests,Constel ui.scheduler-US/Pacific,feature/systemjs-remove-from-qunit-testinng,failure,Run QUnit tests,https://github.com/DevExpress/DevExtreme/actions/runs/30455840910/job/90590076039
"29.07.26, 13:28:11",90590076061,30455840910,1,QUnit tests,Constel ui.grid,feature/systemjs-remove-from-qunit-testinng,failure,Run QUnit tests,https://github.com/DevExpress/DevExtreme/actions/runs/30455840910/job/90590076061
"29.07.26, 13:28:11",90590076083,30455840910,1,QUnit tests,Constel ui.scheduler,feature/systemjs-remove-from-qunit-testinng,failure,Run QUnit tests,https://github.com/DevExpress/DevExtreme/actions/runs/30455840910/job/90590076083
"29.07.26, 13:28:11",90590076107,30455840910,1,QUnit tests,ui.editors-shadow-dom,feature/systemjs-remove-from-qunit-testinng,failure,Run QUnit tests,https://github.com/DevExpress/DevExtreme/actions/runs/30455840910/job/90590076107
"29.07.26, 13:28:11",90590076290,30455840910,1,QUnit tests,ui-shadow-dom,feature/systemjs-remove-from-qunit-testinng,failure,Run QUnit tests,https://github.com/DevExpress/DevExtreme/actions/runs/30455840910/job/90590076290
"29.07.26, 13:17:46",90587403163,30455091655,1,QUnit tests,ui.scheduler-shadow-dom,dmlvr-feature/26_2_popover_support_content_reading,failure,Run QUnit tests,https://github.com/DevExpress/DevExtreme/actions/runs/30455091655/job/90587403163
"29.07.26, 13:17:46",90587403209,30455091655,1,QUnit tests,Constel ui,dmlvr-feature/26_2_popover_support_content_reading,failure,Run QUnit tests,https://github.com/DevExpress/DevExtreme/actions/runs/30455091655/job/90587403209
"29.07.26, 13:17:46",90587403219,30455091655,1,QUnit tests,ui-shadow-dom,dmlvr-feature/26_2_popover_support_content_reading,failure,Run QUnit tests,https://github.com/DevExpress/DevExtreme/actions/runs/30455091655/job/90587403219
"29.07.26, 13:17:46",90587403229,30455091655,1,QUnit tests,ui.grid-shadow-dom,dmlvr-feature/26_2_popover_support_content_reading,failure,Run QUnit tests,https://github.com/DevExpress/DevExtreme/actions/runs/30455091655/job/90587403229
"29.07.26, 13:17:46",90587403239,30455091655,1,QUnit tests,ui.widgets-shadow-dom,dmlvr-feature/26_2_popover_support_content_reading,failure,Run QUnit tests,https://github.com/DevExpress/DevExtreme/actions/runs/30455091655/job/90587403239
"29.07.26, 13:17:46",90587403250,30455091655,1,QUnit tests,Constel ui.grid,dmlvr-feature/26_2_popover_support_content_reading,failure,Run QUnit tests,https://github.com/DevExpress/DevExtreme/actions/runs/30455091655/job/90587403250
"29.07.26, 13:17:46",90587403254,30455091655,1,QUnit tests,Constel misc,dmlvr-feature/26_2_popover_support_content_reading,failure,Run QUnit tests,https://github.com/DevExpress/DevExtreme/actions/runs/30455091655/job/90587403254
"29.07.26, 13:17:46",90587403280,30455091655,1,QUnit tests,Constel ui.scheduler-US/Pacific,dmlvr-feature/26_2_popover_support_content_reading,failure,Run QUnit tests,https://github.com/DevExpress/DevExtreme/actions/runs/30455091655/job/90587403280
"29.07.26, 13:17:46",90587403285,30455091655,1,QUnit tests,Constel ui.editors,dmlvr-feature/26_2_popover_support_content_reading,failure,Run QUnit tests,https://github.com/DevExpress/DevExtreme/actions/runs/30455091655/job/90587403285
"29.07.26, 13:17:46",90587403288,30455091655,1,QUnit tests,Constel ui.widgets-no-csp,dmlvr-feature/26_2_popover_support_content_reading,failure,Run QUnit tests,https://github.com/DevExpress/DevExtreme/actions/runs/30455091655/job/90587403288
"29.07.26, 13:17:46",90587403297,30455091655,1,QUnit tests,Constel ui.scheduler,dmlvr-feature/26_2_popover_support_content_reading,failure,Run QUnit tests,https://github.com/DevExpress/DevExtreme/actions/runs/30455091655/job/90587403297
"29.07.26, 13:17:46",90587403377,30455091655,1,QUnit tests,ui.editors-shadow-dom,dmlvr-feature/26_2_popover_support_content_reading,failure,Run QUnit tests,https://github.com/DevExpress/DevExtreme/actions/runs/30455091655/job/90587403377
"29.07.26, 13:08:36",90585070416,30454319832,1,QUnit tests,ui.grid-shadow-dom,qunit_fluent_part_1_26_2,failure,Run QUnit tests,https://github.com/DevExpress/DevExtreme/actions/runs/30454319832/job/90585070416
"29.07.26, 13:08:36",90585070576,30454319832,1,QUnit tests,Constel ui.grid,qunit_fluent_part_1_26_2,failure,Run QUnit tests,https://github.com/DevExpress/DevExtreme/actions/runs/30454319832/job/90585070576
"29.07.26, 13:07:33",90584805848,30454240436,1,QUnit tests,ui.grid-shadow-dom,gh-readonly-queue/main/pr-34515-859baefd29901dd23acf596b51feeeb723ae5e99,failure,Run QUnit tests,https://github.com/DevExpress/DevExtreme/actions/runs/30454240436/job/90584805848
"29.07.26, 13:07:33",90584805962,30454240436,1,QUnit tests,Constel ui.grid,gh-readonly-queue/main/pr-34515-859baefd29901dd23acf596b51feeeb723ae5e99,failure,Run QUnit tests,https://github.com/DevExpress/DevExtreme/actions/runs/30454240436/job/90584805962
"29.07.26, 13:00:03",90582887371,30453671716,1,QUnit tests,ui-shadow-dom,dmlvr-feature/26_2_popover_support_content_reading,failure,Run QUnit tests,https://github.com/DevExpress/DevExtreme/actions/runs/30453671716/job/90582887371
"29.07.26, 13:00:03",90582887374,30453671716,1,QUnit tests,ui.widgets-shadow-dom,dmlvr-feature/26_2_popover_support_content_reading,failure,Run QUnit tests,https://github.com/DevExpress/DevExtreme/actions/runs/30453671716/job/90582887374
"29.07.26, 13:00:03",90582887393,30453671716,1,QUnit tests,ui.grid-shadow-dom,dmlvr-feature/26_2_popover_support_content_reading,failure,Run QUnit tests,https://github.com/DevExpress/DevExtreme/actions/runs/30453671716/job/90582887393
"29.07.26, 13:00:03",90582887414,30453671716,1,QUnit tests,Constel ui,dmlvr-feature/26_2_popover_support_content_reading,failure,Run QUnit tests,https://github.com/DevExpress/DevExtreme/actions/runs/30453671716/job/90582887414
"29.07.26, 13:00:03",90582887431,30453671716,1,QUnit tests,ui.scheduler-shadow-dom,dmlvr-feature/26_2_popover_support_content_reading,failure,Run QUnit tests,https://github.com/DevExpress/DevExtreme/actions/runs/30453671716/job/90582887431
"29.07.26, 13:00:03",90582887439,30453671716,1,QUnit tests,ui.editors-shadow-dom,dmlvr-feature/26_2_popover_support_content_reading,failure,Run QUnit tests,https://github.com/DevExpress/DevExtreme/actions/runs/30453671716/job/90582887439
"29.07.26, 13:00:03",90582887447,30453671716,1,QUnit tests,Constel ui.scheduler,dmlvr-feature/26_2_popover_support_content_reading,failure,Run QUnit tests,https://github.com/DevExpress/DevExtreme/actions/runs/30453671716/job/90582887447
"29.07.26, 13:00:03",90582887456,30453671716,1,QUnit tests,Constel misc-no-csp,dmlvr-feature/26_2_popover_support_content_reading,failure,Run QUnit tests,https://github.com/DevExpress/DevExtreme/actions/runs/30453671716/job/90582887456
"29.07.26, 13:00:03",90582887458,30453671716,1,QUnit tests,Constel ui.editors,dmlvr-feature/26_2_popover_support_content_reading,failure,Run QUnit tests,https://github.com/DevExpress/DevExtreme/actions/runs/30453671716/job/90582887458
"29.07.26, 13:00:03",90582887490,30453671716,1,QUnit tests,Constel ui.grid,dmlvr-feature/26_2_popover_support_content_reading,failure,Run QUnit tests,https://github.com/DevExpress/DevExtreme/actions/runs/30453671716/job/90582887490
"29.07.26, 13:00:03",90582887514,30453671716,1,QUnit tests,Constel misc,dmlvr-feature/26_2_popover_support_content_reading,failure,Run QUnit tests,https://github.com/DevExpress/DevExtreme/actions/runs/30453671716/job/90582887514
"29.07.26, 13:00:03",90582887515,30453671716,1,QUnit tests,Constel ui.scheduler-US/Pacific,dmlvr-feature/26_2_popover_support_content_reading,failure,Run QUnit tests,https://github.com/DevExpress/DevExtreme/actions/runs/30453671716/job/90582887515
"29.07.26, 13:00:03",90582887562,30453671716,1,QUnit tests,Constel ui.widgets-no-csp,dmlvr-feature/26_2_popover_support_content_reading,failure,Run QUnit tests,https://github.com/DevExpress/DevExtreme/actions/runs/30453671716/job/90582887562
"29.07.26, 12:48:56",90580079537,30452796756,1,QUnit tests,ui.grid-shadow-dom,feature/scheduler-multilevel-grouping/update-workspace-test,failure,Run QUnit tests,https://github.com/DevExpress/DevExtreme/actions/runs/30452796756/job/90580079537
"29.07.26, 12:48:56",90580079721,30452796756,1,QUnit tests,Constel ui.grid,feature/scheduler-multilevel-grouping/update-workspace-test,failure,Run QUnit tests,https://github.com/DevExpress/DevExtreme/actions/runs/30452796756/job/90580079721
"29.07.26, 12:34:45",90576631253,30451810584,1,QUnit tests,Constel ui.scheduler,feature/26_2_new_fluent_theme_with_design_tokens_add_etalons,failure,,https://github.com/DevExpress/DevExtreme/actions/runs/30451810584/job/90576631253
"29.07.26, 12:34:45",90576631282,30451810584,1,QUnit tests,Constel ui.widgets-no-csp,feature/26_2_new_fluent_theme_with_design_tokens_add_etalons,failure,,https://github.com/DevExpress/DevExtreme/actions/runs/30451810584/job/90576631282
"29.07.26, 12:34:45",90576631285,30451810584,1,QUnit tests,Constel ui.grid,feature/26_2_new_fluent_theme_with_design_tokens_add_etalons,failure,Run QUnit tests,https://github.com/DevExpress/DevExtreme/actions/runs/30451810584/job/90576631285
"29.07.26, 12:34:45",90576631297,30451810584,1,QUnit tests,ui.grid-shadow-dom,feature/26_2_new_fluent_theme_with_design_tokens_add_etalons,failure,Run QUnit tests,https://github.com/DevExpress/DevExtreme/actions/runs/30451810584/job/90576631297
"29.07.26, 12:46:38",90579512291,30451810584,2,QUnit tests,ui.grid-shadow-dom,feature/26_2_new_fluent_theme_with_design_tokens_add_etalons,failure,Run QUnit tests,https://github.com/DevExpress/DevExtreme/actions/runs/30451810584/job/90579512291
"29.07.26, 12:46:38",90579512564,30451810584,2,QUnit tests,Constel ui.grid,feature/26_2_new_fluent_theme_with_design_tokens_add_etalons,failure,Run QUnit tests,https://github.com/DevExpress/DevExtreme/actions/runs/30451810584/job/90579512564
"29.07.26, 12:17:56",90572795887,30450594841,1,QUnit tests,ui.grid-shadow-dom,fix/localization-ca-26_1,failure,Run QUnit tests,https://github.com/DevExpress/DevExtreme/actions/runs/30450594841/job/90572795887
"29.07.26, 12:17:56",90572795911,30450594841,1,QUnit tests,Constel ui.grid,fix/localization-ca-26_1,failure,Run QUnit tests,https://github.com/DevExpress/DevExtreme/actions/runs/30450594841/job/90572795911
"29.07.26, 12:17:14",90572639852,30450591270,1,QUnit tests,ui.grid-shadow-dom,fix/localization-ca-25_2,failure,Run QUnit tests,https://github.com/DevExpress/DevExtreme/actions/runs/30450591270/job/90572639852
"29.07.26, 12:17:14",90572639968,30450591270,1,QUnit tests,Constel ui.grid,fix/localization-ca-25_2,failure,Run QUnit tests,https://github.com/DevExpress/DevExtreme/actions/runs/30450591270/job/90572639968
"29.07.26, 12:17:45",90572755540,30450581065,1,QUnit tests,ui.grid-shadow-dom,fix/localization-es-26_1,failure,Run QUnit tests,https://github.com/DevExpress/DevExtreme/actions/runs/30450581065/job/90572755540
"29.07.26, 12:17:45",90572755591,30450581065,1,QUnit tests,Constel ui.grid,fix/localization-es-26_1,failure,Run QUnit tests,https://github.com/DevExpress/DevExtreme/actions/runs/30450581065/job/90572755591
"29.07.26, 15:55:02",90631402253,30450581065,2,QUnit tests,ui.grid-shadow-dom,fix/localization-es-26_1,failure,Run QUnit tests,https://github.com/DevExpress/DevExtreme/actions/runs/30450581065/job/90631402253
"29.07.26, 15:55:02",90631402762,30450581065,2,QUnit tests,Constel ui.grid,fix/localization-es-26_1,failure,Run QUnit tests,https://github.com/DevExpress/DevExtreme/actions/runs/30450581065/job/90631402762
"29.07.26, 12:17:22",90572668509,30450560294,1,QUnit tests,ui.grid-shadow-dom,fix/localization-es-25_2,failure,Run QUnit tests,https://github.com/DevExpress/DevExtreme/actions/runs/30450560294/job/90572668509
"29.07.26, 12:17:22",90572668559,30450560294,1,QUnit tests,Constel ui.grid,fix/localization-es-25_2,failure,Run QUnit tests,https://github.com/DevExpress/DevExtreme/actions/runs/30450560294/job/90572668559
"29.07.26, 16:01:54",90633311505,30450560294,2,QUnit tests,Constel ui.grid,fix/localization-es-25_2,failure,Run QUnit tests,https://github.com/DevExpress/DevExtreme/actions/runs/30450560294/job/90633311505
"29.07.26, 16:01:54",90633311615,30450560294,2,QUnit tests,ui.grid-shadow-dom,fix/localization-es-25_2,failure,Run QUnit tests,https://github.com/DevExpress/DevExtreme/actions/runs/30450560294/job/90633311615
"29.07.26, 12:05:14",90569931565,30449865652,1,QUnit tests,ui.grid-shadow-dom,fix/T1332943,failure,Run QUnit tests,https://github.com/DevExpress/DevExtreme/actions/runs/30449865652/job/90569931565
"29.07.26, 12:05:14",90569931609,30449865652,1,QUnit tests,Constel ui.grid,fix/T1332943,failure,Run QUnit tests,https://github.com/DevExpress/DevExtreme/actions/runs/30449865652/job/90569931609
"29.07.26, 11:59:55",90568723290,30449751591,1,QUnit tests,Build,fix/T1332943,cancelled,Use Node.js,https://github.com/DevExpress/DevExtreme/actions/runs/30449751591/job/90568723290
"29.07.26, 12:01:31",90569094421,30449751591,1,QUnit tests,"Constel ${{ matrix.CONSTEL }}${{ (((matrix.TIMEZONE != '') && format('-{0}', matrix.TIMEZONE)) || '') }}${{ (((matrix.CSP == 'false') && '-no-csp') || '') }}",fix/T1332943,cancelled,,https://github.com/DevExpress/DevExtreme/actions/runs/30449751591/job/90569094421
"29.07.26, 12:01:31",90569094591,30449751591,1,QUnit tests,${{ matrix.constel }}-shadow-dom,fix/T1332943,cancelled,,https://github.com/DevExpress/DevExtreme/actions/runs/30449751591/job/90569094591
"29.07.26, 12:01:31",90569095303,30449751591,1,QUnit tests,Send notifications,fix/T1332943,cancelled,,https://github.com/DevExpress/DevExtreme/actions/runs/30449751591/job/90569095303
"29.07.26, 11:58:19",90568376238,30449307848,1,QUnit tests,ui-shadow-dom,datagrid_qunit_tests_replace_theme_26_2,failure,,https://github.com/DevExpress/DevExtreme/actions/runs/30449307848/job/90568376238
"29.07.26, 11:58:19",90568376250,30449307848,1,QUnit tests,ui.grid-shadow-dom,datagrid_qunit_tests_replace_theme_26_2,failure,Run QUnit tests,https://github.com/DevExpress/DevExtreme/actions/runs/30449307848/job/90568376250
"29.07.26, 11:58:19",90568376313,30449307848,1,QUnit tests,Constel ui.grid,datagrid_qunit_tests_replace_theme_26_2,failure,Run QUnit tests,https://github.com/DevExpress/DevExtreme/actions/runs/30449307848/job/90568376313
"29.07.26, 11:58:19",90568376419,30449307848,1,QUnit tests,Constel ui.widgets-no-csp,datagrid_qunit_tests_replace_theme_26_2,failure,Run QUnit tests,https://github.com/DevExpress/DevExtreme/actions/runs/30449307848/job/90568376419
"29.07.26, 11:50:02",90566566886,30449096898,1,QUnit tests,Build,datagrid_qunit_tests_replace_theme_26_2,cancelled,Build,https://github.com/DevExpress/DevExtreme/actions/runs/30449096898/job/90566566886
"29.07.26, 11:53:26",90567314724,30449096898,1,QUnit tests,"Constel ${{ matrix.CONSTEL }}${{ (((matrix.TIMEZONE != '') && format('-{0}', matrix.TIMEZONE)) || '') }}${{ (((matrix.CSP == 'false') && '-no-csp') || '') }}",datagrid_qunit_tests_replace_theme_26_2,cancelled,,https://github.com/DevExpress/DevExtreme/actions/runs/30449096898/job/90567314724
"29.07.26, 11:53:26",90567315275,30449096898,1,QUnit tests,${{ matrix.constel }}-shadow-dom,datagrid_qunit_tests_replace_theme_26_2,cancelled,,https://github.com/DevExpress/DevExtreme/actions/runs/30449096898/job/90567315275
"29.07.26, 11:53:26",90567315390,30449096898,1,QUnit tests,Send notifications,datagrid_qunit_tests_replace_theme_26_2,cancelled,,https://github.com/DevExpress/DevExtreme/actions/runs/30449096898/job/90567315390
"29.07.26, 11:49:31",90566457742,30448693853,1,QUnit tests,ui.grid-shadow-dom,feature/26_2_new_fluent_theme_with_design_tokens_add_etalons,failure,Run QUnit tests,https://github.com/DevExpress/DevExtreme/actions/runs/30448693853/job/90566457742
"29.07.26, 11:49:31",90566457801,30448693853,1,QUnit tests,Constel ui.grid,feature/26_2_new_fluent_theme_with_design_tokens_add_etalons,failure,Run QUnit tests,https://github.com/DevExpress/DevExtreme/actions/runs/30448693853/job/90566457801
"29.07.26, 11:48:01",90566138818,30448609549,1,QUnit tests,ui.grid-shadow-dom,feature/26_2_new_fluent_theme_with_design_tokens,failure,Run QUnit tests,https://github.com/DevExpress/DevExtreme/actions/runs/30448609549/job/90566138818
"29.07.26, 11:48:01",90566138953,30448609549,1,QUnit tests,Constel ui.grid,feature/26_2_new_fluent_theme_with_design_tokens,failure,Run QUnit tests,https://github.com/DevExpress/DevExtreme/actions/runs/30448609549/job/90566138953
"29.07.26, 11:36:38",90563735224,30447934173,1,QUnit tests,ui.grid-shadow-dom,fix/T1332943,failure,Run QUnit tests,https://github.com/DevExpress/DevExtreme/actions/runs/30447934173/job/90563735224
"29.07.26, 11:36:38",90563735238,30447934173,1,QUnit tests,Constel ui.grid,fix/T1332943,failure,Run QUnit tests,https://github.com/DevExpress/DevExtreme/actions/runs/30447934173/job/90563735238
"29.07.26, 11:27:02",90561709750,30447300374,1,QUnit tests,ui.grid-shadow-dom,datagrid_qunit_tests_replace_theme_26_2,failure,Run QUnit tests,https://github.com/DevExpress/DevExtreme/actions/runs/30447300374/job/90561709750
"29.07.26, 11:27:02",90561709760,30447300374,1,QUnit tests,Constel ui.grid,datagrid_qunit_tests_replace_theme_26_2,failure,Run QUnit tests,https://github.com/DevExpress/DevExtreme/actions/runs/30447300374/job/90561709760
"29.07.26, 11:21:09",90560467738,30447228147,1,QUnit tests,Build,datagrid_qunit_tests_replace_theme_26_2,cancelled,Install dependencies,https://github.com/DevExpress/DevExtreme/actions/runs/30447228147/job/90560467738
"29.07.26, 11:22:27",90560745035,30447228147,1,QUnit tests,"Constel ${{ matrix.CONSTEL }}${{ (((matrix.TIMEZONE != '') && format('-{0}', matrix.TIMEZONE)) || '') }}${{ (((matrix.CSP == 'false') && '-no-csp') || '') }}",datagrid_qunit_tests_replace_theme_26_2,cancelled,,https://github.com/DevExpress/DevExtreme/actions/runs/30447228147/job/90560745035
"29.07.26, 11:22:27",90560745146,30447228147,1,QUnit tests,Send notifications,datagrid_qunit_tests_replace_theme_26_2,cancelled,,https://github.com/DevExpress/DevExtreme/actions/runs/30447228147/job/90560745146
"29.07.26, 11:22:27",90560745325,30447228147,1,QUnit tests,${{ matrix.constel }}-shadow-dom,datagrid_qunit_tests_replace_theme_26_2,cancelled,,https://github.com/DevExpress/DevExtreme/actions/runs/30447228147/job/90560745325
"29.07.26, 11:21:39",90560573406,30446962892,1,QUnit tests,ui.widgets-shadow-dom,dmlvr-feature/26_2_popover_support_content_reading,failure,Run QUnit tests,https://github.com/DevExpress/DevExtreme/actions/runs/30446962892/job/90560573406
"29.07.26, 11:21:39",90560573424,30446962892,1,QUnit tests,ui.editors-shadow-dom,dmlvr-feature/26_2_popover_support_content_reading,failure,Run QUnit tests,https://github.com/DevExpress/DevExtreme/actions/runs/30446962892/job/90560573424
"29.07.26, 11:21:39",90560573440,30446962892,1,QUnit tests,ui.grid-shadow-dom,dmlvr-feature/26_2_popover_support_content_reading,failure,Run QUnit tests,https://github.com/DevExpress/DevExtreme/actions/runs/30446962892/job/90560573440
"29.07.26, 11:21:39",90560573445,30446962892,1,QUnit tests,ui.scheduler-shadow-dom,dmlvr-feature/26_2_popover_support_content_reading,failure,Run QUnit tests,https://github.com/DevExpress/DevExtreme/actions/runs/30446962892/job/90560573445
"29.07.26, 11:21:39",90560573464,30446962892,1,QUnit tests,Constel ui.scheduler,dmlvr-feature/26_2_popover_support_content_reading,failure,Run QUnit tests,https://github.com/DevExpress/DevExtreme/actions/runs/30446962892/job/90560573464
"29.07.26, 11:21:39",90560573474,30446962892,1,QUnit tests,Constel misc,dmlvr-feature/26_2_popover_support_content_reading,failure,Run QUnit tests,https://github.com/DevExpress/DevExtreme/actions/runs/30446962892/job/90560573474
"29.07.26, 11:21:39",90560573483,30446962892,1,QUnit tests,Constel ui.scheduler-US/Pacific,dmlvr-feature/26_2_popover_support_content_reading,failure,Run QUnit tests,https://github.com/DevExpress/DevExtreme/actions/runs/30446962892/job/90560573483
"29.07.26, 11:21:39",90560573504,30446962892,1,QUnit tests,Constel ui.editors,dmlvr-feature/26_2_popover_support_content_reading,failure,Run QUnit tests,https://github.com/DevExpress/DevExtreme/actions/runs/30446962892/job/90560573504
"29.07.26, 11:21:39",90560573517,30446962892,1,QUnit tests,Constel ui.widgets-no-csp,dmlvr-feature/26_2_popover_support_content_reading,failure,Run QUnit tests,https://github.com/DevExpress/DevExtreme/actions/runs/30446962892/job/90560573517
"29.07.26, 11:21:39",90560573521,30446962892,1,QUnit tests,Constel ui.grid,dmlvr-feature/26_2_popover_support_content_reading,failure,Run QUnit tests,https://github.com/DevExpress/DevExtreme/actions/runs/30446962892/job/90560573521
"29.07.26, 11:21:39",90560573544,30446962892,1,QUnit tests,Constel misc-no-csp,dmlvr-feature/26_2_popover_support_content_reading,failure,Run QUnit tests,https://github.com/DevExpress/DevExtreme/actions/runs/30446962892/job/90560573544
"29.07.26, 11:21:39",90560573588,30446962892,1,QUnit tests,Constel ui,dmlvr-feature/26_2_popover_support_content_reading,failure,Run QUnit tests,https://github.com/DevExpress/DevExtreme/actions/runs/30446962892/job/90560573588
"29.07.26, 11:21:39",90560573589,30446962892,1,QUnit tests,ui-shadow-dom,dmlvr-feature/26_2_popover_support_content_reading,failure,Run QUnit tests,https://github.com/DevExpress/DevExtreme/actions/runs/30446962892/job/90560573589
"29.07.26, 11:03:16",90556608982,30445699615,1,QUnit tests,ui.grid-shadow-dom,feature/scheduler-multilevel-grouping/update-workspace-test,failure,Run QUnit tests,https://github.com/DevExpress/DevExtreme/actions/runs/30445699615/job/90556608982
"29.07.26, 11:03:16",90556609047,30445699615,1,QUnit tests,Constel ui.grid,feature/scheduler-multilevel-grouping/update-workspace-test,failure,Run QUnit tests,https://github.com/DevExpress/DevExtreme/actions/runs/30445699615/job/90556609047
"29.07.26, 10:43:53",90552420817,30444633039,1,QUnit tests,ui.grid-shadow-dom,feature/26_2_new_fluent_theme_with_design_tokens,failure,Run QUnit tests,https://github.com/DevExpress/DevExtreme/actions/runs/30444633039/job/90552420817
"29.07.26, 10:43:53",90552420875,30444633039,1,QUnit tests,Constel ui.grid,feature/26_2_new_fluent_theme_with_design_tokens,failure,Run QUnit tests,https://github.com/DevExpress/DevExtreme/actions/runs/30444633039/job/90552420875
"29.07.26, 10:40:50",90551770988,30444303316,1,QUnit tests,ui.widgets-shadow-dom,feature/26_2_new_fluent_theme_with_design_tokens,cancelled,Run QUnit tests,https://github.com/DevExpress/DevExtreme/actions/runs/30444303316/job/90551770988
"29.07.26, 10:40:50",90551771013,30444303316,1,QUnit tests,ui.editors-shadow-dom,feature/26_2_new_fluent_theme_with_design_tokens,cancelled,Run QUnit tests,https://github.com/DevExpress/DevExtreme/actions/runs/30444303316/job/90551771013
"29.07.26, 10:40:50",90551771015,30444303316,1,QUnit tests,ui.scheduler-shadow-dom,feature/26_2_new_fluent_theme_with_design_tokens,cancelled,Run QUnit tests,https://github.com/DevExpress/DevExtreme/actions/runs/30444303316/job/90551771015
"29.07.26, 10:40:50",90551771035,30444303316,1,QUnit tests,Constel ui.grid,feature/26_2_new_fluent_theme_with_design_tokens,cancelled,Run QUnit tests,https://github.com/DevExpress/DevExtreme/actions/runs/30444303316/job/90551771035
"29.07.26, 10:40:50",90551771044,30444303316,1,QUnit tests,ui-shadow-dom,feature/26_2_new_fluent_theme_with_design_tokens,cancelled,Run QUnit tests,https://github.com/DevExpress/DevExtreme/actions/runs/30444303316/job/90551771044
"29.07.26, 10:40:50",90551771048,30444303316,1,QUnit tests,Constel misc,feature/26_2_new_fluent_theme_with_design_tokens,cancelled,,https://github.com/DevExpress/DevExtreme/actions/runs/30444303316/job/90551771048
"29.07.26, 10:40:50",90551771053,30444303316,1,QUnit tests,Constel ui.scheduler-US/Pacific,feature/26_2_new_fluent_theme_with_design_tokens,cancelled,Run QUnit tests,https://github.com/DevExpress/DevExtreme/actions/runs/30444303316/job/90551771053
"29.07.26, 10:40:50",90551771056,30444303316,1,QUnit tests,Constel ui.scheduler,feature/26_2_new_fluent_theme_with_design_tokens,cancelled,Run QUnit tests,https://github.com/DevExpress/DevExtreme/actions/runs/30444303316/job/90551771056
"29.07.26, 10:40:50",90551771058,30444303316,1,QUnit tests,Constel misc-no-csp,feature/26_2_new_fluent_theme_with_design_tokens,cancelled,Run QUnit tests,https://github.com/DevExpress/DevExtreme/actions/runs/30444303316/job/90551771058
"29.07.26, 10:40:50",90551771066,30444303316,1,QUnit tests,ui.grid-shadow-dom,feature/26_2_new_fluent_theme_with_design_tokens,cancelled,Run QUnit tests,https://github.com/DevExpress/DevExtreme/actions/runs/30444303316/job/90551771066
"29.07.26, 10:40:50",90551771075,30444303316,1,QUnit tests,Constel ui.widgets-no-csp,feature/26_2_new_fluent_theme_with_design_tokens,cancelled,,https://github.com/DevExpress/DevExtreme/actions/runs/30444303316/job/90551771075
"29.07.26, 10:40:50",90551771082,30444303316,1,QUnit tests,Constel ui,feature/26_2_new_fluent_theme_with_design_tokens,cancelled,,https://github.com/DevExpress/DevExtreme/actions/runs/30444303316/job/90551771082
"29.07.26, 10:40:50",90551771093,30444303316,1,QUnit tests,Constel ui.editors,feature/26_2_new_fluent_theme_with_design_tokens,cancelled,Run QUnit tests,https://github.com/DevExpress/DevExtreme/actions/runs/30444303316/job/90551771093
"29.07.26, 10:41:24",90551894014,30444303316,1,QUnit tests,Send notifications,feature/26_2_new_fluent_theme_with_design_tokens,cancelled,,https://github.com/DevExpress/DevExtreme/actions/runs/30444303316/job/90551894014
"29.07.26, 10:32:58",90550098603,30443960603,1,QUnit tests,Constel ui.grid,gh-readonly-queue/main/pr-34515-859baefd29901dd23acf596b51feeeb723ae5e99,failure,Run QUnit tests,https://github.com/DevExpress/DevExtreme/actions/runs/30443960603/job/90550098603
"29.07.26, 10:32:58",90550098645,30443960603,1,QUnit tests,ui.grid-shadow-dom,gh-readonly-queue/main/pr-34515-859baefd29901dd23acf596b51feeeb723ae5e99,failure,Run QUnit tests,https://github.com/DevExpress/DevExtreme/actions/runs/30443960603/job/90550098645
"29.07.26, 10:22:19",90547808798,30443051694,1,QUnit tests,Constel ui.grid,datagrid_qunit_tests_replace_theme_26_2,failure,Run QUnit tests,https://github.com/DevExpress/DevExtreme/actions/runs/30443051694/job/90547808798
"29.07.26, 10:22:19",90547808816,30443051694,1,QUnit tests,ui.grid-shadow-dom,datagrid_qunit_tests_replace_theme_26_2,failure,Run QUnit tests,https://github.com/DevExpress/DevExtreme/actions/runs/30443051694/job/90547808816
"29.07.26, 10:17:36",90546807048,30442753651,1,QUnit tests,ui.grid-shadow-dom,gh-readonly-queue/main/pr-34515-859baefd29901dd23acf596b51feeeb723ae5e99,failure,Run QUnit tests,https://github.com/DevExpress/DevExtreme/actions/runs/30442753651/job/90546807048
"29.07.26, 10:17:36",90546807095,30442753651,1,QUnit tests,Constel ui.grid,gh-readonly-queue/main/pr-34515-859baefd29901dd23acf596b51feeeb723ae5e99,failure,Run QUnit tests,https://github.com/DevExpress/DevExtreme/actions/runs/30442753651/job/90546807095
"29.07.26, 10:11:18",90545446002,30442325163,1,QUnit tests,ui.grid-shadow-dom,feature/scheduler-multilevel-grouping/update-workspace-test,failure,Run QUnit tests,https://github.com/DevExpress/DevExtreme/actions/runs/30442325163/job/90545446002
"29.07.26, 10:11:18",90545446053,30442325163,1,QUnit tests,Constel ui.grid,feature/scheduler-multilevel-grouping/update-workspace-test,failure,Run QUnit tests,https://github.com/DevExpress/DevExtreme/actions/runs/30442325163/job/90545446053
"29.07.26, 10:06:33",90544418983,30442199471,1,QUnit tests,ui.grid-shadow-dom,feature/26_2_new_fluent_theme_with_design_tokens,failure,Run QUnit tests,https://github.com/DevExpress/DevExtreme/actions/runs/30442199471/job/90544418983
"29.07.26, 10:06:33",90544419100,30442199471,1,QUnit tests,Constel ui.grid,feature/26_2_new_fluent_theme_with_design_tokens,failure,Run QUnit tests,https://github.com/DevExpress/DevExtreme/actions/runs/30442199471/job/90544419100
"29.07.26, 09:53:10",90541450621,30441076637,1,QUnit tests,ui.grid-shadow-dom,feature/26_2_new_fluent_theme_with_design_tokens,failure,Run QUnit tests,https://github.com/DevExpress/DevExtreme/actions/runs/30441076637/job/90541450621
"29.07.26, 09:53:10",90541450760,30441076637,1,QUnit tests,Constel ui.grid,feature/26_2_new_fluent_theme_with_design_tokens,failure,Run QUnit tests,https://github.com/DevExpress/DevExtreme/actions/runs/30441076637/job/90541450760
"29.07.26, 09:30:24",90536457834,30439615155,1,QUnit tests,ui.grid-shadow-dom,datagrid_qunit_tests_replace_theme_26_2,failure,Run QUnit tests,https://github.com/DevExpress/DevExtreme/actions/runs/30439615155/job/90536457834
"29.07.26, 09:30:24",90536457892,30439615155,1,QUnit tests,Constel ui.grid,datagrid_qunit_tests_replace_theme_26_2,failure,Run QUnit tests,https://github.com/DevExpress/DevExtreme/actions/runs/30439615155/job/90536457892
"29.07.26, 09:27:33",90535822539,30438939873,1,QUnit tests,ui.grid-shadow-dom,25_2,failure,Run QUnit tests,https://github.com/DevExpress/DevExtreme/actions/runs/30438939873/job/90535822539
"29.07.26, 09:27:33",90535822592,30438939873,1,QUnit tests,Constel ui.grid,25_2,failure,Run QUnit tests,https://github.com/DevExpress/DevExtreme/actions/runs/30438939873/job/90535822592
"29.07.26, 09:21:10",90534401183,30438907264,1,QUnit tests,ui.grid-shadow-dom,26_1,failure,Run QUnit tests,https://github.com/DevExpress/DevExtreme/actions/runs/30438907264/job/90534401183
"29.07.26, 09:21:10",90534401451,30438907264,1,QUnit tests,Constel ui.grid,26_1,failure,Run QUnit tests,https://github.com/DevExpress/DevExtreme/actions/runs/30438907264/job/90534401451
"29.07.26, 09:20:28",90534246400,30438905996,1,QUnit tests,ui.grid-shadow-dom,gh-readonly-queue/main/pr-34515-859baefd29901dd23acf596b51feeeb723ae5e99,failure,Run QUnit tests,https://github.com/DevExpress/DevExtreme/actions/runs/30438905996/job/90534246400
"29.07.26, 09:20:28",90534246431,30438905996,1,QUnit tests,Constel ui.grid,gh-readonly-queue/main/pr-34515-859baefd29901dd23acf596b51feeeb723ae5e99,failure,Run QUnit tests,https://github.com/DevExpress/DevExtreme/actions/runs/30438905996/job/90534246431
"29.07.26, 08:28:45",90522696026,30435422934,1,QUnit tests,ui-shadow-dom,feature/systemjs-remove-from-qunit-testinng,failure,Run QUnit tests,https://github.com/DevExpress/DevExtreme/actions/runs/30435422934/job/90522696026
"29.07.26, 08:28:45",90522696033,30435422934,1,QUnit tests,ui.grid-shadow-dom,feature/systemjs-remove-from-qunit-testinng,failure,Run QUnit tests,https://github.com/DevExpress/DevExtreme/actions/runs/30435422934/job/90522696033
"29.07.26, 08:28:45",90522696079,30435422934,1,QUnit tests,Constel ui.scheduler-US/Pacific,feature/systemjs-remove-from-qunit-testinng,failure,Run QUnit tests,https://github.com/DevExpress/DevExtreme/actions/runs/30435422934/job/90522696079
"29.07.26, 08:28:45",90522696086,30435422934,1,QUnit tests,Constel ui,feature/systemjs-remove-from-qunit-testinng,failure,Run QUnit tests,https://github.com/DevExpress/DevExtreme/actions/runs/30435422934/job/90522696086
"29.07.26, 08:28:45",90522696090,30435422934,1,QUnit tests,ui.scheduler-shadow-dom,feature/systemjs-remove-from-qunit-testinng,failure,Run QUnit tests,https://github.com/DevExpress/DevExtreme/actions/runs/30435422934/job/90522696090
"29.07.26, 08:28:45",90522696107,30435422934,1,QUnit tests,Constel ui.scheduler,feature/systemjs-remove-from-qunit-testinng,failure,Run QUnit tests,https://github.com/DevExpress/DevExtreme/actions/runs/30435422934/job/90522696107
"29.07.26, 08:28:45",90522696116,30435422934,1,QUnit tests,ui.editors-shadow-dom,feature/systemjs-remove-from-qunit-testinng,failure,Run QUnit tests,https://github.com/DevExpress/DevExtreme/actions/runs/30435422934/job/90522696116
"29.07.26, 08:28:45",90522696118,30435422934,1,QUnit tests,ui.widgets-shadow-dom,feature/systemjs-remove-from-qunit-testinng,failure,Run QUnit tests,https://github.com/DevExpress/DevExtreme/actions/runs/30435422934/job/90522696118
"29.07.26, 08:28:45",90522696120,30435422934,1,QUnit tests,Constel ui.editors,feature/systemjs-remove-from-qunit-testinng,failure,Run QUnit tests,https://github.com/DevExpress/DevExtreme/actions/runs/30435422934/job/90522696120
"29.07.26, 08:28:45",90522696201,30435422934,1,QUnit tests,Constel ui.grid,feature/systemjs-remove-from-qunit-testinng,failure,Run QUnit tests,https://github.com/DevExpress/DevExtreme/actions/runs/30435422934/job/90522696201
"29.07.26, 08:28:45",90522696282,30435422934,1,QUnit tests,Constel misc-no-csp,feature/systemjs-remove-from-qunit-testinng,failure,Run QUnit tests,https://github.com/DevExpress/DevExtreme/actions/runs/30435422934/job/90522696282
"29.07.26, 08:28:45",90522696310,30435422934,1,QUnit tests,Constel ui.widgets-no-csp,feature/systemjs-remove-from-qunit-testinng,failure,Run QUnit tests,https://github.com/DevExpress/DevExtreme/actions/runs/30435422934/job/90522696310
"29.07.26, 08:28:45",90522696353,30435422934,1,QUnit tests,Constel misc,feature/systemjs-remove-from-qunit-testinng,failure,Run QUnit tests,https://github.com/DevExpress/DevExtreme/actions/runs/30435422934/job/90522696353
"29.07.26, 08:23:58",90521677718,30435351668,1,QUnit tests,Build,feature/systemjs-remove-from-qunit-testinng,failure,Install dependencies,https://github.com/DevExpress/DevExtreme/actions/runs/30435351668/job/90521677718
"29.07.26, 07:14:57",90507851402,30430513259,1,QUnit tests,ui-shadow-dom,feature/systemjs-remove-from-qunit-testinng,failure,Run QUnit tests,https://github.com/DevExpress/DevExtreme/actions/runs/30430513259/job/90507851402
"29.07.26, 07:14:57",90507851426,30430513259,1,QUnit tests,ui.widgets-shadow-dom,feature/systemjs-remove-from-qunit-testinng,failure,Run QUnit tests,https://github.com/DevExpress/DevExtreme/actions/runs/30430513259/job/90507851426
"29.07.26, 07:14:57",90507851491,30430513259,1,QUnit tests,Constel ui.grid,feature/systemjs-remove-from-qunit-testinng,failure,,https://github.com/DevExpress/DevExtreme/actions/runs/30430513259/job/90507851491
"29.07.26, 07:14:57",90507851500,30430513259,1,QUnit tests,ui.grid-shadow-dom,feature/systemjs-remove-from-qunit-testinng,failure,Run QUnit tests,https://github.com/DevExpress/DevExtreme/actions/runs/30430513259/job/90507851500
"29.07.26, 07:14:57",90507851514,30430513259,1,QUnit tests,ui.scheduler-shadow-dom,feature/systemjs-remove-from-qunit-testinng,failure,Run QUnit tests,https://github.com/DevExpress/DevExtreme/actions/runs/30430513259/job/90507851514
"29.07.26, 07:14:57",90507851525,30430513259,1,QUnit tests,Constel misc,feature/systemjs-remove-from-qunit-testinng,failure,,https://github.com/DevExpress/DevExtreme/actions/runs/30430513259/job/90507851525
"29.07.26, 07:14:57",90507851535,30430513259,1,QUnit tests,Constel ui,feature/systemjs-remove-from-qunit-testinng,failure,Run QUnit tests,https://github.com/DevExpress/DevExtreme/actions/runs/30430513259/job/90507851535
"29.07.26, 07:14:57",90507851553,30430513259,1,QUnit tests,ui.editors-shadow-dom,feature/systemjs-remove-from-qunit-testinng,failure,Run QUnit tests,https://github.com/DevExpress/DevExtreme/actions/runs/30430513259/job/90507851553
"29.07.26, 07:14:57",90507851567,30430513259,1,QUnit tests,Constel ui.widgets-no-csp,feature/systemjs-remove-from-qunit-testinng,failure,Run QUnit tests,https://github.com/DevExpress/DevExtreme/actions/runs/30430513259/job/90507851567
"29.07.26, 07:14:57",90507851578,30430513259,1,QUnit tests,Constel ui.scheduler-US/Pacific,feature/systemjs-remove-from-qunit-testinng,failure,Run QUnit tests,https://github.com/DevExpress/DevExtreme/actions/runs/30430513259/job/90507851578
"29.07.26, 07:14:57",90507851601,30430513259,1,QUnit tests,Constel misc-no-csp,feature/systemjs-remove-from-qunit-testinng,failure,Run QUnit tests,https://github.com/DevExpress/DevExtreme/actions/runs/30430513259/job/90507851601
"29.07.26, 07:14:57",90507851605,30430513259,1,QUnit tests,Constel ui.scheduler,feature/systemjs-remove-from-qunit-testinng,failure,Run QUnit tests,https://github.com/DevExpress/DevExtreme/actions/runs/30430513259/job/90507851605
"29.07.26, 07:14:57",90507851618,30430513259,1,QUnit tests,Constel ui.editors,feature/systemjs-remove-from-qunit-testinng,failure,Run QUnit tests,https://github.com/DevExpress/DevExtreme/actions/runs/30430513259/job/90507851618
"29.07.26, 07:34:49",90511689793,30430513259,2,QUnit tests,Constel ui.scheduler,feature/systemjs-remove-from-qunit-testinng,failure,Run QUnit tests,https://github.com/DevExpress/DevExtreme/actions/runs/30430513259/job/90511689793
"29.07.26, 07:34:49",90511689798,30430513259,2,QUnit tests,Constel ui.editors,feature/systemjs-remove-from-qunit-testinng,failure,Run QUnit tests,https://github.com/DevExpress/DevExtreme/actions/runs/30430513259/job/90511689798
"29.07.26, 07:34:49",90511689818,30430513259,2,QUnit tests,Constel ui.grid,feature/systemjs-remove-from-qunit-testinng,failure,Run QUnit tests,https://github.com/DevExpress/DevExtreme/actions/runs/30430513259/job/90511689818
"29.07.26, 07:34:49",90511689823,30430513259,2,QUnit tests,Constel misc-no-csp,feature/systemjs-remove-from-qunit-testinng,failure,Run QUnit tests,https://github.com/DevExpress/DevExtreme/actions/runs/30430513259/job/90511689823
"29.07.26, 07:34:49",90511689826,30430513259,2,QUnit tests,Constel misc,feature/systemjs-remove-from-qunit-testinng,failure,Run QUnit tests,https://github.com/DevExpress/DevExtreme/actions/runs/30430513259/job/90511689826
"29.07.26, 07:34:49",90511689831,30430513259,2,QUnit tests,Constel ui.widgets-no-csp,feature/systemjs-remove-from-qunit-testinng,failure,Run QUnit tests,https://github.com/DevExpress/DevExtreme/actions/runs/30430513259/job/90511689831
"29.07.26, 07:34:49",90511689841,30430513259,2,QUnit tests,Constel ui.scheduler-US/Pacific,feature/systemjs-remove-from-qunit-testinng,failure,Run QUnit tests,https://github.com/DevExpress/DevExtreme/actions/runs/30430513259/job/90511689841
"29.07.26, 07:34:49",90511689852,30430513259,2,QUnit tests,Constel ui,feature/systemjs-remove-from-qunit-testinng,failure,Run QUnit tests,https://github.com/DevExpress/DevExtreme/actions/runs/30430513259/job/90511689852
"29.07.26, 07:34:49",90511689967,30430513259,2,QUnit tests,ui.grid-shadow-dom,feature/systemjs-remove-from-qunit-testinng,failure,Run QUnit tests,https://github.com/DevExpress/DevExtreme/actions/runs/30430513259/job/90511689967
"29.07.26, 07:34:49",90511689970,30430513259,2,QUnit tests,ui.scheduler-shadow-dom,feature/systemjs-remove-from-qunit-testinng,failure,Run QUnit tests,https://github.com/DevExpress/DevExtreme/actions/runs/30430513259/job/90511689970
"29.07.26, 07:34:49",90511689987,30430513259,2,QUnit tests,ui.editors-shadow-dom,feature/systemjs-remove-from-qunit-testinng,failure,Run QUnit tests,https://github.com/DevExpress/DevExtreme/actions/runs/30430513259/job/90511689987
"29.07.26, 07:34:49",90511690027,30430513259,2,QUnit tests,ui.widgets-shadow-dom,feature/systemjs-remove-from-qunit-testinng,failure,Run QUnit tests,https://github.com/DevExpress/DevExtreme/actions/runs/30430513259/job/90511690027
"29.07.26, 07:34:49",90511690091,30430513259,2,QUnit tests,ui-shadow-dom,feature/systemjs-remove-from-qunit-testinng,failure,Run QUnit tests,https://github.com/DevExpress/DevExtreme/actions/runs/30430513259/job/90511690091
"29.07.26, 06:46:38",90502508225,30428986191,1,QUnit tests,ui.grid-shadow-dom,fix/grid-command-columns-in-filter-panel-25_2,failure,Run QUnit tests,https://github.com/DevExpress/DevExtreme/actions/runs/30428986191/job/90502508225
"29.07.26, 06:46:39",90502508311,30428986191,1,QUnit tests,Constel ui.grid,fix/grid-command-columns-in-filter-panel-25_2,failure,Run QUnit tests,https://github.com/DevExpress/DevExtreme/actions/runs/30428986191/job/90502508311
"29.07.26, 06:47:11",90502601240,30428982533,1,QUnit tests,ui.grid-shadow-dom,fix/grid-command-columns-in-filter-panel-26_1,failure,Run QUnit tests,https://github.com/DevExpress/DevExtreme/actions/runs/30428982533/job/90502601240
"29.07.26, 06:47:11",90502601290,30428982533,1,QUnit tests,Constel ui.grid,fix/grid-command-columns-in-filter-panel-26_1,failure,Run QUnit tests,https://github.com/DevExpress/DevExtreme/actions/runs/30428982533/job/90502601290
"29.07.26, 06:47:03",90502576608,30428965113,1,QUnit tests,Constel ui.grid,fix/grid-command-columns-in-filter-panel,failure,Run QUnit tests,https://github.com/DevExpress/DevExtreme/actions/runs/30428965113/job/90502576608
"29.07.26, 06:47:03",90502576621,30428965113,1,QUnit tests,ui.grid-shadow-dom,fix/grid-command-columns-in-filter-panel,failure,Run QUnit tests,https://github.com/DevExpress/DevExtreme/actions/runs/30428965113/job/90502576621
"29.07.26, 06:36:57",90500887521,30428492387,1,QUnit tests,ui.widgets-shadow-dom,feature/systemjs-remove-from-qunit-testinng,failure,Run QUnit tests,https://github.com/DevExpress/DevExtreme/actions/runs/30428492387/job/90500887521
"29.07.26, 06:36:57",90500887523,30428492387,1,QUnit tests,ui.editors-shadow-dom,feature/systemjs-remove-from-qunit-testinng,failure,Run QUnit tests,https://github.com/DevExpress/DevExtreme/actions/runs/30428492387/job/90500887523
"29.07.26, 06:36:57",90500887529,30428492387,1,QUnit tests,ui.scheduler-shadow-dom,feature/systemjs-remove-from-qunit-testinng,failure,Run QUnit tests,https://github.com/DevExpress/DevExtreme/actions/runs/30428492387/job/90500887529
"29.07.26, 06:36:57",90500887545,30428492387,1,QUnit tests,ui.grid-shadow-dom,feature/systemjs-remove-from-qunit-testinng,failure,Run QUnit tests,https://github.com/DevExpress/DevExtreme/actions/runs/30428492387/job/90500887545
"29.07.26, 06:36:57",90500887547,30428492387,1,QUnit tests,ui-shadow-dom,feature/systemjs-remove-from-qunit-testinng,failure,Run QUnit tests,https://github.com/DevExpress/DevExtreme/actions/runs/30428492387/job/90500887547
"29.07.26, 06:36:57",90500887576,30428492387,1,QUnit tests,Constel ui.grid,feature/systemjs-remove-from-qunit-testinng,failure,Run QUnit tests,https://github.com/DevExpress/DevExtreme/actions/runs/30428492387/job/90500887576
"29.07.26, 06:36:57",90500887578,30428492387,1,QUnit tests,Constel misc-no-csp,feature/systemjs-remove-from-qunit-testinng,failure,Run QUnit tests,https://github.com/DevExpress/DevExtreme/actions/runs/30428492387/job/90500887578
"29.07.26, 06:36:57",90500887593,30428492387,1,QUnit tests,Constel ui.editors,feature/systemjs-remove-from-qunit-testinng,failure,Run QUnit tests,https://github.com/DevExpress/DevExtreme/actions/runs/30428492387/job/90500887593
"29.07.26, 06:36:57",90500887597,30428492387,1,QUnit tests,Constel ui.scheduler,feature/systemjs-remove-from-qunit-testinng,failure,Run QUnit tests,https://github.com/DevExpress/DevExtreme/actions/runs/30428492387/job/90500887597
"29.07.26, 06:36:57",90500887601,30428492387,1,QUnit tests,Constel ui.widgets-no-csp,feature/systemjs-remove-from-qunit-testinng,failure,Run QUnit tests,https://github.com/DevExpress/DevExtreme/actions/runs/30428492387/job/90500887601
"29.07.26, 06:36:57",90500887627,30428492387,1,QUnit tests,Constel ui,feature/systemjs-remove-from-qunit-testinng,failure,Run QUnit tests,https://github.com/DevExpress/DevExtreme/actions/runs/30428492387/job/90500887627
"29.07.26, 06:36:57",90500887628,30428492387,1,QUnit tests,Constel ui.scheduler-US/Pacific,feature/systemjs-remove-from-qunit-testinng,failure,Run QUnit tests,https://github.com/DevExpress/DevExtreme/actions/runs/30428492387/job/90500887628
"29.07.26, 06:36:57",90500887698,30428492387,1,QUnit tests,Constel misc,feature/systemjs-remove-from-qunit-testinng,failure,Run QUnit tests,https://github.com/DevExpress/DevExtreme/actions/runs/30428492387/job/90500887698
"29.07.26, 01:01:37",90452836931,30412613377,1,QUnit tests,ui.grid-shadow-dom,feature/remove-systemjs-demos,failure,Run QUnit tests,https://github.com/DevExpress/DevExtreme/actions/runs/30412613377/job/90452836931
"29.07.26, 01:01:37",90452837035,30412613377,1,QUnit tests,Constel ui.grid,feature/remove-systemjs-demos,failure,Run QUnit tests,https://github.com/DevExpress/DevExtreme/actions/runs/30412613377/job/90452837035
"29.07.26, 00:56:03",90451960946,30412604211,1,QUnit tests,Check if all tests should run,feature/remove-systemjs-demos,cancelled,,https://github.com/DevExpress/DevExtreme/actions/runs/30412604211/job/90451960946
"29.07.26, 00:56:03",90451960983,30412604211,1,QUnit tests,Build,feature/remove-systemjs-demos,cancelled,Get sources,https://github.com/DevExpress/DevExtreme/actions/runs/30412604211/job/90451960983
"29.07.26, 00:56:18",90451996819,30412604211,1,QUnit tests,"Constel ${{ matrix.CONSTEL }}${{ (((matrix.TIMEZONE != '') && format('-{0}', matrix.TIMEZONE)) || '') }}${{ (((matrix.CSP == 'false') && '-no-csp') || '') }}",feature/remove-systemjs-demos,cancelled,,https://github.com/DevExpress/DevExtreme/actions/runs/30412604211/job/90451996819
"29.07.26, 00:56:18",90451996840,30412604211,1,QUnit tests,${{ matrix.constel }}-shadow-dom,feature/remove-systemjs-demos,cancelled,,https://github.com/DevExpress/DevExtreme/actions/runs/30412604211/job/90451996840
"29.07.26, 00:56:18",90451997059,30412604211,1,QUnit tests,Send notifications,feature/remove-systemjs-demos,cancelled,,https://github.com/DevExpress/DevExtreme/actions/runs/30412604211/job/90451997059
"29.07.26, 00:25:25",90447122900,30410896724,1,QUnit tests,ui.grid-shadow-dom,fix/grid-command-columns-in-filter-panel-25_2,failure,Run QUnit tests,https://github.com/DevExpress/DevExtreme/actions/runs/30410896724/job/90447122900
"29.07.26, 00:25:25",90447122940,30410896724,1,QUnit tests,Constel ui.grid,fix/grid-command-columns-in-filter-panel-25_2,failure,Run QUnit tests,https://github.com/DevExpress/DevExtreme/actions/runs/30410896724/job/90447122940
"29.07.26, 00:25:12",90447086055,30410873965,1,QUnit tests,ui.grid-shadow-dom,fix/grid-command-columns-in-filter-panel-26_1,failure,Run QUnit tests,https://github.com/DevExpress/DevExtreme/actions/runs/30410873965/job/90447086055
"29.07.26, 00:25:12",90447086142,30410873965,1,QUnit tests,Constel ui.grid,fix/grid-command-columns-in-filter-panel-26_1,failure,Run QUnit tests,https://github.com/DevExpress/DevExtreme/actions/runs/30410873965/job/90447086142
"29.07.26, 00:25:09",90447078818,30410854966,1,QUnit tests,ui.grid-shadow-dom,fix/grid-command-columns-in-filter-panel,failure,Run QUnit tests,https://github.com/DevExpress/DevExtreme/actions/runs/30410854966/job/90447078818
"29.07.26, 00:25:09",90447078873,30410854966,1,QUnit tests,Constel ui.grid,fix/grid-command-columns-in-filter-panel,failure,Run QUnit tests,https://github.com/DevExpress/DevExtreme/actions/runs/30410854966/job/90447078873
"29.07.26, 22:06:00",90721264797,30494882766,1,Jest tests,jest-tests,feature/systemjs-remove-from-qunit-testinng,cancelled,Install dependencies,https://github.com/DevExpress/DevExtreme/actions/runs/30494882766/job/90721264797
"29.07.26, 22:06:55",90721452099,30494882766,1,Jest tests,Send notifications,feature/systemjs-remove-from-qunit-testinng,cancelled,,https://github.com/DevExpress/DevExtreme/actions/runs/30494882766/job/90721452099
"29.07.26, 16:48:16",90645693873,30472413104,1,Jest tests,jest-tests,T1329677,cancelled,Get sources,https://github.com/DevExpress/DevExtreme/actions/runs/30472413104/job/90645693873
"29.07.26, 16:48:29",90645750278,30472413104,1,Jest tests,Send notifications,T1329677,cancelled,,https://github.com/DevExpress/DevExtreme/actions/runs/30472413104/job/90645750278
"29.07.26, 13:27:32",90589910722,30456092522,1,Jest tests,jest-tests,feature/26_2_new_fluent_theme_with_design_tokens_add_etalons,cancelled,,https://github.com/DevExpress/DevExtreme/actions/runs/30456092522/job/90589910722
"29.07.26, 13:27:35",90589920186,30456092522,1,Jest tests,Send notifications,feature/26_2_new_fluent_theme_with_design_tokens_add_etalons,cancelled,,https://github.com/DevExpress/DevExtreme/actions/runs/30456092522/job/90589920186
"29.07.26, 12:55:21",90581699132,30453671711,1,Jest tests,jest-tests,dmlvr-feature/26_2_popover_support_content_reading,failure,Jest tests,https://github.com/DevExpress/DevExtreme/actions/runs/30453671711/job/90581699132
"29.07.26, 11:59:55",90568722098,30449751410,1,Jest tests,jest-tests,fix/T1332943,cancelled,Get sources,https://github.com/DevExpress/DevExtreme/actions/runs/30449751410/job/90568722098
"29.07.26, 12:01:32",90569096051,30449751410,1,Jest tests,Send notifications,fix/T1332943,cancelled,,https://github.com/DevExpress/DevExtreme/actions/runs/30449751410/job/90569096051
"29.07.26, 11:50:02",90566566867,30449096936,1,Jest tests,jest-tests,datagrid_qunit_tests_replace_theme_26_2,cancelled,Jest tests,https://github.com/DevExpress/DevExtreme/actions/runs/30449096936/job/90566566867
"29.07.26, 11:53:26",90567315608,30449096936,1,Jest tests,Send notifications,datagrid_qunit_tests_replace_theme_26_2,cancelled,,https://github.com/DevExpress/DevExtreme/actions/runs/30449096936/job/90567315608
"29.07.26, 11:21:09",90560467533,30447228211,1,Jest tests,jest-tests,datagrid_qunit_tests_replace_theme_26_2,cancelled,Build localization,https://github.com/DevExpress/DevExtreme/actions/runs/30447228211/job/90560467533
"29.07.26, 11:22:33",90560766427,30447228211,1,Jest tests,Send notifications,datagrid_qunit_tests_replace_theme_26_2,cancelled,,https://github.com/DevExpress/DevExtreme/actions/runs/30447228211/job/90560766427
"29.07.26, 11:17:01",90559592812,30446962885,1,Jest tests,jest-tests,dmlvr-feature/26_2_popover_support_content_reading,failure,Jest tests,https://github.com/DevExpress/DevExtreme/actions/runs/30446962885/job/90559592812
"29.07.26, 10:36:06",90550772631,30444301815,1,Jest tests,jest-tests,feature/26_2_new_fluent_theme_with_design_tokens,cancelled,Jest tests,https://github.com/DevExpress/DevExtreme/actions/runs/30444301815/job/90550772631
"29.07.26, 10:41:35",90551931114,30444301815,1,Jest tests,Send notifications,feature/26_2_new_fluent_theme_with_design_tokens,cancelled,,https://github.com/DevExpress/DevExtreme/actions/runs/30444301815/job/90551931114
"29.07.26, 08:23:57",90521677353,30435351625,1,Jest tests,jest-tests,feature/systemjs-remove-from-qunit-testinng,failure,Install dependencies,https://github.com/DevExpress/DevExtreme/actions/runs/30435351625/job/90521677353
"29.07.26, 00:56:03",90451960901,30412604222,1,Jest tests,jest-tests,feature/remove-systemjs-demos,cancelled,Get sources,https://github.com/DevExpress/DevExtreme/actions/runs/30412604222/job/90451960901
"29.07.26, 00:56:17",90451996532,30412604222,1,Jest tests,Send notifications,feature/remove-systemjs-demos,cancelled,,https://github.com/DevExpress/DevExtreme/actions/runs/30412604222/job/90451996532
"29.07.26, 22:06:00",90721264768,30494882757,1,Styles tests,Tests,feature/systemjs-remove-from-qunit-testinng,cancelled,Setup pnpm cache,https://github.com/DevExpress/DevExtreme/actions/runs/30494882757/job/90721264768
"29.07.26, 22:06:42",90721412186,30494882757,1,Styles tests,Send notifications,feature/systemjs-remove-from-qunit-testinng,cancelled,,https://github.com/DevExpress/DevExtreme/actions/runs/30494882757/job/90721412186
"29.07.26, 16:48:09",90645663555,30472407320,1,Styles tests,Tests,T1329677,cancelled,Use Node.js,https://github.com/DevExpress/DevExtreme/actions/runs/30472407320/job/90645663555
"29.07.26, 16:48:31",90645758490,30472407320,1,Styles tests,Send notifications,T1329677,cancelled,,https://github.com/DevExpress/DevExtreme/actions/runs/30472407320/job/90645758490
"29.07.26, 13:27:33",90589912709,30456092970,1,Styles tests,Tests,feature/26_2_new_fluent_theme_with_design_tokens_add_etalons,cancelled,,https://github.com/DevExpress/DevExtreme/actions/runs/30456092970/job/90589912709
"29.07.26, 13:27:34",90589917609,30456092970,1,Styles tests,Send notifications,feature/26_2_new_fluent_theme_with_design_tokens_add_etalons,cancelled,,https://github.com/DevExpress/DevExtreme/actions/runs/30456092970/job/90589917609
"29.07.26, 11:59:55",90568723029,30449751774,1,Styles tests,Tests,fix/T1332943,cancelled,Get sources,https://github.com/DevExpress/DevExtreme/actions/runs/30449751774/job/90568723029
"29.07.26, 12:01:31",90569093288,30449751774,1,Styles tests,Send notifications,fix/T1332943,cancelled,,https://github.com/DevExpress/DevExtreme/actions/runs/30449751774/job/90569093288
"29.07.26, 11:21:09",90560467822,30447228220,1,Styles tests,Tests,datagrid_qunit_tests_replace_theme_26_2,cancelled,Install dependencies,https://github.com/DevExpress/DevExtreme/actions/runs/30447228220/job/90560467822
"29.07.26, 11:22:27",90560746728,30447228220,1,Styles tests,Send notifications,datagrid_qunit_tests_replace_theme_26_2,cancelled,,https://github.com/DevExpress/DevExtreme/actions/runs/30447228220/job/90560746728
"29.07.26, 09:47:42",90540264961,30441076706,1,Styles tests,Tests,feature/26_2_new_fluent_theme_with_design_tokens,failure,Run tests,https://github.com/DevExpress/DevExtreme/actions/runs/30441076706/job/90540264961
"29.07.26, 08:23:57",90521677650,30435351736,1,Styles tests,Tests,feature/systemjs-remove-from-qunit-testinng,failure,Install dependencies,https://github.com/DevExpress/DevExtreme/actions/runs/30435351736/job/90521677650
"29.07.26, 00:56:03",90451961240,30412604310,1,Styles tests,Tests,feature/remove-systemjs-demos,cancelled,Get sources,https://github.com/DevExpress/DevExtreme/actions/runs/30412604310/job/90451961240
"29.07.26, 00:56:18",90451997281,30412604310,1,Styles tests,Send notifications,feature/remove-systemjs-demos,cancelled,,https://github.com/DevExpress/DevExtreme/actions/runs/30412604310/job/90451997281
"29.07.26, 23:12:40",90733577479,30498422787,1,TestCafe tests,common - fluent,datagrid_ai_assistant_imporve_pom_26_2,failure,Run TestCafe tests,https://github.com/DevExpress/DevExtreme/actions/runs/30498422787/job/90733577479
"29.07.26, 23:12:40",90733577549,30498422787,1,TestCafe tests,dataGrid (4/4) - fluent,datagrid_ai_assistant_imporve_pom_26_2,failure,Run TestCafe tests,https://github.com/DevExpress/DevExtreme/actions/runs/30498422787/job/90733577549
"29.07.26, 23:12:40",90733577560,30498422787,1,TestCafe tests,dataGrid (1/4) - fluent,datagrid_ai_assistant_imporve_pom_26_2,failure,Run TestCafe tests,https://github.com/DevExpress/DevExtreme/actions/runs/30498422787/job/90733577560
"29.07.26, 23:12:40",90733577574,30498422787,1,TestCafe tests,dataGrid (2/4) - fluent,datagrid_ai_assistant_imporve_pom_26_2,failure,Run TestCafe tests,https://github.com/DevExpress/DevExtreme/actions/runs/30498422787/job/90733577574
"29.07.26, 23:12:40",90733577575,30498422787,1,TestCafe tests,dataGrid (3/4) - fluent,datagrid_ai_assistant_imporve_pom_26_2,failure,Run TestCafe tests,https://github.com/DevExpress/DevExtreme/actions/runs/30498422787/job/90733577575
"29.07.26, 22:28:19",90725675553,30495768764,1,TestCafe tests,dataGrid (1/4) - fluent,feature/systemjs-remove-from-qunit-testinng,failure,Run TestCafe tests,https://github.com/DevExpress/DevExtreme/actions/runs/30495768764/job/90725675553
"29.07.26, 22:35:17",90726986314,30495768764,1,TestCafe tests,quarantine,feature/systemjs-remove-from-qunit-testinng,cancelled,Get sources,https://github.com/DevExpress/DevExtreme/actions/runs/30495768764/job/90726986314
"29.07.26, 22:35:33",90727037419,30495768764,1,TestCafe tests,Send notifications,feature/systemjs-remove-from-qunit-testinng,cancelled,,https://github.com/DevExpress/DevExtreme/actions/runs/30495768764/job/90727037419
"29.07.26, 22:13:54",90722820088,30494926845,1,TestCafe tests,dataGrid (2/4) - fluent,feature/systemjs-remove-from-qunit-testinng,cancelled,Run TestCafe tests,https://github.com/DevExpress/DevExtreme/actions/runs/30494926845/job/90722820088
"29.07.26, 22:13:54",90722820090,30494926845,1,TestCafe tests,dataGrid (3/4) - fluent,feature/systemjs-remove-from-qunit-testinng,cancelled,Run TestCafe tests,https://github.com/DevExpress/DevExtreme/actions/runs/30494926845/job/90722820090
"29.07.26, 22:13:54",90722820101,30494926845,1,TestCafe tests,dataGrid (1/4) - fluent,feature/systemjs-remove-from-qunit-testinng,cancelled,Run TestCafe tests,https://github.com/DevExpress/DevExtreme/actions/runs/30494926845/job/90722820101
"29.07.26, 22:13:54",90722820104,30494926845,1,TestCafe tests,dataGrid (4/4) - fluent,feature/systemjs-remove-from-qunit-testinng,cancelled,Run TestCafe tests,https://github.com/DevExpress/DevExtreme/actions/runs/30494926845/job/90722820104
"29.07.26, 22:13:54",90722820112,30494926845,1,TestCafe tests,scheduler / common (2/3) - fluent,feature/systemjs-remove-from-qunit-testinng,cancelled,Run TestCafe tests,https://github.com/DevExpress/DevExtreme/actions/runs/30494926845/job/90722820112
"29.07.26, 22:20:34",90724144330,30494926845,1,TestCafe tests,quarantine,feature/systemjs-remove-from-qunit-testinng,cancelled,,https://github.com/DevExpress/DevExtreme/actions/runs/30494926845/job/90724144330
"29.07.26, 22:20:34",90724144632,30494926845,1,TestCafe tests,Send notifications,feature/systemjs-remove-from-qunit-testinng,cancelled,,https://github.com/DevExpress/DevExtreme/actions/runs/30494926845/job/90724144632
"29.07.26, 22:06:20",90721334367,30494882788,1,TestCafe tests,Build DevExtreme,feature/systemjs-remove-from-qunit-testinng,cancelled,Show nx cache contents before save,https://github.com/DevExpress/DevExtreme/actions/runs/30494882788/job/90721334367
"29.07.26, 22:06:43",90721416590,30494882788,1,TestCafe tests,${{ matrix.name }}${{ ((!matrix.theme && ' - fluent') || '') }},feature/systemjs-remove-from-qunit-testinng,cancelled,,https://github.com/DevExpress/DevExtreme/actions/runs/30494882788/job/90721416590
"29.07.26, 22:06:44",90721417001,30494882788,1,TestCafe tests,quarantine,feature/systemjs-remove-from-qunit-testinng,cancelled,,https://github.com/DevExpress/DevExtreme/actions/runs/30494882788/job/90721417001
"29.07.26, 22:06:44",90721417213,30494882788,1,TestCafe tests,Send notifications,feature/systemjs-remove-from-qunit-testinng,cancelled,,https://github.com/DevExpress/DevExtreme/actions/runs/30494882788/job/90721417213
"29.07.26, 21:59:18",90719878619,30494046126,1,TestCafe tests,navigation - fluent,feature/26_2_new_fluent_theme_with_design_tokens,failure,Run TestCafe tests,https://github.com/DevExpress/DevExtreme/actions/runs/30494046126/job/90719878619
"29.07.26, 21:59:18",90719878622,30494046126,1,TestCafe tests,common - dxdsfluent,feature/26_2_new_fluent_theme_with_design_tokens,failure,Run TestCafe tests,https://github.com/DevExpress/DevExtreme/actions/runs/30494046126/job/90719878622
"29.07.26, 21:59:18",90719878685,30494046126,1,TestCafe tests,scheduler / viewOffset (2/2) - dxdsfluent,feature/26_2_new_fluent_theme_with_design_tokens,failure,Run TestCafe tests,https://github.com/DevExpress/DevExtreme/actions/runs/30494046126/job/90719878685
"29.07.26, 21:59:18",90719878697,30494046126,1,TestCafe tests,dataGrid (3/4) - dxdsfluent,feature/26_2_new_fluent_theme_with_design_tokens,failure,Run TestCafe tests,https://github.com/DevExpress/DevExtreme/actions/runs/30494046126/job/90719878697
"29.07.26, 21:59:18",90719878699,30494046126,1,TestCafe tests,scheduler / common (3/3) - dxdsfluent,feature/26_2_new_fluent_theme_with_design_tokens,failure,Run TestCafe tests,https://github.com/DevExpress/DevExtreme/actions/runs/30494046126/job/90719878699
"29.07.26, 21:59:18",90719878713,30494046126,1,TestCafe tests,scheduler / timezones (Europe/Berlin) - dxdsfluent,feature/26_2_new_fluent_theme_with_design_tokens,failure,Run TestCafe tests,https://github.com/DevExpress/DevExtreme/actions/runs/30494046126/job/90719878713
"29.07.26, 21:59:18",90719878717,30494046126,1,TestCafe tests,scheduler / common (1/3) - dxdsfluent,feature/26_2_new_fluent_theme_with_design_tokens,failure,Run TestCafe tests,https://github.com/DevExpress/DevExtreme/actions/runs/30494046126/job/90719878717
"29.07.26, 21:59:18",90719878719,30494046126,1,TestCafe tests,navigation - dxdsfluent,feature/26_2_new_fluent_theme_with_design_tokens,failure,Run TestCafe tests,https://github.com/DevExpress/DevExtreme/actions/runs/30494046126/job/90719878719
"29.07.26, 21:59:18",90719878727,30494046126,1,TestCafe tests,scheduler / common (2/3) - dxdsfluent,feature/26_2_new_fluent_theme_with_design_tokens,failure,Run TestCafe tests,https://github.com/DevExpress/DevExtreme/actions/runs/30494046126/job/90719878727
"29.07.26, 21:59:18",90719878728,30494046126,1,TestCafe tests,dataGrid (4/4) - dxdsfluent,feature/26_2_new_fluent_theme_with_design_tokens,failure,Run TestCafe tests,https://github.com/DevExpress/DevExtreme/actions/runs/30494046126/job/90719878728
"29.07.26, 21:59:18",90719878729,30494046126,1,TestCafe tests,cardView - dxdsfluent,feature/26_2_new_fluent_theme_with_design_tokens,failure,Run TestCafe tests,https://github.com/DevExpress/DevExtreme/actions/runs/30494046126/job/90719878729
"29.07.26, 21:59:18",90719878756,30494046126,1,TestCafe tests,dataGrid (1/4) - dxdsfluent,feature/26_2_new_fluent_theme_with_design_tokens,failure,Run TestCafe tests,https://github.com/DevExpress/DevExtreme/actions/runs/30494046126/job/90719878756
"29.07.26, 21:59:18",90719878763,30494046126,1,TestCafe tests,editors - dxdsfluent,feature/26_2_new_fluent_theme_with_design_tokens,failure,Run TestCafe tests,https://github.com/DevExpress/DevExtreme/actions/runs/30494046126/job/90719878763
"29.07.26, 21:59:18",90719878775,30494046126,1,TestCafe tests,dataGrid (2/4) - dxdsfluent,feature/26_2_new_fluent_theme_with_design_tokens,failure,Run TestCafe tests,https://github.com/DevExpress/DevExtreme/actions/runs/30494046126/job/90719878775
"29.07.26, 21:59:18",90719878781,30494046126,1,TestCafe tests,scheduler / timezones (America/Los_Angeles) - dxdsfluent,feature/26_2_new_fluent_theme_with_design_tokens,failure,Run TestCafe tests,https://github.com/DevExpress/DevExtreme/actions/runs/30494046126/job/90719878781
"29.07.26, 21:59:18",90719878801,30494046126,1,TestCafe tests,scheduler / viewOffset (1/2) - dxdsfluent,feature/26_2_new_fluent_theme_with_design_tokens,failure,Run TestCafe tests,https://github.com/DevExpress/DevExtreme/actions/runs/30494046126/job/90719878801
"29.07.26, 22:19:21",90723896147,30494046126,1,TestCafe tests,quarantine,feature/26_2_new_fluent_theme_with_design_tokens,failure,Run quarantined tests,https://github.com/DevExpress/DevExtreme/actions/runs/30494046126/job/90723896147
"29.07.26, 21:41:22",90716245011,30492819790,1,TestCafe tests,accessibility - fluent,feature/systemjs-remove-from-qunit-testinng,cancelled,Run TestCafe tests,https://github.com/DevExpress/DevExtreme/actions/runs/30492819790/job/90716245011
"29.07.26, 21:41:22",90716245037,30492819790,1,TestCafe tests,navigation - fluent,feature/systemjs-remove-from-qunit-testinng,cancelled,Run TestCafe tests,https://github.com/DevExpress/DevExtreme/actions/runs/30492819790/job/90716245037
"29.07.26, 21:41:22",90716245042,30492819790,1,TestCafe tests,dataGrid (1/4) - fluent,feature/systemjs-remove-from-qunit-testinng,cancelled,Run TestCafe tests,https://github.com/DevExpress/DevExtreme/actions/runs/30492819790/job/90716245042
"29.07.26, 21:41:22",90716245054,30492819790,1,TestCafe tests,scheduler / common (2/3) - fluent,feature/systemjs-remove-from-qunit-testinng,cancelled,Run TestCafe tests,https://github.com/DevExpress/DevExtreme/actions/runs/30492819790/job/90716245054
"29.07.26, 21:41:22",90716245058,30492819790,1,TestCafe tests,dataGrid (2/4) - fluent,feature/systemjs-remove-from-qunit-testinng,cancelled,Run TestCafe tests,https://github.com/DevExpress/DevExtreme/actions/runs/30492819790/job/90716245058
"29.07.26, 21:41:22",90716245063,30492819790,1,TestCafe tests,scheduler / common (3/3) - fluent,feature/systemjs-remove-from-qunit-testinng,cancelled,Run TestCafe tests,https://github.com/DevExpress/DevExtreme/actions/runs/30492819790/job/90716245063
"29.07.26, 21:41:22",90716245068,30492819790,1,TestCafe tests,scheduler / common (1/3) - fluent,feature/systemjs-remove-from-qunit-testinng,cancelled,Run TestCafe tests,https://github.com/DevExpress/DevExtreme/actions/runs/30492819790/job/90716245068
"29.07.26, 21:41:22",90716245082,30492819790,1,TestCafe tests,scheduler / viewOffset (1/2) - fluent,feature/systemjs-remove-from-qunit-testinng,cancelled,Run TestCafe tests,https://github.com/DevExpress/DevExtreme/actions/runs/30492819790/job/90716245082
"29.07.26, 21:41:22",90716245083,30492819790,1,TestCafe tests,cardView - fluent,feature/systemjs-remove-from-qunit-testinng,cancelled,Run TestCafe tests,https://github.com/DevExpress/DevExtreme/actions/runs/30492819790/job/90716245083
"29.07.26, 21:41:22",90716245094,30492819790,1,TestCafe tests,editors - fluent,feature/systemjs-remove-from-qunit-testinng,cancelled,Run TestCafe tests,https://github.com/DevExpress/DevExtreme/actions/runs/30492819790/job/90716245094
"29.07.26, 21:41:22",90716245095,30492819790,1,TestCafe tests,common - fluent,feature/systemjs-remove-from-qunit-testinng,cancelled,Run TestCafe tests,https://github.com/DevExpress/DevExtreme/actions/runs/30492819790/job/90716245095
"29.07.26, 21:41:22",90716245099,30492819790,1,TestCafe tests,dataGrid (4/4) - fluent,feature/systemjs-remove-from-qunit-testinng,cancelled,Run TestCafe tests,https://github.com/DevExpress/DevExtreme/actions/runs/30492819790/job/90716245099
"29.07.26, 21:41:22",90716245102,30492819790,1,TestCafe tests,dataGrid (3/4) - fluent,feature/systemjs-remove-from-qunit-testinng,cancelled,Run TestCafe tests,https://github.com/DevExpress/DevExtreme/actions/runs/30492819790/job/90716245102
"29.07.26, 21:41:22",90716245121,30492819790,1,TestCafe tests,scheduler / viewOffset (2/2) - fluent,feature/systemjs-remove-from-qunit-testinng,cancelled,Run TestCafe tests,https://github.com/DevExpress/DevExtreme/actions/runs/30492819790/job/90716245121
"29.07.26, 21:45:38",90717101498,30492819790,1,TestCafe tests,quarantine,feature/systemjs-remove-from-qunit-testinng,cancelled,,https://github.com/DevExpress/DevExtreme/actions/runs/30492819790/job/90717101498
"29.07.26, 21:45:38",90717102293,30492819790,1,TestCafe tests,Send notifications,feature/systemjs-remove-from-qunit-testinng,cancelled,,https://github.com/DevExpress/DevExtreme/actions/runs/30492819790/job/90717102293
"29.07.26, 17:16:49",90653027519,30474162607,1,TestCafe tests,editors - fluent,feature/systemjs-remove-from-qunit-testinng,cancelled,Run TestCafe tests,https://github.com/DevExpress/DevExtreme/actions/runs/30474162607/job/90653027519
"29.07.26, 18:02:09",90664686854,30474162607,1,TestCafe tests,quarantine,feature/systemjs-remove-from-qunit-testinng,cancelled,Download artifacts,https://github.com/DevExpress/DevExtreme/actions/runs/30474162607/job/90664686854
"29.07.26, 18:02:35",90664800221,30474162607,1,TestCafe tests,Send notifications,feature/systemjs-remove-from-qunit-testinng,cancelled,,https://github.com/DevExpress/DevExtreme/actions/runs/30474162607/job/90664800221
"29.07.26, 16:55:48",90647605957,30472456799,1,TestCafe tests,navigation - fluent,feature/26_2_new_fluent_theme_with_design_tokens_add_testcafe_etalons,failure,Run TestCafe tests,https://github.com/DevExpress/DevExtreme/actions/runs/30472456799/job/90647605957
"29.07.26, 16:55:48",90647606041,30472456799,1,TestCafe tests,cardView - dxdsfluent,feature/26_2_new_fluent_theme_with_design_tokens_add_testcafe_etalons,failure,Run TestCafe tests,https://github.com/DevExpress/DevExtreme/actions/runs/30472456799/job/90647606041
"29.07.26, 16:55:48",90647606049,30472456799,1,TestCafe tests,dataGrid (3/4) - dxdsfluent,feature/26_2_new_fluent_theme_with_design_tokens_add_testcafe_etalons,failure,Run TestCafe tests,https://github.com/DevExpress/DevExtreme/actions/runs/30472456799/job/90647606049
"29.07.26, 16:55:48",90647606060,30472456799,1,TestCafe tests,navigation - dxdsfluent,feature/26_2_new_fluent_theme_with_design_tokens_add_testcafe_etalons,failure,Run TestCafe tests,https://github.com/DevExpress/DevExtreme/actions/runs/30472456799/job/90647606060
"29.07.26, 16:55:48",90647606069,30472456799,1,TestCafe tests,scheduler / common (2/3) - dxdsfluent,feature/26_2_new_fluent_theme_with_design_tokens_add_testcafe_etalons,failure,Run TestCafe tests,https://github.com/DevExpress/DevExtreme/actions/runs/30472456799/job/90647606069
"29.07.26, 16:55:48",90647606081,30472456799,1,TestCafe tests,editors - dxdsfluent,feature/26_2_new_fluent_theme_with_design_tokens_add_testcafe_etalons,failure,Run TestCafe tests,https://github.com/DevExpress/DevExtreme/actions/runs/30472456799/job/90647606081
"29.07.26, 16:55:48",90647606082,30472456799,1,TestCafe tests,scheduler / viewOffset (1/2) - dxdsfluent,feature/26_2_new_fluent_theme_with_design_tokens_add_testcafe_etalons,failure,Run TestCafe tests,https://github.com/DevExpress/DevExtreme/actions/runs/30472456799/job/90647606082
"29.07.26, 16:55:48",90647606098,30472456799,1,TestCafe tests,dataGrid (1/4) - dxdsfluent,feature/26_2_new_fluent_theme_with_design_tokens_add_testcafe_etalons,failure,Run TestCafe tests,https://github.com/DevExpress/DevExtreme/actions/runs/30472456799/job/90647606098
"29.07.26, 16:55:48",90647606102,30472456799,1,TestCafe tests,dataGrid (2/4) - dxdsfluent,feature/26_2_new_fluent_theme_with_design_tokens_add_testcafe_etalons,failure,Run TestCafe tests,https://github.com/DevExpress/DevExtreme/actions/runs/30472456799/job/90647606102
"29.07.26, 16:55:48",90647606107,30472456799,1,TestCafe tests,dataGrid (4/4) - dxdsfluent,feature/26_2_new_fluent_theme_with_design_tokens_add_testcafe_etalons,failure,Run TestCafe tests,https://github.com/DevExpress/DevExtreme/actions/runs/30472456799/job/90647606107
"29.07.26, 16:55:48",90647606115,30472456799,1,TestCafe tests,scheduler / common (3/3) - dxdsfluent,feature/26_2_new_fluent_theme_with_design_tokens_add_testcafe_etalons,failure,Run TestCafe tests,https://github.com/DevExpress/DevExtreme/actions/runs/30472456799/job/90647606115
"29.07.26, 16:55:48",90647606143,30472456799,1,TestCafe tests,scheduler / timezones (America/Los_Angeles) - dxdsfluent,feature/26_2_new_fluent_theme_with_design_tokens_add_testcafe_etalons,failure,Run TestCafe tests,https://github.com/DevExpress/DevExtreme/actions/runs/30472456799/job/90647606143
"29.07.26, 16:55:48",90647606147,30472456799,1,TestCafe tests,common - dxdsfluent,feature/26_2_new_fluent_theme_with_design_tokens_add_testcafe_etalons,failure,Run TestCafe tests,https://github.com/DevExpress/DevExtreme/actions/runs/30472456799/job/90647606147
"29.07.26, 16:55:48",90647606192,30472456799,1,TestCafe tests,scheduler / timezones (Europe/Berlin) - dxdsfluent,feature/26_2_new_fluent_theme_with_design_tokens_add_testcafe_etalons,failure,Run TestCafe tests,https://github.com/DevExpress/DevExtreme/actions/runs/30472456799/job/90647606192
"29.07.26, 16:55:48",90647606197,30472456799,1,TestCafe tests,scheduler / viewOffset (2/2) - dxdsfluent,feature/26_2_new_fluent_theme_with_design_tokens_add_testcafe_etalons,failure,Run TestCafe tests,https://github.com/DevExpress/DevExtreme/actions/runs/30472456799/job/90647606197
"29.07.26, 16:55:48",90647606227,30472456799,1,TestCafe tests,scheduler / common (1/3) - dxdsfluent,feature/26_2_new_fluent_theme_with_design_tokens_add_testcafe_etalons,failure,Run TestCafe tests,https://github.com/DevExpress/DevExtreme/actions/runs/30472456799/job/90647606227
"29.07.26, 17:08:58",90651025900,30472456799,1,TestCafe tests,quarantine,feature/26_2_new_fluent_theme_with_design_tokens_add_testcafe_etalons,failure,Run quarantined tests,https://github.com/DevExpress/DevExtreme/actions/runs/30472456799/job/90651025900
"29.07.26, 16:48:13",90645678770,30472411685,1,TestCafe tests,Check if tests should run,T1329677,cancelled,,https://github.com/DevExpress/DevExtreme/actions/runs/30472411685/job/90645678770
"29.07.26, 16:48:30",90645753517,30472411685,1,TestCafe tests,Determine TestCafe matrix,T1329677,cancelled,,https://github.com/DevExpress/DevExtreme/actions/runs/30472411685/job/90645753517
"29.07.26, 16:48:30",90645754107,30472411685,1,TestCafe tests,Build DevExtreme,T1329677,cancelled,,https://github.com/DevExpress/DevExtreme/actions/runs/30472411685/job/90645754107
"29.07.26, 16:48:30",90645754742,30472411685,1,TestCafe tests,${{ matrix.name }}${{ ((!matrix.theme && ' - fluent') || '') }},T1329677,cancelled,,https://github.com/DevExpress/DevExtreme/actions/runs/30472411685/job/90645754742
"29.07.26, 16:48:30",90645755296,30472411685,1,TestCafe tests,quarantine,T1329677,cancelled,,https://github.com/DevExpress/DevExtreme/actions/runs/30472411685/job/90645755296
"29.07.26, 16:48:31",90645756613,30472411685,1,TestCafe tests,Send notifications,T1329677,cancelled,,https://github.com/DevExpress/DevExtreme/actions/runs/30472411685/job/90645756613
"29.07.26, 16:51:55",90646616561,30472214865,1,TestCafe tests,scheduler / common (2/3) - fluent,feature/systemjs-remove-from-qunit-testinng,failure,,https://github.com/DevExpress/DevExtreme/actions/runs/30472214865/job/90646616561
"29.07.26, 16:51:55",90646616612,30472214865,1,TestCafe tests,dataGrid (2/4) - fluent,feature/systemjs-remove-from-qunit-testinng,failure,,https://github.com/DevExpress/DevExtreme/actions/runs/30472214865/job/90646616612
"29.07.26, 16:50:16",90646193913,30472110704,1,TestCafe tests,accessibility - fluent,feature/26_2_popover_support_content_reading,failure,Run TestCafe tests,https://github.com/DevExpress/DevExtreme/actions/runs/30472110704/job/90646193913
"29.07.26, 16:50:16",90646193963,30472110704,1,TestCafe tests,editors - fluent,feature/26_2_popover_support_content_reading,failure,Run TestCafe tests,https://github.com/DevExpress/DevExtreme/actions/runs/30472110704/job/90646193963
"29.07.26, 16:50:21",90646215448,30472073281,1,TestCafe tests,accessibility - fluent.dark,feature/26_2_new_fluent_theme_with_design_tokens,failure,Run TestCafe tests,https://github.com/DevExpress/DevExtreme/actions/runs/30472073281/job/90646215448
"29.07.26, 16:50:21",90646215551,30472073281,1,TestCafe tests,navigation - fluent,feature/26_2_new_fluent_theme_with_design_tokens,failure,Run TestCafe tests,https://github.com/DevExpress/DevExtreme/actions/runs/30472073281/job/90646215551
"29.07.26, 16:50:21",90646215624,30472073281,1,TestCafe tests,dataGrid (3/4) - dxdsfluent,feature/26_2_new_fluent_theme_with_design_tokens,failure,Run TestCafe tests,https://github.com/DevExpress/DevExtreme/actions/runs/30472073281/job/90646215624
"29.07.26, 16:50:21",90646215634,30472073281,1,TestCafe tests,dataGrid (1/4) - dxdsfluent,feature/26_2_new_fluent_theme_with_design_tokens,failure,Run TestCafe tests,https://github.com/DevExpress/DevExtreme/actions/runs/30472073281/job/90646215634
"29.07.26, 16:50:21",90646215651,30472073281,1,TestCafe tests,dataGrid (4/4) - dxdsfluent,feature/26_2_new_fluent_theme_with_design_tokens,failure,Run TestCafe tests,https://github.com/DevExpress/DevExtreme/actions/runs/30472073281/job/90646215651
"29.07.26, 16:50:21",90646215661,30472073281,1,TestCafe tests,scheduler / common (2/3) - dxdsfluent,feature/26_2_new_fluent_theme_with_design_tokens,failure,Run TestCafe tests,https://github.com/DevExpress/DevExtreme/actions/runs/30472073281/job/90646215661
"29.07.26, 16:50:21",90646215668,30472073281,1,TestCafe tests,editors - dxdsfluent,feature/26_2_new_fluent_theme_with_design_tokens,failure,Run TestCafe tests,https://github.com/DevExpress/DevExtreme/actions/runs/30472073281/job/90646215668
"29.07.26, 16:50:21",90646215686,30472073281,1,TestCafe tests,dataGrid (2/4) - dxdsfluent,feature/26_2_new_fluent_theme_with_design_tokens,failure,Run TestCafe tests,https://github.com/DevExpress/DevExtreme/actions/runs/30472073281/job/90646215686
"29.07.26, 16:50:21",90646215698,30472073281,1,TestCafe tests,scheduler / timezones (Europe/Berlin) - dxdsfluent,feature/26_2_new_fluent_theme_with_design_tokens,failure,Run TestCafe tests,https://github.com/DevExpress/DevExtreme/actions/runs/30472073281/job/90646215698
"29.07.26, 16:50:21",90646215704,30472073281,1,TestCafe tests,cardView - dxdsfluent,feature/26_2_new_fluent_theme_with_design_tokens,failure,Run TestCafe tests,https://github.com/DevExpress/DevExtreme/actions/runs/30472073281/job/90646215704
"29.07.26, 16:50:21",90646215721,30472073281,1,TestCafe tests,scheduler / viewOffset (2/2) - dxdsfluent,feature/26_2_new_fluent_theme_with_design_tokens,failure,Run TestCafe tests,https://github.com/DevExpress/DevExtreme/actions/runs/30472073281/job/90646215721
"29.07.26, 16:50:21",90646215729,30472073281,1,TestCafe tests,scheduler / common (3/3) - dxdsfluent,feature/26_2_new_fluent_theme_with_design_tokens,failure,Run TestCafe tests,https://github.com/DevExpress/DevExtreme/actions/runs/30472073281/job/90646215729
"29.07.26, 16:50:21",90646215738,30472073281,1,TestCafe tests,scheduler / common (1/3) - dxdsfluent,feature/26_2_new_fluent_theme_with_design_tokens,failure,Run TestCafe tests,https://github.com/DevExpress/DevExtreme/actions/runs/30472073281/job/90646215738
"29.07.26, 16:50:21",90646215767,30472073281,1,TestCafe tests,common - dxdsfluent,feature/26_2_new_fluent_theme_with_design_tokens,failure,Run TestCafe tests,https://github.com/DevExpress/DevExtreme/actions/runs/30472073281/job/90646215767
"29.07.26, 16:50:21",90646215828,30472073281,1,TestCafe tests,navigation - dxdsfluent,feature/26_2_new_fluent_theme_with_design_tokens,failure,Run TestCafe tests,https://github.com/DevExpress/DevExtreme/actions/runs/30472073281/job/90646215828
"29.07.26, 16:50:21",90646215858,30472073281,1,TestCafe tests,scheduler / timezones (America/Los_Angeles) - dxdsfluent,feature/26_2_new_fluent_theme_with_design_tokens,failure,Run TestCafe tests,https://github.com/DevExpress/DevExtreme/actions/runs/30472073281/job/90646215858
"29.07.26, 16:50:21",90646215888,30472073281,1,TestCafe tests,scheduler / viewOffset (1/2) - dxdsfluent,feature/26_2_new_fluent_theme_with_design_tokens,failure,Run TestCafe tests,https://github.com/DevExpress/DevExtreme/actions/runs/30472073281/job/90646215888
"29.07.26, 17:17:32",90653204728,30472073281,1,TestCafe tests,quarantine,feature/26_2_new_fluent_theme_with_design_tokens,failure,Run quarantined tests,https://github.com/DevExpress/DevExtreme/actions/runs/30472073281/job/90653204728
"29.07.26, 16:43:02",90644358976,30471522790,1,TestCafe tests,generic,feature/systemjs-remove-from-qunit-testinng,cancelled,Run TestCafe tests,https://github.com/DevExpress/DevExtreme/actions/runs/30471522790/job/90644358976
"29.07.26, 16:43:02",90644359046,30471522790,1,TestCafe tests,dataGrid (2/4) - fluent,feature/systemjs-remove-from-qunit-testinng,cancelled,Install dependencies,https://github.com/DevExpress/DevExtreme/actions/runs/30471522790/job/90644359046
"29.07.26, 16:43:02",90644359051,30471522790,1,TestCafe tests,dataGrid (3/4) - fluent,feature/systemjs-remove-from-qunit-testinng,cancelled,Run TestCafe tests,https://github.com/DevExpress/DevExtreme/actions/runs/30471522790/job/90644359051
"29.07.26, 16:43:02",90644359059,30471522790,1,TestCafe tests,editors - fluent,feature/systemjs-remove-from-qunit-testinng,cancelled,Run TestCafe tests,https://github.com/DevExpress/DevExtreme/actions/runs/30471522790/job/90644359059
"29.07.26, 16:43:02",90644359070,30471522790,1,TestCafe tests,material,feature/systemjs-remove-from-qunit-testinng,cancelled,Install dependencies,https://github.com/DevExpress/DevExtreme/actions/runs/30471522790/job/90644359070
"29.07.26, 16:43:02",90644359078,30471522790,1,TestCafe tests,dataGrid (1/4) - fluent,feature/systemjs-remove-from-qunit-testinng,cancelled,Install dependencies,https://github.com/DevExpress/DevExtreme/actions/runs/30471522790/job/90644359078
"29.07.26, 16:43:02",90644359086,30471522790,1,TestCafe tests,scheduler / common (2/3) - fluent,feature/systemjs-remove-from-qunit-testinng,cancelled,Run TestCafe tests,https://github.com/DevExpress/DevExtreme/actions/runs/30471522790/job/90644359086
"29.07.26, 16:43:02",90644359106,30471522790,1,TestCafe tests,scheduler / common (1/3) - fluent,feature/systemjs-remove-from-qunit-testinng,cancelled,Install dependencies,https://github.com/DevExpress/DevExtreme/actions/runs/30471522790/job/90644359106
"29.07.26, 16:43:02",90644359125,30471522790,1,TestCafe tests,scheduler / viewOffset (2/2) - fluent,feature/systemjs-remove-from-qunit-testinng,cancelled,Install dependencies,https://github.com/DevExpress/DevExtreme/actions/runs/30471522790/job/90644359125
"29.07.26, 16:43:02",90644359132,30471522790,1,TestCafe tests,cardView - fluent,feature/systemjs-remove-from-qunit-testinng,cancelled,Install dependencies,https://github.com/DevExpress/DevExtreme/actions/runs/30471522790/job/90644359132
"29.07.26, 16:43:02",90644359141,30471522790,1,TestCafe tests,dataGrid (4/4) - fluent,feature/systemjs-remove-from-qunit-testinng,cancelled,Install dependencies,https://github.com/DevExpress/DevExtreme/actions/runs/30471522790/job/90644359141
"29.07.26, 16:43:02",90644359158,30471522790,1,TestCafe tests,navigation - fluent,feature/systemjs-remove-from-qunit-testinng,cancelled,Install dependencies,https://github.com/DevExpress/DevExtreme/actions/runs/30471522790/job/90644359158
"29.07.26, 16:43:02",90644359160,30471522790,1,TestCafe tests,common - fluent,feature/systemjs-remove-from-qunit-testinng,cancelled,Install dependencies,https://github.com/DevExpress/DevExtreme/actions/runs/30471522790/job/90644359160
"29.07.26, 16:43:02",90644359163,30471522790,1,TestCafe tests,scheduler / timezones (America/Los_Angeles) - fluent,feature/systemjs-remove-from-qunit-testinng,cancelled,Install dependencies,https://github.com/DevExpress/DevExtreme/actions/runs/30471522790/job/90644359163
"29.07.26, 16:43:02",90644359187,30471522790,1,TestCafe tests,scheduler / common (3/3) - fluent,feature/systemjs-remove-from-qunit-testinng,cancelled,Install dependencies,https://github.com/DevExpress/DevExtreme/actions/runs/30471522790/job/90644359187
"29.07.26, 16:43:02",90644359285,30471522790,1,TestCafe tests,scheduler / viewOffset (1/2) - fluent,feature/systemjs-remove-from-qunit-testinng,cancelled,Install dependencies,https://github.com/DevExpress/DevExtreme/actions/runs/30471522790/job/90644359285
"29.07.26, 16:43:02",90644359645,30471522790,1,TestCafe tests,accessibility - fluent,feature/systemjs-remove-from-qunit-testinng,cancelled,Install dependencies,https://github.com/DevExpress/DevExtreme/actions/runs/30471522790/job/90644359645
"29.07.26, 16:45:56",90645101088,30471522790,1,TestCafe tests,Send notifications,feature/systemjs-remove-from-qunit-testinng,cancelled,,https://github.com/DevExpress/DevExtreme/actions/runs/30471522790/job/90645101088
"29.07.26, 16:45:56",90645101211,30471522790,1,TestCafe tests,quarantine,feature/systemjs-remove-from-qunit-testinng,cancelled,,https://github.com/DevExpress/DevExtreme/actions/runs/30471522790/job/90645101211
"29.07.26, 16:26:20",90639899344,30470223615,1,TestCafe tests,navigation - fluent,feature/26_2_new_fluent_theme_with_design_tokens_add_etalons,failure,Run TestCafe tests,https://github.com/DevExpress/DevExtreme/actions/runs/30470223615/job/90639899344
"29.07.26, 16:26:20",90639899478,30470223615,1,TestCafe tests,dataGrid (2/4) - dxdsfluent,feature/26_2_new_fluent_theme_with_design_tokens_add_etalons,failure,Run TestCafe tests,https://github.com/DevExpress/DevExtreme/actions/runs/30470223615/job/90639899478
"29.07.26, 16:26:20",90639899495,30470223615,1,TestCafe tests,scheduler / common (3/3) - dxdsfluent,feature/26_2_new_fluent_theme_with_design_tokens_add_etalons,failure,,https://github.com/DevExpress/DevExtreme/actions/runs/30470223615/job/90639899495
"29.07.26, 16:26:20",90639899496,30470223615,1,TestCafe tests,dataGrid (1/4) - dxdsfluent,feature/26_2_new_fluent_theme_with_design_tokens_add_etalons,failure,Run TestCafe tests,https://github.com/DevExpress/DevExtreme/actions/runs/30470223615/job/90639899496
"29.07.26, 16:26:20",90639899506,30470223615,1,TestCafe tests,scheduler / viewOffset (1/2) - dxdsfluent,feature/26_2_new_fluent_theme_with_design_tokens_add_etalons,failure,Run TestCafe tests,https://github.com/DevExpress/DevExtreme/actions/runs/30470223615/job/90639899506
"29.07.26, 16:26:20",90639899513,30470223615,1,TestCafe tests,scheduler / timezones (America/Los_Angeles) - dxdsfluent,feature/26_2_new_fluent_theme_with_design_tokens_add_etalons,failure,Run TestCafe tests,https://github.com/DevExpress/DevExtreme/actions/runs/30470223615/job/90639899513
"29.07.26, 16:26:20",90639899539,30470223615,1,TestCafe tests,navigation - dxdsfluent,feature/26_2_new_fluent_theme_with_design_tokens_add_etalons,failure,Run TestCafe tests,https://github.com/DevExpress/DevExtreme/actions/runs/30470223615/job/90639899539
"29.07.26, 16:26:20",90639899544,30470223615,1,TestCafe tests,scheduler / common (2/3) - dxdsfluent,feature/26_2_new_fluent_theme_with_design_tokens_add_etalons,failure,Run TestCafe tests,https://github.com/DevExpress/DevExtreme/actions/runs/30470223615/job/90639899544
"29.07.26, 16:26:20",90639899547,30470223615,1,TestCafe tests,common - dxdsfluent,feature/26_2_new_fluent_theme_with_design_tokens_add_etalons,failure,Run TestCafe tests,https://github.com/DevExpress/DevExtreme/actions/runs/30470223615/job/90639899547
"29.07.26, 16:26:20",90639899558,30470223615,1,TestCafe tests,cardView - dxdsfluent,feature/26_2_new_fluent_theme_with_design_tokens_add_etalons,failure,Run TestCafe tests,https://github.com/DevExpress/DevExtreme/actions/runs/30470223615/job/90639899558
"29.07.26, 16:26:20",90639899561,30470223615,1,TestCafe tests,scheduler / common (1/3) - dxdsfluent,feature/26_2_new_fluent_theme_with_design_tokens_add_etalons,failure,Run TestCafe tests,https://github.com/DevExpress/DevExtreme/actions/runs/30470223615/job/90639899561
"29.07.26, 16:26:20",90639899562,30470223615,1,TestCafe tests,scheduler / viewOffset (2/2) - dxdsfluent,feature/26_2_new_fluent_theme_with_design_tokens_add_etalons,failure,Run TestCafe tests,https://github.com/DevExpress/DevExtreme/actions/runs/30470223615/job/90639899562
"29.07.26, 16:26:20",90639899563,30470223615,1,TestCafe tests,dataGrid (4/4) - dxdsfluent,feature/26_2_new_fluent_theme_with_design_tokens_add_etalons,failure,,https://github.com/DevExpress/DevExtreme/actions/runs/30470223615/job/90639899563
"29.07.26, 16:26:20",90639899571,30470223615,1,TestCafe tests,scheduler / timezones (Europe/Berlin) - dxdsfluent,feature/26_2_new_fluent_theme_with_design_tokens_add_etalons,failure,Run TestCafe tests,https://github.com/DevExpress/DevExtreme/actions/runs/30470223615/job/90639899571
"29.07.26, 16:26:20",90639899617,30470223615,1,TestCafe tests,editors - dxdsfluent,feature/26_2_new_fluent_theme_with_design_tokens_add_etalons,failure,Run TestCafe tests,https://github.com/DevExpress/DevExtreme/actions/runs/30470223615/job/90639899617
"29.07.26, 16:26:20",90639899656,30470223615,1,TestCafe tests,dataGrid (3/4) - dxdsfluent,feature/26_2_new_fluent_theme_with_design_tokens_add_etalons,failure,Run TestCafe tests,https://github.com/DevExpress/DevExtreme/actions/runs/30470223615/job/90639899656
"29.07.26, 16:52:59",90646882939,30470223615,1,TestCafe tests,quarantine,feature/26_2_new_fluent_theme_with_design_tokens_add_etalons,failure,Run quarantined tests,https://github.com/DevExpress/DevExtreme/actions/runs/30470223615/job/90646882939
"29.07.26, 15:30:06",90624258533,30465623073,1,TestCafe tests,navigation - fluent,feature/26_2_new_fluent_theme_with_design_tokens_add_etalons,failure,Run TestCafe tests,https://github.com/DevExpress/DevExtreme/actions/runs/30465623073/job/90624258533
"29.07.26, 15:30:06",90624258558,30465623073,1,TestCafe tests,common - dxdsfluent,feature/26_2_new_fluent_theme_with_design_tokens_add_etalons,failure,Run TestCafe tests,https://github.com/DevExpress/DevExtreme/actions/runs/30465623073/job/90624258558
"29.07.26, 15:30:06",90624258654,30465623073,1,TestCafe tests,dataGrid (3/4) - dxdsfluent,feature/26_2_new_fluent_theme_with_design_tokens_add_etalons,failure,Run TestCafe tests,https://github.com/DevExpress/DevExtreme/actions/runs/30465623073/job/90624258654
"29.07.26, 15:30:06",90624258659,30465623073,1,TestCafe tests,dataGrid (2/4) - dxdsfluent,feature/26_2_new_fluent_theme_with_design_tokens_add_etalons,failure,Run TestCafe tests,https://github.com/DevExpress/DevExtreme/actions/runs/30465623073/job/90624258659
"29.07.26, 15:30:06",90624258669,30465623073,1,TestCafe tests,cardView - dxdsfluent,feature/26_2_new_fluent_theme_with_design_tokens_add_etalons,failure,Run TestCafe tests,https://github.com/DevExpress/DevExtreme/actions/runs/30465623073/job/90624258669
"29.07.26, 15:30:06",90624258709,30465623073,1,TestCafe tests,navigation - dxdsfluent,feature/26_2_new_fluent_theme_with_design_tokens_add_etalons,failure,Run TestCafe tests,https://github.com/DevExpress/DevExtreme/actions/runs/30465623073/job/90624258709
"29.07.26, 15:30:06",90624258712,30465623073,1,TestCafe tests,dataGrid (1/4) - dxdsfluent,feature/26_2_new_fluent_theme_with_design_tokens_add_etalons,failure,Run TestCafe tests,https://github.com/DevExpress/DevExtreme/actions/runs/30465623073/job/90624258712
"29.07.26, 15:30:06",90624258772,30465623073,1,TestCafe tests,scheduler / common (1/3) - dxdsfluent,feature/26_2_new_fluent_theme_with_design_tokens_add_etalons,failure,Run TestCafe tests,https://github.com/DevExpress/DevExtreme/actions/runs/30465623073/job/90624258772
"29.07.26, 15:30:06",90624258776,30465623073,1,TestCafe tests,scheduler / common (3/3) - dxdsfluent,feature/26_2_new_fluent_theme_with_design_tokens_add_etalons,failure,Run TestCafe tests,https://github.com/DevExpress/DevExtreme/actions/runs/30465623073/job/90624258776
"29.07.26, 15:30:06",90624258777,30465623073,1,TestCafe tests,editors - dxdsfluent,feature/26_2_new_fluent_theme_with_design_tokens_add_etalons,failure,Run TestCafe tests,https://github.com/DevExpress/DevExtreme/actions/runs/30465623073/job/90624258777
"29.07.26, 15:30:06",90624258849,30465623073,1,TestCafe tests,scheduler / common (2/3) - dxdsfluent,feature/26_2_new_fluent_theme_with_design_tokens_add_etalons,failure,Run TestCafe tests,https://github.com/DevExpress/DevExtreme/actions/runs/30465623073/job/90624258849
"29.07.26, 15:30:06",90624258877,30465623073,1,TestCafe tests,scheduler / viewOffset (2/2) - dxdsfluent,feature/26_2_new_fluent_theme_with_design_tokens_add_etalons,failure,Run TestCafe tests,https://github.com/DevExpress/DevExtreme/actions/runs/30465623073/job/90624258877
"29.07.26, 15:30:06",90624258890,30465623073,1,TestCafe tests,dataGrid (4/4) - dxdsfluent,feature/26_2_new_fluent_theme_with_design_tokens_add_etalons,failure,Run TestCafe tests,https://github.com/DevExpress/DevExtreme/actions/runs/30465623073/job/90624258890
"29.07.26, 15:30:06",90624258894,30465623073,1,TestCafe tests,scheduler / timezones (America/Los_Angeles) - dxdsfluent,feature/26_2_new_fluent_theme_with_design_tokens_add_etalons,failure,Run TestCafe tests,https://github.com/DevExpress/DevExtreme/actions/runs/30465623073/job/90624258894
"29.07.26, 15:30:06",90624258895,30465623073,1,TestCafe tests,scheduler / viewOffset (1/2) - dxdsfluent,feature/26_2_new_fluent_theme_with_design_tokens_add_etalons,failure,Run TestCafe tests,https://github.com/DevExpress/DevExtreme/actions/runs/30465623073/job/90624258895
"29.07.26, 15:30:06",90624258944,30465623073,1,TestCafe tests,scheduler / timezones (Europe/Berlin) - dxdsfluent,feature/26_2_new_fluent_theme_with_design_tokens_add_etalons,failure,Run TestCafe tests,https://github.com/DevExpress/DevExtreme/actions/runs/30465623073/job/90624258944
"29.07.26, 15:48:53",90629687814,30465623073,1,TestCafe tests,quarantine,feature/26_2_new_fluent_theme_with_design_tokens_add_etalons,failure,Run quarantined tests,https://github.com/DevExpress/DevExtreme/actions/runs/30465623073/job/90629687814
"29.07.26, 15:14:46",90620111640,30464414750,1,TestCafe tests,dataGrid (1/4) - fluent,feature/systemjs-remove-from-qunit-testinng,failure,Run TestCafe tests,https://github.com/DevExpress/DevExtreme/actions/runs/30464414750/job/90620111640
"29.07.26, 14:43:49",90611264739,30461399304,1,TestCafe tests,dataGrid (2/4) - fluent,qunit_fluent_part_1_25_2,failure,,https://github.com/DevExpress/DevExtreme/actions/runs/30461399304/job/90611264739
"29.07.26, 14:38:21",90609700229,30461346745,1,TestCafe tests,scheduler / common (3/3) - fluent,qunit_fluent_part_1_26_2,failure,,https://github.com/DevExpress/DevExtreme/actions/runs/30461346745/job/90609700229
"29.07.26, 14:38:21",90609700246,30461346745,1,TestCafe tests,dataGrid (3/4) - fluent,qunit_fluent_part_1_26_2,failure,,https://github.com/DevExpress/DevExtreme/actions/runs/30461346745/job/90609700246
"29.07.26, 14:34:07",90608481473,30460987683,1,TestCafe tests,dataGrid (1/4) - fluent,dmlvr-feature/26_2_popover_support_content_reading,cancelled,Run TestCafe tests,https://github.com/DevExpress/DevExtreme/actions/runs/30460987683/job/90608481473
"29.07.26, 14:34:07",90608481577,30460987683,1,TestCafe tests,scheduler / viewOffset (2/2) - fluent,dmlvr-feature/26_2_popover_support_content_reading,cancelled,Run TestCafe tests,https://github.com/DevExpress/DevExtreme/actions/runs/30460987683/job/90608481577
"29.07.26, 14:34:07",90608481592,30460987683,1,TestCafe tests,dataGrid (3/4) - fluent,dmlvr-feature/26_2_popover_support_content_reading,cancelled,Run TestCafe tests,https://github.com/DevExpress/DevExtreme/actions/runs/30460987683/job/90608481592
"29.07.26, 14:34:07",90608481597,30460987683,1,TestCafe tests,accessibility - fluent,dmlvr-feature/26_2_popover_support_content_reading,cancelled,Run TestCafe tests,https://github.com/DevExpress/DevExtreme/actions/runs/30460987683/job/90608481597
"29.07.26, 14:34:07",90608481612,30460987683,1,TestCafe tests,common - fluent,dmlvr-feature/26_2_popover_support_content_reading,cancelled,Run TestCafe tests,https://github.com/DevExpress/DevExtreme/actions/runs/30460987683/job/90608481612
"29.07.26, 14:34:07",90608481642,30460987683,1,TestCafe tests,scheduler / common (1/3) - fluent,dmlvr-feature/26_2_popover_support_content_reading,cancelled,Run TestCafe tests,https://github.com/DevExpress/DevExtreme/actions/runs/30460987683/job/90608481642
"29.07.26, 14:34:07",90608481645,30460987683,1,TestCafe tests,scheduler / viewOffset (1/2) - fluent,dmlvr-feature/26_2_popover_support_content_reading,cancelled,Run TestCafe tests,https://github.com/DevExpress/DevExtreme/actions/runs/30460987683/job/90608481645
"29.07.26, 14:34:07",90608481667,30460987683,1,TestCafe tests,scheduler / common (3/3) - fluent,dmlvr-feature/26_2_popover_support_content_reading,cancelled,Run TestCafe tests,https://github.com/DevExpress/DevExtreme/actions/runs/30460987683/job/90608481667
"29.07.26, 14:34:07",90608481671,30460987683,1,TestCafe tests,scheduler / common (2/3) - fluent,dmlvr-feature/26_2_popover_support_content_reading,cancelled,Run TestCafe tests,https://github.com/DevExpress/DevExtreme/actions/runs/30460987683/job/90608481671
"29.07.26, 14:34:07",90608481686,30460987683,1,TestCafe tests,dataGrid (2/4) - fluent,dmlvr-feature/26_2_popover_support_content_reading,cancelled,Run TestCafe tests,https://github.com/DevExpress/DevExtreme/actions/runs/30460987683/job/90608481686
"29.07.26, 14:34:07",90608481723,30460987683,1,TestCafe tests,dataGrid (4/4) - fluent,dmlvr-feature/26_2_popover_support_content_reading,cancelled,Run TestCafe tests,https://github.com/DevExpress/DevExtreme/actions/runs/30460987683/job/90608481723
"29.07.26, 14:34:07",90608481881,30460987683,1,TestCafe tests,navigation - fluent,dmlvr-feature/26_2_popover_support_content_reading,cancelled,Run TestCafe tests,https://github.com/DevExpress/DevExtreme/actions/runs/30460987683/job/90608481881
"29.07.26, 14:41:03",90610468231,30460987683,1,TestCafe tests,quarantine,dmlvr-feature/26_2_popover_support_content_reading,cancelled,,https://github.com/DevExpress/DevExtreme/actions/runs/30460987683/job/90610468231
"29.07.26, 14:41:03",90610468448,30460987683,1,TestCafe tests,Send notifications,dmlvr-feature/26_2_popover_support_content_reading,cancelled,,https://github.com/DevExpress/DevExtreme/actions/runs/30460987683/job/90610468448
"29.07.26, 14:24:00",90605586098,30460659489,1,TestCafe tests,Build DevExtreme,qunit_fluent_part_1_25_2,cancelled,Build,https://github.com/DevExpress/DevExtreme/actions/runs/30460659489/job/90605586098
"29.07.26, 14:33:05",90608186218,30460659489,1,TestCafe tests,${{ matrix.ARGS.name }}${{ ((!matrix.ARGS.theme && ' - fluent') || '') }},qunit_fluent_part_1_25_2,cancelled,,https://github.com/DevExpress/DevExtreme/actions/runs/30460659489/job/90608186218
"29.07.26, 14:33:06",90608186934,30460659489,1,TestCafe tests,quarantine,qunit_fluent_part_1_25_2,cancelled,,https://github.com/DevExpress/DevExtreme/actions/runs/30460659489/job/90608186934
"29.07.26, 14:33:06",90608187849,30460659489,1,TestCafe tests,Send notifications,qunit_fluent_part_1_25_2,cancelled,,https://github.com/DevExpress/DevExtreme/actions/runs/30460659489/job/90608187849
"29.07.26, 14:29:07",90607029166,30460579756,1,TestCafe tests,dataGrid (2/4) - fluent,qunit_fluent_part_1_26_1,cancelled,Run TestCafe tests,https://github.com/DevExpress/DevExtreme/actions/runs/30460579756/job/90607029166
"29.07.26, 14:29:07",90607029186,30460579756,1,TestCafe tests,dataGrid (1/4) - fluent,qunit_fluent_part_1_26_1,cancelled,Run TestCafe tests,https://github.com/DevExpress/DevExtreme/actions/runs/30460579756/job/90607029186
"29.07.26, 14:29:07",90607029196,30460579756,1,TestCafe tests,editors - fluent,qunit_fluent_part_1_26_1,cancelled,Run TestCafe tests,https://github.com/DevExpress/DevExtreme/actions/runs/30460579756/job/90607029196
"29.07.26, 14:29:07",90607029199,30460579756,1,TestCafe tests,scheduler / common (1/3) - fluent,qunit_fluent_part_1_26_1,cancelled,Run TestCafe tests,https://github.com/DevExpress/DevExtreme/actions/runs/30460579756/job/90607029199
"29.07.26, 14:29:07",90607029217,30460579756,1,TestCafe tests,scheduler / timezones (Europe/Berlin) - fluent,qunit_fluent_part_1_26_1,cancelled,Run TestCafe tests,https://github.com/DevExpress/DevExtreme/actions/runs/30460579756/job/90607029217
"29.07.26, 14:29:07",90607029229,30460579756,1,TestCafe tests,dataGrid (4/4) - fluent,qunit_fluent_part_1_26_1,cancelled,Run TestCafe tests,https://github.com/DevExpress/DevExtreme/actions/runs/30460579756/job/90607029229
"29.07.26, 14:29:07",90607029234,30460579756,1,TestCafe tests,navigation - fluent,qunit_fluent_part_1_26_1,cancelled,Run TestCafe tests,https://github.com/DevExpress/DevExtreme/actions/runs/30460579756/job/90607029234
"29.07.26, 14:29:07",90607029248,30460579756,1,TestCafe tests,cardView - fluent,qunit_fluent_part_1_26_1,cancelled,Run TestCafe tests,https://github.com/DevExpress/DevExtreme/actions/runs/30460579756/job/90607029248
"29.07.26, 14:29:07",90607029270,30460579756,1,TestCafe tests,scheduler / viewOffset (1/2) - fluent,qunit_fluent_part_1_26_1,cancelled,Run TestCafe tests,https://github.com/DevExpress/DevExtreme/actions/runs/30460579756/job/90607029270
"29.07.26, 14:29:07",90607029276,30460579756,1,TestCafe tests,scheduler / common (2/3) - fluent,qunit_fluent_part_1_26_1,cancelled,Run TestCafe tests,https://github.com/DevExpress/DevExtreme/actions/runs/30460579756/job/90607029276
"29.07.26, 14:29:07",90607029296,30460579756,1,TestCafe tests,dataGrid (3/4) - fluent,qunit_fluent_part_1_26_1,cancelled,Run TestCafe tests,https://github.com/DevExpress/DevExtreme/actions/runs/30460579756/job/90607029296
"29.07.26, 14:29:07",90607029297,30460579756,1,TestCafe tests,generic,qunit_fluent_part_1_26_1,cancelled,Run TestCafe tests,https://github.com/DevExpress/DevExtreme/actions/runs/30460579756/job/90607029297
"29.07.26, 14:29:07",90607029305,30460579756,1,TestCafe tests,scheduler / viewOffset (2/2) - fluent,qunit_fluent_part_1_26_1,cancelled,Run TestCafe tests,https://github.com/DevExpress/DevExtreme/actions/runs/30460579756/job/90607029305
"29.07.26, 14:29:07",90607029347,30460579756,1,TestCafe tests,scheduler / common (3/3) - fluent,qunit_fluent_part_1_26_1,cancelled,Run TestCafe tests,https://github.com/DevExpress/DevExtreme/actions/runs/30460579756/job/90607029347
"29.07.26, 14:29:07",90607029483,30460579756,1,TestCafe tests,common - fluent,qunit_fluent_part_1_26_1,cancelled,Run TestCafe tests,https://github.com/DevExpress/DevExtreme/actions/runs/30460579756/job/90607029483
"29.07.26, 14:29:07",90607029663,30460579756,1,TestCafe tests,accessibility - fluent,qunit_fluent_part_1_26_1,cancelled,Run TestCafe tests,https://github.com/DevExpress/DevExtreme/actions/runs/30460579756/job/90607029663
"29.07.26, 14:33:04",90608179330,30460579756,1,TestCafe tests,quarantine,qunit_fluent_part_1_26_1,cancelled,,https://github.com/DevExpress/DevExtreme/actions/runs/30460579756/job/90608179330
"29.07.26, 14:33:04",90608179691,30460579756,1,TestCafe tests,Send notifications,qunit_fluent_part_1_26_1,cancelled,,https://github.com/DevExpress/DevExtreme/actions/runs/30460579756/job/90608179691
"29.07.26, 14:21:51",90604981041,30460107163,1,TestCafe tests,navigation - fluent,feature/26_2_new_fluent_theme_with_design_tokens_add_etalons,failure,Run TestCafe tests,https://github.com/DevExpress/DevExtreme/actions/runs/30460107163/job/90604981041
"29.07.26, 14:21:51",90604981172,30460107163,1,TestCafe tests,editors - dxdsfluent,feature/26_2_new_fluent_theme_with_design_tokens_add_etalons,failure,Run TestCafe tests,https://github.com/DevExpress/DevExtreme/actions/runs/30460107163/job/90604981172
"29.07.26, 14:21:51",90604981192,30460107163,1,TestCafe tests,cardView - dxdsfluent,feature/26_2_new_fluent_theme_with_design_tokens_add_etalons,failure,Run TestCafe tests,https://github.com/DevExpress/DevExtreme/actions/runs/30460107163/job/90604981192
"29.07.26, 14:21:51",90604981194,30460107163,1,TestCafe tests,scheduler / common (1/3) - dxdsfluent,feature/26_2_new_fluent_theme_with_design_tokens_add_etalons,failure,Run TestCafe tests,https://github.com/DevExpress/DevExtreme/actions/runs/30460107163/job/90604981194
"29.07.26, 14:21:51",90604981207,30460107163,1,TestCafe tests,dataGrid (1/4) - dxdsfluent,feature/26_2_new_fluent_theme_with_design_tokens_add_etalons,failure,Run TestCafe tests,https://github.com/DevExpress/DevExtreme/actions/runs/30460107163/job/90604981207
"29.07.26, 14:21:51",90604981221,30460107163,1,TestCafe tests,dataGrid (3/4) - dxdsfluent,feature/26_2_new_fluent_theme_with_design_tokens_add_etalons,failure,Run TestCafe tests,https://github.com/DevExpress/DevExtreme/actions/runs/30460107163/job/90604981221
"29.07.26, 14:21:51",90604981222,30460107163,1,TestCafe tests,dataGrid (4/4) - dxdsfluent,feature/26_2_new_fluent_theme_with_design_tokens_add_etalons,failure,Run TestCafe tests,https://github.com/DevExpress/DevExtreme/actions/runs/30460107163/job/90604981222
"29.07.26, 14:21:51",90604981227,30460107163,1,TestCafe tests,scheduler / viewOffset (1/2) - dxdsfluent,feature/26_2_new_fluent_theme_with_design_tokens_add_etalons,failure,Run TestCafe tests,https://github.com/DevExpress/DevExtreme/actions/runs/30460107163/job/90604981227
"29.07.26, 14:21:51",90604981243,30460107163,1,TestCafe tests,scheduler / common (3/3) - dxdsfluent,feature/26_2_new_fluent_theme_with_design_tokens_add_etalons,failure,Run TestCafe tests,https://github.com/DevExpress/DevExtreme/actions/runs/30460107163/job/90604981243
"29.07.26, 14:21:51",90604981254,30460107163,1,TestCafe tests,scheduler / timezones (Europe/Berlin) - dxdsfluent,feature/26_2_new_fluent_theme_with_design_tokens_add_etalons,failure,Run TestCafe tests,https://github.com/DevExpress/DevExtreme/actions/runs/30460107163/job/90604981254
"29.07.26, 14:21:51",90604981296,30460107163,1,TestCafe tests,dataGrid (2/4) - dxdsfluent,feature/26_2_new_fluent_theme_with_design_tokens_add_etalons,failure,Run TestCafe tests,https://github.com/DevExpress/DevExtreme/actions/runs/30460107163/job/90604981296
"29.07.26, 14:21:51",90604981304,30460107163,1,TestCafe tests,scheduler / common (2/3) - dxdsfluent,feature/26_2_new_fluent_theme_with_design_tokens_add_etalons,failure,Run TestCafe tests,https://github.com/DevExpress/DevExtreme/actions/runs/30460107163/job/90604981304
"29.07.26, 14:21:51",90604981329,30460107163,1,TestCafe tests,navigation - dxdsfluent,feature/26_2_new_fluent_theme_with_design_tokens_add_etalons,failure,Run TestCafe tests,https://github.com/DevExpress/DevExtreme/actions/runs/30460107163/job/90604981329
"29.07.26, 14:21:51",90604981333,30460107163,1,TestCafe tests,scheduler / timezones (America/Los_Angeles) - dxdsfluent,feature/26_2_new_fluent_theme_with_design_tokens_add_etalons,failure,Run TestCafe tests,https://github.com/DevExpress/DevExtreme/actions/runs/30460107163/job/90604981333
"29.07.26, 14:21:51",90604981395,30460107163,1,TestCafe tests,scheduler / viewOffset (2/2) - dxdsfluent,feature/26_2_new_fluent_theme_with_design_tokens_add_etalons,failure,Run TestCafe tests,https://github.com/DevExpress/DevExtreme/actions/runs/30460107163/job/90604981395
"29.07.26, 14:21:51",90604981500,30460107163,1,TestCafe tests,common - dxdsfluent,feature/26_2_new_fluent_theme_with_design_tokens_add_etalons,failure,Run TestCafe tests,https://github.com/DevExpress/DevExtreme/actions/runs/30460107163/job/90604981500
"29.07.26, 14:41:59",90610737550,30460107163,1,TestCafe tests,quarantine,feature/26_2_new_fluent_theme_with_design_tokens_add_etalons,failure,Run quarantined tests,https://github.com/DevExpress/DevExtreme/actions/runs/30460107163/job/90610737550
"29.07.26, 14:07:21",90600874217,30458957328,1,TestCafe tests,navigation - dxdsfluent,feature/26_2_new_fluent_theme_with_design_tokens_add_etalons,failure,Run TestCafe tests,https://github.com/DevExpress/DevExtreme/actions/runs/30458957328/job/90600874217
"29.07.26, 14:07:21",90600874228,30458957328,1,TestCafe tests,dataGrid (3/4) - dxdsfluent,feature/26_2_new_fluent_theme_with_design_tokens_add_etalons,cancelled,Run TestCafe tests,https://github.com/DevExpress/DevExtreme/actions/runs/30458957328/job/90600874228
"29.07.26, 14:07:21",90600874234,30458957328,1,TestCafe tests,editors - dxdsfluent,feature/26_2_new_fluent_theme_with_design_tokens_add_etalons,cancelled,Run TestCafe tests,https://github.com/DevExpress/DevExtreme/actions/runs/30458957328/job/90600874234
"29.07.26, 14:07:21",90600874252,30458957328,1,TestCafe tests,dataGrid (4/4) - dxdsfluent,feature/26_2_new_fluent_theme_with_design_tokens_add_etalons,cancelled,Run TestCafe tests,https://github.com/DevExpress/DevExtreme/actions/runs/30458957328/job/90600874252
"29.07.26, 14:07:21",90600874269,30458957328,1,TestCafe tests,scheduler / viewOffset (2/2) - dxdsfluent,feature/26_2_new_fluent_theme_with_design_tokens_add_etalons,cancelled,Run TestCafe tests,https://github.com/DevExpress/DevExtreme/actions/runs/30458957328/job/90600874269
"29.07.26, 14:07:21",90600874283,30458957328,1,TestCafe tests,common - dxdsfluent,feature/26_2_new_fluent_theme_with_design_tokens_add_etalons,failure,Run TestCafe tests,https://github.com/DevExpress/DevExtreme/actions/runs/30458957328/job/90600874283
"29.07.26, 14:07:21",90600874304,30458957328,1,TestCafe tests,scheduler / timezones (America/Los_Angeles) - dxdsfluent,feature/26_2_new_fluent_theme_with_design_tokens_add_etalons,failure,Run TestCafe tests,https://github.com/DevExpress/DevExtreme/actions/runs/30458957328/job/90600874304
"29.07.26, 14:07:21",90600874305,30458957328,1,TestCafe tests,scheduler / common (1/3) - dxdsfluent,feature/26_2_new_fluent_theme_with_design_tokens_add_etalons,cancelled,Run TestCafe tests,https://github.com/DevExpress/DevExtreme/actions/runs/30458957328/job/90600874305
"29.07.26, 14:07:21",90600874308,30458957328,1,TestCafe tests,scheduler / timezones (Europe/Berlin) - dxdsfluent,feature/26_2_new_fluent_theme_with_design_tokens_add_etalons,failure,Run TestCafe tests,https://github.com/DevExpress/DevExtreme/actions/runs/30458957328/job/90600874308
"29.07.26, 14:07:21",90600874318,30458957328,1,TestCafe tests,navigation - fluent,feature/26_2_new_fluent_theme_with_design_tokens_add_etalons,failure,Run TestCafe tests,https://github.com/DevExpress/DevExtreme/actions/runs/30458957328/job/90600874318
"29.07.26, 14:07:21",90600874325,30458957328,1,TestCafe tests,dataGrid (1/4) - dxdsfluent,feature/26_2_new_fluent_theme_with_design_tokens_add_etalons,cancelled,Run TestCafe tests,https://github.com/DevExpress/DevExtreme/actions/runs/30458957328/job/90600874325
"29.07.26, 14:07:21",90600874367,30458957328,1,TestCafe tests,scheduler / viewOffset (1/2) - dxdsfluent,feature/26_2_new_fluent_theme_with_design_tokens_add_etalons,cancelled,Run TestCafe tests,https://github.com/DevExpress/DevExtreme/actions/runs/30458957328/job/90600874367
"29.07.26, 14:07:21",90600874372,30458957328,1,TestCafe tests,cardView - dxdsfluent,feature/26_2_new_fluent_theme_with_design_tokens_add_etalons,failure,Run TestCafe tests,https://github.com/DevExpress/DevExtreme/actions/runs/30458957328/job/90600874372
"29.07.26, 14:07:21",90600874478,30458957328,1,TestCafe tests,scheduler / common (2/3) - dxdsfluent,feature/26_2_new_fluent_theme_with_design_tokens_add_etalons,cancelled,Run TestCafe tests,https://github.com/DevExpress/DevExtreme/actions/runs/30458957328/job/90600874478
"29.07.26, 14:07:21",90600874497,30458957328,1,TestCafe tests,scheduler / common (3/3) - dxdsfluent,feature/26_2_new_fluent_theme_with_design_tokens_add_etalons,cancelled,Run TestCafe tests,https://github.com/DevExpress/DevExtreme/actions/runs/30458957328/job/90600874497
"29.07.26, 14:07:21",90600874502,30458957328,1,TestCafe tests,dataGrid (2/4) - dxdsfluent,feature/26_2_new_fluent_theme_with_design_tokens_add_etalons,cancelled,Run TestCafe tests,https://github.com/DevExpress/DevExtreme/actions/runs/30458957328/job/90600874502
"29.07.26, 14:17:35",90603768590,30458957328,1,TestCafe tests,quarantine,feature/26_2_new_fluent_theme_with_design_tokens_add_etalons,cancelled,,https://github.com/DevExpress/DevExtreme/actions/runs/30458957328/job/90603768590
"29.07.26, 14:17:35",90603769447,30458957328,1,TestCafe tests,Send notifications,feature/26_2_new_fluent_theme_with_design_tokens_add_etalons,cancelled,,https://github.com/DevExpress/DevExtreme/actions/runs/30458957328/job/90603769447
"29.07.26, 13:48:48",90595649264,30457447605,1,TestCafe tests,navigation - fluent,feature/26_2_new_fluent_theme_with_design_tokens_add_etalons,failure,Run TestCafe tests,https://github.com/DevExpress/DevExtreme/actions/runs/30457447605/job/90595649264
"29.07.26, 13:48:48",90595649285,30457447605,1,TestCafe tests,common - dxdsfluent,feature/26_2_new_fluent_theme_with_design_tokens_add_etalons,failure,Run TestCafe tests,https://github.com/DevExpress/DevExtreme/actions/runs/30457447605/job/90595649285
"29.07.26, 13:48:48",90595649314,30457447605,1,TestCafe tests,dataGrid (3/4) - dxdsfluent,feature/26_2_new_fluent_theme_with_design_tokens_add_etalons,failure,Run TestCafe tests,https://github.com/DevExpress/DevExtreme/actions/runs/30457447605/job/90595649314
"29.07.26, 13:48:48",90595649316,30457447605,1,TestCafe tests,dataGrid (1/4) - dxdsfluent,feature/26_2_new_fluent_theme_with_design_tokens_add_etalons,failure,Run TestCafe tests,https://github.com/DevExpress/DevExtreme/actions/runs/30457447605/job/90595649316
"29.07.26, 13:48:48",90595649324,30457447605,1,TestCafe tests,navigation - dxdsfluent,feature/26_2_new_fluent_theme_with_design_tokens_add_etalons,failure,Run TestCafe tests,https://github.com/DevExpress/DevExtreme/actions/runs/30457447605/job/90595649324
"29.07.26, 13:48:48",90595649357,30457447605,1,TestCafe tests,scheduler / common (3/3) - dxdsfluent,feature/26_2_new_fluent_theme_with_design_tokens_add_etalons,failure,Run TestCafe tests,https://github.com/DevExpress/DevExtreme/actions/runs/30457447605/job/90595649357
"29.07.26, 13:48:48",90595649363,30457447605,1,TestCafe tests,scheduler / viewOffset (1/2) - dxdsfluent,feature/26_2_new_fluent_theme_with_design_tokens_add_etalons,cancelled,Run TestCafe tests,https://github.com/DevExpress/DevExtreme/actions/runs/30457447605/job/90595649363
"29.07.26, 13:48:48",90595649365,30457447605,1,TestCafe tests,scheduler / timezones (Europe/Berlin) - dxdsfluent,feature/26_2_new_fluent_theme_with_design_tokens_add_etalons,failure,Run TestCafe tests,https://github.com/DevExpress/DevExtreme/actions/runs/30457447605/job/90595649365
"29.07.26, 13:48:48",90595649371,30457447605,1,TestCafe tests,scheduler / timezones (America/Los_Angeles) - dxdsfluent,feature/26_2_new_fluent_theme_with_design_tokens_add_etalons,failure,Run TestCafe tests,https://github.com/DevExpress/DevExtreme/actions/runs/30457447605/job/90595649371
"29.07.26, 13:48:48",90595649379,30457447605,1,TestCafe tests,scheduler / common (2/3) - dxdsfluent,feature/26_2_new_fluent_theme_with_design_tokens_add_etalons,failure,Run TestCafe tests,https://github.com/DevExpress/DevExtreme/actions/runs/30457447605/job/90595649379
"29.07.26, 13:48:48",90595649386,30457447605,1,TestCafe tests,dataGrid (2/4) - dxdsfluent,feature/26_2_new_fluent_theme_with_design_tokens_add_etalons,failure,Run TestCafe tests,https://github.com/DevExpress/DevExtreme/actions/runs/30457447605/job/90595649386
"29.07.26, 13:48:48",90595649395,30457447605,1,TestCafe tests,cardView - dxdsfluent,feature/26_2_new_fluent_theme_with_design_tokens_add_etalons,failure,Run TestCafe tests,https://github.com/DevExpress/DevExtreme/actions/runs/30457447605/job/90595649395
"29.07.26, 13:48:48",90595649407,30457447605,1,TestCafe tests,dataGrid (4/4) - dxdsfluent,feature/26_2_new_fluent_theme_with_design_tokens_add_etalons,failure,Run TestCafe tests,https://github.com/DevExpress/DevExtreme/actions/runs/30457447605/job/90595649407
"29.07.26, 13:48:48",90595649411,30457447605,1,TestCafe tests,scheduler / viewOffset (2/2) - dxdsfluent,feature/26_2_new_fluent_theme_with_design_tokens_add_etalons,cancelled,Run TestCafe tests,https://github.com/DevExpress/DevExtreme/actions/runs/30457447605/job/90595649411
"29.07.26, 13:48:48",90595649464,30457447605,1,TestCafe tests,scheduler / common (1/3) - dxdsfluent,feature/26_2_new_fluent_theme_with_design_tokens_add_etalons,failure,Run TestCafe tests,https://github.com/DevExpress/DevExtreme/actions/runs/30457447605/job/90595649464
"29.07.26, 13:48:48",90595649515,30457447605,1,TestCafe tests,editors - dxdsfluent,feature/26_2_new_fluent_theme_with_design_tokens_add_etalons,failure,Run TestCafe tests,https://github.com/DevExpress/DevExtreme/actions/runs/30457447605/job/90595649515
"29.07.26, 14:03:37",90599813247,30457447605,1,TestCafe tests,quarantine,feature/26_2_new_fluent_theme_with_design_tokens_add_etalons,cancelled,,https://github.com/DevExpress/DevExtreme/actions/runs/30457447605/job/90599813247
"29.07.26, 14:03:37",90599813751,30457447605,1,TestCafe tests,Send notifications,feature/26_2_new_fluent_theme_with_design_tokens_add_etalons,cancelled,,https://github.com/DevExpress/DevExtreme/actions/runs/30457447605/job/90599813751
"29.07.26, 13:47:07",90595190802,30457089081,1,TestCafe tests,navigation - fluent,feature/26_2_new_fluent_theme_with_design_tokens,failure,Run TestCafe tests,https://github.com/DevExpress/DevExtreme/actions/runs/30457089081/job/90595190802
"29.07.26, 13:47:07",90595190824,30457089081,1,TestCafe tests,common - dxdsfluent,feature/26_2_new_fluent_theme_with_design_tokens,failure,Run TestCafe tests,https://github.com/DevExpress/DevExtreme/actions/runs/30457089081/job/90595190824
"29.07.26, 13:47:07",90595190841,30457089081,1,TestCafe tests,scheduler / common (3/3) - dxdsfluent,feature/26_2_new_fluent_theme_with_design_tokens,failure,Run TestCafe tests,https://github.com/DevExpress/DevExtreme/actions/runs/30457089081/job/90595190841
"29.07.26, 13:47:07",90595190844,30457089081,1,TestCafe tests,scheduler / timezones (Europe/Berlin) - dxdsfluent,feature/26_2_new_fluent_theme_with_design_tokens,failure,Run TestCafe tests,https://github.com/DevExpress/DevExtreme/actions/runs/30457089081/job/90595190844
"29.07.26, 13:47:07",90595190846,30457089081,1,TestCafe tests,dataGrid (1/4) - dxdsfluent,feature/26_2_new_fluent_theme_with_design_tokens,failure,Run TestCafe tests,https://github.com/DevExpress/DevExtreme/actions/runs/30457089081/job/90595190846
"29.07.26, 13:47:07",90595190871,30457089081,1,TestCafe tests,scheduler / viewOffset (2/2) - dxdsfluent,feature/26_2_new_fluent_theme_with_design_tokens,failure,Run TestCafe tests,https://github.com/DevExpress/DevExtreme/actions/runs/30457089081/job/90595190871
"29.07.26, 13:47:07",90595190880,30457089081,1,TestCafe tests,dataGrid (2/4) - dxdsfluent,feature/26_2_new_fluent_theme_with_design_tokens,failure,Run TestCafe tests,https://github.com/DevExpress/DevExtreme/actions/runs/30457089081/job/90595190880
"29.07.26, 13:47:07",90595190884,30457089081,1,TestCafe tests,dataGrid (3/4) - dxdsfluent,feature/26_2_new_fluent_theme_with_design_tokens,failure,Run TestCafe tests,https://github.com/DevExpress/DevExtreme/actions/runs/30457089081/job/90595190884
"29.07.26, 13:47:07",90595190890,30457089081,1,TestCafe tests,scheduler / common (1/3) - dxdsfluent,feature/26_2_new_fluent_theme_with_design_tokens,failure,Run TestCafe tests,https://github.com/DevExpress/DevExtreme/actions/runs/30457089081/job/90595190890
"29.07.26, 13:47:07",90595190907,30457089081,1,TestCafe tests,scheduler / common (2/3) - dxdsfluent,feature/26_2_new_fluent_theme_with_design_tokens,failure,Run TestCafe tests,https://github.com/DevExpress/DevExtreme/actions/runs/30457089081/job/90595190907
"29.07.26, 13:47:07",90595190927,30457089081,1,TestCafe tests,scheduler / timezones (America/Los_Angeles) - dxdsfluent,feature/26_2_new_fluent_theme_with_design_tokens,failure,Run TestCafe tests,https://github.com/DevExpress/DevExtreme/actions/runs/30457089081/job/90595190927
"29.07.26, 13:47:07",90595190932,30457089081,1,TestCafe tests,scheduler / viewOffset (1/2) - dxdsfluent,feature/26_2_new_fluent_theme_with_design_tokens,failure,Run TestCafe tests,https://github.com/DevExpress/DevExtreme/actions/runs/30457089081/job/90595190932
"29.07.26, 13:47:07",90595190936,30457089081,1,TestCafe tests,dataGrid (4/4) - dxdsfluent,feature/26_2_new_fluent_theme_with_design_tokens,failure,Run TestCafe tests,https://github.com/DevExpress/DevExtreme/actions/runs/30457089081/job/90595190936
"29.07.26, 13:47:07",90595190938,30457089081,1,TestCafe tests,cardView - dxdsfluent,feature/26_2_new_fluent_theme_with_design_tokens,failure,Run TestCafe tests,https://github.com/DevExpress/DevExtreme/actions/runs/30457089081/job/90595190938
"29.07.26, 13:47:07",90595190974,30457089081,1,TestCafe tests,navigation - dxdsfluent,feature/26_2_new_fluent_theme_with_design_tokens,failure,Run TestCafe tests,https://github.com/DevExpress/DevExtreme/actions/runs/30457089081/job/90595190974
"29.07.26, 13:47:07",90595190981,30457089081,1,TestCafe tests,editors - dxdsfluent,feature/26_2_new_fluent_theme_with_design_tokens,failure,Run TestCafe tests,https://github.com/DevExpress/DevExtreme/actions/runs/30457089081/job/90595190981
"29.07.26, 14:10:54",90601872794,30457089081,1,TestCafe tests,quarantine,feature/26_2_new_fluent_theme_with_design_tokens,failure,Run quarantined tests,https://github.com/DevExpress/DevExtreme/actions/runs/30457089081/job/90601872794
"29.07.26, 13:41:34",90593667091,30456469228,1,TestCafe tests,accessibility - fluent,dmlvr-feature/26_2_popover_support_content_reading,failure,Run TestCafe tests,https://github.com/DevExpress/DevExtreme/actions/runs/30456469228/job/90593667091
"29.07.26, 13:50:02",90595985655,30456469228,1,TestCafe tests,quarantine,dmlvr-feature/26_2_popover_support_content_reading,failure,Run quarantined tests,https://github.com/DevExpress/DevExtreme/actions/runs/30456469228/job/90595985655
"29.07.26, 13:27:33",90589911216,30456092530,1,TestCafe tests,Check if tests should run,feature/26_2_new_fluent_theme_with_design_tokens_add_etalons,cancelled,,https://github.com/DevExpress/DevExtreme/actions/runs/30456092530/job/90589911216
"29.07.26, 13:27:33",90589915219,30456092530,1,TestCafe tests,Determine TestCafe matrix,feature/26_2_new_fluent_theme_with_design_tokens_add_etalons,cancelled,,https://github.com/DevExpress/DevExtreme/actions/runs/30456092530/job/90589915219
"29.07.26, 13:27:34",90589915601,30456092530,1,TestCafe tests,${{ matrix.name }}${{ ((!matrix.theme && ' - fluent') || '') }},feature/26_2_new_fluent_theme_with_design_tokens_add_etalons,cancelled,,https://github.com/DevExpress/DevExtreme/actions/runs/30456092530/job/90589915601
"29.07.26, 13:27:34",90589915787,30456092530,1,TestCafe tests,Build DevExtreme,feature/26_2_new_fluent_theme_with_design_tokens_add_etalons,cancelled,,https://github.com/DevExpress/DevExtreme/actions/runs/30456092530/job/90589915787
"29.07.26, 13:27:34",90589915968,30456092530,1,TestCafe tests,quarantine,feature/26_2_new_fluent_theme_with_design_tokens_add_etalons,cancelled,,https://github.com/DevExpress/DevExtreme/actions/runs/30456092530/job/90589915968
"29.07.26, 13:27:34",90589916973,30456092530,1,TestCafe tests,Send notifications,feature/26_2_new_fluent_theme_with_design_tokens_add_etalons,cancelled,,https://github.com/DevExpress/DevExtreme/actions/runs/30456092530/job/90589916973
"29.07.26, 13:32:59",90591355718,30456093407,1,TestCafe tests,navigation - fluent,feature/26_2_new_fluent_theme_with_design_tokens_add_etalons,failure,Run TestCafe tests,https://github.com/DevExpress/DevExtreme/actions/runs/30456093407/job/90591355718
"29.07.26, 13:32:59",90591355768,30456093407,1,TestCafe tests,dataGrid (3/4) - dxdsfluent,feature/26_2_new_fluent_theme_with_design_tokens_add_etalons,cancelled,Run TestCafe tests,https://github.com/DevExpress/DevExtreme/actions/runs/30456093407/job/90591355768
"29.07.26, 13:32:59",90591355776,30456093407,1,TestCafe tests,common - dxdsfluent,feature/26_2_new_fluent_theme_with_design_tokens_add_etalons,failure,Run TestCafe tests,https://github.com/DevExpress/DevExtreme/actions/runs/30456093407/job/90591355776
"29.07.26, 13:32:59",90591355785,30456093407,1,TestCafe tests,navigation - dxdsfluent,feature/26_2_new_fluent_theme_with_design_tokens_add_etalons,failure,Run TestCafe tests,https://github.com/DevExpress/DevExtreme/actions/runs/30456093407/job/90591355785
"29.07.26, 13:32:59",90591355808,30456093407,1,TestCafe tests,scheduler / viewOffset (1/2) - dxdsfluent,feature/26_2_new_fluent_theme_with_design_tokens_add_etalons,cancelled,Run TestCafe tests,https://github.com/DevExpress/DevExtreme/actions/runs/30456093407/job/90591355808
"29.07.26, 13:32:59",90591355816,30456093407,1,TestCafe tests,editors - dxdsfluent,feature/26_2_new_fluent_theme_with_design_tokens_add_etalons,cancelled,Run TestCafe tests,https://github.com/DevExpress/DevExtreme/actions/runs/30456093407/job/90591355816
"29.07.26, 13:32:59",90591355835,30456093407,1,TestCafe tests,scheduler / viewOffset (2/2) - dxdsfluent,feature/26_2_new_fluent_theme_with_design_tokens_add_etalons,cancelled,Run TestCafe tests,https://github.com/DevExpress/DevExtreme/actions/runs/30456093407/job/90591355835
"29.07.26, 13:32:59",90591355851,30456093407,1,TestCafe tests,dataGrid (1/4) - dxdsfluent,feature/26_2_new_fluent_theme_with_design_tokens_add_etalons,cancelled,Run TestCafe tests,https://github.com/DevExpress/DevExtreme/actions/runs/30456093407/job/90591355851
"29.07.26, 13:32:59",90591355877,30456093407,1,TestCafe tests,scheduler / timezones (America/Los_Angeles) - dxdsfluent,feature/26_2_new_fluent_theme_with_design_tokens_add_etalons,failure,Run TestCafe tests,https://github.com/DevExpress/DevExtreme/actions/runs/30456093407/job/90591355877
"29.07.26, 13:32:59",90591355880,30456093407,1,TestCafe tests,dataGrid (4/4) - dxdsfluent,feature/26_2_new_fluent_theme_with_design_tokens_add_etalons,cancelled,Run TestCafe tests,https://github.com/DevExpress/DevExtreme/actions/runs/30456093407/job/90591355880
"29.07.26, 13:32:59",90591355893,30456093407,1,TestCafe tests,scheduler / common (1/3) - dxdsfluent,feature/26_2_new_fluent_theme_with_design_tokens_add_etalons,cancelled,Run TestCafe tests,https://github.com/DevExpress/DevExtreme/actions/runs/30456093407/job/90591355893
"29.07.26, 13:32:59",90591355906,30456093407,1,TestCafe tests,scheduler / common (3/3) - dxdsfluent,feature/26_2_new_fluent_theme_with_design_tokens_add_etalons,cancelled,Run TestCafe tests,https://github.com/DevExpress/DevExtreme/actions/runs/30456093407/job/90591355906
"29.07.26, 13:32:59",90591355910,30456093407,1,TestCafe tests,cardView - dxdsfluent,feature/26_2_new_fluent_theme_with_design_tokens_add_etalons,failure,Run TestCafe tests,https://github.com/DevExpress/DevExtreme/actions/runs/30456093407/job/90591355910
"29.07.26, 13:32:59",90591355954,30456093407,1,TestCafe tests,dataGrid (2/4) - dxdsfluent,feature/26_2_new_fluent_theme_with_design_tokens_add_etalons,cancelled,Run TestCafe tests,https://github.com/DevExpress/DevExtreme/actions/runs/30456093407/job/90591355954
"29.07.26, 13:32:59",90591355966,30456093407,1,TestCafe tests,scheduler / common (2/3) - dxdsfluent,feature/26_2_new_fluent_theme_with_design_tokens_add_etalons,cancelled,Run TestCafe tests,https://github.com/DevExpress/DevExtreme/actions/runs/30456093407/job/90591355966
"29.07.26, 13:32:59",90591356883,30456093407,1,TestCafe tests,scheduler / timezones (Europe/Berlin) - dxdsfluent,feature/26_2_new_fluent_theme_with_design_tokens_add_etalons,failure,Run TestCafe tests,https://github.com/DevExpress/DevExtreme/actions/runs/30456093407/job/90591356883
"29.07.26, 13:45:15",90594679879,30456093407,1,TestCafe tests,quarantine,feature/26_2_new_fluent_theme_with_design_tokens_add_etalons,cancelled,,https://github.com/DevExpress/DevExtreme/actions/runs/30456093407/job/90594679879
"29.07.26, 13:45:15",90594680137,30456093407,1,TestCafe tests,Send notifications,feature/26_2_new_fluent_theme_with_design_tokens_add_etalons,cancelled,,https://github.com/DevExpress/DevExtreme/actions/runs/30456093407/job/90594680137
"29.07.26, 13:18:52",90587679228,30455091726,1,TestCafe tests,accessibility - fluent,dmlvr-feature/26_2_popover_support_content_reading,failure,Run TestCafe tests,https://github.com/DevExpress/DevExtreme/actions/runs/30455091726/job/90587679228
"29.07.26, 13:28:27",90590146711,30455091726,1,TestCafe tests,quarantine,dmlvr-feature/26_2_popover_support_content_reading,failure,Run quarantined tests,https://github.com/DevExpress/DevExtreme/actions/runs/30455091726/job/90590146711
"29.07.26, 13:00:31",90583014738,30453671910,1,TestCafe tests,accessibility - fluent,dmlvr-feature/26_2_popover_support_content_reading,failure,Run TestCafe tests,https://github.com/DevExpress/DevExtreme/actions/runs/30453671910/job/90583014738
"29.07.26, 13:00:31",90583014782,30453671910,1,TestCafe tests,dataGrid (2/4) - fluent,dmlvr-feature/26_2_popover_support_content_reading,failure,Run TestCafe tests,https://github.com/DevExpress/DevExtreme/actions/runs/30453671910/job/90583014782
"29.07.26, 13:00:31",90583014821,30453671910,1,TestCafe tests,editors - fluent,dmlvr-feature/26_2_popover_support_content_reading,failure,Run TestCafe tests,https://github.com/DevExpress/DevExtreme/actions/runs/30453671910/job/90583014821
"29.07.26, 13:00:31",90583014824,30453671910,1,TestCafe tests,dataGrid (3/4) - fluent,dmlvr-feature/26_2_popover_support_content_reading,failure,Run TestCafe tests,https://github.com/DevExpress/DevExtreme/actions/runs/30453671910/job/90583014824
"29.07.26, 13:00:31",90583014831,30453671910,1,TestCafe tests,scheduler / timezones (Europe/Berlin) - fluent,dmlvr-feature/26_2_popover_support_content_reading,failure,Run TestCafe tests,https://github.com/DevExpress/DevExtreme/actions/runs/30453671910/job/90583014831
"29.07.26, 13:00:31",90583014835,30453671910,1,TestCafe tests,scheduler / common (3/3) - fluent,dmlvr-feature/26_2_popover_support_content_reading,failure,Run TestCafe tests,https://github.com/DevExpress/DevExtreme/actions/runs/30453671910/job/90583014835
"29.07.26, 13:00:31",90583014840,30453671910,1,TestCafe tests,scheduler / common (2/3) - fluent,dmlvr-feature/26_2_popover_support_content_reading,failure,Run TestCafe tests,https://github.com/DevExpress/DevExtreme/actions/runs/30453671910/job/90583014840
"29.07.26, 13:00:31",90583014848,30453671910,1,TestCafe tests,dataGrid (4/4) - fluent,dmlvr-feature/26_2_popover_support_content_reading,failure,Run TestCafe tests,https://github.com/DevExpress/DevExtreme/actions/runs/30453671910/job/90583014848
"29.07.26, 13:00:31",90583014855,30453671910,1,TestCafe tests,generic,dmlvr-feature/26_2_popover_support_content_reading,failure,Run TestCafe tests,https://github.com/DevExpress/DevExtreme/actions/runs/30453671910/job/90583014855
"29.07.26, 13:00:31",90583014864,30453671910,1,TestCafe tests,scheduler / timezones (America/Los_Angeles) - fluent,dmlvr-feature/26_2_popover_support_content_reading,failure,Run TestCafe tests,https://github.com/DevExpress/DevExtreme/actions/runs/30453671910/job/90583014864
"29.07.26, 13:00:31",90583014892,30453671910,1,TestCafe tests,scheduler / common (1/3) - fluent,dmlvr-feature/26_2_popover_support_content_reading,failure,Run TestCafe tests,https://github.com/DevExpress/DevExtreme/actions/runs/30453671910/job/90583014892
"29.07.26, 13:00:31",90583014923,30453671910,1,TestCafe tests,scheduler / viewOffset (2/2) - fluent,dmlvr-feature/26_2_popover_support_content_reading,failure,Run TestCafe tests,https://github.com/DevExpress/DevExtreme/actions/runs/30453671910/job/90583014923
"29.07.26, 13:00:31",90583015042,30453671910,1,TestCafe tests,scheduler / viewOffset (1/2) - fluent,dmlvr-feature/26_2_popover_support_content_reading,failure,Run TestCafe tests,https://github.com/DevExpress/DevExtreme/actions/runs/30453671910/job/90583015042
"29.07.26, 13:07:35",90584813423,30453671910,1,TestCafe tests,quarantine,dmlvr-feature/26_2_popover_support_content_reading,failure,Run quarantined tests,https://github.com/DevExpress/DevExtreme/actions/runs/30453671910/job/90584813423
"29.07.26, 12:41:11",90578161367,30451810495,1,TestCafe tests,editors - fluent,feature/26_2_new_fluent_theme_with_design_tokens_add_etalons,failure,Run TestCafe tests,https://github.com/DevExpress/DevExtreme/actions/runs/30451810495/job/90578161367
"29.07.26, 12:41:11",90578161411,30451810495,1,TestCafe tests,navigation - fluent,feature/26_2_new_fluent_theme_with_design_tokens_add_etalons,failure,Run TestCafe tests,https://github.com/DevExpress/DevExtreme/actions/runs/30451810495/job/90578161411
"29.07.26, 12:41:11",90578161419,30451810495,1,TestCafe tests,scheduler / common (1/3) - fluent,feature/26_2_new_fluent_theme_with_design_tokens_add_etalons,failure,Run TestCafe tests,https://github.com/DevExpress/DevExtreme/actions/runs/30451810495/job/90578161419
"29.07.26, 12:41:11",90578161480,30451810495,1,TestCafe tests,dataGrid (1/4) - dxdsfluent,feature/26_2_new_fluent_theme_with_design_tokens_add_etalons,failure,Run TestCafe tests,https://github.com/DevExpress/DevExtreme/actions/runs/30451810495/job/90578161480
"29.07.26, 12:41:11",90578161483,30451810495,1,TestCafe tests,dataGrid (2/4) - dxdsfluent,feature/26_2_new_fluent_theme_with_design_tokens_add_etalons,failure,Run TestCafe tests,https://github.com/DevExpress/DevExtreme/actions/runs/30451810495/job/90578161483
"29.07.26, 12:41:11",90578161490,30451810495,1,TestCafe tests,common - dxdsfluent,feature/26_2_new_fluent_theme_with_design_tokens_add_etalons,failure,Run TestCafe tests,https://github.com/DevExpress/DevExtreme/actions/runs/30451810495/job/90578161490
"29.07.26, 12:41:11",90578161500,30451810495,1,TestCafe tests,cardView - dxdsfluent,feature/26_2_new_fluent_theme_with_design_tokens_add_etalons,failure,Run TestCafe tests,https://github.com/DevExpress/DevExtreme/actions/runs/30451810495/job/90578161500
"29.07.26, 12:41:11",90578161528,30451810495,1,TestCafe tests,navigation - dxdsfluent,feature/26_2_new_fluent_theme_with_design_tokens_add_etalons,failure,Run TestCafe tests,https://github.com/DevExpress/DevExtreme/actions/runs/30451810495/job/90578161528
"29.07.26, 12:41:11",90578161548,30451810495,1,TestCafe tests,scheduler / timezones (America/Los_Angeles) - dxdsfluent,feature/26_2_new_fluent_theme_with_design_tokens_add_etalons,failure,Run TestCafe tests,https://github.com/DevExpress/DevExtreme/actions/runs/30451810495/job/90578161548
"29.07.26, 12:41:11",90578161573,30451810495,1,TestCafe tests,editors - dxdsfluent,feature/26_2_new_fluent_theme_with_design_tokens_add_etalons,failure,Run TestCafe tests,https://github.com/DevExpress/DevExtreme/actions/runs/30451810495/job/90578161573
"29.07.26, 12:41:11",90578161577,30451810495,1,TestCafe tests,dataGrid (3/4) - dxdsfluent,feature/26_2_new_fluent_theme_with_design_tokens_add_etalons,failure,Run TestCafe tests,https://github.com/DevExpress/DevExtreme/actions/runs/30451810495/job/90578161577
"29.07.26, 12:41:11",90578161593,30451810495,1,TestCafe tests,scheduler / timezones (Europe/Berlin) - dxdsfluent,feature/26_2_new_fluent_theme_with_design_tokens_add_etalons,failure,Run TestCafe tests,https://github.com/DevExpress/DevExtreme/actions/runs/30451810495/job/90578161593
"29.07.26, 12:41:11",90578161602,30451810495,1,TestCafe tests,scheduler / common (1/3) - dxdsfluent,feature/26_2_new_fluent_theme_with_design_tokens_add_etalons,failure,Run TestCafe tests,https://github.com/DevExpress/DevExtreme/actions/runs/30451810495/job/90578161602
"29.07.26, 12:41:11",90578161605,30451810495,1,TestCafe tests,scheduler / common (3/3) - dxdsfluent,feature/26_2_new_fluent_theme_with_design_tokens_add_etalons,failure,Run TestCafe tests,https://github.com/DevExpress/DevExtreme/actions/runs/30451810495/job/90578161605
"29.07.26, 12:41:11",90578161647,30451810495,1,TestCafe tests,dataGrid (4/4) - dxdsfluent,feature/26_2_new_fluent_theme_with_design_tokens_add_etalons,failure,Run TestCafe tests,https://github.com/DevExpress/DevExtreme/actions/runs/30451810495/job/90578161647
"29.07.26, 12:41:11",90578161651,30451810495,1,TestCafe tests,scheduler / common (2/3) - dxdsfluent,feature/26_2_new_fluent_theme_with_design_tokens_add_etalons,failure,Run TestCafe tests,https://github.com/DevExpress/DevExtreme/actions/runs/30451810495/job/90578161651
"29.07.26, 12:41:11",90578161652,30451810495,1,TestCafe tests,scheduler / viewOffset (2/2) - dxdsfluent,feature/26_2_new_fluent_theme_with_design_tokens_add_etalons,failure,Run TestCafe tests,https://github.com/DevExpress/DevExtreme/actions/runs/30451810495/job/90578161652
"29.07.26, 12:41:11",90578161696,30451810495,1,TestCafe tests,scheduler / viewOffset (1/2) - dxdsfluent,feature/26_2_new_fluent_theme_with_design_tokens_add_etalons,failure,Run TestCafe tests,https://github.com/DevExpress/DevExtreme/actions/runs/30451810495/job/90578161696
"29.07.26, 13:00:27",90582997817,30451810495,1,TestCafe tests,quarantine,feature/26_2_new_fluent_theme_with_design_tokens_add_etalons,failure,Run quarantined tests,https://github.com/DevExpress/DevExtreme/actions/runs/30451810495/job/90582997817
"29.07.26, 12:00:24",90568836661,30449751336,1,TestCafe tests,Build DevExtreme,fix/T1332943,cancelled,Show nx cache contents before save,https://github.com/DevExpress/DevExtreme/actions/runs/30449751336/job/90568836661
"29.07.26, 12:01:32",90569095985,30449751336,1,TestCafe tests,${{ matrix.name }}${{ ((!matrix.theme && ' - fluent') || '') }},fix/T1332943,cancelled,,https://github.com/DevExpress/DevExtreme/actions/runs/30449751336/job/90569095985
"29.07.26, 12:01:32",90569096342,30449751336,1,TestCafe tests,quarantine,fix/T1332943,cancelled,,https://github.com/DevExpress/DevExtreme/actions/runs/30449751336/job/90569096342
"29.07.26, 12:01:32",90569096624,30449751336,1,TestCafe tests,Send notifications,fix/T1332943,cancelled,,https://github.com/DevExpress/DevExtreme/actions/runs/30449751336/job/90569096624
"29.07.26, 11:50:21",90566644050,30449096852,1,TestCafe tests,Build DevExtreme,datagrid_qunit_tests_replace_theme_26_2,cancelled,Build,https://github.com/DevExpress/DevExtreme/actions/runs/30449096852/job/90566644050
"29.07.26, 11:53:27",90567319992,30449096852,1,TestCafe tests,${{ matrix.name }}${{ ((!matrix.theme && ' - fluent') || '') }},datagrid_qunit_tests_replace_theme_26_2,cancelled,,https://github.com/DevExpress/DevExtreme/actions/runs/30449096852/job/90567319992
"29.07.26, 11:53:27",90567320401,30449096852,1,TestCafe tests,quarantine,datagrid_qunit_tests_replace_theme_26_2,cancelled,,https://github.com/DevExpress/DevExtreme/actions/runs/30449096852/job/90567320401
"29.07.26, 11:53:27",90567320588,30449096852,1,TestCafe tests,Send notifications,datagrid_qunit_tests_replace_theme_26_2,cancelled,,https://github.com/DevExpress/DevExtreme/actions/runs/30449096852/job/90567320588
"29.07.26, 11:50:53",90566759506,30448693850,1,TestCafe tests,dataGrid (3/4) - fluent,feature/26_2_new_fluent_theme_with_design_tokens_add_etalons,failure,Run TestCafe tests,https://github.com/DevExpress/DevExtreme/actions/runs/30448693850/job/90566759506
"29.07.26, 11:50:53",90566759522,30448693850,1,TestCafe tests,common - fluent,feature/26_2_new_fluent_theme_with_design_tokens_add_etalons,failure,Run TestCafe tests,https://github.com/DevExpress/DevExtreme/actions/runs/30448693850/job/90566759522
"29.07.26, 11:50:53",90566759531,30448693850,1,TestCafe tests,dataGrid (1/4) - fluent,feature/26_2_new_fluent_theme_with_design_tokens_add_etalons,failure,Run TestCafe tests,https://github.com/DevExpress/DevExtreme/actions/runs/30448693850/job/90566759531
"29.07.26, 11:50:53",90566759532,30448693850,1,TestCafe tests,navigation - fluent,feature/26_2_new_fluent_theme_with_design_tokens_add_etalons,failure,Run TestCafe tests,https://github.com/DevExpress/DevExtreme/actions/runs/30448693850/job/90566759532
"29.07.26, 11:50:53",90566759551,30448693850,1,TestCafe tests,dataGrid (4/4) - fluent,feature/26_2_new_fluent_theme_with_design_tokens_add_etalons,failure,Run TestCafe tests,https://github.com/DevExpress/DevExtreme/actions/runs/30448693850/job/90566759551
"29.07.26, 11:50:53",90566759554,30448693850,1,TestCafe tests,editors - fluent,feature/26_2_new_fluent_theme_with_design_tokens_add_etalons,failure,Run TestCafe tests,https://github.com/DevExpress/DevExtreme/actions/runs/30448693850/job/90566759554
"29.07.26, 11:50:53",90566759569,30448693850,1,TestCafe tests,dataGrid (2/4) - fluent,feature/26_2_new_fluent_theme_with_design_tokens_add_etalons,failure,Run TestCafe tests,https://github.com/DevExpress/DevExtreme/actions/runs/30448693850/job/90566759569
"29.07.26, 11:50:53",90566759573,30448693850,1,TestCafe tests,scheduler / common (1/3) - fluent,feature/26_2_new_fluent_theme_with_design_tokens_add_etalons,failure,Run TestCafe tests,https://github.com/DevExpress/DevExtreme/actions/runs/30448693850/job/90566759573
"29.07.26, 11:50:53",90566759579,30448693850,1,TestCafe tests,scheduler / common (3/3) - fluent,feature/26_2_new_fluent_theme_with_design_tokens_add_etalons,failure,Run TestCafe tests,https://github.com/DevExpress/DevExtreme/actions/runs/30448693850/job/90566759579
"29.07.26, 11:50:53",90566759583,30448693850,1,TestCafe tests,cardView - fluent,feature/26_2_new_fluent_theme_with_design_tokens_add_etalons,failure,Run TestCafe tests,https://github.com/DevExpress/DevExtreme/actions/runs/30448693850/job/90566759583
"29.07.26, 11:50:53",90566759590,30448693850,1,TestCafe tests,scheduler / viewOffset (1/2) - fluent,feature/26_2_new_fluent_theme_with_design_tokens_add_etalons,failure,Run TestCafe tests,https://github.com/DevExpress/DevExtreme/actions/runs/30448693850/job/90566759590
"29.07.26, 11:50:53",90566759595,30448693850,1,TestCafe tests,navigation - dxdsfluent,feature/26_2_new_fluent_theme_with_design_tokens_add_etalons,failure,Run TestCafe tests,https://github.com/DevExpress/DevExtreme/actions/runs/30448693850/job/90566759595
"29.07.26, 11:50:53",90566759599,30448693850,1,TestCafe tests,scheduler / common (1/3) - dxdsfluent,feature/26_2_new_fluent_theme_with_design_tokens_add_etalons,failure,Run TestCafe tests,https://github.com/DevExpress/DevExtreme/actions/runs/30448693850/job/90566759599
"29.07.26, 11:50:53",90566759621,30448693850,1,TestCafe tests,scheduler / common (2/3) - fluent,feature/26_2_new_fluent_theme_with_design_tokens_add_etalons,failure,Run TestCafe tests,https://github.com/DevExpress/DevExtreme/actions/runs/30448693850/job/90566759621
"29.07.26, 11:50:53",90566759632,30448693850,1,TestCafe tests,scheduler / timezones (America/Los_Angeles) - fluent,feature/26_2_new_fluent_theme_with_design_tokens_add_etalons,failure,Run TestCafe tests,https://github.com/DevExpress/DevExtreme/actions/runs/30448693850/job/90566759632
"29.07.26, 11:50:53",90566759639,30448693850,1,TestCafe tests,editors - dxdsfluent,feature/26_2_new_fluent_theme_with_design_tokens_add_etalons,failure,Run TestCafe tests,https://github.com/DevExpress/DevExtreme/actions/runs/30448693850/job/90566759639
"29.07.26, 11:50:53",90566759642,30448693850,1,TestCafe tests,scheduler / timezones (Europe/Berlin) - fluent,feature/26_2_new_fluent_theme_with_design_tokens_add_etalons,failure,Run TestCafe tests,https://github.com/DevExpress/DevExtreme/actions/runs/30448693850/job/90566759642
"29.07.26, 11:50:53",90566759644,30448693850,1,TestCafe tests,scheduler / viewOffset (2/2) - fluent,feature/26_2_new_fluent_theme_with_design_tokens_add_etalons,failure,Run TestCafe tests,https://github.com/DevExpress/DevExtreme/actions/runs/30448693850/job/90566759644
"29.07.26, 12:11:36",90571358828,30448693850,1,TestCafe tests,quarantine,feature/26_2_new_fluent_theme_with_design_tokens_add_etalons,failure,Run quarantined tests,https://github.com/DevExpress/DevExtreme/actions/runs/30448693850/job/90571358828
"29.07.26, 11:46:02",90565709864,30448607973,1,TestCafe tests,dataGrid (3/4) - dxdsfluent,feature/26_2_new_fluent_theme_with_design_tokens,failure,Run TestCafe tests,https://github.com/DevExpress/DevExtreme/actions/runs/30448607973/job/90565709864
"29.07.26, 11:46:02",90565709883,30448607973,1,TestCafe tests,dataGrid (2/4) - dxdsfluent,feature/26_2_new_fluent_theme_with_design_tokens,failure,Run TestCafe tests,https://github.com/DevExpress/DevExtreme/actions/runs/30448607973/job/90565709883
"29.07.26, 11:46:02",90565709885,30448607973,1,TestCafe tests,navigation - fluent,feature/26_2_new_fluent_theme_with_design_tokens,failure,Run TestCafe tests,https://github.com/DevExpress/DevExtreme/actions/runs/30448607973/job/90565709885
"29.07.26, 11:46:02",90565709904,30448607973,1,TestCafe tests,dataGrid (1/4) - dxdsfluent,feature/26_2_new_fluent_theme_with_design_tokens,failure,Run TestCafe tests,https://github.com/DevExpress/DevExtreme/actions/runs/30448607973/job/90565709904
"29.07.26, 11:46:02",90565709909,30448607973,1,TestCafe tests,common - dxdsfluent,feature/26_2_new_fluent_theme_with_design_tokens,failure,Run TestCafe tests,https://github.com/DevExpress/DevExtreme/actions/runs/30448607973/job/90565709909
"29.07.26, 11:46:02",90565709945,30448607973,1,TestCafe tests,cardView - dxdsfluent,feature/26_2_new_fluent_theme_with_design_tokens,failure,Run TestCafe tests,https://github.com/DevExpress/DevExtreme/actions/runs/30448607973/job/90565709945
"29.07.26, 11:46:02",90565709972,30448607973,1,TestCafe tests,scheduler / common (3/3) - dxdsfluent,feature/26_2_new_fluent_theme_with_design_tokens,failure,Run TestCafe tests,https://github.com/DevExpress/DevExtreme/actions/runs/30448607973/job/90565709972
"29.07.26, 11:46:02",90565709977,30448607973,1,TestCafe tests,scheduler / common (2/3) - dxdsfluent,feature/26_2_new_fluent_theme_with_design_tokens,failure,Run TestCafe tests,https://github.com/DevExpress/DevExtreme/actions/runs/30448607973/job/90565709977
"29.07.26, 11:46:02",90565709982,30448607973,1,TestCafe tests,dataGrid (4/4) - dxdsfluent,feature/26_2_new_fluent_theme_with_design_tokens,failure,Run TestCafe tests,https://github.com/DevExpress/DevExtreme/actions/runs/30448607973/job/90565709982
"29.07.26, 11:46:02",90565709988,30448607973,1,TestCafe tests,scheduler / common (1/3) - dxdsfluent,feature/26_2_new_fluent_theme_with_design_tokens,failure,Run TestCafe tests,https://github.com/DevExpress/DevExtreme/actions/runs/30448607973/job/90565709988
"29.07.26, 11:46:02",90565709993,30448607973,1,TestCafe tests,navigation - dxdsfluent,feature/26_2_new_fluent_theme_with_design_tokens,failure,Run TestCafe tests,https://github.com/DevExpress/DevExtreme/actions/runs/30448607973/job/90565709993
"29.07.26, 11:46:02",90565710004,30448607973,1,TestCafe tests,scheduler / viewOffset (1/2) - dxdsfluent,feature/26_2_new_fluent_theme_with_design_tokens,failure,Run TestCafe tests,https://github.com/DevExpress/DevExtreme/actions/runs/30448607973/job/90565710004
"29.07.26, 11:46:02",90565710055,30448607973,1,TestCafe tests,scheduler / timezones (America/Los_Angeles) - dxdsfluent,feature/26_2_new_fluent_theme_with_design_tokens,failure,Run TestCafe tests,https://github.com/DevExpress/DevExtreme/actions/runs/30448607973/job/90565710055
"29.07.26, 11:46:02",90565710057,30448607973,1,TestCafe tests,scheduler / timezones (Europe/Berlin) - dxdsfluent,feature/26_2_new_fluent_theme_with_design_tokens,failure,Run TestCafe tests,https://github.com/DevExpress/DevExtreme/actions/runs/30448607973/job/90565710057
"29.07.26, 11:46:02",90565710091,30448607973,1,TestCafe tests,editors - dxdsfluent,feature/26_2_new_fluent_theme_with_design_tokens,failure,Run TestCafe tests,https://github.com/DevExpress/DevExtreme/actions/runs/30448607973/job/90565710091
"29.07.26, 11:46:02",90565710132,30448607973,1,TestCafe tests,scheduler / viewOffset (2/2) - dxdsfluent,feature/26_2_new_fluent_theme_with_design_tokens,failure,Run TestCafe tests,https://github.com/DevExpress/DevExtreme/actions/runs/30448607973/job/90565710132
"29.07.26, 12:05:40",90570034470,30448607973,1,TestCafe tests,quarantine,feature/26_2_new_fluent_theme_with_design_tokens,failure,Run quarantined tests,https://github.com/DevExpress/DevExtreme/actions/runs/30448607973/job/90570034470
"29.07.26, 11:21:32",90560547716,30447228241,1,TestCafe tests,Build DevExtreme,datagrid_qunit_tests_replace_theme_26_2,cancelled,Show nx cache contents before save,https://github.com/DevExpress/DevExtreme/actions/runs/30447228241/job/90560547716
"29.07.26, 11:22:33",90560766791,30447228241,1,TestCafe tests,quarantine,datagrid_qunit_tests_replace_theme_26_2,cancelled,,https://github.com/DevExpress/DevExtreme/actions/runs/30447228241/job/90560766791
"29.07.26, 11:22:33",90560766961,30447228241,1,TestCafe tests,${{ matrix.name }}${{ ((!matrix.theme && ' - fluent') || '') }},datagrid_qunit_tests_replace_theme_26_2,cancelled,,https://github.com/DevExpress/DevExtreme/actions/runs/30447228241/job/90560766961
"29.07.26, 11:22:33",90560767830,30447228241,1,TestCafe tests,Send notifications,datagrid_qunit_tests_replace_theme_26_2,cancelled,,https://github.com/DevExpress/DevExtreme/actions/runs/30447228241/job/90560767830
"29.07.26, 11:22:06",90560670907,30446962855,1,TestCafe tests,editors - fluent,dmlvr-feature/26_2_popover_support_content_reading,failure,Run TestCafe tests,https://github.com/DevExpress/DevExtreme/actions/runs/30446962855/job/90560670907
"29.07.26, 11:22:06",90560670962,30446962855,1,TestCafe tests,scheduler / common (1/3) - fluent,dmlvr-feature/26_2_popover_support_content_reading,failure,Run TestCafe tests,https://github.com/DevExpress/DevExtreme/actions/runs/30446962855/job/90560670962
"29.07.26, 11:22:06",90560670970,30446962855,1,TestCafe tests,scheduler / common (2/3) - fluent,dmlvr-feature/26_2_popover_support_content_reading,failure,Run TestCafe tests,https://github.com/DevExpress/DevExtreme/actions/runs/30446962855/job/90560670970
"29.07.26, 11:22:06",90560670972,30446962855,1,TestCafe tests,accessibility - fluent,dmlvr-feature/26_2_popover_support_content_reading,failure,Run TestCafe tests,https://github.com/DevExpress/DevExtreme/actions/runs/30446962855/job/90560670972
"29.07.26, 11:22:06",90560670997,30446962855,1,TestCafe tests,generic,dmlvr-feature/26_2_popover_support_content_reading,failure,Run TestCafe tests,https://github.com/DevExpress/DevExtreme/actions/runs/30446962855/job/90560670997
"29.07.26, 11:22:06",90560671038,30446962855,1,TestCafe tests,dataGrid (2/4) - fluent,dmlvr-feature/26_2_popover_support_content_reading,failure,Run TestCafe tests,https://github.com/DevExpress/DevExtreme/actions/runs/30446962855/job/90560671038
"29.07.26, 11:22:06",90560671051,30446962855,1,TestCafe tests,scheduler / viewOffset (2/2) - fluent,dmlvr-feature/26_2_popover_support_content_reading,failure,Run TestCafe tests,https://github.com/DevExpress/DevExtreme/actions/runs/30446962855/job/90560671051
"29.07.26, 11:22:06",90560671059,30446962855,1,TestCafe tests,dataGrid (3/4) - fluent,dmlvr-feature/26_2_popover_support_content_reading,failure,Run TestCafe tests,https://github.com/DevExpress/DevExtreme/actions/runs/30446962855/job/90560671059
"29.07.26, 11:22:06",90560671070,30446962855,1,TestCafe tests,scheduler / viewOffset (1/2) - fluent,dmlvr-feature/26_2_popover_support_content_reading,failure,Run TestCafe tests,https://github.com/DevExpress/DevExtreme/actions/runs/30446962855/job/90560671070
"29.07.26, 11:22:06",90560671072,30446962855,1,TestCafe tests,scheduler / timezones (Europe/Berlin) - fluent,dmlvr-feature/26_2_popover_support_content_reading,failure,Run TestCafe tests,https://github.com/DevExpress/DevExtreme/actions/runs/30446962855/job/90560671072
"29.07.26, 11:22:06",90560671078,30446962855,1,TestCafe tests,scheduler / common (3/3) - fluent,dmlvr-feature/26_2_popover_support_content_reading,failure,Run TestCafe tests,https://github.com/DevExpress/DevExtreme/actions/runs/30446962855/job/90560671078
"29.07.26, 11:22:06",90560671110,30446962855,1,TestCafe tests,scheduler / timezones (America/Los_Angeles) - fluent,dmlvr-feature/26_2_popover_support_content_reading,failure,Run TestCafe tests,https://github.com/DevExpress/DevExtreme/actions/runs/30446962855/job/90560671110
"29.07.26, 11:29:41",90562265814,30446962855,1,TestCafe tests,quarantine,dmlvr-feature/26_2_popover_support_content_reading,failure,Run quarantined tests,https://github.com/DevExpress/DevExtreme/actions/runs/30446962855/job/90562265814
"29.07.26, 10:44:14",90552495550,30444634923,1,TestCafe tests,accessibility - fluent,feature/26_2_new_fluent_theme_with_design_tokens,failure,Run TestCafe tests,https://github.com/DevExpress/DevExtreme/actions/runs/30444634923/job/90552495550
"29.07.26, 10:44:14",90552495636,30444634923,1,TestCafe tests,navigation - fluent,feature/26_2_new_fluent_theme_with_design_tokens,failure,Run TestCafe tests,https://github.com/DevExpress/DevExtreme/actions/runs/30444634923/job/90552495636
"29.07.26, 10:44:14",90552495669,30444634923,1,TestCafe tests,navigation - dxdsfluent,feature/26_2_new_fluent_theme_with_design_tokens,failure,Run TestCafe tests,https://github.com/DevExpress/DevExtreme/actions/runs/30444634923/job/90552495669
"29.07.26, 10:44:14",90552495709,30444634923,1,TestCafe tests,editors - dxdsfluent,feature/26_2_new_fluent_theme_with_design_tokens,failure,Run TestCafe tests,https://github.com/DevExpress/DevExtreme/actions/runs/30444634923/job/90552495709
"29.07.26, 10:44:14",90552495719,30444634923,1,TestCafe tests,dataGrid (1/4) - dxdsfluent,feature/26_2_new_fluent_theme_with_design_tokens,failure,Run TestCafe tests,https://github.com/DevExpress/DevExtreme/actions/runs/30444634923/job/90552495719
"29.07.26, 10:44:14",90552495722,30444634923,1,TestCafe tests,common - dxdsfluent,feature/26_2_new_fluent_theme_with_design_tokens,failure,Run TestCafe tests,https://github.com/DevExpress/DevExtreme/actions/runs/30444634923/job/90552495722
"29.07.26, 10:44:14",90552495724,30444634923,1,TestCafe tests,dataGrid (4/4) - dxdsfluent,feature/26_2_new_fluent_theme_with_design_tokens,failure,Run TestCafe tests,https://github.com/DevExpress/DevExtreme/actions/runs/30444634923/job/90552495724
"29.07.26, 10:44:14",90552495741,30444634923,1,TestCafe tests,dataGrid (3/4) - dxdsfluent,feature/26_2_new_fluent_theme_with_design_tokens,failure,Run TestCafe tests,https://github.com/DevExpress/DevExtreme/actions/runs/30444634923/job/90552495741
"29.07.26, 10:44:14",90552495756,30444634923,1,TestCafe tests,scheduler / timezones (America/Los_Angeles) - dxdsfluent,feature/26_2_new_fluent_theme_with_design_tokens,failure,Run TestCafe tests,https://github.com/DevExpress/DevExtreme/actions/runs/30444634923/job/90552495756
"29.07.26, 10:44:14",90552495759,30444634923,1,TestCafe tests,scheduler / common (2/3) - dxdsfluent,feature/26_2_new_fluent_theme_with_design_tokens,failure,Run TestCafe tests,https://github.com/DevExpress/DevExtreme/actions/runs/30444634923/job/90552495759
"29.07.26, 10:44:14",90552495766,30444634923,1,TestCafe tests,accessibility - dxdsfluent,feature/26_2_new_fluent_theme_with_design_tokens,failure,Run TestCafe tests,https://github.com/DevExpress/DevExtreme/actions/runs/30444634923/job/90552495766
"29.07.26, 10:44:14",90552495769,30444634923,1,TestCafe tests,scheduler / common (3/3) - dxdsfluent,feature/26_2_new_fluent_theme_with_design_tokens,failure,Run TestCafe tests,https://github.com/DevExpress/DevExtreme/actions/runs/30444634923/job/90552495769
"29.07.26, 10:44:14",90552495779,30444634923,1,TestCafe tests,dataGrid (2/4) - dxdsfluent,feature/26_2_new_fluent_theme_with_design_tokens,failure,Run TestCafe tests,https://github.com/DevExpress/DevExtreme/actions/runs/30444634923/job/90552495779
"29.07.26, 10:44:14",90552495781,30444634923,1,TestCafe tests,scheduler / viewOffset (1/2) - dxdsfluent,feature/26_2_new_fluent_theme_with_design_tokens,failure,Run TestCafe tests,https://github.com/DevExpress/DevExtreme/actions/runs/30444634923/job/90552495781
"29.07.26, 10:44:14",90552495792,30444634923,1,TestCafe tests,scheduler / common (1/3) - dxdsfluent,feature/26_2_new_fluent_theme_with_design_tokens,failure,Run TestCafe tests,https://github.com/DevExpress/DevExtreme/actions/runs/30444634923/job/90552495792
"29.07.26, 10:44:14",90552495796,30444634923,1,TestCafe tests,cardView - dxdsfluent,feature/26_2_new_fluent_theme_with_design_tokens,failure,Run TestCafe tests,https://github.com/DevExpress/DevExtreme/actions/runs/30444634923/job/90552495796
"29.07.26, 10:44:14",90552495846,30444634923,1,TestCafe tests,scheduler / viewOffset (2/2) - dxdsfluent,feature/26_2_new_fluent_theme_with_design_tokens,failure,Run TestCafe tests,https://github.com/DevExpress/DevExtreme/actions/runs/30444634923/job/90552495846
"29.07.26, 10:44:14",90552495893,30444634923,1,TestCafe tests,scheduler / timezones (Europe/Berlin) - dxdsfluent,feature/26_2_new_fluent_theme_with_design_tokens,failure,Run TestCafe tests,https://github.com/DevExpress/DevExtreme/actions/runs/30444634923/job/90552495893
"29.07.26, 11:04:33",90556880780,30444634923,1,TestCafe tests,quarantine,feature/26_2_new_fluent_theme_with_design_tokens,failure,Run quarantined tests,https://github.com/DevExpress/DevExtreme/actions/runs/30444634923/job/90556880780
"29.07.26, 10:38:29",90551278381,30444301894,1,TestCafe tests,accessibility - material.light,feature/26_2_new_fluent_theme_with_design_tokens,cancelled,Run TestCafe tests,https://github.com/DevExpress/DevExtreme/actions/runs/30444301894/job/90551278381
"29.07.26, 10:38:29",90551278391,30444301894,1,TestCafe tests,accessibility - fluent,feature/26_2_new_fluent_theme_with_design_tokens,cancelled,Run TestCafe tests,https://github.com/DevExpress/DevExtreme/actions/runs/30444301894/job/90551278391
"29.07.26, 10:38:29",90551278393,30444301894,1,TestCafe tests,accessibility - dxdsfluent.dark,feature/26_2_new_fluent_theme_with_design_tokens,cancelled,Run TestCafe tests,https://github.com/DevExpress/DevExtreme/actions/runs/30444301894/job/90551278393
"29.07.26, 10:38:29",90551278404,30444301894,1,TestCafe tests,common - fluent,feature/26_2_new_fluent_theme_with_design_tokens,cancelled,Run TestCafe tests,https://github.com/DevExpress/DevExtreme/actions/runs/30444301894/job/90551278404
"29.07.26, 10:38:29",90551278406,30444301894,1,TestCafe tests,dataGrid (1/4) - fluent,feature/26_2_new_fluent_theme_with_design_tokens,cancelled,Run TestCafe tests,https://github.com/DevExpress/DevExtreme/actions/runs/30444301894/job/90551278406
"29.07.26, 10:38:29",90551278410,30444301894,1,TestCafe tests,accessibility - fluent.dark,feature/26_2_new_fluent_theme_with_design_tokens,cancelled,Run TestCafe tests,https://github.com/DevExpress/DevExtreme/actions/runs/30444301894/job/90551278410
"29.07.26, 10:38:29",90551278412,30444301894,1,TestCafe tests,generic,feature/26_2_new_fluent_theme_with_design_tokens,cancelled,Run TestCafe tests,https://github.com/DevExpress/DevExtreme/actions/runs/30444301894/job/90551278412
"29.07.26, 10:38:29",90551278429,30444301894,1,TestCafe tests,cardView - fluent,feature/26_2_new_fluent_theme_with_design_tokens,cancelled,Run TestCafe tests,https://github.com/DevExpress/DevExtreme/actions/runs/30444301894/job/90551278429
"29.07.26, 10:38:29",90551278432,30444301894,1,TestCafe tests,accessibility - material.dark,feature/26_2_new_fluent_theme_with_design_tokens,cancelled,Run TestCafe tests,https://github.com/DevExpress/DevExtreme/actions/runs/30444301894/job/90551278432
"29.07.26, 10:38:29",90551278433,30444301894,1,TestCafe tests,material,feature/26_2_new_fluent_theme_with_design_tokens,cancelled,Run TestCafe tests,https://github.com/DevExpress/DevExtreme/actions/runs/30444301894/job/90551278433
"29.07.26, 10:38:29",90551278441,30444301894,1,TestCafe tests,material - compact,feature/26_2_new_fluent_theme_with_design_tokens,cancelled,Run TestCafe tests,https://github.com/DevExpress/DevExtreme/actions/runs/30444301894/job/90551278441
"29.07.26, 10:38:29",90551278458,30444301894,1,TestCafe tests,dataGrid (2/4) - fluent,feature/26_2_new_fluent_theme_with_design_tokens,cancelled,Run TestCafe tests,https://github.com/DevExpress/DevExtreme/actions/runs/30444301894/job/90551278458
"29.07.26, 10:38:29",90551278477,30444301894,1,TestCafe tests,scheduler / viewOffset (2/2) - fluent,feature/26_2_new_fluent_theme_with_design_tokens,cancelled,Run TestCafe tests,https://github.com/DevExpress/DevExtreme/actions/runs/30444301894/job/90551278477
"29.07.26, 10:38:29",90551278510,30444301894,1,TestCafe tests,dataGrid (4/4) - dxdsfluent,feature/26_2_new_fluent_theme_with_design_tokens,cancelled,Run TestCafe tests,https://github.com/DevExpress/DevExtreme/actions/runs/30444301894/job/90551278510
"29.07.26, 10:38:29",90551278512,30444301894,1,TestCafe tests,dataGrid (2/4) - dxdsfluent,feature/26_2_new_fluent_theme_with_design_tokens,cancelled,Run TestCafe tests,https://github.com/DevExpress/DevExtreme/actions/runs/30444301894/job/90551278512
"29.07.26, 10:38:29",90551278513,30444301894,1,TestCafe tests,scheduler / viewOffset (1/2) - fluent,feature/26_2_new_fluent_theme_with_design_tokens,cancelled,Run TestCafe tests,https://github.com/DevExpress/DevExtreme/actions/runs/30444301894/job/90551278513
"29.07.26, 10:38:29",90551278517,30444301894,1,TestCafe tests,dataGrid (3/4) - dxdsfluent,feature/26_2_new_fluent_theme_with_design_tokens,cancelled,Run TestCafe tests,https://github.com/DevExpress/DevExtreme/actions/runs/30444301894/job/90551278517
"29.07.26, 10:38:29",90551278518,30444301894,1,TestCafe tests,dataGrid (1/4) - dxdsfluent,feature/26_2_new_fluent_theme_with_design_tokens,cancelled,Run TestCafe tests,https://github.com/DevExpress/DevExtreme/actions/runs/30444301894/job/90551278518
"29.07.26, 10:38:29",90551278528,30444301894,1,TestCafe tests,editors - fluent,feature/26_2_new_fluent_theme_with_design_tokens,cancelled,Run TestCafe tests,https://github.com/DevExpress/DevExtreme/actions/runs/30444301894/job/90551278528
"29.07.26, 10:38:29",90551278532,30444301894,1,TestCafe tests,scheduler / common (3/3) - fluent,feature/26_2_new_fluent_theme_with_design_tokens,cancelled,Run TestCafe tests,https://github.com/DevExpress/DevExtreme/actions/runs/30444301894/job/90551278532
"29.07.26, 10:38:29",90551278537,30444301894,1,TestCafe tests,dataGrid (4/4) - fluent,feature/26_2_new_fluent_theme_with_design_tokens,cancelled,Run TestCafe tests,https://github.com/DevExpress/DevExtreme/actions/runs/30444301894/job/90551278537
"29.07.26, 10:38:29",90551278540,30444301894,1,TestCafe tests,accessibility - dxdsfluent,feature/26_2_new_fluent_theme_with_design_tokens,cancelled,Run TestCafe tests,https://github.com/DevExpress/DevExtreme/actions/runs/30444301894/job/90551278540
"29.07.26, 10:38:29",90551278551,30444301894,1,TestCafe tests,scheduler / common (2/3) - fluent,feature/26_2_new_fluent_theme_with_design_tokens,cancelled,Run TestCafe tests,https://github.com/DevExpress/DevExtreme/actions/runs/30444301894/job/90551278551
"29.07.26, 10:38:29",90551278557,30444301894,1,TestCafe tests,scheduler / timezones (America/Los_Angeles) - fluent,feature/26_2_new_fluent_theme_with_design_tokens,cancelled,Run TestCafe tests,https://github.com/DevExpress/DevExtreme/actions/runs/30444301894/job/90551278557
"29.07.26, 10:38:29",90551278559,30444301894,1,TestCafe tests,common - dxdsfluent,feature/26_2_new_fluent_theme_with_design_tokens,cancelled,Run TestCafe tests,https://github.com/DevExpress/DevExtreme/actions/runs/30444301894/job/90551278559
"29.07.26, 10:38:29",90551278567,30444301894,1,TestCafe tests,dataGrid (3/4) - fluent,feature/26_2_new_fluent_theme_with_design_tokens,cancelled,Run TestCafe tests,https://github.com/DevExpress/DevExtreme/actions/runs/30444301894/job/90551278567
"29.07.26, 10:38:29",90551278568,30444301894,1,TestCafe tests,editors - dxdsfluent,feature/26_2_new_fluent_theme_with_design_tokens,cancelled,Run TestCafe tests,https://github.com/DevExpress/DevExtreme/actions/runs/30444301894/job/90551278568
"29.07.26, 10:38:29",90551278588,30444301894,1,TestCafe tests,navigation - fluent,feature/26_2_new_fluent_theme_with_design_tokens,cancelled,Run TestCafe tests,https://github.com/DevExpress/DevExtreme/actions/runs/30444301894/job/90551278588
"29.07.26, 10:38:29",90551278589,30444301894,1,TestCafe tests,cardView - dxdsfluent,feature/26_2_new_fluent_theme_with_design_tokens,cancelled,Run TestCafe tests,https://github.com/DevExpress/DevExtreme/actions/runs/30444301894/job/90551278589
"29.07.26, 10:38:29",90551278590,30444301894,1,TestCafe tests,scheduler / common (1/3) - fluent,feature/26_2_new_fluent_theme_with_design_tokens,cancelled,Run TestCafe tests,https://github.com/DevExpress/DevExtreme/actions/runs/30444301894/job/90551278590
"29.07.26, 10:38:29",90551278591,30444301894,1,TestCafe tests,scheduler / timezones (Europe/Berlin) - fluent,feature/26_2_new_fluent_theme_with_design_tokens,cancelled,Run TestCafe tests,https://github.com/DevExpress/DevExtreme/actions/runs/30444301894/job/90551278591
"29.07.26, 10:38:29",90551278595,30444301894,1,TestCafe tests,scheduler / common (3/3) - dxdsfluent,feature/26_2_new_fluent_theme_with_design_tokens,cancelled,Run TestCafe tests,https://github.com/DevExpress/DevExtreme/actions/runs/30444301894/job/90551278595
"29.07.26, 10:38:29",90551278601,30444301894,1,TestCafe tests,scheduler / timezones (Europe/Berlin) - dxdsfluent,feature/26_2_new_fluent_theme_with_design_tokens,cancelled,Run TestCafe tests,https://github.com/DevExpress/DevExtreme/actions/runs/30444301894/job/90551278601
"29.07.26, 10:38:29",90551278608,30444301894,1,TestCafe tests,navigation - dxdsfluent,feature/26_2_new_fluent_theme_with_design_tokens,cancelled,Run TestCafe tests,https://github.com/DevExpress/DevExtreme/actions/runs/30444301894/job/90551278608
"29.07.26, 10:38:29",90551278612,30444301894,1,TestCafe tests,scheduler / viewOffset (2/2) - dxdsfluent,feature/26_2_new_fluent_theme_with_design_tokens,cancelled,Run TestCafe tests,https://github.com/DevExpress/DevExtreme/actions/runs/30444301894/job/90551278612
"29.07.26, 10:38:29",90551278616,30444301894,1,TestCafe tests,scheduler / common (2/3) - dxdsfluent,feature/26_2_new_fluent_theme_with_design_tokens,cancelled,Run TestCafe tests,https://github.com/DevExpress/DevExtreme/actions/runs/30444301894/job/90551278616
"29.07.26, 10:38:29",90551278631,30444301894,1,TestCafe tests,scheduler / viewOffset (1/2) - dxdsfluent,feature/26_2_new_fluent_theme_with_design_tokens,cancelled,Run TestCafe tests,https://github.com/DevExpress/DevExtreme/actions/runs/30444301894/job/90551278631
"29.07.26, 10:38:29",90551278643,30444301894,1,TestCafe tests,scheduler / common (1/3) - dxdsfluent,feature/26_2_new_fluent_theme_with_design_tokens,cancelled,Run TestCafe tests,https://github.com/DevExpress/DevExtreme/actions/runs/30444301894/job/90551278643
"29.07.26, 10:38:29",90551278671,30444301894,1,TestCafe tests,scheduler / timezones (America/Los_Angeles) - dxdsfluent,feature/26_2_new_fluent_theme_with_design_tokens,cancelled,Run TestCafe tests,https://github.com/DevExpress/DevExtreme/actions/runs/30444301894/job/90551278671
"29.07.26, 10:41:42",90551955930,30444301894,1,TestCafe tests,quarantine,feature/26_2_new_fluent_theme_with_design_tokens,cancelled,,https://github.com/DevExpress/DevExtreme/actions/runs/30444301894/job/90551955930
"29.07.26, 10:41:42",90551956479,30444301894,1,TestCafe tests,Send notifications,feature/26_2_new_fluent_theme_with_design_tokens,cancelled,,https://github.com/DevExpress/DevExtreme/actions/runs/30444301894/job/90551956479
"29.07.26, 10:12:12",90545635577,30442325140,1,TestCafe tests,scheduler / common (2/3) - fluent,feature/scheduler-multilevel-grouping/update-workspace-test,failure,Run TestCafe tests,https://github.com/DevExpress/DevExtreme/actions/runs/30442325140/job/90545635577
"29.07.26, 10:12:12",90545635650,30442325140,1,TestCafe tests,scheduler / common (3/3) - fluent,feature/scheduler-multilevel-grouping/update-workspace-test,failure,Run TestCafe tests,https://github.com/DevExpress/DevExtreme/actions/runs/30442325140/job/90545635650
"29.07.26, 10:25:15",90548432170,30442325140,2,TestCafe tests,scheduler / common (2/3) - fluent,feature/scheduler-multilevel-grouping/update-workspace-test,failure,Run TestCafe tests,https://github.com/DevExpress/DevExtreme/actions/runs/30442325140/job/90548432170
"29.07.26, 10:25:15",90548432184,30442325140,2,TestCafe tests,scheduler / common (3/3) - fluent,feature/scheduler-multilevel-grouping/update-workspace-test,failure,Run TestCafe tests,https://github.com/DevExpress/DevExtreme/actions/runs/30442325140/job/90548432184
"29.07.26, 10:40:51",90551774484,30442325140,3,TestCafe tests,scheduler / common (3/3) - fluent,feature/scheduler-multilevel-grouping/update-workspace-test,failure,Run TestCafe tests,https://github.com/DevExpress/DevExtreme/actions/runs/30442325140/job/90551774484
"29.07.26, 10:07:56",90544720639,30442199464,1,TestCafe tests,accessibility - dxdsfluent.dark,feature/26_2_new_fluent_theme_with_design_tokens,failure,Run TestCafe tests,https://github.com/DevExpress/DevExtreme/actions/runs/30442199464/job/90544720639
"29.07.26, 10:07:56",90544720669,30442199464,1,TestCafe tests,navigation - fluent,feature/26_2_new_fluent_theme_with_design_tokens,failure,Run TestCafe tests,https://github.com/DevExpress/DevExtreme/actions/runs/30442199464/job/90544720669
"29.07.26, 10:07:56",90544720731,30442199464,1,TestCafe tests,scheduler / common (2/3) - dxdsfluent,feature/26_2_new_fluent_theme_with_design_tokens,failure,Run TestCafe tests,https://github.com/DevExpress/DevExtreme/actions/runs/30442199464/job/90544720731
"29.07.26, 10:07:56",90544720751,30442199464,1,TestCafe tests,common - dxdsfluent,feature/26_2_new_fluent_theme_with_design_tokens,failure,Run TestCafe tests,https://github.com/DevExpress/DevExtreme/actions/runs/30442199464/job/90544720751
"29.07.26, 10:07:56",90544720778,30442199464,1,TestCafe tests,scheduler / viewOffset (1/2) - dxdsfluent,feature/26_2_new_fluent_theme_with_design_tokens,failure,Run TestCafe tests,https://github.com/DevExpress/DevExtreme/actions/runs/30442199464/job/90544720778
"29.07.26, 10:07:56",90544720790,30442199464,1,TestCafe tests,scheduler / common (1/3) - dxdsfluent,feature/26_2_new_fluent_theme_with_design_tokens,failure,Run TestCafe tests,https://github.com/DevExpress/DevExtreme/actions/runs/30442199464/job/90544720790
"29.07.26, 10:07:56",90544720800,30442199464,1,TestCafe tests,scheduler / viewOffset (2/2) - dxdsfluent,feature/26_2_new_fluent_theme_with_design_tokens,failure,Run TestCafe tests,https://github.com/DevExpress/DevExtreme/actions/runs/30442199464/job/90544720800
"29.07.26, 10:07:56",90544720807,30442199464,1,TestCafe tests,scheduler / timezones (America/Los_Angeles) - dxdsfluent,feature/26_2_new_fluent_theme_with_design_tokens,failure,Run TestCafe tests,https://github.com/DevExpress/DevExtreme/actions/runs/30442199464/job/90544720807
"29.07.26, 10:07:56",90544720809,30442199464,1,TestCafe tests,cardView - dxdsfluent,feature/26_2_new_fluent_theme_with_design_tokens,failure,Run TestCafe tests,https://github.com/DevExpress/DevExtreme/actions/runs/30442199464/job/90544720809
"29.07.26, 10:07:56",90544720823,30442199464,1,TestCafe tests,scheduler / timezones (Europe/Berlin) - dxdsfluent,feature/26_2_new_fluent_theme_with_design_tokens,failure,Run TestCafe tests,https://github.com/DevExpress/DevExtreme/actions/runs/30442199464/job/90544720823
"29.07.26, 10:07:56",90544720828,30442199464,1,TestCafe tests,editors - dxdsfluent,feature/26_2_new_fluent_theme_with_design_tokens,failure,Run TestCafe tests,https://github.com/DevExpress/DevExtreme/actions/runs/30442199464/job/90544720828
"29.07.26, 10:07:56",90544720832,30442199464,1,TestCafe tests,dataGrid (1/4) - dxdsfluent,feature/26_2_new_fluent_theme_with_design_tokens,failure,Run TestCafe tests,https://github.com/DevExpress/DevExtreme/actions/runs/30442199464/job/90544720832
"29.07.26, 10:07:56",90544720840,30442199464,1,TestCafe tests,scheduler / common (3/3) - dxdsfluent,feature/26_2_new_fluent_theme_with_design_tokens,failure,Run TestCafe tests,https://github.com/DevExpress/DevExtreme/actions/runs/30442199464/job/90544720840
"29.07.26, 10:07:56",90544720855,30442199464,1,TestCafe tests,dataGrid (3/4) - dxdsfluent,feature/26_2_new_fluent_theme_with_design_tokens,failure,Run TestCafe tests,https://github.com/DevExpress/DevExtreme/actions/runs/30442199464/job/90544720855
"29.07.26, 10:07:56",90544720856,30442199464,1,TestCafe tests,navigation - dxdsfluent,feature/26_2_new_fluent_theme_with_design_tokens,failure,Run TestCafe tests,https://github.com/DevExpress/DevExtreme/actions/runs/30442199464/job/90544720856
"29.07.26, 10:07:56",90544720867,30442199464,1,TestCafe tests,dataGrid (4/4) - dxdsfluent,feature/26_2_new_fluent_theme_with_design_tokens,failure,Run TestCafe tests,https://github.com/DevExpress/DevExtreme/actions/runs/30442199464/job/90544720867
"29.07.26, 10:07:56",90544720975,30442199464,1,TestCafe tests,dataGrid (2/4) - dxdsfluent,feature/26_2_new_fluent_theme_with_design_tokens,failure,Run TestCafe tests,https://github.com/DevExpress/DevExtreme/actions/runs/30442199464/job/90544720975
"29.07.26, 10:27:06",90548829863,30442199464,1,TestCafe tests,quarantine,feature/26_2_new_fluent_theme_with_design_tokens,failure,Run quarantined tests,https://github.com/DevExpress/DevExtreme/actions/runs/30442199464/job/90548829863
"29.07.26, 09:54:09",90541666501,30441076642,1,TestCafe tests,accessibility - fluent.dark,feature/26_2_new_fluent_theme_with_design_tokens,failure,Run TestCafe tests,https://github.com/DevExpress/DevExtreme/actions/runs/30441076642/job/90541666501
"29.07.26, 09:54:09",90541666571,30441076642,1,TestCafe tests,navigation - fluent,feature/26_2_new_fluent_theme_with_design_tokens,failure,Run TestCafe tests,https://github.com/DevExpress/DevExtreme/actions/runs/30441076642/job/90541666571
"29.07.26, 09:54:09",90541666584,30441076642,1,TestCafe tests,accessibility - dxdsfluent.dark,feature/26_2_new_fluent_theme_with_design_tokens,failure,Run TestCafe tests,https://github.com/DevExpress/DevExtreme/actions/runs/30441076642/job/90541666584
"29.07.26, 09:54:09",90541666710,30441076642,1,TestCafe tests,scheduler / common (2/3) - dxdsfluent,feature/26_2_new_fluent_theme_with_design_tokens,cancelled,Run TestCafe tests,https://github.com/DevExpress/DevExtreme/actions/runs/30441076642/job/90541666710
"29.07.26, 09:54:09",90541666713,30441076642,1,TestCafe tests,scheduler / timezones (America/Los_Angeles) - dxdsfluent,feature/26_2_new_fluent_theme_with_design_tokens,failure,Run TestCafe tests,https://github.com/DevExpress/DevExtreme/actions/runs/30441076642/job/90541666713
"29.07.26, 09:54:09",90541666719,30441076642,1,TestCafe tests,navigation - dxdsfluent,feature/26_2_new_fluent_theme_with_design_tokens,failure,Run TestCafe tests,https://github.com/DevExpress/DevExtreme/actions/runs/30441076642/job/90541666719
"29.07.26, 09:54:09",90541666727,30441076642,1,TestCafe tests,dataGrid (1/4) - dxdsfluent,feature/26_2_new_fluent_theme_with_design_tokens,cancelled,Run TestCafe tests,https://github.com/DevExpress/DevExtreme/actions/runs/30441076642/job/90541666727
"29.07.26, 09:54:09",90541666730,30441076642,1,TestCafe tests,dataGrid (2/4) - dxdsfluent,feature/26_2_new_fluent_theme_with_design_tokens,cancelled,Run TestCafe tests,https://github.com/DevExpress/DevExtreme/actions/runs/30441076642/job/90541666730
"29.07.26, 09:54:09",90541666753,30441076642,1,TestCafe tests,scheduler / timezones (Europe/Berlin) - dxdsfluent,feature/26_2_new_fluent_theme_with_design_tokens,failure,Run TestCafe tests,https://github.com/DevExpress/DevExtreme/actions/runs/30441076642/job/90541666753
"29.07.26, 09:54:09",90541666767,30441076642,1,TestCafe tests,dataGrid (4/4) - dxdsfluent,feature/26_2_new_fluent_theme_with_design_tokens,cancelled,Run TestCafe tests,https://github.com/DevExpress/DevExtreme/actions/runs/30441076642/job/90541666767
"29.07.26, 09:54:09",90541666771,30441076642,1,TestCafe tests,scheduler / viewOffset (2/2) - dxdsfluent,feature/26_2_new_fluent_theme_with_design_tokens,cancelled,Run TestCafe tests,https://github.com/DevExpress/DevExtreme/actions/runs/30441076642/job/90541666771
"29.07.26, 09:54:09",90541666772,30441076642,1,TestCafe tests,common - dxdsfluent,feature/26_2_new_fluent_theme_with_design_tokens,cancelled,Run TestCafe tests,https://github.com/DevExpress/DevExtreme/actions/runs/30441076642/job/90541666772
"29.07.26, 09:54:09",90541666774,30441076642,1,TestCafe tests,dataGrid (3/4) - dxdsfluent,feature/26_2_new_fluent_theme_with_design_tokens,cancelled,Run TestCafe tests,https://github.com/DevExpress/DevExtreme/actions/runs/30441076642/job/90541666774
"29.07.26, 09:54:09",90541666786,30441076642,1,TestCafe tests,editors - dxdsfluent,feature/26_2_new_fluent_theme_with_design_tokens,cancelled,Run TestCafe tests,https://github.com/DevExpress/DevExtreme/actions/runs/30441076642/job/90541666786
"29.07.26, 09:54:09",90541666793,30441076642,1,TestCafe tests,cardView - dxdsfluent,feature/26_2_new_fluent_theme_with_design_tokens,failure,Run TestCafe tests,https://github.com/DevExpress/DevExtreme/actions/runs/30441076642/job/90541666793
"29.07.26, 09:54:09",90541666807,30441076642,1,TestCafe tests,scheduler / viewOffset (1/2) - dxdsfluent,feature/26_2_new_fluent_theme_with_design_tokens,cancelled,Run TestCafe tests,https://github.com/DevExpress/DevExtreme/actions/runs/30441076642/job/90541666807
"29.07.26, 09:54:09",90541666849,30441076642,1,TestCafe tests,scheduler / common (1/3) - dxdsfluent,feature/26_2_new_fluent_theme_with_design_tokens,cancelled,Run TestCafe tests,https://github.com/DevExpress/DevExtreme/actions/runs/30441076642/job/90541666849
"29.07.26, 09:54:09",90541666886,30441076642,1,TestCafe tests,scheduler / common (3/3) - dxdsfluent,feature/26_2_new_fluent_theme_with_design_tokens,cancelled,Run TestCafe tests,https://github.com/DevExpress/DevExtreme/actions/runs/30441076642/job/90541666886
"29.07.26, 10:04:33",90543981183,30441076642,1,TestCafe tests,quarantine,feature/26_2_new_fluent_theme_with_design_tokens,cancelled,,https://github.com/DevExpress/DevExtreme/actions/runs/30441076642/job/90543981183
"29.07.26, 10:04:33",90543981298,30441076642,1,TestCafe tests,Send notifications,feature/26_2_new_fluent_theme_with_design_tokens,cancelled,,https://github.com/DevExpress/DevExtreme/actions/runs/30441076642/job/90543981298
"29.07.26, 08:24:21",90521760288,30435351664,1,TestCafe tests,Build DevExtreme,feature/systemjs-remove-from-qunit-testinng,cancelled,Show nx cache contents before save,https://github.com/DevExpress/DevExtreme/actions/runs/30435351664/job/90521760288
"29.07.26, 08:25:04",90521911422,30435351664,1,TestCafe tests,${{ matrix.name }}${{ ((!matrix.theme && ' - fluent') || '') }},feature/systemjs-remove-from-qunit-testinng,cancelled,,https://github.com/DevExpress/DevExtreme/actions/runs/30435351664/job/90521911422
"29.07.26, 08:25:04",90521911847,30435351664,1,TestCafe tests,quarantine,feature/systemjs-remove-from-qunit-testinng,cancelled,,https://github.com/DevExpress/DevExtreme/actions/runs/30435351664/job/90521911847
"29.07.26, 08:25:04",90521912591,30435351664,1,TestCafe tests,Send notifications,feature/systemjs-remove-from-qunit-testinng,cancelled,,https://github.com/DevExpress/DevExtreme/actions/runs/30435351664/job/90521912591
"29.07.26, 07:13:35",90507592280,30430513278,1,TestCafe tests,accessibility - fluent,feature/systemjs-remove-from-qunit-testinng,failure,,https://github.com/DevExpress/DevExtreme/actions/runs/30430513278/job/90507592280
"29.07.26, 00:56:03",90451960666,30412604181,1,TestCafe tests,Check if tests should run,feature/remove-systemjs-demos,cancelled,Run actions/checkout@v6,https://github.com/DevExpress/DevExtreme/actions/runs/30412604181/job/90451960666
"29.07.26, 00:56:19",90451999312,30412604181,1,TestCafe tests,Determine TestCafe matrix,feature/remove-systemjs-demos,cancelled,,https://github.com/DevExpress/DevExtreme/actions/runs/30412604181/job/90451999312
"29.07.26, 00:56:19",90451999320,30412604181,1,TestCafe tests,Build DevExtreme,feature/remove-systemjs-demos,cancelled,,https://github.com/DevExpress/DevExtreme/actions/runs/30412604181/job/90451999320
"29.07.26, 00:56:19",90451999647,30412604181,1,TestCafe tests,${{ matrix.name }}${{ ((!matrix.theme && ' - fluent') || '') }},feature/remove-systemjs-demos,cancelled,,https://github.com/DevExpress/DevExtreme/actions/runs/30412604181/job/90451999647
"29.07.26, 00:56:19",90451999678,30412604181,1,TestCafe tests,Send notifications,feature/remove-systemjs-demos,cancelled,,https://github.com/DevExpress/DevExtreme/actions/runs/30412604181/job/90451999678
"29.07.26, 00:56:19",90451999801,30412604181,1,TestCafe tests,quarantine,feature/remove-systemjs-demos,cancelled,,https://github.com/DevExpress/DevExtreme/actions/runs/30412604181/job/90451999801
"29.07.26, 22:06:00",90721264734,30494882765,1,Themebuilder and Styles tests,test,feature/systemjs-remove-from-qunit-testinng,cancelled,Setup pnpm cache,https://github.com/DevExpress/DevExtreme/actions/runs/30494882765/job/90721264734
"29.07.26, 22:06:42",90721411143,30494882765,1,Themebuilder and Styles tests,Send notifications,feature/systemjs-remove-from-qunit-testinng,cancelled,,https://github.com/DevExpress/DevExtreme/actions/runs/30494882765/job/90721411143
"29.07.26, 16:48:13",90645681975,30472412634,1,Themebuilder and Styles tests,test,T1329677,cancelled,Use Node.js,https://github.com/DevExpress/DevExtreme/actions/runs/30472412634/job/90645681975
"29.07.26, 16:48:30",90645755234,30472412634,1,Themebuilder and Styles tests,Send notifications,T1329677,cancelled,,https://github.com/DevExpress/DevExtreme/actions/runs/30472412634/job/90645755234
"29.07.26, 13:27:33",90589911637,30456092760,1,Themebuilder and Styles tests,test,feature/26_2_new_fluent_theme_with_design_tokens_add_etalons,cancelled,,https://github.com/DevExpress/DevExtreme/actions/runs/30456092760/job/90589911637
"29.07.26, 13:27:34",90589916032,30456092760,1,Themebuilder and Styles tests,Send notifications,feature/26_2_new_fluent_theme_with_design_tokens_add_etalons,cancelled,,https://github.com/DevExpress/DevExtreme/actions/runs/30456092760/job/90589916032
"29.07.26, 11:59:55",90568722230,30449751412,1,Themebuilder and Styles tests,test,fix/T1332943,cancelled,Use Node.js,https://github.com/DevExpress/DevExtreme/actions/runs/30449751412/job/90568722230
"29.07.26, 12:01:31",90569093735,30449751412,1,Themebuilder and Styles tests,Send notifications,fix/T1332943,cancelled,,https://github.com/DevExpress/DevExtreme/actions/runs/30449751412/job/90569093735
"29.07.26, 11:50:02",90566567083,30449096859,1,Themebuilder and Styles tests,test,datagrid_qunit_tests_replace_theme_26_2,cancelled,Post Setup pnpm cache,https://github.com/DevExpress/DevExtreme/actions/runs/30449096859/job/90566567083
"29.07.26, 11:53:13",90567268144,30449096859,1,Themebuilder and Styles tests,Send notifications,datagrid_qunit_tests_replace_theme_26_2,cancelled,,https://github.com/DevExpress/DevExtreme/actions/runs/30449096859/job/90567268144
"29.07.26, 11:21:09",90560467519,30447228143,1,Themebuilder and Styles tests,test,datagrid_qunit_tests_replace_theme_26_2,cancelled,Install dependencies,https://github.com/DevExpress/DevExtreme/actions/runs/30447228143/job/90560467519
"29.07.26, 11:22:20",90560718845,30447228143,1,Themebuilder and Styles tests,Send notifications,datagrid_qunit_tests_replace_theme_26_2,cancelled,,https://github.com/DevExpress/DevExtreme/actions/runs/30447228143/job/90560718845
"29.07.26, 08:23:58",90521677769,30435351688,1,Themebuilder and Styles tests,test,feature/systemjs-remove-from-qunit-testinng,failure,Install dependencies,https://github.com/DevExpress/DevExtreme/actions/runs/30435351688/job/90521677769
"29.07.26, 00:56:03",90451961091,30412604240,1,Themebuilder and Styles tests,test,feature/remove-systemjs-demos,cancelled,Get sources,https://github.com/DevExpress/DevExtreme/actions/runs/30412604240/job/90451961091
"29.07.26, 00:56:18",90451998200,30412604240,1,Themebuilder and Styles tests,Send notifications,feature/remove-systemjs-demos,cancelled,,https://github.com/DevExpress/DevExtreme/actions/runs/30412604240/job/90451998200
"29.07.26, 22:06:00",90721264630,30494882687,1,TS Declarations,validate-declarations,feature/systemjs-remove-from-qunit-testinng,cancelled,Install dependencies,https://github.com/DevExpress/DevExtreme/actions/runs/30494882687/job/90721264630
"29.07.26, 22:06:00",90721264680,30494882687,1,TS Declarations,check-ts-bundle,feature/systemjs-remove-from-qunit-testinng,cancelled,Setup pnpm cache,https://github.com/DevExpress/DevExtreme/actions/runs/30494882687/job/90721264680
"29.07.26, 22:06:55",90721451977,30494882687,1,TS Declarations,Send notifications,feature/systemjs-remove-from-qunit-testinng,cancelled,,https://github.com/DevExpress/DevExtreme/actions/runs/30494882687/job/90721451977
"29.07.26, 16:48:09",90645662426,30472407146,1,TS Declarations,validate-declarations,T1329677,cancelled,Use Node.js,https://github.com/DevExpress/DevExtreme/actions/runs/30472407146/job/90645662426
"29.07.26, 16:48:09",90645662485,30472407146,1,TS Declarations,check-ts-bundle,T1329677,cancelled,Use Node.js,https://github.com/DevExpress/DevExtreme/actions/runs/30472407146/job/90645662485
"29.07.26, 16:48:32",90645764503,30472407146,1,TS Declarations,Send notifications,T1329677,cancelled,,https://github.com/DevExpress/DevExtreme/actions/runs/30472407146/job/90645764503
"29.07.26, 13:27:33",90589911353,30456092526,1,TS Declarations,check-ts-bundle,feature/26_2_new_fluent_theme_with_design_tokens_add_etalons,cancelled,,https://github.com/DevExpress/DevExtreme/actions/runs/30456092526/job/90589911353
"29.07.26, 13:27:33",90589911407,30456092526,1,TS Declarations,validate-declarations,feature/26_2_new_fluent_theme_with_design_tokens_add_etalons,cancelled,,https://github.com/DevExpress/DevExtreme/actions/runs/30456092526/job/90589911407
"29.07.26, 13:27:34",90589916353,30456092526,1,TS Declarations,Send notifications,feature/26_2_new_fluent_theme_with_design_tokens_add_etalons,cancelled,,https://github.com/DevExpress/DevExtreme/actions/runs/30456092526/job/90589916353
"29.07.26, 11:59:55",90568723122,30449751788,1,TS Declarations,check-ts-bundle,fix/T1332943,cancelled,Use Node.js,https://github.com/DevExpress/DevExtreme/actions/runs/30449751788/job/90568723122
"29.07.26, 11:59:55",90568723232,30449751788,1,TS Declarations,validate-declarations,fix/T1332943,cancelled,Use Node.js,https://github.com/DevExpress/DevExtreme/actions/runs/30449751788/job/90568723232
"29.07.26, 12:01:32",90569096649,30449751788,1,TS Declarations,Send notifications,fix/T1332943,cancelled,,https://github.com/DevExpress/DevExtreme/actions/runs/30449751788/job/90569096649
"29.07.26, 11:21:09",90560468076,30447228154,1,TS Declarations,check-ts-bundle,datagrid_qunit_tests_replace_theme_26_2,cancelled,Install dependencies,https://github.com/DevExpress/DevExtreme/actions/runs/30447228154/job/90560468076
"29.07.26, 11:21:09",90560468123,30447228154,1,TS Declarations,validate-declarations,datagrid_qunit_tests_replace_theme_26_2,cancelled,Install dependencies,https://github.com/DevExpress/DevExtreme/actions/runs/30447228154/job/90560468123
"29.07.26, 11:22:29",90560753945,30447228154,1,TS Declarations,Send notifications,datagrid_qunit_tests_replace_theme_26_2,cancelled,,https://github.com/DevExpress/DevExtreme/actions/runs/30447228154/job/90560753945
"29.07.26, 08:23:57",90521677616,30435351718,1,TS Declarations,check-ts-bundle,feature/systemjs-remove-from-qunit-testinng,failure,Install dependencies,https://github.com/DevExpress/DevExtreme/actions/runs/30435351718/job/90521677616
"29.07.26, 08:23:57",90521677687,30435351718,1,TS Declarations,validate-declarations,feature/systemjs-remove-from-qunit-testinng,failure,Install dependencies,https://github.com/DevExpress/DevExtreme/actions/runs/30435351718/job/90521677687
"29.07.26, 00:56:03",90451961040,30412604227,1,TS Declarations,check-ts-bundle,feature/remove-systemjs-demos,cancelled,Get sources,https://github.com/DevExpress/DevExtreme/actions/runs/30412604227/job/90451961040
"29.07.26, 00:56:03",90451961104,30412604227,1,TS Declarations,validate-declarations,feature/remove-systemjs-demos,cancelled,Get sources,https://github.com/DevExpress/DevExtreme/actions/runs/30412604227/job/90451961104
"29.07.26, 00:56:18",90451998897,30412604227,1,TS Declarations,Send notifications,feature/remove-systemjs-demos,cancelled,,https://github.com/DevExpress/DevExtreme/actions/runs/30412604227/job/90451998897
"29.07.26, 22:39:22",90727712742,30495768685,1,Demos Visual Tests,${{ matrix.CONSTEL }}-screenshots-${{ matrix.THEME }},feature/systemjs-remove-from-qunit-testinng,cancelled,,https://github.com/DevExpress/DevExtreme/actions/runs/30495768685/job/90727712742
"29.07.26, 22:47:24",90729153462,30495768685,1,Demos Visual Tests,merge-artifacts,feature/systemjs-remove-from-qunit-testinng,cancelled,,https://github.com/DevExpress/DevExtreme/actions/runs/30495768685/job/90729153462
"29.07.26, 22:02:54",90720623848,30494046161,1,Demos Visual Tests,jquery(7/9)-screenshots-dxdsfluent.blue.light,feature/26_2_new_fluent_theme_with_design_tokens,failure,Run TestCafe tests (jQuery),https://github.com/DevExpress/DevExtreme/actions/runs/30494046161/job/90720623848
"29.07.26, 22:07:52",90721648387,30494046161,1,Demos Visual Tests,vue-screenshots-dxdsfluent.blue.light,feature/26_2_new_fluent_theme_with_design_tokens,failure,Run TestCafe tests,https://github.com/DevExpress/DevExtreme/actions/runs/30494046161/job/90721648387
"29.07.26, 22:07:52",90721648393,30494046161,1,Demos Visual Tests,vue-screenshots-fluent.blue.light,feature/26_2_new_fluent_theme_with_design_tokens,failure,Run TestCafe tests,https://github.com/DevExpress/DevExtreme/actions/runs/30494046161/job/90721648393
"29.07.26, 22:07:52",90721648420,30494046161,1,Demos Visual Tests,angular-screenshots-fluent.blue.light,feature/26_2_new_fluent_theme_with_design_tokens,failure,Run TestCafe tests,https://github.com/DevExpress/DevExtreme/actions/runs/30494046161/job/90721648420
"29.07.26, 22:07:52",90721648433,30494046161,1,Demos Visual Tests,react-screenshots-fluent.blue.light,feature/26_2_new_fluent_theme_with_design_tokens,failure,Run TestCafe tests,https://github.com/DevExpress/DevExtreme/actions/runs/30494046161/job/90721648433
"29.07.26, 22:07:51",90721646298,30493566736,1,Demos Visual Tests,Check generated demos (changed only),feature/systemjs-remove-from-qunit-testinng,cancelled,,https://github.com/DevExpress/DevExtreme/actions/runs/30493566736/job/90721646298
"29.07.26, 22:12:13",90722496562,30493566736,1,Demos Visual Tests,${{ matrix.CONSTEL }}-screenshots-${{ matrix.THEME }},feature/systemjs-remove-from-qunit-testinng,cancelled,,https://github.com/DevExpress/DevExtreme/actions/runs/30493566736/job/90722496562
"29.07.26, 22:25:56",90725210294,30493566736,1,Demos Visual Tests,merge-artifacts,feature/systemjs-remove-from-qunit-testinng,cancelled,,https://github.com/DevExpress/DevExtreme/actions/runs/30493566736/job/90725210294
"29.07.26, 21:47:20",90717452285,30492820063,1,Demos Visual Tests,${{ matrix.CONSTEL }}-screenshots-${{ matrix.THEME }},feature/systemjs-remove-from-qunit-testinng,cancelled,,https://github.com/DevExpress/DevExtreme/actions/runs/30492820063/job/90717452285
"29.07.26, 21:56:47",90719374823,30492820063,1,Demos Visual Tests,merge-artifacts,feature/systemjs-remove-from-qunit-testinng,cancelled,,https://github.com/DevExpress/DevExtreme/actions/runs/30492820063/job/90719374823
"29.07.26, 16:55:46",90647596066,30472456630,1,Demos Visual Tests,jquery-accessibility-dxdsfluent.blue.light,feature/26_2_new_fluent_theme_with_design_tokens_add_testcafe_etalons,failure,Run TestCafe tests (jQuery),https://github.com/DevExpress/DevExtreme/actions/runs/30472456630/job/90647596066
"29.07.26, 16:48:16",90645693624,30472407150,1,Demos Visual Tests,Get changed demos,T1329677,cancelled,Get sources,https://github.com/DevExpress/DevExtreme/actions/runs/30472407150/job/90645693624
"29.07.26, 16:48:31",90645756452,30472407150,1,Demos Visual Tests,Determine scope for framework tests,T1329677,cancelled,,https://github.com/DevExpress/DevExtreme/actions/runs/30472407150/job/90645756452
"29.07.26, 16:48:31",90645756853,30472407150,1,Demos Visual Tests,Build DevExtreme,T1329677,cancelled,,https://github.com/DevExpress/DevExtreme/actions/runs/30472407150/job/90645756853
"29.07.26, 16:48:31",90645757690,30472407150,1,Demos Visual Tests,Determine jQuery test matrix,T1329677,cancelled,,https://github.com/DevExpress/DevExtreme/actions/runs/30472407150/job/90645757690
"29.07.26, 16:48:31",90645757713,30472407150,1,Demos Visual Tests,Build Demos Bundles,T1329677,cancelled,,https://github.com/DevExpress/DevExtreme/actions/runs/30472407150/job/90645757713
"29.07.26, 16:48:31",90645757781,30472407150,1,Demos Visual Tests,Check generated demos,T1329677,cancelled,,https://github.com/DevExpress/DevExtreme/actions/runs/30472407150/job/90645757781
"29.07.26, 16:48:31",90645757798,30472407150,1,Demos Visual Tests,Check generated demos (changed only),T1329677,cancelled,,https://github.com/DevExpress/DevExtreme/actions/runs/30472407150/job/90645757798
"29.07.26, 16:48:31",90645757809,30472407150,1,Demos Visual Tests,Check TS and lint code base,T1329677,cancelled,,https://github.com/DevExpress/DevExtreme/actions/runs/30472407150/job/90645757809
"29.07.26, 16:48:31",90645757891,30472407150,1,Demos Visual Tests,"matrix.SHARD_TOTAL == 1 && format('CSP check ({0})', matrix.FRAMEWORK) || format('CSP check ({0} {1}/{2})', matrix.FRAMEWORK, matrix.SHARD_INDEX, matrix.SHARD_TOTAL)",T1329677,cancelled,,https://github.com/DevExpress/DevExtreme/actions/runs/30472407150/job/90645757891
"29.07.26, 16:48:31",90645758144,30472407150,1,Demos Visual Tests,${{ matrix.CONSTEL }}-screenshots-${{ matrix.THEME }},T1329677,cancelled,,https://github.com/DevExpress/DevExtreme/actions/runs/30472407150/job/90645758144
"29.07.26, 16:48:31",90645758298,30472407150,1,Demos Visual Tests,${{ matrix.CONSTEL }}-screenshots-${{ matrix.THEME }},T1329677,cancelled,,https://github.com/DevExpress/DevExtreme/actions/runs/30472407150/job/90645758298
"29.07.26, 16:48:31",90645758454,30472407150,1,Demos Visual Tests,${{ matrix.CONSTEL }}-${{ matrix.STRATEGY }}-${{ matrix.THEME }},T1329677,cancelled,,https://github.com/DevExpress/DevExtreme/actions/runs/30472407150/job/90645758454
"29.07.26, 16:48:31",90645758492,30472407150,1,Demos Visual Tests,CSP check (jQuery),T1329677,cancelled,,https://github.com/DevExpress/DevExtreme/actions/runs/30472407150/job/90645758492
"29.07.26, 16:48:31",90645759070,30472407150,1,Demos Visual Tests,merge-artifacts,T1329677,cancelled,,https://github.com/DevExpress/DevExtreme/actions/runs/30472407150/job/90645759070
"29.07.26, 16:55:34",90647544593,30472214403,1,Demos Visual Tests,CSP check (Angular 1/3),feature/systemjs-remove-from-qunit-testinng,failure,,https://github.com/DevExpress/DevExtreme/actions/runs/30472214403/job/90647544593
"29.07.26, 16:50:48",90646330145,30472115071,1,Demos Visual Tests,jquery(2/3)-screenshots-fluent.blue.light,feature/26_2_popover_support_content_reading,failure,Run TestCafe tests (jQuery),https://github.com/DevExpress/DevExtreme/actions/runs/30472115071/job/90646330145
"29.07.26, 16:54:09",90647181058,30472073851,1,Demos Visual Tests,jquery-accessibility-dxdsfluent.blue.dark,feature/26_2_new_fluent_theme_with_design_tokens,failure,Run TestCafe tests (jQuery),https://github.com/DevExpress/DevExtreme/actions/runs/30472073851/job/90647181058
"29.07.26, 16:58:59",90648420343,30472073851,1,Demos Visual Tests,vue-screenshots-dxdsfluent.blue.light,feature/26_2_new_fluent_theme_with_design_tokens,failure,Run TestCafe tests,https://github.com/DevExpress/DevExtreme/actions/runs/30472073851/job/90648420343
"29.07.26, 16:58:59",90648420382,30472073851,1,Demos Visual Tests,angular-screenshots-fluent.blue.light,feature/26_2_new_fluent_theme_with_design_tokens,failure,Run TestCafe tests,https://github.com/DevExpress/DevExtreme/actions/runs/30472073851/job/90648420382
"29.07.26, 16:58:59",90648420427,30472073851,1,Demos Visual Tests,vue-screenshots-fluent.blue.light,feature/26_2_new_fluent_theme_with_design_tokens,failure,Run TestCafe tests,https://github.com/DevExpress/DevExtreme/actions/runs/30472073851/job/90648420427
"29.07.26, 16:58:59",90648420440,30472073851,1,Demos Visual Tests,react-screenshots-fluent.blue.light,feature/26_2_new_fluent_theme_with_design_tokens,failure,Run TestCafe tests,https://github.com/DevExpress/DevExtreme/actions/runs/30472073851/job/90648420440
"29.07.26, 16:31:26",90641282936,30470091596,1,Demos Visual Tests,angular(1/10)-screenshots-fluent.blue.light,feature/systemjs-remove-from-qunit-testinng,failure,,https://github.com/DevExpress/DevExtreme/actions/runs/30470091596/job/90641282936
"29.07.26, 16:31:26",90641282981,30470091596,1,Demos Visual Tests,vue(3/5)-screenshots-fluent.blue.light,feature/systemjs-remove-from-qunit-testinng,failure,Run TestCafe tests,https://github.com/DevExpress/DevExtreme/actions/runs/30470091596/job/90641282981
"29.07.26, 15:55:24",90631500899,30467274864,1,Demos Visual Tests,vue(2/5)-screenshots-fluent.blue.light,feature/systemjs-remove-from-qunit-testinng,failure,Run TestCafe tests,https://github.com/DevExpress/DevExtreme/actions/runs/30467274864/job/90631500899
"29.07.26, 15:55:24",90631500980,30467274864,1,Demos Visual Tests,vue(1/5)-screenshots-fluent.blue.light,feature/systemjs-remove-from-qunit-testinng,failure,Run TestCafe tests,https://github.com/DevExpress/DevExtreme/actions/runs/30467274864/job/90631500980
"29.07.26, 15:31:05",90624544846,30465623110,1,Demos Visual Tests,jquery(5/9)-screenshots-dxdsfluent.blue.light,feature/26_2_new_fluent_theme_with_design_tokens_add_etalons,failure,Run TestCafe tests (jQuery),https://github.com/DevExpress/DevExtreme/actions/runs/30465623110/job/90624544846
"29.07.26, 15:31:05",90624544878,30465623110,1,Demos Visual Tests,jquery(4/9)-screenshots-dxdsfluent.blue.light,feature/26_2_new_fluent_theme_with_design_tokens_add_etalons,failure,Run TestCafe tests (jQuery),https://github.com/DevExpress/DevExtreme/actions/runs/30465623110/job/90624544878
"29.07.26, 15:31:05",90624544908,30465623110,1,Demos Visual Tests,jquery(9/9)-screenshots-dxdsfluent.blue.light,feature/26_2_new_fluent_theme_with_design_tokens_add_etalons,failure,Run TestCafe tests (jQuery),https://github.com/DevExpress/DevExtreme/actions/runs/30465623110/job/90624544908
"29.07.26, 15:31:05",90624544909,30465623110,1,Demos Visual Tests,jquery(1/9)-screenshots-dxdsfluent.blue.light,feature/26_2_new_fluent_theme_with_design_tokens_add_etalons,failure,Run TestCafe tests (jQuery),https://github.com/DevExpress/DevExtreme/actions/runs/30465623110/job/90624544909
"29.07.26, 15:31:05",90624544938,30465623110,1,Demos Visual Tests,jquery(8/9)-screenshots-dxdsfluent.blue.light,feature/26_2_new_fluent_theme_with_design_tokens_add_etalons,failure,Run TestCafe tests (jQuery),https://github.com/DevExpress/DevExtreme/actions/runs/30465623110/job/90624544938
"29.07.26, 15:31:05",90624544946,30465623110,1,Demos Visual Tests,jquery(7/9)-screenshots-dxdsfluent.blue.light,feature/26_2_new_fluent_theme_with_design_tokens_add_etalons,failure,Run TestCafe tests (jQuery),https://github.com/DevExpress/DevExtreme/actions/runs/30465623110/job/90624544946
"29.07.26, 15:31:05",90624544972,30465623110,1,Demos Visual Tests,jquery(2/9)-screenshots-dxdsfluent.blue.light,feature/26_2_new_fluent_theme_with_design_tokens_add_etalons,failure,Run TestCafe tests (jQuery),https://github.com/DevExpress/DevExtreme/actions/runs/30465623110/job/90624544972
"29.07.26, 15:17:53",90620960282,30464414834,1,Demos Visual Tests,jquery-accessibility-fluent.blue.light,feature/systemjs-remove-from-qunit-testinng,failure,Run TestCafe tests (jQuery),https://github.com/DevExpress/DevExtreme/actions/runs/30464414834/job/90620960282
"29.07.26, 14:43:50",90611268267,30460987588,1,Demos Visual Tests,merge-artifacts,dmlvr-feature/26_2_popover_support_content_reading,cancelled,,https://github.com/DevExpress/DevExtreme/actions/runs/30460987588/job/90611268267
"29.07.26, 14:37:55",90609576881,30460579745,1,Demos Visual Tests,merge-artifacts,qunit_fluent_part_1_26_1,cancelled,,https://github.com/DevExpress/DevExtreme/actions/runs/30460579745/job/90609576881
"29.07.26, 14:25:23",90605980238,30460100977,1,Demos Visual Tests,jquery(3/9)-screenshots-dxdsfluent.blue.light,feature/26_2_new_fluent_theme_with_design_tokens_add_etalons,failure,Run TestCafe tests (jQuery),https://github.com/DevExpress/DevExtreme/actions/runs/30460100977/job/90605980238
"29.07.26, 14:25:23",90605980284,30460100977,1,Demos Visual Tests,jquery(4/9)-screenshots-dxdsfluent.blue.light,feature/26_2_new_fluent_theme_with_design_tokens_add_etalons,failure,Run TestCafe tests (jQuery),https://github.com/DevExpress/DevExtreme/actions/runs/30460100977/job/90605980284
"29.07.26, 14:25:23",90605980292,30460100977,1,Demos Visual Tests,jquery-accessibility-material.blue.light,feature/26_2_new_fluent_theme_with_design_tokens_add_etalons,failure,Run TestCafe tests (jQuery),https://github.com/DevExpress/DevExtreme/actions/runs/30460100977/job/90605980292
"29.07.26, 14:25:23",90605980310,30460100977,1,Demos Visual Tests,jquery(9/9)-screenshots-dxdsfluent.blue.light,feature/26_2_new_fluent_theme_with_design_tokens_add_etalons,failure,Run TestCafe tests (jQuery),https://github.com/DevExpress/DevExtreme/actions/runs/30460100977/job/90605980310
"29.07.26, 14:25:23",90605980315,30460100977,1,Demos Visual Tests,jquery(1/9)-screenshots-dxdsfluent.blue.light,feature/26_2_new_fluent_theme_with_design_tokens_add_etalons,failure,Run TestCafe tests (jQuery),https://github.com/DevExpress/DevExtreme/actions/runs/30460100977/job/90605980315
"29.07.26, 14:25:23",90605980335,30460100977,1,Demos Visual Tests,jquery(6/9)-screenshots-dxdsfluent.blue.light,feature/26_2_new_fluent_theme_with_design_tokens_add_etalons,failure,Run TestCafe tests (jQuery),https://github.com/DevExpress/DevExtreme/actions/runs/30460100977/job/90605980335
"29.07.26, 14:25:23",90605980343,30460100977,1,Demos Visual Tests,jquery(2/9)-screenshots-dxdsfluent.blue.light,feature/26_2_new_fluent_theme_with_design_tokens_add_etalons,failure,Run TestCafe tests (jQuery),https://github.com/DevExpress/DevExtreme/actions/runs/30460100977/job/90605980343
"29.07.26, 14:25:23",90605980377,30460100977,1,Demos Visual Tests,jquery(7/9)-screenshots-dxdsfluent.blue.light,feature/26_2_new_fluent_theme_with_design_tokens_add_etalons,failure,Run TestCafe tests (jQuery),https://github.com/DevExpress/DevExtreme/actions/runs/30460100977/job/90605980377
"29.07.26, 14:25:23",90605980404,30460100977,1,Demos Visual Tests,jquery(5/9)-screenshots-dxdsfluent.blue.light,feature/26_2_new_fluent_theme_with_design_tokens_add_etalons,failure,Run TestCafe tests (jQuery),https://github.com/DevExpress/DevExtreme/actions/runs/30460100977/job/90605980404
"29.07.26, 14:25:23",90605980490,30460100977,1,Demos Visual Tests,jquery(8/9)-screenshots-dxdsfluent.blue.light,feature/26_2_new_fluent_theme_with_design_tokens_add_etalons,failure,Run TestCafe tests (jQuery),https://github.com/DevExpress/DevExtreme/actions/runs/30460100977/job/90605980490
"29.07.26, 14:08:03",90601070918,30458957003,1,Demos Visual Tests,jquery(2/9)-screenshots-dxdsfluent.blue.light,feature/26_2_new_fluent_theme_with_design_tokens_add_etalons,failure,Run TestCafe tests (jQuery),https://github.com/DevExpress/DevExtreme/actions/runs/30458957003/job/90601070918
"29.07.26, 14:08:03",90601070940,30458957003,1,Demos Visual Tests,jquery(1/9)-screenshots-dxdsfluent.blue.light,feature/26_2_new_fluent_theme_with_design_tokens_add_etalons,failure,Run TestCafe tests (jQuery),https://github.com/DevExpress/DevExtreme/actions/runs/30458957003/job/90601070940
"29.07.26, 14:08:03",90601070941,30458957003,1,Demos Visual Tests,jquery(4/9)-screenshots-dxdsfluent.blue.light,feature/26_2_new_fluent_theme_with_design_tokens_add_etalons,failure,Run TestCafe tests (jQuery),https://github.com/DevExpress/DevExtreme/actions/runs/30458957003/job/90601070941
"29.07.26, 14:08:03",90601070943,30458957003,1,Demos Visual Tests,jquery(6/9)-screenshots-dxdsfluent.blue.light,feature/26_2_new_fluent_theme_with_design_tokens_add_etalons,failure,Run TestCafe tests (jQuery),https://github.com/DevExpress/DevExtreme/actions/runs/30458957003/job/90601070943
"29.07.26, 14:08:03",90601070972,30458957003,1,Demos Visual Tests,jquery(8/9)-screenshots-dxdsfluent.blue.light,feature/26_2_new_fluent_theme_with_design_tokens_add_etalons,failure,Run TestCafe tests (jQuery),https://github.com/DevExpress/DevExtreme/actions/runs/30458957003/job/90601070972
"29.07.26, 14:08:03",90601070989,30458957003,1,Demos Visual Tests,jquery(9/9)-screenshots-dxdsfluent.blue.light,feature/26_2_new_fluent_theme_with_design_tokens_add_etalons,failure,Run TestCafe tests (jQuery),https://github.com/DevExpress/DevExtreme/actions/runs/30458957003/job/90601070989
"29.07.26, 14:08:03",90601071036,30458957003,1,Demos Visual Tests,jquery(7/9)-screenshots-dxdsfluent.blue.light,feature/26_2_new_fluent_theme_with_design_tokens_add_etalons,failure,Run TestCafe tests (jQuery),https://github.com/DevExpress/DevExtreme/actions/runs/30458957003/job/90601071036
"29.07.26, 14:08:03",90601071382,30458957003,1,Demos Visual Tests,jquery(3/9)-screenshots-dxdsfluent.blue.light,feature/26_2_new_fluent_theme_with_design_tokens_add_etalons,failure,Run TestCafe tests (jQuery),https://github.com/DevExpress/DevExtreme/actions/runs/30458957003/job/90601071382
"29.07.26, 14:08:03",90601072329,30458957003,1,Demos Visual Tests,jquery(5/9)-screenshots-dxdsfluent.blue.light,feature/26_2_new_fluent_theme_with_design_tokens_add_etalons,failure,Run TestCafe tests (jQuery),https://github.com/DevExpress/DevExtreme/actions/runs/30458957003/job/90601072329
"29.07.26, 13:50:52",90596226046,30457447895,1,Demos Visual Tests,jquery-accessibility-fluent.blue.light,feature/26_2_new_fluent_theme_with_design_tokens_add_etalons,failure,Run TestCafe tests (jQuery),https://github.com/DevExpress/DevExtreme/actions/runs/30457447895/job/90596226046
"29.07.26, 13:50:52",90596226050,30457447895,1,Demos Visual Tests,jquery(7/9)-screenshots-dxdsfluent.blue.light,feature/26_2_new_fluent_theme_with_design_tokens_add_etalons,failure,Run TestCafe tests (jQuery),https://github.com/DevExpress/DevExtreme/actions/runs/30457447895/job/90596226050
"29.07.26, 13:50:52",90596226068,30457447895,1,Demos Visual Tests,jquery(4/9)-screenshots-dxdsfluent.blue.light,feature/26_2_new_fluent_theme_with_design_tokens_add_etalons,failure,Run TestCafe tests (jQuery),https://github.com/DevExpress/DevExtreme/actions/runs/30457447895/job/90596226068
"29.07.26, 13:50:52",90596226096,30457447895,1,Demos Visual Tests,jquery(1/9)-screenshots-dxdsfluent.blue.light,feature/26_2_new_fluent_theme_with_design_tokens_add_etalons,failure,Run TestCafe tests (jQuery),https://github.com/DevExpress/DevExtreme/actions/runs/30457447895/job/90596226096
"29.07.26, 13:50:52",90596226098,30457447895,1,Demos Visual Tests,jquery(6/9)-screenshots-dxdsfluent.blue.light,feature/26_2_new_fluent_theme_with_design_tokens_add_etalons,failure,Run TestCafe tests (jQuery),https://github.com/DevExpress/DevExtreme/actions/runs/30457447895/job/90596226098
"29.07.26, 13:50:52",90596226100,30457447895,1,Demos Visual Tests,jquery(5/9)-screenshots-dxdsfluent.blue.light,feature/26_2_new_fluent_theme_with_design_tokens_add_etalons,failure,Run TestCafe tests (jQuery),https://github.com/DevExpress/DevExtreme/actions/runs/30457447895/job/90596226100
"29.07.26, 13:50:52",90596226101,30457447895,1,Demos Visual Tests,jquery(2/9)-screenshots-dxdsfluent.blue.light,feature/26_2_new_fluent_theme_with_design_tokens_add_etalons,failure,Run TestCafe tests (jQuery),https://github.com/DevExpress/DevExtreme/actions/runs/30457447895/job/90596226101
"29.07.26, 13:50:52",90596226145,30457447895,1,Demos Visual Tests,jquery(9/9)-screenshots-dxdsfluent.blue.light,feature/26_2_new_fluent_theme_with_design_tokens_add_etalons,failure,Run TestCafe tests (jQuery),https://github.com/DevExpress/DevExtreme/actions/runs/30457447895/job/90596226145
"29.07.26, 13:50:52",90596226171,30457447895,1,Demos Visual Tests,jquery(3/9)-screenshots-dxdsfluent.blue.light,feature/26_2_new_fluent_theme_with_design_tokens_add_etalons,failure,Run TestCafe tests (jQuery),https://github.com/DevExpress/DevExtreme/actions/runs/30457447895/job/90596226171
"29.07.26, 13:50:52",90596226188,30457447895,1,Demos Visual Tests,jquery(8/9)-screenshots-dxdsfluent.blue.light,feature/26_2_new_fluent_theme_with_design_tokens_add_etalons,failure,Run TestCafe tests (jQuery),https://github.com/DevExpress/DevExtreme/actions/runs/30457447895/job/90596226188
"29.07.26, 13:50:13",90596039216,30457088226,1,Demos Visual Tests,jquery(8/9)-screenshots-dxdsfluent.blue.light,feature/26_2_new_fluent_theme_with_design_tokens,failure,Run TestCafe tests (jQuery),https://github.com/DevExpress/DevExtreme/actions/runs/30457088226/job/90596039216
"29.07.26, 13:50:13",90596039232,30457088226,1,Demos Visual Tests,jquery(5/9)-screenshots-dxdsfluent.blue.light,feature/26_2_new_fluent_theme_with_design_tokens,failure,Run TestCafe tests (jQuery),https://github.com/DevExpress/DevExtreme/actions/runs/30457088226/job/90596039232
"29.07.26, 13:50:13",90596039258,30457088226,1,Demos Visual Tests,jquery(6/9)-screenshots-dxdsfluent.blue.light,feature/26_2_new_fluent_theme_with_design_tokens,failure,Run TestCafe tests (jQuery),https://github.com/DevExpress/DevExtreme/actions/runs/30457088226/job/90596039258
"29.07.26, 13:50:13",90596039263,30457088226,1,Demos Visual Tests,jquery(2/9)-screenshots-dxdsfluent.blue.light,feature/26_2_new_fluent_theme_with_design_tokens,failure,Run TestCafe tests (jQuery),https://github.com/DevExpress/DevExtreme/actions/runs/30457088226/job/90596039263
"29.07.26, 13:50:13",90596039273,30457088226,1,Demos Visual Tests,jquery(4/9)-screenshots-dxdsfluent.blue.light,feature/26_2_new_fluent_theme_with_design_tokens,failure,Run TestCafe tests (jQuery),https://github.com/DevExpress/DevExtreme/actions/runs/30457088226/job/90596039273
"29.07.26, 13:50:13",90596039278,30457088226,1,Demos Visual Tests,jquery(1/9)-screenshots-dxdsfluent.blue.light,feature/26_2_new_fluent_theme_with_design_tokens,failure,Run TestCafe tests (jQuery),https://github.com/DevExpress/DevExtreme/actions/runs/30457088226/job/90596039278
"29.07.26, 13:50:13",90596039286,30457088226,1,Demos Visual Tests,jquery(7/9)-screenshots-dxdsfluent.blue.light,feature/26_2_new_fluent_theme_with_design_tokens,failure,Run TestCafe tests (jQuery),https://github.com/DevExpress/DevExtreme/actions/runs/30457088226/job/90596039286
"29.07.26, 13:50:13",90596039298,30457088226,1,Demos Visual Tests,jquery(9/9)-screenshots-dxdsfluent.blue.light,feature/26_2_new_fluent_theme_with_design_tokens,failure,Run TestCafe tests (jQuery),https://github.com/DevExpress/DevExtreme/actions/runs/30457088226/job/90596039298
"29.07.26, 13:50:13",90596039308,30457088226,1,Demos Visual Tests,jquery-accessibility-dxdsfluent.blue.dark,feature/26_2_new_fluent_theme_with_design_tokens,failure,Run TestCafe tests (jQuery),https://github.com/DevExpress/DevExtreme/actions/runs/30457088226/job/90596039308
"29.07.26, 13:50:13",90596039375,30457088226,1,Demos Visual Tests,jquery(3/9)-screenshots-dxdsfluent.blue.light,feature/26_2_new_fluent_theme_with_design_tokens,failure,Run TestCafe tests (jQuery),https://github.com/DevExpress/DevExtreme/actions/runs/30457088226/job/90596039375
"29.07.26, 13:55:22",90597474392,30457088226,1,Demos Visual Tests,react-screenshots-fluent.blue.light,feature/26_2_new_fluent_theme_with_design_tokens,failure,Run TestCafe tests,https://github.com/DevExpress/DevExtreme/actions/runs/30457088226/job/90597474392
"29.07.26, 13:55:22",90597474442,30457088226,1,Demos Visual Tests,angular-screenshots-dxdsfluent.blue.light,feature/26_2_new_fluent_theme_with_design_tokens,failure,Run TestCafe tests,https://github.com/DevExpress/DevExtreme/actions/runs/30457088226/job/90597474442
"29.07.26, 13:55:22",90597474451,30457088226,1,Demos Visual Tests,angular-screenshots-fluent.blue.light,feature/26_2_new_fluent_theme_with_design_tokens,failure,Run TestCafe tests,https://github.com/DevExpress/DevExtreme/actions/runs/30457088226/job/90597474451
"29.07.26, 13:55:22",90597474492,30457088226,1,Demos Visual Tests,vue-screenshots-dxdsfluent.blue.light,feature/26_2_new_fluent_theme_with_design_tokens,failure,Run TestCafe tests,https://github.com/DevExpress/DevExtreme/actions/runs/30457088226/job/90597474492
"29.07.26, 13:55:22",90597474522,30457088226,1,Demos Visual Tests,react-screenshots-dxdsfluent.blue.light,feature/26_2_new_fluent_theme_with_design_tokens,failure,Run TestCafe tests,https://github.com/DevExpress/DevExtreme/actions/runs/30457088226/job/90597474522
"29.07.26, 13:55:22",90597475420,30457088226,1,Demos Visual Tests,vue-screenshots-fluent.blue.light,feature/26_2_new_fluent_theme_with_design_tokens,failure,Run TestCafe tests,https://github.com/DevExpress/DevExtreme/actions/runs/30457088226/job/90597475420
"29.07.26, 14:18:03",90603906702,30457088226,2,Demos Visual Tests,jquery(2/9)-screenshots-dxdsfluent.blue.light,feature/26_2_new_fluent_theme_with_design_tokens,failure,Run TestCafe tests (jQuery),https://github.com/DevExpress/DevExtreme/actions/runs/30457088226/job/90603906702
"29.07.26, 14:18:04",90603906784,30457088226,2,Demos Visual Tests,jquery(1/9)-screenshots-dxdsfluent.blue.light,feature/26_2_new_fluent_theme_with_design_tokens,failure,Run TestCafe tests (jQuery),https://github.com/DevExpress/DevExtreme/actions/runs/30457088226/job/90603906784
"29.07.26, 14:18:04",90603906834,30457088226,2,Demos Visual Tests,jquery(3/9)-screenshots-dxdsfluent.blue.light,feature/26_2_new_fluent_theme_with_design_tokens,failure,Run TestCafe tests (jQuery),https://github.com/DevExpress/DevExtreme/actions/runs/30457088226/job/90603906834
"29.07.26, 14:18:04",90603906880,30457088226,2,Demos Visual Tests,jquery(4/9)-screenshots-dxdsfluent.blue.light,feature/26_2_new_fluent_theme_with_design_tokens,failure,Run TestCafe tests (jQuery),https://github.com/DevExpress/DevExtreme/actions/runs/30457088226/job/90603906880
"29.07.26, 14:18:04",90603907171,30457088226,2,Demos Visual Tests,jquery(5/9)-screenshots-dxdsfluent.blue.light,feature/26_2_new_fluent_theme_with_design_tokens,failure,Run TestCafe tests (jQuery),https://github.com/DevExpress/DevExtreme/actions/runs/30457088226/job/90603907171
"29.07.26, 14:18:04",90603907182,30457088226,2,Demos Visual Tests,jquery(6/9)-screenshots-dxdsfluent.blue.light,feature/26_2_new_fluent_theme_with_design_tokens,failure,Run TestCafe tests (jQuery),https://github.com/DevExpress/DevExtreme/actions/runs/30457088226/job/90603907182
"29.07.26, 14:18:04",90603907291,30457088226,2,Demos Visual Tests,react-screenshots-dxdsfluent.blue.light,feature/26_2_new_fluent_theme_with_design_tokens,failure,Run TestCafe tests,https://github.com/DevExpress/DevExtreme/actions/runs/30457088226/job/90603907291
"29.07.26, 14:18:04",90603907295,30457088226,2,Demos Visual Tests,vue-screenshots-dxdsfluent.blue.light,feature/26_2_new_fluent_theme_with_design_tokens,failure,Run TestCafe tests,https://github.com/DevExpress/DevExtreme/actions/runs/30457088226/job/90603907295
"29.07.26, 14:18:04",90603907511,30457088226,2,Demos Visual Tests,react-screenshots-fluent.blue.light,feature/26_2_new_fluent_theme_with_design_tokens,failure,Run TestCafe tests,https://github.com/DevExpress/DevExtreme/actions/runs/30457088226/job/90603907511
"29.07.26, 14:18:04",90603907559,30457088226,2,Demos Visual Tests,jquery(7/9)-screenshots-dxdsfluent.blue.light,feature/26_2_new_fluent_theme_with_design_tokens,failure,Run TestCafe tests (jQuery),https://github.com/DevExpress/DevExtreme/actions/runs/30457088226/job/90603907559
"29.07.26, 14:18:04",90603907595,30457088226,2,Demos Visual Tests,vue-screenshots-fluent.blue.light,feature/26_2_new_fluent_theme_with_design_tokens,failure,Run TestCafe tests,https://github.com/DevExpress/DevExtreme/actions/runs/30457088226/job/90603907595
"29.07.26, 14:18:04",90603907678,30457088226,2,Demos Visual Tests,angular-screenshots-fluent.blue.light,feature/26_2_new_fluent_theme_with_design_tokens,failure,Run TestCafe tests,https://github.com/DevExpress/DevExtreme/actions/runs/30457088226/job/90603907678
"29.07.26, 14:18:04",90603907796,30457088226,2,Demos Visual Tests,jquery(8/9)-screenshots-dxdsfluent.blue.light,feature/26_2_new_fluent_theme_with_design_tokens,failure,Run TestCafe tests (jQuery),https://github.com/DevExpress/DevExtreme/actions/runs/30457088226/job/90603907796
"29.07.26, 14:18:04",90603907907,30457088226,2,Demos Visual Tests,jquery-accessibility-dxdsfluent.blue.dark,feature/26_2_new_fluent_theme_with_design_tokens,failure,Run TestCafe tests (jQuery),https://github.com/DevExpress/DevExtreme/actions/runs/30457088226/job/90603907907
"29.07.26, 14:18:04",90603908147,30457088226,2,Demos Visual Tests,angular-screenshots-dxdsfluent.blue.light,feature/26_2_new_fluent_theme_with_design_tokens,failure,Run TestCafe tests,https://github.com/DevExpress/DevExtreme/actions/runs/30457088226/job/90603908147
"29.07.26, 14:18:04",90603908322,30457088226,2,Demos Visual Tests,jquery(9/9)-screenshots-dxdsfluent.blue.light,feature/26_2_new_fluent_theme_with_design_tokens,failure,Run TestCafe tests (jQuery),https://github.com/DevExpress/DevExtreme/actions/runs/30457088226/job/90603908322
"29.07.26, 13:44:16",90594409713,30456469108,1,Demos Visual Tests,jquery-accessibility-material.blue.light,dmlvr-feature/26_2_popover_support_content_reading,failure,Run TestCafe tests (jQuery),https://github.com/DevExpress/DevExtreme/actions/runs/30456469108/job/90594409713
"29.07.26, 13:44:16",90594409790,30456469108,1,Demos Visual Tests,jquery-accessibility-fluent.blue.light,dmlvr-feature/26_2_popover_support_content_reading,failure,Run TestCafe tests (jQuery),https://github.com/DevExpress/DevExtreme/actions/runs/30456469108/job/90594409790
"29.07.26, 13:27:33",90589911969,30456092877,1,Demos Visual Tests,Check if tests should run,feature/26_2_new_fluent_theme_with_design_tokens_add_etalons,cancelled,,https://github.com/DevExpress/DevExtreme/actions/runs/30456092877/job/90589911969
"29.07.26, 13:27:34",90589916519,30456092877,1,Demos Visual Tests,Get changed demos,feature/26_2_new_fluent_theme_with_design_tokens_add_etalons,cancelled,,https://github.com/DevExpress/DevExtreme/actions/runs/30456092877/job/90589916519
"29.07.26, 13:27:34",90589917042,30456092877,1,Demos Visual Tests,Determine scope for framework tests,feature/26_2_new_fluent_theme_with_design_tokens_add_etalons,cancelled,,https://github.com/DevExpress/DevExtreme/actions/runs/30456092877/job/90589917042
"29.07.26, 13:27:34",90589917103,30456092877,1,Demos Visual Tests,Build DevExtreme,feature/26_2_new_fluent_theme_with_design_tokens_add_etalons,cancelled,,https://github.com/DevExpress/DevExtreme/actions/runs/30456092877/job/90589917103
"29.07.26, 13:27:34",90589917477,30456092877,1,Demos Visual Tests,Determine jQuery test matrix,feature/26_2_new_fluent_theme_with_design_tokens_add_etalons,cancelled,,https://github.com/DevExpress/DevExtreme/actions/runs/30456092877/job/90589917477
"29.07.26, 13:27:34",90589917709,30456092877,1,Demos Visual Tests,Check generated demos (changed only),feature/26_2_new_fluent_theme_with_design_tokens_add_etalons,cancelled,,https://github.com/DevExpress/DevExtreme/actions/runs/30456092877/job/90589917709
"29.07.26, 13:27:34",90589917733,30456092877,1,Demos Visual Tests,Build Demos Bundles,feature/26_2_new_fluent_theme_with_design_tokens_add_etalons,cancelled,,https://github.com/DevExpress/DevExtreme/actions/runs/30456092877/job/90589917733
"29.07.26, 13:27:34",90589918101,30456092877,1,Demos Visual Tests,CSP check (jQuery),feature/26_2_new_fluent_theme_with_design_tokens_add_etalons,cancelled,,https://github.com/DevExpress/DevExtreme/actions/runs/30456092877/job/90589918101
"29.07.26, 13:27:34",90589918176,30456092877,1,Demos Visual Tests,Check generated demos,feature/26_2_new_fluent_theme_with_design_tokens_add_etalons,cancelled,,https://github.com/DevExpress/DevExtreme/actions/runs/30456092877/job/90589918176
"29.07.26, 13:27:34",90589918334,30456092877,1,Demos Visual Tests,Check TS and lint code base,feature/26_2_new_fluent_theme_with_design_tokens_add_etalons,cancelled,,https://github.com/DevExpress/DevExtreme/actions/runs/30456092877/job/90589918334
"29.07.26, 13:27:34",90589918363,30456092877,1,Demos Visual Tests,${{ matrix.CONSTEL }}-screenshots-${{ matrix.THEME }},feature/26_2_new_fluent_theme_with_design_tokens_add_etalons,cancelled,,https://github.com/DevExpress/DevExtreme/actions/runs/30456092877/job/90589918363
"29.07.26, 13:27:34",90589918417,30456092877,1,Demos Visual Tests,${{ matrix.CONSTEL }}-${{ matrix.STRATEGY }}-${{ matrix.THEME }},feature/26_2_new_fluent_theme_with_design_tokens_add_etalons,cancelled,,https://github.com/DevExpress/DevExtreme/actions/runs/30456092877/job/90589918417
"29.07.26, 13:27:34",90589918575,30456092877,1,Demos Visual Tests,${{ matrix.CONSTEL }}-screenshots-${{ matrix.THEME }},feature/26_2_new_fluent_theme_with_design_tokens_add_etalons,cancelled,,https://github.com/DevExpress/DevExtreme/actions/runs/30456092877/job/90589918575
"29.07.26, 13:27:34",90589918967,30456092877,1,Demos Visual Tests,"matrix.SHARD_TOTAL == 1 && format('CSP check ({0})', matrix.FRAMEWORK) || format('CSP check ({0} {1}/{2})', matrix.FRAMEWORK, matrix.SHARD_INDEX, matrix.SHARD_TOTAL)",feature/26_2_new_fluent_theme_with_design_tokens_add_etalons,cancelled,,https://github.com/DevExpress/DevExtreme/actions/runs/30456092877/job/90589918967
"29.07.26, 13:27:34",90589918984,30456092877,1,Demos Visual Tests,CSP Violations Summary,feature/26_2_new_fluent_theme_with_design_tokens_add_etalons,cancelled,,https://github.com/DevExpress/DevExtreme/actions/runs/30456092877/job/90589918984
"29.07.26, 13:27:34",90589918999,30456092877,1,Demos Visual Tests,merge-artifacts,feature/26_2_new_fluent_theme_with_design_tokens_add_etalons,cancelled,,https://github.com/DevExpress/DevExtreme/actions/runs/30456092877/job/90589918999
"29.07.26, 13:34:13",90591676622,30456093376,1,Demos Visual Tests,jquery(6/9)-screenshots-dxdsfluent.blue.light,feature/26_2_new_fluent_theme_with_design_tokens_add_etalons,failure,Run TestCafe tests (jQuery),https://github.com/DevExpress/DevExtreme/actions/runs/30456093376/job/90591676622
"29.07.26, 13:34:13",90591676632,30456093376,1,Demos Visual Tests,jquery(4/9)-screenshots-dxdsfluent.blue.light,feature/26_2_new_fluent_theme_with_design_tokens_add_etalons,failure,Run TestCafe tests (jQuery),https://github.com/DevExpress/DevExtreme/actions/runs/30456093376/job/90591676632
"29.07.26, 13:34:13",90591676634,30456093376,1,Demos Visual Tests,jquery(1/9)-screenshots-dxdsfluent.blue.light,feature/26_2_new_fluent_theme_with_design_tokens_add_etalons,failure,Run TestCafe tests (jQuery),https://github.com/DevExpress/DevExtreme/actions/runs/30456093376/job/90591676634
"29.07.26, 13:34:13",90591676679,30456093376,1,Demos Visual Tests,jquery(7/9)-screenshots-dxdsfluent.blue.light,feature/26_2_new_fluent_theme_with_design_tokens_add_etalons,failure,Run TestCafe tests (jQuery),https://github.com/DevExpress/DevExtreme/actions/runs/30456093376/job/90591676679
"29.07.26, 13:34:13",90591676689,30456093376,1,Demos Visual Tests,jquery(3/9)-screenshots-dxdsfluent.blue.light,feature/26_2_new_fluent_theme_with_design_tokens_add_etalons,failure,Run TestCafe tests (jQuery),https://github.com/DevExpress/DevExtreme/actions/runs/30456093376/job/90591676689
"29.07.26, 13:34:13",90591676724,30456093376,1,Demos Visual Tests,jquery(9/9)-screenshots-dxdsfluent.blue.light,feature/26_2_new_fluent_theme_with_design_tokens_add_etalons,failure,Run TestCafe tests (jQuery),https://github.com/DevExpress/DevExtreme/actions/runs/30456093376/job/90591676724
"29.07.26, 13:34:13",90591676795,30456093376,1,Demos Visual Tests,jquery(2/9)-screenshots-dxdsfluent.blue.light,feature/26_2_new_fluent_theme_with_design_tokens_add_etalons,failure,Run TestCafe tests (jQuery),https://github.com/DevExpress/DevExtreme/actions/runs/30456093376/job/90591676795
"29.07.26, 13:34:13",90591676836,30456093376,1,Demos Visual Tests,jquery(8/9)-screenshots-dxdsfluent.blue.light,feature/26_2_new_fluent_theme_with_design_tokens_add_etalons,failure,Run TestCafe tests (jQuery),https://github.com/DevExpress/DevExtreme/actions/runs/30456093376/job/90591676836
"29.07.26, 13:34:13",90591677138,30456093376,1,Demos Visual Tests,jquery(5/9)-screenshots-dxdsfluent.blue.light,feature/26_2_new_fluent_theme_with_design_tokens_add_etalons,failure,Run TestCafe tests (jQuery),https://github.com/DevExpress/DevExtreme/actions/runs/30456093376/job/90591677138
"29.07.26, 13:49:27",90595825351,30455840866,1,Demos Visual Tests,merge-artifacts,feature/systemjs-remove-from-qunit-testinng,cancelled,,https://github.com/DevExpress/DevExtreme/actions/runs/30455840866/job/90595825351
"29.07.26, 13:24:32",90589132596,30455091603,1,Demos Visual Tests,jquery-accessibility-material.blue.light,dmlvr-feature/26_2_popover_support_content_reading,failure,Run TestCafe tests (jQuery),https://github.com/DevExpress/DevExtreme/actions/runs/30455091603/job/90589132596
"29.07.26, 13:24:32",90589132694,30455091603,1,Demos Visual Tests,jquery-accessibility-fluent.blue.light,dmlvr-feature/26_2_popover_support_content_reading,failure,Run TestCafe tests (jQuery),https://github.com/DevExpress/DevExtreme/actions/runs/30455091603/job/90589132694
"29.07.26, 13:00:54",90583114716,30453671683,1,Demos Visual Tests,jquery-accessibility-material.blue.light,dmlvr-feature/26_2_popover_support_content_reading,failure,Run TestCafe tests (jQuery),https://github.com/DevExpress/DevExtreme/actions/runs/30453671683/job/90583114716
"29.07.26, 13:00:54",90583114727,30453671683,1,Demos Visual Tests,jquery(2/3)-screenshots-fluent.blue.light,dmlvr-feature/26_2_popover_support_content_reading,failure,Run TestCafe tests (jQuery),https://github.com/DevExpress/DevExtreme/actions/runs/30453671683/job/90583114727
"29.07.26, 13:00:54",90583114731,30453671683,1,Demos Visual Tests,jquery(3/3)-screenshots-fluent.blue.light,dmlvr-feature/26_2_popover_support_content_reading,failure,Run TestCafe tests (jQuery),https://github.com/DevExpress/DevExtreme/actions/runs/30453671683/job/90583114731
"29.07.26, 13:00:54",90583114770,30453671683,1,Demos Visual Tests,jquery(2/3)-screenshots-material.blue.light,dmlvr-feature/26_2_popover_support_content_reading,failure,Run TestCafe tests (jQuery),https://github.com/DevExpress/DevExtreme/actions/runs/30453671683/job/90583114770
"29.07.26, 13:00:54",90583114801,30453671683,1,Demos Visual Tests,jquery-accessibility-fluent.blue.light,dmlvr-feature/26_2_popover_support_content_reading,failure,Run TestCafe tests (jQuery),https://github.com/DevExpress/DevExtreme/actions/runs/30453671683/job/90583114801
"29.07.26, 13:00:54",90583114862,30453671683,1,Demos Visual Tests,jquery(3/3)-screenshots-material.blue.light,dmlvr-feature/26_2_popover_support_content_reading,failure,Run TestCafe tests (jQuery),https://github.com/DevExpress/DevExtreme/actions/runs/30453671683/job/90583114862
"29.07.26, 12:05:42",90570041310,30449751405,1,Demos Visual Tests,"matrix.SHARD_TOTAL == 1 && format('CSP check ({0})', matrix.FRAMEWORK) || format('CSP check ({0} {1}/{2})', matrix.FRAMEWORK, matrix.SHARD_INDEX, matrix.SHARD_TOTAL)",fix/T1332943,cancelled,,https://github.com/DevExpress/DevExtreme/actions/runs/30449751405/job/90570041310
"29.07.26, 12:05:42",90570041507,30449751405,1,Demos Visual Tests,Build Demos Bundles,fix/T1332943,cancelled,,https://github.com/DevExpress/DevExtreme/actions/runs/30449751405/job/90570041507
"29.07.26, 12:05:42",90570041670,30449751405,1,Demos Visual Tests,Check generated demos,fix/T1332943,cancelled,,https://github.com/DevExpress/DevExtreme/actions/runs/30449751405/job/90570041670
"29.07.26, 12:05:42",90570041751,30449751405,1,Demos Visual Tests,Check generated demos (changed only),fix/T1332943,cancelled,,https://github.com/DevExpress/DevExtreme/actions/runs/30449751405/job/90570041751
"29.07.26, 12:05:42",90570041951,30449751405,1,Demos Visual Tests,Check TS and lint code base,fix/T1332943,cancelled,,https://github.com/DevExpress/DevExtreme/actions/runs/30449751405/job/90570041951
"29.07.26, 12:05:42",90570042249,30449751405,1,Demos Visual Tests,${{ matrix.CONSTEL }}-screenshots-${{ matrix.THEME }},fix/T1332943,cancelled,,https://github.com/DevExpress/DevExtreme/actions/runs/30449751405/job/90570042249
"29.07.26, 12:05:42",90570042426,30449751405,1,Demos Visual Tests,${{ matrix.CONSTEL }}-screenshots-${{ matrix.THEME }},fix/T1332943,cancelled,,https://github.com/DevExpress/DevExtreme/actions/runs/30449751405/job/90570042426
"29.07.26, 12:11:55",90571430816,30449751405,1,Demos Visual Tests,merge-artifacts,fix/T1332943,cancelled,,https://github.com/DevExpress/DevExtreme/actions/runs/30449751405/job/90571430816
"29.07.26, 11:50:56",90566771379,30448693868,1,Demos Visual Tests,jquery(8/9)-screenshots-dxdsfluent.blue.light,feature/26_2_new_fluent_theme_with_design_tokens_add_etalons,failure,Run TestCafe tests (jQuery),https://github.com/DevExpress/DevExtreme/actions/runs/30448693868/job/90566771379
"29.07.26, 11:50:56",90566771439,30448693868,1,Demos Visual Tests,jquery-accessibility-dxdsfluent.blue.light,feature/26_2_new_fluent_theme_with_design_tokens_add_etalons,failure,Run TestCafe tests (jQuery),https://github.com/DevExpress/DevExtreme/actions/runs/30448693868/job/90566771439
"29.07.26, 11:48:01",90566136303,30448608650,1,Demos Visual Tests,jquery(2/9)-screenshots-dxdsfluent.blue.light,feature/26_2_new_fluent_theme_with_design_tokens,failure,Run TestCafe tests (jQuery),https://github.com/DevExpress/DevExtreme/actions/runs/30448608650/job/90566136303
"29.07.26, 11:48:01",90566136304,30448608650,1,Demos Visual Tests,jquery(4/9)-screenshots-dxdsfluent.blue.light,feature/26_2_new_fluent_theme_with_design_tokens,failure,Run TestCafe tests (jQuery),https://github.com/DevExpress/DevExtreme/actions/runs/30448608650/job/90566136304
"29.07.26, 11:48:01",90566136308,30448608650,1,Demos Visual Tests,jquery(6/9)-screenshots-dxdsfluent.blue.light,feature/26_2_new_fluent_theme_with_design_tokens,failure,Run TestCafe tests (jQuery),https://github.com/DevExpress/DevExtreme/actions/runs/30448608650/job/90566136308
"29.07.26, 11:48:01",90566136333,30448608650,1,Demos Visual Tests,jquery(9/9)-screenshots-dxdsfluent.blue.light,feature/26_2_new_fluent_theme_with_design_tokens,failure,Run TestCafe tests (jQuery),https://github.com/DevExpress/DevExtreme/actions/runs/30448608650/job/90566136333
"29.07.26, 11:48:01",90566136339,30448608650,1,Demos Visual Tests,jquery(8/9)-screenshots-dxdsfluent.blue.light,feature/26_2_new_fluent_theme_with_design_tokens,failure,Run TestCafe tests (jQuery),https://github.com/DevExpress/DevExtreme/actions/runs/30448608650/job/90566136339
"29.07.26, 11:48:01",90566136343,30448608650,1,Demos Visual Tests,jquery(7/9)-screenshots-dxdsfluent.blue.light,feature/26_2_new_fluent_theme_with_design_tokens,failure,Run TestCafe tests (jQuery),https://github.com/DevExpress/DevExtreme/actions/runs/30448608650/job/90566136343
"29.07.26, 11:48:01",90566136361,30448608650,1,Demos Visual Tests,jquery(5/9)-screenshots-dxdsfluent.blue.light,feature/26_2_new_fluent_theme_with_design_tokens,failure,Run TestCafe tests (jQuery),https://github.com/DevExpress/DevExtreme/actions/runs/30448608650/job/90566136361
"29.07.26, 11:48:01",90566136367,30448608650,1,Demos Visual Tests,jquery-accessibility-dxdsfluent.blue.dark,feature/26_2_new_fluent_theme_with_design_tokens,failure,Run TestCafe tests (jQuery),https://github.com/DevExpress/DevExtreme/actions/runs/30448608650/job/90566136367
"29.07.26, 11:48:01",90566136379,30448608650,1,Demos Visual Tests,jquery(1/9)-screenshots-dxdsfluent.blue.light,feature/26_2_new_fluent_theme_with_design_tokens,failure,Run TestCafe tests (jQuery),https://github.com/DevExpress/DevExtreme/actions/runs/30448608650/job/90566136379
"29.07.26, 11:48:01",90566136410,30448608650,1,Demos Visual Tests,jquery-accessibility-dxdsfluent.blue.light,feature/26_2_new_fluent_theme_with_design_tokens,failure,Run TestCafe tests (jQuery),https://github.com/DevExpress/DevExtreme/actions/runs/30448608650/job/90566136410
"29.07.26, 11:48:01",90566136497,30448608650,1,Demos Visual Tests,jquery(3/9)-screenshots-dxdsfluent.blue.light,feature/26_2_new_fluent_theme_with_design_tokens,failure,Run TestCafe tests (jQuery),https://github.com/DevExpress/DevExtreme/actions/runs/30448608650/job/90566136497
"29.07.26, 11:52:23",90567085644,30448608650,1,Demos Visual Tests,react-screenshots-dxdsfluent.blue.light,feature/26_2_new_fluent_theme_with_design_tokens,failure,Run TestCafe tests,https://github.com/DevExpress/DevExtreme/actions/runs/30448608650/job/90567085644
"29.07.26, 11:52:23",90567085648,30448608650,1,Demos Visual Tests,angular-screenshots-dxdsfluent.blue.light,feature/26_2_new_fluent_theme_with_design_tokens,failure,Run TestCafe tests,https://github.com/DevExpress/DevExtreme/actions/runs/30448608650/job/90567085648
"29.07.26, 11:52:23",90567085651,30448608650,1,Demos Visual Tests,react-screenshots-fluent.blue.light,feature/26_2_new_fluent_theme_with_design_tokens,failure,Run TestCafe tests,https://github.com/DevExpress/DevExtreme/actions/runs/30448608650/job/90567085651
"29.07.26, 11:52:23",90567085678,30448608650,1,Demos Visual Tests,vue-screenshots-fluent.blue.light,feature/26_2_new_fluent_theme_with_design_tokens,failure,Run TestCafe tests,https://github.com/DevExpress/DevExtreme/actions/runs/30448608650/job/90567085678
"29.07.26, 11:52:23",90567085689,30448608650,1,Demos Visual Tests,angular-screenshots-fluent.blue.light,feature/26_2_new_fluent_theme_with_design_tokens,failure,Run TestCafe tests,https://github.com/DevExpress/DevExtreme/actions/runs/30448608650/job/90567085689
"29.07.26, 11:52:23",90567085700,30448608650,1,Demos Visual Tests,vue-screenshots-dxdsfluent.blue.light,feature/26_2_new_fluent_theme_with_design_tokens,failure,Run TestCafe tests,https://github.com/DevExpress/DevExtreme/actions/runs/30448608650/job/90567085700
"29.07.26, 11:51:35",90566912212,30447300270,1,Demos Visual Tests,merge-artifacts,datagrid_qunit_tests_replace_theme_26_2,cancelled,,https://github.com/DevExpress/DevExtreme/actions/runs/30447300270/job/90566912212
"29.07.26, 11:27:44",90561857958,30447228224,1,Demos Visual Tests,Check generated demos,datagrid_qunit_tests_replace_theme_26_2,cancelled,,https://github.com/DevExpress/DevExtreme/actions/runs/30447228224/job/90561857958
"29.07.26, 11:27:44",90561857989,30447228224,1,Demos Visual Tests,Check TS and lint code base,datagrid_qunit_tests_replace_theme_26_2,cancelled,,https://github.com/DevExpress/DevExtreme/actions/runs/30447228224/job/90561857989
"29.07.26, 11:27:44",90561858155,30447228224,1,Demos Visual Tests,"matrix.SHARD_TOTAL == 1 && format('CSP check ({0})', matrix.FRAMEWORK) || format('CSP check ({0} {1}/{2})', matrix.FRAMEWORK, matrix.SHARD_INDEX, matrix.SHARD_TOTAL)",datagrid_qunit_tests_replace_theme_26_2,cancelled,,https://github.com/DevExpress/DevExtreme/actions/runs/30447228224/job/90561858155
"29.07.26, 11:27:44",90561858158,30447228224,1,Demos Visual Tests,Check generated demos (changed only),datagrid_qunit_tests_replace_theme_26_2,cancelled,,https://github.com/DevExpress/DevExtreme/actions/runs/30447228224/job/90561858158
"29.07.26, 11:27:44",90561858198,30447228224,1,Demos Visual Tests,Build Demos Bundles,datagrid_qunit_tests_replace_theme_26_2,cancelled,,https://github.com/DevExpress/DevExtreme/actions/runs/30447228224/job/90561858198
"29.07.26, 11:27:44",90561858554,30447228224,1,Demos Visual Tests,${{ matrix.CONSTEL }}-screenshots-${{ matrix.THEME }},datagrid_qunit_tests_replace_theme_26_2,cancelled,,https://github.com/DevExpress/DevExtreme/actions/runs/30447228224/job/90561858554
"29.07.26, 11:27:44",90561858699,30447228224,1,Demos Visual Tests,${{ matrix.CONSTEL }}-screenshots-${{ matrix.THEME }},datagrid_qunit_tests_replace_theme_26_2,cancelled,,https://github.com/DevExpress/DevExtreme/actions/runs/30447228224/job/90561858699
"29.07.26, 11:33:40",90563118388,30447228224,1,Demos Visual Tests,merge-artifacts,datagrid_qunit_tests_replace_theme_26_2,cancelled,,https://github.com/DevExpress/DevExtreme/actions/runs/30447228224/job/90563118388
"29.07.26, 11:22:26",90560743004,30446962845,1,Demos Visual Tests,jquery-accessibility-material.blue.light,dmlvr-feature/26_2_popover_support_content_reading,failure,Run TestCafe tests (jQuery),https://github.com/DevExpress/DevExtreme/actions/runs/30446962845/job/90560743004
"29.07.26, 11:22:26",90560743042,30446962845,1,Demos Visual Tests,jquery(3/3)-screenshots-material.blue.light,dmlvr-feature/26_2_popover_support_content_reading,failure,Run TestCafe tests (jQuery),https://github.com/DevExpress/DevExtreme/actions/runs/30446962845/job/90560743042
"29.07.26, 11:22:26",90560743044,30446962845,1,Demos Visual Tests,jquery(2/3)-screenshots-material.blue.light,dmlvr-feature/26_2_popover_support_content_reading,failure,Run TestCafe tests (jQuery),https://github.com/DevExpress/DevExtreme/actions/runs/30446962845/job/90560743044
"29.07.26, 11:22:26",90560743045,30446962845,1,Demos Visual Tests,jquery(2/3)-screenshots-fluent.blue.light,dmlvr-feature/26_2_popover_support_content_reading,failure,Run TestCafe tests (jQuery),https://github.com/DevExpress/DevExtreme/actions/runs/30446962845/job/90560743045
"29.07.26, 11:22:26",90560743047,30446962845,1,Demos Visual Tests,jquery(3/3)-screenshots-fluent.blue.light,dmlvr-feature/26_2_popover_support_content_reading,failure,Run TestCafe tests (jQuery),https://github.com/DevExpress/DevExtreme/actions/runs/30446962845/job/90560743047
"29.07.26, 11:22:26",90560743081,30446962845,1,Demos Visual Tests,jquery-accessibility-fluent.blue.light,dmlvr-feature/26_2_popover_support_content_reading,failure,Run TestCafe tests (jQuery),https://github.com/DevExpress/DevExtreme/actions/runs/30446962845/job/90560743081
"29.07.26, 10:59:04",90555659003,30444632816,1,Demos Visual Tests,jquery(6/9)-screenshots-dxdsfluent.blue.light,feature/26_2_new_fluent_theme_with_design_tokens,failure,Run TestCafe tests (jQuery),https://github.com/DevExpress/DevExtreme/actions/runs/30444632816/job/90555659003
"29.07.26, 10:59:04",90555659012,30444632816,1,Demos Visual Tests,jquery(4/9)-screenshots-dxdsfluent.blue.light,feature/26_2_new_fluent_theme_with_design_tokens,failure,Run TestCafe tests (jQuery),https://github.com/DevExpress/DevExtreme/actions/runs/30444632816/job/90555659012
"29.07.26, 10:59:04",90555659040,30444632816,1,Demos Visual Tests,jquery(2/9)-screenshots-dxdsfluent.blue.light,feature/26_2_new_fluent_theme_with_design_tokens,failure,Run TestCafe tests (jQuery),https://github.com/DevExpress/DevExtreme/actions/runs/30444632816/job/90555659040
"29.07.26, 10:59:04",90555659047,30444632816,1,Demos Visual Tests,jquery(9/9)-screenshots-dxdsfluent.blue.light,feature/26_2_new_fluent_theme_with_design_tokens,failure,Run TestCafe tests (jQuery),https://github.com/DevExpress/DevExtreme/actions/runs/30444632816/job/90555659047
"29.07.26, 10:59:04",90555659056,30444632816,1,Demos Visual Tests,jquery(3/9)-screenshots-dxdsfluent.blue.light,feature/26_2_new_fluent_theme_with_design_tokens,failure,Run TestCafe tests (jQuery),https://github.com/DevExpress/DevExtreme/actions/runs/30444632816/job/90555659056
"29.07.26, 10:59:04",90555659061,30444632816,1,Demos Visual Tests,jquery(1/9)-screenshots-dxdsfluent.blue.light,feature/26_2_new_fluent_theme_with_design_tokens,failure,Run TestCafe tests (jQuery),https://github.com/DevExpress/DevExtreme/actions/runs/30444632816/job/90555659061
"29.07.26, 10:59:04",90555659062,30444632816,1,Demos Visual Tests,jquery(7/9)-screenshots-dxdsfluent.blue.light,feature/26_2_new_fluent_theme_with_design_tokens,failure,Run TestCafe tests (jQuery),https://github.com/DevExpress/DevExtreme/actions/runs/30444632816/job/90555659062
"29.07.26, 10:59:04",90555659063,30444632816,1,Demos Visual Tests,jquery(5/9)-screenshots-dxdsfluent.blue.light,feature/26_2_new_fluent_theme_with_design_tokens,failure,Run TestCafe tests (jQuery),https://github.com/DevExpress/DevExtreme/actions/runs/30444632816/job/90555659063
"29.07.26, 10:59:04",90555659152,30444632816,1,Demos Visual Tests,jquery-accessibility-dxdsfluent.blue.dark,feature/26_2_new_fluent_theme_with_design_tokens,failure,Run TestCafe tests (jQuery),https://github.com/DevExpress/DevExtreme/actions/runs/30444632816/job/90555659152
"29.07.26, 10:59:04",90555659219,30444632816,1,Demos Visual Tests,jquery(8/9)-screenshots-dxdsfluent.blue.light,feature/26_2_new_fluent_theme_with_design_tokens,failure,Run TestCafe tests (jQuery),https://github.com/DevExpress/DevExtreme/actions/runs/30444632816/job/90555659219
"29.07.26, 10:59:04",90555659276,30444632816,1,Demos Visual Tests,jquery-accessibility-dxdsfluent.blue.light,feature/26_2_new_fluent_theme_with_design_tokens,failure,Run TestCafe tests (jQuery),https://github.com/DevExpress/DevExtreme/actions/runs/30444632816/job/90555659276
"29.07.26, 11:03:56",90556752841,30444632816,1,Demos Visual Tests,angular-screenshots-dxdsfluent.blue.light,feature/26_2_new_fluent_theme_with_design_tokens,failure,Run TestCafe tests,https://github.com/DevExpress/DevExtreme/actions/runs/30444632816/job/90556752841
"29.07.26, 11:03:56",90556752851,30444632816,1,Demos Visual Tests,react-screenshots-fluent.blue.light,feature/26_2_new_fluent_theme_with_design_tokens,failure,Run TestCafe tests,https://github.com/DevExpress/DevExtreme/actions/runs/30444632816/job/90556752851
"29.07.26, 11:03:56",90556752858,30444632816,1,Demos Visual Tests,react-screenshots-dxdsfluent.blue.light,feature/26_2_new_fluent_theme_with_design_tokens,failure,Run TestCafe tests,https://github.com/DevExpress/DevExtreme/actions/runs/30444632816/job/90556752858
"29.07.26, 11:03:56",90556752863,30444632816,1,Demos Visual Tests,vue-screenshots-dxdsfluent.blue.light,feature/26_2_new_fluent_theme_with_design_tokens,failure,Run TestCafe tests,https://github.com/DevExpress/DevExtreme/actions/runs/30444632816/job/90556752863
"29.07.26, 11:03:56",90556752885,30444632816,1,Demos Visual Tests,vue-screenshots-fluent.blue.light,feature/26_2_new_fluent_theme_with_design_tokens,failure,Run TestCafe tests,https://github.com/DevExpress/DevExtreme/actions/runs/30444632816/job/90556752885
"29.07.26, 11:03:56",90556752893,30444632816,1,Demos Visual Tests,angular-screenshots-fluent.blue.light,feature/26_2_new_fluent_theme_with_design_tokens,failure,Run TestCafe tests,https://github.com/DevExpress/DevExtreme/actions/runs/30444632816/job/90556752893
"29.07.26, 10:41:05",90551825314,30444302756,1,Demos Visual Tests,Check TS and lint code base,feature/26_2_new_fluent_theme_with_design_tokens,failure,Check TS and lint results,https://github.com/DevExpress/DevExtreme/actions/runs/30444302756/job/90551825314
"29.07.26, 10:41:05",90551825580,30444302756,1,Demos Visual Tests,jquery(6/9)-screenshots-dxdsfluent.blue.light,feature/26_2_new_fluent_theme_with_design_tokens,failure,Run TestCafe tests (jQuery),https://github.com/DevExpress/DevExtreme/actions/runs/30444302756/job/90551825580
"29.07.26, 10:41:05",90551825591,30444302756,1,Demos Visual Tests,jquery(4/9)-screenshots-dxdsfluent.blue.light,feature/26_2_new_fluent_theme_with_design_tokens,failure,Run TestCafe tests (jQuery),https://github.com/DevExpress/DevExtreme/actions/runs/30444302756/job/90551825591
"29.07.26, 10:41:05",90551825610,30444302756,1,Demos Visual Tests,jquery(1/9)-screenshots-dxdsfluent.blue.light,feature/26_2_new_fluent_theme_with_design_tokens,failure,Run TestCafe tests (jQuery),https://github.com/DevExpress/DevExtreme/actions/runs/30444302756/job/90551825610
"29.07.26, 10:41:05",90551825638,30444302756,1,Demos Visual Tests,jquery(5/9)-screenshots-dxdsfluent.blue.light,feature/26_2_new_fluent_theme_with_design_tokens,failure,Run TestCafe tests (jQuery),https://github.com/DevExpress/DevExtreme/actions/runs/30444302756/job/90551825638
"29.07.26, 10:41:05",90551825667,30444302756,1,Demos Visual Tests,jquery(2/9)-screenshots-dxdsfluent.blue.light,feature/26_2_new_fluent_theme_with_design_tokens,failure,Run TestCafe tests (jQuery),https://github.com/DevExpress/DevExtreme/actions/runs/30444302756/job/90551825667
"29.07.26, 10:41:05",90551825680,30444302756,1,Demos Visual Tests,jquery(9/9)-screenshots-dxdsfluent.blue.light,feature/26_2_new_fluent_theme_with_design_tokens,failure,Run TestCafe tests (jQuery),https://github.com/DevExpress/DevExtreme/actions/runs/30444302756/job/90551825680
"29.07.26, 10:41:05",90551825691,30444302756,1,Demos Visual Tests,jquery-accessibility-dxdsfluent.blue.light,feature/26_2_new_fluent_theme_with_design_tokens,failure,Run TestCafe tests (jQuery),https://github.com/DevExpress/DevExtreme/actions/runs/30444302756/job/90551825691
"29.07.26, 10:41:05",90551825700,30444302756,1,Demos Visual Tests,jquery(8/9)-screenshots-dxdsfluent.blue.light,feature/26_2_new_fluent_theme_with_design_tokens,failure,Run TestCafe tests (jQuery),https://github.com/DevExpress/DevExtreme/actions/runs/30444302756/job/90551825700
"29.07.26, 10:41:05",90551825713,30444302756,1,Demos Visual Tests,jquery(7/9)-screenshots-dxdsfluent.blue.light,feature/26_2_new_fluent_theme_with_design_tokens,failure,Run TestCafe tests (jQuery),https://github.com/DevExpress/DevExtreme/actions/runs/30444302756/job/90551825713
"29.07.26, 10:41:05",90551825751,30444302756,1,Demos Visual Tests,jquery(3/9)-screenshots-dxdsfluent.blue.light,feature/26_2_new_fluent_theme_with_design_tokens,failure,Run TestCafe tests (jQuery),https://github.com/DevExpress/DevExtreme/actions/runs/30444302756/job/90551825751
"29.07.26, 10:41:05",90551825884,30444302756,1,Demos Visual Tests,jquery-accessibility-dxdsfluent.blue.dark,feature/26_2_new_fluent_theme_with_design_tokens,failure,Run TestCafe tests (jQuery),https://github.com/DevExpress/DevExtreme/actions/runs/30444302756/job/90551825884
"29.07.26, 10:47:00",90553079974,30444302756,1,Demos Visual Tests,vue-screenshots-fluent.blue.light,feature/26_2_new_fluent_theme_with_design_tokens,failure,Run TestCafe tests,https://github.com/DevExpress/DevExtreme/actions/runs/30444302756/job/90553079974
"29.07.26, 10:47:00",90553079994,30444302756,1,Demos Visual Tests,angular-screenshots-dxdsfluent.blue.light,feature/26_2_new_fluent_theme_with_design_tokens,failure,Run TestCafe tests,https://github.com/DevExpress/DevExtreme/actions/runs/30444302756/job/90553079994
"29.07.26, 10:47:00",90553079996,30444302756,1,Demos Visual Tests,angular-screenshots-fluent.blue.light,feature/26_2_new_fluent_theme_with_design_tokens,failure,Run TestCafe tests,https://github.com/DevExpress/DevExtreme/actions/runs/30444302756/job/90553079996
"29.07.26, 10:47:00",90553080000,30444302756,1,Demos Visual Tests,vue-screenshots-dxdsfluent.blue.light,feature/26_2_new_fluent_theme_with_design_tokens,failure,Run TestCafe tests,https://github.com/DevExpress/DevExtreme/actions/runs/30444302756/job/90553080000
"29.07.26, 10:47:00",90553080014,30444302756,1,Demos Visual Tests,react-screenshots-fluent.blue.light,feature/26_2_new_fluent_theme_with_design_tokens,failure,Run TestCafe tests,https://github.com/DevExpress/DevExtreme/actions/runs/30444302756/job/90553080014
"29.07.26, 10:47:00",90553080023,30444302756,1,Demos Visual Tests,react-screenshots-dxdsfluent.blue.light,feature/26_2_new_fluent_theme_with_design_tokens,failure,Run TestCafe tests,https://github.com/DevExpress/DevExtreme/actions/runs/30444302756/job/90553080023
"29.07.26, 10:47:00",90553080633,30444302756,1,Demos Visual Tests,${{ matrix.CONSTEL }}-screenshots-${{ matrix.THEME }},feature/26_2_new_fluent_theme_with_design_tokens,cancelled,,https://github.com/DevExpress/DevExtreme/actions/runs/30444302756/job/90553080633
"29.07.26, 10:11:12",90545422643,30442199661,1,Demos Visual Tests,Check TS and lint code base,feature/26_2_new_fluent_theme_with_design_tokens,failure,Check TS and lint results,https://github.com/DevExpress/DevExtreme/actions/runs/30442199661/job/90545422643
"29.07.26, 10:11:12",90545422946,30442199661,1,Demos Visual Tests,jquery(1/9)-screenshots-dxdsfluent.blue.light,feature/26_2_new_fluent_theme_with_design_tokens,failure,Run TestCafe tests (jQuery),https://github.com/DevExpress/DevExtreme/actions/runs/30442199661/job/90545422946
"29.07.26, 10:11:12",90545422948,30442199661,1,Demos Visual Tests,jquery(5/9)-screenshots-dxdsfluent.blue.light,feature/26_2_new_fluent_theme_with_design_tokens,failure,Run TestCafe tests (jQuery),https://github.com/DevExpress/DevExtreme/actions/runs/30442199661/job/90545422948
"29.07.26, 10:11:12",90545422957,30442199661,1,Demos Visual Tests,jquery(2/9)-screenshots-dxdsfluent.blue.light,feature/26_2_new_fluent_theme_with_design_tokens,failure,Run TestCafe tests (jQuery),https://github.com/DevExpress/DevExtreme/actions/runs/30442199661/job/90545422957
"29.07.26, 10:11:12",90545422966,30442199661,1,Demos Visual Tests,jquery(8/9)-screenshots-dxdsfluent.blue.light,feature/26_2_new_fluent_theme_with_design_tokens,failure,Run TestCafe tests (jQuery),https://github.com/DevExpress/DevExtreme/actions/runs/30442199661/job/90545422966
"29.07.26, 10:11:12",90545422982,30442199661,1,Demos Visual Tests,jquery-accessibility-dxdsfluent.blue.dark,feature/26_2_new_fluent_theme_with_design_tokens,failure,Run TestCafe tests (jQuery),https://github.com/DevExpress/DevExtreme/actions/runs/30442199661/job/90545422982
"29.07.26, 10:11:12",90545422985,30442199661,1,Demos Visual Tests,jquery-accessibility-material.blue.dark,feature/26_2_new_fluent_theme_with_design_tokens,failure,Run TestCafe tests (jQuery),https://github.com/DevExpress/DevExtreme/actions/runs/30442199661/job/90545422985
"29.07.26, 10:11:12",90545422991,30442199661,1,Demos Visual Tests,jquery(7/9)-screenshots-dxdsfluent.blue.light,feature/26_2_new_fluent_theme_with_design_tokens,failure,Run TestCafe tests (jQuery),https://github.com/DevExpress/DevExtreme/actions/runs/30442199661/job/90545422991
"29.07.26, 10:11:12",90545422994,30442199661,1,Demos Visual Tests,jquery(9/9)-screenshots-dxdsfluent.blue.light,feature/26_2_new_fluent_theme_with_design_tokens,failure,Run TestCafe tests (jQuery),https://github.com/DevExpress/DevExtreme/actions/runs/30442199661/job/90545422994
"29.07.26, 10:11:12",90545422995,30442199661,1,Demos Visual Tests,jquery(6/9)-screenshots-dxdsfluent.blue.light,feature/26_2_new_fluent_theme_with_design_tokens,failure,Run TestCafe tests (jQuery),https://github.com/DevExpress/DevExtreme/actions/runs/30442199661/job/90545422995
"29.07.26, 10:11:12",90545422998,30442199661,1,Demos Visual Tests,jquery(4/9)-screenshots-dxdsfluent.blue.light,feature/26_2_new_fluent_theme_with_design_tokens,failure,Run TestCafe tests (jQuery),https://github.com/DevExpress/DevExtreme/actions/runs/30442199661/job/90545422998
"29.07.26, 10:11:12",90545423004,30442199661,1,Demos Visual Tests,jquery(3/9)-screenshots-dxdsfluent.blue.light,feature/26_2_new_fluent_theme_with_design_tokens,failure,Run TestCafe tests (jQuery),https://github.com/DevExpress/DevExtreme/actions/runs/30442199661/job/90545423004
"29.07.26, 10:11:12",90545423011,30442199661,1,Demos Visual Tests,jquery-accessibility-dxdsfluent.blue.light,feature/26_2_new_fluent_theme_with_design_tokens,failure,Run TestCafe tests (jQuery),https://github.com/DevExpress/DevExtreme/actions/runs/30442199661/job/90545423011
"29.07.26, 10:16:04",90546480334,30442199661,1,Demos Visual Tests,angular-screenshots-fluent.blue.light,feature/26_2_new_fluent_theme_with_design_tokens,failure,Run TestCafe tests,https://github.com/DevExpress/DevExtreme/actions/runs/30442199661/job/90546480334
"29.07.26, 10:16:04",90546480347,30442199661,1,Demos Visual Tests,react-screenshots-fluent.blue.light,feature/26_2_new_fluent_theme_with_design_tokens,failure,Run TestCafe tests,https://github.com/DevExpress/DevExtreme/actions/runs/30442199661/job/90546480347
"29.07.26, 10:16:04",90546480358,30442199661,1,Demos Visual Tests,vue-screenshots-dxdsfluent.blue.light,feature/26_2_new_fluent_theme_with_design_tokens,failure,Run TestCafe tests,https://github.com/DevExpress/DevExtreme/actions/runs/30442199661/job/90546480358
"29.07.26, 10:16:04",90546480367,30442199661,1,Demos Visual Tests,react-screenshots-dxdsfluent.blue.light,feature/26_2_new_fluent_theme_with_design_tokens,failure,Run TestCafe tests,https://github.com/DevExpress/DevExtreme/actions/runs/30442199661/job/90546480367
"29.07.26, 10:16:04",90546480373,30442199661,1,Demos Visual Tests,vue-screenshots-fluent.blue.light,feature/26_2_new_fluent_theme_with_design_tokens,failure,Run TestCafe tests,https://github.com/DevExpress/DevExtreme/actions/runs/30442199661/job/90546480373
"29.07.26, 10:16:04",90546480403,30442199661,1,Demos Visual Tests,angular-screenshots-dxdsfluent.blue.light,feature/26_2_new_fluent_theme_with_design_tokens,failure,Run TestCafe tests,https://github.com/DevExpress/DevExtreme/actions/runs/30442199661/job/90546480403
"29.07.26, 10:23:59",90548160832,30442199661,2,Demos Visual Tests,Check TS and lint code base,feature/26_2_new_fluent_theme_with_design_tokens,failure,Check TS and lint results,https://github.com/DevExpress/DevExtreme/actions/runs/30442199661/job/90548160832
"29.07.26, 10:23:59",90548161678,30442199661,2,Demos Visual Tests,jquery(3/9)-screenshots-dxdsfluent.blue.light,feature/26_2_new_fluent_theme_with_design_tokens,failure,Run TestCafe tests (jQuery),https://github.com/DevExpress/DevExtreme/actions/runs/30442199661/job/90548161678
"29.07.26, 10:23:59",90548161782,30442199661,2,Demos Visual Tests,jquery(2/9)-screenshots-dxdsfluent.blue.light,feature/26_2_new_fluent_theme_with_design_tokens,failure,Run TestCafe tests (jQuery),https://github.com/DevExpress/DevExtreme/actions/runs/30442199661/job/90548161782
"29.07.26, 10:23:59",90548161857,30442199661,2,Demos Visual Tests,jquery(5/9)-screenshots-dxdsfluent.blue.light,feature/26_2_new_fluent_theme_with_design_tokens,failure,Run TestCafe tests (jQuery),https://github.com/DevExpress/DevExtreme/actions/runs/30442199661/job/90548161857
"29.07.26, 10:23:59",90548161910,30442199661,2,Demos Visual Tests,jquery(1/9)-screenshots-dxdsfluent.blue.light,feature/26_2_new_fluent_theme_with_design_tokens,failure,Run TestCafe tests (jQuery),https://github.com/DevExpress/DevExtreme/actions/runs/30442199661/job/90548161910
"29.07.26, 10:24:00",90548162294,30442199661,2,Demos Visual Tests,jquery(4/9)-screenshots-dxdsfluent.blue.light,feature/26_2_new_fluent_theme_with_design_tokens,failure,Run TestCafe tests (jQuery),https://github.com/DevExpress/DevExtreme/actions/runs/30442199661/job/90548162294
"29.07.26, 10:24:00",90548162320,30442199661,2,Demos Visual Tests,react-screenshots-fluent.blue.light,feature/26_2_new_fluent_theme_with_design_tokens,failure,Run TestCafe tests,https://github.com/DevExpress/DevExtreme/actions/runs/30442199661/job/90548162320
"29.07.26, 10:24:00",90548162364,30442199661,2,Demos Visual Tests,jquery(6/9)-screenshots-dxdsfluent.blue.light,feature/26_2_new_fluent_theme_with_design_tokens,failure,Run TestCafe tests (jQuery),https://github.com/DevExpress/DevExtreme/actions/runs/30442199661/job/90548162364
"29.07.26, 10:24:00",90548162405,30442199661,2,Demos Visual Tests,react-screenshots-dxdsfluent.blue.light,feature/26_2_new_fluent_theme_with_design_tokens,failure,Run TestCafe tests,https://github.com/DevExpress/DevExtreme/actions/runs/30442199661/job/90548162405
"29.07.26, 10:24:00",90548162423,30442199661,2,Demos Visual Tests,angular-screenshots-fluent.blue.light,feature/26_2_new_fluent_theme_with_design_tokens,failure,Run TestCafe tests,https://github.com/DevExpress/DevExtreme/actions/runs/30442199661/job/90548162423
"29.07.26, 10:24:00",90548162609,30442199661,2,Demos Visual Tests,jquery(9/9)-screenshots-dxdsfluent.blue.light,feature/26_2_new_fluent_theme_with_design_tokens,failure,Run TestCafe tests (jQuery),https://github.com/DevExpress/DevExtreme/actions/runs/30442199661/job/90548162609
"29.07.26, 10:24:00",90548162669,30442199661,2,Demos Visual Tests,jquery(7/9)-screenshots-dxdsfluent.blue.light,feature/26_2_new_fluent_theme_with_design_tokens,failure,Run TestCafe tests (jQuery),https://github.com/DevExpress/DevExtreme/actions/runs/30442199661/job/90548162669
"29.07.26, 10:24:00",90548162718,30442199661,2,Demos Visual Tests,jquery(8/9)-screenshots-dxdsfluent.blue.light,feature/26_2_new_fluent_theme_with_design_tokens,failure,Run TestCafe tests (jQuery),https://github.com/DevExpress/DevExtreme/actions/runs/30442199661/job/90548162718
"29.07.26, 10:24:00",90548162807,30442199661,2,Demos Visual Tests,vue-screenshots-fluent.blue.light,feature/26_2_new_fluent_theme_with_design_tokens,failure,Run TestCafe tests,https://github.com/DevExpress/DevExtreme/actions/runs/30442199661/job/90548162807
"29.07.26, 10:24:00",90548162844,30442199661,2,Demos Visual Tests,vue-screenshots-dxdsfluent.blue.light,feature/26_2_new_fluent_theme_with_design_tokens,failure,Run TestCafe tests,https://github.com/DevExpress/DevExtreme/actions/runs/30442199661/job/90548162844
"29.07.26, 10:24:00",90548163109,30442199661,2,Demos Visual Tests,jquery-accessibility-dxdsfluent.blue.light,feature/26_2_new_fluent_theme_with_design_tokens,failure,Run TestCafe tests (jQuery),https://github.com/DevExpress/DevExtreme/actions/runs/30442199661/job/90548163109
"29.07.26, 10:24:00",90548163155,30442199661,2,Demos Visual Tests,angular-screenshots-dxdsfluent.blue.light,feature/26_2_new_fluent_theme_with_design_tokens,failure,Run TestCafe tests,https://github.com/DevExpress/DevExtreme/actions/runs/30442199661/job/90548163155
"29.07.26, 10:24:00",90548163352,30442199661,2,Demos Visual Tests,jquery-accessibility-material.blue.dark,feature/26_2_new_fluent_theme_with_design_tokens,failure,Run TestCafe tests (jQuery),https://github.com/DevExpress/DevExtreme/actions/runs/30442199661/job/90548163352
"29.07.26, 10:24:00",90548163683,30442199661,2,Demos Visual Tests,jquery-accessibility-dxdsfluent.blue.dark,feature/26_2_new_fluent_theme_with_design_tokens,failure,Run TestCafe tests (jQuery),https://github.com/DevExpress/DevExtreme/actions/runs/30442199661/job/90548163683
"29.07.26, 10:03:54",90543838577,30441076647,1,Demos Visual Tests,Check if tests should run,feature/26_2_new_fluent_theme_with_design_tokens,cancelled,Run dorny/paths-filter@v4,https://github.com/DevExpress/DevExtreme/actions/runs/30441076647/job/90543838577
"29.07.26, 10:04:16",90543917762,30441076647,1,Demos Visual Tests,Get changed demos,feature/26_2_new_fluent_theme_with_design_tokens,cancelled,,https://github.com/DevExpress/DevExtreme/actions/runs/30441076647/job/90543917762
"29.07.26, 10:04:16",90543918512,30441076647,1,Demos Visual Tests,Determine scope for framework tests,feature/26_2_new_fluent_theme_with_design_tokens,cancelled,,https://github.com/DevExpress/DevExtreme/actions/runs/30441076647/job/90543918512
"29.07.26, 10:04:16",90543918682,30441076647,1,Demos Visual Tests,Determine jQuery test matrix,feature/26_2_new_fluent_theme_with_design_tokens,cancelled,,https://github.com/DevExpress/DevExtreme/actions/runs/30441076647/job/90543918682
"29.07.26, 10:04:16",90543918875,30441076647,1,Demos Visual Tests,Build DevExtreme,feature/26_2_new_fluent_theme_with_design_tokens,cancelled,,https://github.com/DevExpress/DevExtreme/actions/runs/30441076647/job/90543918875
"29.07.26, 10:04:16",90543919104,30441076647,1,Demos Visual Tests,Check TS and lint code base,feature/26_2_new_fluent_theme_with_design_tokens,cancelled,,https://github.com/DevExpress/DevExtreme/actions/runs/30441076647/job/90543919104
"29.07.26, 10:04:16",90543919393,30441076647,1,Demos Visual Tests,${{ matrix.CONSTEL }}-${{ matrix.STRATEGY }}-${{ matrix.THEME }},feature/26_2_new_fluent_theme_with_design_tokens,cancelled,,https://github.com/DevExpress/DevExtreme/actions/runs/30441076647/job/90543919393
"29.07.26, 10:04:16",90543919428,30441076647,1,Demos Visual Tests,Build Demos Bundles,feature/26_2_new_fluent_theme_with_design_tokens,cancelled,,https://github.com/DevExpress/DevExtreme/actions/runs/30441076647/job/90543919428
"29.07.26, 10:04:16",90543919436,30441076647,1,Demos Visual Tests,CSP check (jQuery),feature/26_2_new_fluent_theme_with_design_tokens,cancelled,,https://github.com/DevExpress/DevExtreme/actions/runs/30441076647/job/90543919436
"29.07.26, 10:04:16",90543919687,30441076647,1,Demos Visual Tests,"matrix.SHARD_TOTAL == 1 && format('CSP check ({0})', matrix.FRAMEWORK) || format('CSP check ({0} {1}/{2})', matrix.FRAMEWORK, matrix.SHARD_INDEX, matrix.SHARD_TOTAL)",feature/26_2_new_fluent_theme_with_design_tokens,cancelled,,https://github.com/DevExpress/DevExtreme/actions/runs/30441076647/job/90543919687
"29.07.26, 10:04:16",90543919727,30441076647,1,Demos Visual Tests,${{ matrix.CONSTEL }}-screenshots-${{ matrix.THEME }},feature/26_2_new_fluent_theme_with_design_tokens,cancelled,,https://github.com/DevExpress/DevExtreme/actions/runs/30441076647/job/90543919727
"29.07.26, 10:04:16",90543919811,30441076647,1,Demos Visual Tests,Check generated demos,feature/26_2_new_fluent_theme_with_design_tokens,cancelled,,https://github.com/DevExpress/DevExtreme/actions/runs/30441076647/job/90543919811
"29.07.26, 10:04:16",90543919901,30441076647,1,Demos Visual Tests,Check generated demos (changed only),feature/26_2_new_fluent_theme_with_design_tokens,cancelled,,https://github.com/DevExpress/DevExtreme/actions/runs/30441076647/job/90543919901
"29.07.26, 10:04:16",90543920219,30441076647,1,Demos Visual Tests,${{ matrix.CONSTEL }}-screenshots-${{ matrix.THEME }},feature/26_2_new_fluent_theme_with_design_tokens,cancelled,,https://github.com/DevExpress/DevExtreme/actions/runs/30441076647/job/90543920219
"29.07.26, 10:04:16",90543920286,30441076647,1,Demos Visual Tests,merge-artifacts,feature/26_2_new_fluent_theme_with_design_tokens,cancelled,,https://github.com/DevExpress/DevExtreme/actions/runs/30441076647/job/90543920286
"29.07.26, 08:24:35",90521810724,30435351689,1,Demos Visual Tests,Build DevExtreme,feature/systemjs-remove-from-qunit-testinng,failure,Install dependencies,https://github.com/DevExpress/DevExtreme/actions/runs/30435351689/job/90521810724
"29.07.26, 08:25:17",90521960250,30435351689,1,Demos Visual Tests,Build Demos Bundles,feature/systemjs-remove-from-qunit-testinng,cancelled,,https://github.com/DevExpress/DevExtreme/actions/runs/30435351689/job/90521960250
"29.07.26, 08:25:18",90521960383,30435351689,1,Demos Visual Tests,Check generated demos,feature/systemjs-remove-from-qunit-testinng,cancelled,,https://github.com/DevExpress/DevExtreme/actions/runs/30435351689/job/90521960383
"29.07.26, 08:25:18",90521960436,30435351689,1,Demos Visual Tests,CSP check (jQuery),feature/systemjs-remove-from-qunit-testinng,cancelled,,https://github.com/DevExpress/DevExtreme/actions/runs/30435351689/job/90521960436
"29.07.26, 08:25:18",90521960494,30435351689,1,Demos Visual Tests,"matrix.SHARD_TOTAL == 1 && format('CSP check ({0})', matrix.FRAMEWORK) || format('CSP check ({0} {1}/{2})', matrix.FRAMEWORK, matrix.SHARD_INDEX, matrix.SHARD_TOTAL)",feature/systemjs-remove-from-qunit-testinng,cancelled,,https://github.com/DevExpress/DevExtreme/actions/runs/30435351689/job/90521960494
"29.07.26, 08:25:18",90521960588,30435351689,1,Demos Visual Tests,Check generated demos (changed only),feature/systemjs-remove-from-qunit-testinng,cancelled,,https://github.com/DevExpress/DevExtreme/actions/runs/30435351689/job/90521960588
"29.07.26, 08:25:18",90521960840,30435351689,1,Demos Visual Tests,${{ matrix.CONSTEL }}-${{ matrix.STRATEGY }}-${{ matrix.THEME }},feature/systemjs-remove-from-qunit-testinng,cancelled,,https://github.com/DevExpress/DevExtreme/actions/runs/30435351689/job/90521960840
"29.07.26, 08:25:18",90521960881,30435351689,1,Demos Visual Tests,Check TS and lint code base,feature/systemjs-remove-from-qunit-testinng,cancelled,,https://github.com/DevExpress/DevExtreme/actions/runs/30435351689/job/90521960881
"29.07.26, 08:25:18",90521961014,30435351689,1,Demos Visual Tests,${{ matrix.CONSTEL }}-screenshots-${{ matrix.THEME }},feature/systemjs-remove-from-qunit-testinng,cancelled,,https://github.com/DevExpress/DevExtreme/actions/runs/30435351689/job/90521961014
"29.07.26, 08:25:18",90521961262,30435351689,1,Demos Visual Tests,${{ matrix.CONSTEL }}-screenshots-${{ matrix.THEME }},feature/systemjs-remove-from-qunit-testinng,cancelled,,https://github.com/DevExpress/DevExtreme/actions/runs/30435351689/job/90521961262
"29.07.26, 08:25:18",90521961806,30435351689,1,Demos Visual Tests,merge-artifacts,feature/systemjs-remove-from-qunit-testinng,cancelled,,https://github.com/DevExpress/DevExtreme/actions/runs/30435351689/job/90521961806
"29.07.26, 07:17:27",90508328522,30430513407,1,Demos Visual Tests,jquery(3/3)-screenshots-fluent.blue.light,feature/systemjs-remove-from-qunit-testinng,failure,,https://github.com/DevExpress/DevExtreme/actions/runs/30430513407/job/90508328522
"29.07.26, 07:17:27",90508328563,30430513407,1,Demos Visual Tests,jquery(1/3)-screenshots-material.blue.light,feature/systemjs-remove-from-qunit-testinng,failure,,https://github.com/DevExpress/DevExtreme/actions/runs/30430513407/job/90508328563
"29.07.26, 01:05:57",90453524169,30412613431,1,Demos Visual Tests,CSP check (Vue 2/2),feature/remove-systemjs-demos,cancelled,Run CSP Check,https://github.com/DevExpress/DevExtreme/actions/runs/30412613431/job/90453524169
"29.07.26, 01:05:57",90453524208,30412613431,1,Demos Visual Tests,CSP check (Angular 2/3),feature/remove-systemjs-demos,cancelled,Run CSP Check,https://github.com/DevExpress/DevExtreme/actions/runs/30412613431/job/90453524208
"29.07.26, 01:05:57",90453524218,30412613431,1,Demos Visual Tests,CSP check (React 1/2),feature/remove-systemjs-demos,cancelled,Run CSP Check,https://github.com/DevExpress/DevExtreme/actions/runs/30412613431/job/90453524218
"29.07.26, 01:05:57",90453524221,30412613431,1,Demos Visual Tests,CSP check (Angular 1/3),feature/remove-systemjs-demos,cancelled,Run CSP Check,https://github.com/DevExpress/DevExtreme/actions/runs/30412613431/job/90453524221
"29.07.26, 01:05:57",90453524223,30412613431,1,Demos Visual Tests,CSP check (React 2/2),feature/remove-systemjs-demos,failure,,https://github.com/DevExpress/DevExtreme/actions/runs/30412613431/job/90453524223
"29.07.26, 01:05:57",90453524238,30412613431,1,Demos Visual Tests,CSP check (Vue 1/2),feature/remove-systemjs-demos,cancelled,Run CSP Check,https://github.com/DevExpress/DevExtreme/actions/runs/30412613431/job/90453524238
"29.07.26, 01:05:57",90453524247,30412613431,1,Demos Visual Tests,CSP check (Angular 3/3),feature/remove-systemjs-demos,cancelled,Run CSP Check,https://github.com/DevExpress/DevExtreme/actions/runs/30412613431/job/90453524247
"29.07.26, 01:15:44",90454970511,30412613431,1,Demos Visual Tests,vue-screenshots-fluent.blue.light,feature/remove-systemjs-demos,cancelled,Run TestCafe tests,https://github.com/DevExpress/DevExtreme/actions/runs/30412613431/job/90454970511
"29.07.26, 01:15:44",90454970517,30412613431,1,Demos Visual Tests,angular-screenshots-fluent.blue.light,feature/remove-systemjs-demos,cancelled,,https://github.com/DevExpress/DevExtreme/actions/runs/30412613431/job/90454970517
"29.07.26, 01:15:44",90454970522,30412613431,1,Demos Visual Tests,react-screenshots-fluent.blue.light,feature/remove-systemjs-demos,cancelled,Run TestCafe tests,https://github.com/DevExpress/DevExtreme/actions/runs/30412613431/job/90454970522
"29.07.26, 00:56:10",90451977414,30412604290,1,Demos Visual Tests,Get changed demos,feature/remove-systemjs-demos,cancelled,Get sources,https://github.com/DevExpress/DevExtreme/actions/runs/30412604290/job/90451977414
"29.07.26, 00:56:20",90452002397,30412604290,1,Demos Visual Tests,Build DevExtreme,feature/remove-systemjs-demos,cancelled,,https://github.com/DevExpress/DevExtreme/actions/runs/30412604290/job/90452002397
"29.07.26, 00:56:20",90452002403,30412604290,1,Demos Visual Tests,Determine jQuery test matrix,feature/remove-systemjs-demos,cancelled,,https://github.com/DevExpress/DevExtreme/actions/runs/30412604290/job/90452002403
"29.07.26, 00:56:20",90452002412,30412604290,1,Demos Visual Tests,Determine scope for framework tests,feature/remove-systemjs-demos,cancelled,,https://github.com/DevExpress/DevExtreme/actions/runs/30412604290/job/90452002412
"29.07.26, 00:56:20",90452002510,30412604290,1,Demos Visual Tests,Check generated demos,feature/remove-systemjs-demos,cancelled,,https://github.com/DevExpress/DevExtreme/actions/runs/30412604290/job/90452002510
"29.07.26, 00:56:20",90452002579,30412604290,1,Demos Visual Tests,Check TS and lint code base,feature/remove-systemjs-demos,cancelled,,https://github.com/DevExpress/DevExtreme/actions/runs/30412604290/job/90452002579
"29.07.26, 00:56:20",90452002625,30412604290,1,Demos Visual Tests,"matrix.SHARD_TOTAL == 1 && format('Build demos ({0})', matrix.FRAMEWORK) || format('Build demos ({0} {1}/{2})', matrix.FRAMEWORK, matrix.SHARD_INDEX, matrix.SHARD_TOTAL)",feature/remove-systemjs-demos,cancelled,,https://github.com/DevExpress/DevExtreme/actions/runs/30412604290/job/90452002625
"29.07.26, 00:56:20",90452002677,30412604290,1,Demos Visual Tests,"matrix.SHARD_TOTAL == 1 && format('CSP check ({0})', matrix.FRAMEWORK) || format('CSP check ({0} {1}/{2})', matrix.FRAMEWORK, matrix.SHARD_INDEX, matrix.SHARD_TOTAL)",feature/remove-systemjs-demos,cancelled,,https://github.com/DevExpress/DevExtreme/actions/runs/30412604290/job/90452002677
"29.07.26, 00:56:20",90452002753,30412604290,1,Demos Visual Tests,CSP check (jQuery),feature/remove-systemjs-demos,cancelled,,https://github.com/DevExpress/DevExtreme/actions/runs/30412604290/job/90452002753
"29.07.26, 00:56:20",90452002790,30412604290,1,Demos Visual Tests,Check generated demos (changed only),feature/remove-systemjs-demos,cancelled,,https://github.com/DevExpress/DevExtreme/actions/runs/30412604290/job/90452002790
"29.07.26, 00:56:20",90452002816,30412604290,1,Demos Visual Tests,${{ matrix.CONSTEL }}-${{ matrix.STRATEGY }}-${{ matrix.THEME }},feature/remove-systemjs-demos,cancelled,,https://github.com/DevExpress/DevExtreme/actions/runs/30412604290/job/90452002816
"29.07.26, 00:56:20",90452003166,30412604290,1,Demos Visual Tests,${{ matrix.CONSTEL }}-screenshots-${{ matrix.THEME }},feature/remove-systemjs-demos,cancelled,,https://github.com/DevExpress/DevExtreme/actions/runs/30412604290/job/90452003166
"29.07.26, 00:56:20",90452003215,30412604290,1,Demos Visual Tests,${{ matrix.CONSTEL }}-screenshots-${{ matrix.THEME }},feature/remove-systemjs-demos,cancelled,,https://github.com/DevExpress/DevExtreme/actions/runs/30412604290/job/90452003215
"29.07.26, 00:56:20",90452003224,30412604290,1,Demos Visual Tests,merge-artifacts,feature/remove-systemjs-demos,cancelled,,https://github.com/DevExpress/DevExtreme/actions/runs/30412604290/job/90452003224
"29.07.26, 22:13:09",90722671491,30494926872,1,Wrappers Tests,test (angular),feature/systemjs-remove-from-qunit-testinng,cancelled,Post Setup pnpm cache,https://github.com/DevExpress/DevExtreme/actions/runs/30494926872/job/90722671491
"29.07.26, 22:06:00",90721264980,30494882839,1,Wrappers Tests,check-regenerate,feature/systemjs-remove-from-qunit-testinng,cancelled,Setup pnpm cache,https://github.com/DevExpress/DevExtreme/actions/runs/30494882839/job/90721264980
"29.07.26, 22:06:00",90721265056,30494882839,1,Wrappers Tests,build,feature/systemjs-remove-from-qunit-testinng,cancelled,Setup pnpm cache,https://github.com/DevExpress/DevExtreme/actions/runs/30494882839/job/90721265056
"29.07.26, 22:06:42",90721413489,30494882839,1,Wrappers Tests,test,feature/systemjs-remove-from-qunit-testinng,cancelled,,https://github.com/DevExpress/DevExtreme/actions/runs/30494882839/job/90721413489
"29.07.26, 21:59:25",90719901846,30494044837,1,Wrappers Tests,test (angular),feature/26_2_new_fluent_theme_with_design_tokens,failure,Test angular,https://github.com/DevExpress/DevExtreme/actions/runs/30494044837/job/90719901846
"29.07.26, 21:41:07",90716194413,30492819808,1,Wrappers Tests,test (angular),feature/systemjs-remove-from-qunit-testinng,cancelled,Test angular,https://github.com/DevExpress/DevExtreme/actions/runs/30492819808/job/90716194413
"29.07.26, 21:41:07",90716194469,30492819808,1,Wrappers Tests,test (react),feature/systemjs-remove-from-qunit-testinng,cancelled,Test react,https://github.com/DevExpress/DevExtreme/actions/runs/30492819808/job/90716194469
"29.07.26, 21:41:07",90716194490,30492819808,1,Wrappers Tests,test (vue),feature/systemjs-remove-from-qunit-testinng,cancelled,Test vue,https://github.com/DevExpress/DevExtreme/actions/runs/30492819808/job/90716194490
"29.07.26, 16:55:21",90647488088,30472458178,1,Wrappers Tests,test (angular),feature/26_2_new_fluent_theme_with_design_tokens_add_testcafe_etalons,failure,Test angular,https://github.com/DevExpress/DevExtreme/actions/runs/30472458178/job/90647488088
"29.07.26, 16:48:13",90645682318,30472412668,1,Wrappers Tests,build,T1329677,cancelled,Use Node.js,https://github.com/DevExpress/DevExtreme/actions/runs/30472412668/job/90645682318
"29.07.26, 16:48:13",90645682339,30472412668,1,Wrappers Tests,check-regenerate,T1329677,cancelled,Use Node.js,https://github.com/DevExpress/DevExtreme/actions/runs/30472412668/job/90645682339
"29.07.26, 16:48:31",90645759478,30472412668,1,Wrappers Tests,test,T1329677,cancelled,,https://github.com/DevExpress/DevExtreme/actions/runs/30472412668/job/90645759478
"29.07.26, 16:50:45",90646315455,30472072856,1,Wrappers Tests,test (angular),feature/26_2_new_fluent_theme_with_design_tokens,failure,Test angular,https://github.com/DevExpress/DevExtreme/actions/runs/30472072856/job/90646315455
"29.07.26, 16:41:31",90643968545,30471524148,1,Wrappers Tests,test (angular),feature/systemjs-remove-from-qunit-testinng,cancelled,Pack angular,https://github.com/DevExpress/DevExtreme/actions/runs/30471524148/job/90643968545
"29.07.26, 16:41:31",90643968572,30471524148,1,Wrappers Tests,test (react),feature/systemjs-remove-from-qunit-testinng,cancelled,Post Setup nx cache,https://github.com/DevExpress/DevExtreme/actions/runs/30471524148/job/90643968572
"29.07.26, 16:41:31",90643968604,30471524148,1,Wrappers Tests,test (vue),feature/systemjs-remove-from-qunit-testinng,cancelled,Post Setup nx cache,https://github.com/DevExpress/DevExtreme/actions/runs/30471524148/job/90643968604
"29.07.26, 16:24:26",90639407980,30470224098,1,Wrappers Tests,test (angular),feature/26_2_new_fluent_theme_with_design_tokens_add_etalons,failure,Test angular,https://github.com/DevExpress/DevExtreme/actions/runs/30470224098/job/90639407980
"29.07.26, 15:30:07",90624263771,30465623443,1,Wrappers Tests,test (angular),feature/26_2_new_fluent_theme_with_design_tokens_add_etalons,failure,Test angular,https://github.com/DevExpress/DevExtreme/actions/runs/30465623443/job/90624263771
"29.07.26, 14:33:17",90608241874,30460987604,1,Wrappers Tests,test (angular),dmlvr-feature/26_2_popover_support_content_reading,cancelled,Test angular,https://github.com/DevExpress/DevExtreme/actions/runs/30460987604/job/90608241874
"29.07.26, 14:33:17",90608241911,30460987604,1,Wrappers Tests,test (react),dmlvr-feature/26_2_popover_support_content_reading,cancelled,Test react,https://github.com/DevExpress/DevExtreme/actions/runs/30460987604/job/90608241911
"29.07.26, 14:28:37",90606889630,30460579855,1,Wrappers Tests,test (react),qunit_fluent_part_1_26_1,cancelled,Post Setup nx cache,https://github.com/DevExpress/DevExtreme/actions/runs/30460579855/job/90606889630
"29.07.26, 14:28:37",90606889648,30460579855,1,Wrappers Tests,test (vue),qunit_fluent_part_1_26_1,cancelled,Post Setup nx cache,https://github.com/DevExpress/DevExtreme/actions/runs/30460579855/job/90606889648
"29.07.26, 14:28:37",90606889896,30460579855,1,Wrappers Tests,test (angular),qunit_fluent_part_1_26_1,cancelled,Test angular,https://github.com/DevExpress/DevExtreme/actions/runs/30460579855/job/90606889896
"29.07.26, 14:19:19",90604260161,30460101182,1,Wrappers Tests,test (angular),feature/26_2_new_fluent_theme_with_design_tokens_add_etalons,failure,Test angular,https://github.com/DevExpress/DevExtreme/actions/runs/30460101182/job/90604260161
"29.07.26, 14:06:12",90600554133,30458957013,1,Wrappers Tests,test (angular),feature/26_2_new_fluent_theme_with_design_tokens_add_etalons,failure,Test angular,https://github.com/DevExpress/DevExtreme/actions/runs/30458957013/job/90600554133
"29.07.26, 13:47:02",90595171055,30457447623,1,Wrappers Tests,test (angular),feature/26_2_new_fluent_theme_with_design_tokens_add_etalons,failure,Test angular,https://github.com/DevExpress/DevExtreme/actions/runs/30457447623/job/90595171055
"29.07.26, 13:46:26",90595007570,30457081762,1,Wrappers Tests,test (angular),feature/26_2_new_fluent_theme_with_design_tokens,failure,Test angular,https://github.com/DevExpress/DevExtreme/actions/runs/30457081762/job/90595007570
"29.07.26, 13:27:33",90589912187,30456092846,1,Wrappers Tests,check-regenerate,feature/26_2_new_fluent_theme_with_design_tokens_add_etalons,cancelled,,https://github.com/DevExpress/DevExtreme/actions/runs/30456092846/job/90589912187
"29.07.26, 13:27:33",90589912733,30456092846,1,Wrappers Tests,build,feature/26_2_new_fluent_theme_with_design_tokens_add_etalons,cancelled,,https://github.com/DevExpress/DevExtreme/actions/runs/30456092846/job/90589912733
"29.07.26, 13:27:34",90589918156,30456092846,1,Wrappers Tests,test,feature/26_2_new_fluent_theme_with_design_tokens_add_etalons,cancelled,,https://github.com/DevExpress/DevExtreme/actions/runs/30456092846/job/90589918156
"29.07.26, 13:32:21",90591185313,30456093377,1,Wrappers Tests,test (angular),feature/26_2_new_fluent_theme_with_design_tokens_add_etalons,failure,Test angular,https://github.com/DevExpress/DevExtreme/actions/runs/30456093377/job/90591185313
"29.07.26, 12:34:22",90576542403,30451810582,1,Wrappers Tests,test (angular),feature/26_2_new_fluent_theme_with_design_tokens_add_etalons,failure,Test angular,https://github.com/DevExpress/DevExtreme/actions/runs/30451810582/job/90576542403
"29.07.26, 11:59:55",90568722080,30449751476,1,Wrappers Tests,check-regenerate,fix/T1332943,cancelled,Install dependencies,https://github.com/DevExpress/DevExtreme/actions/runs/30449751476/job/90568722080
"29.07.26, 11:59:55",90568722193,30449751476,1,Wrappers Tests,build,fix/T1332943,cancelled,Use Node.js,https://github.com/DevExpress/DevExtreme/actions/runs/30449751476/job/90568722193
"29.07.26, 12:01:31",90569095485,30449751476,1,Wrappers Tests,test,fix/T1332943,cancelled,,https://github.com/DevExpress/DevExtreme/actions/runs/30449751476/job/90569095485
"29.07.26, 11:50:02",90566566838,30449096779,1,Wrappers Tests,build,datagrid_qunit_tests_replace_theme_26_2,cancelled,Build devextreme package,https://github.com/DevExpress/DevExtreme/actions/runs/30449096779/job/90566566838
"29.07.26, 11:53:26",90567316668,30449096779,1,Wrappers Tests,test,datagrid_qunit_tests_replace_theme_26_2,cancelled,,https://github.com/DevExpress/DevExtreme/actions/runs/30449096779/job/90567316668
"29.07.26, 11:49:38",90566483016,30448693880,1,Wrappers Tests,test (angular),feature/26_2_new_fluent_theme_with_design_tokens_add_etalons,failure,Test angular,https://github.com/DevExpress/DevExtreme/actions/runs/30448693880/job/90566483016
"29.07.26, 12:00:33",90568870655,30448693880,2,Wrappers Tests,test (angular),feature/26_2_new_fluent_theme_with_design_tokens_add_etalons,failure,Test angular,https://github.com/DevExpress/DevExtreme/actions/runs/30448693880/job/90568870655
"29.07.26, 11:44:25",90565358387,30448608093,1,Wrappers Tests,test (angular),feature/26_2_new_fluent_theme_with_design_tokens,failure,Test angular,https://github.com/DevExpress/DevExtreme/actions/runs/30448608093/job/90565358387
"29.07.26, 11:21:09",90560468295,30447228203,1,Wrappers Tests,check-regenerate,datagrid_qunit_tests_replace_theme_26_2,cancelled,Generate wrappers,https://github.com/DevExpress/DevExtreme/actions/runs/30447228203/job/90560468295
"29.07.26, 11:21:09",90560468309,30447228203,1,Wrappers Tests,build,datagrid_qunit_tests_replace_theme_26_2,cancelled,Build devextreme package,https://github.com/DevExpress/DevExtreme/actions/runs/30447228203/job/90560468309
"29.07.26, 11:22:34",90560768595,30447228203,1,Wrappers Tests,test,datagrid_qunit_tests_replace_theme_26_2,cancelled,,https://github.com/DevExpress/DevExtreme/actions/runs/30447228203/job/90560768595
"29.07.26, 10:43:56",90552433882,30444633016,1,Wrappers Tests,test (angular),feature/26_2_new_fluent_theme_with_design_tokens,failure,Test angular,https://github.com/DevExpress/DevExtreme/actions/runs/30444633016/job/90552433882
"29.07.26, 10:40:57",90551798041,30444301865,1,Wrappers Tests,test (vue),feature/26_2_new_fluent_theme_with_design_tokens,cancelled,,https://github.com/DevExpress/DevExtreme/actions/runs/30444301865/job/90551798041
"29.07.26, 10:40:57",90551798061,30444301865,1,Wrappers Tests,test (react),feature/26_2_new_fluent_theme_with_design_tokens,cancelled,,https://github.com/DevExpress/DevExtreme/actions/runs/30444301865/job/90551798061
"29.07.26, 10:40:57",90551798079,30444301865,1,Wrappers Tests,test (angular),feature/26_2_new_fluent_theme_with_design_tokens,cancelled,,https://github.com/DevExpress/DevExtreme/actions/runs/30444301865/job/90551798079
"29.07.26, 10:06:36",90544431377,30442199445,1,Wrappers Tests,test (angular),feature/26_2_new_fluent_theme_with_design_tokens,failure,Test angular,https://github.com/DevExpress/DevExtreme/actions/runs/30442199445/job/90544431377
"29.07.26, 09:53:06",90541435501,30441076651,1,Wrappers Tests,test (angular),feature/26_2_new_fluent_theme_with_design_tokens,failure,Test angular,https://github.com/DevExpress/DevExtreme/actions/runs/30441076651/job/90541435501
"29.07.26, 08:23:58",90521677701,30435351713,1,Wrappers Tests,check-regenerate,feature/systemjs-remove-from-qunit-testinng,failure,Install dependencies,https://github.com/DevExpress/DevExtreme/actions/runs/30435351713/job/90521677701
"29.07.26, 08:23:58",90521677820,30435351713,1,Wrappers Tests,build,feature/systemjs-remove-from-qunit-testinng,failure,Install dependencies,https://github.com/DevExpress/DevExtreme/actions/runs/30435351713/job/90521677820
"29.07.26, 07:12:22",90507365173,30430513478,1,Wrappers Tests,test (angular),feature/systemjs-remove-from-qunit-testinng,failure,,https://github.com/DevExpress/DevExtreme/actions/runs/30430513478/job/90507365173
"29.07.26, 06:49:04",90502934798,30428986164,1,Wrappers Tests,test (angular),fix/grid-command-columns-in-filter-panel-25_2,cancelled,Test angular,https://github.com/DevExpress/DevExtreme/actions/runs/30428986164/job/90502934798
"29.07.26, 00:56:18",90451997843,30412613416,1,Wrappers Tests,check-regenerate,feature/remove-systemjs-demos,failure,Check generated code,https://github.com/DevExpress/DevExtreme/actions/runs/30412613416/job/90451997843
"29.07.26, 00:56:03",90451960834,30412604196,1,Wrappers Tests,check-regenerate,feature/remove-systemjs-demos,cancelled,Get sources,https://github.com/DevExpress/DevExtreme/actions/runs/30412604196/job/90451960834
"29.07.26, 00:56:03",90451960841,30412604196,1,Wrappers Tests,build,feature/remove-systemjs-demos,cancelled,Get sources,https://github.com/DevExpress/DevExtreme/actions/runs/30412604196/job/90451960841
"29.07.26, 00:56:18",90451997291,30412604196,1,Wrappers Tests,test,feature/remove-systemjs-demos,cancelled,,https://github.com/DevExpress/DevExtreme/actions/runs/30412604196/job/90451997291
"29.07.26, 22:06:00",90721264587,30494882756,1,Wrappers E2E Tests,Build DevExtreme and Wrappers,feature/systemjs-remove-from-qunit-testinng,cancelled,Install dependencies,https://github.com/DevExpress/DevExtreme/actions/runs/30494882756/job/90721264587
"29.07.26, 22:06:55",90721452342,30494882756,1,Wrappers E2E Tests,Test ${{ matrix.framework }},feature/systemjs-remove-from-qunit-testinng,cancelled,,https://github.com/DevExpress/DevExtreme/actions/runs/30494882756/job/90721452342
"29.07.26, 21:44:00",90716768216,30492819785,1,Wrappers E2E Tests,Test vue3,feature/systemjs-remove-from-qunit-testinng,cancelled,Install dependencies,https://github.com/DevExpress/DevExtreme/actions/runs/30492819785/job/90716768216
"29.07.26, 21:44:00",90716768227,30492819785,1,Wrappers E2E Tests,Test react19,feature/systemjs-remove-from-qunit-testinng,cancelled,Install dependencies,https://github.com/DevExpress/DevExtreme/actions/runs/30492819785/job/90716768227
"29.07.26, 21:44:00",90716768271,30492819785,1,Wrappers E2E Tests,Test angular,feature/systemjs-remove-from-qunit-testinng,cancelled,Install dependencies,https://github.com/DevExpress/DevExtreme/actions/runs/30492819785/job/90716768271
"29.07.26, 16:48:17",90645698481,30472417743,1,Wrappers E2E Tests,Build DevExtreme and Wrappers,T1329677,cancelled,Get sources,https://github.com/DevExpress/DevExtreme/actions/runs/30472417743/job/90645698481
"29.07.26, 16:48:31",90645759897,30472417743,1,Wrappers E2E Tests,Test ${{ matrix.framework }},T1329677,cancelled,,https://github.com/DevExpress/DevExtreme/actions/runs/30472417743/job/90645759897
"29.07.26, 16:36:37",90642682462,30471523470,1,Wrappers E2E Tests,Build DevExtreme and Wrappers,feature/systemjs-remove-from-qunit-testinng,cancelled,,https://github.com/DevExpress/DevExtreme/actions/runs/30471523470/job/90642682462
"29.07.26, 16:50:41",90646299321,30471523470,1,Wrappers E2E Tests,Test ${{ matrix.framework }},feature/systemjs-remove-from-qunit-testinng,cancelled,,https://github.com/DevExpress/DevExtreme/actions/runs/30471523470/job/90646299321
"29.07.26, 14:36:20",90609121978,30460987751,1,Wrappers E2E Tests,Test vue3,dmlvr-feature/26_2_popover_support_content_reading,cancelled,Run tests for vue3,https://github.com/DevExpress/DevExtreme/actions/runs/30460987751/job/90609121978
"29.07.26, 14:23:54",90605557953,30460659668,1,Wrappers E2E Tests,Build DevExtreme and Wrappers,qunit_fluent_part_1_25_2,cancelled,Build all DevExtreme packages,https://github.com/DevExpress/DevExtreme/actions/runs/30460659668/job/90605557953
"29.07.26, 14:33:06",90608189935,30460659668,1,Wrappers E2E Tests,Test ${{ matrix.framework }},qunit_fluent_part_1_25_2,cancelled,,https://github.com/DevExpress/DevExtreme/actions/runs/30460659668/job/90608189935
"29.07.26, 14:31:43",90607789531,30460579909,1,Wrappers E2E Tests,Test angular,qunit_fluent_part_1_26_1,cancelled,Install dependencies,https://github.com/DevExpress/DevExtreme/actions/runs/30460579909/job/90607789531
"29.07.26, 14:31:43",90607789606,30460579909,1,Wrappers E2E Tests,Test vue3,qunit_fluent_part_1_26_1,cancelled,Install dependencies,https://github.com/DevExpress/DevExtreme/actions/runs/30460579909/job/90607789606
"29.07.26, 14:31:43",90607789625,30460579909,1,Wrappers E2E Tests,Test react19,qunit_fluent_part_1_26_1,cancelled,Install dependencies,https://github.com/DevExpress/DevExtreme/actions/runs/30460579909/job/90607789625
"29.07.26, 13:27:33",90589912105,30456092840,1,Wrappers E2E Tests,Build DevExtreme and Wrappers,feature/26_2_new_fluent_theme_with_design_tokens_add_etalons,cancelled,,https://github.com/DevExpress/DevExtreme/actions/runs/30456092840/job/90589912105
"29.07.26, 13:27:34",90589918587,30456092840,1,Wrappers E2E Tests,Test ${{ matrix.framework }},feature/26_2_new_fluent_theme_with_design_tokens_add_etalons,cancelled,,https://github.com/DevExpress/DevExtreme/actions/runs/30456092840/job/90589918587
"29.07.26, 11:59:55",90568722100,30449751428,1,Wrappers E2E Tests,Build DevExtreme and Wrappers,fix/T1332943,cancelled,Get sources,https://github.com/DevExpress/DevExtreme/actions/runs/30449751428/job/90568722100
"29.07.26, 12:01:32",90569096156,30449751428,1,Wrappers E2E Tests,Test ${{ matrix.framework }},fix/T1332943,cancelled,,https://github.com/DevExpress/DevExtreme/actions/runs/30449751428/job/90569096156
"29.07.26, 11:50:02",90566567090,30449096853,1,Wrappers E2E Tests,Build DevExtreme and Wrappers,datagrid_qunit_tests_replace_theme_26_2,cancelled,Build all DevExtreme packages,https://github.com/DevExpress/DevExtreme/actions/runs/30449096853/job/90566567090
"29.07.26, 11:53:27",90567318603,30449096853,1,Wrappers E2E Tests,Test ${{ matrix.framework }},datagrid_qunit_tests_replace_theme_26_2,cancelled,,https://github.com/DevExpress/DevExtreme/actions/runs/30449096853/job/90567318603
"29.07.26, 11:21:09",90560468094,30447228234,1,Wrappers E2E Tests,Build DevExtreme and Wrappers,datagrid_qunit_tests_replace_theme_26_2,cancelled,Install dependencies,https://github.com/DevExpress/DevExtreme/actions/runs/30447228234/job/90560468094
"29.07.26, 11:22:30",90560757897,30447228234,1,Wrappers E2E Tests,Test ${{ matrix.framework }},datagrid_qunit_tests_replace_theme_26_2,cancelled,,https://github.com/DevExpress/DevExtreme/actions/runs/30447228234/job/90560757897
"29.07.26, 10:40:28",90551695154,30444301856,1,Wrappers E2E Tests,Test react19,feature/26_2_new_fluent_theme_with_design_tokens,cancelled,Install dependencies,https://github.com/DevExpress/DevExtreme/actions/runs/30444301856/job/90551695154
"29.07.26, 10:40:28",90551695199,30444301856,1,Wrappers E2E Tests,Test vue3,feature/26_2_new_fluent_theme_with_design_tokens,cancelled,Install dependencies,https://github.com/DevExpress/DevExtreme/actions/runs/30444301856/job/90551695199
"29.07.26, 10:40:28",90551695257,30444301856,1,Wrappers E2E Tests,Test angular,feature/26_2_new_fluent_theme_with_design_tokens,cancelled,Install dependencies,https://github.com/DevExpress/DevExtreme/actions/runs/30444301856/job/90551695257
"29.07.26, 08:23:57",90521677507,30435351662,1,Wrappers E2E Tests,Build DevExtreme and Wrappers,feature/systemjs-remove-from-qunit-testinng,failure,Install dependencies,https://github.com/DevExpress/DevExtreme/actions/runs/30435351662/job/90521677507
"29.07.26, 00:56:03",90451960808,30412604189,1,Wrappers E2E Tests,Build DevExtreme and Wrappers,feature/remove-systemjs-demos,cancelled,Get sources,https://github.com/DevExpress/DevExtreme/actions/runs/30412604189/job/90451960808
"29.07.26, 00:56:18",90451996931,30412604189,1,Wrappers E2E Tests,Test ${{ matrix.framework }},feature/remove-systemjs-demos,cancelled,,https://github.com/DevExpress/DevExtreme/actions/runs/30412604189/job/90451996931
