created at,id,run id,run attempt,workflow name,name,head branch,conclusion,step,html url
"11.08.26, 02:46:31",93662105000,31453370360,1,Send dependabot new vulnerability alerts,Send notifications,main,failure,Teams Notification,https://github.com/DevExpress/DevExtreme/actions/runs/31453370360/job/93662105000
"11.08.26, 23:14:38",93957617454,31545713190,1,Build and pack DevExtreme npm packages,build,refactor/gridcore-datacontroller-eslint-refresh-load-26_2,cancelled,,https://github.com/DevExpress/DevExtreme/actions/runs/31545713190/job/93957617454
"11.08.26, 23:19:13",93958552013,31545713190,1,Build and pack DevExtreme npm packages,custom_bundles,refactor/gridcore-datacontroller-eslint-refresh-load-26_2,cancelled,,https://github.com/DevExpress/DevExtreme/actions/runs/31545713190/job/93958552013
"11.08.26, 16:02:46",93842177501,31510313078,1,Build and pack DevExtreme npm packages,build,issue-4695_26_2,cancelled,,https://github.com/DevExpress/DevExtreme/actions/runs/31510313078/job/93842177501
"11.08.26, 17:14:55",93863120039,31510313078,1,Build and pack DevExtreme npm packages,custom_bundles,issue-4695_26_2,cancelled,,https://github.com/DevExpress/DevExtreme/actions/runs/31510313078/job/93863120039
"11.08.26, 15:41:38",93835788448,31508417133,1,Build and pack DevExtreme npm packages,build,feature/26_2_new_fluent_theme_with_design_tokens,cancelled,,https://github.com/DevExpress/DevExtreme/actions/runs/31508417133/job/93835788448
"11.08.26, 18:26:07",93883421878,31508417133,1,Build and pack DevExtreme npm packages,custom_bundles,feature/26_2_new_fluent_theme_with_design_tokens,cancelled,,https://github.com/DevExpress/DevExtreme/actions/runs/31508417133/job/93883421878
"11.08.26, 15:27:40",93831484021,31507135198,1,Build and pack DevExtreme npm packages,build,26_2_new_fluent_theme_with_design_tokens__fix-hardcoded-colors-in-WG,cancelled,,https://github.com/DevExpress/DevExtreme/actions/runs/31507135198/job/93831484021
"11.08.26, 16:22:09",93847911076,31507135198,1,Build and pack DevExtreme npm packages,custom_bundles,26_2_new_fluent_theme_with_design_tokens__fix-hardcoded-colors-in-WG,cancelled,,https://github.com/DevExpress/DevExtreme/actions/runs/31507135198/job/93847911076
"11.08.26, 13:25:11",93793950640,31496060574,1,Build and pack DevExtreme npm packages,build,data_fix_public_getters_main,cancelled,,https://github.com/DevExpress/DevExtreme/actions/runs/31496060574/job/93793950640
"11.08.26, 14:10:23",93807545454,31496060574,1,Build and pack DevExtreme npm packages,custom_bundles,data_fix_public_getters_main,cancelled,,https://github.com/DevExpress/DevExtreme/actions/runs/31496060574/job/93807545454
"11.08.26, 13:06:18",93788618308,31494468683,1,Build and pack DevExtreme npm packages,build,data_fix_public_getters_main,cancelled,,https://github.com/DevExpress/DevExtreme/actions/runs/31494468683/job/93788618308
"11.08.26, 13:25:11",93793949755,31494468683,1,Build and pack DevExtreme npm packages,custom_bundles,data_fix_public_getters_main,cancelled,,https://github.com/DevExpress/DevExtreme/actions/runs/31494468683/job/93793949755
"11.08.26, 13:05:05",93788280481,31494364089,1,Build and pack DevExtreme npm packages,build,issue-4695_26_2,cancelled,,https://github.com/DevExpress/DevExtreme/actions/runs/31494364089/job/93788280481
"11.08.26, 16:02:46",93842176338,31494364089,1,Build and pack DevExtreme npm packages,custom_bundles,issue-4695_26_2,cancelled,,https://github.com/DevExpress/DevExtreme/actions/runs/31494364089/job/93842176338
"11.08.26, 13:00:40",93787061093,31494001153,1,Build and pack DevExtreme npm packages,build,data_fix_public_getters_main,cancelled,,https://github.com/DevExpress/DevExtreme/actions/runs/31494001153/job/93787061093
"11.08.26, 13:06:18",93788616578,31494001153,1,Build and pack DevExtreme npm packages,custom_bundles,data_fix_public_getters_main,cancelled,,https://github.com/DevExpress/DevExtreme/actions/runs/31494001153/job/93788616578
"11.08.26, 12:51:11",93784503631,31493214458,1,Build and pack DevExtreme npm packages,build,data_fix_public_getters_main,cancelled,,https://github.com/DevExpress/DevExtreme/actions/runs/31493214458/job/93784503631
"11.08.26, 13:00:40",93787060016,31493214458,1,Build and pack DevExtreme npm packages,custom_bundles,data_fix_public_getters_main,cancelled,,https://github.com/DevExpress/DevExtreme/actions/runs/31493214458/job/93787060016
"11.08.26, 12:48:10",93783676607,31492979022,1,Build and pack DevExtreme npm packages,build,data_fix_public_getters_main,cancelled,,https://github.com/DevExpress/DevExtreme/actions/runs/31492979022/job/93783676607
"11.08.26, 12:51:09",93784494397,31492979022,1,Build and pack DevExtreme npm packages,custom_bundles,data_fix_public_getters_main,cancelled,,https://github.com/DevExpress/DevExtreme/actions/runs/31492979022/job/93784494397
"11.08.26, 12:42:24",93782144265,31492508965,1,Build and pack DevExtreme npm packages,build,issue-4695_26_2,cancelled,,https://github.com/DevExpress/DevExtreme/actions/runs/31492508965/job/93782144265
"11.08.26, 13:05:04",93788278117,31492508965,1,Build and pack DevExtreme npm packages,custom_bundles,issue-4695_26_2,cancelled,,https://github.com/DevExpress/DevExtreme/actions/runs/31492508965/job/93788278117
"11.08.26, 12:24:23",93777419263,31491056537,1,Build and pack DevExtreme npm packages,build,issue-4695_26_2,cancelled,,https://github.com/DevExpress/DevExtreme/actions/runs/31491056537/job/93777419263
"11.08.26, 12:42:24",93782142856,31491056537,1,Build and pack DevExtreme npm packages,custom_bundles,issue-4695_26_2,cancelled,,https://github.com/DevExpress/DevExtreme/actions/runs/31491056537/job/93782142856
"11.08.26, 12:23:05",93777076550,31490950764,1,Build and pack DevExtreme npm packages,build,protect-workflows,cancelled,,https://github.com/DevExpress/DevExtreme/actions/runs/31490950764/job/93777076550
"11.08.26, 14:06:37",93806397093,31490950764,1,Build and pack DevExtreme npm packages,custom_bundles,protect-workflows,cancelled,,https://github.com/DevExpress/DevExtreme/actions/runs/31490950764/job/93806397093
"11.08.26, 12:15:45",93775178792,31490371980,1,Build and pack DevExtreme npm packages,build,data_fix_public_getters_main,failure,Build npm packages,https://github.com/DevExpress/DevExtreme/actions/runs/31490371980/job/93775178792
"11.08.26, 12:14:29",93774848763,31490270146,1,Build and pack DevExtreme npm packages,build,26_2_typing_fab,cancelled,Build npm packages,https://github.com/DevExpress/DevExtreme/actions/runs/31490270146/job/93774848763
"11.08.26, 12:17:11",93775546332,31490270146,1,Build and pack DevExtreme npm packages,custom_bundles,26_2_typing_fab,cancelled,,https://github.com/DevExpress/DevExtreme/actions/runs/31490270146/job/93775546332
"11.08.26, 12:07:47",93773192631,31489757588,1,Build and pack DevExtreme npm packages,build,data_fix_public_getters_main,failure,Build npm packages,https://github.com/DevExpress/DevExtreme/actions/runs/31489757588/job/93773192631
"11.08.26, 07:26:12",93707723325,31468929750,1,Build and pack DevExtreme npm packages,build,chore/26-1-fix-security-alerts,cancelled,,https://github.com/DevExpress/DevExtreme/actions/runs/31468929750/job/93707723325
"11.08.26, 07:26:30",93707782307,31468929750,1,Build and pack DevExtreme npm packages,custom_bundles,chore/26-1-fix-security-alerts,cancelled,,https://github.com/DevExpress/DevExtreme/actions/runs/31468929750/job/93707782307
"11.08.26, 23:14:38",93957617498,31545713196,1,Default Workflow,main,refactor/gridcore-datacontroller-eslint-refresh-load-26_2,cancelled,,https://github.com/DevExpress/DevExtreme/actions/runs/31545713196/job/93957617498
"11.08.26, 16:02:46",93842176383,31510313070,1,Default Workflow,main,issue-4695_26_2,cancelled,,https://github.com/DevExpress/DevExtreme/actions/runs/31510313070/job/93842176383
"11.08.26, 15:41:38",93835788091,31508417090,1,Default Workflow,main,feature/26_2_new_fluent_theme_with_design_tokens,cancelled,,https://github.com/DevExpress/DevExtreme/actions/runs/31508417090/job/93835788091
"11.08.26, 15:27:40",93831484393,31507135283,1,Default Workflow,main,26_2_new_fluent_theme_with_design_tokens__fix-hardcoded-colors-in-WG,cancelled,,https://github.com/DevExpress/DevExtreme/actions/runs/31507135283/job/93831484393
"11.08.26, 13:25:11",93793951034,31496060756,1,Default Workflow,main,data_fix_public_getters_main,cancelled,,https://github.com/DevExpress/DevExtreme/actions/runs/31496060756/job/93793951034
"11.08.26, 13:06:18",93788616646,31494468639,1,Default Workflow,main,data_fix_public_getters_main,cancelled,,https://github.com/DevExpress/DevExtreme/actions/runs/31494468639/job/93788616646
"11.08.26, 13:05:04",93788276171,31494363937,1,Default Workflow,main,issue-4695_26_2,cancelled,,https://github.com/DevExpress/DevExtreme/actions/runs/31494363937/job/93788276171
"11.08.26, 13:00:40",93787059043,31494001047,1,Default Workflow,main,data_fix_public_getters_main,cancelled,,https://github.com/DevExpress/DevExtreme/actions/runs/31494001047/job/93787059043
"11.08.26, 12:51:03",93784468057,31493214564,1,Default Workflow,main,data_fix_public_getters_main,cancelled,,https://github.com/DevExpress/DevExtreme/actions/runs/31493214564/job/93784468057
"11.08.26, 12:48:10",93783676190,31492978940,1,Default Workflow,main,data_fix_public_getters_main,cancelled,,https://github.com/DevExpress/DevExtreme/actions/runs/31492978940/job/93783676190
"11.08.26, 12:42:24",93782142614,31492508910,1,Default Workflow,main,issue-4695_26_2,cancelled,,https://github.com/DevExpress/DevExtreme/actions/runs/31492508910/job/93782142614
"11.08.26, 12:24:23",93777419020,31491056606,1,Default Workflow,main,issue-4695_26_2,cancelled,,https://github.com/DevExpress/DevExtreme/actions/runs/31491056606/job/93777419020
"11.08.26, 12:23:05",93777076245,31490950772,1,Default Workflow,main,protect-workflows,cancelled,,https://github.com/DevExpress/DevExtreme/actions/runs/31490950772/job/93777076245
"11.08.26, 12:15:47",93775183246,31490372007,1,Default Workflow,main,data_fix_public_getters_main,failure,Run targets,https://github.com/DevExpress/DevExtreme/actions/runs/31490372007/job/93775183246
"11.08.26, 12:14:29",93774848877,31490270263,1,Default Workflow,main,26_2_typing_fab,cancelled,Run targets,https://github.com/DevExpress/DevExtreme/actions/runs/31490270263/job/93774848877
"11.08.26, 12:07:47",93773192795,31489757626,1,Default Workflow,main,data_fix_public_getters_main,failure,Run targets,https://github.com/DevExpress/DevExtreme/actions/runs/31489757626/job/93773192795
"11.08.26, 11:01:06",93757467813,31484750985,1,Default Workflow,main,grid_core_datacontroller_fix_eslint_part_4_26_2,failure,,https://github.com/DevExpress/DevExtreme/actions/runs/31484750985/job/93757467813
"11.08.26, 07:26:12",93707723432,31468929762,1,Default Workflow,main,chore/26-1-fix-security-alerts,cancelled,,https://github.com/DevExpress/DevExtreme/actions/runs/31468929762/job/93707723432
"11.08.26, 07:26:18",93707741613,31468929778,1,Demos unit tests,Run unit tests,chore/26-1-fix-security-alerts,cancelled,,https://github.com/DevExpress/DevExtreme/actions/runs/31468929778/job/93707741613
"11.08.26, 23:14:38",93957617382,31545713179,1,Lint,TS,refactor/gridcore-datacontroller-eslint-refresh-load-26_2,cancelled,,https://github.com/DevExpress/DevExtreme/actions/runs/31545713179/job/93957617382
"11.08.26, 23:14:38",93957617419,31545713179,1,Lint,texts,refactor/gridcore-datacontroller-eslint-refresh-load-26_2,cancelled,,https://github.com/DevExpress/DevExtreme/actions/runs/31545713179/job/93957617419
"11.08.26, 23:14:38",93957617425,31545713179,1,Lint,wrappers,refactor/gridcore-datacontroller-eslint-refresh-load-26_2,cancelled,,https://github.com/DevExpress/DevExtreme/actions/runs/31545713179/job/93957617425
"11.08.26, 23:14:38",93957617765,31545713179,1,Lint,JS,refactor/gridcore-datacontroller-eslint-refresh-load-26_2,cancelled,,https://github.com/DevExpress/DevExtreme/actions/runs/31545713179/job/93957617765
"11.08.26, 23:19:12",93958551773,31545713179,1,Lint,Send notifications,refactor/gridcore-datacontroller-eslint-refresh-load-26_2,cancelled,,https://github.com/DevExpress/DevExtreme/actions/runs/31545713179/job/93958551773
"11.08.26, 16:02:46",93842177400,31510313086,1,Lint,JS,issue-4695_26_2,cancelled,,https://github.com/DevExpress/DevExtreme/actions/runs/31510313086/job/93842177400
"11.08.26, 16:02:46",93842177578,31510313086,1,Lint,wrappers,issue-4695_26_2,cancelled,,https://github.com/DevExpress/DevExtreme/actions/runs/31510313086/job/93842177578
"11.08.26, 16:02:46",93842177607,31510313086,1,Lint,TS,issue-4695_26_2,cancelled,,https://github.com/DevExpress/DevExtreme/actions/runs/31510313086/job/93842177607
"11.08.26, 16:02:46",93842177611,31510313086,1,Lint,texts,issue-4695_26_2,cancelled,,https://github.com/DevExpress/DevExtreme/actions/runs/31510313086/job/93842177611
"11.08.26, 17:14:55",93863122107,31510313086,1,Lint,Send notifications,issue-4695_26_2,cancelled,,https://github.com/DevExpress/DevExtreme/actions/runs/31510313086/job/93863122107
"11.08.26, 15:41:38",93835788005,31508417059,1,Lint,JS,feature/26_2_new_fluent_theme_with_design_tokens,cancelled,,https://github.com/DevExpress/DevExtreme/actions/runs/31508417059/job/93835788005
"11.08.26, 15:41:38",93835788152,31508417059,1,Lint,wrappers,feature/26_2_new_fluent_theme_with_design_tokens,cancelled,,https://github.com/DevExpress/DevExtreme/actions/runs/31508417059/job/93835788152
"11.08.26, 15:41:38",93835788220,31508417059,1,Lint,texts,feature/26_2_new_fluent_theme_with_design_tokens,cancelled,,https://github.com/DevExpress/DevExtreme/actions/runs/31508417059/job/93835788220
"11.08.26, 15:41:38",93835788249,31508417059,1,Lint,TS,feature/26_2_new_fluent_theme_with_design_tokens,cancelled,,https://github.com/DevExpress/DevExtreme/actions/runs/31508417059/job/93835788249
"11.08.26, 18:26:07",93883423223,31508417059,1,Lint,Send notifications,feature/26_2_new_fluent_theme_with_design_tokens,cancelled,,https://github.com/DevExpress/DevExtreme/actions/runs/31508417059/job/93883423223
"11.08.26, 15:27:41",93831485061,31507135406,1,Lint,texts,26_2_new_fluent_theme_with_design_tokens__fix-hardcoded-colors-in-WG,cancelled,,https://github.com/DevExpress/DevExtreme/actions/runs/31507135406/job/93831485061
"11.08.26, 15:27:41",93831485082,31507135406,1,Lint,wrappers,26_2_new_fluent_theme_with_design_tokens__fix-hardcoded-colors-in-WG,cancelled,,https://github.com/DevExpress/DevExtreme/actions/runs/31507135406/job/93831485082
"11.08.26, 15:27:41",93831485269,31507135406,1,Lint,TS,26_2_new_fluent_theme_with_design_tokens__fix-hardcoded-colors-in-WG,cancelled,,https://github.com/DevExpress/DevExtreme/actions/runs/31507135406/job/93831485269
"11.08.26, 15:27:41",93831485370,31507135406,1,Lint,JS,26_2_new_fluent_theme_with_design_tokens__fix-hardcoded-colors-in-WG,cancelled,,https://github.com/DevExpress/DevExtreme/actions/runs/31507135406/job/93831485370
"11.08.26, 16:22:11",93847923721,31507135406,1,Lint,Send notifications,26_2_new_fluent_theme_with_design_tokens__fix-hardcoded-colors-in-WG,cancelled,,https://github.com/DevExpress/DevExtreme/actions/runs/31507135406/job/93847923721
"11.08.26, 13:25:11",93793951154,31496060617,1,Lint,JS,data_fix_public_getters_main,cancelled,,https://github.com/DevExpress/DevExtreme/actions/runs/31496060617/job/93793951154
"11.08.26, 13:25:11",93793951168,31496060617,1,Lint,wrappers,data_fix_public_getters_main,cancelled,,https://github.com/DevExpress/DevExtreme/actions/runs/31496060617/job/93793951168
"11.08.26, 13:25:11",93793951223,31496060617,1,Lint,texts,data_fix_public_getters_main,cancelled,,https://github.com/DevExpress/DevExtreme/actions/runs/31496060617/job/93793951223
"11.08.26, 13:25:11",93793951362,31496060617,1,Lint,TS,data_fix_public_getters_main,cancelled,,https://github.com/DevExpress/DevExtreme/actions/runs/31496060617/job/93793951362
"11.08.26, 14:10:22",93807543677,31496060617,1,Lint,Send notifications,data_fix_public_getters_main,cancelled,,https://github.com/DevExpress/DevExtreme/actions/runs/31496060617/job/93807543677
"11.08.26, 13:06:18",93788618454,31494468659,1,Lint,TS,data_fix_public_getters_main,cancelled,,https://github.com/DevExpress/DevExtreme/actions/runs/31494468659/job/93788618454
"11.08.26, 13:06:18",93788618500,31494468659,1,Lint,wrappers,data_fix_public_getters_main,cancelled,,https://github.com/DevExpress/DevExtreme/actions/runs/31494468659/job/93788618500
"11.08.26, 13:06:18",93788618517,31494468659,1,Lint,JS,data_fix_public_getters_main,cancelled,,https://github.com/DevExpress/DevExtreme/actions/runs/31494468659/job/93788618517
"11.08.26, 13:06:18",93788618521,31494468659,1,Lint,texts,data_fix_public_getters_main,cancelled,,https://github.com/DevExpress/DevExtreme/actions/runs/31494468659/job/93788618521
"11.08.26, 13:25:11",93793949479,31494468659,1,Lint,Send notifications,data_fix_public_getters_main,cancelled,,https://github.com/DevExpress/DevExtreme/actions/runs/31494468659/job/93793949479
"11.08.26, 13:05:04",93788278350,31494364014,1,Lint,texts,issue-4695_26_2,cancelled,,https://github.com/DevExpress/DevExtreme/actions/runs/31494364014/job/93788278350
"11.08.26, 13:05:04",93788278396,31494364014,1,Lint,wrappers,issue-4695_26_2,cancelled,,https://github.com/DevExpress/DevExtreme/actions/runs/31494364014/job/93788278396
"11.08.26, 13:05:04",93788278466,31494364014,1,Lint,TS,issue-4695_26_2,cancelled,,https://github.com/DevExpress/DevExtreme/actions/runs/31494364014/job/93788278466
"11.08.26, 13:05:04",93788278519,31494364014,1,Lint,JS,issue-4695_26_2,cancelled,,https://github.com/DevExpress/DevExtreme/actions/runs/31494364014/job/93788278519
"11.08.26, 16:02:46",93842176121,31494364014,1,Lint,Send notifications,issue-4695_26_2,cancelled,,https://github.com/DevExpress/DevExtreme/actions/runs/31494364014/job/93842176121
"11.08.26, 13:00:40",93787061394,31494001060,1,Lint,JS,data_fix_public_getters_main,cancelled,,https://github.com/DevExpress/DevExtreme/actions/runs/31494001060/job/93787061394
"11.08.26, 13:00:40",93787061396,31494001060,1,Lint,texts,data_fix_public_getters_main,cancelled,,https://github.com/DevExpress/DevExtreme/actions/runs/31494001060/job/93787061396
"11.08.26, 13:00:40",93787061414,31494001060,1,Lint,TS,data_fix_public_getters_main,cancelled,,https://github.com/DevExpress/DevExtreme/actions/runs/31494001060/job/93787061414
"11.08.26, 13:00:40",93787061445,31494001060,1,Lint,wrappers,data_fix_public_getters_main,cancelled,,https://github.com/DevExpress/DevExtreme/actions/runs/31494001060/job/93787061445
"11.08.26, 13:06:18",93788616946,31494001060,1,Lint,Send notifications,data_fix_public_getters_main,cancelled,,https://github.com/DevExpress/DevExtreme/actions/runs/31494001060/job/93788616946
"11.08.26, 12:51:04",93784468950,31493214484,1,Lint,texts,data_fix_public_getters_main,cancelled,,https://github.com/DevExpress/DevExtreme/actions/runs/31493214484/job/93784468950
"11.08.26, 12:51:04",93784468991,31493214484,1,Lint,wrappers,data_fix_public_getters_main,cancelled,,https://github.com/DevExpress/DevExtreme/actions/runs/31493214484/job/93784468991
"11.08.26, 12:51:04",93784469015,31493214484,1,Lint,TS,data_fix_public_getters_main,cancelled,,https://github.com/DevExpress/DevExtreme/actions/runs/31493214484/job/93784469015
"11.08.26, 12:51:04",93784469262,31493214484,1,Lint,JS,data_fix_public_getters_main,cancelled,,https://github.com/DevExpress/DevExtreme/actions/runs/31493214484/job/93784469262
"11.08.26, 13:00:40",93787059747,31493214484,1,Lint,Send notifications,data_fix_public_getters_main,cancelled,,https://github.com/DevExpress/DevExtreme/actions/runs/31493214484/job/93787059747
"11.08.26, 12:48:10",93783676516,31492979007,1,Lint,JS,data_fix_public_getters_main,cancelled,,https://github.com/DevExpress/DevExtreme/actions/runs/31492979007/job/93783676516
"11.08.26, 12:48:10",93783676568,31492979007,1,Lint,TS,data_fix_public_getters_main,cancelled,,https://github.com/DevExpress/DevExtreme/actions/runs/31492979007/job/93783676568
"11.08.26, 12:48:10",93783676603,31492979007,1,Lint,wrappers,data_fix_public_getters_main,cancelled,,https://github.com/DevExpress/DevExtreme/actions/runs/31492979007/job/93783676603
"11.08.26, 12:48:10",93783676618,31492979007,1,Lint,texts,data_fix_public_getters_main,cancelled,,https://github.com/DevExpress/DevExtreme/actions/runs/31492979007/job/93783676618
"11.08.26, 12:51:03",93784467059,31492979007,1,Lint,Send notifications,data_fix_public_getters_main,cancelled,,https://github.com/DevExpress/DevExtreme/actions/runs/31492979007/job/93784467059
"11.08.26, 12:42:24",93782144873,31492508971,1,Lint,wrappers,issue-4695_26_2,cancelled,,https://github.com/DevExpress/DevExtreme/actions/runs/31492508971/job/93782144873
"11.08.26, 12:42:24",93782144897,31492508971,1,Lint,texts,issue-4695_26_2,cancelled,,https://github.com/DevExpress/DevExtreme/actions/runs/31492508971/job/93782144897
"11.08.26, 12:42:24",93782144904,31492508971,1,Lint,TS,issue-4695_26_2,cancelled,,https://github.com/DevExpress/DevExtreme/actions/runs/31492508971/job/93782144904
"11.08.26, 12:42:24",93782144942,31492508971,1,Lint,JS,issue-4695_26_2,cancelled,,https://github.com/DevExpress/DevExtreme/actions/runs/31492508971/job/93782144942
"11.08.26, 13:05:04",93788277149,31492508971,1,Lint,Send notifications,issue-4695_26_2,cancelled,,https://github.com/DevExpress/DevExtreme/actions/runs/31492508971/job/93788277149
"11.08.26, 12:24:23",93777418448,31491056526,1,Lint,wrappers,issue-4695_26_2,cancelled,,https://github.com/DevExpress/DevExtreme/actions/runs/31491056526/job/93777418448
"11.08.26, 12:24:23",93777418520,31491056526,1,Lint,TS,issue-4695_26_2,cancelled,,https://github.com/DevExpress/DevExtreme/actions/runs/31491056526/job/93777418520
"11.08.26, 12:24:23",93777418547,31491056526,1,Lint,JS,issue-4695_26_2,cancelled,,https://github.com/DevExpress/DevExtreme/actions/runs/31491056526/job/93777418547
"11.08.26, 12:24:23",93777418621,31491056526,1,Lint,texts,issue-4695_26_2,cancelled,,https://github.com/DevExpress/DevExtreme/actions/runs/31491056526/job/93777418621
"11.08.26, 12:42:24",93782144085,31491056526,1,Lint,Send notifications,issue-4695_26_2,cancelled,,https://github.com/DevExpress/DevExtreme/actions/runs/31491056526/job/93782144085
"11.08.26, 12:23:05",93777075950,31490950655,1,Lint,JS,protect-workflows,cancelled,,https://github.com/DevExpress/DevExtreme/actions/runs/31490950655/job/93777075950
"11.08.26, 12:23:05",93777076083,31490950655,1,Lint,texts,protect-workflows,cancelled,,https://github.com/DevExpress/DevExtreme/actions/runs/31490950655/job/93777076083
"11.08.26, 12:23:05",93777076109,31490950655,1,Lint,wrappers,protect-workflows,cancelled,,https://github.com/DevExpress/DevExtreme/actions/runs/31490950655/job/93777076109
"11.08.26, 12:23:05",93777076195,31490950655,1,Lint,TS,protect-workflows,cancelled,,https://github.com/DevExpress/DevExtreme/actions/runs/31490950655/job/93777076195
"11.08.26, 14:06:37",93806398229,31490950655,1,Lint,Send notifications,protect-workflows,cancelled,,https://github.com/DevExpress/DevExtreme/actions/runs/31490950655/job/93806398229
"11.08.26, 12:15:45",93775179225,31490372018,1,Lint,JS,data_fix_public_getters_main,failure,Build,https://github.com/DevExpress/DevExtreme/actions/runs/31490372018/job/93775179225
"11.08.26, 12:15:46",93775179347,31490372018,1,Lint,TS,data_fix_public_getters_main,failure,Build,https://github.com/DevExpress/DevExtreme/actions/runs/31490372018/job/93775179347
"11.08.26, 12:14:29",93774848683,31490270187,1,Lint,TS,26_2_typing_fab,cancelled,Build,https://github.com/DevExpress/DevExtreme/actions/runs/31490270187/job/93774848683
"11.08.26, 12:14:29",93774848821,31490270187,1,Lint,wrappers,26_2_typing_fab,cancelled,,https://github.com/DevExpress/DevExtreme/actions/runs/31490270187/job/93774848821
"11.08.26, 12:14:29",93774848897,31490270187,1,Lint,JS,26_2_typing_fab,cancelled,Build,https://github.com/DevExpress/DevExtreme/actions/runs/31490270187/job/93774848897
"11.08.26, 12:17:17",93775570858,31490270187,1,Lint,Send notifications,26_2_typing_fab,cancelled,,https://github.com/DevExpress/DevExtreme/actions/runs/31490270187/job/93775570858
"11.08.26, 12:07:47",93773192445,31489757577,1,Lint,TS,data_fix_public_getters_main,failure,Build,https://github.com/DevExpress/DevExtreme/actions/runs/31489757577/job/93773192445
"11.08.26, 12:07:47",93773192493,31489757577,1,Lint,JS,data_fix_public_getters_main,failure,Build,https://github.com/DevExpress/DevExtreme/actions/runs/31489757577/job/93773192493
"11.08.26, 07:26:13",93707724982,31468930021,1,Lint,TS,chore/26-1-fix-security-alerts,cancelled,,https://github.com/DevExpress/DevExtreme/actions/runs/31468930021/job/93707724982
"11.08.26, 07:26:13",93707724995,31468930021,1,Lint,wrappers,chore/26-1-fix-security-alerts,cancelled,,https://github.com/DevExpress/DevExtreme/actions/runs/31468930021/job/93707724995
"11.08.26, 07:26:13",93707725005,31468930021,1,Lint,JS,chore/26-1-fix-security-alerts,cancelled,,https://github.com/DevExpress/DevExtreme/actions/runs/31468930021/job/93707725005
"11.08.26, 07:26:13",93707725069,31468930021,1,Lint,texts,chore/26-1-fix-security-alerts,cancelled,,https://github.com/DevExpress/DevExtreme/actions/runs/31468930021/job/93707725069
"11.08.26, 07:26:13",93707725089,31468930021,1,Lint,component_exports,chore/26-1-fix-security-alerts,cancelled,Get sources,https://github.com/DevExpress/DevExtreme/actions/runs/31468930021/job/93707725089
"11.08.26, 07:26:33",93707793917,31468930021,1,Lint,Send notifications,chore/26-1-fix-security-alerts,cancelled,,https://github.com/DevExpress/DevExtreme/actions/runs/31468930021/job/93707793917
"11.08.26, 18:38:23",93886945023,31522360134,1,Publishing to GitHub Packages,Publish package (devextreme-dist-26.1.5-build-26223-1823),26_1,cancelled,Install dependencies,https://github.com/DevExpress/DevExtreme/actions/runs/31522360134/job/93886945023
"11.08.26, 18:48:58",93889952466,31522358570,1,Publishing to GitHub Packages,Publish package (devextreme-react-25.1.14-build-26223-1824),25_1,failure,Install dependencies,https://github.com/DevExpress/DevExtreme/actions/runs/31522358570/job/93889952466
"11.08.26, 12:24:35",93777467793,31491062837,1,Publishing to GitHub Packages (scheduler),Run Packages Publishing workflow (25_1) / Build packages,protect-workflows,cancelled,Install dependencies,https://github.com/DevExpress/DevExtreme/actions/runs/31491062837/job/93777467793
"11.08.26, 12:24:35",93777467794,31491062837,1,Publishing to GitHub Packages (scheduler),Run Packages Publishing workflow (24_2) / Build packages,protect-workflows,failure,Set up nodejs,https://github.com/DevExpress/DevExtreme/actions/runs/31491062837/job/93777467794
"11.08.26, 12:24:35",93777467834,31491062837,1,Publishing to GitHub Packages (scheduler),Run Packages Publishing workflow (25_2) / Build packages,protect-workflows,cancelled,Install dependencies,https://github.com/DevExpress/DevExtreme/actions/runs/31491062837/job/93777467834
"11.08.26, 12:24:35",93777467880,31491062837,1,Publishing to GitHub Packages (scheduler),Run Packages Publishing workflow (main) / Build packages,protect-workflows,cancelled,Install dependencies,https://github.com/DevExpress/DevExtreme/actions/runs/31491062837/job/93777467880
"11.08.26, 12:24:35",93777467985,31491062837,1,Publishing to GitHub Packages (scheduler),Run Packages Publishing workflow (26_1) / Build packages,protect-workflows,cancelled,Install dependencies,https://github.com/DevExpress/DevExtreme/actions/runs/31491062837/job/93777467985
"11.08.26, 12:25:44",93777765378,31491062837,1,Publishing to GitHub Packages (scheduler),Run Packages Publishing workflow (main) / Approve package publishing,protect-workflows,cancelled,,https://github.com/DevExpress/DevExtreme/actions/runs/31491062837/job/93777765378
"11.08.26, 12:25:44",93777765602,31491062837,1,Publishing to GitHub Packages (scheduler),Run Packages Publishing workflow (main) / Publish package,protect-workflows,cancelled,,https://github.com/DevExpress/DevExtreme/actions/runs/31491062837/job/93777765602
"11.08.26, 12:25:44",93777766503,31491062837,1,Publishing to GitHub Packages (scheduler),Run Packages Publishing workflow (main) / Send notifications,protect-workflows,cancelled,,https://github.com/DevExpress/DevExtreme/actions/runs/31491062837/job/93777766503
"11.08.26, 12:25:46",93777775834,31491062837,1,Publishing to GitHub Packages (scheduler),Run Packages Publishing workflow (25_2) / Approve package publishing,protect-workflows,cancelled,,https://github.com/DevExpress/DevExtreme/actions/runs/31491062837/job/93777775834
"11.08.26, 12:25:46",93777776090,31491062837,1,Publishing to GitHub Packages (scheduler),Run Packages Publishing workflow (25_2) / Publish package,protect-workflows,cancelled,,https://github.com/DevExpress/DevExtreme/actions/runs/31491062837/job/93777776090
"11.08.26, 12:25:47",93777777284,31491062837,1,Publishing to GitHub Packages (scheduler),Run Packages Publishing workflow (25_2) / Send notifications,protect-workflows,cancelled,,https://github.com/DevExpress/DevExtreme/actions/runs/31491062837/job/93777777284
"11.08.26, 12:25:47",93777780009,31491062837,1,Publishing to GitHub Packages (scheduler),Run Packages Publishing workflow (25_1) / Approve package publishing,protect-workflows,cancelled,,https://github.com/DevExpress/DevExtreme/actions/runs/31491062837/job/93777780009
"11.08.26, 12:25:47",93777780541,31491062837,1,Publishing to GitHub Packages (scheduler),Run Packages Publishing workflow (25_1) / Publish package,protect-workflows,cancelled,,https://github.com/DevExpress/DevExtreme/actions/runs/31491062837/job/93777780541
"11.08.26, 12:25:48",93777781016,31491062837,1,Publishing to GitHub Packages (scheduler),Run Packages Publishing workflow (25_1) / Send notifications,protect-workflows,cancelled,,https://github.com/DevExpress/DevExtreme/actions/runs/31491062837/job/93777781016
"11.08.26, 12:25:49",93777788215,31491062837,1,Publishing to GitHub Packages (scheduler),Run Packages Publishing workflow (26_1) / Approve package publishing,protect-workflows,cancelled,,https://github.com/DevExpress/DevExtreme/actions/runs/31491062837/job/93777788215
"11.08.26, 12:25:49",93777788833,31491062837,1,Publishing to GitHub Packages (scheduler),Run Packages Publishing workflow (26_1) / Publish package,protect-workflows,cancelled,,https://github.com/DevExpress/DevExtreme/actions/runs/31491062837/job/93777788833
"11.08.26, 12:25:49",93777789459,31491062837,1,Publishing to GitHub Packages (scheduler),Run Packages Publishing workflow (26_1) / Send notifications,protect-workflows,cancelled,,https://github.com/DevExpress/DevExtreme/actions/runs/31491062837/job/93777789459
"11.08.26, 23:14:38",93957617578,31545713167,1,Playgrounds tests,build,refactor/gridcore-datacontroller-eslint-refresh-load-26_2,cancelled,,https://github.com/DevExpress/DevExtreme/actions/runs/31545713167/job/93957617578
"11.08.26, 23:19:13",93958552099,31545713167,1,Playgrounds tests,matrix.ARGS.platform,refactor/gridcore-datacontroller-eslint-refresh-load-26_2,cancelled,,https://github.com/DevExpress/DevExtreme/actions/runs/31545713167/job/93958552099
"11.08.26, 16:02:46",93842177676,31510313061,1,Playgrounds tests,build,issue-4695_26_2,cancelled,,https://github.com/DevExpress/DevExtreme/actions/runs/31510313061/job/93842177676
"11.08.26, 17:14:55",93863120255,31510313061,1,Playgrounds tests,matrix.ARGS.platform,issue-4695_26_2,cancelled,,https://github.com/DevExpress/DevExtreme/actions/runs/31510313061/job/93863120255
"11.08.26, 15:41:38",93835788311,31508417094,1,Playgrounds tests,build,feature/26_2_new_fluent_theme_with_design_tokens,cancelled,,https://github.com/DevExpress/DevExtreme/actions/runs/31508417094/job/93835788311
"11.08.26, 18:26:07",93883421720,31508417094,1,Playgrounds tests,matrix.ARGS.platform,feature/26_2_new_fluent_theme_with_design_tokens,cancelled,,https://github.com/DevExpress/DevExtreme/actions/runs/31508417094/job/93883421720
"11.08.26, 15:27:40",93831484256,31507135321,1,Playgrounds tests,build,26_2_new_fluent_theme_with_design_tokens__fix-hardcoded-colors-in-WG,cancelled,,https://github.com/DevExpress/DevExtreme/actions/runs/31507135321/job/93831484256
"11.08.26, 16:22:09",93847910098,31507135321,1,Playgrounds tests,matrix.ARGS.platform,26_2_new_fluent_theme_with_design_tokens__fix-hardcoded-colors-in-WG,cancelled,,https://github.com/DevExpress/DevExtreme/actions/runs/31507135321/job/93847910098
"11.08.26, 13:25:11",93793950633,31496060661,1,Playgrounds tests,build,data_fix_public_getters_main,cancelled,,https://github.com/DevExpress/DevExtreme/actions/runs/31496060661/job/93793950633
"11.08.26, 14:10:22",93807541992,31496060661,1,Playgrounds tests,matrix.ARGS.platform,data_fix_public_getters_main,cancelled,,https://github.com/DevExpress/DevExtreme/actions/runs/31496060661/job/93807541992
"11.08.26, 13:06:18",93788617171,31494468606,1,Playgrounds tests,build,data_fix_public_getters_main,cancelled,,https://github.com/DevExpress/DevExtreme/actions/runs/31494468606/job/93788617171
"11.08.26, 13:25:11",93793949344,31494468606,1,Playgrounds tests,matrix.ARGS.platform,data_fix_public_getters_main,cancelled,,https://github.com/DevExpress/DevExtreme/actions/runs/31494468606/job/93793949344
"11.08.26, 13:05:04",93788277519,31494364046,1,Playgrounds tests,build,issue-4695_26_2,cancelled,,https://github.com/DevExpress/DevExtreme/actions/runs/31494364046/job/93788277519
"11.08.26, 16:02:46",93842176886,31494364046,1,Playgrounds tests,matrix.ARGS.platform,issue-4695_26_2,cancelled,,https://github.com/DevExpress/DevExtreme/actions/runs/31494364046/job/93842176886
"11.08.26, 13:00:40",93787059530,31494000993,1,Playgrounds tests,build,data_fix_public_getters_main,cancelled,,https://github.com/DevExpress/DevExtreme/actions/runs/31494000993/job/93787059530
"11.08.26, 13:06:18",93788615864,31494000993,1,Playgrounds tests,matrix.ARGS.platform,data_fix_public_getters_main,cancelled,,https://github.com/DevExpress/DevExtreme/actions/runs/31494000993/job/93788615864
"11.08.26, 12:51:03",93784466829,31493214446,1,Playgrounds tests,build,data_fix_public_getters_main,cancelled,,https://github.com/DevExpress/DevExtreme/actions/runs/31493214446/job/93784466829
"11.08.26, 13:00:39",93787057770,31493214446,1,Playgrounds tests,matrix.ARGS.platform,data_fix_public_getters_main,cancelled,,https://github.com/DevExpress/DevExtreme/actions/runs/31493214446/job/93787057770
"11.08.26, 12:48:10",93783676227,31492978992,1,Playgrounds tests,build,data_fix_public_getters_main,cancelled,,https://github.com/DevExpress/DevExtreme/actions/runs/31492978992/job/93783676227
"11.08.26, 12:51:03",93784465055,31492978992,1,Playgrounds tests,matrix.ARGS.platform,data_fix_public_getters_main,cancelled,,https://github.com/DevExpress/DevExtreme/actions/runs/31492978992/job/93784465055
"11.08.26, 12:42:24",93782142950,31492508966,1,Playgrounds tests,build,issue-4695_26_2,cancelled,,https://github.com/DevExpress/DevExtreme/actions/runs/31492508966/job/93782142950
"11.08.26, 13:05:04",93788276323,31492508966,1,Playgrounds tests,matrix.ARGS.platform,issue-4695_26_2,cancelled,,https://github.com/DevExpress/DevExtreme/actions/runs/31492508966/job/93788276323
"11.08.26, 12:24:23",93777418819,31491056620,1,Playgrounds tests,build,issue-4695_26_2,cancelled,,https://github.com/DevExpress/DevExtreme/actions/runs/31491056620/job/93777418819
"11.08.26, 12:42:24",93782142245,31491056620,1,Playgrounds tests,matrix.ARGS.platform,issue-4695_26_2,cancelled,,https://github.com/DevExpress/DevExtreme/actions/runs/31491056620/job/93782142245
"11.08.26, 12:23:05",93777076803,31490950848,1,Playgrounds tests,build,protect-workflows,cancelled,,https://github.com/DevExpress/DevExtreme/actions/runs/31490950848/job/93777076803
"11.08.26, 14:06:37",93806397960,31490950848,1,Playgrounds tests,matrix.ARGS.platform,protect-workflows,cancelled,,https://github.com/DevExpress/DevExtreme/actions/runs/31490950848/job/93806397960
"11.08.26, 12:15:45",93775179200,31490372025,1,Playgrounds tests,build,data_fix_public_getters_main,failure,Build,https://github.com/DevExpress/DevExtreme/actions/runs/31490372025/job/93775179200
"11.08.26, 12:14:29",93774849089,31490270307,1,Playgrounds tests,build,26_2_typing_fab,cancelled,Build,https://github.com/DevExpress/DevExtreme/actions/runs/31490270307/job/93774849089
"11.08.26, 12:17:09",93775537545,31490270307,1,Playgrounds tests,matrix.ARGS.platform,26_2_typing_fab,cancelled,,https://github.com/DevExpress/DevExtreme/actions/runs/31490270307/job/93775537545
"11.08.26, 12:07:48",93773192909,31489757686,1,Playgrounds tests,build,data_fix_public_getters_main,failure,Build,https://github.com/DevExpress/DevExtreme/actions/runs/31489757686/job/93773192909
"11.08.26, 07:26:12",93707723774,31468929805,1,Playgrounds tests,build,chore/26-1-fix-security-alerts,cancelled,,https://github.com/DevExpress/DevExtreme/actions/runs/31468929805/job/93707723774
"11.08.26, 07:26:30",93707782282,31468929805,1,Playgrounds tests,matrix.ARGS.platform,chore/26-1-fix-security-alerts,cancelled,,https://github.com/DevExpress/DevExtreme/actions/runs/31468929805/job/93707782282
"11.08.26, 23:14:38",93957617503,31545713176,1,QUnit tests,Build,refactor/gridcore-datacontroller-eslint-refresh-load-26_2,cancelled,,https://github.com/DevExpress/DevExtreme/actions/runs/31545713176/job/93957617503
"11.08.26, 23:19:12",93958551350,31545713176,1,QUnit tests,"Constel ${{ matrix.CONSTEL }}${{ (((matrix.TIMEZONE != '') && format('-{0}', matrix.TIMEZONE)) || '') }}${{ (((matrix.CSP == 'false') && '-no-csp') || '') }}",refactor/gridcore-datacontroller-eslint-refresh-load-26_2,cancelled,,https://github.com/DevExpress/DevExtreme/actions/runs/31545713176/job/93958551350
"11.08.26, 23:19:13",93958551853,31545713176,1,QUnit tests,${{ matrix.constel }}-shadow-dom,refactor/gridcore-datacontroller-eslint-refresh-load-26_2,cancelled,,https://github.com/DevExpress/DevExtreme/actions/runs/31545713176/job/93958551853
"11.08.26, 23:19:13",93958552195,31545713176,1,QUnit tests,Send notifications,refactor/gridcore-datacontroller-eslint-refresh-load-26_2,cancelled,,https://github.com/DevExpress/DevExtreme/actions/runs/31545713176/job/93958552195
"11.08.26, 16:02:46",93842178794,31510313073,1,QUnit tests,Build,issue-4695_26_2,cancelled,,https://github.com/DevExpress/DevExtreme/actions/runs/31510313073/job/93842178794
"11.08.26, 17:14:55",93863120394,31510313073,1,QUnit tests,"Constel ${{ matrix.CONSTEL }}${{ (((matrix.TIMEZONE != '') && format('-{0}', matrix.TIMEZONE)) || '') }}${{ (((matrix.CSP == 'false') && '-no-csp') || '') }}",issue-4695_26_2,cancelled,,https://github.com/DevExpress/DevExtreme/actions/runs/31510313073/job/93863120394
"11.08.26, 17:14:55",93863120618,31510313073,1,QUnit tests,${{ matrix.constel }}-shadow-dom,issue-4695_26_2,cancelled,,https://github.com/DevExpress/DevExtreme/actions/runs/31510313073/job/93863120618
"11.08.26, 17:14:55",93863120913,31510313073,1,QUnit tests,Send notifications,issue-4695_26_2,cancelled,,https://github.com/DevExpress/DevExtreme/actions/runs/31510313073/job/93863120913
"11.08.26, 15:41:38",93835787984,31508417034,1,QUnit tests,Build,feature/26_2_new_fluent_theme_with_design_tokens,cancelled,,https://github.com/DevExpress/DevExtreme/actions/runs/31508417034/job/93835787984
"11.08.26, 18:26:07",93883421698,31508417034,1,QUnit tests,"Constel ${{ matrix.CONSTEL }}${{ (((matrix.TIMEZONE != '') && format('-{0}', matrix.TIMEZONE)) || '') }}${{ (((matrix.CSP == 'false') && '-no-csp') || '') }}",feature/26_2_new_fluent_theme_with_design_tokens,cancelled,,https://github.com/DevExpress/DevExtreme/actions/runs/31508417034/job/93883421698
"11.08.26, 18:26:07",93883421871,31508417034,1,QUnit tests,${{ matrix.constel }}-shadow-dom,feature/26_2_new_fluent_theme_with_design_tokens,cancelled,,https://github.com/DevExpress/DevExtreme/actions/runs/31508417034/job/93883421871
"11.08.26, 18:26:07",93883422745,31508417034,1,QUnit tests,Send notifications,feature/26_2_new_fluent_theme_with_design_tokens,cancelled,,https://github.com/DevExpress/DevExtreme/actions/runs/31508417034/job/93883422745
"11.08.26, 15:27:41",93831485485,31507135571,1,QUnit tests,Build,26_2_new_fluent_theme_with_design_tokens__fix-hardcoded-colors-in-WG,cancelled,,https://github.com/DevExpress/DevExtreme/actions/runs/31507135571/job/93831485485
"11.08.26, 16:22:08",93847909699,31507135571,1,QUnit tests,"Constel ${{ matrix.CONSTEL }}${{ (((matrix.TIMEZONE != '') && format('-{0}', matrix.TIMEZONE)) || '') }}${{ (((matrix.CSP == 'false') && '-no-csp') || '') }}",26_2_new_fluent_theme_with_design_tokens__fix-hardcoded-colors-in-WG,cancelled,,https://github.com/DevExpress/DevExtreme/actions/runs/31507135571/job/93847909699
"11.08.26, 16:22:09",93847909949,31507135571,1,QUnit tests,${{ matrix.constel }}-shadow-dom,26_2_new_fluent_theme_with_design_tokens__fix-hardcoded-colors-in-WG,cancelled,,https://github.com/DevExpress/DevExtreme/actions/runs/31507135571/job/93847909949
"11.08.26, 16:22:09",93847910791,31507135571,1,QUnit tests,Send notifications,26_2_new_fluent_theme_with_design_tokens__fix-hardcoded-colors-in-WG,cancelled,,https://github.com/DevExpress/DevExtreme/actions/runs/31507135571/job/93847910791
"11.08.26, 13:25:11",93793952031,31496060602,1,QUnit tests,Build,data_fix_public_getters_main,cancelled,,https://github.com/DevExpress/DevExtreme/actions/runs/31496060602/job/93793952031
"11.08.26, 14:10:22",93807542300,31496060602,1,QUnit tests,${{ matrix.constel }}-shadow-dom,data_fix_public_getters_main,cancelled,,https://github.com/DevExpress/DevExtreme/actions/runs/31496060602/job/93807542300
"11.08.26, 14:10:22",93807542824,31496060602,1,QUnit tests,"Constel ${{ matrix.CONSTEL }}${{ (((matrix.TIMEZONE != '') && format('-{0}', matrix.TIMEZONE)) || '') }}${{ (((matrix.CSP == 'false') && '-no-csp') || '') }}",data_fix_public_getters_main,cancelled,,https://github.com/DevExpress/DevExtreme/actions/runs/31496060602/job/93807542824
"11.08.26, 14:10:22",93807543859,31496060602,1,QUnit tests,Send notifications,data_fix_public_getters_main,cancelled,,https://github.com/DevExpress/DevExtreme/actions/runs/31496060602/job/93807543859
"11.08.26, 13:06:19",93788620545,31494468744,1,QUnit tests,Build,data_fix_public_getters_main,cancelled,,https://github.com/DevExpress/DevExtreme/actions/runs/31494468744/job/93788620545
"11.08.26, 13:25:11",93793949447,31494468744,1,QUnit tests,"Constel ${{ matrix.CONSTEL }}${{ (((matrix.TIMEZONE != '') && format('-{0}', matrix.TIMEZONE)) || '') }}${{ (((matrix.CSP == 'false') && '-no-csp') || '') }}",data_fix_public_getters_main,cancelled,,https://github.com/DevExpress/DevExtreme/actions/runs/31494468744/job/93793949447
"11.08.26, 13:25:11",93793949752,31494468744,1,QUnit tests,${{ matrix.constel }}-shadow-dom,data_fix_public_getters_main,cancelled,,https://github.com/DevExpress/DevExtreme/actions/runs/31494468744/job/93793949752
"11.08.26, 13:25:11",93793950500,31494468744,1,QUnit tests,Send notifications,data_fix_public_getters_main,cancelled,,https://github.com/DevExpress/DevExtreme/actions/runs/31494468744/job/93793950500
"11.08.26, 13:05:04",93788278292,31494364002,1,QUnit tests,Build,issue-4695_26_2,cancelled,,https://github.com/DevExpress/DevExtreme/actions/runs/31494364002/job/93788278292
"11.08.26, 16:02:46",93842176147,31494364002,1,QUnit tests,${{ matrix.constel }}-shadow-dom,issue-4695_26_2,cancelled,,https://github.com/DevExpress/DevExtreme/actions/runs/31494364002/job/93842176147
"11.08.26, 16:02:46",93842176173,31494364002,1,QUnit tests,"Constel ${{ matrix.CONSTEL }}${{ (((matrix.TIMEZONE != '') && format('-{0}', matrix.TIMEZONE)) || '') }}${{ (((matrix.CSP == 'false') && '-no-csp') || '') }}",issue-4695_26_2,cancelled,,https://github.com/DevExpress/DevExtreme/actions/runs/31494364002/job/93842176173
"11.08.26, 16:02:46",93842177499,31494364002,1,QUnit tests,Send notifications,issue-4695_26_2,cancelled,,https://github.com/DevExpress/DevExtreme/actions/runs/31494364002/job/93842177499
"11.08.26, 13:00:41",93787063235,31494001024,1,QUnit tests,Build,data_fix_public_getters_main,cancelled,,https://github.com/DevExpress/DevExtreme/actions/runs/31494001024/job/93787063235
"11.08.26, 13:06:18",93788618825,31494001024,1,QUnit tests,"Constel ${{ matrix.CONSTEL }}${{ (((matrix.TIMEZONE != '') && format('-{0}', matrix.TIMEZONE)) || '') }}${{ (((matrix.CSP == 'false') && '-no-csp') || '') }}",data_fix_public_getters_main,cancelled,,https://github.com/DevExpress/DevExtreme/actions/runs/31494001024/job/93788618825
"11.08.26, 13:06:18",93788619015,31494001024,1,QUnit tests,${{ matrix.constel }}-shadow-dom,data_fix_public_getters_main,cancelled,,https://github.com/DevExpress/DevExtreme/actions/runs/31494001024/job/93788619015
"11.08.26, 13:06:18",93788619466,31494001024,1,QUnit tests,Send notifications,data_fix_public_getters_main,cancelled,,https://github.com/DevExpress/DevExtreme/actions/runs/31494001024/job/93788619466
"11.08.26, 12:51:04",93784468694,31493214522,1,QUnit tests,Build,data_fix_public_getters_main,cancelled,,https://github.com/DevExpress/DevExtreme/actions/runs/31493214522/job/93784468694
"11.08.26, 13:00:40",93787059803,31493214522,1,QUnit tests,"Constel ${{ matrix.CONSTEL }}${{ (((matrix.TIMEZONE != '') && format('-{0}', matrix.TIMEZONE)) || '') }}${{ (((matrix.CSP == 'false') && '-no-csp') || '') }}",data_fix_public_getters_main,cancelled,,https://github.com/DevExpress/DevExtreme/actions/runs/31493214522/job/93787059803
"11.08.26, 13:00:40",93787059831,31493214522,1,QUnit tests,${{ matrix.constel }}-shadow-dom,data_fix_public_getters_main,cancelled,,https://github.com/DevExpress/DevExtreme/actions/runs/31493214522/job/93787059831
"11.08.26, 13:00:40",93787061119,31493214522,1,QUnit tests,Send notifications,data_fix_public_getters_main,cancelled,,https://github.com/DevExpress/DevExtreme/actions/runs/31493214522/job/93787061119
"11.08.26, 12:48:10",93783675887,31492978927,1,QUnit tests,Build,data_fix_public_getters_main,cancelled,,https://github.com/DevExpress/DevExtreme/actions/runs/31492978927/job/93783675887
"11.08.26, 12:51:03",93784466411,31492978927,1,QUnit tests,"Constel ${{ matrix.CONSTEL }}${{ (((matrix.TIMEZONE != '') && format('-{0}', matrix.TIMEZONE)) || '') }}${{ (((matrix.CSP == 'false') && '-no-csp') || '') }}",data_fix_public_getters_main,cancelled,,https://github.com/DevExpress/DevExtreme/actions/runs/31492978927/job/93784466411
"11.08.26, 12:51:03",93784466776,31492978927,1,QUnit tests,${{ matrix.constel }}-shadow-dom,data_fix_public_getters_main,cancelled,,https://github.com/DevExpress/DevExtreme/actions/runs/31492978927/job/93784466776
"11.08.26, 12:51:03",93784467231,31492978927,1,QUnit tests,Send notifications,data_fix_public_getters_main,cancelled,,https://github.com/DevExpress/DevExtreme/actions/runs/31492978927/job/93784467231
"11.08.26, 12:42:24",93782142362,31492508934,1,QUnit tests,Build,issue-4695_26_2,cancelled,,https://github.com/DevExpress/DevExtreme/actions/runs/31492508934/job/93782142362
"11.08.26, 13:05:04",93788276170,31492508934,1,QUnit tests,${{ matrix.constel }}-shadow-dom,issue-4695_26_2,cancelled,,https://github.com/DevExpress/DevExtreme/actions/runs/31492508934/job/93788276170
"11.08.26, 13:05:04",93788276574,31492508934,1,QUnit tests,Send notifications,issue-4695_26_2,cancelled,,https://github.com/DevExpress/DevExtreme/actions/runs/31492508934/job/93788276574
"11.08.26, 13:05:04",93788276822,31492508934,1,QUnit tests,"Constel ${{ matrix.CONSTEL }}${{ (((matrix.TIMEZONE != '') && format('-{0}', matrix.TIMEZONE)) || '') }}${{ (((matrix.CSP == 'false') && '-no-csp') || '') }}",issue-4695_26_2,cancelled,,https://github.com/DevExpress/DevExtreme/actions/runs/31492508934/job/93788276822
"11.08.26, 12:24:23",93777418307,31491056509,1,QUnit tests,Build,issue-4695_26_2,cancelled,,https://github.com/DevExpress/DevExtreme/actions/runs/31491056509/job/93777418307
"11.08.26, 12:42:23",93782141390,31491056509,1,QUnit tests,"Constel ${{ matrix.CONSTEL }}${{ (((matrix.TIMEZONE != '') && format('-{0}', matrix.TIMEZONE)) || '') }}${{ (((matrix.CSP == 'false') && '-no-csp') || '') }}",issue-4695_26_2,cancelled,,https://github.com/DevExpress/DevExtreme/actions/runs/31491056509/job/93782141390
"11.08.26, 12:42:23",93782141889,31491056509,1,QUnit tests,${{ matrix.constel }}-shadow-dom,issue-4695_26_2,cancelled,,https://github.com/DevExpress/DevExtreme/actions/runs/31491056509/job/93782141889
"11.08.26, 12:42:24",93782142343,31491056509,1,QUnit tests,Send notifications,issue-4695_26_2,cancelled,,https://github.com/DevExpress/DevExtreme/actions/runs/31491056509/job/93782142343
"11.08.26, 12:23:05",93777076049,31490950701,1,QUnit tests,Build,protect-workflows,cancelled,,https://github.com/DevExpress/DevExtreme/actions/runs/31490950701/job/93777076049
"11.08.26, 14:06:37",93806397098,31490950701,1,QUnit tests,${{ matrix.constel }}-shadow-dom,protect-workflows,cancelled,,https://github.com/DevExpress/DevExtreme/actions/runs/31490950701/job/93806397098
"11.08.26, 14:06:37",93806397596,31490950701,1,QUnit tests,"Constel ${{ matrix.CONSTEL }}${{ (((matrix.TIMEZONE != '') && format('-{0}', matrix.TIMEZONE)) || '') }}${{ (((matrix.CSP == 'false') && '-no-csp') || '') }}",protect-workflows,cancelled,,https://github.com/DevExpress/DevExtreme/actions/runs/31490950701/job/93806397596
"11.08.26, 14:06:37",93806398217,31490950701,1,QUnit tests,Send notifications,protect-workflows,cancelled,,https://github.com/DevExpress/DevExtreme/actions/runs/31490950701/job/93806398217
"11.08.26, 12:15:45",93775179108,31490372016,1,QUnit tests,Build,data_fix_public_getters_main,failure,Build,https://github.com/DevExpress/DevExtreme/actions/runs/31490372016/job/93775179108
"11.08.26, 12:14:29",93774849132,31490270192,1,QUnit tests,Build,26_2_typing_fab,cancelled,Build,https://github.com/DevExpress/DevExtreme/actions/runs/31490270192/job/93774849132
"11.08.26, 12:17:16",93775564847,31490270192,1,QUnit tests,"Constel ${{ matrix.CONSTEL }}${{ (((matrix.TIMEZONE != '') && format('-{0}', matrix.TIMEZONE)) || '') }}${{ (((matrix.CSP == 'false') && '-no-csp') || '') }}",26_2_typing_fab,cancelled,,https://github.com/DevExpress/DevExtreme/actions/runs/31490270192/job/93775564847
"11.08.26, 12:17:16",93775565494,31490270192,1,QUnit tests,${{ matrix.constel }}-shadow-dom,26_2_typing_fab,cancelled,,https://github.com/DevExpress/DevExtreme/actions/runs/31490270192/job/93775565494
"11.08.26, 12:17:16",93775565698,31490270192,1,QUnit tests,Send notifications,26_2_typing_fab,cancelled,,https://github.com/DevExpress/DevExtreme/actions/runs/31490270192/job/93775565698
"11.08.26, 12:07:47",93773192731,31489757612,1,QUnit tests,Build,data_fix_public_getters_main,failure,Build,https://github.com/DevExpress/DevExtreme/actions/runs/31489757612/job/93773192731
"11.08.26, 11:00:32",93757331363,31484421369,1,QUnit tests,Constel ui.editors,data_remove_this_alias_26_1,failure,,https://github.com/DevExpress/DevExtreme/actions/runs/31484421369/job/93757331363
"11.08.26, 07:26:13",93707723861,31468929840,1,QUnit tests,Build,chore/26-1-fix-security-alerts,cancelled,Get sources,https://github.com/DevExpress/DevExtreme/actions/runs/31468929840/job/93707723861
"11.08.26, 07:26:32",93707790492,31468929840,1,QUnit tests,${{ matrix.constel }}-shadow-dom,chore/26-1-fix-security-alerts,cancelled,,https://github.com/DevExpress/DevExtreme/actions/runs/31468929840/job/93707790492
"11.08.26, 07:26:32",93707790547,31468929840,1,QUnit tests,"Constel ${{ matrix.CONSTEL }}${{ (((matrix.TIMEZONE != '') && format('-{0}', matrix.TIMEZONE)) || '') }}${{ (((matrix.CSP == 'false') && '-no-csp') || '') }}",chore/26-1-fix-security-alerts,cancelled,,https://github.com/DevExpress/DevExtreme/actions/runs/31468929840/job/93707790547
"11.08.26, 07:26:32",93707790833,31468929840,1,QUnit tests,Send notifications,chore/26-1-fix-security-alerts,cancelled,,https://github.com/DevExpress/DevExtreme/actions/runs/31468929840/job/93707790833
"11.08.26, 23:14:38",93957617087,31545713091,1,Jest tests,jest-tests,refactor/gridcore-datacontroller-eslint-refresh-load-26_2,cancelled,,https://github.com/DevExpress/DevExtreme/actions/runs/31545713091/job/93957617087
"11.08.26, 23:19:13",93958552225,31545713091,1,Jest tests,Send notifications,refactor/gridcore-datacontroller-eslint-refresh-load-26_2,cancelled,,https://github.com/DevExpress/DevExtreme/actions/runs/31545713091/job/93958552225
"11.08.26, 16:02:49",93842190992,31510313132,1,Jest tests,jest-tests,issue-4695_26_2,cancelled,,https://github.com/DevExpress/DevExtreme/actions/runs/31510313132/job/93842190992
"11.08.26, 17:14:55",93863120033,31510313132,1,Jest tests,Send notifications,issue-4695_26_2,cancelled,,https://github.com/DevExpress/DevExtreme/actions/runs/31510313132/job/93863120033
"11.08.26, 15:41:38",93835787845,31508417014,1,Jest tests,jest-tests,feature/26_2_new_fluent_theme_with_design_tokens,cancelled,,https://github.com/DevExpress/DevExtreme/actions/runs/31508417014/job/93835787845
"11.08.26, 18:26:07",93883421219,31508417014,1,Jest tests,Send notifications,feature/26_2_new_fluent_theme_with_design_tokens,cancelled,,https://github.com/DevExpress/DevExtreme/actions/runs/31508417014/job/93883421219
"11.08.26, 15:27:41",93831485202,31507135429,1,Jest tests,jest-tests,26_2_new_fluent_theme_with_design_tokens__fix-hardcoded-colors-in-WG,cancelled,,https://github.com/DevExpress/DevExtreme/actions/runs/31507135429/job/93831485202
"11.08.26, 16:22:09",93847910804,31507135429,1,Jest tests,Send notifications,26_2_new_fluent_theme_with_design_tokens__fix-hardcoded-colors-in-WG,cancelled,,https://github.com/DevExpress/DevExtreme/actions/runs/31507135429/job/93847910804
"11.08.26, 13:25:11",93793950930,31496060650,1,Jest tests,jest-tests,data_fix_public_getters_main,cancelled,,https://github.com/DevExpress/DevExtreme/actions/runs/31496060650/job/93793950930
"11.08.26, 14:10:22",93807541735,31496060650,1,Jest tests,Send notifications,data_fix_public_getters_main,cancelled,,https://github.com/DevExpress/DevExtreme/actions/runs/31496060650/job/93807541735
"11.08.26, 13:06:18",93788617388,31494468655,1,Jest tests,jest-tests,data_fix_public_getters_main,cancelled,,https://github.com/DevExpress/DevExtreme/actions/runs/31494468655/job/93788617388
"11.08.26, 13:25:11",93793950662,31494468655,1,Jest tests,Send notifications,data_fix_public_getters_main,cancelled,,https://github.com/DevExpress/DevExtreme/actions/runs/31494468655/job/93793950662
"11.08.26, 13:05:04",93788278304,31494364091,1,Jest tests,jest-tests,issue-4695_26_2,cancelled,,https://github.com/DevExpress/DevExtreme/actions/runs/31494364091/job/93788278304
"11.08.26, 16:02:49",93842189570,31494364091,1,Jest tests,Send notifications,issue-4695_26_2,cancelled,,https://github.com/DevExpress/DevExtreme/actions/runs/31494364091/job/93842189570
"11.08.26, 13:00:40",93787060153,31494001088,1,Jest tests,jest-tests,data_fix_public_getters_main,cancelled,,https://github.com/DevExpress/DevExtreme/actions/runs/31494001088/job/93787060153
"11.08.26, 13:06:18",93788616502,31494001088,1,Jest tests,Send notifications,data_fix_public_getters_main,cancelled,,https://github.com/DevExpress/DevExtreme/actions/runs/31494001088/job/93788616502
"11.08.26, 12:51:03",93784467201,31493214490,1,Jest tests,jest-tests,data_fix_public_getters_main,cancelled,,https://github.com/DevExpress/DevExtreme/actions/runs/31493214490/job/93784467201
"11.08.26, 13:00:40",93787059257,31493214490,1,Jest tests,Send notifications,data_fix_public_getters_main,cancelled,,https://github.com/DevExpress/DevExtreme/actions/runs/31493214490/job/93787059257
"11.08.26, 12:48:10",93783676339,31492979045,1,Jest tests,jest-tests,data_fix_public_getters_main,cancelled,,https://github.com/DevExpress/DevExtreme/actions/runs/31492979045/job/93783676339
"11.08.26, 12:51:03",93784466153,31492979045,1,Jest tests,Send notifications,data_fix_public_getters_main,cancelled,,https://github.com/DevExpress/DevExtreme/actions/runs/31492979045/job/93784466153
"11.08.26, 12:42:24",93782143907,31492509013,1,Jest tests,jest-tests,issue-4695_26_2,cancelled,,https://github.com/DevExpress/DevExtreme/actions/runs/31492509013/job/93782143907
"11.08.26, 13:05:04",93788276554,31492509013,1,Jest tests,Send notifications,issue-4695_26_2,cancelled,,https://github.com/DevExpress/DevExtreme/actions/runs/31492509013/job/93788276554
"11.08.26, 12:24:23",93777418837,31491056646,1,Jest tests,jest-tests,issue-4695_26_2,cancelled,,https://github.com/DevExpress/DevExtreme/actions/runs/31491056646/job/93777418837
"11.08.26, 12:42:24",93782142875,31491056646,1,Jest tests,Send notifications,issue-4695_26_2,cancelled,,https://github.com/DevExpress/DevExtreme/actions/runs/31491056646/job/93782142875
"11.08.26, 12:15:45",93775179065,31490371993,1,Jest tests,jest-tests,data_fix_public_getters_main,failure,Check test types,https://github.com/DevExpress/DevExtreme/actions/runs/31490371993/job/93775179065
"11.08.26, 12:14:29",93774848940,31490270244,1,Jest tests,jest-tests,26_2_typing_fab,cancelled,Jest tests,https://github.com/DevExpress/DevExtreme/actions/runs/31490270244/job/93774848940
"11.08.26, 12:17:16",93775566473,31490270244,1,Jest tests,Send notifications,26_2_typing_fab,cancelled,,https://github.com/DevExpress/DevExtreme/actions/runs/31490270244/job/93775566473
"11.08.26, 12:07:47",93773192719,31489757615,1,Jest tests,jest-tests,data_fix_public_getters_main,failure,Check test types,https://github.com/DevExpress/DevExtreme/actions/runs/31489757615/job/93773192719
"11.08.26, 07:26:12",93707723456,31468929808,1,Jest tests,jest-tests,chore/26-1-fix-security-alerts,cancelled,,https://github.com/DevExpress/DevExtreme/actions/runs/31468929808/job/93707723456
"11.08.26, 07:26:30",93707782569,31468929808,1,Jest tests,Send notifications,chore/26-1-fix-security-alerts,cancelled,,https://github.com/DevExpress/DevExtreme/actions/runs/31468929808/job/93707782569
"11.08.26, 23:14:38",93957617379,31545713153,1,Styles tests,Tests,refactor/gridcore-datacontroller-eslint-refresh-load-26_2,cancelled,,https://github.com/DevExpress/DevExtreme/actions/runs/31545713153/job/93957617379
"11.08.26, 23:19:12",93958551008,31545713153,1,Styles tests,Send notifications,refactor/gridcore-datacontroller-eslint-refresh-load-26_2,cancelled,,https://github.com/DevExpress/DevExtreme/actions/runs/31545713153/job/93958551008
"11.08.26, 16:02:47",93842180690,31510313047,1,Styles tests,Tests,issue-4695_26_2,cancelled,,https://github.com/DevExpress/DevExtreme/actions/runs/31510313047/job/93842180690
"11.08.26, 17:14:55",93863120731,31510313047,1,Styles tests,Send notifications,issue-4695_26_2,cancelled,,https://github.com/DevExpress/DevExtreme/actions/runs/31510313047/job/93863120731
"11.08.26, 15:41:38",93835788181,31508417100,1,Styles tests,Tests,feature/26_2_new_fluent_theme_with_design_tokens,cancelled,,https://github.com/DevExpress/DevExtreme/actions/runs/31508417100/job/93835788181
"11.08.26, 18:26:07",93883421412,31508417100,1,Styles tests,Send notifications,feature/26_2_new_fluent_theme_with_design_tokens,cancelled,,https://github.com/DevExpress/DevExtreme/actions/runs/31508417100/job/93883421412
"11.08.26, 15:27:40",93831484409,31507135311,1,Styles tests,Tests,26_2_new_fluent_theme_with_design_tokens__fix-hardcoded-colors-in-WG,cancelled,,https://github.com/DevExpress/DevExtreme/actions/runs/31507135311/job/93831484409
"11.08.26, 16:22:09",93847909990,31507135311,1,Styles tests,Send notifications,26_2_new_fluent_theme_with_design_tokens__fix-hardcoded-colors-in-WG,cancelled,,https://github.com/DevExpress/DevExtreme/actions/runs/31507135311/job/93847909990
"11.08.26, 13:25:11",93793949276,31496060417,1,Styles tests,Tests,data_fix_public_getters_main,cancelled,,https://github.com/DevExpress/DevExtreme/actions/runs/31496060417/job/93793949276
"11.08.26, 14:10:22",93807542312,31496060417,1,Styles tests,Send notifications,data_fix_public_getters_main,cancelled,,https://github.com/DevExpress/DevExtreme/actions/runs/31496060417/job/93807542312
"11.08.26, 13:06:18",93788617564,31494468749,1,Styles tests,Tests,data_fix_public_getters_main,cancelled,,https://github.com/DevExpress/DevExtreme/actions/runs/31494468749/job/93788617564
"11.08.26, 13:25:11",93793948871,31494468749,1,Styles tests,Send notifications,data_fix_public_getters_main,cancelled,,https://github.com/DevExpress/DevExtreme/actions/runs/31494468749/job/93793948871
"11.08.26, 13:05:05",93788279540,31494363998,1,Styles tests,Tests,issue-4695_26_2,cancelled,,https://github.com/DevExpress/DevExtreme/actions/runs/31494363998/job/93788279540
"11.08.26, 16:02:46",93842177468,31494363998,1,Styles tests,Send notifications,issue-4695_26_2,cancelled,,https://github.com/DevExpress/DevExtreme/actions/runs/31494363998/job/93842177468
"11.08.26, 13:00:41",93787063558,31494001006,1,Styles tests,Tests,data_fix_public_getters_main,cancelled,,https://github.com/DevExpress/DevExtreme/actions/runs/31494001006/job/93787063558
"11.08.26, 13:06:18",93788616841,31494001006,1,Styles tests,Send notifications,data_fix_public_getters_main,cancelled,,https://github.com/DevExpress/DevExtreme/actions/runs/31494001006/job/93788616841
"11.08.26, 12:51:03",93784467391,31493214459,1,Styles tests,Tests,data_fix_public_getters_main,cancelled,,https://github.com/DevExpress/DevExtreme/actions/runs/31493214459/job/93784467391
"11.08.26, 13:00:40",93787061676,31493214459,1,Styles tests,Send notifications,data_fix_public_getters_main,cancelled,,https://github.com/DevExpress/DevExtreme/actions/runs/31493214459/job/93787061676
"11.08.26, 12:48:10",93783675981,31492978960,1,Styles tests,Tests,data_fix_public_getters_main,cancelled,,https://github.com/DevExpress/DevExtreme/actions/runs/31492978960/job/93783675981
"11.08.26, 12:51:03",93784466392,31492978960,1,Styles tests,Send notifications,data_fix_public_getters_main,cancelled,,https://github.com/DevExpress/DevExtreme/actions/runs/31492978960/job/93784466392
"11.08.26, 12:42:24",93782144654,31492509030,1,Styles tests,Tests,issue-4695_26_2,cancelled,,https://github.com/DevExpress/DevExtreme/actions/runs/31492509030/job/93782144654
"11.08.26, 13:05:04",93788277320,31492509030,1,Styles tests,Send notifications,issue-4695_26_2,cancelled,,https://github.com/DevExpress/DevExtreme/actions/runs/31492509030/job/93788277320
"11.08.26, 12:24:23",93777419753,31491056559,1,Styles tests,Tests,issue-4695_26_2,cancelled,,https://github.com/DevExpress/DevExtreme/actions/runs/31491056559/job/93777419753
"11.08.26, 12:42:24",93782143250,31491056559,1,Styles tests,Send notifications,issue-4695_26_2,cancelled,,https://github.com/DevExpress/DevExtreme/actions/runs/31491056559/job/93782143250
"11.08.26, 12:23:05",93777075700,31490950647,1,Styles tests,Tests,protect-workflows,cancelled,,https://github.com/DevExpress/DevExtreme/actions/runs/31490950647/job/93777075700
"11.08.26, 14:06:37",93806397237,31490950647,1,Styles tests,Send notifications,protect-workflows,cancelled,,https://github.com/DevExpress/DevExtreme/actions/runs/31490950647/job/93806397237
"11.08.26, 07:26:12",93707723350,31468929824,1,Styles tests,Tests,chore/26-1-fix-security-alerts,cancelled,Get sources,https://github.com/DevExpress/DevExtreme/actions/runs/31468929824/job/93707723350
"11.08.26, 07:26:31",93707786382,31468929824,1,Styles tests,Send notifications,chore/26-1-fix-security-alerts,cancelled,,https://github.com/DevExpress/DevExtreme/actions/runs/31468929824/job/93707786382
"11.08.26, 23:14:58",93957681914,31545713168,1,TestCafe tests,Build DevExtreme,refactor/gridcore-datacontroller-eslint-refresh-load-26_2,cancelled,,https://github.com/DevExpress/DevExtreme/actions/runs/31545713168/job/93957681914
"11.08.26, 23:19:12",93958551459,31545713168,1,TestCafe tests,${{ matrix.name }}${{ ((!matrix.theme && ' - fluent') || '') }},refactor/gridcore-datacontroller-eslint-refresh-load-26_2,cancelled,,https://github.com/DevExpress/DevExtreme/actions/runs/31545713168/job/93958551459
"11.08.26, 23:19:12",93958551578,31545713168,1,TestCafe tests,quarantine,refactor/gridcore-datacontroller-eslint-refresh-load-26_2,cancelled,,https://github.com/DevExpress/DevExtreme/actions/runs/31545713168/job/93958551578
"11.08.26, 23:19:13",93958552132,31545713168,1,TestCafe tests,Send notifications,refactor/gridcore-datacontroller-eslint-refresh-load-26_2,cancelled,,https://github.com/DevExpress/DevExtreme/actions/runs/31545713168/job/93958552132
"11.08.26, 16:03:25",93842376876,31510313135,1,TestCafe tests,Build DevExtreme,issue-4695_26_2,cancelled,,https://github.com/DevExpress/DevExtreme/actions/runs/31510313135/job/93842376876
"11.08.26, 17:14:55",93863120096,31510313135,1,TestCafe tests,${{ matrix.name }}${{ ((!matrix.theme && ' - fluent') || '') }},issue-4695_26_2,cancelled,,https://github.com/DevExpress/DevExtreme/actions/runs/31510313135/job/93863120096
"11.08.26, 17:14:55",93863120700,31510313135,1,TestCafe tests,quarantine,issue-4695_26_2,cancelled,,https://github.com/DevExpress/DevExtreme/actions/runs/31510313135/job/93863120700
"11.08.26, 17:14:55",93863121162,31510313135,1,TestCafe tests,Send notifications,issue-4695_26_2,cancelled,,https://github.com/DevExpress/DevExtreme/actions/runs/31510313135/job/93863121162
"11.08.26, 15:42:26",93836024395,31508417105,1,TestCafe tests,Build DevExtreme,feature/26_2_new_fluent_theme_with_design_tokens,cancelled,,https://github.com/DevExpress/DevExtreme/actions/runs/31508417105/job/93836024395
"11.08.26, 18:26:07",93883421858,31508417105,1,TestCafe tests,${{ matrix.name }}${{ ((!matrix.theme && ' - fluent') || '') }},feature/26_2_new_fluent_theme_with_design_tokens,cancelled,,https://github.com/DevExpress/DevExtreme/actions/runs/31508417105/job/93883421858
"11.08.26, 18:26:07",93883423150,31508417105,1,TestCafe tests,quarantine,feature/26_2_new_fluent_theme_with_design_tokens,cancelled,,https://github.com/DevExpress/DevExtreme/actions/runs/31508417105/job/93883423150
"11.08.26, 18:26:07",93883423399,31508417105,1,TestCafe tests,Send notifications,feature/26_2_new_fluent_theme_with_design_tokens,cancelled,,https://github.com/DevExpress/DevExtreme/actions/runs/31508417105/job/93883423399
"11.08.26, 15:28:22",93831704922,31507135518,1,TestCafe tests,Build DevExtreme,26_2_new_fluent_theme_with_design_tokens__fix-hardcoded-colors-in-WG,cancelled,,https://github.com/DevExpress/DevExtreme/actions/runs/31507135518/job/93831704922
"11.08.26, 16:22:09",93847910250,31507135518,1,TestCafe tests,${{ matrix.name }}${{ ((!matrix.theme && ' - fluent') || '') }},26_2_new_fluent_theme_with_design_tokens__fix-hardcoded-colors-in-WG,cancelled,,https://github.com/DevExpress/DevExtreme/actions/runs/31507135518/job/93847910250
"11.08.26, 16:22:09",93847910561,31507135518,1,TestCafe tests,quarantine,26_2_new_fluent_theme_with_design_tokens__fix-hardcoded-colors-in-WG,cancelled,,https://github.com/DevExpress/DevExtreme/actions/runs/31507135518/job/93847910561
"11.08.26, 16:22:09",93847911588,31507135518,1,TestCafe tests,Send notifications,26_2_new_fluent_theme_with_design_tokens__fix-hardcoded-colors-in-WG,cancelled,,https://github.com/DevExpress/DevExtreme/actions/runs/31507135518/job/93847911588
"11.08.26, 13:25:38",93794079202,31496060525,1,TestCafe tests,Build DevExtreme,data_fix_public_getters_main,cancelled,,https://github.com/DevExpress/DevExtreme/actions/runs/31496060525/job/93794079202
"11.08.26, 14:10:22",93807541454,31496060525,1,TestCafe tests,${{ matrix.name }}${{ ((!matrix.theme && ' - fluent') || '') }},data_fix_public_getters_main,cancelled,,https://github.com/DevExpress/DevExtreme/actions/runs/31496060525/job/93807541454
"11.08.26, 14:10:22",93807542056,31496060525,1,TestCafe tests,quarantine,data_fix_public_getters_main,cancelled,,https://github.com/DevExpress/DevExtreme/actions/runs/31496060525/job/93807542056
"11.08.26, 14:10:22",93807542432,31496060525,1,TestCafe tests,Send notifications,data_fix_public_getters_main,cancelled,,https://github.com/DevExpress/DevExtreme/actions/runs/31496060525/job/93807542432
"11.08.26, 13:06:52",93788775459,31494468666,1,TestCafe tests,Build DevExtreme,data_fix_public_getters_main,cancelled,,https://github.com/DevExpress/DevExtreme/actions/runs/31494468666/job/93788775459
"11.08.26, 13:25:11",93793949108,31494468666,1,TestCafe tests,${{ matrix.name }}${{ ((!matrix.theme && ' - fluent') || '') }},data_fix_public_getters_main,cancelled,,https://github.com/DevExpress/DevExtreme/actions/runs/31494468666/job/93793949108
"11.08.26, 13:25:11",93793949612,31494468666,1,TestCafe tests,quarantine,data_fix_public_getters_main,cancelled,,https://github.com/DevExpress/DevExtreme/actions/runs/31494468666/job/93793949612
"11.08.26, 13:25:11",93793950965,31494468666,1,TestCafe tests,Send notifications,data_fix_public_getters_main,cancelled,,https://github.com/DevExpress/DevExtreme/actions/runs/31494468666/job/93793950965
"11.08.26, 13:05:31",93788401354,31494364040,1,TestCafe tests,Build DevExtreme,issue-4695_26_2,cancelled,,https://github.com/DevExpress/DevExtreme/actions/runs/31494364040/job/93788401354
"11.08.26, 16:02:46",93842176306,31494364040,1,TestCafe tests,${{ matrix.name }}${{ ((!matrix.theme && ' - fluent') || '') }},issue-4695_26_2,cancelled,,https://github.com/DevExpress/DevExtreme/actions/runs/31494364040/job/93842176306
"11.08.26, 16:02:46",93842176630,31494364040,1,TestCafe tests,quarantine,issue-4695_26_2,cancelled,,https://github.com/DevExpress/DevExtreme/actions/runs/31494364040/job/93842176630
"11.08.26, 16:02:46",93842177014,31494364040,1,TestCafe tests,Send notifications,issue-4695_26_2,cancelled,,https://github.com/DevExpress/DevExtreme/actions/runs/31494364040/job/93842177014
"11.08.26, 13:01:11",93787208822,31494001143,1,TestCafe tests,Build DevExtreme,data_fix_public_getters_main,cancelled,,https://github.com/DevExpress/DevExtreme/actions/runs/31494001143/job/93787208822
"11.08.26, 13:06:18",93788616388,31494001143,1,TestCafe tests,${{ matrix.name }}${{ ((!matrix.theme && ' - fluent') || '') }},data_fix_public_getters_main,cancelled,,https://github.com/DevExpress/DevExtreme/actions/runs/31494001143/job/93788616388
"11.08.26, 13:06:18",93788617869,31494001143,1,TestCafe tests,quarantine,data_fix_public_getters_main,cancelled,,https://github.com/DevExpress/DevExtreme/actions/runs/31494001143/job/93788617869
"11.08.26, 13:06:18",93788618108,31494001143,1,TestCafe tests,Send notifications,data_fix_public_getters_main,cancelled,,https://github.com/DevExpress/DevExtreme/actions/runs/31494001143/job/93788618108
"11.08.26, 12:51:38",93784620623,31493214513,1,TestCafe tests,Build DevExtreme,data_fix_public_getters_main,cancelled,,https://github.com/DevExpress/DevExtreme/actions/runs/31493214513/job/93784620623
"11.08.26, 13:00:40",93787058781,31493214513,1,TestCafe tests,${{ matrix.name }}${{ ((!matrix.theme && ' - fluent') || '') }},data_fix_public_getters_main,cancelled,,https://github.com/DevExpress/DevExtreme/actions/runs/31493214513/job/93787058781
"11.08.26, 13:00:40",93787059391,31493214513,1,TestCafe tests,Send notifications,data_fix_public_getters_main,cancelled,,https://github.com/DevExpress/DevExtreme/actions/runs/31493214513/job/93787059391
"11.08.26, 13:00:40",93787059522,31493214513,1,TestCafe tests,quarantine,data_fix_public_getters_main,cancelled,,https://github.com/DevExpress/DevExtreme/actions/runs/31493214513/job/93787059522
"11.08.26, 12:48:34",93783781071,31492978956,1,TestCafe tests,Build DevExtreme,data_fix_public_getters_main,cancelled,,https://github.com/DevExpress/DevExtreme/actions/runs/31492978956/job/93783781071
"11.08.26, 12:51:03",93784466170,31492978956,1,TestCafe tests,${{ matrix.name }}${{ ((!matrix.theme && ' - fluent') || '') }},data_fix_public_getters_main,cancelled,,https://github.com/DevExpress/DevExtreme/actions/runs/31492978956/job/93784466170
"11.08.26, 12:51:03",93784467005,31492978956,1,TestCafe tests,quarantine,data_fix_public_getters_main,cancelled,,https://github.com/DevExpress/DevExtreme/actions/runs/31492978956/job/93784467005
"11.08.26, 12:51:03",93784467402,31492978956,1,TestCafe tests,Send notifications,data_fix_public_getters_main,cancelled,,https://github.com/DevExpress/DevExtreme/actions/runs/31492978956/job/93784467402
"11.08.26, 12:42:57",93782290145,31492508892,1,TestCafe tests,Build DevExtreme,issue-4695_26_2,cancelled,,https://github.com/DevExpress/DevExtreme/actions/runs/31492508892/job/93782290145
"11.08.26, 13:05:04",93788276819,31492508892,1,TestCafe tests,${{ matrix.name }}${{ ((!matrix.theme && ' - fluent') || '') }},issue-4695_26_2,cancelled,,https://github.com/DevExpress/DevExtreme/actions/runs/31492508892/job/93788276819
"11.08.26, 13:05:04",93788277331,31492508892,1,TestCafe tests,quarantine,issue-4695_26_2,cancelled,,https://github.com/DevExpress/DevExtreme/actions/runs/31492508892/job/93788277331
"11.08.26, 13:05:04",93788277894,31492508892,1,TestCafe tests,Send notifications,issue-4695_26_2,cancelled,,https://github.com/DevExpress/DevExtreme/actions/runs/31492508892/job/93788277894
"11.08.26, 12:24:45",93777511881,31491056621,1,TestCafe tests,Build DevExtreme,issue-4695_26_2,cancelled,,https://github.com/DevExpress/DevExtreme/actions/runs/31491056621/job/93777511881
"11.08.26, 12:42:23",93782142022,31491056621,1,TestCafe tests,quarantine,issue-4695_26_2,cancelled,,https://github.com/DevExpress/DevExtreme/actions/runs/31491056621/job/93782142022
"11.08.26, 12:42:23",93782142034,31491056621,1,TestCafe tests,${{ matrix.name }}${{ ((!matrix.theme && ' - fluent') || '') }},issue-4695_26_2,cancelled,,https://github.com/DevExpress/DevExtreme/actions/runs/31491056621/job/93782142034
"11.08.26, 12:42:24",93782142689,31491056621,1,TestCafe tests,Send notifications,issue-4695_26_2,cancelled,,https://github.com/DevExpress/DevExtreme/actions/runs/31491056621/job/93782142689
"11.08.26, 12:23:27",93777173257,31490950757,1,TestCafe tests,Build DevExtreme,protect-workflows,cancelled,,https://github.com/DevExpress/DevExtreme/actions/runs/31490950757/job/93777173257
"11.08.26, 14:06:37",93806398528,31490950757,1,TestCafe tests,${{ matrix.name }}${{ ((!matrix.theme && ' - fluent') || '') }},protect-workflows,cancelled,,https://github.com/DevExpress/DevExtreme/actions/runs/31490950757/job/93806398528
"11.08.26, 14:06:37",93806398811,31490950757,1,TestCafe tests,quarantine,protect-workflows,cancelled,,https://github.com/DevExpress/DevExtreme/actions/runs/31490950757/job/93806398811
"11.08.26, 14:06:37",93806399903,31490950757,1,TestCafe tests,Send notifications,protect-workflows,cancelled,,https://github.com/DevExpress/DevExtreme/actions/runs/31490950757/job/93806399903
"11.08.26, 12:16:05",93775263922,31490371992,1,TestCafe tests,Build DevExtreme,data_fix_public_getters_main,failure,Build,https://github.com/DevExpress/DevExtreme/actions/runs/31490371992/job/93775263922
"11.08.26, 12:14:47",93774923710,31490270079,1,TestCafe tests,Build DevExtreme,26_2_typing_fab,cancelled,Build,https://github.com/DevExpress/DevExtreme/actions/runs/31490270079/job/93774923710
"11.08.26, 12:17:10",93775539654,31490270079,1,TestCafe tests,${{ matrix.name }}${{ ((!matrix.theme && ' - fluent') || '') }},26_2_typing_fab,cancelled,,https://github.com/DevExpress/DevExtreme/actions/runs/31490270079/job/93775539654
"11.08.26, 12:17:10",93775539745,31490270079,1,TestCafe tests,quarantine,26_2_typing_fab,cancelled,,https://github.com/DevExpress/DevExtreme/actions/runs/31490270079/job/93775539745
"11.08.26, 12:17:10",93775541070,31490270079,1,TestCafe tests,Send notifications,26_2_typing_fab,cancelled,,https://github.com/DevExpress/DevExtreme/actions/runs/31490270079/job/93775541070
"11.08.26, 12:08:08",93773278316,31489757750,1,TestCafe tests,Build DevExtreme,data_fix_public_getters_main,failure,Build,https://github.com/DevExpress/DevExtreme/actions/runs/31489757750/job/93773278316
"11.08.26, 09:33:50",93736997814,31477383030,1,TestCafe tests,scheduler / common (2/3) - fluent,25_2,failure,,https://github.com/DevExpress/DevExtreme/actions/runs/31477383030/job/93736997814
"11.08.26, 07:26:12",93707723688,31468929770,1,TestCafe tests,Check if tests should run,chore/26-1-fix-security-alerts,cancelled,,https://github.com/DevExpress/DevExtreme/actions/runs/31468929770/job/93707723688
"11.08.26, 07:26:31",93707785789,31468929770,1,TestCafe tests,Determine TestCafe matrix,chore/26-1-fix-security-alerts,cancelled,,https://github.com/DevExpress/DevExtreme/actions/runs/31468929770/job/93707785789
"11.08.26, 07:26:31",93707786263,31468929770,1,TestCafe tests,Build DevExtreme,chore/26-1-fix-security-alerts,cancelled,,https://github.com/DevExpress/DevExtreme/actions/runs/31468929770/job/93707786263
"11.08.26, 07:26:31",93707786689,31468929770,1,TestCafe tests,Send notifications,chore/26-1-fix-security-alerts,cancelled,,https://github.com/DevExpress/DevExtreme/actions/runs/31468929770/job/93707786689
"11.08.26, 07:26:31",93707786694,31468929770,1,TestCafe tests,${{ matrix.name }}${{ ((!matrix.theme && ' - fluent') || '') }},chore/26-1-fix-security-alerts,cancelled,,https://github.com/DevExpress/DevExtreme/actions/runs/31468929770/job/93707786694
"11.08.26, 07:26:31",93707786948,31468929770,1,TestCafe tests,quarantine,chore/26-1-fix-security-alerts,cancelled,,https://github.com/DevExpress/DevExtreme/actions/runs/31468929770/job/93707786948
"11.08.26, 23:14:38",93957617405,31545713151,1,Themebuilder and Styles tests,test,refactor/gridcore-datacontroller-eslint-refresh-load-26_2,cancelled,,https://github.com/DevExpress/DevExtreme/actions/runs/31545713151/job/93957617405
"11.08.26, 23:19:12",93958551079,31545713151,1,Themebuilder and Styles tests,Send notifications,refactor/gridcore-datacontroller-eslint-refresh-load-26_2,cancelled,,https://github.com/DevExpress/DevExtreme/actions/runs/31545713151/job/93958551079
"11.08.26, 16:02:46",93842177406,31510313034,1,Themebuilder and Styles tests,test,issue-4695_26_2,cancelled,,https://github.com/DevExpress/DevExtreme/actions/runs/31510313034/job/93842177406
"11.08.26, 17:14:55",93863120432,31510313034,1,Themebuilder and Styles tests,Send notifications,issue-4695_26_2,cancelled,,https://github.com/DevExpress/DevExtreme/actions/runs/31510313034/job/93863120432
"11.08.26, 15:41:38",93835788231,31508417086,1,Themebuilder and Styles tests,test,feature/26_2_new_fluent_theme_with_design_tokens,cancelled,,https://github.com/DevExpress/DevExtreme/actions/runs/31508417086/job/93835788231
"11.08.26, 18:26:07",93883423311,31508417086,1,Themebuilder and Styles tests,Send notifications,feature/26_2_new_fluent_theme_with_design_tokens,cancelled,,https://github.com/DevExpress/DevExtreme/actions/runs/31508417086/job/93883423311
"11.08.26, 15:27:41",93831484967,31507135402,1,Themebuilder and Styles tests,test,26_2_new_fluent_theme_with_design_tokens__fix-hardcoded-colors-in-WG,cancelled,,https://github.com/DevExpress/DevExtreme/actions/runs/31507135402/job/93831484967
"11.08.26, 16:22:09",93847911437,31507135402,1,Themebuilder and Styles tests,Send notifications,26_2_new_fluent_theme_with_design_tokens__fix-hardcoded-colors-in-WG,cancelled,,https://github.com/DevExpress/DevExtreme/actions/runs/31507135402/job/93847911437
"11.08.26, 13:25:11",93793949968,31496060649,1,Themebuilder and Styles tests,test,data_fix_public_getters_main,cancelled,,https://github.com/DevExpress/DevExtreme/actions/runs/31496060649/job/93793949968
"11.08.26, 14:10:22",93807541976,31496060649,1,Themebuilder and Styles tests,Send notifications,data_fix_public_getters_main,cancelled,,https://github.com/DevExpress/DevExtreme/actions/runs/31496060649/job/93807541976
"11.08.26, 13:06:18",93788616433,31494468696,1,Themebuilder and Styles tests,test,data_fix_public_getters_main,cancelled,,https://github.com/DevExpress/DevExtreme/actions/runs/31494468696/job/93788616433
"11.08.26, 13:25:11",93793949519,31494468696,1,Themebuilder and Styles tests,Send notifications,data_fix_public_getters_main,cancelled,,https://github.com/DevExpress/DevExtreme/actions/runs/31494468696/job/93793949519
"11.08.26, 13:05:05",93788279048,31494364115,1,Themebuilder and Styles tests,test,issue-4695_26_2,cancelled,,https://github.com/DevExpress/DevExtreme/actions/runs/31494364115/job/93788279048
"11.08.26, 16:02:46",93842175055,31494364115,1,Themebuilder and Styles tests,Send notifications,issue-4695_26_2,cancelled,,https://github.com/DevExpress/DevExtreme/actions/runs/31494364115/job/93842175055
"11.08.26, 13:00:40",93787061783,31494001021,1,Themebuilder and Styles tests,test,data_fix_public_getters_main,cancelled,,https://github.com/DevExpress/DevExtreme/actions/runs/31494001021/job/93787061783
"11.08.26, 13:06:18",93788615638,31494001021,1,Themebuilder and Styles tests,Send notifications,data_fix_public_getters_main,cancelled,,https://github.com/DevExpress/DevExtreme/actions/runs/31494001021/job/93788615638
"11.08.26, 12:51:04",93784468517,31493214455,1,Themebuilder and Styles tests,test,data_fix_public_getters_main,cancelled,,https://github.com/DevExpress/DevExtreme/actions/runs/31493214455/job/93784468517
"11.08.26, 13:00:40",93787060675,31493214455,1,Themebuilder and Styles tests,Send notifications,data_fix_public_getters_main,cancelled,,https://github.com/DevExpress/DevExtreme/actions/runs/31493214455/job/93787060675
"11.08.26, 12:48:10",93783676417,31492978989,1,Themebuilder and Styles tests,test,data_fix_public_getters_main,cancelled,,https://github.com/DevExpress/DevExtreme/actions/runs/31492978989/job/93783676417
"11.08.26, 12:51:03",93784466490,31492978989,1,Themebuilder and Styles tests,Send notifications,data_fix_public_getters_main,cancelled,,https://github.com/DevExpress/DevExtreme/actions/runs/31492978989/job/93784466490
"11.08.26, 12:42:24",93782144029,31492508938,1,Themebuilder and Styles tests,test,issue-4695_26_2,cancelled,,https://github.com/DevExpress/DevExtreme/actions/runs/31492508938/job/93782144029
"11.08.26, 13:05:04",93788277135,31492508938,1,Themebuilder and Styles tests,Send notifications,issue-4695_26_2,cancelled,,https://github.com/DevExpress/DevExtreme/actions/runs/31492508938/job/93788277135
"11.08.26, 12:24:23",93777418884,31491056599,1,Themebuilder and Styles tests,test,issue-4695_26_2,cancelled,,https://github.com/DevExpress/DevExtreme/actions/runs/31491056599/job/93777418884
"11.08.26, 12:42:24",93782142828,31491056599,1,Themebuilder and Styles tests,Send notifications,issue-4695_26_2,cancelled,,https://github.com/DevExpress/DevExtreme/actions/runs/31491056599/job/93782142828
"11.08.26, 12:14:29",93774848786,31490270172,1,Themebuilder and Styles tests,test,26_2_typing_fab,cancelled,Build,https://github.com/DevExpress/DevExtreme/actions/runs/31490270172/job/93774848786
"11.08.26, 12:17:00",93775496715,31490270172,1,Themebuilder and Styles tests,Send notifications,26_2_typing_fab,cancelled,,https://github.com/DevExpress/DevExtreme/actions/runs/31490270172/job/93775496715
"11.08.26, 07:26:12",93707723441,31468929765,1,Themebuilder and Styles tests,test,chore/26-1-fix-security-alerts,cancelled,,https://github.com/DevExpress/DevExtreme/actions/runs/31468929765/job/93707723441
"11.08.26, 07:26:30",93707782541,31468929765,1,Themebuilder and Styles tests,Send notifications,chore/26-1-fix-security-alerts,cancelled,,https://github.com/DevExpress/DevExtreme/actions/runs/31468929765/job/93707782541
"11.08.26, 23:14:38",93957617466,31545713166,1,TS Declarations,check-ts-bundle,refactor/gridcore-datacontroller-eslint-refresh-load-26_2,cancelled,,https://github.com/DevExpress/DevExtreme/actions/runs/31545713166/job/93957617466
"11.08.26, 23:14:38",93957617616,31545713166,1,TS Declarations,validate-declarations,refactor/gridcore-datacontroller-eslint-refresh-load-26_2,cancelled,,https://github.com/DevExpress/DevExtreme/actions/runs/31545713166/job/93957617616
"11.08.26, 23:19:12",93958551164,31545713166,1,TS Declarations,Send notifications,refactor/gridcore-datacontroller-eslint-refresh-load-26_2,cancelled,,https://github.com/DevExpress/DevExtreme/actions/runs/31545713166/job/93958551164
"11.08.26, 16:02:46",93842175470,31510313011,1,TS Declarations,check-ts-bundle,issue-4695_26_2,cancelled,,https://github.com/DevExpress/DevExtreme/actions/runs/31510313011/job/93842175470
"11.08.26, 16:02:46",93842175611,31510313011,1,TS Declarations,validate-declarations,issue-4695_26_2,cancelled,,https://github.com/DevExpress/DevExtreme/actions/runs/31510313011/job/93842175611
"11.08.26, 17:14:54",93863119911,31510313011,1,TS Declarations,Send notifications,issue-4695_26_2,cancelled,,https://github.com/DevExpress/DevExtreme/actions/runs/31510313011/job/93863119911
"11.08.26, 15:41:38",93835788088,31508417085,1,TS Declarations,validate-declarations,feature/26_2_new_fluent_theme_with_design_tokens,cancelled,,https://github.com/DevExpress/DevExtreme/actions/runs/31508417085/job/93835788088
"11.08.26, 15:41:38",93835788096,31508417085,1,TS Declarations,check-ts-bundle,feature/26_2_new_fluent_theme_with_design_tokens,cancelled,,https://github.com/DevExpress/DevExtreme/actions/runs/31508417085/job/93835788096
"11.08.26, 18:26:07",93883421837,31508417085,1,TS Declarations,Send notifications,feature/26_2_new_fluent_theme_with_design_tokens,cancelled,,https://github.com/DevExpress/DevExtreme/actions/runs/31508417085/job/93883421837
"11.08.26, 15:27:40",93831484478,31507135317,1,TS Declarations,validate-declarations,26_2_new_fluent_theme_with_design_tokens__fix-hardcoded-colors-in-WG,cancelled,,https://github.com/DevExpress/DevExtreme/actions/runs/31507135317/job/93831484478
"11.08.26, 15:27:40",93831484602,31507135317,1,TS Declarations,check-ts-bundle,26_2_new_fluent_theme_with_design_tokens__fix-hardcoded-colors-in-WG,cancelled,,https://github.com/DevExpress/DevExtreme/actions/runs/31507135317/job/93831484602
"11.08.26, 16:22:09",93847913551,31507135317,1,TS Declarations,Send notifications,26_2_new_fluent_theme_with_design_tokens__fix-hardcoded-colors-in-WG,cancelled,,https://github.com/DevExpress/DevExtreme/actions/runs/31507135317/job/93847913551
"11.08.26, 13:25:11",93793950661,31496060612,1,TS Declarations,check-ts-bundle,data_fix_public_getters_main,cancelled,,https://github.com/DevExpress/DevExtreme/actions/runs/31496060612/job/93793950661
"11.08.26, 13:25:11",93793950679,31496060612,1,TS Declarations,validate-declarations,data_fix_public_getters_main,cancelled,,https://github.com/DevExpress/DevExtreme/actions/runs/31496060612/job/93793950679
"11.08.26, 14:10:22",93807542636,31496060612,1,TS Declarations,Send notifications,data_fix_public_getters_main,cancelled,,https://github.com/DevExpress/DevExtreme/actions/runs/31496060612/job/93807542636
"11.08.26, 13:06:18",93788616627,31494468769,1,TS Declarations,validate-declarations,data_fix_public_getters_main,cancelled,,https://github.com/DevExpress/DevExtreme/actions/runs/31494468769/job/93788616627
"11.08.26, 13:06:18",93788616693,31494468769,1,TS Declarations,check-ts-bundle,data_fix_public_getters_main,cancelled,,https://github.com/DevExpress/DevExtreme/actions/runs/31494468769/job/93788616693
"11.08.26, 13:25:11",93793949193,31494468769,1,TS Declarations,Send notifications,data_fix_public_getters_main,cancelled,,https://github.com/DevExpress/DevExtreme/actions/runs/31494468769/job/93793949193
"11.08.26, 13:05:04",93788276349,31494364099,1,TS Declarations,check-ts-bundle,issue-4695_26_2,cancelled,,https://github.com/DevExpress/DevExtreme/actions/runs/31494364099/job/93788276349
"11.08.26, 13:05:04",93788276529,31494364099,1,TS Declarations,validate-declarations,issue-4695_26_2,cancelled,,https://github.com/DevExpress/DevExtreme/actions/runs/31494364099/job/93788276529
"11.08.26, 16:02:46",93842174275,31494364099,1,TS Declarations,Send notifications,issue-4695_26_2,cancelled,,https://github.com/DevExpress/DevExtreme/actions/runs/31494364099/job/93842174275
"11.08.26, 13:00:40",93787060202,31494000975,1,TS Declarations,validate-declarations,data_fix_public_getters_main,cancelled,,https://github.com/DevExpress/DevExtreme/actions/runs/31494000975/job/93787060202
"11.08.26, 13:00:40",93787060339,31494000975,1,TS Declarations,check-ts-bundle,data_fix_public_getters_main,cancelled,,https://github.com/DevExpress/DevExtreme/actions/runs/31494000975/job/93787060339
"11.08.26, 13:06:18",93788615879,31494000975,1,TS Declarations,Send notifications,data_fix_public_getters_main,cancelled,,https://github.com/DevExpress/DevExtreme/actions/runs/31494000975/job/93788615879
"11.08.26, 12:51:04",93784468618,31493214500,1,TS Declarations,check-ts-bundle,data_fix_public_getters_main,cancelled,,https://github.com/DevExpress/DevExtreme/actions/runs/31493214500/job/93784468618
"11.08.26, 12:51:04",93784468784,31493214500,1,TS Declarations,validate-declarations,data_fix_public_getters_main,cancelled,,https://github.com/DevExpress/DevExtreme/actions/runs/31493214500/job/93784468784
"11.08.26, 13:00:40",93787058831,31493214500,1,TS Declarations,Send notifications,data_fix_public_getters_main,cancelled,,https://github.com/DevExpress/DevExtreme/actions/runs/31493214500/job/93787058831
"11.08.26, 12:48:10",93783676101,31492978935,1,TS Declarations,validate-declarations,data_fix_public_getters_main,cancelled,,https://github.com/DevExpress/DevExtreme/actions/runs/31492978935/job/93783676101
"11.08.26, 12:48:10",93783676118,31492978935,1,TS Declarations,check-ts-bundle,data_fix_public_getters_main,cancelled,,https://github.com/DevExpress/DevExtreme/actions/runs/31492978935/job/93783676118
"11.08.26, 12:51:03",93784467274,31492978935,1,TS Declarations,Send notifications,data_fix_public_getters_main,cancelled,,https://github.com/DevExpress/DevExtreme/actions/runs/31492978935/job/93784467274
"11.08.26, 12:42:24",93782143219,31492508984,1,TS Declarations,validate-declarations,issue-4695_26_2,cancelled,,https://github.com/DevExpress/DevExtreme/actions/runs/31492508984/job/93782143219
"11.08.26, 12:42:24",93782143293,31492508984,1,TS Declarations,check-ts-bundle,issue-4695_26_2,cancelled,,https://github.com/DevExpress/DevExtreme/actions/runs/31492508984/job/93782143293
"11.08.26, 13:05:04",93788276271,31492508984,1,TS Declarations,Send notifications,issue-4695_26_2,cancelled,,https://github.com/DevExpress/DevExtreme/actions/runs/31492508984/job/93788276271
"11.08.26, 12:24:23",93777418679,31491056566,1,TS Declarations,check-ts-bundle,issue-4695_26_2,cancelled,,https://github.com/DevExpress/DevExtreme/actions/runs/31491056566/job/93777418679
"11.08.26, 12:24:23",93777418779,31491056566,1,TS Declarations,validate-declarations,issue-4695_26_2,cancelled,,https://github.com/DevExpress/DevExtreme/actions/runs/31491056566/job/93777418779
"11.08.26, 12:42:24",93782142714,31491056566,1,TS Declarations,Send notifications,issue-4695_26_2,cancelled,,https://github.com/DevExpress/DevExtreme/actions/runs/31491056566/job/93782142714
"11.08.26, 12:23:05",93777076132,31490950649,1,TS Declarations,validate-declarations,protect-workflows,cancelled,,https://github.com/DevExpress/DevExtreme/actions/runs/31490950649/job/93777076132
"11.08.26, 12:23:05",93777076246,31490950649,1,TS Declarations,check-ts-bundle,protect-workflows,cancelled,,https://github.com/DevExpress/DevExtreme/actions/runs/31490950649/job/93777076246
"11.08.26, 14:06:37",93806399102,31490950649,1,TS Declarations,Send notifications,protect-workflows,cancelled,,https://github.com/DevExpress/DevExtreme/actions/runs/31490950649/job/93806399102
"11.08.26, 12:14:29",93774849078,31490270234,1,TS Declarations,validate-declarations,26_2_typing_fab,cancelled,Post Setup pnpm cache,https://github.com/DevExpress/DevExtreme/actions/runs/31490270234/job/93774849078
"11.08.26, 12:16:58",93775489969,31490270234,1,TS Declarations,Send notifications,26_2_typing_fab,cancelled,,https://github.com/DevExpress/DevExtreme/actions/runs/31490270234/job/93775489969
"11.08.26, 07:26:12",93707723736,31468929832,1,TS Declarations,check-ts-bundle,chore/26-1-fix-security-alerts,cancelled,,https://github.com/DevExpress/DevExtreme/actions/runs/31468929832/job/93707723736
"11.08.26, 07:26:12",93707723747,31468929832,1,TS Declarations,validate-declarations,chore/26-1-fix-security-alerts,cancelled,,https://github.com/DevExpress/DevExtreme/actions/runs/31468929832/job/93707723747
"11.08.26, 07:26:30",93707782390,31468929832,1,TS Declarations,Send notifications,chore/26-1-fix-security-alerts,cancelled,,https://github.com/DevExpress/DevExtreme/actions/runs/31468929832/job/93707782390
"11.08.26, 15:28:32",93831753465,31507135228,1,Demos Visual Tests,Get changed demos,26_2_new_fluent_theme_with_design_tokens__fix-hardcoded-colors-in-WG,failure,Get changed files,https://github.com/DevExpress/DevExtreme/actions/runs/31507135228/job/93831753465
"11.08.26, 12:16:17",93775316673,31490371996,1,Demos Visual Tests,Build DevExtreme,data_fix_public_getters_main,failure,DevExtreme - Build,https://github.com/DevExpress/DevExtreme/actions/runs/31490371996/job/93775316673
"11.08.26, 12:21:03",93776548807,31490270364,1,Demos Visual Tests,Check generated demos (changed only),26_2_typing_fab,cancelled,,https://github.com/DevExpress/DevExtreme/actions/runs/31490270364/job/93776548807
"11.08.26, 12:21:03",93776548899,31490270364,1,Demos Visual Tests,Check generated demos,26_2_typing_fab,cancelled,,https://github.com/DevExpress/DevExtreme/actions/runs/31490270364/job/93776548899
"11.08.26, 12:21:03",93776548912,31490270364,1,Demos Visual Tests,Build Demos Bundles,26_2_typing_fab,cancelled,,https://github.com/DevExpress/DevExtreme/actions/runs/31490270364/job/93776548912
"11.08.26, 12:21:03",93776549010,31490270364,1,Demos Visual Tests,"matrix.SHARD_TOTAL == 1 && format('CSP check ({0})', matrix.FRAMEWORK) || format('CSP check ({0} {1}/{2})', matrix.FRAMEWORK, matrix.SHARD_INDEX, matrix.SHARD_TOTAL)",26_2_typing_fab,cancelled,,https://github.com/DevExpress/DevExtreme/actions/runs/31490270364/job/93776549010
"11.08.26, 12:21:03",93776549403,31490270364,1,Demos Visual Tests,Check TS and lint code base,26_2_typing_fab,cancelled,,https://github.com/DevExpress/DevExtreme/actions/runs/31490270364/job/93776549403
"11.08.26, 12:21:03",93776549458,31490270364,1,Demos Visual Tests,${{ matrix.CONSTEL }}-screenshots-${{ matrix.THEME }},26_2_typing_fab,cancelled,,https://github.com/DevExpress/DevExtreme/actions/runs/31490270364/job/93776549458
"11.08.26, 12:21:03",93776549823,31490270364,1,Demos Visual Tests,${{ matrix.CONSTEL }}-screenshots-${{ matrix.THEME }},26_2_typing_fab,cancelled,,https://github.com/DevExpress/DevExtreme/actions/runs/31490270364/job/93776549823
"11.08.26, 12:26:29",93777958099,31490270364,1,Demos Visual Tests,merge-artifacts,26_2_typing_fab,cancelled,,https://github.com/DevExpress/DevExtreme/actions/runs/31490270364/job/93777958099
"11.08.26, 12:08:17",93773318168,31489757665,1,Demos Visual Tests,Build DevExtreme,data_fix_public_getters_main,failure,DevExtreme - Build,https://github.com/DevExpress/DevExtreme/actions/runs/31489757665/job/93773318168
"11.08.26, 11:52:08",93769440741,31488091938,1,Demos Visual Tests,jquery(3/3)-screenshots-material.blue.light,issue-4695_26_2,failure,Run TestCafe tests (jQuery),https://github.com/DevExpress/DevExtreme/actions/runs/31488091938/job/93769440741
"11.08.26, 11:52:08",93769440753,31488091938,1,Demos Visual Tests,jquery-accessibility-material.blue.light,issue-4695_26_2,failure,Run TestCafe tests (jQuery),https://github.com/DevExpress/DevExtreme/actions/runs/31488091938/job/93769440753
"11.08.26, 11:52:08",93769440824,31488091938,1,Demos Visual Tests,jquery(3/3)-screenshots-fluent.blue.light,issue-4695_26_2,failure,Run TestCafe tests (jQuery),https://github.com/DevExpress/DevExtreme/actions/runs/31488091938/job/93769440824
"11.08.26, 11:52:08",93769440836,31488091938,1,Demos Visual Tests,jquery-accessibility-fluent.blue.light,issue-4695_26_2,failure,Run TestCafe tests (jQuery),https://github.com/DevExpress/DevExtreme/actions/runs/31488091938/job/93769440836
"11.08.26, 09:30:39",93736218529,31477236662,1,Demos Visual Tests,CSP check (Angular 2/3),26_1,failure,,https://github.com/DevExpress/DevExtreme/actions/runs/31477236662/job/93736218529
"11.08.26, 07:26:19",93707746965,31468929944,1,Demos Visual Tests,Get changed demos,chore/26-1-fix-security-alerts,cancelled,Get sources,https://github.com/DevExpress/DevExtreme/actions/runs/31468929944/job/93707746965
"11.08.26, 07:26:32",93707790956,31468929944,1,Demos Visual Tests,Determine scope for framework tests,chore/26-1-fix-security-alerts,cancelled,,https://github.com/DevExpress/DevExtreme/actions/runs/31468929944/job/93707790956
"11.08.26, 07:26:32",93707791263,31468929944,1,Demos Visual Tests,Determine jQuery test matrix,chore/26-1-fix-security-alerts,cancelled,,https://github.com/DevExpress/DevExtreme/actions/runs/31468929944/job/93707791263
"11.08.26, 07:26:32",93707791507,31468929944,1,Demos Visual Tests,Build DevExtreme,chore/26-1-fix-security-alerts,cancelled,,https://github.com/DevExpress/DevExtreme/actions/runs/31468929944/job/93707791507
"11.08.26, 07:26:32",93707791519,31468929944,1,Demos Visual Tests,Check generated demos (changed only),chore/26-1-fix-security-alerts,cancelled,,https://github.com/DevExpress/DevExtreme/actions/runs/31468929944/job/93707791519
"11.08.26, 07:26:32",93707791555,31468929944,1,Demos Visual Tests,${{ matrix.CONSTEL }}-${{ matrix.STRATEGY }}-${{ matrix.THEME }},chore/26-1-fix-security-alerts,cancelled,,https://github.com/DevExpress/DevExtreme/actions/runs/31468929944/job/93707791555
"11.08.26, 07:26:33",93707791639,31468929944,1,Demos Visual Tests,Check TS and lint code base,chore/26-1-fix-security-alerts,cancelled,,https://github.com/DevExpress/DevExtreme/actions/runs/31468929944/job/93707791639
"11.08.26, 07:26:33",93707791723,31468929944,1,Demos Visual Tests,CSP check (jQuery),chore/26-1-fix-security-alerts,cancelled,,https://github.com/DevExpress/DevExtreme/actions/runs/31468929944/job/93707791723
"11.08.26, 07:26:33",93707791954,31468929944,1,Demos Visual Tests,Check generated demos,chore/26-1-fix-security-alerts,cancelled,,https://github.com/DevExpress/DevExtreme/actions/runs/31468929944/job/93707791954
"11.08.26, 07:26:33",93707792030,31468929944,1,Demos Visual Tests,Build Demos Bundles,chore/26-1-fix-security-alerts,cancelled,,https://github.com/DevExpress/DevExtreme/actions/runs/31468929944/job/93707792030
"11.08.26, 07:26:33",93707792120,31468929944,1,Demos Visual Tests,"matrix.SHARD_TOTAL == 1 && format('CSP check ({0})', matrix.FRAMEWORK) || format('CSP check ({0} {1}/{2})', matrix.FRAMEWORK, matrix.SHARD_INDEX, matrix.SHARD_TOTAL)",chore/26-1-fix-security-alerts,cancelled,,https://github.com/DevExpress/DevExtreme/actions/runs/31468929944/job/93707792120
"11.08.26, 07:26:33",93707792727,31468929944,1,Demos Visual Tests,${{ matrix.CONSTEL }}-screenshots-${{ matrix.THEME }},chore/26-1-fix-security-alerts,cancelled,,https://github.com/DevExpress/DevExtreme/actions/runs/31468929944/job/93707792727
"11.08.26, 07:26:33",93707792774,31468929944,1,Demos Visual Tests,merge-artifacts,chore/26-1-fix-security-alerts,cancelled,,https://github.com/DevExpress/DevExtreme/actions/runs/31468929944/job/93707792774
"11.08.26, 07:26:33",93707792797,31468929944,1,Demos Visual Tests,${{ matrix.CONSTEL }}-screenshots-${{ matrix.THEME }},chore/26-1-fix-security-alerts,cancelled,,https://github.com/DevExpress/DevExtreme/actions/runs/31468929944/job/93707792797
"11.08.26, 23:14:38",93957617730,31545713229,1,Wrappers Tests,build,refactor/gridcore-datacontroller-eslint-refresh-load-26_2,cancelled,,https://github.com/DevExpress/DevExtreme/actions/runs/31545713229/job/93957617730
"11.08.26, 23:14:38",93957617911,31545713229,1,Wrappers Tests,check-regenerate,refactor/gridcore-datacontroller-eslint-refresh-load-26_2,cancelled,,https://github.com/DevExpress/DevExtreme/actions/runs/31545713229/job/93957617911
"11.08.26, 23:19:13",93958552308,31545713229,1,Wrappers Tests,test,refactor/gridcore-datacontroller-eslint-refresh-load-26_2,cancelled,,https://github.com/DevExpress/DevExtreme/actions/runs/31545713229/job/93958552308
"11.08.26, 16:02:46",93842177996,31510313017,1,Wrappers Tests,check-regenerate,issue-4695_26_2,cancelled,,https://github.com/DevExpress/DevExtreme/actions/runs/31510313017/job/93842177996
"11.08.26, 16:02:46",93842178174,31510313017,1,Wrappers Tests,build,issue-4695_26_2,cancelled,,https://github.com/DevExpress/DevExtreme/actions/runs/31510313017/job/93842178174
"11.08.26, 17:14:55",93863120787,31510313017,1,Wrappers Tests,test,issue-4695_26_2,cancelled,,https://github.com/DevExpress/DevExtreme/actions/runs/31510313017/job/93863120787
"11.08.26, 15:41:38",93835788337,31508417147,1,Wrappers Tests,check-regenerate,feature/26_2_new_fluent_theme_with_design_tokens,cancelled,,https://github.com/DevExpress/DevExtreme/actions/runs/31508417147/job/93835788337
"11.08.26, 15:41:38",93835788371,31508417147,1,Wrappers Tests,build,feature/26_2_new_fluent_theme_with_design_tokens,cancelled,,https://github.com/DevExpress/DevExtreme/actions/runs/31508417147/job/93835788371
"11.08.26, 18:26:07",93883421317,31508417147,1,Wrappers Tests,test,feature/26_2_new_fluent_theme_with_design_tokens,cancelled,,https://github.com/DevExpress/DevExtreme/actions/runs/31508417147/job/93883421317
"11.08.26, 15:27:40",93831484542,31507135279,1,Wrappers Tests,check-regenerate,26_2_new_fluent_theme_with_design_tokens__fix-hardcoded-colors-in-WG,cancelled,,https://github.com/DevExpress/DevExtreme/actions/runs/31507135279/job/93831484542
"11.08.26, 15:27:40",93831484677,31507135279,1,Wrappers Tests,build,26_2_new_fluent_theme_with_design_tokens__fix-hardcoded-colors-in-WG,cancelled,,https://github.com/DevExpress/DevExtreme/actions/runs/31507135279/job/93831484677
"11.08.26, 16:22:09",93847910721,31507135279,1,Wrappers Tests,test,26_2_new_fluent_theme_with_design_tokens__fix-hardcoded-colors-in-WG,cancelled,,https://github.com/DevExpress/DevExtreme/actions/runs/31507135279/job/93847910721
"11.08.26, 13:25:11",93793951658,31496060714,1,Wrappers Tests,check-regenerate,data_fix_public_getters_main,cancelled,,https://github.com/DevExpress/DevExtreme/actions/runs/31496060714/job/93793951658
"11.08.26, 13:25:11",93793951988,31496060714,1,Wrappers Tests,build,data_fix_public_getters_main,cancelled,,https://github.com/DevExpress/DevExtreme/actions/runs/31496060714/job/93793951988
"11.08.26, 14:10:22",93807543761,31496060714,1,Wrappers Tests,test,data_fix_public_getters_main,cancelled,,https://github.com/DevExpress/DevExtreme/actions/runs/31496060714/job/93807543761
"11.08.26, 13:06:18",93788618302,31494468630,1,Wrappers Tests,check-regenerate,data_fix_public_getters_main,cancelled,,https://github.com/DevExpress/DevExtreme/actions/runs/31494468630/job/93788618302
"11.08.26, 13:06:18",93788618477,31494468630,1,Wrappers Tests,build,data_fix_public_getters_main,cancelled,,https://github.com/DevExpress/DevExtreme/actions/runs/31494468630/job/93788618477
"11.08.26, 13:25:11",93793950145,31494468630,1,Wrappers Tests,test,data_fix_public_getters_main,cancelled,,https://github.com/DevExpress/DevExtreme/actions/runs/31494468630/job/93793950145
"11.08.26, 13:05:05",93788278894,31494364069,1,Wrappers Tests,check-regenerate,issue-4695_26_2,cancelled,,https://github.com/DevExpress/DevExtreme/actions/runs/31494364069/job/93788278894
"11.08.26, 13:05:05",93788279068,31494364069,1,Wrappers Tests,build,issue-4695_26_2,cancelled,,https://github.com/DevExpress/DevExtreme/actions/runs/31494364069/job/93788279068
"11.08.26, 16:02:46",93842175888,31494364069,1,Wrappers Tests,test,issue-4695_26_2,cancelled,,https://github.com/DevExpress/DevExtreme/actions/runs/31494364069/job/93842175888
"11.08.26, 13:00:40",93787060143,31494001005,1,Wrappers Tests,build,data_fix_public_getters_main,cancelled,,https://github.com/DevExpress/DevExtreme/actions/runs/31494001005/job/93787060143
"11.08.26, 13:00:40",93787060185,31494001005,1,Wrappers Tests,check-regenerate,data_fix_public_getters_main,cancelled,,https://github.com/DevExpress/DevExtreme/actions/runs/31494001005/job/93787060185
"11.08.26, 13:06:18",93788616608,31494001005,1,Wrappers Tests,test,data_fix_public_getters_main,cancelled,,https://github.com/DevExpress/DevExtreme/actions/runs/31494001005/job/93788616608
"11.08.26, 12:51:04",93784468644,31493214539,1,Wrappers Tests,build,data_fix_public_getters_main,cancelled,,https://github.com/DevExpress/DevExtreme/actions/runs/31493214539/job/93784468644
"11.08.26, 12:51:04",93784468705,31493214539,1,Wrappers Tests,check-regenerate,data_fix_public_getters_main,cancelled,,https://github.com/DevExpress/DevExtreme/actions/runs/31493214539/job/93784468705
"11.08.26, 13:00:40",93787058676,31493214539,1,Wrappers Tests,test,data_fix_public_getters_main,cancelled,,https://github.com/DevExpress/DevExtreme/actions/runs/31493214539/job/93787058676
"11.08.26, 12:48:10",93783676203,31492978964,1,Wrappers Tests,build,data_fix_public_getters_main,cancelled,,https://github.com/DevExpress/DevExtreme/actions/runs/31492978964/job/93783676203
"11.08.26, 12:48:10",93783676295,31492978964,1,Wrappers Tests,check-regenerate,data_fix_public_getters_main,cancelled,,https://github.com/DevExpress/DevExtreme/actions/runs/31492978964/job/93783676295
"11.08.26, 12:51:03",93784467636,31492978964,1,Wrappers Tests,test,data_fix_public_getters_main,cancelled,,https://github.com/DevExpress/DevExtreme/actions/runs/31492978964/job/93784467636
"11.08.26, 12:42:24",93782144067,31492509035,1,Wrappers Tests,build,issue-4695_26_2,cancelled,,https://github.com/DevExpress/DevExtreme/actions/runs/31492509035/job/93782144067
"11.08.26, 12:42:24",93782144163,31492509035,1,Wrappers Tests,check-regenerate,issue-4695_26_2,cancelled,,https://github.com/DevExpress/DevExtreme/actions/runs/31492509035/job/93782144163
"11.08.26, 13:05:04",93788277600,31492509035,1,Wrappers Tests,test,issue-4695_26_2,cancelled,,https://github.com/DevExpress/DevExtreme/actions/runs/31492509035/job/93788277600
"11.08.26, 12:24:23",93777418510,31491056538,1,Wrappers Tests,build,issue-4695_26_2,cancelled,,https://github.com/DevExpress/DevExtreme/actions/runs/31491056538/job/93777418510
"11.08.26, 12:24:23",93777418538,31491056538,1,Wrappers Tests,check-regenerate,issue-4695_26_2,cancelled,,https://github.com/DevExpress/DevExtreme/actions/runs/31491056538/job/93777418538
"11.08.26, 12:42:24",93782143122,31491056538,1,Wrappers Tests,test,issue-4695_26_2,cancelled,,https://github.com/DevExpress/DevExtreme/actions/runs/31491056538/job/93782143122
"11.08.26, 12:28:54",93778589808,31490950834,1,Wrappers Tests,test (react),protect-workflows,cancelled,,https://github.com/DevExpress/DevExtreme/actions/runs/31490950834/job/93778589808
"11.08.26, 12:28:54",93778589818,31490950834,1,Wrappers Tests,test (vue),protect-workflows,cancelled,,https://github.com/DevExpress/DevExtreme/actions/runs/31490950834/job/93778589818
"11.08.26, 12:28:54",93778589852,31490950834,1,Wrappers Tests,test (angular),protect-workflows,cancelled,,https://github.com/DevExpress/DevExtreme/actions/runs/31490950834/job/93778589852
"11.08.26, 12:15:46",93775179369,31490372038,1,Wrappers Tests,build,data_fix_public_getters_main,failure,Build devextreme package,https://github.com/DevExpress/DevExtreme/actions/runs/31490372038/job/93775179369
"11.08.26, 12:14:30",93774849664,31490270367,1,Wrappers Tests,build,26_2_typing_fab,cancelled,Build devextreme package,https://github.com/DevExpress/DevExtreme/actions/runs/31490270367/job/93774849664
"11.08.26, 12:14:30",93774849788,31490270367,1,Wrappers Tests,check-regenerate,26_2_typing_fab,cancelled,Post Setup pnpm cache,https://github.com/DevExpress/DevExtreme/actions/runs/31490270367/job/93774849788
"11.08.26, 12:17:10",93775540217,31490270367,1,Wrappers Tests,test,26_2_typing_fab,cancelled,,https://github.com/DevExpress/DevExtreme/actions/runs/31490270367/job/93775540217
"11.08.26, 12:07:47",93773192486,31489757574,1,Wrappers Tests,build,data_fix_public_getters_main,failure,Build devextreme package,https://github.com/DevExpress/DevExtreme/actions/runs/31489757574/job/93773192486
"11.08.26, 07:26:12",93707723292,31468929785,1,Wrappers Tests,build,chore/26-1-fix-security-alerts,cancelled,Get sources,https://github.com/DevExpress/DevExtreme/actions/runs/31468929785/job/93707723292
"11.08.26, 07:26:12",93707723330,31468929785,1,Wrappers Tests,check-regenerate,chore/26-1-fix-security-alerts,cancelled,,https://github.com/DevExpress/DevExtreme/actions/runs/31468929785/job/93707723330
"11.08.26, 07:26:32",93707788152,31468929785,1,Wrappers Tests,test,chore/26-1-fix-security-alerts,cancelled,,https://github.com/DevExpress/DevExtreme/actions/runs/31468929785/job/93707788152
"11.08.26, 23:14:38",93957617105,31545713108,1,Wrappers E2E Tests,Build DevExtreme and Wrappers,refactor/gridcore-datacontroller-eslint-refresh-load-26_2,cancelled,,https://github.com/DevExpress/DevExtreme/actions/runs/31545713108/job/93957617105
"11.08.26, 23:19:13",93958552089,31545713108,1,Wrappers E2E Tests,Test ${{ matrix.framework }},refactor/gridcore-datacontroller-eslint-refresh-load-26_2,cancelled,,https://github.com/DevExpress/DevExtreme/actions/runs/31545713108/job/93958552089
"11.08.26, 16:02:46",93842176052,31510313040,1,Wrappers E2E Tests,Build DevExtreme and Wrappers,issue-4695_26_2,cancelled,,https://github.com/DevExpress/DevExtreme/actions/runs/31510313040/job/93842176052
"11.08.26, 17:14:54",93863119497,31510313040,1,Wrappers E2E Tests,Test ${{ matrix.framework }},issue-4695_26_2,cancelled,,https://github.com/DevExpress/DevExtreme/actions/runs/31510313040/job/93863119497
"11.08.26, 15:41:38",93835787923,31508417031,1,Wrappers E2E Tests,Build DevExtreme and Wrappers,feature/26_2_new_fluent_theme_with_design_tokens,cancelled,,https://github.com/DevExpress/DevExtreme/actions/runs/31508417031/job/93835787923
"11.08.26, 18:26:07",93883421042,31508417031,1,Wrappers E2E Tests,Test ${{ matrix.framework }},feature/26_2_new_fluent_theme_with_design_tokens,cancelled,,https://github.com/DevExpress/DevExtreme/actions/runs/31508417031/job/93883421042
"11.08.26, 15:27:41",93831484875,31507135405,1,Wrappers E2E Tests,Build DevExtreme and Wrappers,26_2_new_fluent_theme_with_design_tokens__fix-hardcoded-colors-in-WG,cancelled,,https://github.com/DevExpress/DevExtreme/actions/runs/31507135405/job/93831484875
"11.08.26, 16:22:09",93847910059,31507135405,1,Wrappers E2E Tests,Test ${{ matrix.framework }},26_2_new_fluent_theme_with_design_tokens__fix-hardcoded-colors-in-WG,cancelled,,https://github.com/DevExpress/DevExtreme/actions/runs/31507135405/job/93847910059
"11.08.26, 13:25:11",93793949384,31496060499,1,Wrappers E2E Tests,Build DevExtreme and Wrappers,data_fix_public_getters_main,cancelled,,https://github.com/DevExpress/DevExtreme/actions/runs/31496060499/job/93793949384
"11.08.26, 14:10:22",93807543210,31496060499,1,Wrappers E2E Tests,Test ${{ matrix.framework }},data_fix_public_getters_main,cancelled,,https://github.com/DevExpress/DevExtreme/actions/runs/31496060499/job/93807543210
"11.08.26, 13:06:18",93788617184,31494468710,1,Wrappers E2E Tests,Build DevExtreme and Wrappers,data_fix_public_getters_main,cancelled,,https://github.com/DevExpress/DevExtreme/actions/runs/31494468710/job/93788617184
"11.08.26, 13:25:11",93793948644,31494468710,1,Wrappers E2E Tests,Test ${{ matrix.framework }},data_fix_public_getters_main,cancelled,,https://github.com/DevExpress/DevExtreme/actions/runs/31494468710/job/93793948644
"11.08.26, 13:05:05",93788280997,31494364042,1,Wrappers E2E Tests,Build DevExtreme and Wrappers,issue-4695_26_2,cancelled,,https://github.com/DevExpress/DevExtreme/actions/runs/31494364042/job/93788280997
"11.08.26, 16:02:46",93842174781,31494364042,1,Wrappers E2E Tests,Test ${{ matrix.framework }},issue-4695_26_2,cancelled,,https://github.com/DevExpress/DevExtreme/actions/runs/31494364042/job/93842174781
"11.08.26, 13:00:40",93787060033,31494001025,1,Wrappers E2E Tests,Build DevExtreme and Wrappers,data_fix_public_getters_main,cancelled,,https://github.com/DevExpress/DevExtreme/actions/runs/31494001025/job/93787060033
"11.08.26, 13:06:18",93788616487,31494001025,1,Wrappers E2E Tests,Test ${{ matrix.framework }},data_fix_public_getters_main,cancelled,,https://github.com/DevExpress/DevExtreme/actions/runs/31494001025/job/93788616487
"11.08.26, 12:51:04",93784468110,31493214485,1,Wrappers E2E Tests,Build DevExtreme and Wrappers,data_fix_public_getters_main,cancelled,,https://github.com/DevExpress/DevExtreme/actions/runs/31493214485/job/93784468110
"11.08.26, 13:00:40",93787059014,31493214485,1,Wrappers E2E Tests,Test ${{ matrix.framework }},data_fix_public_getters_main,cancelled,,https://github.com/DevExpress/DevExtreme/actions/runs/31493214485/job/93787059014
"11.08.26, 12:48:10",93783676445,31492979006,1,Wrappers E2E Tests,Build DevExtreme and Wrappers,data_fix_public_getters_main,cancelled,,https://github.com/DevExpress/DevExtreme/actions/runs/31492979006/job/93783676445
"11.08.26, 12:51:03",93784466900,31492979006,1,Wrappers E2E Tests,Test ${{ matrix.framework }},data_fix_public_getters_main,cancelled,,https://github.com/DevExpress/DevExtreme/actions/runs/31492979006/job/93784466900
"11.08.26, 12:42:24",93782143306,31492508935,1,Wrappers E2E Tests,Build DevExtreme and Wrappers,issue-4695_26_2,cancelled,,https://github.com/DevExpress/DevExtreme/actions/runs/31492508935/job/93782143306
"11.08.26, 13:05:04",93788278672,31492508935,1,Wrappers E2E Tests,Test ${{ matrix.framework }},issue-4695_26_2,cancelled,,https://github.com/DevExpress/DevExtreme/actions/runs/31492508935/job/93788278672
"11.08.26, 12:24:23",93777419013,31491056522,1,Wrappers E2E Tests,Build DevExtreme and Wrappers,issue-4695_26_2,cancelled,,https://github.com/DevExpress/DevExtreme/actions/runs/31491056522/job/93777419013
"11.08.26, 12:42:23",93782142047,31491056522,1,Wrappers E2E Tests,Test ${{ matrix.framework }},issue-4695_26_2,cancelled,,https://github.com/DevExpress/DevExtreme/actions/runs/31491056522/job/93782142047
"11.08.26, 12:23:05",93777075865,31490950653,1,Wrappers E2E Tests,Build DevExtreme and Wrappers,protect-workflows,cancelled,,https://github.com/DevExpress/DevExtreme/actions/runs/31490950653/job/93777075865
"11.08.26, 14:06:37",93806397936,31490950653,1,Wrappers E2E Tests,Test ${{ matrix.framework }},protect-workflows,cancelled,,https://github.com/DevExpress/DevExtreme/actions/runs/31490950653/job/93806397936
"11.08.26, 12:20:54",93776506822,31490372024,1,Wrappers E2E Tests,Build DevExtreme and Wrappers,data_fix_public_getters_main,failure,Build all DevExtreme packages,https://github.com/DevExpress/DevExtreme/actions/runs/31490372024/job/93776506822
"11.08.26, 12:14:29",93774848944,31490270110,1,Wrappers E2E Tests,Build DevExtreme and Wrappers,26_2_typing_fab,cancelled,Build all DevExtreme packages,https://github.com/DevExpress/DevExtreme/actions/runs/31490270110/job/93774848944
"11.08.26, 12:17:11",93775543199,31490270110,1,Wrappers E2E Tests,Test ${{ matrix.framework }},26_2_typing_fab,cancelled,,https://github.com/DevExpress/DevExtreme/actions/runs/31490270110/job/93775543199
"11.08.26, 12:07:48",93773193030,31489757641,1,Wrappers E2E Tests,Build DevExtreme and Wrappers,data_fix_public_getters_main,cancelled,,https://github.com/DevExpress/DevExtreme/actions/runs/31489757641/job/93773193030
"11.08.26, 12:20:53",93776505447,31489757641,1,Wrappers E2E Tests,Test ${{ matrix.framework }},data_fix_public_getters_main,cancelled,,https://github.com/DevExpress/DevExtreme/actions/runs/31489757641/job/93776505447
"11.08.26, 07:26:12",93707723249,31468929741,1,Wrappers E2E Tests,Build DevExtreme and Wrappers,chore/26-1-fix-security-alerts,cancelled,,https://github.com/DevExpress/DevExtreme/actions/runs/31468929741/job/93707723249
"11.08.26, 07:26:30",93707782518,31468929741,1,Wrappers E2E Tests,Test ${{ matrix.framework }},chore/26-1-fix-security-alerts,cancelled,,https://github.com/DevExpress/DevExtreme/actions/runs/31468929741/job/93707782518
