created at,id,run id,run attempt,workflow name,name,head branch,conclusion,step,html url
"25.08.26, 15:11:00",97855270351,32864076369,1,Build and pack DevExtreme npm packages,build,T1329677-fix,cancelled,Build npm packages,https://github.com/DevExpress/DevExtreme/actions/runs/32864076369/job/97855270351
"25.08.26, 15:18:05",97857742609,32864076369,1,Build and pack DevExtreme npm packages,custom_bundles,T1329677-fix,cancelled,,https://github.com/DevExpress/DevExtreme/actions/runs/32864076369/job/97857742609
"25.08.26, 15:03:11",97852545379,32863366421,1,Build and pack DevExtreme npm packages,build,T1329677-fix,cancelled,Build npm packages,https://github.com/DevExpress/DevExtreme/actions/runs/32863366421/job/97852545379
"25.08.26, 15:10:59",97855269365,32863366421,1,Build and pack DevExtreme npm packages,custom_bundles,T1329677-fix,cancelled,,https://github.com/DevExpress/DevExtreme/actions/runs/32863366421/job/97855269365
"25.08.26, 14:40:54",97844740314,32861021180,1,Build and pack DevExtreme npm packages,build,lavrov/dash-style-type-2,failure,Build npm packages,https://github.com/DevExpress/DevExtreme/actions/runs/32861021180/job/97844740314
"25.08.26, 14:36:38",97843241377,32860573964,1,Build and pack DevExtreme npm packages,build,lavrov/dash-style-type-2,failure,Build npm packages,https://github.com/DevExpress/DevExtreme/actions/runs/32860573964/job/97843241377
"25.08.26, 13:55:20",97828890281,32856263682,1,Build and pack DevExtreme npm packages,build,refactor/gridcore-virtual-scrolling-refactor-26_2,failure,,https://github.com/DevExpress/DevExtreme/actions/runs/32856263682/job/97828890281
"25.08.26, 13:54:52",97828728906,32856215731,1,Build and pack DevExtreme npm packages,build,fluent-next/update,cancelled,Post Setup pnpm cache,https://github.com/DevExpress/DevExtreme/actions/runs/32856215731/job/97828728906
"25.08.26, 14:09:45",97833854949,32856215731,1,Build and pack DevExtreme npm packages,custom_bundles,fluent-next/update,cancelled,,https://github.com/DevExpress/DevExtreme/actions/runs/32856215731/job/97833854949
"25.08.26, 13:40:41",97823955457,32854774728,1,Build and pack DevExtreme npm packages,build,26_1,cancelled,Build npm packages,https://github.com/DevExpress/DevExtreme/actions/runs/32854774728/job/97823955457
"25.08.26, 13:45:16",97825499662,32854774728,1,Build and pack DevExtreme npm packages,custom_bundles,26_1,cancelled,,https://github.com/DevExpress/DevExtreme/actions/runs/32854774728/job/97825499662
"25.08.26, 13:51:27",97827581823,32854729861,1,Build and pack DevExtreme npm packages,custom_bundles,refactor/gridcore-virtual-scrolling-refactor-26_2,cancelled,,https://github.com/DevExpress/DevExtreme/actions/runs/32854729861/job/97827581823
"25.08.26, 13:38:59",97823394908,32853428111,1,Build and pack DevExtreme npm packages,custom_bundles,26_1,cancelled,,https://github.com/DevExpress/DevExtreme/actions/runs/32853428111/job/97823394908
"25.08.26, 13:27:11",97819481675,32853408169,1,Build and pack DevExtreme npm packages,build,26_1,cancelled,,https://github.com/DevExpress/DevExtreme/actions/runs/32853408169/job/97819481675
"25.08.26, 13:27:23",97819551748,32853408169,1,Build and pack DevExtreme npm packages,custom_bundles,26_1,cancelled,,https://github.com/DevExpress/DevExtreme/actions/runs/32853408169/job/97819551748
"25.08.26, 10:46:45",97773877273,32838916899,1,Build and pack DevExtreme npm packages,build,guid-insecure,cancelled,,https://github.com/DevExpress/DevExtreme/actions/runs/32838916899/job/97773877273
"25.08.26, 10:47:13",97774002704,32838916899,1,Build and pack DevExtreme npm packages,custom_bundles,guid-insecure,cancelled,,https://github.com/DevExpress/DevExtreme/actions/runs/32838916899/job/97774002704
"25.08.26, 10:28:59",97769356873,32837440156,1,Build and pack DevExtreme npm packages,build,playwright-wrappers-e2e-stage1,cancelled,Build npm packages,https://github.com/DevExpress/DevExtreme/actions/runs/32837440156/job/97769356873
"25.08.26, 10:33:33",97770534853,32837440156,1,Build and pack DevExtreme npm packages,custom_bundles,playwright-wrappers-e2e-stage1,cancelled,,https://github.com/DevExpress/DevExtreme/actions/runs/32837440156/job/97770534853
"25.08.26, 10:28:00",97769099143,32837358362,1,Build and pack DevExtreme npm packages,build,playwright-wrappers-e2e-stage1,cancelled,,https://github.com/DevExpress/DevExtreme/actions/runs/32837358362/job/97769099143
"25.08.26, 10:28:59",97769355396,32837358362,1,Build and pack DevExtreme npm packages,custom_bundles,playwright-wrappers-e2e-stage1,cancelled,,https://github.com/DevExpress/DevExtreme/actions/runs/32837358362/job/97769355396
"25.08.26, 06:24:04",97706623014,32816798088,1,Build and pack DevExtreme npm packages,build,typescript/ui/create_component_options,cancelled,Build npm packages,https://github.com/DevExpress/DevExtreme/actions/runs/32816798088/job/97706623014
"25.08.26, 06:26:53",97707217815,32816798088,1,Build and pack DevExtreme npm packages,custom_bundles,typescript/ui/create_component_options,cancelled,,https://github.com/DevExpress/DevExtreme/actions/runs/32816798088/job/97707217815
"25.08.26, 01:44:41",97655250360,32797767451,1,CodeQL,Send notifications,25_1,failure,Set up job,https://github.com/DevExpress/DevExtreme/actions/runs/32797767451/job/97655250360
"25.08.26, 01:44:57",97655294259,32797767558,1,CodeQL,Send notifications,24_2,failure,Set up job,https://github.com/DevExpress/DevExtreme/actions/runs/32797767558/job/97655294259
"25.08.26, 14:36:38",97843241784,32860574022,1,Default Workflow,main,lavrov/dash-style-type-2,cancelled,Run targets,https://github.com/DevExpress/DevExtreme/actions/runs/32860574022/job/97843241784
"25.08.26, 14:13:20",97835082743,32858132974,1,Default Workflow,main,T1329677-fix,failure,,https://github.com/DevExpress/DevExtreme/actions/runs/32858132974/job/97835082743
"25.08.26, 13:44:23",97825199729,32855153938,1,Default Workflow,main,25_2,failure,,https://github.com/DevExpress/DevExtreme/actions/runs/32855153938/job/97825199729
"25.08.26, 11:05:17",97778670309,32840491054,1,Default Workflow,main,gh-readonly-queue/main/pr-34857-89176cf9270be8ccb62ebb9c96c5f96727cd319e,failure,,https://github.com/DevExpress/DevExtreme/actions/runs/32840491054/job/97778670309
"25.08.26, 10:46:45",97773877639,32838916965,1,Default Workflow,main,guid-insecure,cancelled,,https://github.com/DevExpress/DevExtreme/actions/runs/32838916965/job/97773877639
"25.08.26, 10:29:17",97769432644,32837440235,1,Default Workflow,main,playwright-wrappers-e2e-stage1,cancelled,Run targets,https://github.com/DevExpress/DevExtreme/actions/runs/32837440235/job/97769432644
"25.08.26, 10:28:00",97769099330,32837358392,1,Default Workflow,main,playwright-wrappers-e2e-stage1,cancelled,Install dependencies,https://github.com/DevExpress/DevExtreme/actions/runs/32837358392/job/97769099330
"25.08.26, 06:24:04",97706622825,32816798044,1,Default Workflow,main,typescript/ui/create_component_options,cancelled,Run targets,https://github.com/DevExpress/DevExtreme/actions/runs/32816798044/job/97706622825
"25.08.26, 10:46:53",97773911761,32838916954,1,Demos unit tests,Run unit tests,guid-insecure,cancelled,Run pnpm/action-setup@v6,https://github.com/DevExpress/DevExtreme/actions/runs/32838916954/job/97773911761
"25.08.26, 10:28:07",97769131002,32837358357,1,Demos unit tests,Run unit tests,playwright-wrappers-e2e-stage1,cancelled,Install dependencies,https://github.com/DevExpress/DevExtreme/actions/runs/32837358357/job/97769131002
"25.08.26, 14:02:06",97831224835,32855153943,1,Demos Visual Tests,jquery(2/3)-screenshots-material.blue.light,25_2,failure,,https://github.com/DevExpress/DevExtreme/actions/runs/32855153943/job/97831224835
"25.08.26, 14:02:06",97831224876,32855153943,1,Demos Visual Tests,jquery(3/3)-screenshots-material.blue.light,25_2,failure,,https://github.com/DevExpress/DevExtreme/actions/runs/32855153943/job/97831224876
"25.08.26, 14:00:20",97830604924,32854769693,1,Demos Visual Tests,vue(2/5)-screenshots-fluent.blue.light,25_2,failure,,https://github.com/DevExpress/DevExtreme/actions/runs/32854769693/job/97830604924
"25.08.26, 14:00:20",97830605249,32854769693,1,Demos Visual Tests,vue(3/5)-screenshots-fluent.blue.light,25_2,failure,,https://github.com/DevExpress/DevExtreme/actions/runs/32854769693/job/97830605249
"25.08.26, 10:38:30",97771788082,32836766157,1,Demos Visual Tests,angular(4/10)-screenshots-fluent.blue.light,25_2,failure,,https://github.com/DevExpress/DevExtreme/actions/runs/32836766157/job/97771788082
"25.08.26, 08:23:35",97735167577,32825398783,1,Demos Visual Tests,jquery(2/3)-screenshots-material.blue.light,summary_dataextender_types_25_2,failure,,https://github.com/DevExpress/DevExtreme/actions/runs/32825398783/job/97735167577
"25.08.26, 14:36:38",97843241481,32860573940,1,Lint,JS,lavrov/dash-style-type-2,cancelled,Lint JS,https://github.com/DevExpress/DevExtreme/actions/runs/32860573940/job/97843241481
"25.08.26, 14:36:38",97843241725,32860573940,1,Lint,TS,lavrov/dash-style-type-2,cancelled,Build,https://github.com/DevExpress/DevExtreme/actions/runs/32860573940/job/97843241725
"25.08.26, 14:41:57",97845105466,32860573940,1,Lint,Send notifications,lavrov/dash-style-type-2,cancelled,,https://github.com/DevExpress/DevExtreme/actions/runs/32860573940/job/97845105466
"25.08.26, 13:42:40",97824624588,32854976841,1,Lint,JS,feature/26_2_new_fluent_theme_with_design_tokens,failure,,https://github.com/DevExpress/DevExtreme/actions/runs/32854976841/job/97824624588
"25.08.26, 10:46:45",97773877748,32838916996,1,Lint,JS,guid-insecure,cancelled,,https://github.com/DevExpress/DevExtreme/actions/runs/32838916996/job/97773877748
"25.08.26, 10:46:45",97773877826,32838916996,1,Lint,TS,guid-insecure,cancelled,,https://github.com/DevExpress/DevExtreme/actions/runs/32838916996/job/97773877826
"25.08.26, 10:46:45",97773877841,32838916996,1,Lint,texts,guid-insecure,cancelled,Use Node.js,https://github.com/DevExpress/DevExtreme/actions/runs/32838916996/job/97773877841
"25.08.26, 10:46:45",97773877856,32838916996,1,Lint,component_exports,guid-insecure,cancelled,Install dependencies,https://github.com/DevExpress/DevExtreme/actions/runs/32838916996/job/97773877856
"25.08.26, 10:46:45",97773877956,32838916996,1,Lint,wrappers,guid-insecure,cancelled,,https://github.com/DevExpress/DevExtreme/actions/runs/32838916996/job/97773877956
"25.08.26, 10:47:29",97774070245,32838916996,1,Lint,Send notifications,guid-insecure,cancelled,,https://github.com/DevExpress/DevExtreme/actions/runs/32838916996/job/97774070245
"25.08.26, 10:29:15",97769423197,32837440136,1,Lint,JS,playwright-wrappers-e2e-stage1,cancelled,Build,https://github.com/DevExpress/DevExtreme/actions/runs/32837440136/job/97769423197
"25.08.26, 10:29:15",97769423218,32837440136,1,Lint,wrappers,playwright-wrappers-e2e-stage1,cancelled,Post Setup pnpm cache,https://github.com/DevExpress/DevExtreme/actions/runs/32837440136/job/97769423218
"25.08.26, 10:29:15",97769423329,32837440136,1,Lint,texts,playwright-wrappers-e2e-stage1,cancelled,Post Setup pnpm cache,https://github.com/DevExpress/DevExtreme/actions/runs/32837440136/job/97769423329
"25.08.26, 10:29:15",97769423387,32837440136,1,Lint,TS,playwright-wrappers-e2e-stage1,cancelled,Build,https://github.com/DevExpress/DevExtreme/actions/runs/32837440136/job/97769423387
"25.08.26, 10:33:35",97770543779,32837440136,1,Lint,Send notifications,playwright-wrappers-e2e-stage1,cancelled,,https://github.com/DevExpress/DevExtreme/actions/runs/32837440136/job/97770543779
"25.08.26, 10:27:59",97769099007,32837358356,1,Lint,texts,playwright-wrappers-e2e-stage1,cancelled,Install dependencies,https://github.com/DevExpress/DevExtreme/actions/runs/32837358356/job/97769099007
"25.08.26, 10:28:00",97769099244,32837358356,1,Lint,TS,playwright-wrappers-e2e-stage1,cancelled,,https://github.com/DevExpress/DevExtreme/actions/runs/32837358356/job/97769099244
"25.08.26, 10:28:00",97769099265,32837358356,1,Lint,component_exports,playwright-wrappers-e2e-stage1,cancelled,Post Setup pnpm cache,https://github.com/DevExpress/DevExtreme/actions/runs/32837358356/job/97769099265
"25.08.26, 10:28:00",97769099269,32837358356,1,Lint,JS,playwright-wrappers-e2e-stage1,cancelled,Run pnpm/action-setup@v6,https://github.com/DevExpress/DevExtreme/actions/runs/32837358356/job/97769099269
"25.08.26, 10:28:00",97769099338,32837358356,1,Lint,wrappers,playwright-wrappers-e2e-stage1,cancelled,,https://github.com/DevExpress/DevExtreme/actions/runs/32837358356/job/97769099338
"25.08.26, 10:29:14",97769422591,32837358356,1,Lint,Send notifications,playwright-wrappers-e2e-stage1,cancelled,,https://github.com/DevExpress/DevExtreme/actions/runs/32837358356/job/97769422591
"25.08.26, 09:55:27",97760336175,32834530214,1,Lint,texts,guid-insecure,failure,,https://github.com/DevExpress/DevExtreme/actions/runs/32834530214/job/97760336175
"25.08.26, 06:26:53",97707218421,32816987857,1,Lint,TS,typescript/ui/create_component_options,failure,Lint TS,https://github.com/DevExpress/DevExtreme/actions/runs/32816987857/job/97707218421
"25.08.26, 06:24:04",97706623191,32816798043,1,Lint,texts,typescript/ui/create_component_options,cancelled,Post Setup pnpm cache,https://github.com/DevExpress/DevExtreme/actions/runs/32816798043/job/97706623191
"25.08.26, 06:24:05",97706623331,32816798043,1,Lint,JS,typescript/ui/create_component_options,cancelled,Build,https://github.com/DevExpress/DevExtreme/actions/runs/32816798043/job/97706623331
"25.08.26, 06:24:05",97706623356,32816798043,1,Lint,TS,typescript/ui/create_component_options,cancelled,Build,https://github.com/DevExpress/DevExtreme/actions/runs/32816798043/job/97706623356
"25.08.26, 06:26:53",97707217683,32816798043,1,Lint,Send notifications,typescript/ui/create_component_options,cancelled,,https://github.com/DevExpress/DevExtreme/actions/runs/32816798043/job/97707217683
"25.08.26, 18:12:46",97914885123,32882423651,1,Publishing to GitHub Packages,Build packages,25_1,failure,Install dependencies,https://github.com/DevExpress/DevExtreme/actions/runs/32882423651/job/97914885123
"25.08.26, 18:16:08",97915964153,32882423651,1,Publishing to GitHub Packages,Send notifications,25_1,failure,Set up job,https://github.com/DevExpress/DevExtreme/actions/runs/32882423651/job/97915964153
"25.08.26, 15:15:00",97856652872,32864076353,1,Playgrounds tests,react,T1329677-fix,cancelled,,https://github.com/DevExpress/DevExtreme/actions/runs/32864076353/job/97856652872
"25.08.26, 15:15:00",97856652885,32864076353,1,Playgrounds tests,vue,T1329677-fix,cancelled,,https://github.com/DevExpress/DevExtreme/actions/runs/32864076353/job/97856652885
"25.08.26, 15:15:00",97856653024,32864076353,1,Playgrounds tests,angular,T1329677-fix,cancelled,Post Setup nx cache,https://github.com/DevExpress/DevExtreme/actions/runs/32864076353/job/97856653024
"25.08.26, 15:08:21",97854344895,32863366500,1,Playgrounds tests,react,T1329677-fix,cancelled,Install dependencies,https://github.com/DevExpress/DevExtreme/actions/runs/32863366500/job/97854344895
"25.08.26, 15:08:21",97854345085,32863366500,1,Playgrounds tests,angular,T1329677-fix,cancelled,Setup nx cache,https://github.com/DevExpress/DevExtreme/actions/runs/32863366500/job/97854345085
"25.08.26, 15:08:21",97854345120,32863366500,1,Playgrounds tests,vue,T1329677-fix,cancelled,Build,https://github.com/DevExpress/DevExtreme/actions/runs/32863366500/job/97854345120
"25.08.26, 14:36:38",97843240435,32860573864,1,Playgrounds tests,build,lavrov/dash-style-type-2,cancelled,Post Setup pnpm cache,https://github.com/DevExpress/DevExtreme/actions/runs/32860573864/job/97843240435
"25.08.26, 14:41:43",97845030855,32860573864,1,Playgrounds tests,matrix.ARGS.platform,lavrov/dash-style-type-2,cancelled,,https://github.com/DevExpress/DevExtreme/actions/runs/32860573864/job/97845030855
"25.08.26, 14:13:20",97835083116,32858133046,1,Playgrounds tests,build,T1329677-fix,failure,,https://github.com/DevExpress/DevExtreme/actions/runs/32858133046/job/97835083116
"25.08.26, 13:55:42",97829013889,32856302584,1,Playgrounds tests,build,26_1_4931-fab-fix-dead-_wrappercoveredelement-in-direction-logic-cherry-pick,failure,,https://github.com/DevExpress/DevExtreme/actions/runs/32856302584/job/97829013889
"25.08.26, 14:05:03",97832239686,32856215682,1,Playgrounds tests,angular,fluent-next/update,cancelled,Build,https://github.com/DevExpress/DevExtreme/actions/runs/32856215682/job/97832239686
"25.08.26, 14:05:03",97832239831,32856215682,1,Playgrounds tests,react,fluent-next/update,cancelled,,https://github.com/DevExpress/DevExtreme/actions/runs/32856215682/job/97832239831
"25.08.26, 10:46:45",97773877755,32838916952,1,Playgrounds tests,build,guid-insecure,cancelled,Use Node.js,https://github.com/DevExpress/DevExtreme/actions/runs/32838916952/job/97773877755
"25.08.26, 10:47:16",97774013005,32838916952,1,Playgrounds tests,matrix.ARGS.platform,guid-insecure,cancelled,,https://github.com/DevExpress/DevExtreme/actions/runs/32838916952/job/97774013005
"25.08.26, 10:28:59",97769355883,32837440145,1,Playgrounds tests,build,playwright-wrappers-e2e-stage1,cancelled,Build,https://github.com/DevExpress/DevExtreme/actions/runs/32837440145/job/97769355883
"25.08.26, 10:33:33",97770537764,32837440145,1,Playgrounds tests,matrix.ARGS.platform,playwright-wrappers-e2e-stage1,cancelled,,https://github.com/DevExpress/DevExtreme/actions/runs/32837440145/job/97770537764
"25.08.26, 10:28:00",97769099264,32837358475,1,Playgrounds tests,build,playwright-wrappers-e2e-stage1,cancelled,,https://github.com/DevExpress/DevExtreme/actions/runs/32837358475/job/97769099264
"25.08.26, 10:28:59",97769355016,32837358475,1,Playgrounds tests,matrix.ARGS.platform,playwright-wrappers-e2e-stage1,cancelled,,https://github.com/DevExpress/DevExtreme/actions/runs/32837358475/job/97769355016
"25.08.26, 06:24:04",97706622847,32816798069,1,Playgrounds tests,build,typescript/ui/create_component_options,cancelled,Build,https://github.com/DevExpress/DevExtreme/actions/runs/32816798069/job/97706622847
"25.08.26, 06:26:52",97707216988,32816798069,1,Playgrounds tests,matrix.ARGS.platform,typescript/ui/create_component_options,cancelled,,https://github.com/DevExpress/DevExtreme/actions/runs/32816798069/job/97707216988
"25.08.26, 15:27:23",97860958020,32865412116,1,QUnit tests,Constel ui.scheduler-US/Pacific,26_1,failure,,https://github.com/DevExpress/DevExtreme/actions/runs/32865412116/job/97860958020
"25.08.26, 15:15:51",97856957631,32864076342,1,QUnit tests,ui-shadow-dom,T1329677-fix,cancelled,Run QUnit tests,https://github.com/DevExpress/DevExtreme/actions/runs/32864076342/job/97856957631
"25.08.26, 15:15:51",97856957641,32864076342,1,QUnit tests,ui.editors-shadow-dom,T1329677-fix,cancelled,Run QUnit tests,https://github.com/DevExpress/DevExtreme/actions/runs/32864076342/job/97856957641
"25.08.26, 15:15:51",97856957679,32864076342,1,QUnit tests,Constel ui.editors,T1329677-fix,cancelled,Run QUnit tests,https://github.com/DevExpress/DevExtreme/actions/runs/32864076342/job/97856957679
"25.08.26, 15:15:51",97856957697,32864076342,1,QUnit tests,Constel ui.scheduler,T1329677-fix,cancelled,Get sources,https://github.com/DevExpress/DevExtreme/actions/runs/32864076342/job/97856957697
"25.08.26, 15:15:51",97856957701,32864076342,1,QUnit tests,Constel ui,T1329677-fix,cancelled,Run QUnit tests,https://github.com/DevExpress/DevExtreme/actions/runs/32864076342/job/97856957701
"25.08.26, 15:15:51",97856957708,32864076342,1,QUnit tests,ui.widgets-shadow-dom,T1329677-fix,cancelled,Run QUnit tests,https://github.com/DevExpress/DevExtreme/actions/runs/32864076342/job/97856957708
"25.08.26, 15:15:51",97856957710,32864076342,1,QUnit tests,Constel ui.scheduler-US/Pacific,T1329677-fix,cancelled,Run QUnit tests,https://github.com/DevExpress/DevExtreme/actions/runs/32864076342/job/97856957710
"25.08.26, 15:15:51",97856957714,32864076342,1,QUnit tests,ui.grid-shadow-dom,T1329677-fix,cancelled,Run QUnit tests,https://github.com/DevExpress/DevExtreme/actions/runs/32864076342/job/97856957714
"25.08.26, 15:15:51",97856957722,32864076342,1,QUnit tests,ui.scheduler-shadow-dom,T1329677-fix,cancelled,Run QUnit tests,https://github.com/DevExpress/DevExtreme/actions/runs/32864076342/job/97856957722
"25.08.26, 15:15:51",97856957782,32864076342,1,QUnit tests,Constel misc-no-csp,T1329677-fix,cancelled,Get sources,https://github.com/DevExpress/DevExtreme/actions/runs/32864076342/job/97856957782
"25.08.26, 15:15:51",97856957784,32864076342,1,QUnit tests,Constel misc,T1329677-fix,cancelled,Run QUnit tests,https://github.com/DevExpress/DevExtreme/actions/runs/32864076342/job/97856957784
"25.08.26, 15:15:51",97856957807,32864076342,1,QUnit tests,Constel ui.grid,T1329677-fix,cancelled,Run QUnit tests,https://github.com/DevExpress/DevExtreme/actions/runs/32864076342/job/97856957807
"25.08.26, 15:15:51",97856957863,32864076342,1,QUnit tests,Constel ui.widgets-no-csp,T1329677-fix,cancelled,Run QUnit tests,https://github.com/DevExpress/DevExtreme/actions/runs/32864076342/job/97856957863
"25.08.26, 15:18:07",97857754471,32864076342,1,QUnit tests,Send notifications,T1329677-fix,cancelled,,https://github.com/DevExpress/DevExtreme/actions/runs/32864076342/job/97857754471
"25.08.26, 15:07:21",97853995415,32863366467,1,QUnit tests,ui.grid-shadow-dom,T1329677-fix,cancelled,Run QUnit tests,https://github.com/DevExpress/DevExtreme/actions/runs/32863366467/job/97853995415
"25.08.26, 15:07:21",97853995436,32863366467,1,QUnit tests,ui-shadow-dom,T1329677-fix,cancelled,,https://github.com/DevExpress/DevExtreme/actions/runs/32863366467/job/97853995436
"25.08.26, 15:07:21",97853995454,32863366467,1,QUnit tests,Constel ui.scheduler-US/Pacific,T1329677-fix,cancelled,Run QUnit tests,https://github.com/DevExpress/DevExtreme/actions/runs/32863366467/job/97853995454
"25.08.26, 15:07:21",97853995465,32863366467,1,QUnit tests,Constel ui,T1329677-fix,cancelled,,https://github.com/DevExpress/DevExtreme/actions/runs/32863366467/job/97853995465
"25.08.26, 15:07:21",97853995476,32863366467,1,QUnit tests,ui.scheduler-shadow-dom,T1329677-fix,cancelled,Run QUnit tests,https://github.com/DevExpress/DevExtreme/actions/runs/32863366467/job/97853995476
"25.08.26, 15:07:21",97853995499,32863366467,1,QUnit tests,Constel misc,T1329677-fix,cancelled,,https://github.com/DevExpress/DevExtreme/actions/runs/32863366467/job/97853995499
"25.08.26, 15:07:21",97853995507,32863366467,1,QUnit tests,ui.editors-shadow-dom,T1329677-fix,cancelled,Run QUnit tests,https://github.com/DevExpress/DevExtreme/actions/runs/32863366467/job/97853995507
"25.08.26, 15:07:21",97853995508,32863366467,1,QUnit tests,ui.widgets-shadow-dom,T1329677-fix,cancelled,Run QUnit tests,https://github.com/DevExpress/DevExtreme/actions/runs/32863366467/job/97853995508
"25.08.26, 15:07:21",97853995527,32863366467,1,QUnit tests,Constel ui.scheduler,T1329677-fix,cancelled,Run QUnit tests,https://github.com/DevExpress/DevExtreme/actions/runs/32863366467/job/97853995527
"25.08.26, 15:07:21",97853995551,32863366467,1,QUnit tests,Constel ui.grid,T1329677-fix,cancelled,Run QUnit tests,https://github.com/DevExpress/DevExtreme/actions/runs/32863366467/job/97853995551
"25.08.26, 15:07:21",97853995562,32863366467,1,QUnit tests,Constel ui.widgets-no-csp,T1329677-fix,cancelled,Run QUnit tests,https://github.com/DevExpress/DevExtreme/actions/runs/32863366467/job/97853995562
"25.08.26, 15:07:21",97853995574,32863366467,1,QUnit tests,Constel ui.editors,T1329677-fix,cancelled,Run QUnit tests,https://github.com/DevExpress/DevExtreme/actions/runs/32863366467/job/97853995574
"25.08.26, 15:07:21",97853995589,32863366467,1,QUnit tests,Constel misc-no-csp,T1329677-fix,cancelled,,https://github.com/DevExpress/DevExtreme/actions/runs/32863366467/job/97853995589
"25.08.26, 15:11:00",97855273215,32863366467,1,QUnit tests,Send notifications,T1329677-fix,cancelled,,https://github.com/DevExpress/DevExtreme/actions/runs/32863366467/job/97855273215
"25.08.26, 14:36:38",97843240556,32860573949,1,QUnit tests,Build,lavrov/dash-style-type-2,cancelled,Build,https://github.com/DevExpress/DevExtreme/actions/runs/32860573949/job/97843240556
"25.08.26, 14:41:57",97845105005,32860573949,1,QUnit tests,"Constel ${{ matrix.CONSTEL }}${{ (((matrix.TIMEZONE != '') && format('-{0}', matrix.TIMEZONE)) || '') }}${{ (((matrix.CSP == 'false') && '-no-csp') || '') }}",lavrov/dash-style-type-2,cancelled,,https://github.com/DevExpress/DevExtreme/actions/runs/32860573949/job/97845105005
"25.08.26, 14:41:57",97845105306,32860573949,1,QUnit tests,Send notifications,lavrov/dash-style-type-2,cancelled,,https://github.com/DevExpress/DevExtreme/actions/runs/32860573949/job/97845105306
"25.08.26, 14:41:57",97845105958,32860573949,1,QUnit tests,${{ matrix.constel }}-shadow-dom,lavrov/dash-style-type-2,cancelled,,https://github.com/DevExpress/DevExtreme/actions/runs/32860573949/job/97845105958
"25.08.26, 14:07:01",97832919329,32856215858,1,QUnit tests,ui.editors-shadow-dom,fluent-next/update,cancelled,,https://github.com/DevExpress/DevExtreme/actions/runs/32856215858/job/97832919329
"25.08.26, 14:07:01",97832919432,32856215858,1,QUnit tests,ui.scheduler-shadow-dom,fluent-next/update,cancelled,,https://github.com/DevExpress/DevExtreme/actions/runs/32856215858/job/97832919432
"25.08.26, 14:07:01",97832919449,32856215858,1,QUnit tests,Constel ui.scheduler,fluent-next/update,cancelled,,https://github.com/DevExpress/DevExtreme/actions/runs/32856215858/job/97832919449
"25.08.26, 14:07:01",97832919457,32856215858,1,QUnit tests,Constel misc-no-csp,fluent-next/update,cancelled,,https://github.com/DevExpress/DevExtreme/actions/runs/32856215858/job/97832919457
"25.08.26, 14:07:01",97832919465,32856215858,1,QUnit tests,Constel ui.grid,fluent-next/update,cancelled,,https://github.com/DevExpress/DevExtreme/actions/runs/32856215858/job/97832919465
"25.08.26, 14:07:01",97832919483,32856215858,1,QUnit tests,ui.widgets-shadow-dom,fluent-next/update,cancelled,,https://github.com/DevExpress/DevExtreme/actions/runs/32856215858/job/97832919483
"25.08.26, 14:07:01",97832919513,32856215858,1,QUnit tests,Constel ui,fluent-next/update,cancelled,,https://github.com/DevExpress/DevExtreme/actions/runs/32856215858/job/97832919513
"25.08.26, 14:07:01",97832919522,32856215858,1,QUnit tests,ui.grid-shadow-dom,fluent-next/update,cancelled,,https://github.com/DevExpress/DevExtreme/actions/runs/32856215858/job/97832919522
"25.08.26, 14:07:01",97832919549,32856215858,1,QUnit tests,Constel ui.scheduler-US/Pacific,fluent-next/update,cancelled,,https://github.com/DevExpress/DevExtreme/actions/runs/32856215858/job/97832919549
"25.08.26, 14:07:01",97832919582,32856215858,1,QUnit tests,Constel ui.editors,fluent-next/update,cancelled,,https://github.com/DevExpress/DevExtreme/actions/runs/32856215858/job/97832919582
"25.08.26, 14:07:01",97832919631,32856215858,1,QUnit tests,Constel ui.widgets-no-csp,fluent-next/update,cancelled,,https://github.com/DevExpress/DevExtreme/actions/runs/32856215858/job/97832919631
"25.08.26, 14:07:02",97832919655,32856215858,1,QUnit tests,ui-shadow-dom,fluent-next/update,cancelled,,https://github.com/DevExpress/DevExtreme/actions/runs/32856215858/job/97832919655
"25.08.26, 14:07:02",97832919733,32856215858,1,QUnit tests,Constel misc,fluent-next/update,cancelled,,https://github.com/DevExpress/DevExtreme/actions/runs/32856215858/job/97832919733
"25.08.26, 14:09:36",97833802909,32856215858,1,QUnit tests,Send notifications,fluent-next/update,cancelled,,https://github.com/DevExpress/DevExtreme/actions/runs/32856215858/job/97833802909
"25.08.26, 13:44:23",97825199794,32855153946,1,QUnit tests,Build,25_2,failure,,https://github.com/DevExpress/DevExtreme/actions/runs/32855153946/job/97825199794
"25.08.26, 13:48:52",97826704510,32854976915,1,QUnit tests,Constel ui.scheduler,feature/26_2_new_fluent_theme_with_design_tokens,failure,,https://github.com/DevExpress/DevExtreme/actions/runs/32854976915/job/97826704510
"25.08.26, 13:46:58",97826072035,32854729809,1,QUnit tests,ui.grid-shadow-dom,refactor/gridcore-virtual-scrolling-refactor-26_2,cancelled,Run QUnit tests,https://github.com/DevExpress/DevExtreme/actions/runs/32854729809/job/97826072035
"25.08.26, 13:46:58",97826072105,32854729809,1,QUnit tests,ui.editors-shadow-dom,refactor/gridcore-virtual-scrolling-refactor-26_2,cancelled,Run QUnit tests,https://github.com/DevExpress/DevExtreme/actions/runs/32854729809/job/97826072105
"25.08.26, 13:46:58",97826072106,32854729809,1,QUnit tests,Constel ui.grid,refactor/gridcore-virtual-scrolling-refactor-26_2,cancelled,Run QUnit tests,https://github.com/DevExpress/DevExtreme/actions/runs/32854729809/job/97826072106
"25.08.26, 13:56:08",97829164154,32854729809,1,QUnit tests,Send notifications,refactor/gridcore-virtual-scrolling-refactor-26_2,cancelled,,https://github.com/DevExpress/DevExtreme/actions/runs/32854729809/job/97829164154
"25.08.26, 12:06:41",97795098568,32845192069,1,QUnit tests,ui.widgets-shadow-dom,feature/26_2_new_fluent_theme_with_design_tokens,failure,,https://github.com/DevExpress/DevExtreme/actions/runs/32845192069/job/97795098568
"25.08.26, 10:53:31",97775615362,32838957714,1,QUnit tests,Constel ui,guid-insecure,failure,,https://github.com/DevExpress/DevExtreme/actions/runs/32838957714/job/97775615362
"25.08.26, 10:53:31",97775615441,32838957714,1,QUnit tests,Constel ui.grid,guid-insecure,failure,,https://github.com/DevExpress/DevExtreme/actions/runs/32838957714/job/97775615441
"25.08.26, 10:46:45",97773876892,32838916901,1,QUnit tests,Build,guid-insecure,cancelled,,https://github.com/DevExpress/DevExtreme/actions/runs/32838916901/job/97773876892
"25.08.26, 10:47:13",97774002239,32838916901,1,QUnit tests,${{ matrix.constel }}-shadow-dom,guid-insecure,cancelled,,https://github.com/DevExpress/DevExtreme/actions/runs/32838916901/job/97774002239
"25.08.26, 10:47:13",97774002391,32838916901,1,QUnit tests,"Constel ${{ matrix.CONSTEL }}${{ (((matrix.TIMEZONE != '') && format('-{0}', matrix.TIMEZONE)) || '') }}${{ (((matrix.CSP == 'false') && '-no-csp') || '') }}",guid-insecure,cancelled,,https://github.com/DevExpress/DevExtreme/actions/runs/32838916901/job/97774002391
"25.08.26, 10:47:14",97774003086,32838916901,1,QUnit tests,Send notifications,guid-insecure,cancelled,,https://github.com/DevExpress/DevExtreme/actions/runs/32838916901/job/97774003086
"25.08.26, 10:29:17",97769433692,32837440204,1,QUnit tests,Build,playwright-wrappers-e2e-stage1,cancelled,Build,https://github.com/DevExpress/DevExtreme/actions/runs/32837440204/job/97769433692
"25.08.26, 10:33:34",97770541604,32837440204,1,QUnit tests,"Constel ${{ matrix.CONSTEL }}${{ (((matrix.TIMEZONE != '') && format('-{0}', matrix.TIMEZONE)) || '') }}${{ (((matrix.CSP == 'false') && '-no-csp') || '') }}",playwright-wrappers-e2e-stage1,cancelled,,https://github.com/DevExpress/DevExtreme/actions/runs/32837440204/job/97770541604
"25.08.26, 10:33:34",97770541741,32837440204,1,QUnit tests,${{ matrix.constel }}-shadow-dom,playwright-wrappers-e2e-stage1,cancelled,,https://github.com/DevExpress/DevExtreme/actions/runs/32837440204/job/97770541741
"25.08.26, 10:33:34",97770542250,32837440204,1,QUnit tests,Send notifications,playwright-wrappers-e2e-stage1,cancelled,,https://github.com/DevExpress/DevExtreme/actions/runs/32837440204/job/97770542250
"25.08.26, 10:28:00",97769099220,32837358368,1,QUnit tests,Build,playwright-wrappers-e2e-stage1,cancelled,Install dependencies,https://github.com/DevExpress/DevExtreme/actions/runs/32837358368/job/97769099220
"25.08.26, 10:29:17",97769431143,32837358368,1,QUnit tests,"Constel ${{ matrix.CONSTEL }}${{ (((matrix.TIMEZONE != '') && format('-{0}', matrix.TIMEZONE)) || '') }}${{ (((matrix.CSP == 'false') && '-no-csp') || '') }}",playwright-wrappers-e2e-stage1,cancelled,,https://github.com/DevExpress/DevExtreme/actions/runs/32837358368/job/97769431143
"25.08.26, 10:29:17",97769431289,32837358368,1,QUnit tests,${{ matrix.constel }}-shadow-dom,playwright-wrappers-e2e-stage1,cancelled,,https://github.com/DevExpress/DevExtreme/actions/runs/32837358368/job/97769431289
"25.08.26, 10:29:17",97769432445,32837358368,1,QUnit tests,Send notifications,playwright-wrappers-e2e-stage1,cancelled,,https://github.com/DevExpress/DevExtreme/actions/runs/32837358368/job/97769432445
"25.08.26, 10:27:18",97768920974,32836844433,1,QUnit tests,Constel ui.editors,feature/load-demos-signal,failure,,https://github.com/DevExpress/DevExtreme/actions/runs/32836844433/job/97768920974
"25.08.26, 06:24:04",97706623152,32816798129,1,QUnit tests,Build,typescript/ui/create_component_options,cancelled,Build,https://github.com/DevExpress/DevExtreme/actions/runs/32816798129/job/97706623152
"25.08.26, 06:26:52",97707216518,32816798129,1,QUnit tests,"Constel ${{ matrix.CONSTEL }}${{ (((matrix.TIMEZONE != '') && format('-{0}', matrix.TIMEZONE)) || '') }}${{ (((matrix.CSP == 'false') && '-no-csp') || '') }}",typescript/ui/create_component_options,cancelled,,https://github.com/DevExpress/DevExtreme/actions/runs/32816798129/job/97707216518
"25.08.26, 06:26:52",97707216817,32816798129,1,QUnit tests,${{ matrix.constel }}-shadow-dom,typescript/ui/create_component_options,cancelled,,https://github.com/DevExpress/DevExtreme/actions/runs/32816798129/job/97707216817
"25.08.26, 06:26:53",97707217565,32816798129,1,QUnit tests,Send notifications,typescript/ui/create_component_options,cancelled,,https://github.com/DevExpress/DevExtreme/actions/runs/32816798129/job/97707217565
"25.08.26, 15:03:11",97852545527,32863366478,1,Jest tests,jest-tests,T1329677-fix,cancelled,Jest tests,https://github.com/DevExpress/DevExtreme/actions/runs/32863366478/job/97852545527
"25.08.26, 15:10:28",97855085480,32863366478,1,Jest tests,Send notifications,T1329677-fix,cancelled,,https://github.com/DevExpress/DevExtreme/actions/runs/32863366478/job/97855085480
"25.08.26, 14:36:38",97843240892,32860573946,1,Jest tests,jest-tests,lavrov/dash-style-type-2,cancelled,Jest tests,https://github.com/DevExpress/DevExtreme/actions/runs/32860573946/job/97843240892
"25.08.26, 14:41:57",97845105656,32860573946,1,Jest tests,Send notifications,lavrov/dash-style-type-2,cancelled,,https://github.com/DevExpress/DevExtreme/actions/runs/32860573946/job/97845105656
"25.08.26, 13:40:41",97823953463,32854774981,1,Jest tests,jest-tests,26_1,failure,,https://github.com/DevExpress/DevExtreme/actions/runs/32854774981/job/97823953463
"25.08.26, 10:46:45",97773877539,32838916900,1,Jest tests,jest-tests,guid-insecure,cancelled,,https://github.com/DevExpress/DevExtreme/actions/runs/32838916900/job/97773877539
"25.08.26, 10:47:13",97774002162,32838916900,1,Jest tests,Send notifications,guid-insecure,cancelled,,https://github.com/DevExpress/DevExtreme/actions/runs/32838916900/job/97774002162
"25.08.26, 10:28:59",97769356711,32837440142,1,Jest tests,jest-tests,playwright-wrappers-e2e-stage1,cancelled,Jest tests,https://github.com/DevExpress/DevExtreme/actions/runs/32837440142/job/97769356711
"25.08.26, 10:33:32",97770534337,32837440142,1,Jest tests,Send notifications,playwright-wrappers-e2e-stage1,cancelled,,https://github.com/DevExpress/DevExtreme/actions/runs/32837440142/job/97770534337
"25.08.26, 10:28:00",97769099243,32837358390,1,Jest tests,jest-tests,playwright-wrappers-e2e-stage1,cancelled,,https://github.com/DevExpress/DevExtreme/actions/runs/32837358390/job/97769099243
"25.08.26, 10:28:59",97769355401,32837358390,1,Jest tests,Send notifications,playwright-wrappers-e2e-stage1,cancelled,,https://github.com/DevExpress/DevExtreme/actions/runs/32837358390/job/97769355401
"25.08.26, 06:24:05",97706623584,32816798049,1,Jest tests,jest-tests,typescript/ui/create_component_options,cancelled,Jest tests,https://github.com/DevExpress/DevExtreme/actions/runs/32816798049/job/97706623584
"25.08.26, 06:26:52",97707217246,32816798049,1,Jest tests,Send notifications,typescript/ui/create_component_options,cancelled,,https://github.com/DevExpress/DevExtreme/actions/runs/32816798049/job/97707217246
"25.08.26, 10:46:45",97773877383,32838916919,1,Styles tests,Tests,guid-insecure,cancelled,Use Node.js,https://github.com/DevExpress/DevExtreme/actions/runs/32838916919/job/97773877383
"25.08.26, 10:47:16",97774012493,32838916919,1,Styles tests,Send notifications,guid-insecure,cancelled,,https://github.com/DevExpress/DevExtreme/actions/runs/32838916919/job/97774012493
"25.08.26, 10:29:17",97769432481,32837440203,1,Styles tests,Tests,playwright-wrappers-e2e-stage1,cancelled,,https://github.com/DevExpress/DevExtreme/actions/runs/32837440203/job/97769432481
"25.08.26, 10:33:20",97770483125,32837440203,1,Styles tests,Send notifications,playwright-wrappers-e2e-stage1,cancelled,,https://github.com/DevExpress/DevExtreme/actions/runs/32837440203/job/97770483125
"25.08.26, 10:28:00",97769099246,32837358341,1,Styles tests,Tests,playwright-wrappers-e2e-stage1,cancelled,Install dependencies,https://github.com/DevExpress/DevExtreme/actions/runs/32837358341/job/97769099246
"25.08.26, 10:29:17",97769431618,32837358341,1,Styles tests,Send notifications,playwright-wrappers-e2e-stage1,cancelled,,https://github.com/DevExpress/DevExtreme/actions/runs/32837358341/job/97769431618
"25.08.26, 15:27:58",97861160378,32865412112,1,TestCafe tests,accessibility - material.light,26_1,failure,,https://github.com/DevExpress/DevExtreme/actions/runs/32865412112/job/97861160378
"25.08.26, 15:27:58",97861160515,32865412112,1,TestCafe tests,scheduler / common (3/3) - fluent,26_1,failure,,https://github.com/DevExpress/DevExtreme/actions/runs/32865412112/job/97861160515
"25.08.26, 15:16:50",97857301105,32864076336,1,TestCafe tests,dataGrid (3/4) - fluent,T1329677-fix,cancelled,Install dependencies,https://github.com/DevExpress/DevExtreme/actions/runs/32864076336/job/97857301105
"25.08.26, 15:16:50",97857301113,32864076336,1,TestCafe tests,cardView - fluent,T1329677-fix,cancelled,Install dependencies,https://github.com/DevExpress/DevExtreme/actions/runs/32864076336/job/97857301113
"25.08.26, 15:16:50",97857301118,32864076336,1,TestCafe tests,dataGrid (2/4) - fluent,T1329677-fix,cancelled,Use Node.js,https://github.com/DevExpress/DevExtreme/actions/runs/32864076336/job/97857301118
"25.08.26, 15:16:50",97857301119,32864076336,1,TestCafe tests,material,T1329677-fix,cancelled,Add run config to flaky test report,https://github.com/DevExpress/DevExtreme/actions/runs/32864076336/job/97857301119
"25.08.26, 15:16:50",97857301132,32864076336,1,TestCafe tests,editors - fluent,T1329677-fix,cancelled,Add run config to flaky test report,https://github.com/DevExpress/DevExtreme/actions/runs/32864076336/job/97857301132
"25.08.26, 15:16:50",97857301133,32864076336,1,TestCafe tests,dataGrid (1/4) - fluent,T1329677-fix,cancelled,Install dependencies,https://github.com/DevExpress/DevExtreme/actions/runs/32864076336/job/97857301133
"25.08.26, 15:16:50",97857301144,32864076336,1,TestCafe tests,material - compact,T1329677-fix,cancelled,Install dependencies,https://github.com/DevExpress/DevExtreme/actions/runs/32864076336/job/97857301144
"25.08.26, 15:16:50",97857301156,32864076336,1,TestCafe tests,generic,T1329677-fix,cancelled,Install dependencies,https://github.com/DevExpress/DevExtreme/actions/runs/32864076336/job/97857301156
"25.08.26, 15:16:50",97857301165,32864076336,1,TestCafe tests,dataGrid (4/4) - fluent,T1329677-fix,cancelled,Add run config to flaky test report,https://github.com/DevExpress/DevExtreme/actions/runs/32864076336/job/97857301165
"25.08.26, 15:16:50",97857301166,32864076336,1,TestCafe tests,scheduler / common (1/3) - fluent,T1329677-fix,cancelled,Restore pnpm cache,https://github.com/DevExpress/DevExtreme/actions/runs/32864076336/job/97857301166
"25.08.26, 15:16:50",97857301173,32864076336,1,TestCafe tests,scheduler / timezones (Europe/Berlin) - fluent,T1329677-fix,cancelled,Get sources,https://github.com/DevExpress/DevExtreme/actions/runs/32864076336/job/97857301173
"25.08.26, 15:16:50",97857301240,32864076336,1,TestCafe tests,scheduler / viewOffset (1/2) - fluent,T1329677-fix,cancelled,Use Node.js,https://github.com/DevExpress/DevExtreme/actions/runs/32864076336/job/97857301240
"25.08.26, 15:16:50",97857301280,32864076336,1,TestCafe tests,scheduler / common (2/3) - fluent,T1329677-fix,cancelled,Restore pnpm cache,https://github.com/DevExpress/DevExtreme/actions/runs/32864076336/job/97857301280
"25.08.26, 15:16:50",97857301312,32864076336,1,TestCafe tests,navigation - fluent,T1329677-fix,cancelled,Restore pnpm cache,https://github.com/DevExpress/DevExtreme/actions/runs/32864076336/job/97857301312
"25.08.26, 15:16:50",97857301337,32864076336,1,TestCafe tests,common - fluent,T1329677-fix,cancelled,Install dependencies,https://github.com/DevExpress/DevExtreme/actions/runs/32864076336/job/97857301337
"25.08.26, 15:16:50",97857301422,32864076336,1,TestCafe tests,scheduler / common (3/3) - fluent,T1329677-fix,cancelled,Restore pnpm cache,https://github.com/DevExpress/DevExtreme/actions/runs/32864076336/job/97857301422
"25.08.26, 15:16:50",97857301429,32864076336,1,TestCafe tests,scheduler / timezones (America/Los_Angeles) - fluent,T1329677-fix,cancelled,Add run config to flaky test report,https://github.com/DevExpress/DevExtreme/actions/runs/32864076336/job/97857301429
"25.08.26, 15:16:50",97857301434,32864076336,1,TestCafe tests,scheduler / viewOffset (2/2) - fluent,T1329677-fix,cancelled,Add run config to flaky test report,https://github.com/DevExpress/DevExtreme/actions/runs/32864076336/job/97857301434
"25.08.26, 15:16:50",97857301479,32864076336,1,TestCafe tests,accessibility - fluent,T1329677-fix,cancelled,Install dependencies,https://github.com/DevExpress/DevExtreme/actions/runs/32864076336/job/97857301479
"25.08.26, 15:18:12",97857783545,32864076336,1,TestCafe tests,Send notifications,T1329677-fix,cancelled,,https://github.com/DevExpress/DevExtreme/actions/runs/32864076336/job/97857783545
"25.08.26, 15:18:12",97857783723,32864076336,1,TestCafe tests,quarantine,T1329677-fix,cancelled,,https://github.com/DevExpress/DevExtreme/actions/runs/32864076336/job/97857783723
"25.08.26, 15:04:40",97853060118,32863366403,1,TestCafe tests,Build DevExtreme,T1329677-fix,cancelled,Post Setup nx cache,https://github.com/DevExpress/DevExtreme/actions/runs/32863366403/job/97853060118
"25.08.26, 15:10:35",97855126616,32863366403,1,TestCafe tests,${{ matrix.name }}${{ ((!matrix.theme && ' - fluent') || '') }},T1329677-fix,cancelled,,https://github.com/DevExpress/DevExtreme/actions/runs/32863366403/job/97855126616
"25.08.26, 15:10:35",97855127671,32863366403,1,TestCafe tests,quarantine,T1329677-fix,cancelled,,https://github.com/DevExpress/DevExtreme/actions/runs/32863366403/job/97855127671
"25.08.26, 15:10:35",97855128426,32863366403,1,TestCafe tests,Send notifications,T1329677-fix,cancelled,,https://github.com/DevExpress/DevExtreme/actions/runs/32863366403/job/97855128426
"25.08.26, 14:36:57",97843354480,32860574138,1,TestCafe tests,Build DevExtreme,lavrov/dash-style-type-2,cancelled,Build,https://github.com/DevExpress/DevExtreme/actions/runs/32860574138/job/97843354480
"25.08.26, 14:41:14",97844860528,32860574138,1,TestCafe tests,${{ matrix.name }}${{ ((!matrix.theme && ' - fluent') || '') }},lavrov/dash-style-type-2,cancelled,,https://github.com/DevExpress/DevExtreme/actions/runs/32860574138/job/97844860528
"25.08.26, 14:41:15",97844861352,32860574138,1,TestCafe tests,quarantine,lavrov/dash-style-type-2,cancelled,,https://github.com/DevExpress/DevExtreme/actions/runs/32860574138/job/97844861352
"25.08.26, 14:41:15",97844861625,32860574138,1,TestCafe tests,Send notifications,lavrov/dash-style-type-2,cancelled,,https://github.com/DevExpress/DevExtreme/actions/runs/32860574138/job/97844861625
"25.08.26, 14:20:45",97837671288,32857750350,1,TestCafe tests,accessibility - fluent.dark,fluent-next/update,failure,,https://github.com/DevExpress/DevExtreme/actions/runs/32857750350/job/97837671288
"25.08.26, 13:55:17",97828870228,32856215702,1,TestCafe tests,Build DevExtreme,fluent-next/update,cancelled,,https://github.com/DevExpress/DevExtreme/actions/runs/32856215702/job/97828870228
"25.08.26, 14:14:36",97835522130,32856215702,1,TestCafe tests,${{ matrix.name }}${{ ((!matrix.theme && ' - fluent') || '') }},fluent-next/update,cancelled,,https://github.com/DevExpress/DevExtreme/actions/runs/32856215702/job/97835522130
"25.08.26, 14:14:36",97835522645,32856215702,1,TestCafe tests,quarantine,fluent-next/update,cancelled,,https://github.com/DevExpress/DevExtreme/actions/runs/32856215702/job/97835522645
"25.08.26, 14:14:36",97835523495,32856215702,1,TestCafe tests,Send notifications,fluent-next/update,cancelled,,https://github.com/DevExpress/DevExtreme/actions/runs/32856215702/job/97835523495
"25.08.26, 13:52:26",97827904635,32855147542,1,TestCafe tests,accessibility - material.light,26_1,failure,,https://github.com/DevExpress/DevExtreme/actions/runs/32855147542/job/97827904635
"25.08.26, 13:49:24",97826887002,32854976823,1,TestCafe tests,accessibility - fluent.dark,feature/26_2_new_fluent_theme_with_design_tokens,failure,,https://github.com/DevExpress/DevExtreme/actions/runs/32854976823/job/97826887002
"25.08.26, 13:49:24",97826887089,32854976823,1,TestCafe tests,scheduler / viewOffset (2/2) - fluent-next,feature/26_2_new_fluent_theme_with_design_tokens,failure,,https://github.com/DevExpress/DevExtreme/actions/runs/32854976823/job/97826887089
"25.08.26, 13:49:24",97826887120,32854976823,1,TestCafe tests,scheduler / timezones (Europe/Berlin) - fluent,feature/26_2_new_fluent_theme_with_design_tokens,cancelled,Run TestCafe tests,https://github.com/DevExpress/DevExtreme/actions/runs/32854976823/job/97826887120
"25.08.26, 13:47:17",97826175384,32854729679,1,TestCafe tests,dataGrid (4/4) - fluent,refactor/gridcore-virtual-scrolling-refactor-26_2,cancelled,Run TestCafe tests,https://github.com/DevExpress/DevExtreme/actions/runs/32854729679/job/97826175384
"25.08.26, 13:47:17",97826175385,32854729679,1,TestCafe tests,navigation - fluent,refactor/gridcore-virtual-scrolling-refactor-26_2,cancelled,Run TestCafe tests,https://github.com/DevExpress/DevExtreme/actions/runs/32854729679/job/97826175385
"25.08.26, 13:47:17",97826175386,32854729679,1,TestCafe tests,cardView - fluent,refactor/gridcore-virtual-scrolling-refactor-26_2,cancelled,Run TestCafe tests,https://github.com/DevExpress/DevExtreme/actions/runs/32854729679/job/97826175386
"25.08.26, 13:47:17",97826175387,32854729679,1,TestCafe tests,scheduler / common (3/3) - fluent,refactor/gridcore-virtual-scrolling-refactor-26_2,cancelled,Run TestCafe tests,https://github.com/DevExpress/DevExtreme/actions/runs/32854729679/job/97826175387
"25.08.26, 13:47:17",97826175397,32854729679,1,TestCafe tests,scheduler / common (1/3) - fluent,refactor/gridcore-virtual-scrolling-refactor-26_2,cancelled,Run TestCafe tests,https://github.com/DevExpress/DevExtreme/actions/runs/32854729679/job/97826175397
"25.08.26, 13:47:17",97826175414,32854729679,1,TestCafe tests,dataGrid (3/4) - fluent,refactor/gridcore-virtual-scrolling-refactor-26_2,cancelled,Run TestCafe tests,https://github.com/DevExpress/DevExtreme/actions/runs/32854729679/job/97826175414
"25.08.26, 13:47:17",97826175415,32854729679,1,TestCafe tests,common - fluent,refactor/gridcore-virtual-scrolling-refactor-26_2,cancelled,Run TestCafe tests,https://github.com/DevExpress/DevExtreme/actions/runs/32854729679/job/97826175415
"25.08.26, 13:47:17",97826175451,32854729679,1,TestCafe tests,scheduler / timezones (America/Los_Angeles) - fluent,refactor/gridcore-virtual-scrolling-refactor-26_2,cancelled,,https://github.com/DevExpress/DevExtreme/actions/runs/32854729679/job/97826175451
"25.08.26, 13:47:17",97826175459,32854729679,1,TestCafe tests,scheduler / viewOffset (1/2) - fluent,refactor/gridcore-virtual-scrolling-refactor-26_2,cancelled,Run TestCafe tests,https://github.com/DevExpress/DevExtreme/actions/runs/32854729679/job/97826175459
"25.08.26, 13:47:17",97826175461,32854729679,1,TestCafe tests,dataGrid (1/4) - fluent,refactor/gridcore-virtual-scrolling-refactor-26_2,cancelled,Run TestCafe tests,https://github.com/DevExpress/DevExtreme/actions/runs/32854729679/job/97826175461
"25.08.26, 13:47:17",97826175482,32854729679,1,TestCafe tests,scheduler / common (2/3) - fluent,refactor/gridcore-virtual-scrolling-refactor-26_2,cancelled,Run TestCafe tests,https://github.com/DevExpress/DevExtreme/actions/runs/32854729679/job/97826175482
"25.08.26, 13:47:17",97826175518,32854729679,1,TestCafe tests,scheduler / viewOffset (2/2) - fluent,refactor/gridcore-virtual-scrolling-refactor-26_2,cancelled,Run TestCafe tests,https://github.com/DevExpress/DevExtreme/actions/runs/32854729679/job/97826175518
"25.08.26, 13:47:17",97826175551,32854729679,1,TestCafe tests,scheduler / timezones (Europe/Berlin) - fluent,refactor/gridcore-virtual-scrolling-refactor-26_2,cancelled,,https://github.com/DevExpress/DevExtreme/actions/runs/32854729679/job/97826175551
"25.08.26, 13:47:17",97826175565,32854729679,1,TestCafe tests,material - compact,refactor/gridcore-virtual-scrolling-refactor-26_2,cancelled,,https://github.com/DevExpress/DevExtreme/actions/runs/32854729679/job/97826175565
"25.08.26, 13:47:17",97826175590,32854729679,1,TestCafe tests,dataGrid (2/4) - fluent,refactor/gridcore-virtual-scrolling-refactor-26_2,cancelled,Run TestCafe tests,https://github.com/DevExpress/DevExtreme/actions/runs/32854729679/job/97826175590
"25.08.26, 13:47:17",97826175745,32854729679,1,TestCafe tests,editors - fluent,refactor/gridcore-virtual-scrolling-refactor-26_2,cancelled,Install dependencies,https://github.com/DevExpress/DevExtreme/actions/runs/32854729679/job/97826175745
"25.08.26, 13:56:22",97829240964,32854729679,1,TestCafe tests,quarantine,refactor/gridcore-virtual-scrolling-refactor-26_2,cancelled,,https://github.com/DevExpress/DevExtreme/actions/runs/32854729679/job/97829240964
"25.08.26, 13:56:22",97829241846,32854729679,1,TestCafe tests,Send notifications,refactor/gridcore-virtual-scrolling-refactor-26_2,cancelled,,https://github.com/DevExpress/DevExtreme/actions/runs/32854729679/job/97829241846
"25.08.26, 13:40:41",97823953612,32854110155,1,TestCafe tests,scheduler / common (3/3) - fluent,T1329677-fix,failure,,https://github.com/DevExpress/DevExtreme/actions/runs/32854110155/job/97823953612
"25.08.26, 13:32:32",97821259512,32853427626,1,TestCafe tests,dataGrid (3/4) - fluent,26_1,failure,,https://github.com/DevExpress/DevExtreme/actions/runs/32853427626/job/97821259512
"25.08.26, 13:32:32",97821259655,32853427626,1,TestCafe tests,navigation - fluent,26_1,failure,,https://github.com/DevExpress/DevExtreme/actions/runs/32853427626/job/97821259655
"25.08.26, 13:32:32",97821259677,32853427626,1,TestCafe tests,editors - fluent,26_1,failure,,https://github.com/DevExpress/DevExtreme/actions/runs/32853427626/job/97821259677
"25.08.26, 13:32:26",97821225825,32853408117,1,TestCafe tests,common - fluent,26_1,failure,,https://github.com/DevExpress/DevExtreme/actions/runs/32853408117/job/97821225825
"25.08.26, 13:16:59",97816150097,32851704834,1,TestCafe tests,scheduler / common (1/3) - fluent,gh-readonly-queue/main/pr-34907-46af8ef1233a2738915ee5aec460580430197f70,cancelled,Run TestCafe tests,https://github.com/DevExpress/DevExtreme/actions/runs/32851704834/job/97816150097
"25.08.26, 12:45:03",97806290171,32848736681,1,TestCafe tests,scheduler / common (2/3) - fluent,T1334039_26_1,failure,Run TestCafe tests,https://github.com/DevExpress/DevExtreme/actions/runs/32848736681/job/97806290171
"25.08.26, 12:45:03",97806290419,32848736681,1,TestCafe tests,scheduler / viewOffset (2/2) - fluent,T1334039_26_1,failure,,https://github.com/DevExpress/DevExtreme/actions/runs/32848736681/job/97806290419
"25.08.26, 12:42:26",97805498240,32848545650,1,TestCafe tests,cardView - fluent,grid_data_remove_adaptiveColumnsController_part_2_26_1,failure,Run TestCafe tests,https://github.com/DevExpress/DevExtreme/actions/runs/32848545650/job/97805498240
"25.08.26, 12:40:53",97805038592,32848366478,1,TestCafe tests,dataGrid (2/4) - fluent,fix/main-ro-localization-errors,failure,Run TestCafe tests,https://github.com/DevExpress/DevExtreme/actions/runs/32848366478/job/97805038592
"25.08.26, 12:31:48",97802364203,32847518143,1,TestCafe tests,accessibility - fluent.dark,fluent-next/sync,failure,Run TestCafe tests,https://github.com/DevExpress/DevExtreme/actions/runs/32847518143/job/97802364203
"25.08.26, 12:31:48",97802364321,32847518143,1,TestCafe tests,navigation - fluent-next,fluent-next/sync,failure,Run TestCafe tests,https://github.com/DevExpress/DevExtreme/actions/runs/32847518143/job/97802364321
"25.08.26, 12:31:48",97802364420,32847518143,1,TestCafe tests,scheduler / common (1/3) - fluent-next,fluent-next/sync,failure,Run TestCafe tests,https://github.com/DevExpress/DevExtreme/actions/runs/32847518143/job/97802364420
"25.08.26, 12:31:48",97802364444,32847518143,1,TestCafe tests,scheduler / common (3/3) - fluent-next,fluent-next/sync,failure,Run TestCafe tests,https://github.com/DevExpress/DevExtreme/actions/runs/32847518143/job/97802364444
"25.08.26, 12:31:48",97802364459,32847518143,1,TestCafe tests,scheduler / common (2/3) - fluent-next,fluent-next/sync,failure,Run TestCafe tests,https://github.com/DevExpress/DevExtreme/actions/runs/32847518143/job/97802364459
"25.08.26, 12:41:46",97805301177,32847518143,1,TestCafe tests,quarantine,fluent-next/sync,failure,Run quarantined tests,https://github.com/DevExpress/DevExtreme/actions/runs/32847518143/job/97805301177
"25.08.26, 12:07:51",97795424902,32845192089,1,TestCafe tests,scheduler / common (3/3) - fluent-next,feature/26_2_new_fluent_theme_with_design_tokens,failure,Run TestCafe tests,https://github.com/DevExpress/DevExtreme/actions/runs/32845192089/job/97795424902
"25.08.26, 12:07:51",97795425002,32845192089,1,TestCafe tests,scheduler / common (1/3) - fluent-next,feature/26_2_new_fluent_theme_with_design_tokens,failure,Run TestCafe tests,https://github.com/DevExpress/DevExtreme/actions/runs/32845192089/job/97795425002
"25.08.26, 12:07:51",97795425026,32845192089,1,TestCafe tests,accessibility - fluent.dark,feature/26_2_new_fluent_theme_with_design_tokens,failure,Run TestCafe tests,https://github.com/DevExpress/DevExtreme/actions/runs/32845192089/job/97795425026
"25.08.26, 12:07:51",97795425030,32845192089,1,TestCafe tests,scheduler / common (2/3) - fluent-next,feature/26_2_new_fluent_theme_with_design_tokens,failure,Run TestCafe tests,https://github.com/DevExpress/DevExtreme/actions/runs/32845192089/job/97795425030
"25.08.26, 12:17:04",97798106373,32845192089,1,TestCafe tests,quarantine,feature/26_2_new_fluent_theme_with_design_tokens,failure,Run quarantined tests,https://github.com/DevExpress/DevExtreme/actions/runs/32845192089/job/97798106373
"25.08.26, 10:47:02",97773952519,32838916982,1,TestCafe tests,Build DevExtreme,guid-insecure,cancelled,,https://github.com/DevExpress/DevExtreme/actions/runs/32838916982/job/97773952519
"25.08.26, 10:47:13",97774002891,32838916982,1,TestCafe tests,${{ matrix.name }}${{ ((!matrix.theme && ' - fluent') || '') }},guid-insecure,cancelled,,https://github.com/DevExpress/DevExtreme/actions/runs/32838916982/job/97774002891
"25.08.26, 10:47:14",97774003291,32838916982,1,TestCafe tests,quarantine,guid-insecure,cancelled,,https://github.com/DevExpress/DevExtreme/actions/runs/32838916982/job/97774003291
"25.08.26, 10:47:14",97774003356,32838916982,1,TestCafe tests,Send notifications,guid-insecure,cancelled,,https://github.com/DevExpress/DevExtreme/actions/runs/32838916982/job/97774003356
"25.08.26, 10:45:23",97773528186,32838294494,1,TestCafe tests,scheduler / common (2/3) - fluent,issue-5003_26_1,failure,,https://github.com/DevExpress/DevExtreme/actions/runs/32838294494/job/97773528186
"25.08.26, 10:45:15",97773493331,32838118642,1,TestCafe tests,dataGrid (1/4) - fluent,typescript/ui/26_2_convert_qunit_tests,failure,,https://github.com/DevExpress/DevExtreme/actions/runs/32838118642/job/97773493331
"25.08.26, 10:45:15",97773493376,32838118642,1,TestCafe tests,scheduler / viewOffset (2/2) - fluent,typescript/ui/26_2_convert_qunit_tests,failure,,https://github.com/DevExpress/DevExtreme/actions/runs/32838118642/job/97773493376
"25.08.26, 10:41:21",97772498412,32837906131,1,TestCafe tests,accessibility - fluent,issue-5003_26_1,failure,,https://github.com/DevExpress/DevExtreme/actions/runs/32837906131/job/97772498412
"25.08.26, 10:41:21",97772498435,32837906131,1,TestCafe tests,scheduler / viewOffset (2/2) - fluent,issue-5003_26_1,failure,,https://github.com/DevExpress/DevExtreme/actions/runs/32837906131/job/97772498435
"25.08.26, 10:41:21",97772498441,32837906131,1,TestCafe tests,scheduler / viewOffset (1/2) - fluent,issue-5003_26_1,failure,,https://github.com/DevExpress/DevExtreme/actions/runs/32837906131/job/97772498441
"25.08.26, 10:29:30",97769487657,32837440210,1,TestCafe tests,Build DevExtreme,playwright-wrappers-e2e-stage1,cancelled,Build,https://github.com/DevExpress/DevExtreme/actions/runs/32837440210/job/97769487657
"25.08.26, 10:33:34",97770542668,32837440210,1,TestCafe tests,${{ matrix.name }}${{ ((!matrix.theme && ' - fluent') || '') }},playwright-wrappers-e2e-stage1,cancelled,,https://github.com/DevExpress/DevExtreme/actions/runs/32837440210/job/97770542668
"25.08.26, 10:33:35",97770543333,32837440210,1,TestCafe tests,quarantine,playwright-wrappers-e2e-stage1,cancelled,,https://github.com/DevExpress/DevExtreme/actions/runs/32837440210/job/97770543333
"25.08.26, 10:33:35",97770543571,32837440210,1,TestCafe tests,Send notifications,playwright-wrappers-e2e-stage1,cancelled,,https://github.com/DevExpress/DevExtreme/actions/runs/32837440210/job/97770543571
"25.08.26, 10:28:17",97769175943,32837358375,1,TestCafe tests,Build DevExtreme,playwright-wrappers-e2e-stage1,cancelled,Show nx cache contents before save,https://github.com/DevExpress/DevExtreme/actions/runs/32837358375/job/97769175943
"25.08.26, 10:29:05",97769383713,32837358375,1,TestCafe tests,${{ matrix.name }}${{ ((!matrix.theme && ' - fluent') || '') }},playwright-wrappers-e2e-stage1,cancelled,,https://github.com/DevExpress/DevExtreme/actions/runs/32837358375/job/97769383713
"25.08.26, 10:29:05",97769384283,32837358375,1,TestCafe tests,quarantine,playwright-wrappers-e2e-stage1,cancelled,,https://github.com/DevExpress/DevExtreme/actions/runs/32837358375/job/97769384283
"25.08.26, 10:29:05",97769384600,32837358375,1,TestCafe tests,Send notifications,playwright-wrappers-e2e-stage1,cancelled,,https://github.com/DevExpress/DevExtreme/actions/runs/32837358375/job/97769384600
"25.08.26, 10:29:15",97769426356,32836844423,1,TestCafe tests,scheduler / common (2/3) - fluent,feature/load-demos-signal,failure,,https://github.com/DevExpress/DevExtreme/actions/runs/32836844423/job/97769426356
"25.08.26, 06:24:22",97706684249,32816798064,1,TestCafe tests,Build DevExtreme,typescript/ui/create_component_options,cancelled,Build,https://github.com/DevExpress/DevExtreme/actions/runs/32816798064/job/97706684249
"25.08.26, 06:26:52",97707215345,32816798064,1,TestCafe tests,quarantine,typescript/ui/create_component_options,cancelled,,https://github.com/DevExpress/DevExtreme/actions/runs/32816798064/job/97707215345
"25.08.26, 06:26:52",97707215592,32816798064,1,TestCafe tests,${{ matrix.name }}${{ ((!matrix.theme && ' - fluent') || '') }},typescript/ui/create_component_options,cancelled,,https://github.com/DevExpress/DevExtreme/actions/runs/32816798064/job/97707215592
"25.08.26, 06:26:52",97707216383,32816798064,1,TestCafe tests,Send notifications,typescript/ui/create_component_options,cancelled,,https://github.com/DevExpress/DevExtreme/actions/runs/32816798064/job/97707216383
"25.08.26, 14:36:38",97843241012,32860573906,1,Themebuilder and Styles tests,test,lavrov/dash-style-type-2,cancelled,Build,https://github.com/DevExpress/DevExtreme/actions/runs/32860573906/job/97843241012
"25.08.26, 14:41:57",97845107234,32860573906,1,Themebuilder and Styles tests,Send notifications,lavrov/dash-style-type-2,cancelled,,https://github.com/DevExpress/DevExtreme/actions/runs/32860573906/job/97845107234
"25.08.26, 10:47:14",97774003560,32838957657,1,Themebuilder and Styles tests,test,guid-insecure,failure,,https://github.com/DevExpress/DevExtreme/actions/runs/32838957657/job/97774003560
"25.08.26, 10:46:45",97773876821,32838916844,1,Themebuilder and Styles tests,test,guid-insecure,cancelled,,https://github.com/DevExpress/DevExtreme/actions/runs/32838916844/job/97773876821
"25.08.26, 10:47:13",97774002261,32838916844,1,Themebuilder and Styles tests,Send notifications,guid-insecure,cancelled,,https://github.com/DevExpress/DevExtreme/actions/runs/32838916844/job/97774002261
"25.08.26, 10:29:14",97769420351,32837440224,1,Themebuilder and Styles tests,test,playwright-wrappers-e2e-stage1,cancelled,"Run themebuilder tests (full set, node)",https://github.com/DevExpress/DevExtreme/actions/runs/32837440224/job/97769420351
"25.08.26, 10:33:33",97770538647,32837440224,1,Themebuilder and Styles tests,Send notifications,playwright-wrappers-e2e-stage1,cancelled,,https://github.com/DevExpress/DevExtreme/actions/runs/32837440224/job/97770538647
"25.08.26, 10:27:59",97769098987,32837358396,1,Themebuilder and Styles tests,test,playwright-wrappers-e2e-stage1,cancelled,Install dependencies,https://github.com/DevExpress/DevExtreme/actions/runs/32837358396/job/97769098987
"25.08.26, 10:29:14",97769419068,32837358396,1,Themebuilder and Styles tests,Send notifications,playwright-wrappers-e2e-stage1,cancelled,,https://github.com/DevExpress/DevExtreme/actions/runs/32837358396/job/97769419068
"25.08.26, 14:40:54",97844740899,32861021170,1,TS Declarations,check-ts-bundle,lavrov/dash-style-type-2,failure,Check dx.all.d.ts is up-to-date,https://github.com/DevExpress/DevExtreme/actions/runs/32861021170/job/97844740899
"25.08.26, 14:36:38",97843240497,32860573897,1,TS Declarations,check-ts-bundle,lavrov/dash-style-type-2,failure,Check dx.all.d.ts is up-to-date,https://github.com/DevExpress/DevExtreme/actions/runs/32860573897/job/97843240497
"25.08.26, 10:46:45",97773877712,32838916991,1,TS Declarations,check-ts-bundle,guid-insecure,cancelled,,https://github.com/DevExpress/DevExtreme/actions/runs/32838916991/job/97773877712
"25.08.26, 10:46:45",97773877982,32838916991,1,TS Declarations,validate-declarations,guid-insecure,cancelled,,https://github.com/DevExpress/DevExtreme/actions/runs/32838916991/job/97773877982
"25.08.26, 10:47:13",97774002666,32838916991,1,TS Declarations,Send notifications,guid-insecure,cancelled,,https://github.com/DevExpress/DevExtreme/actions/runs/32838916991/job/97774002666
"25.08.26, 10:29:16",97769426984,32837440128,1,TS Declarations,check-ts-bundle,playwright-wrappers-e2e-stage1,cancelled,Post Setup pnpm cache,https://github.com/DevExpress/DevExtreme/actions/runs/32837440128/job/97769426984
"25.08.26, 10:33:20",97770482477,32837440128,1,TS Declarations,Send notifications,playwright-wrappers-e2e-stage1,cancelled,,https://github.com/DevExpress/DevExtreme/actions/runs/32837440128/job/97770482477
"25.08.26, 10:28:00",97769099673,32837358447,1,TS Declarations,check-ts-bundle,playwright-wrappers-e2e-stage1,cancelled,Install dependencies,https://github.com/DevExpress/DevExtreme/actions/runs/32837358447/job/97769099673
"25.08.26, 10:28:00",97769099751,32837358447,1,TS Declarations,validate-declarations,playwright-wrappers-e2e-stage1,cancelled,Use Node.js,https://github.com/DevExpress/DevExtreme/actions/runs/32837358447/job/97769099751
"25.08.26, 10:29:15",97769426082,32837358447,1,TS Declarations,Send notifications,playwright-wrappers-e2e-stage1,cancelled,,https://github.com/DevExpress/DevExtreme/actions/runs/32837358447/job/97769426082
"25.08.26, 15:15:22",97856783682,32863366512,1,Demos Visual Tests,merge-artifacts,T1329677-fix,cancelled,,https://github.com/DevExpress/DevExtreme/actions/runs/32863366512/job/97856783682
"25.08.26, 14:43:30",97845659404,32860573944,1,Demos Visual Tests,Check generated demos (changed only),lavrov/dash-style-type-2,cancelled,,https://github.com/DevExpress/DevExtreme/actions/runs/32860573944/job/97845659404
"25.08.26, 14:43:30",97845659462,32860573944,1,Demos Visual Tests,Check generated demos,lavrov/dash-style-type-2,cancelled,,https://github.com/DevExpress/DevExtreme/actions/runs/32860573944/job/97845659462
"25.08.26, 14:43:30",97845659847,32860573944,1,Demos Visual Tests,Check TS and lint code base,lavrov/dash-style-type-2,cancelled,,https://github.com/DevExpress/DevExtreme/actions/runs/32860573944/job/97845659847
"25.08.26, 14:43:30",97845659860,32860573944,1,Demos Visual Tests,Build Demos Bundles,lavrov/dash-style-type-2,cancelled,,https://github.com/DevExpress/DevExtreme/actions/runs/32860573944/job/97845659860
"25.08.26, 14:43:30",97845659912,32860573944,1,Demos Visual Tests,"matrix.SHARD_TOTAL == 1 && format('CSP check ({0})', matrix.FRAMEWORK) || format('CSP check ({0} {1}/{2})', matrix.FRAMEWORK, matrix.SHARD_INDEX, matrix.SHARD_TOTAL)",lavrov/dash-style-type-2,cancelled,,https://github.com/DevExpress/DevExtreme/actions/runs/32860573944/job/97845659912
"25.08.26, 14:43:31",97845660422,32860573944,1,Demos Visual Tests,${{ matrix.CONSTEL }}-screenshots-${{ matrix.THEME }},lavrov/dash-style-type-2,cancelled,,https://github.com/DevExpress/DevExtreme/actions/runs/32860573944/job/97845660422
"25.08.26, 14:43:31",97845660882,32860573944,1,Demos Visual Tests,${{ matrix.CONSTEL }}-screenshots-${{ matrix.THEME }},lavrov/dash-style-type-2,cancelled,,https://github.com/DevExpress/DevExtreme/actions/runs/32860573944/job/97845660882
"25.08.26, 14:52:12",97848720354,32860573944,1,Demos Visual Tests,merge-artifacts,lavrov/dash-style-type-2,cancelled,,https://github.com/DevExpress/DevExtreme/actions/runs/32860573944/job/97848720354
"25.08.26, 14:44:41",97846076855,32857750463,1,Demos Visual Tests,jquery(3/3)-screenshots-fluent-next.blue.light,fluent-next/update,failure,Run TestCafe tests (jQuery),https://github.com/DevExpress/DevExtreme/actions/runs/32857750463/job/97846076855
"25.08.26, 14:44:41",97846076961,32857750463,1,Demos Visual Tests,jquery-accessibility-fluent-next.blue.dark,fluent-next/update,failure,Run TestCafe tests (jQuery),https://github.com/DevExpress/DevExtreme/actions/runs/32857750463/job/97846076961
"25.08.26, 14:44:41",97846076974,32857750463,1,Demos Visual Tests,jquery(2/3)-screenshots-fluent-next.blue.light,fluent-next/update,failure,Run TestCafe tests (jQuery),https://github.com/DevExpress/DevExtreme/actions/runs/32857750463/job/97846076974
"25.08.26, 14:44:41",97846076976,32857750463,1,Demos Visual Tests,jquery(1/3)-screenshots-fluent-next.blue.light,fluent-next/update,failure,Run TestCafe tests (jQuery),https://github.com/DevExpress/DevExtreme/actions/runs/32857750463/job/97846076976
"25.08.26, 14:49:24",97847737878,32857750463,1,Demos Visual Tests,react(1/3)-screenshots-fluent-next.blue.light,fluent-next/update,failure,Run TestCafe tests,https://github.com/DevExpress/DevExtreme/actions/runs/32857750463/job/97847737878
"25.08.26, 14:49:24",97847737901,32857750463,1,Demos Visual Tests,react(2/3)-screenshots-fluent-next.blue.light,fluent-next/update,failure,Run TestCafe tests,https://github.com/DevExpress/DevExtreme/actions/runs/32857750463/job/97847737901
"25.08.26, 14:49:24",97847737905,32857750463,1,Demos Visual Tests,vue(3/5)-screenshots-fluent-next.blue.light,fluent-next/update,failure,Run TestCafe tests,https://github.com/DevExpress/DevExtreme/actions/runs/32857750463/job/97847737905
"25.08.26, 14:49:24",97847737915,32857750463,1,Demos Visual Tests,react(3/3)-screenshots-fluent-next.blue.light,fluent-next/update,failure,Run TestCafe tests,https://github.com/DevExpress/DevExtreme/actions/runs/32857750463/job/97847737915
"25.08.26, 14:49:24",97847737918,32857750463,1,Demos Visual Tests,vue(1/5)-screenshots-fluent-next.blue.light,fluent-next/update,failure,Run TestCafe tests,https://github.com/DevExpress/DevExtreme/actions/runs/32857750463/job/97847737918
"25.08.26, 14:49:24",97847737968,32857750463,1,Demos Visual Tests,vue(4/5)-screenshots-fluent-next.blue.light,fluent-next/update,failure,Run TestCafe tests,https://github.com/DevExpress/DevExtreme/actions/runs/32857750463/job/97847737968
"25.08.26, 14:49:24",97847737999,32857750463,1,Demos Visual Tests,vue(2/5)-screenshots-fluent-next.blue.light,fluent-next/update,failure,Run TestCafe tests,https://github.com/DevExpress/DevExtreme/actions/runs/32857750463/job/97847737999
"25.08.26, 14:49:24",97847738057,32857750463,1,Demos Visual Tests,angular(7/10)-screenshots-fluent-next.blue.light,fluent-next/update,failure,Run TestCafe tests,https://github.com/DevExpress/DevExtreme/actions/runs/32857750463/job/97847738057
"25.08.26, 14:49:24",97847738110,32857750463,1,Demos Visual Tests,angular(8/10)-screenshots-fluent-next.blue.light,fluent-next/update,failure,Run TestCafe tests,https://github.com/DevExpress/DevExtreme/actions/runs/32857750463/job/97847738110
"25.08.26, 14:49:24",97847738113,32857750463,1,Demos Visual Tests,vue(5/5)-screenshots-fluent-next.blue.light,fluent-next/update,failure,Run TestCafe tests,https://github.com/DevExpress/DevExtreme/actions/runs/32857750463/job/97847738113
"25.08.26, 14:49:24",97847738115,32857750463,1,Demos Visual Tests,angular(6/10)-screenshots-fluent-next.blue.light,fluent-next/update,failure,Run TestCafe tests,https://github.com/DevExpress/DevExtreme/actions/runs/32857750463/job/97847738115
"25.08.26, 14:49:24",97847738126,32857750463,1,Demos Visual Tests,angular(9/10)-screenshots-fluent-next.blue.light,fluent-next/update,failure,Run TestCafe tests,https://github.com/DevExpress/DevExtreme/actions/runs/32857750463/job/97847738126
"25.08.26, 14:49:24",97847738132,32857750463,1,Demos Visual Tests,angular(2/10)-screenshots-fluent-next.blue.light,fluent-next/update,failure,Run TestCafe tests,https://github.com/DevExpress/DevExtreme/actions/runs/32857750463/job/97847738132
"25.08.26, 14:49:24",97847738142,32857750463,1,Demos Visual Tests,angular(10/10)-screenshots-fluent-next.blue.light,fluent-next/update,failure,Run TestCafe tests,https://github.com/DevExpress/DevExtreme/actions/runs/32857750463/job/97847738142
"25.08.26, 14:49:24",97847738185,32857750463,1,Demos Visual Tests,angular(4/10)-screenshots-fluent-next.blue.light,fluent-next/update,failure,Run TestCafe tests,https://github.com/DevExpress/DevExtreme/actions/runs/32857750463/job/97847738185
"25.08.26, 18:51:15",97927075377,32857750463,2,Demos Visual Tests,jquery(3/3)-screenshots-fluent-next.blue.light,fluent-next/update,failure,Run TestCafe tests (jQuery),https://github.com/DevExpress/DevExtreme/actions/runs/32857750463/job/97927075377
"25.08.26, 18:51:15",97927075456,32857750463,2,Demos Visual Tests,jquery(2/3)-screenshots-fluent-next.blue.light,fluent-next/update,failure,Run TestCafe tests (jQuery),https://github.com/DevExpress/DevExtreme/actions/runs/32857750463/job/97927075456
"25.08.26, 18:51:15",97927075458,32857750463,2,Demos Visual Tests,jquery(1/3)-screenshots-fluent-next.blue.light,fluent-next/update,failure,Run TestCafe tests (jQuery),https://github.com/DevExpress/DevExtreme/actions/runs/32857750463/job/97927075458
"25.08.26, 18:51:15",97927075485,32857750463,2,Demos Visual Tests,jquery-accessibility-fluent-next.blue.dark,fluent-next/update,failure,Run TestCafe tests (jQuery),https://github.com/DevExpress/DevExtreme/actions/runs/32857750463/job/97927075485
"25.08.26, 18:51:15",97927078371,32857750463,2,Demos Visual Tests,vue(4/5)-screenshots-fluent-next.blue.light,fluent-next/update,failure,Run TestCafe tests,https://github.com/DevExpress/DevExtreme/actions/runs/32857750463/job/97927078371
"25.08.26, 18:51:15",97927078379,32857750463,2,Demos Visual Tests,vue(3/5)-screenshots-fluent-next.blue.light,fluent-next/update,failure,Run TestCafe tests,https://github.com/DevExpress/DevExtreme/actions/runs/32857750463/job/97927078379
"25.08.26, 18:51:15",97927078410,32857750463,2,Demos Visual Tests,react(1/3)-screenshots-fluent-next.blue.light,fluent-next/update,failure,Run TestCafe tests,https://github.com/DevExpress/DevExtreme/actions/runs/32857750463/job/97927078410
"25.08.26, 18:51:15",97927078417,32857750463,2,Demos Visual Tests,angular(2/10)-screenshots-fluent-next.blue.light,fluent-next/update,failure,Run TestCafe tests,https://github.com/DevExpress/DevExtreme/actions/runs/32857750463/job/97927078417
"25.08.26, 18:51:15",97927078427,32857750463,2,Demos Visual Tests,vue(5/5)-screenshots-fluent-next.blue.light,fluent-next/update,failure,Run TestCafe tests,https://github.com/DevExpress/DevExtreme/actions/runs/32857750463/job/97927078427
"25.08.26, 18:51:15",97927078445,32857750463,2,Demos Visual Tests,angular(4/10)-screenshots-fluent-next.blue.light,fluent-next/update,failure,Run TestCafe tests,https://github.com/DevExpress/DevExtreme/actions/runs/32857750463/job/97927078445
"25.08.26, 18:51:15",97927078449,32857750463,2,Demos Visual Tests,react(3/3)-screenshots-fluent-next.blue.light,fluent-next/update,failure,Run TestCafe tests,https://github.com/DevExpress/DevExtreme/actions/runs/32857750463/job/97927078449
"25.08.26, 18:51:15",97927078450,32857750463,2,Demos Visual Tests,angular(6/10)-screenshots-fluent-next.blue.light,fluent-next/update,failure,Run TestCafe tests,https://github.com/DevExpress/DevExtreme/actions/runs/32857750463/job/97927078450
"25.08.26, 18:51:15",97927078462,32857750463,2,Demos Visual Tests,vue(2/5)-screenshots-fluent-next.blue.light,fluent-next/update,failure,Run TestCafe tests,https://github.com/DevExpress/DevExtreme/actions/runs/32857750463/job/97927078462
"25.08.26, 18:51:15",97927078482,32857750463,2,Demos Visual Tests,react(2/3)-screenshots-fluent-next.blue.light,fluent-next/update,failure,Run TestCafe tests,https://github.com/DevExpress/DevExtreme/actions/runs/32857750463/job/97927078482
"25.08.26, 18:51:15",97927078487,32857750463,2,Demos Visual Tests,vue(1/5)-screenshots-fluent-next.blue.light,fluent-next/update,failure,Run TestCafe tests,https://github.com/DevExpress/DevExtreme/actions/runs/32857750463/job/97927078487
"25.08.26, 18:51:15",97927078614,32857750463,2,Demos Visual Tests,angular(7/10)-screenshots-fluent-next.blue.light,fluent-next/update,failure,Run TestCafe tests,https://github.com/DevExpress/DevExtreme/actions/runs/32857750463/job/97927078614
"25.08.26, 18:51:15",97927078621,32857750463,2,Demos Visual Tests,angular(10/10)-screenshots-fluent-next.blue.light,fluent-next/update,failure,Run TestCafe tests,https://github.com/DevExpress/DevExtreme/actions/runs/32857750463/job/97927078621
"25.08.26, 18:51:15",97927078643,32857750463,2,Demos Visual Tests,angular(9/10)-screenshots-fluent-next.blue.light,fluent-next/update,failure,Run TestCafe tests,https://github.com/DevExpress/DevExtreme/actions/runs/32857750463/job/97927078643
"25.08.26, 18:51:15",97927078666,32857750463,2,Demos Visual Tests,angular(8/10)-screenshots-fluent-next.blue.light,fluent-next/update,failure,Run TestCafe tests,https://github.com/DevExpress/DevExtreme/actions/runs/32857750463/job/97927078666
"25.08.26, 14:09:24",97833734141,32856302949,1,Demos Visual Tests,jquery(1/3)-screenshots-material.blue.light,26_1_4931-fab-fix-dead-_wrappercoveredelement-in-direction-logic-cherry-pick,failure,,https://github.com/DevExpress/DevExtreme/actions/runs/32856302949/job/97833734141
"25.08.26, 14:13:12",97835042332,32856215778,1,Demos Visual Tests,Build Demos Bundles,fluent-next/update,failure,,https://github.com/DevExpress/DevExtreme/actions/runs/32856215778/job/97835042332
"25.08.26, 14:13:12",97835042394,32856215778,1,Demos Visual Tests,CSP check (jQuery),fluent-next/update,failure,,https://github.com/DevExpress/DevExtreme/actions/runs/32856215778/job/97835042394
"25.08.26, 14:13:13",97835042950,32856215778,1,Demos Visual Tests,jquery(2/3)-screenshots-fluent-next.blue.light,fluent-next/update,failure,Run TestCafe tests (jQuery),https://github.com/DevExpress/DevExtreme/actions/runs/32856215778/job/97835042950
"25.08.26, 14:13:13",97835042984,32856215778,1,Demos Visual Tests,jquery(3/3)-screenshots-fluent-next.blue.light,fluent-next/update,failure,Run TestCafe tests (jQuery),https://github.com/DevExpress/DevExtreme/actions/runs/32856215778/job/97835042984
"25.08.26, 14:13:13",97835043008,32856215778,1,Demos Visual Tests,jquery(1/3)-screenshots-fluent-next.blue.light,fluent-next/update,failure,Run TestCafe tests (jQuery),https://github.com/DevExpress/DevExtreme/actions/runs/32856215778/job/97835043008
"25.08.26, 14:13:13",97835043011,32856215778,1,Demos Visual Tests,jquery-accessibility-fluent-next.blue.dark,fluent-next/update,failure,Run TestCafe tests (jQuery),https://github.com/DevExpress/DevExtreme/actions/runs/32856215778/job/97835043011
"25.08.26, 14:13:13",97835044126,32856215778,1,Demos Visual Tests,Check generated demos (changed only),fluent-next/update,cancelled,,https://github.com/DevExpress/DevExtreme/actions/runs/32856215778/job/97835044126
"25.08.26, 14:34:40",97842546744,32856215778,1,Demos Visual Tests,${{ matrix.CONSTEL }}-screenshots-${{ matrix.THEME }},fluent-next/update,cancelled,,https://github.com/DevExpress/DevExtreme/actions/runs/32856215778/job/97842546744
"25.08.26, 14:34:40",97842547281,32856215778,1,Demos Visual Tests,${{ matrix.CONSTEL }}-screenshots-${{ matrix.THEME }},fluent-next/update,cancelled,,https://github.com/DevExpress/DevExtreme/actions/runs/32856215778/job/97842547281
"25.08.26, 13:58:23",97829933278,32855147522,1,Demos Visual Tests,CSP check (Angular 2/3),26_1,failure,,https://github.com/DevExpress/DevExtreme/actions/runs/32855147522/job/97829933278
"25.08.26, 14:09:05",97833629111,32855147522,1,Demos Visual Tests,angular(8/10)-screenshots-fluent.blue.light,26_1,failure,,https://github.com/DevExpress/DevExtreme/actions/runs/32855147522/job/97833629111
"25.08.26, 13:54:02",97828449689,32854976785,1,Demos Visual Tests,jquery(2/3)-screenshots-material.blue.light,feature/26_2_new_fluent_theme_with_design_tokens,failure,,https://github.com/DevExpress/DevExtreme/actions/runs/32854976785/job/97828449689
"25.08.26, 14:02:22",97831314330,32854976785,1,Demos Visual Tests,angular(10/10)-screenshots-fluent.blue.light,feature/26_2_new_fluent_theme_with_design_tokens,failure,,https://github.com/DevExpress/DevExtreme/actions/runs/32854976785/job/97831314330
"25.08.26, 14:02:22",97831314405,32854976785,1,Demos Visual Tests,angular(6/10)-screenshots-fluent.blue.light,feature/26_2_new_fluent_theme_with_design_tokens,failure,,https://github.com/DevExpress/DevExtreme/actions/runs/32854976785/job/97831314405
"25.08.26, 14:02:22",97831314527,32854976785,1,Demos Visual Tests,angular(3/10)-screenshots-fluent.blue.light,feature/26_2_new_fluent_theme_with_design_tokens,failure,Run TestCafe tests,https://github.com/DevExpress/DevExtreme/actions/runs/32854976785/job/97831314527
"25.08.26, 14:13:51",97835264352,32854774731,1,Demos Visual Tests,angular(7/10)-screenshots-fluent.blue.light,26_1,failure,,https://github.com/DevExpress/DevExtreme/actions/runs/32854774731/job/97835264352
"25.08.26, 14:13:51",97835264733,32854774731,1,Demos Visual Tests,angular(6/10)-screenshots-fluent.blue.light,26_1,failure,,https://github.com/DevExpress/DevExtreme/actions/runs/32854774731/job/97835264733
"25.08.26, 14:01:49",97831126219,32854729838,1,Demos Visual Tests,merge-artifacts,refactor/gridcore-virtual-scrolling-refactor-26_2,cancelled,,https://github.com/DevExpress/DevExtreme/actions/runs/32854729838/job/97831126219
"25.08.26, 13:38:16",97823158174,32853480308,1,Demos Visual Tests,jquery(3/3)-screenshots-material.blue.light,gh-readonly-queue/main/pr-34907-c4ea77775bd64bd1a753fea32634c95130adcda3,failure,Run TestCafe tests (jQuery),https://github.com/DevExpress/DevExtreme/actions/runs/32853480308/job/97823158174
"25.08.26, 13:44:15",97825154050,32853480308,1,Demos Visual Tests,angular(1/10)-screenshots-fluent.blue.light,gh-readonly-queue/main/pr-34907-c4ea77775bd64bd1a753fea32634c95130adcda3,failure,Run TestCafe tests,https://github.com/DevExpress/DevExtreme/actions/runs/32853480308/job/97825154050
"25.08.26, 13:44:15",97825154212,32853480308,1,Demos Visual Tests,angular(9/10)-screenshots-fluent.blue.light,gh-readonly-queue/main/pr-34907-c4ea77775bd64bd1a753fea32634c95130adcda3,failure,,https://github.com/DevExpress/DevExtreme/actions/runs/32853480308/job/97825154212
"25.08.26, 13:44:14",97825146888,32853477608,1,Demos Visual Tests,vue(1/5)-screenshots-fluent.blue.light,gh-readonly-queue/main/pr-34905-44f7761a2d0d5486a171517296567b57c325cfa8,failure,,https://github.com/DevExpress/DevExtreme/actions/runs/32853477608/job/97825146888
"25.08.26, 13:44:14",97825146947,32853477608,1,Demos Visual Tests,vue(5/5)-screenshots-fluent.blue.light,gh-readonly-queue/main/pr-34905-44f7761a2d0d5486a171517296567b57c325cfa8,failure,,https://github.com/DevExpress/DevExtreme/actions/runs/32853477608/job/97825146947
"25.08.26, 13:36:38",97822625637,32853430477,1,Demos Visual Tests,CSP check (Angular 1/3),gh-readonly-queue/main/pr-34905-31580d0b97b6cce257401e4f97eb8ddfb72c74cb,failure,,https://github.com/DevExpress/DevExtreme/actions/runs/32853430477/job/97822625637
"25.08.26, 13:45:12",97825473043,32853430477,1,Demos Visual Tests,react(3/3)-screenshots-fluent.blue.light,gh-readonly-queue/main/pr-34905-31580d0b97b6cce257401e4f97eb8ddfb72c74cb,failure,,https://github.com/DevExpress/DevExtreme/actions/runs/32853430477/job/97825473043
"25.08.26, 13:45:12",97825473070,32853430477,1,Demos Visual Tests,vue(2/5)-screenshots-fluent.blue.light,gh-readonly-queue/main/pr-34905-31580d0b97b6cce257401e4f97eb8ddfb72c74cb,failure,,https://github.com/DevExpress/DevExtreme/actions/runs/32853430477/job/97825473070
"25.08.26, 13:45:12",97825473127,32853430477,1,Demos Visual Tests,angular(8/10)-screenshots-fluent.blue.light,gh-readonly-queue/main/pr-34905-31580d0b97b6cce257401e4f97eb8ddfb72c74cb,failure,,https://github.com/DevExpress/DevExtreme/actions/runs/32853430477/job/97825473127
"25.08.26, 13:45:12",97825473146,32853430477,1,Demos Visual Tests,angular(3/10)-screenshots-fluent.blue.light,gh-readonly-queue/main/pr-34905-31580d0b97b6cce257401e4f97eb8ddfb72c74cb,failure,,https://github.com/DevExpress/DevExtreme/actions/runs/32853430477/job/97825473146
"25.08.26, 13:44:12",97825138612,32853408115,1,Demos Visual Tests,angular(5/10)-screenshots-fluent.blue.light,26_1,failure,Run TestCafe tests,https://github.com/DevExpress/DevExtreme/actions/runs/32853408115/job/97825138612
"25.08.26, 13:44:12",97825138665,32853408115,1,Demos Visual Tests,angular(2/10)-screenshots-fluent.blue.light,26_1,failure,Run TestCafe tests,https://github.com/DevExpress/DevExtreme/actions/runs/32853408115/job/97825138665
"25.08.26, 13:44:12",97825138693,32853408115,1,Demos Visual Tests,angular(4/10)-screenshots-fluent.blue.light,26_1,failure,,https://github.com/DevExpress/DevExtreme/actions/runs/32853408115/job/97825138693
"25.08.26, 14:00:04",97830508901,32851552665,1,Demos Visual Tests,CSP check (Vue 1/2),fluent-next/sync,failure,,https://github.com/DevExpress/DevExtreme/actions/runs/32851552665/job/97830508901
"25.08.26, 14:00:04",97830509057,32851552665,1,Demos Visual Tests,CSP check (Angular 2/3),fluent-next/sync,failure,,https://github.com/DevExpress/DevExtreme/actions/runs/32851552665/job/97830509057
"25.08.26, 14:12:30",97834804157,32851552665,1,Demos Visual Tests,react(2/3)-screenshots-fluent-next.blue.light,fluent-next/sync,failure,,https://github.com/DevExpress/DevExtreme/actions/runs/32851552665/job/97834804157
"25.08.26, 14:12:30",97834804238,32851552665,1,Demos Visual Tests,angular(1/10)-screenshots-fluent.blue.light,fluent-next/sync,failure,,https://github.com/DevExpress/DevExtreme/actions/runs/32851552665/job/97834804238
"25.08.26, 14:12:30",97834804343,32851552665,1,Demos Visual Tests,angular(4/10)-screenshots-fluent-next.blue.light,fluent-next/sync,failure,,https://github.com/DevExpress/DevExtreme/actions/runs/32851552665/job/97834804343
"25.08.26, 14:12:30",97834804395,32851552665,1,Demos Visual Tests,angular(1/10)-screenshots-fluent-next.blue.light,fluent-next/sync,failure,,https://github.com/DevExpress/DevExtreme/actions/runs/32851552665/job/97834804395
"25.08.26, 14:12:30",97834804441,32851552665,1,Demos Visual Tests,angular(8/10)-screenshots-fluent.blue.light,fluent-next/sync,cancelled,Run TestCafe tests,https://github.com/DevExpress/DevExtreme/actions/runs/32851552665/job/97834804441
"25.08.26, 14:12:30",97834804537,32851552665,1,Demos Visual Tests,angular(9/10)-screenshots-fluent.blue.light,fluent-next/sync,failure,Run TestCafe tests,https://github.com/DevExpress/DevExtreme/actions/runs/32851552665/job/97834804537
"25.08.26, 12:41:01",97805081216,32848366481,1,Demos Visual Tests,jquery(2/3)-screenshots-fluent.blue.light,fix/main-ro-localization-errors,failure,,https://github.com/DevExpress/DevExtreme/actions/runs/32848366481/job/97805081216
"25.08.26, 12:35:20",97803390681,32847518199,1,Demos Visual Tests,jquery(3/3)-screenshots-fluent-next.blue.light,fluent-next/sync,failure,Run TestCafe tests (jQuery),https://github.com/DevExpress/DevExtreme/actions/runs/32847518199/job/97803390681
"25.08.26, 12:35:20",97803390727,32847518199,1,Demos Visual Tests,jquery(2/3)-screenshots-fluent-next.blue.light,fluent-next/sync,failure,Run TestCafe tests (jQuery),https://github.com/DevExpress/DevExtreme/actions/runs/32847518199/job/97803390727
"25.08.26, 12:35:20",97803390735,32847518199,1,Demos Visual Tests,jquery(1/3)-screenshots-fluent-next.blue.light,fluent-next/sync,failure,Run TestCafe tests (jQuery),https://github.com/DevExpress/DevExtreme/actions/runs/32847518199/job/97803390735
"25.08.26, 12:39:49",97804718038,32847518199,1,Demos Visual Tests,react(1/3)-screenshots-fluent-next.blue.light,fluent-next/sync,failure,Run TestCafe tests,https://github.com/DevExpress/DevExtreme/actions/runs/32847518199/job/97804718038
"25.08.26, 12:39:49",97804718103,32847518199,1,Demos Visual Tests,react(3/3)-screenshots-fluent-next.blue.light,fluent-next/sync,failure,Run TestCafe tests,https://github.com/DevExpress/DevExtreme/actions/runs/32847518199/job/97804718103
"25.08.26, 12:39:49",97804718108,32847518199,1,Demos Visual Tests,react(2/3)-screenshots-fluent-next.blue.light,fluent-next/sync,failure,Run TestCafe tests,https://github.com/DevExpress/DevExtreme/actions/runs/32847518199/job/97804718108
"25.08.26, 12:39:49",97804718113,32847518199,1,Demos Visual Tests,vue(3/5)-screenshots-fluent-next.blue.light,fluent-next/sync,failure,Run TestCafe tests,https://github.com/DevExpress/DevExtreme/actions/runs/32847518199/job/97804718113
"25.08.26, 12:39:49",97804718122,32847518199,1,Demos Visual Tests,vue(2/5)-screenshots-fluent-next.blue.light,fluent-next/sync,failure,Run TestCafe tests,https://github.com/DevExpress/DevExtreme/actions/runs/32847518199/job/97804718122
"25.08.26, 12:39:49",97804718171,32847518199,1,Demos Visual Tests,angular(2/10)-screenshots-fluent-next.blue.light,fluent-next/sync,failure,Run TestCafe tests,https://github.com/DevExpress/DevExtreme/actions/runs/32847518199/job/97804718171
"25.08.26, 12:39:49",97804718196,32847518199,1,Demos Visual Tests,angular(6/10)-screenshots-fluent-next.blue.light,fluent-next/sync,failure,Run TestCafe tests,https://github.com/DevExpress/DevExtreme/actions/runs/32847518199/job/97804718196
"25.08.26, 12:39:49",97804718213,32847518199,1,Demos Visual Tests,vue(2/5)-screenshots-fluent.blue.light,fluent-next/sync,failure,,https://github.com/DevExpress/DevExtreme/actions/runs/32847518199/job/97804718213
"25.08.26, 12:39:49",97804718237,32847518199,1,Demos Visual Tests,vue(1/5)-screenshots-fluent-next.blue.light,fluent-next/sync,failure,Run TestCafe tests,https://github.com/DevExpress/DevExtreme/actions/runs/32847518199/job/97804718237
"25.08.26, 12:39:49",97804718244,32847518199,1,Demos Visual Tests,angular(3/10)-screenshots-fluent-next.blue.light,fluent-next/sync,failure,Run TestCafe tests,https://github.com/DevExpress/DevExtreme/actions/runs/32847518199/job/97804718244
"25.08.26, 12:39:49",97804718256,32847518199,1,Demos Visual Tests,vue(5/5)-screenshots-fluent-next.blue.light,fluent-next/sync,failure,Run TestCafe tests,https://github.com/DevExpress/DevExtreme/actions/runs/32847518199/job/97804718256
"25.08.26, 12:39:49",97804718261,32847518199,1,Demos Visual Tests,angular(9/10)-screenshots-fluent-next.blue.light,fluent-next/sync,failure,Run TestCafe tests,https://github.com/DevExpress/DevExtreme/actions/runs/32847518199/job/97804718261
"25.08.26, 12:39:49",97804718264,32847518199,1,Demos Visual Tests,angular(8/10)-screenshots-fluent-next.blue.light,fluent-next/sync,failure,Run TestCafe tests,https://github.com/DevExpress/DevExtreme/actions/runs/32847518199/job/97804718264
"25.08.26, 12:39:49",97804718303,32847518199,1,Demos Visual Tests,angular(10/10)-screenshots-fluent-next.blue.light,fluent-next/sync,failure,Run TestCafe tests,https://github.com/DevExpress/DevExtreme/actions/runs/32847518199/job/97804718303
"25.08.26, 12:39:49",97804718309,32847518199,1,Demos Visual Tests,vue(4/5)-screenshots-fluent-next.blue.light,fluent-next/sync,failure,Run TestCafe tests,https://github.com/DevExpress/DevExtreme/actions/runs/32847518199/job/97804718309
"25.08.26, 12:39:49",97804718341,32847518199,1,Demos Visual Tests,angular(1/10)-screenshots-fluent-next.blue.light,fluent-next/sync,failure,Run TestCafe tests,https://github.com/DevExpress/DevExtreme/actions/runs/32847518199/job/97804718341
"25.08.26, 12:39:49",97804718506,32847518199,1,Demos Visual Tests,angular(6/10)-screenshots-fluent.blue.light,fluent-next/sync,cancelled,Run TestCafe tests,https://github.com/DevExpress/DevExtreme/actions/runs/32847518199/job/97804718506
"25.08.26, 12:09:58",97796030047,32845192121,1,Demos Visual Tests,jquery(3/3)-screenshots-fluent-next.blue.light,feature/26_2_new_fluent_theme_with_design_tokens,failure,Run TestCafe tests (jQuery),https://github.com/DevExpress/DevExtreme/actions/runs/32845192121/job/97796030047
"25.08.26, 12:09:58",97796030079,32845192121,1,Demos Visual Tests,jquery(1/3)-screenshots-fluent-next.blue.light,feature/26_2_new_fluent_theme_with_design_tokens,failure,Run TestCafe tests (jQuery),https://github.com/DevExpress/DevExtreme/actions/runs/32845192121/job/97796030079
"25.08.26, 12:09:58",97796030165,32845192121,1,Demos Visual Tests,jquery(2/3)-screenshots-fluent-next.blue.light,feature/26_2_new_fluent_theme_with_design_tokens,failure,Run TestCafe tests (jQuery),https://github.com/DevExpress/DevExtreme/actions/runs/32845192121/job/97796030165
"25.08.26, 12:15:01",97797509319,32845192121,1,Demos Visual Tests,react(2/3)-screenshots-fluent-next.blue.light,feature/26_2_new_fluent_theme_with_design_tokens,failure,Run TestCafe tests,https://github.com/DevExpress/DevExtreme/actions/runs/32845192121/job/97797509319
"25.08.26, 12:15:01",97797509346,32845192121,1,Demos Visual Tests,vue(1/5)-screenshots-fluent-next.blue.light,feature/26_2_new_fluent_theme_with_design_tokens,failure,Run TestCafe tests,https://github.com/DevExpress/DevExtreme/actions/runs/32845192121/job/97797509346
"25.08.26, 12:15:01",97797509349,32845192121,1,Demos Visual Tests,angular(1/10)-screenshots-fluent-next.blue.light,feature/26_2_new_fluent_theme_with_design_tokens,failure,Run TestCafe tests,https://github.com/DevExpress/DevExtreme/actions/runs/32845192121/job/97797509349
"25.08.26, 12:15:01",97797509353,32845192121,1,Demos Visual Tests,react(1/3)-screenshots-fluent-next.blue.light,feature/26_2_new_fluent_theme_with_design_tokens,failure,Run TestCafe tests,https://github.com/DevExpress/DevExtreme/actions/runs/32845192121/job/97797509353
"25.08.26, 12:15:01",97797509355,32845192121,1,Demos Visual Tests,vue(3/5)-screenshots-fluent-next.blue.light,feature/26_2_new_fluent_theme_with_design_tokens,failure,Run TestCafe tests,https://github.com/DevExpress/DevExtreme/actions/runs/32845192121/job/97797509355
"25.08.26, 12:15:01",97797509430,32845192121,1,Demos Visual Tests,react(3/3)-screenshots-fluent-next.blue.light,feature/26_2_new_fluent_theme_with_design_tokens,failure,Run TestCafe tests,https://github.com/DevExpress/DevExtreme/actions/runs/32845192121/job/97797509430
"25.08.26, 12:15:01",97797509439,32845192121,1,Demos Visual Tests,vue(4/5)-screenshots-fluent-next.blue.light,feature/26_2_new_fluent_theme_with_design_tokens,failure,Run TestCafe tests,https://github.com/DevExpress/DevExtreme/actions/runs/32845192121/job/97797509439
"25.08.26, 12:15:01",97797509464,32845192121,1,Demos Visual Tests,vue(2/5)-screenshots-fluent-next.blue.light,feature/26_2_new_fluent_theme_with_design_tokens,failure,Run TestCafe tests,https://github.com/DevExpress/DevExtreme/actions/runs/32845192121/job/97797509464
"25.08.26, 12:15:01",97797509487,32845192121,1,Demos Visual Tests,angular(6/10)-screenshots-fluent-next.blue.light,feature/26_2_new_fluent_theme_with_design_tokens,failure,Run TestCafe tests,https://github.com/DevExpress/DevExtreme/actions/runs/32845192121/job/97797509487
"25.08.26, 12:15:01",97797509495,32845192121,1,Demos Visual Tests,vue(5/5)-screenshots-fluent-next.blue.light,feature/26_2_new_fluent_theme_with_design_tokens,failure,Run TestCafe tests,https://github.com/DevExpress/DevExtreme/actions/runs/32845192121/job/97797509495
"25.08.26, 12:15:01",97797509529,32845192121,1,Demos Visual Tests,angular(2/10)-screenshots-fluent-next.blue.light,feature/26_2_new_fluent_theme_with_design_tokens,failure,Run TestCafe tests,https://github.com/DevExpress/DevExtreme/actions/runs/32845192121/job/97797509529
"25.08.26, 12:15:01",97797509541,32845192121,1,Demos Visual Tests,angular(10/10)-screenshots-fluent-next.blue.light,feature/26_2_new_fluent_theme_with_design_tokens,failure,Run TestCafe tests,https://github.com/DevExpress/DevExtreme/actions/runs/32845192121/job/97797509541
"25.08.26, 12:15:01",97797509565,32845192121,1,Demos Visual Tests,angular(9/10)-screenshots-fluent-next.blue.light,feature/26_2_new_fluent_theme_with_design_tokens,failure,Run TestCafe tests,https://github.com/DevExpress/DevExtreme/actions/runs/32845192121/job/97797509565
"25.08.26, 12:15:01",97797509614,32845192121,1,Demos Visual Tests,angular(3/10)-screenshots-fluent-next.blue.light,feature/26_2_new_fluent_theme_with_design_tokens,failure,Run TestCafe tests,https://github.com/DevExpress/DevExtreme/actions/runs/32845192121/job/97797509614
"25.08.26, 12:15:01",97797509642,32845192121,1,Demos Visual Tests,angular(8/10)-screenshots-fluent-next.blue.light,feature/26_2_new_fluent_theme_with_design_tokens,failure,Run TestCafe tests,https://github.com/DevExpress/DevExtreme/actions/runs/32845192121/job/97797509642
"25.08.26, 10:57:08",97776554090,32838916907,1,Demos Visual Tests,CSP check (jQuery),guid-insecure,failure,,https://github.com/DevExpress/DevExtreme/actions/runs/32838916907/job/97776554090
"25.08.26, 10:57:08",97776554148,32838916907,1,Demos Visual Tests,jquery(1/3)-screenshots-material.blue.light,guid-insecure,failure,,https://github.com/DevExpress/DevExtreme/actions/runs/32838916907/job/97776554148
"25.08.26, 10:57:08",97776554247,32838916907,1,Demos Visual Tests,jquery(1/3)-screenshots-fluent.blue.light,guid-insecure,failure,,https://github.com/DevExpress/DevExtreme/actions/runs/32838916907/job/97776554247
"25.08.26, 10:57:08",97776555418,32838916907,1,Demos Visual Tests,Check TS and lint code base,guid-insecure,cancelled,,https://github.com/DevExpress/DevExtreme/actions/runs/32838916907/job/97776555418
"25.08.26, 10:57:08",97776555472,32838916907,1,Demos Visual Tests,"matrix.SHARD_TOTAL == 1 && format('CSP check ({0})', matrix.FRAMEWORK) || format('CSP check ({0} {1}/{2})', matrix.FRAMEWORK, matrix.SHARD_INDEX, matrix.SHARD_TOTAL)",guid-insecure,cancelled,,https://github.com/DevExpress/DevExtreme/actions/runs/32838916907/job/97776555472
"25.08.26, 10:57:08",97776555486,32838916907,1,Demos Visual Tests,Check generated demos (changed only),guid-insecure,cancelled,,https://github.com/DevExpress/DevExtreme/actions/runs/32838916907/job/97776555486
"25.08.26, 10:57:08",97776555519,32838916907,1,Demos Visual Tests,Build Demos Bundles,guid-insecure,cancelled,,https://github.com/DevExpress/DevExtreme/actions/runs/32838916907/job/97776555519
"25.08.26, 10:57:08",97776555563,32838916907,1,Demos Visual Tests,Check generated demos,guid-insecure,cancelled,,https://github.com/DevExpress/DevExtreme/actions/runs/32838916907/job/97776555563
"25.08.26, 10:57:08",97776555877,32838916907,1,Demos Visual Tests,${{ matrix.CONSTEL }}-screenshots-${{ matrix.THEME }},guid-insecure,cancelled,,https://github.com/DevExpress/DevExtreme/actions/runs/32838916907/job/97776555877
"25.08.26, 10:57:08",97776556356,32838916907,1,Demos Visual Tests,${{ matrix.CONSTEL }}-screenshots-${{ matrix.THEME }},guid-insecure,cancelled,,https://github.com/DevExpress/DevExtreme/actions/runs/32838916907/job/97776556356
"25.08.26, 10:55:32",97776137803,32838623895,1,Demos Visual Tests,CSP check (jQuery),issue-5003_26_1,failure,,https://github.com/DevExpress/DevExtreme/actions/runs/32838623895/job/97776137803
"25.08.26, 10:55:32",97776137866,32838623895,1,Demos Visual Tests,jquery(3/3)-screenshots-material.blue.light,issue-5003_26_1,failure,,https://github.com/DevExpress/DevExtreme/actions/runs/32838623895/job/97776137866
"25.08.26, 10:55:32",97776137882,32838623895,1,Demos Visual Tests,CSP check (Vue 1/2),issue-5003_26_1,failure,,https://github.com/DevExpress/DevExtreme/actions/runs/32838623895/job/97776137882
"25.08.26, 10:55:32",97776138045,32838623895,1,Demos Visual Tests,jquery(1/3)-screenshots-fluent.blue.light,issue-5003_26_1,failure,,https://github.com/DevExpress/DevExtreme/actions/runs/32838623895/job/97776138045
"25.08.26, 10:55:32",97776138133,32838623895,1,Demos Visual Tests,jquery-accessibility-material.blue.dark,issue-5003_26_1,failure,,https://github.com/DevExpress/DevExtreme/actions/runs/32838623895/job/97776138133
"25.08.26, 10:36:40",97771333808,32837358367,1,Demos Visual Tests,Check generated demos (changed only),playwright-wrappers-e2e-stage1,cancelled,,https://github.com/DevExpress/DevExtreme/actions/runs/32837358367/job/97771333808
"25.08.26, 10:36:40",97771333823,32837358367,1,Demos Visual Tests,Build Demos Bundles,playwright-wrappers-e2e-stage1,cancelled,,https://github.com/DevExpress/DevExtreme/actions/runs/32837358367/job/97771333823
"25.08.26, 10:36:40",97771333896,32837358367,1,Demos Visual Tests,"matrix.SHARD_TOTAL == 1 && format('CSP check ({0})', matrix.FRAMEWORK) || format('CSP check ({0} {1}/{2})', matrix.FRAMEWORK, matrix.SHARD_INDEX, matrix.SHARD_TOTAL)",playwright-wrappers-e2e-stage1,cancelled,,https://github.com/DevExpress/DevExtreme/actions/runs/32837358367/job/97771333896
"25.08.26, 10:36:40",97771333966,32837358367,1,Demos Visual Tests,Check generated demos,playwright-wrappers-e2e-stage1,cancelled,,https://github.com/DevExpress/DevExtreme/actions/runs/32837358367/job/97771333966
"25.08.26, 10:36:40",97771334102,32837358367,1,Demos Visual Tests,Check TS and lint code base,playwright-wrappers-e2e-stage1,cancelled,,https://github.com/DevExpress/DevExtreme/actions/runs/32837358367/job/97771334102
"25.08.26, 10:36:40",97771334530,32837358367,1,Demos Visual Tests,${{ matrix.CONSTEL }}-screenshots-${{ matrix.THEME }},playwright-wrappers-e2e-stage1,cancelled,,https://github.com/DevExpress/DevExtreme/actions/runs/32837358367/job/97771334530
"25.08.26, 10:36:40",97771334796,32837358367,1,Demos Visual Tests,${{ matrix.CONSTEL }}-screenshots-${{ matrix.THEME }},playwright-wrappers-e2e-stage1,cancelled,,https://github.com/DevExpress/DevExtreme/actions/runs/32837358367/job/97771334796
"25.08.26, 10:47:02",97773951060,32837358367,1,Demos Visual Tests,merge-artifacts,playwright-wrappers-e2e-stage1,cancelled,,https://github.com/DevExpress/DevExtreme/actions/runs/32837358367/job/97773951060
"25.08.26, 10:35:37",97771062664,32836760696,1,Demos Visual Tests,angular(4/10)-screenshots-fluent.blue.light,26_1,failure,Run TestCafe tests,https://github.com/DevExpress/DevExtreme/actions/runs/32836760696/job/97771062664
"25.08.26, 10:35:37",97771062679,32836760696,1,Demos Visual Tests,angular(1/10)-screenshots-fluent.blue.light,26_1,failure,Run TestCafe tests,https://github.com/DevExpress/DevExtreme/actions/runs/32836760696/job/97771062679
"25.08.26, 10:35:37",97771062707,32836760696,1,Demos Visual Tests,angular(3/10)-screenshots-fluent.blue.light,26_1,failure,Run TestCafe tests,https://github.com/DevExpress/DevExtreme/actions/runs/32836760696/job/97771062707
"25.08.26, 10:35:37",97771062763,32836760696,1,Demos Visual Tests,angular(2/10)-screenshots-fluent.blue.light,26_1,failure,Run TestCafe tests,https://github.com/DevExpress/DevExtreme/actions/runs/32836760696/job/97771062763
"25.08.26, 08:20:22",97734321160,32825339296,1,Demos Visual Tests,Build Demos Bundles,gh-readonly-queue/main/pr-34880-f4b1bcb1dc819c50512716229b1c0cdbf4e28ba3,failure,,https://github.com/DevExpress/DevExtreme/actions/runs/32825339296/job/97734321160
"25.08.26, 08:20:22",97734321324,32825339296,1,Demos Visual Tests,CSP check (Angular 1/3),gh-readonly-queue/main/pr-34880-f4b1bcb1dc819c50512716229b1c0cdbf4e28ba3,failure,,https://github.com/DevExpress/DevExtreme/actions/runs/32825339296/job/97734321324
"25.08.26, 08:20:22",97734321410,32825339296,1,Demos Visual Tests,jquery-accessibility-material.blue.dark,gh-readonly-queue/main/pr-34880-f4b1bcb1dc819c50512716229b1c0cdbf4e28ba3,failure,,https://github.com/DevExpress/DevExtreme/actions/runs/32825339296/job/97734321410
"25.08.26, 10:57:08",97776553816,32825339296,2,Demos Visual Tests,CSP check (Angular 1/3),gh-readonly-queue/main/pr-34880-f4b1bcb1dc819c50512716229b1c0cdbf4e28ba3,failure,,https://github.com/DevExpress/DevExtreme/actions/runs/32825339296/job/97776553816
"25.08.26, 10:57:08",97776554087,32825339296,2,Demos Visual Tests,jquery-accessibility-material.blue.dark,gh-readonly-queue/main/pr-34880-f4b1bcb1dc819c50512716229b1c0cdbf4e28ba3,failure,,https://github.com/DevExpress/DevExtreme/actions/runs/32825339296/job/97776554087
"25.08.26, 11:03:14",97778139566,32825339296,2,Demos Visual Tests,angular(2/10)-screenshots-fluent.blue.light,gh-readonly-queue/main/pr-34880-f4b1bcb1dc819c50512716229b1c0cdbf4e28ba3,failure,Install dependencies,https://github.com/DevExpress/DevExtreme/actions/runs/32825339296/job/97778139566
"25.08.26, 07:47:56",97726023526,32822575656,1,Demos Visual Tests,Check TS and lint code base,feature/fix-scoped-styles,failure,Check TS and lint results,https://github.com/DevExpress/DevExtreme/actions/runs/32822575656/job/97726023526
"25.08.26, 07:51:30",97726923109,32822575656,1,Demos Visual Tests,vue-screenshots-fluent.blue.light,feature/fix-scoped-styles,failure,Run TestCafe tests,https://github.com/DevExpress/DevExtreme/actions/runs/32822575656/job/97726923109
"25.08.26, 07:51:30",97726923183,32822575656,1,Demos Visual Tests,react-screenshots-fluent.blue.light,feature/fix-scoped-styles,failure,Run TestCafe tests,https://github.com/DevExpress/DevExtreme/actions/runs/32822575656/job/97726923183
"25.08.26, 07:51:30",97726923241,32822575656,1,Demos Visual Tests,angular-screenshots-fluent.blue.light,feature/fix-scoped-styles,cancelled,Run TestCafe tests,https://github.com/DevExpress/DevExtreme/actions/runs/32822575656/job/97726923241
"25.08.26, 07:53:41",97727459588,32822022909,1,Demos Visual Tests,angular(1/10)-screenshots-fluent.blue.light,gh-readonly-queue/main/pr-34875-e9f2765de8cecbd89e5b60404524b3ab215c5b51,failure,Run TestCafe tests,https://github.com/DevExpress/DevExtreme/actions/runs/32822022909/job/97727459588
"25.08.26, 07:45:58",97725530515,32822015948,1,Demos Visual Tests,angular(1/10)-screenshots-fluent.blue.light,26_1,cancelled,Run TestCafe tests,https://github.com/DevExpress/DevExtreme/actions/runs/32822015948/job/97725530515
"25.08.26, 07:45:58",97725530535,32822015948,1,Demos Visual Tests,angular(3/10)-screenshots-fluent.blue.light,26_1,failure,Run TestCafe tests,https://github.com/DevExpress/DevExtreme/actions/runs/32822015948/job/97725530535
"25.08.26, 06:46:11",97711329995,32816987833,1,Demos Visual Tests,jquery-accessibility-fluent.blue.light,typescript/ui/create_component_options,failure,Run TestCafe tests (jQuery),https://github.com/DevExpress/DevExtreme/actions/runs/32816987833/job/97711329995
"25.08.26, 06:29:07",97707686608,32816797998,1,Demos Visual Tests,"matrix.SHARD_TOTAL == 1 && format('CSP check ({0})', matrix.FRAMEWORK) || format('CSP check ({0} {1}/{2})', matrix.FRAMEWORK, matrix.SHARD_INDEX, matrix.SHARD_TOTAL)",typescript/ui/create_component_options,cancelled,,https://github.com/DevExpress/DevExtreme/actions/runs/32816797998/job/97707686608
"25.08.26, 06:29:07",97707686713,32816797998,1,Demos Visual Tests,Check generated demos,typescript/ui/create_component_options,cancelled,,https://github.com/DevExpress/DevExtreme/actions/runs/32816797998/job/97707686713
"25.08.26, 06:29:07",97707686848,32816797998,1,Demos Visual Tests,Check TS and lint code base,typescript/ui/create_component_options,cancelled,,https://github.com/DevExpress/DevExtreme/actions/runs/32816797998/job/97707686848
"25.08.26, 06:29:07",97707686919,32816797998,1,Demos Visual Tests,Check generated demos (changed only),typescript/ui/create_component_options,cancelled,,https://github.com/DevExpress/DevExtreme/actions/runs/32816797998/job/97707686919
"25.08.26, 06:29:07",97707687056,32816797998,1,Demos Visual Tests,Build Demos Bundles,typescript/ui/create_component_options,cancelled,,https://github.com/DevExpress/DevExtreme/actions/runs/32816797998/job/97707687056
"25.08.26, 06:29:07",97707687070,32816797998,1,Demos Visual Tests,${{ matrix.CONSTEL }}-screenshots-${{ matrix.THEME }},typescript/ui/create_component_options,cancelled,,https://github.com/DevExpress/DevExtreme/actions/runs/32816797998/job/97707687070
"25.08.26, 06:29:07",97707687271,32816797998,1,Demos Visual Tests,${{ matrix.CONSTEL }}-screenshots-${{ matrix.THEME }},typescript/ui/create_component_options,cancelled,,https://github.com/DevExpress/DevExtreme/actions/runs/32816797998/job/97707687271
"25.08.26, 06:38:31",97709684881,32816797998,1,Demos Visual Tests,merge-artifacts,typescript/ui/create_component_options,cancelled,,https://github.com/DevExpress/DevExtreme/actions/runs/32816797998/job/97709684881
"25.08.26, 15:27:24",97860962049,32865412064,1,Wrappers Tests,test (react),26_1,failure,,https://github.com/DevExpress/DevExtreme/actions/runs/32865412064/job/97860962049
"25.08.26, 15:14:40",97856536347,32864076328,1,Wrappers Tests,test (angular),T1329677-fix,cancelled,Test angular,https://github.com/DevExpress/DevExtreme/actions/runs/32864076328/job/97856536347
"25.08.26, 15:14:40",97856536355,32864076328,1,Wrappers Tests,test (vue),T1329677-fix,cancelled,Test vue,https://github.com/DevExpress/DevExtreme/actions/runs/32864076328/job/97856536355
"25.08.26, 15:14:40",97856536576,32864076328,1,Wrappers Tests,test (react),T1329677-fix,cancelled,Test react,https://github.com/DevExpress/DevExtreme/actions/runs/32864076328/job/97856536576
"25.08.26, 15:08:20",97854341778,32863366419,1,Wrappers Tests,test (angular),T1329677-fix,cancelled,Setup nx cache,https://github.com/DevExpress/DevExtreme/actions/runs/32863366419/job/97854341778
"25.08.26, 15:08:20",97854341793,32863366419,1,Wrappers Tests,test (vue),T1329677-fix,cancelled,Test vue,https://github.com/DevExpress/DevExtreme/actions/runs/32863366419/job/97854341793
"25.08.26, 15:08:20",97854341986,32863366419,1,Wrappers Tests,test (react),T1329677-fix,cancelled,Test react,https://github.com/DevExpress/DevExtreme/actions/runs/32863366419/job/97854341986
"25.08.26, 14:41:58",97845108719,32861021078,1,Wrappers Tests,check-regenerate,lavrov/dash-style-type-2,failure,Generate wrappers,https://github.com/DevExpress/DevExtreme/actions/runs/32861021078/job/97845108719
"25.08.26, 14:36:38",97843241473,32860574102,1,Wrappers Tests,build,lavrov/dash-style-type-2,cancelled,Build devextreme package,https://github.com/DevExpress/DevExtreme/actions/runs/32860574102/job/97843241473
"25.08.26, 14:36:38",97843241933,32860574102,1,Wrappers Tests,check-regenerate,lavrov/dash-style-type-2,failure,Generate wrappers,https://github.com/DevExpress/DevExtreme/actions/runs/32860574102/job/97843241933
"25.08.26, 14:41:57",97845107324,32860574102,1,Wrappers Tests,test,lavrov/dash-style-type-2,cancelled,,https://github.com/DevExpress/DevExtreme/actions/runs/32860574102/job/97845107324
"25.08.26, 14:13:20",97835082480,32858132927,1,Wrappers Tests,check-regenerate,T1329677-fix,cancelled,,https://github.com/DevExpress/DevExtreme/actions/runs/32858132927/job/97835082480
"25.08.26, 14:07:53",97833218075,32856302553,1,Wrappers Tests,test (angular),26_1_4931-fab-fix-dead-_wrappercoveredelement-in-direction-logic-cherry-pick,failure,,https://github.com/DevExpress/DevExtreme/actions/runs/32856302553/job/97833218075
"25.08.26, 13:54:52",97828729237,32856215761,1,Wrappers Tests,build,fluent-next/update,cancelled,,https://github.com/DevExpress/DevExtreme/actions/runs/32856215761/job/97828729237
"25.08.26, 14:09:39",97833822990,32856215761,1,Wrappers Tests,test,fluent-next/update,cancelled,,https://github.com/DevExpress/DevExtreme/actions/runs/32856215761/job/97833822990
"25.08.26, 13:47:59",97826406309,32854729987,1,Wrappers Tests,test (vue),refactor/gridcore-virtual-scrolling-refactor-26_2,cancelled,Test vue,https://github.com/DevExpress/DevExtreme/actions/runs/32854729987/job/97826406309
"25.08.26, 13:47:59",97826406328,32854729987,1,Wrappers Tests,test (angular),refactor/gridcore-virtual-scrolling-refactor-26_2,cancelled,Test angular,https://github.com/DevExpress/DevExtreme/actions/runs/32854729987/job/97826406328
"25.08.26, 13:47:59",97826406910,32854729987,1,Wrappers Tests,test (react),refactor/gridcore-virtual-scrolling-refactor-26_2,cancelled,Post Setup nx cache,https://github.com/DevExpress/DevExtreme/actions/runs/32854729987/job/97826406910
"25.08.26, 13:32:22",97821200664,32853427747,1,Wrappers Tests,test (angular),26_1,cancelled,,https://github.com/DevExpress/DevExtreme/actions/runs/32853427747/job/97821200664
"25.08.26, 13:27:11",97819481137,32853408091,1,Wrappers Tests,check-regenerate,26_1,cancelled,Install dependencies,https://github.com/DevExpress/DevExtreme/actions/runs/32853408091/job/97819481137
"25.08.26, 13:27:11",97819481475,32853408091,1,Wrappers Tests,build,26_1,cancelled,,https://github.com/DevExpress/DevExtreme/actions/runs/32853408091/job/97819481475
"25.08.26, 13:27:22",97819545289,32853408091,1,Wrappers Tests,test,26_1,cancelled,,https://github.com/DevExpress/DevExtreme/actions/runs/32853408091/job/97819545289
"25.08.26, 12:41:34",97805239433,32848545704,1,Wrappers Tests,test (angular),grid_data_remove_adaptiveColumnsController_part_2_26_1,failure,,https://github.com/DevExpress/DevExtreme/actions/runs/32848545704/job/97805239433
"25.08.26, 12:41:34",97805239674,32848545704,1,Wrappers Tests,test (vue),grid_data_remove_adaptiveColumnsController_part_2_26_1,failure,,https://github.com/DevExpress/DevExtreme/actions/runs/32848545704/job/97805239674
"25.08.26, 10:47:14",97774003401,32838957821,1,Wrappers Tests,build,guid-insecure,failure,,https://github.com/DevExpress/DevExtreme/actions/runs/32838957821/job/97774003401
"25.08.26, 10:46:45",97773877130,32838916973,1,Wrappers Tests,build,guid-insecure,cancelled,,https://github.com/DevExpress/DevExtreme/actions/runs/32838916973/job/97773877130
"25.08.26, 10:46:45",97773877236,32838916973,1,Wrappers Tests,check-regenerate,guid-insecure,cancelled,,https://github.com/DevExpress/DevExtreme/actions/runs/32838916973/job/97773877236
"25.08.26, 10:47:13",97774002387,32838916973,1,Wrappers Tests,test,guid-insecure,cancelled,,https://github.com/DevExpress/DevExtreme/actions/runs/32838916973/job/97774002387
"25.08.26, 10:45:36",97773584311,32838118793,1,Wrappers Tests,test (vue),typescript/ui/26_2_convert_qunit_tests,failure,,https://github.com/DevExpress/DevExtreme/actions/runs/32838118793/job/97773584311
"25.08.26, 10:45:36",97773584381,32838118793,1,Wrappers Tests,test (react),typescript/ui/26_2_convert_qunit_tests,failure,,https://github.com/DevExpress/DevExtreme/actions/runs/32838118793/job/97773584381
"25.08.26, 10:45:36",97773584475,32838118793,1,Wrappers Tests,test (angular),typescript/ui/26_2_convert_qunit_tests,failure,,https://github.com/DevExpress/DevExtreme/actions/runs/32838118793/job/97773584475
"25.08.26, 10:29:17",97769432630,32837440139,1,Wrappers Tests,check-regenerate,playwright-wrappers-e2e-stage1,cancelled,Generate wrappers,https://github.com/DevExpress/DevExtreme/actions/runs/32837440139/job/97769432630
"25.08.26, 10:29:17",97769432855,32837440139,1,Wrappers Tests,build,playwright-wrappers-e2e-stage1,cancelled,Build devextreme package,https://github.com/DevExpress/DevExtreme/actions/runs/32837440139/job/97769432855
"25.08.26, 10:33:34",97770539315,32837440139,1,Wrappers Tests,test,playwright-wrappers-e2e-stage1,cancelled,,https://github.com/DevExpress/DevExtreme/actions/runs/32837440139/job/97770539315
"25.08.26, 10:27:59",97769098802,32837358309,1,Wrappers Tests,build,playwright-wrappers-e2e-stage1,cancelled,Install dependencies,https://github.com/DevExpress/DevExtreme/actions/runs/32837358309/job/97769098802
"25.08.26, 10:28:00",97769099157,32837358309,1,Wrappers Tests,check-regenerate,playwright-wrappers-e2e-stage1,cancelled,Install dependencies,https://github.com/DevExpress/DevExtreme/actions/runs/32837358309/job/97769099157
"25.08.26, 10:29:17",97769431718,32837358309,1,Wrappers Tests,test,playwright-wrappers-e2e-stage1,cancelled,,https://github.com/DevExpress/DevExtreme/actions/runs/32837358309/job/97769431718
"25.08.26, 06:24:05",97706623413,32816798101,1,Wrappers Tests,build,typescript/ui/create_component_options,cancelled,Build devextreme package,https://github.com/DevExpress/DevExtreme/actions/runs/32816798101/job/97706623413
"25.08.26, 06:26:52",97707215003,32816798101,1,Wrappers Tests,test,typescript/ui/create_component_options,cancelled,,https://github.com/DevExpress/DevExtreme/actions/runs/32816798101/job/97707215003
"25.08.26, 15:10:20",97855037405,32864076558,1,Wrappers E2E Tests,Build DevExtreme and Wrappers,T1329677-fix,cancelled,,https://github.com/DevExpress/DevExtreme/actions/runs/32864076558/job/97855037405
"25.08.26, 15:17:47",97857640188,32864076558,1,Wrappers E2E Tests,Test ${{ matrix.framework }},T1329677-fix,cancelled,,https://github.com/DevExpress/DevExtreme/actions/runs/32864076558/job/97857640188
"25.08.26, 15:03:11",97852545774,32863366534,1,Wrappers E2E Tests,Build DevExtreme and Wrappers,T1329677-fix,cancelled,Build all DevExtreme packages,https://github.com/DevExpress/DevExtreme/actions/runs/32863366534/job/97852545774
"25.08.26, 15:10:20",97855035231,32863366534,1,Wrappers E2E Tests,Test ${{ matrix.framework }},T1329677-fix,cancelled,,https://github.com/DevExpress/DevExtreme/actions/runs/32863366534/job/97855035231
"25.08.26, 14:36:38",97843241790,32860574157,1,Wrappers E2E Tests,Build DevExtreme and Wrappers,lavrov/dash-style-type-2,cancelled,Build all DevExtreme packages,https://github.com/DevExpress/DevExtreme/actions/runs/32860574157/job/97843241790
"25.08.26, 14:41:57",97845108125,32860574157,1,Wrappers E2E Tests,Test ${{ matrix.framework }},lavrov/dash-style-type-2,cancelled,,https://github.com/DevExpress/DevExtreme/actions/runs/32860574157/job/97845108125
"25.08.26, 14:07:59",97833253139,32856215746,1,Wrappers E2E Tests,Test angular,fluent-next/update,cancelled,,https://github.com/DevExpress/DevExtreme/actions/runs/32856215746/job/97833253139
"25.08.26, 14:07:59",97833253152,32856215746,1,Wrappers E2E Tests,Test react19,fluent-next/update,cancelled,,https://github.com/DevExpress/DevExtreme/actions/runs/32856215746/job/97833253152
"25.08.26, 14:07:59",97833253239,32856215746,1,Wrappers E2E Tests,Test vue3,fluent-next/update,cancelled,,https://github.com/DevExpress/DevExtreme/actions/runs/32856215746/job/97833253239
"25.08.26, 13:50:34",97827283601,32854729793,1,Wrappers E2E Tests,Test angular,refactor/gridcore-virtual-scrolling-refactor-26_2,cancelled,,https://github.com/DevExpress/DevExtreme/actions/runs/32854729793/job/97827283601
"25.08.26, 13:50:34",97827283668,32854729793,1,Wrappers E2E Tests,Test vue3,refactor/gridcore-virtual-scrolling-refactor-26_2,cancelled,,https://github.com/DevExpress/DevExtreme/actions/runs/32854729793/job/97827283668
"25.08.26, 13:50:34",97827284104,32854729793,1,Wrappers E2E Tests,Test react19,refactor/gridcore-virtual-scrolling-refactor-26_2,cancelled,,https://github.com/DevExpress/DevExtreme/actions/runs/32854729793/job/97827284104
"25.08.26, 10:46:45",97773877506,32838916870,1,Wrappers E2E Tests,Build DevExtreme and Wrappers,guid-insecure,cancelled,,https://github.com/DevExpress/DevExtreme/actions/runs/32838916870/job/97773877506
"25.08.26, 10:47:13",97774002777,32838916870,1,Wrappers E2E Tests,Test ${{ matrix.framework }},guid-insecure,cancelled,,https://github.com/DevExpress/DevExtreme/actions/runs/32838916870/job/97774002777
"25.08.26, 10:29:06",97769387979,32837440189,1,Wrappers E2E Tests,Build DevExtreme and Wrappers,playwright-wrappers-e2e-stage1,cancelled,Build all DevExtreme packages,https://github.com/DevExpress/DevExtreme/actions/runs/32837440189/job/97769387979
"25.08.26, 10:33:34",97770542062,32837440189,1,Wrappers E2E Tests,Test ${{ matrix.framework }},playwright-wrappers-e2e-stage1,cancelled,,https://github.com/DevExpress/DevExtreme/actions/runs/32837440189/job/97770542062
"25.08.26, 10:27:59",97769098829,32837358327,1,Wrappers E2E Tests,Build DevExtreme and Wrappers,playwright-wrappers-e2e-stage1,cancelled,Run pnpm/action-setup@v6,https://github.com/DevExpress/DevExtreme/actions/runs/32837358327/job/97769098829
"25.08.26, 10:29:06",97769387289,32837358327,1,Wrappers E2E Tests,Test ${{ matrix.framework }},playwright-wrappers-e2e-stage1,cancelled,,https://github.com/DevExpress/DevExtreme/actions/runs/32837358327/job/97769387289
"25.08.26, 08:20:19",97734308401,32825375557,1,Wrappers E2E Tests,Test react19,summary_dataextender_types_26_1,failure,,https://github.com/DevExpress/DevExtreme/actions/runs/32825375557/job/97734308401
"25.08.26, 06:24:05",97706623682,32816798125,1,Wrappers E2E Tests,Build DevExtreme and Wrappers,typescript/ui/create_component_options,cancelled,Build all DevExtreme packages,https://github.com/DevExpress/DevExtreme/actions/runs/32816798125/job/97706623682
"25.08.26, 06:26:52",97707215320,32816798125,1,Wrappers E2E Tests,Test ${{ matrix.framework }},typescript/ui/create_component_options,cancelled,,https://github.com/DevExpress/DevExtreme/actions/runs/32816798125/job/97707215320
