created at,id,run id,run attempt,workflow name,name,head branch,conclusion,step,html url
"22.09.26, 22:15:46",106960489621,35791401791,1,Build and pack DevExtreme npm packages,build,typescript/viz/es6_pie_chart,failure,Build npm packages,https://github.com/DevExpress/DevExtreme/actions/runs/35791401791/job/106960489621
"22.09.26, 21:24:34",106944343894,35786461536,1,Build and pack DevExtreme npm packages,build,typescript/viz/es6_base_widget,cancelled,Post Setup nx cache,https://github.com/DevExpress/DevExtreme/actions/runs/35786461536/job/106944343894
"22.09.26, 21:34:40",106947681057,35786461536,1,Build and pack DevExtreme npm packages,custom_bundles,typescript/viz/es6_base_widget,cancelled,,https://github.com/DevExpress/DevExtreme/actions/runs/35786461536/job/106947681057
"22.09.26, 16:54:00",106845649142,35757142995,1,Build and pack DevExtreme npm packages,build,feature/scheduler-dst-grid/main,cancelled,Build npm packages,https://github.com/DevExpress/DevExtreme/actions/runs/35757142995/job/106845649142
"22.09.26, 16:59:28",106847630160,35757142995,1,Build and pack DevExtreme npm packages,custom_bundles,feature/scheduler-dst-grid/main,cancelled,,https://github.com/DevExpress/DevExtreme/actions/runs/35757142995/job/106847630160
"22.09.26, 16:45:07",106842397508,35756178371,1,Build and pack DevExtreme npm packages,build,feature/scheduler-dst-grid/main,cancelled,,https://github.com/DevExpress/DevExtreme/actions/runs/35756178371/job/106842397508
"22.09.26, 16:45:08",106842407042,35756178371,1,Build and pack DevExtreme npm packages,custom_bundles,feature/scheduler-dst-grid/main,cancelled,,https://github.com/DevExpress/DevExtreme/actions/runs/35756178371/job/106842407042
"22.09.26, 16:45:09",106842411705,35756178894,1,Build and pack DevExtreme npm packages,build,feature/scheduler-dst-grid/main,failure,Build npm packages,https://github.com/DevExpress/DevExtreme/actions/runs/35756178894/job/106842411705
"22.09.26, 16:09:20",106828935731,35752203897,1,Build and pack DevExtreme npm packages,build,feature/scheduler-dst-grid/main,cancelled,Build npm packages,https://github.com/DevExpress/DevExtreme/actions/runs/35752203897/job/106828935731
"22.09.26, 16:18:36",106832510224,35752203897,1,Build and pack DevExtreme npm packages,custom_bundles,feature/scheduler-dst-grid/main,cancelled,,https://github.com/DevExpress/DevExtreme/actions/runs/35752203897/job/106832510224
"22.09.26, 13:27:24",106764972157,35732460475,1,Build and pack DevExtreme npm packages,custom_bundles,chore/chrome_153_update,cancelled,Build bundle,https://github.com/DevExpress/DevExtreme/actions/runs/35732460475/job/106764972157
"22.09.26, 12:46:16",106750269859,35729204212,1,Build and pack DevExtreme npm packages,build,chat-grid-demo-react,cancelled,Build npm packages,https://github.com/DevExpress/DevExtreme/actions/runs/35729204212/job/106750269859
"22.09.26, 12:52:39",106752442789,35729204212,1,Build and pack DevExtreme npm packages,custom_bundles,chat-grid-demo-react,cancelled,,https://github.com/DevExpress/DevExtreme/actions/runs/35729204212/job/106752442789
"22.09.26, 12:11:55",106738881397,35725756466,1,Build and pack DevExtreme npm packages,build,playwright-components-infra,failure,,https://github.com/DevExpress/DevExtreme/actions/runs/35725756466/job/106738881397
"22.09.26, 12:24:16",106742861469,35725493809,1,Build and pack DevExtreme npm packages,custom_bundles,5182-coreutils---array-remove-m_-prefix-improve-typing,cancelled,,https://github.com/DevExpress/DevExtreme/actions/runs/35725493809/job/106742861469
"22.09.26, 12:19:56",106741444641,35725461878,1,Build and pack DevExtreme npm packages,custom_bundles,core-utils-improve-typing_26_2/ajax,cancelled,,https://github.com/DevExpress/DevExtreme/actions/runs/35725461878/job/106741444641
"22.09.26, 12:05:32",106736877818,35725138834,1,Build and pack DevExtreme npm packages,build,scheduler-dst-fallback-simple,cancelled,Build npm packages,https://github.com/DevExpress/DevExtreme/actions/runs/35725138834/job/106736877818
"22.09.26, 12:13:52",106739495520,35725138834,1,Build and pack DevExtreme npm packages,custom_bundles,scheduler-dst-fallback-simple,cancelled,,https://github.com/DevExpress/DevExtreme/actions/runs/35725138834/job/106739495520
"22.09.26, 11:41:27",106729530771,35722856989,1,Build and pack DevExtreme npm packages,build,playwright-components-infra,cancelled,Build npm packages,https://github.com/DevExpress/DevExtreme/actions/runs/35722856989/job/106729530771
"22.09.26, 11:49:42",106731995431,35722856989,1,Build and pack DevExtreme npm packages,custom_bundles,playwright-components-infra,cancelled,,https://github.com/DevExpress/DevExtreme/actions/runs/35722856989/job/106731995431
"22.09.26, 11:31:35",106726591582,35721934764,1,Build and pack DevExtreme npm packages,build,T1329677,cancelled,Install dependencies,https://github.com/DevExpress/DevExtreme/actions/runs/35721934764/job/106726591582
"22.09.26, 11:32:55",106726983628,35721934764,1,Build and pack DevExtreme npm packages,custom_bundles,T1329677,cancelled,,https://github.com/DevExpress/DevExtreme/actions/runs/35721934764/job/106726983628
"22.09.26, 10:49:18",106714162029,35718068071,1,Build and pack DevExtreme npm packages,build,playwright-components-infra,cancelled,Post Setup pnpm cache,https://github.com/DevExpress/DevExtreme/actions/runs/35718068071/job/106714162029
"22.09.26, 10:59:29",106717078213,35718068071,1,Build and pack DevExtreme npm packages,custom_bundles,playwright-components-infra,cancelled,,https://github.com/DevExpress/DevExtreme/actions/runs/35718068071/job/106717078213
"22.09.26, 09:42:00",106694109673,35711859090,1,Build and pack DevExtreme npm packages,build,typescript/viz/es6_vector_map,failure,,https://github.com/DevExpress/DevExtreme/actions/runs/35711859090/job/106694109673
"22.09.26, 09:32:30",106691171577,35710966291,1,Build and pack DevExtreme npm packages,build,26_1,cancelled,Build npm packages,https://github.com/DevExpress/DevExtreme/actions/runs/35710966291/job/106691171577
"22.09.26, 09:36:53",106692537737,35710966291,1,Build and pack DevExtreme npm packages,custom_bundles,26_1,cancelled,,https://github.com/DevExpress/DevExtreme/actions/runs/35710966291/job/106692537737
"22.09.26, 09:25:19",106688942626,35710278718,1,Build and pack DevExtreme npm packages,build,issue-5131_v2,cancelled,,https://github.com/DevExpress/DevExtreme/actions/runs/35710278718/job/106688942626
"22.09.26, 09:46:15",106695388244,35710278718,1,Build and pack DevExtreme npm packages,custom_bundles,issue-5131_v2,cancelled,,https://github.com/DevExpress/DevExtreme/actions/runs/35710278718/job/106695388244
"22.09.26, 09:01:13",106681466079,35707996561,1,Build and pack DevExtreme npm packages,build,issue-5131_v2,cancelled,Build npm packages,https://github.com/DevExpress/DevExtreme/actions/runs/35707996561/job/106681466079
"22.09.26, 09:08:11",106683638900,35707996561,1,Build and pack DevExtreme npm packages,custom_bundles,issue-5131_v2,cancelled,,https://github.com/DevExpress/DevExtreme/actions/runs/35707996561/job/106683638900
"22.09.26, 08:37:12",106674269884,35705796772,1,Build and pack DevExtreme npm packages,build,chore/chrome_153_update,cancelled,Build npm packages,https://github.com/DevExpress/DevExtreme/actions/runs/35705796772/job/106674269884
"22.09.26, 08:47:30",106677357112,35705796772,1,Build and pack DevExtreme npm packages,custom_bundles,chore/chrome_153_update,cancelled,,https://github.com/DevExpress/DevExtreme/actions/runs/35705796772/job/106677357112
"22.09.26, 08:26:01",106670928551,35704769541,1,Build and pack DevExtreme npm packages,build,core-utils-improve-typing_26_1/version_browser,cancelled,Build npm packages,https://github.com/DevExpress/DevExtreme/actions/runs/35704769541/job/106670928551
"22.09.26, 08:30:21",106672222676,35704769541,1,Build and pack DevExtreme npm packages,custom_bundles,core-utils-improve-typing_26_1/version_browser,cancelled,,https://github.com/DevExpress/DevExtreme/actions/runs/35704769541/job/106672222676
"22.09.26, 07:45:24",106659400565,35701202471,1,Build and pack DevExtreme npm packages,build,cp-26-1/remove-systemjs-from-demos,cancelled,,https://github.com/DevExpress/DevExtreme/actions/runs/35701202471/job/106659400565
"22.09.26, 07:45:26",106659410200,35701202471,1,Build and pack DevExtreme npm packages,custom_bundles,cp-26-1/remove-systemjs-from-demos,cancelled,,https://github.com/DevExpress/DevExtreme/actions/runs/35701202471/job/106659410200
"22.09.26, 01:33:19",106583101105,35675268825,1,CodeQL,Send notifications,24_2,failure,Set up job,https://github.com/DevExpress/DevExtreme/actions/runs/35675268825/job/106583101105
"22.09.26, 01:35:19",106583472562,35675268925,1,CodeQL,Send notifications,25_1,failure,Set up job,https://github.com/DevExpress/DevExtreme/actions/runs/35675268925/job/106583472562
"22.09.26, 22:15:46",106960489479,35791401848,1,Default Workflow,main,typescript/viz/es6_pie_chart,failure,Run targets,https://github.com/DevExpress/DevExtreme/actions/runs/35791401848/job/106960489479
"22.09.26, 16:54:01",106845654959,35757143185,1,Default Workflow,main,feature/scheduler-dst-grid/main,cancelled,,https://github.com/DevExpress/DevExtreme/actions/runs/35757143185/job/106845654959
"22.09.26, 16:45:07",106842395603,35756178076,1,Default Workflow,main,feature/scheduler-dst-grid/main,cancelled,,https://github.com/DevExpress/DevExtreme/actions/runs/35756178076/job/106842395603
"22.09.26, 16:45:11",106842423695,35756178969,1,Default Workflow,main,feature/scheduler-dst-grid/main,failure,Run targets,https://github.com/DevExpress/DevExtreme/actions/runs/35756178969/job/106842423695
"22.09.26, 12:46:16",106750270531,35729204289,1,Default Workflow,main,chat-grid-demo-react,cancelled,Run targets,https://github.com/DevExpress/DevExtreme/actions/runs/35729204289/job/106750270531
"22.09.26, 12:05:32",106736877368,35725138770,1,Default Workflow,main,scheduler-dst-fallback-simple,cancelled,Post Setup pnpm cache,https://github.com/DevExpress/DevExtreme/actions/runs/35725138770/job/106736877368
"22.09.26, 11:47:48",106731429812,35723456253,1,Default Workflow,main,fluent-next/sync-main-35251,failure,Run targets,https://github.com/DevExpress/DevExtreme/actions/runs/35723456253/job/106731429812
"22.09.26, 11:31:35",106726592661,35721934886,1,Default Workflow,main,T1329677,cancelled,Install dependencies,https://github.com/DevExpress/DevExtreme/actions/runs/35721934886/job/106726592661
"22.09.26, 08:26:01",106670927963,35704769494,1,Default Workflow,main,core-utils-improve-typing_26_1/version_browser,cancelled,Run targets,https://github.com/DevExpress/DevExtreme/actions/runs/35704769494/job/106670927963
"22.09.26, 07:45:24",106659399993,35701202412,1,Default Workflow,main,cp-26-1/remove-systemjs-from-demos,cancelled,,https://github.com/DevExpress/DevExtreme/actions/runs/35701202412/job/106659399993
"22.09.26, 16:45:07",106842396727,35756178245,1,Demos unit tests,Check if tests should run,feature/scheduler-dst-grid/main,cancelled,,https://github.com/DevExpress/DevExtreme/actions/runs/35756178245/job/106842396727
"22.09.26, 16:45:09",106842414906,35756178245,1,Demos unit tests,Run unit tests,feature/scheduler-dst-grid/main,cancelled,,https://github.com/DevExpress/DevExtreme/actions/runs/35756178245/job/106842414906
"22.09.26, 11:31:43",106726631477,35721934831,1,Demos unit tests,Run unit tests,T1329677,cancelled,,https://github.com/DevExpress/DevExtreme/actions/runs/35721934831/job/106726631477
"22.09.26, 07:45:24",106659402413,35701203229,1,Demos unit tests,Check if tests should run,cp-26-1/remove-systemjs-from-demos,cancelled,,https://github.com/DevExpress/DevExtreme/actions/runs/35701203229/job/106659402413
"22.09.26, 07:45:26",106659412768,35701203229,1,Demos unit tests,Run unit tests,cp-26-1/remove-systemjs-from-demos,cancelled,,https://github.com/DevExpress/DevExtreme/actions/runs/35701203229/job/106659412768
"22.09.26, 22:15:46",106960489902,35791401832,1,Lint,TS,typescript/viz/es6_pie_chart,failure,Build,https://github.com/DevExpress/DevExtreme/actions/runs/35791401832/job/106960489902
"22.09.26, 22:15:46",106960489977,35791401832,1,Lint,JS,typescript/viz/es6_pie_chart,failure,Build,https://github.com/DevExpress/DevExtreme/actions/runs/35791401832/job/106960489977
"22.09.26, 21:46:21",106951408016,35788608979,1,Lint,TS,fluent-next/js-sizes-from-theme,failure,Lint TS,https://github.com/DevExpress/DevExtreme/actions/runs/35788608979/job/106951408016
"22.09.26, 16:54:00",106845648665,35757142975,1,Lint,TS,feature/scheduler-dst-grid/main,cancelled,Lint TS,https://github.com/DevExpress/DevExtreme/actions/runs/35757142975/job/106845648665
"22.09.26, 16:54:00",106845648737,35757142975,1,Lint,JS,feature/scheduler-dst-grid/main,cancelled,Post Setup nx cache,https://github.com/DevExpress/DevExtreme/actions/runs/35757142975/job/106845648737
"22.09.26, 16:59:10",106847525673,35757142975,1,Lint,Send notifications,feature/scheduler-dst-grid/main,cancelled,,https://github.com/DevExpress/DevExtreme/actions/runs/35757142975/job/106847525673
"22.09.26, 16:45:07",106842396971,35756178286,1,Lint,texts,feature/scheduler-dst-grid/main,cancelled,,https://github.com/DevExpress/DevExtreme/actions/runs/35756178286/job/106842396971
"22.09.26, 16:45:07",106842397249,35756178286,1,Lint,wrappers,feature/scheduler-dst-grid/main,cancelled,,https://github.com/DevExpress/DevExtreme/actions/runs/35756178286/job/106842397249
"22.09.26, 16:45:07",106842397286,35756178286,1,Lint,TS,feature/scheduler-dst-grid/main,cancelled,,https://github.com/DevExpress/DevExtreme/actions/runs/35756178286/job/106842397286
"22.09.26, 16:45:07",106842397444,35756178286,1,Lint,JS,feature/scheduler-dst-grid/main,cancelled,,https://github.com/DevExpress/DevExtreme/actions/runs/35756178286/job/106842397444
"22.09.26, 16:45:07",106842397493,35756178286,1,Lint,component_exports,feature/scheduler-dst-grid/main,cancelled,,https://github.com/DevExpress/DevExtreme/actions/runs/35756178286/job/106842397493
"22.09.26, 16:45:09",106842414574,35756178286,1,Lint,Send notifications,feature/scheduler-dst-grid/main,cancelled,,https://github.com/DevExpress/DevExtreme/actions/runs/35756178286/job/106842414574
"22.09.26, 16:45:10",106842421930,35756178691,1,Lint,JS,feature/scheduler-dst-grid/main,failure,Build,https://github.com/DevExpress/DevExtreme/actions/runs/35756178691/job/106842421930
"22.09.26, 16:45:11",106842422358,35756178691,1,Lint,TS,feature/scheduler-dst-grid/main,failure,Build,https://github.com/DevExpress/DevExtreme/actions/runs/35756178691/job/106842422358
"22.09.26, 16:09:20",106828935431,35752203883,1,Lint,TS,feature/scheduler-dst-grid/main,cancelled,Post Setup pnpm cache,https://github.com/DevExpress/DevExtreme/actions/runs/35752203883/job/106828935431
"22.09.26, 16:18:20",106832411450,35752203883,1,Lint,Send notifications,feature/scheduler-dst-grid/main,cancelled,,https://github.com/DevExpress/DevExtreme/actions/runs/35752203883/job/106832411450
"22.09.26, 13:07:43",106757773502,35731454533,1,Lint,TS,feature/demo_custom_AI_assistant_Vue,failure,,https://github.com/DevExpress/DevExtreme/actions/runs/35731454533/job/106757773502
"22.09.26, 12:46:16",106750270542,35729204243,1,Lint,JS,chat-grid-demo-react,cancelled,Build,https://github.com/DevExpress/DevExtreme/actions/runs/35729204243/job/106750270542
"22.09.26, 12:46:16",106750270604,35729204243,1,Lint,TS,chat-grid-demo-react,cancelled,Build,https://github.com/DevExpress/DevExtreme/actions/runs/35729204243/job/106750270604
"22.09.26, 12:53:19",106752667348,35729204243,1,Lint,Send notifications,chat-grid-demo-react,cancelled,,https://github.com/DevExpress/DevExtreme/actions/runs/35729204243/job/106752667348
"22.09.26, 12:05:32",106736879457,35725138803,1,Lint,TS,scheduler-dst-fallback-simple,cancelled,,https://github.com/DevExpress/DevExtreme/actions/runs/35725138803/job/106736879457
"22.09.26, 12:13:27",106739361639,35725138803,1,Lint,Send notifications,scheduler-dst-fallback-simple,cancelled,,https://github.com/DevExpress/DevExtreme/actions/runs/35725138803/job/106739361639
"22.09.26, 12:02:19",106735856143,35724820945,1,Lint,texts,26_1,failure,,https://github.com/DevExpress/DevExtreme/actions/runs/35724820945/job/106735856143
"22.09.26, 11:41:28",106729534856,35722857200,1,Lint,TS,playwright-components-infra,cancelled,,https://github.com/DevExpress/DevExtreme/actions/runs/35722857200/job/106729534856
"22.09.26, 11:48:47",106731721764,35722857200,1,Lint,Send notifications,playwright-components-infra,cancelled,,https://github.com/DevExpress/DevExtreme/actions/runs/35722857200/job/106731721764
"22.09.26, 11:31:35",106726592600,35721934877,1,Lint,TS,T1329677,cancelled,Install dependencies,https://github.com/DevExpress/DevExtreme/actions/runs/35721934877/job/106726592600
"22.09.26, 11:31:35",106726592910,35721934877,1,Lint,texts,T1329677,cancelled,Install dependencies,https://github.com/DevExpress/DevExtreme/actions/runs/35721934877/job/106726592910
"22.09.26, 11:31:35",106726593001,35721934877,1,Lint,JS,T1329677,cancelled,Install dependencies,https://github.com/DevExpress/DevExtreme/actions/runs/35721934877/job/106726593001
"22.09.26, 11:31:35",106726593041,35721934877,1,Lint,component_exports,T1329677,cancelled,Install dependencies,https://github.com/DevExpress/DevExtreme/actions/runs/35721934877/job/106726593041
"22.09.26, 11:31:35",106726593631,35721934877,1,Lint,wrappers,T1329677,cancelled,Install dependencies,https://github.com/DevExpress/DevExtreme/actions/runs/35721934877/job/106726593631
"22.09.26, 11:32:55",106726982649,35721934877,1,Lint,Send notifications,T1329677,cancelled,,https://github.com/DevExpress/DevExtreme/actions/runs/35721934877/job/106726982649
"22.09.26, 08:26:01",106670928140,35704769538,1,Lint,TS,core-utils-improve-typing_26_1/version_browser,cancelled,Lint TS,https://github.com/DevExpress/DevExtreme/actions/runs/35704769538/job/106670928140
"22.09.26, 08:26:01",106670928264,35704769538,1,Lint,JS,core-utils-improve-typing_26_1/version_browser,cancelled,Build,https://github.com/DevExpress/DevExtreme/actions/runs/35704769538/job/106670928264
"22.09.26, 08:30:21",106672220815,35704769538,1,Lint,Send notifications,core-utils-improve-typing_26_1/version_browser,cancelled,,https://github.com/DevExpress/DevExtreme/actions/runs/35704769538/job/106672220815
"22.09.26, 07:45:24",106659402587,35701202837,1,Lint,texts,cp-26-1/remove-systemjs-from-demos,cancelled,,https://github.com/DevExpress/DevExtreme/actions/runs/35701202837/job/106659402587
"22.09.26, 07:45:24",106659402705,35701202837,1,Lint,wrappers,cp-26-1/remove-systemjs-from-demos,cancelled,,https://github.com/DevExpress/DevExtreme/actions/runs/35701202837/job/106659402705
"22.09.26, 07:45:24",106659402827,35701202837,1,Lint,component_exports,cp-26-1/remove-systemjs-from-demos,cancelled,,https://github.com/DevExpress/DevExtreme/actions/runs/35701202837/job/106659402827
"22.09.26, 07:45:24",106659402833,35701202837,1,Lint,TS,cp-26-1/remove-systemjs-from-demos,cancelled,,https://github.com/DevExpress/DevExtreme/actions/runs/35701202837/job/106659402833
"22.09.26, 07:45:24",106659402862,35701202837,1,Lint,JS,cp-26-1/remove-systemjs-from-demos,cancelled,,https://github.com/DevExpress/DevExtreme/actions/runs/35701202837/job/106659402862
"22.09.26, 07:45:27",106659416709,35701202837,1,Lint,Send notifications,cp-26-1/remove-systemjs-from-demos,cancelled,,https://github.com/DevExpress/DevExtreme/actions/runs/35701202837/job/106659416709
"22.09.26, 22:15:46",106960490223,35791401782,1,Playgrounds tests,build,typescript/viz/es6_pie_chart,failure,Build,https://github.com/DevExpress/DevExtreme/actions/runs/35791401782/job/106960490223
"22.09.26, 21:31:38",106946700830,35786461374,1,Playgrounds tests,angular,typescript/viz/es6_base_widget,cancelled,Post Setup pnpm cache,https://github.com/DevExpress/DevExtreme/actions/runs/35786461374/job/106946700830
"22.09.26, 16:54:00",106845648639,35757142795,1,Playgrounds tests,build,feature/scheduler-dst-grid/main,cancelled,,https://github.com/DevExpress/DevExtreme/actions/runs/35757142795/job/106845648639
"22.09.26, 16:58:29",106847289485,35757142795,1,Playgrounds tests,matrix.ARGS.platform,feature/scheduler-dst-grid/main,cancelled,,https://github.com/DevExpress/DevExtreme/actions/runs/35757142795/job/106847289485
"22.09.26, 16:45:08",106842404801,35756179053,1,Playgrounds tests,build,feature/scheduler-dst-grid/main,cancelled,,https://github.com/DevExpress/DevExtreme/actions/runs/35756179053/job/106842404801
"22.09.26, 16:45:10",106842417794,35756179053,1,Playgrounds tests,matrix.ARGS.platform,feature/scheduler-dst-grid/main,cancelled,,https://github.com/DevExpress/DevExtreme/actions/runs/35756179053/job/106842417794
"22.09.26, 16:45:11",106842426628,35756178342,1,Playgrounds tests,build,feature/scheduler-dst-grid/main,failure,Build,https://github.com/DevExpress/DevExtreme/actions/runs/35756178342/job/106842426628
"22.09.26, 16:15:53",106831463465,35752204013,1,Playgrounds tests,angular,feature/scheduler-dst-grid/main,cancelled,Post Setup pnpm cache,https://github.com/DevExpress/DevExtreme/actions/runs/35752204013/job/106831463465
"22.09.26, 16:15:53",106831463557,35752204013,1,Playgrounds tests,vue,feature/scheduler-dst-grid/main,cancelled,,https://github.com/DevExpress/DevExtreme/actions/runs/35752204013/job/106831463557
"22.09.26, 12:46:16",106750269713,35729204267,1,Playgrounds tests,build,chat-grid-demo-react,cancelled,Post Setup pnpm cache,https://github.com/DevExpress/DevExtreme/actions/runs/35729204267/job/106750269713
"22.09.26, 12:52:33",106752403066,35729204267,1,Playgrounds tests,matrix.ARGS.platform,chat-grid-demo-react,cancelled,,https://github.com/DevExpress/DevExtreme/actions/runs/35729204267/job/106752403066
"22.09.26, 12:14:51",106739811080,35725493815,1,Playgrounds tests,angular,5182-coreutils---array-remove-m_-prefix-improve-typing,failure,,https://github.com/DevExpress/DevExtreme/actions/runs/35725493815/job/106739811080
"22.09.26, 12:12:35",106739091038,35725138847,1,Playgrounds tests,angular,scheduler-dst-fallback-simple,cancelled,,https://github.com/DevExpress/DevExtreme/actions/runs/35725138847/job/106739091038
"22.09.26, 12:12:35",106739091050,35725138847,1,Playgrounds tests,vue,scheduler-dst-fallback-simple,cancelled,,https://github.com/DevExpress/DevExtreme/actions/runs/35725138847/job/106739091050
"22.09.26, 12:12:35",106739091276,35725138847,1,Playgrounds tests,react,scheduler-dst-fallback-simple,cancelled,,https://github.com/DevExpress/DevExtreme/actions/runs/35725138847/job/106739091276
"22.09.26, 11:46:25",106731023921,35722857267,1,Playgrounds tests,angular,playwright-components-infra,cancelled,Post Setup nx cache,https://github.com/DevExpress/DevExtreme/actions/runs/35722857267/job/106731023921
"22.09.26, 11:46:25",106731024002,35722857267,1,Playgrounds tests,vue,playwright-components-infra,cancelled,,https://github.com/DevExpress/DevExtreme/actions/runs/35722857267/job/106731024002
"22.09.26, 11:46:25",106731024035,35722857267,1,Playgrounds tests,react,playwright-components-infra,cancelled,Check sources compilation,https://github.com/DevExpress/DevExtreme/actions/runs/35722857267/job/106731024035
"22.09.26, 11:31:35",106726592771,35721934876,1,Playgrounds tests,build,T1329677,cancelled,Get sources,https://github.com/DevExpress/DevExtreme/actions/runs/35721934876/job/106726592771
"22.09.26, 11:31:48",106726653490,35721934876,1,Playgrounds tests,matrix.ARGS.platform,T1329677,cancelled,,https://github.com/DevExpress/DevExtreme/actions/runs/35721934876/job/106726653490
"22.09.26, 10:55:54",106716063721,35718068044,1,Playgrounds tests,vue,playwright-components-infra,cancelled,,https://github.com/DevExpress/DevExtreme/actions/runs/35718068044/job/106716063721
"22.09.26, 10:55:54",106716063767,35718068044,1,Playgrounds tests,angular,playwright-components-infra,cancelled,Check sources compilation,https://github.com/DevExpress/DevExtreme/actions/runs/35718068044/job/106716063767
"22.09.26, 10:55:54",106716063815,35718068044,1,Playgrounds tests,react,playwright-components-infra,cancelled,,https://github.com/DevExpress/DevExtreme/actions/runs/35718068044/job/106716063815
"22.09.26, 09:05:30",106682799317,35707996443,1,Playgrounds tests,angular,issue-5131_v2,cancelled,Post Setup nx cache,https://github.com/DevExpress/DevExtreme/actions/runs/35707996443/job/106682799317
"22.09.26, 08:26:01",106670929798,35704769600,1,Playgrounds tests,build,core-utils-improve-typing_26_1/version_browser,cancelled,Build,https://github.com/DevExpress/DevExtreme/actions/runs/35704769600/job/106670929798
"22.09.26, 08:30:21",106672222533,35704769600,1,Playgrounds tests,matrix.ARGS.platform,core-utils-improve-typing_26_1/version_browser,cancelled,,https://github.com/DevExpress/DevExtreme/actions/runs/35704769600/job/106672222533
"22.09.26, 07:45:25",106659403185,35701202443,1,Playgrounds tests,build,cp-26-1/remove-systemjs-from-demos,cancelled,,https://github.com/DevExpress/DevExtreme/actions/runs/35701202443/job/106659403185
"22.09.26, 07:45:27",106659415243,35701202443,1,Playgrounds tests,matrix.ARGS.platform,cp-26-1/remove-systemjs-from-demos,cancelled,,https://github.com/DevExpress/DevExtreme/actions/runs/35701202443/job/106659415243
"22.09.26, 11:46:33",106731062658,35722857233,1,Playwright tests,common - fluent,playwright-components-infra,cancelled,Install dependencies,https://github.com/DevExpress/DevExtreme/actions/runs/35722857233/job/106731062658
"22.09.26, 11:46:33",106731062672,35722857233,1,Playwright tests,material - compact,playwright-components-infra,cancelled,Install dependencies,https://github.com/DevExpress/DevExtreme/actions/runs/35722857233/job/106731062672
"22.09.26, 11:46:33",106731062718,35722857233,1,Playwright tests,scheduler / common (3/3) - fluent,playwright-components-infra,cancelled,Install dependencies,https://github.com/DevExpress/DevExtreme/actions/runs/35722857233/job/106731062718
"22.09.26, 11:46:33",106731062739,35722857233,1,Playwright tests,dataGrid (1/4) - fluent,playwright-components-infra,cancelled,Install dependencies,https://github.com/DevExpress/DevExtreme/actions/runs/35722857233/job/106731062739
"22.09.26, 11:46:33",106731062755,35722857233,1,Playwright tests,scheduler / timezones (America/Los_Angeles) - fluent,playwright-components-infra,cancelled,Install dependencies,https://github.com/DevExpress/DevExtreme/actions/runs/35722857233/job/106731062755
"22.09.26, 11:46:33",106731062791,35722857233,1,Playwright tests,cardView - fluent,playwright-components-infra,cancelled,Install dependencies,https://github.com/DevExpress/DevExtreme/actions/runs/35722857233/job/106731062791
"22.09.26, 11:46:33",106731063450,35722857233,1,Playwright tests,material,playwright-components-infra,cancelled,Install dependencies,https://github.com/DevExpress/DevExtreme/actions/runs/35722857233/job/106731063450
"22.09.26, 10:55:55",106716070165,35718068090,1,Playwright tests,common - fluent,playwright-components-infra,cancelled,,https://github.com/DevExpress/DevExtreme/actions/runs/35718068090/job/106716070165
"22.09.26, 10:55:55",106716070184,35718068090,1,Playwright tests,material - compact,playwright-components-infra,cancelled,,https://github.com/DevExpress/DevExtreme/actions/runs/35718068090/job/106716070184
"22.09.26, 10:55:55",106716070197,35718068090,1,Playwright tests,accessibility - fluent,playwright-components-infra,cancelled,,https://github.com/DevExpress/DevExtreme/actions/runs/35718068090/job/106716070197
"22.09.26, 10:55:55",106716070284,35718068090,1,Playwright tests,scheduler / timezones (Europe/Berlin) - fluent,playwright-components-infra,cancelled,,https://github.com/DevExpress/DevExtreme/actions/runs/35718068090/job/106716070284
"22.09.26, 10:55:55",106716070320,35718068090,1,Playwright tests,scheduler / viewOffset (2/2) - fluent,playwright-components-infra,cancelled,,https://github.com/DevExpress/DevExtreme/actions/runs/35718068090/job/106716070320
"22.09.26, 10:55:55",106716070322,35718068090,1,Playwright tests,scheduler / common (3/3) - fluent,playwright-components-infra,cancelled,,https://github.com/DevExpress/DevExtreme/actions/runs/35718068090/job/106716070322
"22.09.26, 10:55:55",106716070342,35718068090,1,Playwright tests,scheduler / common (2/3) - fluent,playwright-components-infra,cancelled,,https://github.com/DevExpress/DevExtreme/actions/runs/35718068090/job/106716070342
"22.09.26, 10:55:55",106716070383,35718068090,1,Playwright tests,scheduler / common (1/3) - fluent,playwright-components-infra,cancelled,,https://github.com/DevExpress/DevExtreme/actions/runs/35718068090/job/106716070383
"22.09.26, 10:55:55",106716070409,35718068090,1,Playwright tests,dataGrid (4/4) - fluent,playwright-components-infra,cancelled,,https://github.com/DevExpress/DevExtreme/actions/runs/35718068090/job/106716070409
"22.09.26, 10:55:55",106716070443,35718068090,1,Playwright tests,scheduler / timezones (America/Los_Angeles) - fluent,playwright-components-infra,cancelled,,https://github.com/DevExpress/DevExtreme/actions/runs/35718068090/job/106716070443
"22.09.26, 22:19:54",106961725135,35791401858,1,QUnit tests,ui.grid-shadow-dom,typescript/viz/es6_pie_chart,cancelled,Run QUnit tests,https://github.com/DevExpress/DevExtreme/actions/runs/35791401858/job/106961725135
"22.09.26, 22:19:54",106961725145,35791401858,1,QUnit tests,ui.widgets-shadow-dom,typescript/viz/es6_pie_chart,cancelled,Run QUnit tests,https://github.com/DevExpress/DevExtreme/actions/runs/35791401858/job/106961725145
"22.09.26, 22:19:54",106961725165,35791401858,1,QUnit tests,ui.editors-shadow-dom,typescript/viz/es6_pie_chart,cancelled,Run QUnit tests,https://github.com/DevExpress/DevExtreme/actions/runs/35791401858/job/106961725165
"22.09.26, 22:19:54",106961725167,35791401858,1,QUnit tests,ui.scheduler-shadow-dom,typescript/viz/es6_pie_chart,cancelled,Run QUnit tests,https://github.com/DevExpress/DevExtreme/actions/runs/35791401858/job/106961725167
"22.09.26, 22:19:54",106961725179,35791401858,1,QUnit tests,ui-shadow-dom,typescript/viz/es6_pie_chart,cancelled,,https://github.com/DevExpress/DevExtreme/actions/runs/35791401858/job/106961725179
"22.09.26, 22:19:54",106961725301,35791401858,1,QUnit tests,Constel misc,typescript/viz/es6_pie_chart,cancelled,,https://github.com/DevExpress/DevExtreme/actions/runs/35791401858/job/106961725301
"22.09.26, 22:19:54",106961725321,35791401858,1,QUnit tests,Constel ui.editors,typescript/viz/es6_pie_chart,cancelled,Post Run QUnit tests,https://github.com/DevExpress/DevExtreme/actions/runs/35791401858/job/106961725321
"22.09.26, 22:19:54",106961725351,35791401858,1,QUnit tests,Constel ui,typescript/viz/es6_pie_chart,cancelled,,https://github.com/DevExpress/DevExtreme/actions/runs/35791401858/job/106961725351
"22.09.26, 22:19:54",106961725388,35791401858,1,QUnit tests,Constel ui.scheduler,typescript/viz/es6_pie_chart,cancelled,Run QUnit tests,https://github.com/DevExpress/DevExtreme/actions/runs/35791401858/job/106961725388
"22.09.26, 22:19:54",106961725405,35791401858,1,QUnit tests,Constel misc-no-csp,typescript/viz/es6_pie_chart,cancelled,,https://github.com/DevExpress/DevExtreme/actions/runs/35791401858/job/106961725405
"22.09.26, 22:19:54",106961725411,35791401858,1,QUnit tests,Constel ui.scheduler-US/Pacific,typescript/viz/es6_pie_chart,cancelled,Run QUnit tests,https://github.com/DevExpress/DevExtreme/actions/runs/35791401858/job/106961725411
"22.09.26, 22:19:54",106961725445,35791401858,1,QUnit tests,Constel ui.widgets-no-csp,typescript/viz/es6_pie_chart,cancelled,Run QUnit tests,https://github.com/DevExpress/DevExtreme/actions/runs/35791401858/job/106961725445
"22.09.26, 22:19:54",106961725447,35791401858,1,QUnit tests,Constel ui.grid,typescript/viz/es6_pie_chart,cancelled,Run QUnit tests,https://github.com/DevExpress/DevExtreme/actions/runs/35791401858/job/106961725447
"22.09.26, 22:24:13",106963024510,35791401858,1,QUnit tests,Send notifications,typescript/viz/es6_pie_chart,cancelled,,https://github.com/DevExpress/DevExtreme/actions/runs/35791401858/job/106963024510
"22.09.26, 21:50:38",106952737969,35788608885,1,QUnit tests,ui.scheduler-shadow-dom,fluent-next/js-sizes-from-theme,failure,Run QUnit tests,https://github.com/DevExpress/DevExtreme/actions/runs/35788608885/job/106952737969
"22.09.26, 21:50:38",106952737976,35788608885,1,QUnit tests,ui.editors-shadow-dom,fluent-next/js-sizes-from-theme,failure,Run QUnit tests,https://github.com/DevExpress/DevExtreme/actions/runs/35788608885/job/106952737976
"22.09.26, 21:50:38",106952738052,35788608885,1,QUnit tests,ui.widgets-shadow-dom,fluent-next/js-sizes-from-theme,failure,Run QUnit tests,https://github.com/DevExpress/DevExtreme/actions/runs/35788608885/job/106952738052
"22.09.26, 21:50:38",106952738058,35788608885,1,QUnit tests,Constel ui.editors,fluent-next/js-sizes-from-theme,failure,Run QUnit tests,https://github.com/DevExpress/DevExtreme/actions/runs/35788608885/job/106952738058
"22.09.26, 21:50:38",106952738105,35788608885,1,QUnit tests,Constel ui.scheduler-US/Pacific,fluent-next/js-sizes-from-theme,failure,Run QUnit tests,https://github.com/DevExpress/DevExtreme/actions/runs/35788608885/job/106952738105
"22.09.26, 21:50:38",106952738153,35788608885,1,QUnit tests,Constel ui.scheduler,fluent-next/js-sizes-from-theme,failure,Run QUnit tests,https://github.com/DevExpress/DevExtreme/actions/runs/35788608885/job/106952738153
"22.09.26, 21:28:35",106945674024,35786461541,1,QUnit tests,ui.widgets-shadow-dom,typescript/viz/es6_base_widget,cancelled,,https://github.com/DevExpress/DevExtreme/actions/runs/35786461541/job/106945674024
"22.09.26, 21:34:18",106947568165,35786461541,1,QUnit tests,Send notifications,typescript/viz/es6_base_widget,cancelled,,https://github.com/DevExpress/DevExtreme/actions/runs/35786461541/job/106947568165
"22.09.26, 17:59:46",106869661510,35763838523,1,QUnit tests,Constel ui.scheduler-US/Pacific,feature/scheduler-dst-grid/main,failure,Run QUnit tests,https://github.com/DevExpress/DevExtreme/actions/runs/35763838523/job/106869661510
"22.09.26, 17:41:02",106863075645,35761909016,1,QUnit tests,Constel ui.scheduler-US/Pacific,feature/scheduler-dst-grid/main,failure,Run QUnit tests,https://github.com/DevExpress/DevExtreme/actions/runs/35761909016/job/106863075645
"22.09.26, 17:01:31",106848421874,35757597013,1,QUnit tests,Constel ui.scheduler-US/Pacific,feature/scheduler-dst-grid/main,failure,Run QUnit tests,https://github.com/DevExpress/DevExtreme/actions/runs/35757597013/job/106848421874
"22.09.26, 17:01:31",106848421900,35757597013,1,QUnit tests,Constel ui.scheduler,feature/scheduler-dst-grid/main,failure,Run QUnit tests,https://github.com/DevExpress/DevExtreme/actions/runs/35757597013/job/106848421900
"22.09.26, 17:01:31",106848421996,35757597013,1,QUnit tests,ui.scheduler-shadow-dom,feature/scheduler-dst-grid/main,failure,Run QUnit tests,https://github.com/DevExpress/DevExtreme/actions/runs/35757597013/job/106848421996
"22.09.26, 16:56:38",106846630960,35757143140,1,QUnit tests,ui.widgets-shadow-dom,feature/scheduler-dst-grid/main,cancelled,Run QUnit tests,https://github.com/DevExpress/DevExtreme/actions/runs/35757143140/job/106846630960
"22.09.26, 16:56:38",106846630991,35757143140,1,QUnit tests,Constel ui.grid,feature/scheduler-dst-grid/main,cancelled,Run QUnit tests,https://github.com/DevExpress/DevExtreme/actions/runs/35757143140/job/106846630991
"22.09.26, 16:56:38",106846631004,35757143140,1,QUnit tests,ui.scheduler-shadow-dom,feature/scheduler-dst-grid/main,cancelled,Run QUnit tests,https://github.com/DevExpress/DevExtreme/actions/runs/35757143140/job/106846631004
"22.09.26, 16:56:38",106846631030,35757143140,1,QUnit tests,Constel ui.scheduler-US/Pacific,feature/scheduler-dst-grid/main,cancelled,Run QUnit tests,https://github.com/DevExpress/DevExtreme/actions/runs/35757143140/job/106846631030
"22.09.26, 16:56:38",106846631049,35757143140,1,QUnit tests,Constel ui,feature/scheduler-dst-grid/main,cancelled,Run QUnit tests,https://github.com/DevExpress/DevExtreme/actions/runs/35757143140/job/106846631049
"22.09.26, 16:56:38",106846631060,35757143140,1,QUnit tests,Constel ui.widgets-no-csp,feature/scheduler-dst-grid/main,cancelled,Run QUnit tests,https://github.com/DevExpress/DevExtreme/actions/runs/35757143140/job/106846631060
"22.09.26, 16:56:38",106846631067,35757143140,1,QUnit tests,Constel ui.editors,feature/scheduler-dst-grid/main,cancelled,Run QUnit tests,https://github.com/DevExpress/DevExtreme/actions/runs/35757143140/job/106846631067
"22.09.26, 16:56:38",106846631071,35757143140,1,QUnit tests,ui.editors-shadow-dom,feature/scheduler-dst-grid/main,cancelled,Run QUnit tests,https://github.com/DevExpress/DevExtreme/actions/runs/35757143140/job/106846631071
"22.09.26, 16:56:38",106846631077,35757143140,1,QUnit tests,Constel misc,feature/scheduler-dst-grid/main,cancelled,Run QUnit tests,https://github.com/DevExpress/DevExtreme/actions/runs/35757143140/job/106846631077
"22.09.26, 16:56:38",106846631094,35757143140,1,QUnit tests,ui-shadow-dom,feature/scheduler-dst-grid/main,cancelled,Run QUnit tests,https://github.com/DevExpress/DevExtreme/actions/runs/35757143140/job/106846631094
"22.09.26, 16:56:38",106846631099,35757143140,1,QUnit tests,ui.grid-shadow-dom,feature/scheduler-dst-grid/main,cancelled,Run QUnit tests,https://github.com/DevExpress/DevExtreme/actions/runs/35757143140/job/106846631099
"22.09.26, 16:56:38",106846631126,35757143140,1,QUnit tests,Constel ui.scheduler,feature/scheduler-dst-grid/main,cancelled,Run QUnit tests,https://github.com/DevExpress/DevExtreme/actions/runs/35757143140/job/106846631126
"22.09.26, 16:56:38",106846631160,35757143140,1,QUnit tests,Constel misc-no-csp,feature/scheduler-dst-grid/main,cancelled,Run QUnit tests,https://github.com/DevExpress/DevExtreme/actions/runs/35757143140/job/106846631160
"22.09.26, 16:58:58",106847471938,35757143140,1,QUnit tests,Send notifications,feature/scheduler-dst-grid/main,cancelled,,https://github.com/DevExpress/DevExtreme/actions/runs/35757143140/job/106847471938
"22.09.26, 16:45:07",106842396500,35756178173,1,QUnit tests,Build,feature/scheduler-dst-grid/main,cancelled,,https://github.com/DevExpress/DevExtreme/actions/runs/35756178173/job/106842396500
"22.09.26, 16:45:07",106842397009,35756178173,1,QUnit tests,Check if all tests should run,feature/scheduler-dst-grid/main,cancelled,,https://github.com/DevExpress/DevExtreme/actions/runs/35756178173/job/106842397009
"22.09.26, 16:45:08",106842404490,35756178173,1,QUnit tests,"Constel ${{ matrix.CONSTEL }}${{ (((matrix.TIMEZONE != '') && format('-{0}', matrix.TIMEZONE)) || '') }}${{ (((matrix.CSP == 'false') && '-no-csp') || '') }}",feature/scheduler-dst-grid/main,cancelled,,https://github.com/DevExpress/DevExtreme/actions/runs/35756178173/job/106842404490
"22.09.26, 16:45:08",106842406397,35756178173,1,QUnit tests,${{ matrix.constel }}-shadow-dom,feature/scheduler-dst-grid/main,cancelled,,https://github.com/DevExpress/DevExtreme/actions/runs/35756178173/job/106842406397
"22.09.26, 16:45:08",106842407302,35756178173,1,QUnit tests,Send notifications,feature/scheduler-dst-grid/main,cancelled,,https://github.com/DevExpress/DevExtreme/actions/runs/35756178173/job/106842407302
"22.09.26, 16:45:09",106842410018,35756178918,1,QUnit tests,Build,feature/scheduler-dst-grid/main,failure,Build,https://github.com/DevExpress/DevExtreme/actions/runs/35756178918/job/106842410018
"22.09.26, 16:14:20",106830870333,35752203861,1,QUnit tests,ui.widgets-shadow-dom,feature/scheduler-dst-grid/main,cancelled,Run QUnit tests,https://github.com/DevExpress/DevExtreme/actions/runs/35752203861/job/106830870333
"22.09.26, 16:14:20",106830870366,35752203861,1,QUnit tests,ui.editors-shadow-dom,feature/scheduler-dst-grid/main,cancelled,Run QUnit tests,https://github.com/DevExpress/DevExtreme/actions/runs/35752203861/job/106830870366
"22.09.26, 16:14:20",106830870374,35752203861,1,QUnit tests,ui.scheduler-shadow-dom,feature/scheduler-dst-grid/main,cancelled,Run QUnit tests,https://github.com/DevExpress/DevExtreme/actions/runs/35752203861/job/106830870374
"22.09.26, 16:14:20",106830870502,35752203861,1,QUnit tests,Constel ui.editors,feature/scheduler-dst-grid/main,cancelled,Run QUnit tests,https://github.com/DevExpress/DevExtreme/actions/runs/35752203861/job/106830870502
"22.09.26, 16:14:20",106830870510,35752203861,1,QUnit tests,ui-shadow-dom,feature/scheduler-dst-grid/main,cancelled,,https://github.com/DevExpress/DevExtreme/actions/runs/35752203861/job/106830870510
"22.09.26, 16:14:20",106830870522,35752203861,1,QUnit tests,Constel ui.grid,feature/scheduler-dst-grid/main,cancelled,Run QUnit tests,https://github.com/DevExpress/DevExtreme/actions/runs/35752203861/job/106830870522
"22.09.26, 16:14:20",106830870532,35752203861,1,QUnit tests,Constel ui,feature/scheduler-dst-grid/main,cancelled,,https://github.com/DevExpress/DevExtreme/actions/runs/35752203861/job/106830870532
"22.09.26, 16:14:20",106830870535,35752203861,1,QUnit tests,Constel ui.scheduler,feature/scheduler-dst-grid/main,cancelled,,https://github.com/DevExpress/DevExtreme/actions/runs/35752203861/job/106830870535
"22.09.26, 16:14:20",106830870542,35752203861,1,QUnit tests,ui.grid-shadow-dom,feature/scheduler-dst-grid/main,cancelled,Run QUnit tests,https://github.com/DevExpress/DevExtreme/actions/runs/35752203861/job/106830870542
"22.09.26, 16:14:20",106830870574,35752203861,1,QUnit tests,Constel ui.widgets-no-csp,feature/scheduler-dst-grid/main,cancelled,Run QUnit tests,https://github.com/DevExpress/DevExtreme/actions/runs/35752203861/job/106830870574
"22.09.26, 16:23:18",106834278197,35752203861,1,QUnit tests,Send notifications,feature/scheduler-dst-grid/main,cancelled,,https://github.com/DevExpress/DevExtreme/actions/runs/35752203861/job/106834278197
"22.09.26, 15:00:06",106801599215,35743971221,1,QUnit tests,Constel ui.scheduler-US/Pacific,scheduler-dst-fallback-simple,failure,Run QUnit tests,https://github.com/DevExpress/DevExtreme/actions/runs/35743971221/job/106801599215
"22.09.26, 14:36:37",106792143578,35740991992,1,QUnit tests,ui.scheduler-shadow-dom,scheduler-dst-fallback-simple,failure,Run QUnit tests,https://github.com/DevExpress/DevExtreme/actions/runs/35740991992/job/106792143578
"22.09.26, 14:36:37",106792143675,35740991992,1,QUnit tests,Constel ui.scheduler-US/Pacific,scheduler-dst-fallback-simple,failure,Run QUnit tests,https://github.com/DevExpress/DevExtreme/actions/runs/35740991992/job/106792143675
"22.09.26, 14:36:37",106792143899,35740991992,1,QUnit tests,Constel ui.scheduler,scheduler-dst-fallback-simple,failure,Run QUnit tests,https://github.com/DevExpress/DevExtreme/actions/runs/35740991992/job/106792143899
"22.09.26, 14:23:59",106787098018,35739547436,1,QUnit tests,Constel misc-no-csp,chore/chrome_153_update,cancelled,,https://github.com/DevExpress/DevExtreme/actions/runs/35739547436/job/106787098018
"22.09.26, 14:38:05",106792734415,35739547436,1,QUnit tests,Send notifications,chore/chrome_153_update,cancelled,,https://github.com/DevExpress/DevExtreme/actions/runs/35739547436/job/106792734415
"22.09.26, 13:41:56",106770530180,35734355055,1,QUnit tests,ui.scheduler-shadow-dom,chat-grid-demo-react,failure,,https://github.com/DevExpress/DevExtreme/actions/runs/35734355055/job/106770530180
"22.09.26, 13:41:56",106770530270,35734355055,1,QUnit tests,ui-shadow-dom,chat-grid-demo-react,failure,,https://github.com/DevExpress/DevExtreme/actions/runs/35734355055/job/106770530270
"22.09.26, 13:37:34",106768833093,35734264966,1,QUnit tests,Constel ui.grid,scheduler-dst-fallback-simple,failure,,https://github.com/DevExpress/DevExtreme/actions/runs/35734264966/job/106768833093
"22.09.26, 12:46:17",106750279837,35729204240,1,QUnit tests,Build,chat-grid-demo-react,cancelled,Build,https://github.com/DevExpress/DevExtreme/actions/runs/35729204240/job/106750279837
"22.09.26, 12:53:01",106752564977,35729204240,1,QUnit tests,${{ matrix.constel }}-shadow-dom,chat-grid-demo-react,cancelled,,https://github.com/DevExpress/DevExtreme/actions/runs/35729204240/job/106752564977
"22.09.26, 12:53:01",106752565125,35729204240,1,QUnit tests,"Constel ${{ matrix.CONSTEL }}${{ (((matrix.TIMEZONE != '') && format('-{0}', matrix.TIMEZONE)) || '') }}${{ (((matrix.CSP == 'false') && '-no-csp') || '') }}",chat-grid-demo-react,cancelled,,https://github.com/DevExpress/DevExtreme/actions/runs/35729204240/job/106752565125
"22.09.26, 12:53:05",106752588402,35729204240,1,QUnit tests,Send notifications,chat-grid-demo-react,cancelled,,https://github.com/DevExpress/DevExtreme/actions/runs/35729204240/job/106752588402
"22.09.26, 12:13:23",106739339645,35725493978,1,QUnit tests,ui.grid-shadow-dom,5182-coreutils---array-remove-m_-prefix-improve-typing,failure,,https://github.com/DevExpress/DevExtreme/actions/runs/35725493978/job/106739339645
"22.09.26, 12:09:40",106738168520,35725138859,1,QUnit tests,ui.grid-shadow-dom,scheduler-dst-fallback-simple,cancelled,Run QUnit tests,https://github.com/DevExpress/DevExtreme/actions/runs/35725138859/job/106738168520
"22.09.26, 12:09:40",106738168594,35725138859,1,QUnit tests,ui.editors-shadow-dom,scheduler-dst-fallback-simple,cancelled,Run QUnit tests,https://github.com/DevExpress/DevExtreme/actions/runs/35725138859/job/106738168594
"22.09.26, 12:09:40",106738168595,35725138859,1,QUnit tests,ui.scheduler-shadow-dom,scheduler-dst-fallback-simple,cancelled,Run QUnit tests,https://github.com/DevExpress/DevExtreme/actions/runs/35725138859/job/106738168595
"22.09.26, 12:09:40",106738168651,35725138859,1,QUnit tests,ui.widgets-shadow-dom,scheduler-dst-fallback-simple,cancelled,Run QUnit tests,https://github.com/DevExpress/DevExtreme/actions/runs/35725138859/job/106738168651
"22.09.26, 12:09:40",106738168680,35725138859,1,QUnit tests,ui-shadow-dom,scheduler-dst-fallback-simple,cancelled,Run QUnit tests,https://github.com/DevExpress/DevExtreme/actions/runs/35725138859/job/106738168680
"22.09.26, 12:09:40",106738168726,35725138859,1,QUnit tests,Constel misc-no-csp,scheduler-dst-fallback-simple,cancelled,Run QUnit tests,https://github.com/DevExpress/DevExtreme/actions/runs/35725138859/job/106738168726
"22.09.26, 12:09:40",106738168759,35725138859,1,QUnit tests,Constel ui.grid,scheduler-dst-fallback-simple,cancelled,Run QUnit tests,https://github.com/DevExpress/DevExtreme/actions/runs/35725138859/job/106738168759
"22.09.26, 12:09:40",106738168760,35725138859,1,QUnit tests,Constel ui.editors,scheduler-dst-fallback-simple,cancelled,Run QUnit tests,https://github.com/DevExpress/DevExtreme/actions/runs/35725138859/job/106738168760
"22.09.26, 12:09:40",106738168762,35725138859,1,QUnit tests,Constel ui.scheduler,scheduler-dst-fallback-simple,cancelled,Run QUnit tests,https://github.com/DevExpress/DevExtreme/actions/runs/35725138859/job/106738168762
"22.09.26, 12:09:40",106738168811,35725138859,1,QUnit tests,Constel ui,scheduler-dst-fallback-simple,cancelled,Run QUnit tests,https://github.com/DevExpress/DevExtreme/actions/runs/35725138859/job/106738168811
"22.09.26, 12:09:40",106738168855,35725138859,1,QUnit tests,Constel ui.widgets-no-csp,scheduler-dst-fallback-simple,cancelled,Run QUnit tests,https://github.com/DevExpress/DevExtreme/actions/runs/35725138859/job/106738168855
"22.09.26, 12:09:40",106738168909,35725138859,1,QUnit tests,Constel misc,scheduler-dst-fallback-simple,cancelled,Run QUnit tests,https://github.com/DevExpress/DevExtreme/actions/runs/35725138859/job/106738168909
"22.09.26, 12:09:40",106738168955,35725138859,1,QUnit tests,Constel ui.scheduler-US/Pacific,scheduler-dst-fallback-simple,cancelled,Run QUnit tests,https://github.com/DevExpress/DevExtreme/actions/runs/35725138859/job/106738168955
"22.09.26, 12:13:52",106739495446,35725138859,1,QUnit tests,Send notifications,scheduler-dst-fallback-simple,cancelled,,https://github.com/DevExpress/DevExtreme/actions/runs/35725138859/job/106739495446
"22.09.26, 11:45:05",106730616384,35722857230,1,QUnit tests,ui.scheduler-shadow-dom,playwright-components-infra,cancelled,Run QUnit tests,https://github.com/DevExpress/DevExtreme/actions/runs/35722857230/job/106730616384
"22.09.26, 11:45:05",106730616413,35722857230,1,QUnit tests,ui.widgets-shadow-dom,playwright-components-infra,cancelled,Run QUnit tests,https://github.com/DevExpress/DevExtreme/actions/runs/35722857230/job/106730616413
"22.09.26, 11:45:05",106730616440,35722857230,1,QUnit tests,ui.editors-shadow-dom,playwright-components-infra,cancelled,Run QUnit tests,https://github.com/DevExpress/DevExtreme/actions/runs/35722857230/job/106730616440
"22.09.26, 11:45:05",106730616455,35722857230,1,QUnit tests,ui-shadow-dom,playwright-components-infra,cancelled,,https://github.com/DevExpress/DevExtreme/actions/runs/35722857230/job/106730616455
"22.09.26, 11:45:05",106730616532,35722857230,1,QUnit tests,Constel ui.editors,playwright-components-infra,cancelled,Post Run QUnit tests,https://github.com/DevExpress/DevExtreme/actions/runs/35722857230/job/106730616532
"22.09.26, 11:45:05",106730616556,35722857230,1,QUnit tests,Constel misc,playwright-components-infra,cancelled,,https://github.com/DevExpress/DevExtreme/actions/runs/35722857230/job/106730616556
"22.09.26, 11:45:05",106730616559,35722857230,1,QUnit tests,ui.grid-shadow-dom,playwright-components-infra,cancelled,Run QUnit tests,https://github.com/DevExpress/DevExtreme/actions/runs/35722857230/job/106730616559
"22.09.26, 11:45:05",106730616582,35722857230,1,QUnit tests,Constel ui.scheduler,playwright-components-infra,cancelled,Run QUnit tests,https://github.com/DevExpress/DevExtreme/actions/runs/35722857230/job/106730616582
"22.09.26, 11:45:05",106730616592,35722857230,1,QUnit tests,Constel ui.widgets-no-csp,playwright-components-infra,cancelled,Run QUnit tests,https://github.com/DevExpress/DevExtreme/actions/runs/35722857230/job/106730616592
"22.09.26, 11:45:05",106730616610,35722857230,1,QUnit tests,Constel ui,playwright-components-infra,cancelled,,https://github.com/DevExpress/DevExtreme/actions/runs/35722857230/job/106730616610
"22.09.26, 11:45:05",106730616658,35722857230,1,QUnit tests,Constel ui.grid,playwright-components-infra,cancelled,Run QUnit tests,https://github.com/DevExpress/DevExtreme/actions/runs/35722857230/job/106730616658
"22.09.26, 11:45:05",106730616674,35722857230,1,QUnit tests,Constel ui.scheduler-US/Pacific,playwright-components-infra,cancelled,Run QUnit tests,https://github.com/DevExpress/DevExtreme/actions/runs/35722857230/job/106730616674
"22.09.26, 11:45:05",106730616785,35722857230,1,QUnit tests,Constel misc-no-csp,playwright-components-infra,cancelled,,https://github.com/DevExpress/DevExtreme/actions/runs/35722857230/job/106730616785
"22.09.26, 11:49:26",106731914245,35722857230,1,QUnit tests,Send notifications,playwright-components-infra,cancelled,,https://github.com/DevExpress/DevExtreme/actions/runs/35722857230/job/106731914245
"22.09.26, 11:31:35",106726592841,35721934859,1,QUnit tests,Build,T1329677,cancelled,Install dependencies,https://github.com/DevExpress/DevExtreme/actions/runs/35721934859/job/106726592841
"22.09.26, 11:31:35",106726593232,35721934859,1,QUnit tests,Check if all tests should run,T1329677,cancelled,,https://github.com/DevExpress/DevExtreme/actions/runs/35721934859/job/106726593232
"22.09.26, 11:32:54",106726978983,35721934859,1,QUnit tests,"Constel ${{ matrix.CONSTEL }}${{ (((matrix.TIMEZONE != '') && format('-{0}', matrix.TIMEZONE)) || '') }}${{ (((matrix.CSP == 'false') && '-no-csp') || '') }}",T1329677,cancelled,,https://github.com/DevExpress/DevExtreme/actions/runs/35721934859/job/106726978983
"22.09.26, 11:32:54",106726979654,35721934859,1,QUnit tests,${{ matrix.constel }}-shadow-dom,T1329677,cancelled,,https://github.com/DevExpress/DevExtreme/actions/runs/35721934859/job/106726979654
"22.09.26, 11:32:54",106726979883,35721934859,1,QUnit tests,Send notifications,T1329677,cancelled,,https://github.com/DevExpress/DevExtreme/actions/runs/35721934859/job/106726979883
"22.09.26, 10:54:12",106715573711,35718068100,1,QUnit tests,ui.scheduler-shadow-dom,playwright-components-infra,cancelled,,https://github.com/DevExpress/DevExtreme/actions/runs/35718068100/job/106715573711
"22.09.26, 10:54:12",106715573751,35718068100,1,QUnit tests,ui.editors-shadow-dom,playwright-components-infra,cancelled,,https://github.com/DevExpress/DevExtreme/actions/runs/35718068100/job/106715573751
"22.09.26, 10:54:12",106715573795,35718068100,1,QUnit tests,ui.widgets-shadow-dom,playwright-components-infra,cancelled,Run QUnit tests,https://github.com/DevExpress/DevExtreme/actions/runs/35718068100/job/106715573795
"22.09.26, 10:54:12",106715573810,35718068100,1,QUnit tests,Constel ui.editors,playwright-components-infra,cancelled,Run QUnit tests,https://github.com/DevExpress/DevExtreme/actions/runs/35718068100/job/106715573810
"22.09.26, 10:54:12",106715573812,35718068100,1,QUnit tests,Constel misc-no-csp,playwright-components-infra,cancelled,Run QUnit tests,https://github.com/DevExpress/DevExtreme/actions/runs/35718068100/job/106715573812
"22.09.26, 10:54:12",106715573820,35718068100,1,QUnit tests,Constel ui.scheduler-US/Pacific,playwright-components-infra,cancelled,,https://github.com/DevExpress/DevExtreme/actions/runs/35718068100/job/106715573820
"22.09.26, 10:54:12",106715573822,35718068100,1,QUnit tests,Constel ui,playwright-components-infra,cancelled,Run QUnit tests,https://github.com/DevExpress/DevExtreme/actions/runs/35718068100/job/106715573822
"22.09.26, 10:54:12",106715573829,35718068100,1,QUnit tests,Constel ui.widgets-no-csp,playwright-components-infra,cancelled,Run QUnit tests,https://github.com/DevExpress/DevExtreme/actions/runs/35718068100/job/106715573829
"22.09.26, 10:54:12",106715573832,35718068100,1,QUnit tests,ui.grid-shadow-dom,playwright-components-infra,cancelled,Run QUnit tests,https://github.com/DevExpress/DevExtreme/actions/runs/35718068100/job/106715573832
"22.09.26, 10:54:12",106715573840,35718068100,1,QUnit tests,Constel misc,playwright-components-infra,cancelled,Run QUnit tests,https://github.com/DevExpress/DevExtreme/actions/runs/35718068100/job/106715573840
"22.09.26, 10:54:12",106715573899,35718068100,1,QUnit tests,Constel ui.grid,playwright-components-infra,cancelled,Run QUnit tests,https://github.com/DevExpress/DevExtreme/actions/runs/35718068100/job/106715573899
"22.09.26, 10:54:12",106715573925,35718068100,1,QUnit tests,Constel ui.scheduler,playwright-components-infra,cancelled,Run QUnit tests,https://github.com/DevExpress/DevExtreme/actions/runs/35718068100/job/106715573925
"22.09.26, 10:59:54",106717199338,35718068100,1,QUnit tests,Send notifications,playwright-components-infra,cancelled,,https://github.com/DevExpress/DevExtreme/actions/runs/35718068100/job/106717199338
"22.09.26, 10:49:17",106714153504,35717709928,1,QUnit tests,Constel misc,5182-coreutils---array-remove-m_-prefix-improve-typing,failure,Run QUnit tests,https://github.com/DevExpress/DevExtreme/actions/runs/35717709928/job/106714153504
"22.09.26, 10:49:17",106714153562,35717709928,1,QUnit tests,Constel misc-no-csp,5182-coreutils---array-remove-m_-prefix-improve-typing,failure,Run QUnit tests,https://github.com/DevExpress/DevExtreme/actions/runs/35717709928/job/106714153562
"22.09.26, 10:15:13",106704147517,35714108769,1,QUnit tests,Constel ui.scheduler,issue-5131_v2,failure,Run QUnit tests,https://github.com/DevExpress/DevExtreme/actions/runs/35714108769/job/106704147517
"22.09.26, 10:15:13",106704147575,35714108769,1,QUnit tests,ui.scheduler-shadow-dom,issue-5131_v2,failure,Run QUnit tests,https://github.com/DevExpress/DevExtreme/actions/runs/35714108769/job/106704147575
"22.09.26, 10:15:13",106704147677,35714108769,1,QUnit tests,Constel ui.scheduler-US/Pacific,issue-5131_v2,failure,Run QUnit tests,https://github.com/DevExpress/DevExtreme/actions/runs/35714108769/job/106704147677
"22.09.26, 09:50:10",106696598986,35711777067,1,QUnit tests,Constel ui.grid,issue-5131_v2,cancelled,,https://github.com/DevExpress/DevExtreme/actions/runs/35711777067/job/106696598986
"22.09.26, 10:11:11",106702950078,35711777067,1,QUnit tests,Send notifications,issue-5131_v2,cancelled,,https://github.com/DevExpress/DevExtreme/actions/runs/35711777067/job/106702950078
"22.09.26, 09:27:49",106689717773,35710278644,1,QUnit tests,ui.scheduler-shadow-dom,issue-5131_v2,cancelled,,https://github.com/DevExpress/DevExtreme/actions/runs/35710278644/job/106689717773
"22.09.26, 09:27:49",106689717792,35710278644,1,QUnit tests,ui.editors-shadow-dom,issue-5131_v2,cancelled,,https://github.com/DevExpress/DevExtreme/actions/runs/35710278644/job/106689717792
"22.09.26, 09:27:49",106689717884,35710278644,1,QUnit tests,ui.widgets-shadow-dom,issue-5131_v2,cancelled,,https://github.com/DevExpress/DevExtreme/actions/runs/35710278644/job/106689717884
"22.09.26, 09:46:13",106695381931,35710278644,1,QUnit tests,Send notifications,issue-5131_v2,cancelled,,https://github.com/DevExpress/DevExtreme/actions/runs/35710278644/job/106695381931
"22.09.26, 09:27:32",106689629544,35710097938,1,QUnit tests,ui.grid-shadow-dom,chore/chrome_153_update,failure,,https://github.com/DevExpress/DevExtreme/actions/runs/35710097938/job/106689629544
"22.09.26, 09:03:44",106682244435,35707996495,1,QUnit tests,ui-shadow-dom,issue-5131_v2,cancelled,Run QUnit tests,https://github.com/DevExpress/DevExtreme/actions/runs/35707996495/job/106682244435
"22.09.26, 09:03:44",106682244459,35707996495,1,QUnit tests,ui.grid-shadow-dom,issue-5131_v2,cancelled,Run QUnit tests,https://github.com/DevExpress/DevExtreme/actions/runs/35707996495/job/106682244459
"22.09.26, 09:03:44",106682244490,35707996495,1,QUnit tests,ui.editors-shadow-dom,issue-5131_v2,cancelled,Run QUnit tests,https://github.com/DevExpress/DevExtreme/actions/runs/35707996495/job/106682244490
"22.09.26, 09:03:44",106682244494,35707996495,1,QUnit tests,ui.scheduler-shadow-dom,issue-5131_v2,cancelled,Run QUnit tests,https://github.com/DevExpress/DevExtreme/actions/runs/35707996495/job/106682244494
"22.09.26, 09:03:44",106682244519,35707996495,1,QUnit tests,Constel misc,issue-5131_v2,cancelled,,https://github.com/DevExpress/DevExtreme/actions/runs/35707996495/job/106682244519
"22.09.26, 09:03:44",106682244542,35707996495,1,QUnit tests,Constel ui.scheduler-US/Pacific,issue-5131_v2,cancelled,Run QUnit tests,https://github.com/DevExpress/DevExtreme/actions/runs/35707996495/job/106682244542
"22.09.26, 09:03:44",106682244547,35707996495,1,QUnit tests,Constel ui.grid,issue-5131_v2,cancelled,Run QUnit tests,https://github.com/DevExpress/DevExtreme/actions/runs/35707996495/job/106682244547
"22.09.26, 09:03:44",106682244568,35707996495,1,QUnit tests,Constel ui.widgets-no-csp,issue-5131_v2,cancelled,Run QUnit tests,https://github.com/DevExpress/DevExtreme/actions/runs/35707996495/job/106682244568
"22.09.26, 09:03:44",106682244588,35707996495,1,QUnit tests,ui.widgets-shadow-dom,issue-5131_v2,cancelled,Run QUnit tests,https://github.com/DevExpress/DevExtreme/actions/runs/35707996495/job/106682244588
"22.09.26, 09:03:44",106682244591,35707996495,1,QUnit tests,Constel ui.editors,issue-5131_v2,cancelled,Run QUnit tests,https://github.com/DevExpress/DevExtreme/actions/runs/35707996495/job/106682244591
"22.09.26, 09:03:44",106682244644,35707996495,1,QUnit tests,Constel ui.scheduler,issue-5131_v2,cancelled,Run QUnit tests,https://github.com/DevExpress/DevExtreme/actions/runs/35707996495/job/106682244644
"22.09.26, 09:03:44",106682244663,35707996495,1,QUnit tests,Constel ui,issue-5131_v2,cancelled,,https://github.com/DevExpress/DevExtreme/actions/runs/35707996495/job/106682244663
"22.09.26, 09:03:44",106682244668,35707996495,1,QUnit tests,Constel misc-no-csp,issue-5131_v2,cancelled,Post Run QUnit tests,https://github.com/DevExpress/DevExtreme/actions/runs/35707996495/job/106682244668
"22.09.26, 09:08:57",106683871639,35707996495,1,QUnit tests,Send notifications,issue-5131_v2,cancelled,,https://github.com/DevExpress/DevExtreme/actions/runs/35707996495/job/106683871639
"22.09.26, 08:41:29",106675555291,35705796691,1,QUnit tests,ui.grid-shadow-dom,chore/chrome_153_update,cancelled,Run QUnit tests,https://github.com/DevExpress/DevExtreme/actions/runs/35705796691/job/106675555291
"22.09.26, 08:41:29",106675555315,35705796691,1,QUnit tests,ui.scheduler-shadow-dom,chore/chrome_153_update,cancelled,,https://github.com/DevExpress/DevExtreme/actions/runs/35705796691/job/106675555315
"22.09.26, 08:41:29",106675555349,35705796691,1,QUnit tests,ui.widgets-shadow-dom,chore/chrome_153_update,cancelled,Run QUnit tests,https://github.com/DevExpress/DevExtreme/actions/runs/35705796691/job/106675555349
"22.09.26, 08:41:29",106675555407,35705796691,1,QUnit tests,Constel ui.editors,chore/chrome_153_update,cancelled,,https://github.com/DevExpress/DevExtreme/actions/runs/35705796691/job/106675555407
"22.09.26, 08:41:29",106675555437,35705796691,1,QUnit tests,Constel ui.scheduler,chore/chrome_153_update,cancelled,,https://github.com/DevExpress/DevExtreme/actions/runs/35705796691/job/106675555437
"22.09.26, 08:41:29",106675555480,35705796691,1,QUnit tests,ui.editors-shadow-dom,chore/chrome_153_update,cancelled,,https://github.com/DevExpress/DevExtreme/actions/runs/35705796691/job/106675555480
"22.09.26, 08:41:30",106675555487,35705796691,1,QUnit tests,Constel ui.scheduler-US/Pacific,chore/chrome_153_update,cancelled,,https://github.com/DevExpress/DevExtreme/actions/runs/35705796691/job/106675555487
"22.09.26, 08:41:30",106675555536,35705796691,1,QUnit tests,Constel ui.widgets-no-csp,chore/chrome_153_update,cancelled,Post Run QUnit tests,https://github.com/DevExpress/DevExtreme/actions/runs/35705796691/job/106675555536
"22.09.26, 08:41:30",106675555604,35705796691,1,QUnit tests,Constel ui.grid,chore/chrome_153_update,cancelled,Run QUnit tests,https://github.com/DevExpress/DevExtreme/actions/runs/35705796691/job/106675555604
"22.09.26, 08:47:50",106677452486,35705796691,1,QUnit tests,Send notifications,chore/chrome_153_update,cancelled,,https://github.com/DevExpress/DevExtreme/actions/runs/35705796691/job/106677452486
"22.09.26, 08:33:44",106673238282,35705015610,1,QUnit tests,Constel ui.scheduler-US/Pacific,issue-5131_v2,failure,Run QUnit tests,https://github.com/DevExpress/DevExtreme/actions/runs/35705015610/job/106673238282
"22.09.26, 08:29:08",106671848482,35704769519,1,QUnit tests,ui.grid-shadow-dom,core-utils-improve-typing_26_1/version_browser,cancelled,Get sources,https://github.com/DevExpress/DevExtreme/actions/runs/35704769519/job/106671848482
"22.09.26, 08:29:08",106671848492,35704769519,1,QUnit tests,ui.editors-shadow-dom,core-utils-improve-typing_26_1/version_browser,cancelled,Get sources,https://github.com/DevExpress/DevExtreme/actions/runs/35704769519/job/106671848492
"22.09.26, 08:29:08",106671848505,35704769519,1,QUnit tests,ui.scheduler-shadow-dom,core-utils-improve-typing_26_1/version_browser,cancelled,Run QUnit tests,https://github.com/DevExpress/DevExtreme/actions/runs/35704769519/job/106671848505
"22.09.26, 08:29:08",106671848574,35704769519,1,QUnit tests,ui-shadow-dom,core-utils-improve-typing_26_1/version_browser,cancelled,Run QUnit tests,https://github.com/DevExpress/DevExtreme/actions/runs/35704769519/job/106671848574
"22.09.26, 08:29:08",106671848589,35704769519,1,QUnit tests,Constel ui.scheduler,core-utils-improve-typing_26_1/version_browser,cancelled,Run QUnit tests,https://github.com/DevExpress/DevExtreme/actions/runs/35704769519/job/106671848589
"22.09.26, 08:29:08",106671848595,35704769519,1,QUnit tests,ui.widgets-shadow-dom,core-utils-improve-typing_26_1/version_browser,cancelled,Run QUnit tests,https://github.com/DevExpress/DevExtreme/actions/runs/35704769519/job/106671848595
"22.09.26, 08:29:08",106671848596,35704769519,1,QUnit tests,Constel ui.editors,core-utils-improve-typing_26_1/version_browser,cancelled,Get sources,https://github.com/DevExpress/DevExtreme/actions/runs/35704769519/job/106671848596
"22.09.26, 08:29:08",106671848606,35704769519,1,QUnit tests,Constel misc-no-csp,core-utils-improve-typing_26_1/version_browser,cancelled,Run QUnit tests,https://github.com/DevExpress/DevExtreme/actions/runs/35704769519/job/106671848606
"22.09.26, 08:29:08",106671848641,35704769519,1,QUnit tests,Constel ui.widgets-no-csp,core-utils-improve-typing_26_1/version_browser,cancelled,Run QUnit tests,https://github.com/DevExpress/DevExtreme/actions/runs/35704769519/job/106671848641
"22.09.26, 08:29:08",106671848645,35704769519,1,QUnit tests,Constel ui.scheduler-US/Pacific,core-utils-improve-typing_26_1/version_browser,cancelled,Run QUnit tests,https://github.com/DevExpress/DevExtreme/actions/runs/35704769519/job/106671848645
"22.09.26, 08:29:08",106671848668,35704769519,1,QUnit tests,Constel ui,core-utils-improve-typing_26_1/version_browser,cancelled,Get sources,https://github.com/DevExpress/DevExtreme/actions/runs/35704769519/job/106671848668
"22.09.26, 08:29:08",106671848782,35704769519,1,QUnit tests,Constel misc,core-utils-improve-typing_26_1/version_browser,cancelled,Get sources,https://github.com/DevExpress/DevExtreme/actions/runs/35704769519/job/106671848782
"22.09.26, 08:29:08",106671848788,35704769519,1,QUnit tests,Constel ui.grid,core-utils-improve-typing_26_1/version_browser,cancelled,Get sources,https://github.com/DevExpress/DevExtreme/actions/runs/35704769519/job/106671848788
"22.09.26, 08:31:04",106672428651,35704769519,1,QUnit tests,Send notifications,core-utils-improve-typing_26_1/version_browser,cancelled,,https://github.com/DevExpress/DevExtreme/actions/runs/35704769519/job/106672428651
"22.09.26, 07:45:25",106659403158,35701202877,1,QUnit tests,Check if all tests should run,cp-26-1/remove-systemjs-from-demos,cancelled,,https://github.com/DevExpress/DevExtreme/actions/runs/35701202877/job/106659403158
"22.09.26, 07:45:25",106659403531,35701202877,1,QUnit tests,Build,cp-26-1/remove-systemjs-from-demos,cancelled,,https://github.com/DevExpress/DevExtreme/actions/runs/35701202877/job/106659403531
"22.09.26, 07:45:26",106659409347,35701202877,1,QUnit tests,${{ matrix.constel }}-shadow-dom,cp-26-1/remove-systemjs-from-demos,cancelled,,https://github.com/DevExpress/DevExtreme/actions/runs/35701202877/job/106659409347
"22.09.26, 07:45:26",106659410604,35701202877,1,QUnit tests,"Constel ${{ matrix.CONSTEL }}${{ (((matrix.TIMEZONE != '') && format('-{0}', matrix.TIMEZONE)) || '') }}${{ (((matrix.CSP == 'false') && '-no-csp') || '') }}",cp-26-1/remove-systemjs-from-demos,cancelled,,https://github.com/DevExpress/DevExtreme/actions/runs/35701202877/job/106659410604
"22.09.26, 07:45:26",106659410723,35701202877,1,QUnit tests,Send notifications,cp-26-1/remove-systemjs-from-demos,cancelled,,https://github.com/DevExpress/DevExtreme/actions/runs/35701202877/job/106659410723
"22.09.26, 22:15:46",106960490489,35791401866,1,Jest tests,jest-tests,typescript/viz/es6_pie_chart,cancelled,,https://github.com/DevExpress/DevExtreme/actions/runs/35791401866/job/106960490489
"22.09.26, 22:23:30",106962812706,35791401866,1,Jest tests,Send notifications,typescript/viz/es6_pie_chart,cancelled,,https://github.com/DevExpress/DevExtreme/actions/runs/35791401866/job/106962812706
"22.09.26, 21:46:21",106951407796,35788608996,1,Jest tests,jest-tests,fluent-next/js-sizes-from-theme,failure,Jest tests,https://github.com/DevExpress/DevExtreme/actions/runs/35788608996/job/106951407796
"22.09.26, 19:13:58",106897197663,35772442728,1,Jest tests,jest-tests,fix/popup-drag-area-in-swatch,failure,Check test types,https://github.com/DevExpress/DevExtreme/actions/runs/35772442728/job/106897197663
"22.09.26, 16:58:14",106847204918,35757596893,1,Jest tests,jest-tests,feature/scheduler-dst-grid/main,failure,Jest tests,https://github.com/DevExpress/DevExtreme/actions/runs/35757596893/job/106847204918
"22.09.26, 16:54:00",106845648940,35757143023,1,Jest tests,jest-tests,feature/scheduler-dst-grid/main,failure,Check test types,https://github.com/DevExpress/DevExtreme/actions/runs/35757143023/job/106845648940
"22.09.26, 16:45:07",106842395587,35756178169,1,Jest tests,jest-tests,feature/scheduler-dst-grid/main,cancelled,,https://github.com/DevExpress/DevExtreme/actions/runs/35756178169/job/106842395587
"22.09.26, 16:45:08",106842404370,35756178169,1,Jest tests,Send notifications,feature/scheduler-dst-grid/main,cancelled,,https://github.com/DevExpress/DevExtreme/actions/runs/35756178169/job/106842404370
"22.09.26, 16:45:08",106842404504,35756178646,1,Jest tests,jest-tests,feature/scheduler-dst-grid/main,failure,Check test types,https://github.com/DevExpress/DevExtreme/actions/runs/35756178646/job/106842404504
"22.09.26, 16:09:20",106828937944,35752204027,1,Jest tests,jest-tests,feature/scheduler-dst-grid/main,failure,Check test types,https://github.com/DevExpress/DevExtreme/actions/runs/35752204027/job/106828937944
"22.09.26, 12:46:16",106750271131,35729204097,1,Jest tests,jest-tests,chat-grid-demo-react,cancelled,Jest tests,https://github.com/DevExpress/DevExtreme/actions/runs/35729204097/job/106750271131
"22.09.26, 12:52:57",106752541532,35729204097,1,Jest tests,Send notifications,chat-grid-demo-react,cancelled,,https://github.com/DevExpress/DevExtreme/actions/runs/35729204097/job/106752541532
"22.09.26, 12:21:46",106742031621,35726712076,1,Jest tests,jest-tests,gh-readonly-queue/main/pr-35293-a696e7043e5e1c41ac7cb3acba6ebd0f1f10a57e,failure,,https://github.com/DevExpress/DevExtreme/actions/runs/35726712076/job/106742031621
"22.09.26, 12:05:32",106736878877,35725138796,1,Jest tests,jest-tests,scheduler-dst-fallback-simple,failure,Check test types,https://github.com/DevExpress/DevExtreme/actions/runs/35725138796/job/106736878877
"22.09.26, 11:56:40",106734102018,35724282813,1,Jest tests,jest-tests,T1329677,failure,,https://github.com/DevExpress/DevExtreme/actions/runs/35724282813/job/106734102018
"22.09.26, 11:41:27",106729531306,35722857187,1,Jest tests,jest-tests,playwright-components-infra,cancelled,,https://github.com/DevExpress/DevExtreme/actions/runs/35722857187/job/106729531306
"22.09.26, 11:49:11",106731841038,35722857187,1,Jest tests,Send notifications,playwright-components-infra,cancelled,,https://github.com/DevExpress/DevExtreme/actions/runs/35722857187/job/106731841038
"22.09.26, 11:31:35",106726592427,35721934852,1,Jest tests,jest-tests,T1329677,cancelled,Install dependencies,https://github.com/DevExpress/DevExtreme/actions/runs/35721934852/job/106726592427
"22.09.26, 11:32:54",106726977932,35721934852,1,Jest tests,Send notifications,T1329677,cancelled,,https://github.com/DevExpress/DevExtreme/actions/runs/35721934852/job/106726977932
"22.09.26, 08:26:01",106670928437,35704769582,1,Jest tests,jest-tests,core-utils-improve-typing_26_1/version_browser,cancelled,Jest tests,https://github.com/DevExpress/DevExtreme/actions/runs/35704769582/job/106670928437
"22.09.26, 08:30:20",106672215510,35704769582,1,Jest tests,Send notifications,core-utils-improve-typing_26_1/version_browser,cancelled,,https://github.com/DevExpress/DevExtreme/actions/runs/35704769582/job/106672215510
"22.09.26, 07:45:25",106659403830,35701203618,1,Jest tests,jest-tests,cp-26-1/remove-systemjs-from-demos,cancelled,,https://github.com/DevExpress/DevExtreme/actions/runs/35701203618/job/106659403830
"22.09.26, 07:45:26",106659410148,35701203618,1,Jest tests,Send notifications,cp-26-1/remove-systemjs-from-demos,cancelled,,https://github.com/DevExpress/DevExtreme/actions/runs/35701203618/job/106659410148
"22.09.26, 07:45:26",106659412987,35701202680,1,Jest tests,jest-tests,cp-26-1/remove-systemjs-from-demos,cancelled,Jest tests,https://github.com/DevExpress/DevExtreme/actions/runs/35701202680/job/106659412987
"22.09.26, 07:50:52",106660900048,35701202680,1,Jest tests,Send notifications,cp-26-1/remove-systemjs-from-demos,cancelled,,https://github.com/DevExpress/DevExtreme/actions/runs/35701202680/job/106660900048
"22.09.26, 16:45:07",106842396207,35756178149,1,Styles tests,Tests,feature/scheduler-dst-grid/main,cancelled,,https://github.com/DevExpress/DevExtreme/actions/runs/35756178149/job/106842396207
"22.09.26, 16:45:08",106842405792,35756178149,1,Styles tests,Send notifications,feature/scheduler-dst-grid/main,cancelled,,https://github.com/DevExpress/DevExtreme/actions/runs/35756178149/job/106842405792
"22.09.26, 11:31:35",106726592256,35721934835,1,Styles tests,Tests,T1329677,cancelled,Install dependencies,https://github.com/DevExpress/DevExtreme/actions/runs/35721934835/job/106726592256
"22.09.26, 11:32:54",106726979555,35721934835,1,Styles tests,Send notifications,T1329677,cancelled,,https://github.com/DevExpress/DevExtreme/actions/runs/35721934835/job/106726979555
"22.09.26, 07:45:24",106659401156,35701202775,1,Styles tests,Tests,cp-26-1/remove-systemjs-from-demos,cancelled,,https://github.com/DevExpress/DevExtreme/actions/runs/35701202775/job/106659401156
"22.09.26, 07:45:25",106659406963,35701202775,1,Styles tests,Send notifications,cp-26-1/remove-systemjs-from-demos,cancelled,,https://github.com/DevExpress/DevExtreme/actions/runs/35701202775/job/106659406963
"22.09.26, 22:16:04",106960580114,35791401723,1,TestCafe tests,Build DevExtreme,typescript/viz/es6_pie_chart,failure,Build,https://github.com/DevExpress/DevExtreme/actions/runs/35791401723/job/106960580114
"22.09.26, 21:31:36",106946688648,35786461354,1,TestCafe tests,generic,typescript/viz/es6_base_widget,cancelled,Run TestCafe tests,https://github.com/DevExpress/DevExtreme/actions/runs/35786461354/job/106946688648
"22.09.26, 21:31:36",106946688651,35786461354,1,TestCafe tests,common - fluent,typescript/viz/es6_base_widget,cancelled,Run TestCafe tests,https://github.com/DevExpress/DevExtreme/actions/runs/35786461354/job/106946688651
"22.09.26, 21:31:36",106946688663,35786461354,1,TestCafe tests,accessibility - fluent,typescript/viz/es6_base_widget,cancelled,Run TestCafe tests,https://github.com/DevExpress/DevExtreme/actions/runs/35786461354/job/106946688663
"22.09.26, 21:31:36",106946688695,35786461354,1,TestCafe tests,dataGrid (2/4) - fluent,typescript/viz/es6_base_widget,cancelled,Run TestCafe tests,https://github.com/DevExpress/DevExtreme/actions/runs/35786461354/job/106946688695
"22.09.26, 21:31:36",106946688725,35786461354,1,TestCafe tests,scheduler / common (2/3) - fluent,typescript/viz/es6_base_widget,cancelled,Run TestCafe tests,https://github.com/DevExpress/DevExtreme/actions/runs/35786461354/job/106946688725
"22.09.26, 21:31:36",106946688728,35786461354,1,TestCafe tests,dataGrid (3/4) - fluent,typescript/viz/es6_base_widget,cancelled,Run TestCafe tests,https://github.com/DevExpress/DevExtreme/actions/runs/35786461354/job/106946688728
"22.09.26, 21:31:36",106946688738,35786461354,1,TestCafe tests,editors - fluent,typescript/viz/es6_base_widget,cancelled,Run TestCafe tests,https://github.com/DevExpress/DevExtreme/actions/runs/35786461354/job/106946688738
"22.09.26, 21:31:36",106946688740,35786461354,1,TestCafe tests,scheduler / common (3/3) - fluent,typescript/viz/es6_base_widget,cancelled,Run TestCafe tests,https://github.com/DevExpress/DevExtreme/actions/runs/35786461354/job/106946688740
"22.09.26, 21:31:36",106946688781,35786461354,1,TestCafe tests,scheduler / viewOffset (2/2) - fluent,typescript/viz/es6_base_widget,cancelled,Run TestCafe tests,https://github.com/DevExpress/DevExtreme/actions/runs/35786461354/job/106946688781
"22.09.26, 21:31:36",106946688792,35786461354,1,TestCafe tests,navigation - fluent,typescript/viz/es6_base_widget,cancelled,Run TestCafe tests,https://github.com/DevExpress/DevExtreme/actions/runs/35786461354/job/106946688792
"22.09.26, 21:31:36",106946688800,35786461354,1,TestCafe tests,dataGrid (4/4) - fluent,typescript/viz/es6_base_widget,cancelled,Run TestCafe tests,https://github.com/DevExpress/DevExtreme/actions/runs/35786461354/job/106946688800
"22.09.26, 21:31:36",106946688805,35786461354,1,TestCafe tests,scheduler / viewOffset (1/2) - fluent,typescript/viz/es6_base_widget,cancelled,Run TestCafe tests,https://github.com/DevExpress/DevExtreme/actions/runs/35786461354/job/106946688805
"22.09.26, 21:31:36",106946688819,35786461354,1,TestCafe tests,cardView - fluent,typescript/viz/es6_base_widget,cancelled,Run TestCafe tests,https://github.com/DevExpress/DevExtreme/actions/runs/35786461354/job/106946688819
"22.09.26, 21:31:36",106946688890,35786461354,1,TestCafe tests,scheduler / common (1/3) - fluent,typescript/viz/es6_base_widget,cancelled,Run TestCafe tests,https://github.com/DevExpress/DevExtreme/actions/runs/35786461354/job/106946688890
"22.09.26, 21:31:36",106946689024,35786461354,1,TestCafe tests,dataGrid (1/4) - fluent,typescript/viz/es6_base_widget,cancelled,Run TestCafe tests,https://github.com/DevExpress/DevExtreme/actions/runs/35786461354/job/106946689024
"22.09.26, 21:34:57",106947769034,35786461354,1,TestCafe tests,quarantine,typescript/viz/es6_base_widget,cancelled,,https://github.com/DevExpress/DevExtreme/actions/runs/35786461354/job/106947769034
"22.09.26, 21:34:57",106947769781,35786461354,1,TestCafe tests,Send notifications,typescript/viz/es6_base_widget,cancelled,,https://github.com/DevExpress/DevExtreme/actions/runs/35786461354/job/106947769781
"22.09.26, 20:51:34",106932831768,35782428233,1,TestCafe tests,editors - fluent,fix/popup-drag-area-in-swatch,failure,Run TestCafe tests,https://github.com/DevExpress/DevExtreme/actions/runs/35782428233/job/106932831768
"22.09.26, 20:26:30",106923846501,35779746650,1,TestCafe tests,scheduler / timezones (Europe/Berlin) - fluent,fix/popup-drag-area-in-swatch,cancelled,Run TestCafe tests,https://github.com/DevExpress/DevExtreme/actions/runs/35779746650/job/106923846501
"22.09.26, 20:46:50",106931162893,35779746650,1,TestCafe tests,quarantine,fix/popup-drag-area-in-swatch,cancelled,,https://github.com/DevExpress/DevExtreme/actions/runs/35779746650/job/106931162893
"22.09.26, 20:46:51",106931164138,35779746650,1,TestCafe tests,Send notifications,fix/popup-drag-area-in-swatch,cancelled,,https://github.com/DevExpress/DevExtreme/actions/runs/35779746650/job/106931164138
"22.09.26, 16:54:19",106845772015,35757143011,1,TestCafe tests,Build DevExtreme,feature/scheduler-dst-grid/main,cancelled,Post Setup nx cache,https://github.com/DevExpress/DevExtreme/actions/runs/35757143011/job/106845772015
"22.09.26, 16:58:26",106847281966,35757143011,1,TestCafe tests,quarantine,feature/scheduler-dst-grid/main,cancelled,,https://github.com/DevExpress/DevExtreme/actions/runs/35757143011/job/106847281966
"22.09.26, 16:58:26",106847282017,35757143011,1,TestCafe tests,${{ matrix.name }}${{ ((!matrix.theme && ' - fluent') || '') }},feature/scheduler-dst-grid/main,cancelled,,https://github.com/DevExpress/DevExtreme/actions/runs/35757143011/job/106847282017
"22.09.26, 16:58:27",106847283661,35757143011,1,TestCafe tests,Send notifications,feature/scheduler-dst-grid/main,cancelled,,https://github.com/DevExpress/DevExtreme/actions/runs/35757143011/job/106847283661
"22.09.26, 16:50:44",106844459323,35756178713,1,TestCafe tests,Build DevExtreme,feature/scheduler-dst-grid/main,failure,Build,https://github.com/DevExpress/DevExtreme/actions/runs/35756178713/job/106844459323
"22.09.26, 16:34:58",106838630227,35753214234,1,TestCafe tests,quarantine,feature/scheduler-dst-grid/main,cancelled,,https://github.com/DevExpress/DevExtreme/actions/runs/35753214234/job/106838630227
"22.09.26, 16:50:14",106844275737,35753214234,1,TestCafe tests,Send notifications,feature/scheduler-dst-grid/main,cancelled,,https://github.com/DevExpress/DevExtreme/actions/runs/35753214234/job/106844275737
"22.09.26, 16:15:52",106831455201,35752204017,1,TestCafe tests,dataGrid (1/4) - fluent,feature/scheduler-dst-grid/main,cancelled,Run TestCafe tests,https://github.com/DevExpress/DevExtreme/actions/runs/35752204017/job/106831455201
"22.09.26, 16:15:52",106831455203,35752204017,1,TestCafe tests,generic,feature/scheduler-dst-grid/main,cancelled,,https://github.com/DevExpress/DevExtreme/actions/runs/35752204017/job/106831455203
"22.09.26, 16:15:52",106831455267,35752204017,1,TestCafe tests,dataGrid (2/4) - fluent,feature/scheduler-dst-grid/main,cancelled,Run TestCafe tests,https://github.com/DevExpress/DevExtreme/actions/runs/35752204017/job/106831455267
"22.09.26, 16:15:52",106831455274,35752204017,1,TestCafe tests,accessibility - fluent,feature/scheduler-dst-grid/main,cancelled,Run TestCafe tests,https://github.com/DevExpress/DevExtreme/actions/runs/35752204017/job/106831455274
"22.09.26, 16:15:52",106831455294,35752204017,1,TestCafe tests,navigation - fluent,feature/scheduler-dst-grid/main,cancelled,Run TestCafe tests,https://github.com/DevExpress/DevExtreme/actions/runs/35752204017/job/106831455294
"22.09.26, 16:15:52",106831455298,35752204017,1,TestCafe tests,material,feature/scheduler-dst-grid/main,cancelled,,https://github.com/DevExpress/DevExtreme/actions/runs/35752204017/job/106831455298
"22.09.26, 16:15:52",106831455307,35752204017,1,TestCafe tests,scheduler / common (1/3) - fluent,feature/scheduler-dst-grid/main,cancelled,Run TestCafe tests,https://github.com/DevExpress/DevExtreme/actions/runs/35752204017/job/106831455307
"22.09.26, 16:15:52",106831455344,35752204017,1,TestCafe tests,cardView - fluent,feature/scheduler-dst-grid/main,cancelled,Run TestCafe tests,https://github.com/DevExpress/DevExtreme/actions/runs/35752204017/job/106831455344
"22.09.26, 16:15:52",106831455378,35752204017,1,TestCafe tests,scheduler / common (2/3) - fluent,feature/scheduler-dst-grid/main,cancelled,Run TestCafe tests,https://github.com/DevExpress/DevExtreme/actions/runs/35752204017/job/106831455378
"22.09.26, 16:15:52",106831455393,35752204017,1,TestCafe tests,editors - fluent,feature/scheduler-dst-grid/main,cancelled,Run TestCafe tests,https://github.com/DevExpress/DevExtreme/actions/runs/35752204017/job/106831455393
"22.09.26, 16:15:52",106831455396,35752204017,1,TestCafe tests,dataGrid (4/4) - fluent,feature/scheduler-dst-grid/main,cancelled,Run TestCafe tests,https://github.com/DevExpress/DevExtreme/actions/runs/35752204017/job/106831455396
"22.09.26, 16:15:52",106831455406,35752204017,1,TestCafe tests,dataGrid (3/4) - fluent,feature/scheduler-dst-grid/main,cancelled,,https://github.com/DevExpress/DevExtreme/actions/runs/35752204017/job/106831455406
"22.09.26, 16:15:52",106831455422,35752204017,1,TestCafe tests,scheduler / viewOffset (2/2) - fluent,feature/scheduler-dst-grid/main,cancelled,Run TestCafe tests,https://github.com/DevExpress/DevExtreme/actions/runs/35752204017/job/106831455422
"22.09.26, 16:15:52",106831455459,35752204017,1,TestCafe tests,scheduler / common (3/3) - fluent,feature/scheduler-dst-grid/main,cancelled,Run TestCafe tests,https://github.com/DevExpress/DevExtreme/actions/runs/35752204017/job/106831455459
"22.09.26, 16:15:52",106831455460,35752204017,1,TestCafe tests,common - fluent,feature/scheduler-dst-grid/main,cancelled,Run TestCafe tests,https://github.com/DevExpress/DevExtreme/actions/runs/35752204017/job/106831455460
"22.09.26, 16:15:52",106831455526,35752204017,1,TestCafe tests,scheduler / viewOffset (1/2) - fluent,feature/scheduler-dst-grid/main,cancelled,Run TestCafe tests,https://github.com/DevExpress/DevExtreme/actions/runs/35752204017/job/106831455526
"22.09.26, 16:23:17",106834270681,35752204017,1,TestCafe tests,quarantine,feature/scheduler-dst-grid/main,cancelled,,https://github.com/DevExpress/DevExtreme/actions/runs/35752204017/job/106834270681
"22.09.26, 16:23:17",106834274931,35752204017,1,TestCafe tests,Send notifications,feature/scheduler-dst-grid/main,cancelled,,https://github.com/DevExpress/DevExtreme/actions/runs/35752204017/job/106834274931
"22.09.26, 14:36:54",106792256620,35741074464,1,TestCafe tests,common - fluent,chore/chrome_153_update,failure,Run TestCafe tests,https://github.com/DevExpress/DevExtreme/actions/runs/35741074464/job/106792256620
"22.09.26, 14:36:54",106792256769,35741074464,1,TestCafe tests,dataGrid (3/4) - fluent,chore/chrome_153_update,failure,Run TestCafe tests,https://github.com/DevExpress/DevExtreme/actions/runs/35741074464/job/106792256769
"22.09.26, 14:36:54",106792256774,35741074464,1,TestCafe tests,dataGrid (4/4) - fluent,chore/chrome_153_update,failure,Run TestCafe tests,https://github.com/DevExpress/DevExtreme/actions/runs/35741074464/job/106792256774
"22.09.26, 14:36:54",106792256779,35741074464,1,TestCafe tests,dataGrid (2/4) - fluent,chore/chrome_153_update,failure,Run TestCafe tests,https://github.com/DevExpress/DevExtreme/actions/runs/35741074464/job/106792256779
"22.09.26, 14:36:54",106792256786,35741074464,1,TestCafe tests,dataGrid (1/4) - fluent,chore/chrome_153_update,failure,Run TestCafe tests,https://github.com/DevExpress/DevExtreme/actions/runs/35741074464/job/106792256786
"22.09.26, 14:36:54",106792256801,35741074464,1,TestCafe tests,generic,chore/chrome_153_update,failure,Run TestCafe tests,https://github.com/DevExpress/DevExtreme/actions/runs/35741074464/job/106792256801
"22.09.26, 14:45:29",106795695452,35741074464,1,TestCafe tests,quarantine,chore/chrome_153_update,failure,Run quarantined tests,https://github.com/DevExpress/DevExtreme/actions/runs/35741074464/job/106795695452
"22.09.26, 14:25:47",106787814486,35739547445,1,TestCafe tests,dataGrid (4/4) - fluent,chore/chrome_153_update,cancelled,Run TestCafe tests,https://github.com/DevExpress/DevExtreme/actions/runs/35739547445/job/106787814486
"22.09.26, 14:25:47",106787814497,35739547445,1,TestCafe tests,dataGrid (2/4) - fluent,chore/chrome_153_update,cancelled,Run TestCafe tests,https://github.com/DevExpress/DevExtreme/actions/runs/35739547445/job/106787814497
"22.09.26, 14:25:47",106787814555,35739547445,1,TestCafe tests,generic,chore/chrome_153_update,failure,Run TestCafe tests,https://github.com/DevExpress/DevExtreme/actions/runs/35739547445/job/106787814555
"22.09.26, 14:25:47",106787814592,35739547445,1,TestCafe tests,dataGrid (1/4) - fluent,chore/chrome_153_update,cancelled,Run TestCafe tests,https://github.com/DevExpress/DevExtreme/actions/runs/35739547445/job/106787814592
"22.09.26, 14:25:47",106787814660,35739547445,1,TestCafe tests,common - fluent,chore/chrome_153_update,failure,Run TestCafe tests,https://github.com/DevExpress/DevExtreme/actions/runs/35739547445/job/106787814660
"22.09.26, 14:25:47",106787814827,35739547445,1,TestCafe tests,dataGrid (3/4) - fluent,chore/chrome_153_update,cancelled,Run TestCafe tests,https://github.com/DevExpress/DevExtreme/actions/runs/35739547445/job/106787814827
"22.09.26, 14:34:07",106791129367,35739547445,1,TestCafe tests,Send notifications,chore/chrome_153_update,cancelled,,https://github.com/DevExpress/DevExtreme/actions/runs/35739547445/job/106791129367
"22.09.26, 14:34:07",106791129752,35739547445,1,TestCafe tests,quarantine,chore/chrome_153_update,cancelled,,https://github.com/DevExpress/DevExtreme/actions/runs/35739547445/job/106791129752
"22.09.26, 13:41:16",106770268003,35734355036,1,TestCafe tests,scheduler / viewOffset (1/2) - fluent,chat-grid-demo-react,failure,,https://github.com/DevExpress/DevExtreme/actions/runs/35734355036/job/106770268003
"22.09.26, 13:34:25",106767628570,35733794554,1,TestCafe tests,common - fluent,chore/chrome_153_update,failure,Run TestCafe tests,https://github.com/DevExpress/DevExtreme/actions/runs/35733794554/job/106767628570
"22.09.26, 13:34:25",106767628615,35733794554,1,TestCafe tests,material,chore/chrome_153_update,failure,Run TestCafe tests,https://github.com/DevExpress/DevExtreme/actions/runs/35733794554/job/106767628615
"22.09.26, 13:34:25",106767628637,35733794554,1,TestCafe tests,dataGrid (4/4) - fluent,chore/chrome_153_update,failure,Run TestCafe tests,https://github.com/DevExpress/DevExtreme/actions/runs/35733794554/job/106767628637
"22.09.26, 13:34:25",106767628706,35733794554,1,TestCafe tests,dataGrid (2/4) - fluent,chore/chrome_153_update,failure,Run TestCafe tests,https://github.com/DevExpress/DevExtreme/actions/runs/35733794554/job/106767628706
"22.09.26, 13:34:25",106767628779,35733794554,1,TestCafe tests,generic,chore/chrome_153_update,failure,Run TestCafe tests,https://github.com/DevExpress/DevExtreme/actions/runs/35733794554/job/106767628779
"22.09.26, 13:34:25",106767628782,35733794554,1,TestCafe tests,dataGrid (3/4) - fluent,chore/chrome_153_update,failure,Run TestCafe tests,https://github.com/DevExpress/DevExtreme/actions/runs/35733794554/job/106767628782
"22.09.26, 13:34:25",106767629092,35733794554,1,TestCafe tests,dataGrid (1/4) - fluent,chore/chrome_153_update,failure,Run TestCafe tests,https://github.com/DevExpress/DevExtreme/actions/runs/35733794554/job/106767629092
"22.09.26, 13:22:59",106763348270,35732460312,1,TestCafe tests,dataGrid (3/4) - fluent,chore/chrome_153_update,cancelled,Run TestCafe tests,https://github.com/DevExpress/DevExtreme/actions/runs/35732460312/job/106763348270
"22.09.26, 13:22:59",106763348322,35732460312,1,TestCafe tests,generic,chore/chrome_153_update,failure,Run TestCafe tests,https://github.com/DevExpress/DevExtreme/actions/runs/35732460312/job/106763348322
"22.09.26, 13:22:59",106763348374,35732460312,1,TestCafe tests,dataGrid (4/4) - fluent,chore/chrome_153_update,cancelled,Run TestCafe tests,https://github.com/DevExpress/DevExtreme/actions/runs/35732460312/job/106763348374
"22.09.26, 13:22:59",106763348393,35732460312,1,TestCafe tests,common - fluent,chore/chrome_153_update,failure,Run TestCafe tests,https://github.com/DevExpress/DevExtreme/actions/runs/35732460312/job/106763348393
"22.09.26, 13:22:59",106763348408,35732460312,1,TestCafe tests,dataGrid (1/4) - fluent,chore/chrome_153_update,cancelled,Run TestCafe tests,https://github.com/DevExpress/DevExtreme/actions/runs/35732460312/job/106763348408
"22.09.26, 13:22:59",106763348470,35732460312,1,TestCafe tests,dataGrid (2/4) - fluent,chore/chrome_153_update,cancelled,Run TestCafe tests,https://github.com/DevExpress/DevExtreme/actions/runs/35732460312/job/106763348470
"22.09.26, 13:22:59",106763348914,35732460312,1,TestCafe tests,material,chore/chrome_153_update,failure,Run TestCafe tests,https://github.com/DevExpress/DevExtreme/actions/runs/35732460312/job/106763348914
"22.09.26, 13:30:35",106766142854,35732460312,1,TestCafe tests,quarantine,chore/chrome_153_update,cancelled,,https://github.com/DevExpress/DevExtreme/actions/runs/35732460312/job/106766142854
"22.09.26, 13:30:40",106766181615,35732460312,1,TestCafe tests,Send notifications,chore/chrome_153_update,cancelled,,https://github.com/DevExpress/DevExtreme/actions/runs/35732460312/job/106766181615
"22.09.26, 13:13:50",106760005343,35731454539,1,TestCafe tests,accessibility - fluent,feature/demo_custom_AI_assistant_Vue,cancelled,Run TestCafe tests,https://github.com/DevExpress/DevExtreme/actions/runs/35731454539/job/106760005343
"22.09.26, 13:59:14",106777236228,35731454539,1,TestCafe tests,quarantine,feature/demo_custom_AI_assistant_Vue,cancelled,Install dependencies,https://github.com/DevExpress/DevExtreme/actions/runs/35731454539/job/106777236228
"22.09.26, 14:01:16",106778045090,35731454539,1,TestCafe tests,Send notifications,feature/demo_custom_AI_assistant_Vue,cancelled,,https://github.com/DevExpress/DevExtreme/actions/runs/35731454539/job/106778045090
"22.09.26, 12:57:01",106753953021,35729740108,1,TestCafe tests,editors - fluent,core-utils-improve-typing_26_2/ajax,failure,,https://github.com/DevExpress/DevExtreme/actions/runs/35729740108/job/106753953021
"22.09.26, 12:46:40",106750409782,35729204330,1,TestCafe tests,Build DevExtreme,chat-grid-demo-react,cancelled,Post Setup pnpm cache,https://github.com/DevExpress/DevExtreme/actions/runs/35729204330/job/106750409782
"22.09.26, 12:52:37",106752431934,35729204330,1,TestCafe tests,${{ matrix.name }}${{ ((!matrix.theme && ' - fluent') || '') }},chat-grid-demo-react,cancelled,,https://github.com/DevExpress/DevExtreme/actions/runs/35729204330/job/106752431934
"22.09.26, 12:52:43",106752466068,35729204330,1,TestCafe tests,quarantine,chat-grid-demo-react,cancelled,,https://github.com/DevExpress/DevExtreme/actions/runs/35729204330/job/106752466068
"22.09.26, 12:52:46",106752490658,35729204330,1,TestCafe tests,Send notifications,chat-grid-demo-react,cancelled,,https://github.com/DevExpress/DevExtreme/actions/runs/35729204330/job/106752490658
"22.09.26, 12:28:28",106744245302,35725493890,1,TestCafe tests,quarantine,5182-coreutils---array-remove-m_-prefix-improve-typing,cancelled,Install dependencies,https://github.com/DevExpress/DevExtreme/actions/runs/35725493890/job/106744245302
"22.09.26, 12:33:12",106745847648,35725493890,1,TestCafe tests,Send notifications,5182-coreutils---array-remove-m_-prefix-improve-typing,cancelled,,https://github.com/DevExpress/DevExtreme/actions/runs/35725493890/job/106745847648
"22.09.26, 12:19:56",106741448943,35725461884,1,TestCafe tests,common - fluent,core-utils-improve-typing_26_2/ajax,cancelled,Install dependencies,https://github.com/DevExpress/DevExtreme/actions/runs/35725461884/job/106741448943
"22.09.26, 12:19:56",106741448951,35725461884,1,TestCafe tests,material - compact,core-utils-improve-typing_26_2/ajax,cancelled,,https://github.com/DevExpress/DevExtreme/actions/runs/35725461884/job/106741448951
"22.09.26, 12:19:56",106741448986,35725461884,1,TestCafe tests,dataGrid (4/4) - fluent,core-utils-improve-typing_26_2/ajax,cancelled,,https://github.com/DevExpress/DevExtreme/actions/runs/35725461884/job/106741448986
"22.09.26, 12:19:56",106741448987,35725461884,1,TestCafe tests,accessibility - fluent,core-utils-improve-typing_26_2/ajax,cancelled,,https://github.com/DevExpress/DevExtreme/actions/runs/35725461884/job/106741448987
"22.09.26, 12:19:56",106741448991,35725461884,1,TestCafe tests,dataGrid (1/4) - fluent,core-utils-improve-typing_26_2/ajax,cancelled,,https://github.com/DevExpress/DevExtreme/actions/runs/35725461884/job/106741448991
"22.09.26, 12:19:56",106741449009,35725461884,1,TestCafe tests,editors - fluent,core-utils-improve-typing_26_2/ajax,cancelled,,https://github.com/DevExpress/DevExtreme/actions/runs/35725461884/job/106741449009
"22.09.26, 12:19:56",106741449019,35725461884,1,TestCafe tests,generic,core-utils-improve-typing_26_2/ajax,cancelled,,https://github.com/DevExpress/DevExtreme/actions/runs/35725461884/job/106741449019
"22.09.26, 12:19:56",106741449028,35725461884,1,TestCafe tests,cardView - fluent,core-utils-improve-typing_26_2/ajax,cancelled,Install dependencies,https://github.com/DevExpress/DevExtreme/actions/runs/35725461884/job/106741449028
"22.09.26, 12:19:56",106741449033,35725461884,1,TestCafe tests,scheduler / viewOffset (1/2) - fluent,core-utils-improve-typing_26_2/ajax,cancelled,,https://github.com/DevExpress/DevExtreme/actions/runs/35725461884/job/106741449033
"22.09.26, 12:19:56",106741449048,35725461884,1,TestCafe tests,scheduler / common (1/3) - fluent,core-utils-improve-typing_26_2/ajax,cancelled,,https://github.com/DevExpress/DevExtreme/actions/runs/35725461884/job/106741449048
"22.09.26, 12:19:56",106741449049,35725461884,1,TestCafe tests,dataGrid (2/4) - fluent,core-utils-improve-typing_26_2/ajax,cancelled,,https://github.com/DevExpress/DevExtreme/actions/runs/35725461884/job/106741449049
"22.09.26, 12:19:56",106741449060,35725461884,1,TestCafe tests,scheduler / common (2/3) - fluent,core-utils-improve-typing_26_2/ajax,cancelled,,https://github.com/DevExpress/DevExtreme/actions/runs/35725461884/job/106741449060
"22.09.26, 12:19:56",106741449099,35725461884,1,TestCafe tests,scheduler / timezones (America/Los_Angeles) - fluent,core-utils-improve-typing_26_2/ajax,cancelled,,https://github.com/DevExpress/DevExtreme/actions/runs/35725461884/job/106741449099
"22.09.26, 12:19:56",106741449109,35725461884,1,TestCafe tests,navigation - fluent,core-utils-improve-typing_26_2/ajax,cancelled,,https://github.com/DevExpress/DevExtreme/actions/runs/35725461884/job/106741449109
"22.09.26, 12:19:56",106741449116,35725461884,1,TestCafe tests,material,core-utils-improve-typing_26_2/ajax,cancelled,,https://github.com/DevExpress/DevExtreme/actions/runs/35725461884/job/106741449116
"22.09.26, 12:19:56",106741449117,35725461884,1,TestCafe tests,scheduler / timezones (Europe/Berlin) - fluent,core-utils-improve-typing_26_2/ajax,cancelled,,https://github.com/DevExpress/DevExtreme/actions/runs/35725461884/job/106741449117
"22.09.26, 12:19:56",106741449124,35725461884,1,TestCafe tests,scheduler / common (3/3) - fluent,core-utils-improve-typing_26_2/ajax,cancelled,,https://github.com/DevExpress/DevExtreme/actions/runs/35725461884/job/106741449124
"22.09.26, 12:19:56",106741449162,35725461884,1,TestCafe tests,dataGrid (3/4) - fluent,core-utils-improve-typing_26_2/ajax,cancelled,,https://github.com/DevExpress/DevExtreme/actions/runs/35725461884/job/106741449162
"22.09.26, 12:19:56",106741449163,35725461884,1,TestCafe tests,scheduler / viewOffset (2/2) - fluent,core-utils-improve-typing_26_2/ajax,cancelled,,https://github.com/DevExpress/DevExtreme/actions/runs/35725461884/job/106741449163
"22.09.26, 12:25:03",106743119457,35725461884,1,TestCafe tests,quarantine,core-utils-improve-typing_26_2/ajax,cancelled,,https://github.com/DevExpress/DevExtreme/actions/runs/35725461884/job/106743119457
"22.09.26, 12:25:03",106743120791,35725461884,1,TestCafe tests,Send notifications,core-utils-improve-typing_26_2/ajax,cancelled,,https://github.com/DevExpress/DevExtreme/actions/runs/35725461884/job/106743120791
"22.09.26, 12:12:41",106739122011,35725138808,1,TestCafe tests,cardView - fluent,scheduler-dst-fallback-simple,cancelled,,https://github.com/DevExpress/DevExtreme/actions/runs/35725138808/job/106739122011
"22.09.26, 12:12:41",106739122012,35725138808,1,TestCafe tests,common - fluent,scheduler-dst-fallback-simple,cancelled,,https://github.com/DevExpress/DevExtreme/actions/runs/35725138808/job/106739122012
"22.09.26, 12:12:41",106739122028,35725138808,1,TestCafe tests,scheduler / common (2/3) - fluent,scheduler-dst-fallback-simple,cancelled,,https://github.com/DevExpress/DevExtreme/actions/runs/35725138808/job/106739122028
"22.09.26, 12:12:41",106739122048,35725138808,1,TestCafe tests,material - compact,scheduler-dst-fallback-simple,cancelled,,https://github.com/DevExpress/DevExtreme/actions/runs/35725138808/job/106739122048
"22.09.26, 12:12:41",106739122079,35725138808,1,TestCafe tests,accessibility - fluent,scheduler-dst-fallback-simple,cancelled,,https://github.com/DevExpress/DevExtreme/actions/runs/35725138808/job/106739122079
"22.09.26, 12:12:41",106739122081,35725138808,1,TestCafe tests,dataGrid (2/4) - fluent,scheduler-dst-fallback-simple,cancelled,,https://github.com/DevExpress/DevExtreme/actions/runs/35725138808/job/106739122081
"22.09.26, 12:12:41",106739122089,35725138808,1,TestCafe tests,scheduler / common (1/3) - fluent,scheduler-dst-fallback-simple,cancelled,,https://github.com/DevExpress/DevExtreme/actions/runs/35725138808/job/106739122089
"22.09.26, 12:12:41",106739122098,35725138808,1,TestCafe tests,material,scheduler-dst-fallback-simple,cancelled,,https://github.com/DevExpress/DevExtreme/actions/runs/35725138808/job/106739122098
"22.09.26, 12:12:41",106739122105,35725138808,1,TestCafe tests,dataGrid (1/4) - fluent,scheduler-dst-fallback-simple,cancelled,,https://github.com/DevExpress/DevExtreme/actions/runs/35725138808/job/106739122105
"22.09.26, 12:12:41",106739122107,35725138808,1,TestCafe tests,scheduler / timezones (America/Los_Angeles) - fluent,scheduler-dst-fallback-simple,cancelled,,https://github.com/DevExpress/DevExtreme/actions/runs/35725138808/job/106739122107
"22.09.26, 12:12:41",106739122108,35725138808,1,TestCafe tests,dataGrid (3/4) - fluent,scheduler-dst-fallback-simple,cancelled,,https://github.com/DevExpress/DevExtreme/actions/runs/35725138808/job/106739122108
"22.09.26, 12:12:41",106739122109,35725138808,1,TestCafe tests,navigation - fluent,scheduler-dst-fallback-simple,cancelled,,https://github.com/DevExpress/DevExtreme/actions/runs/35725138808/job/106739122109
"22.09.26, 12:12:41",106739122133,35725138808,1,TestCafe tests,dataGrid (4/4) - fluent,scheduler-dst-fallback-simple,cancelled,,https://github.com/DevExpress/DevExtreme/actions/runs/35725138808/job/106739122133
"22.09.26, 12:12:41",106739122144,35725138808,1,TestCafe tests,editors - fluent,scheduler-dst-fallback-simple,cancelled,,https://github.com/DevExpress/DevExtreme/actions/runs/35725138808/job/106739122144
"22.09.26, 12:12:41",106739122150,35725138808,1,TestCafe tests,scheduler / viewOffset (1/2) - fluent,scheduler-dst-fallback-simple,cancelled,,https://github.com/DevExpress/DevExtreme/actions/runs/35725138808/job/106739122150
"22.09.26, 12:12:41",106739122172,35725138808,1,TestCafe tests,generic,scheduler-dst-fallback-simple,cancelled,,https://github.com/DevExpress/DevExtreme/actions/runs/35725138808/job/106739122172
"22.09.26, 12:12:41",106739122202,35725138808,1,TestCafe tests,scheduler / viewOffset (2/2) - fluent,scheduler-dst-fallback-simple,cancelled,,https://github.com/DevExpress/DevExtreme/actions/runs/35725138808/job/106739122202
"22.09.26, 12:12:41",106739122218,35725138808,1,TestCafe tests,scheduler / common (3/3) - fluent,scheduler-dst-fallback-simple,cancelled,,https://github.com/DevExpress/DevExtreme/actions/runs/35725138808/job/106739122218
"22.09.26, 12:12:41",106739122222,35725138808,1,TestCafe tests,scheduler / timezones (Europe/Berlin) - fluent,scheduler-dst-fallback-simple,cancelled,,https://github.com/DevExpress/DevExtreme/actions/runs/35725138808/job/106739122222
"22.09.26, 12:12:51",106739173560,35725138808,1,TestCafe tests,quarantine,scheduler-dst-fallback-simple,cancelled,,https://github.com/DevExpress/DevExtreme/actions/runs/35725138808/job/106739173560
"22.09.26, 12:12:52",106739175209,35725138808,1,TestCafe tests,Send notifications,scheduler-dst-fallback-simple,cancelled,,https://github.com/DevExpress/DevExtreme/actions/runs/35725138808/job/106739175209
"22.09.26, 12:11:25",106738721556,35725072324,1,TestCafe tests,cardView - fluent,feature/viz-tokens,cancelled,Run TestCafe tests,https://github.com/DevExpress/DevExtreme/actions/runs/35725072324/job/106738721556
"22.09.26, 12:11:25",106738721629,35725072324,1,TestCafe tests,navigation - fluent,feature/viz-tokens,failure,,https://github.com/DevExpress/DevExtreme/actions/runs/35725072324/job/106738721629
"22.09.26, 12:11:25",106738721950,35725072324,1,TestCafe tests,dataGrid (4/4) - fluent-next,feature/viz-tokens,failure,,https://github.com/DevExpress/DevExtreme/actions/runs/35725072324/job/106738721950
"22.09.26, 12:08:43",106737866965,35724821072,1,TestCafe tests,scheduler / common (3/3) - fluent,26_1,failure,Run TestCafe tests,https://github.com/DevExpress/DevExtreme/actions/runs/35724821072/job/106737866965
"22.09.26, 11:46:41",106731095654,35722857501,1,TestCafe tests,common - fluent,playwright-components-infra,cancelled,Install dependencies,https://github.com/DevExpress/DevExtreme/actions/runs/35722857501/job/106731095654
"22.09.26, 11:46:41",106731095671,35722857501,1,TestCafe tests,cardView - fluent,playwright-components-infra,cancelled,Install dependencies,https://github.com/DevExpress/DevExtreme/actions/runs/35722857501/job/106731095671
"22.09.26, 11:46:41",106731095709,35722857501,1,TestCafe tests,material,playwright-components-infra,cancelled,Install dependencies,https://github.com/DevExpress/DevExtreme/actions/runs/35722857501/job/106731095709
"22.09.26, 11:46:41",106731095714,35722857501,1,TestCafe tests,generic,playwright-components-infra,cancelled,Install dependencies,https://github.com/DevExpress/DevExtreme/actions/runs/35722857501/job/106731095714
"22.09.26, 11:46:41",106731095729,35722857501,1,TestCafe tests,dataGrid (4/4) - fluent,playwright-components-infra,cancelled,Install dependencies,https://github.com/DevExpress/DevExtreme/actions/runs/35722857501/job/106731095729
"22.09.26, 11:46:41",106731095748,35722857501,1,TestCafe tests,dataGrid (3/4) - fluent,playwright-components-infra,cancelled,Install dependencies,https://github.com/DevExpress/DevExtreme/actions/runs/35722857501/job/106731095748
"22.09.26, 11:46:41",106731095756,35722857501,1,TestCafe tests,dataGrid (1/4) - fluent,playwright-components-infra,cancelled,Install dependencies,https://github.com/DevExpress/DevExtreme/actions/runs/35722857501/job/106731095756
"22.09.26, 11:46:41",106731095758,35722857501,1,TestCafe tests,dataGrid (2/4) - fluent,playwright-components-infra,cancelled,Install dependencies,https://github.com/DevExpress/DevExtreme/actions/runs/35722857501/job/106731095758
"22.09.26, 11:46:41",106731095776,35722857501,1,TestCafe tests,editors - fluent,playwright-components-infra,cancelled,Install dependencies,https://github.com/DevExpress/DevExtreme/actions/runs/35722857501/job/106731095776
"22.09.26, 11:46:41",106731095777,35722857501,1,TestCafe tests,material - compact,playwright-components-infra,cancelled,Install dependencies,https://github.com/DevExpress/DevExtreme/actions/runs/35722857501/job/106731095777
"22.09.26, 11:46:41",106731095786,35722857501,1,TestCafe tests,scheduler / common (2/3) - fluent,playwright-components-infra,cancelled,Install dependencies,https://github.com/DevExpress/DevExtreme/actions/runs/35722857501/job/106731095786
"22.09.26, 11:46:41",106731095797,35722857501,1,TestCafe tests,scheduler / common (3/3) - fluent,playwright-components-infra,cancelled,Install dependencies,https://github.com/DevExpress/DevExtreme/actions/runs/35722857501/job/106731095797
"22.09.26, 11:46:41",106731095847,35722857501,1,TestCafe tests,accessibility - fluent,playwright-components-infra,cancelled,Install dependencies,https://github.com/DevExpress/DevExtreme/actions/runs/35722857501/job/106731095847
"22.09.26, 11:46:41",106731095863,35722857501,1,TestCafe tests,navigation - fluent,playwright-components-infra,cancelled,Install dependencies,https://github.com/DevExpress/DevExtreme/actions/runs/35722857501/job/106731095863
"22.09.26, 11:46:41",106731095869,35722857501,1,TestCafe tests,scheduler / common (1/3) - fluent,playwright-components-infra,cancelled,Install dependencies,https://github.com/DevExpress/DevExtreme/actions/runs/35722857501/job/106731095869
"22.09.26, 11:46:41",106731095977,35722857501,1,TestCafe tests,scheduler / timezones (Europe/Berlin) - fluent,playwright-components-infra,cancelled,Install dependencies,https://github.com/DevExpress/DevExtreme/actions/runs/35722857501/job/106731095977
"22.09.26, 11:46:41",106731095996,35722857501,1,TestCafe tests,scheduler / timezones (America/Los_Angeles) - fluent,playwright-components-infra,cancelled,Install dependencies,https://github.com/DevExpress/DevExtreme/actions/runs/35722857501/job/106731095996
"22.09.26, 11:46:41",106731096000,35722857501,1,TestCafe tests,scheduler / viewOffset (2/2) - fluent,playwright-components-infra,cancelled,Install dependencies,https://github.com/DevExpress/DevExtreme/actions/runs/35722857501/job/106731096000
"22.09.26, 11:46:41",106731096054,35722857501,1,TestCafe tests,scheduler / viewOffset (1/2) - fluent,playwright-components-infra,cancelled,Install dependencies,https://github.com/DevExpress/DevExtreme/actions/runs/35722857501/job/106731096054
"22.09.26, 11:48:56",106731766936,35722857501,1,TestCafe tests,quarantine,playwright-components-infra,cancelled,,https://github.com/DevExpress/DevExtreme/actions/runs/35722857501/job/106731766936
"22.09.26, 11:48:56",106731768010,35722857501,1,TestCafe tests,Send notifications,playwright-components-infra,cancelled,,https://github.com/DevExpress/DevExtreme/actions/runs/35722857501/job/106731768010
"22.09.26, 11:31:35",106726592805,35721934910,1,TestCafe tests,Check if tests should run,T1329677,cancelled,,https://github.com/DevExpress/DevExtreme/actions/runs/35721934910/job/106726592805
"22.09.26, 11:31:57",106726701373,35721934910,1,TestCafe tests,Build DevExtreme,T1329677,cancelled,,https://github.com/DevExpress/DevExtreme/actions/runs/35721934910/job/106726701373
"22.09.26, 11:31:57",106726702260,35721934910,1,TestCafe tests,Determine TestCafe matrix,T1329677,cancelled,,https://github.com/DevExpress/DevExtreme/actions/runs/35721934910/job/106726702260
"22.09.26, 11:31:57",106726702757,35721934910,1,TestCafe tests,${{ matrix.name }}${{ ((!matrix.theme && ' - fluent') || '') }},T1329677,cancelled,,https://github.com/DevExpress/DevExtreme/actions/runs/35721934910/job/106726702757
"22.09.26, 11:31:58",106726703537,35721934910,1,TestCafe tests,quarantine,T1329677,cancelled,,https://github.com/DevExpress/DevExtreme/actions/runs/35721934910/job/106726703537
"22.09.26, 11:31:58",106726703956,35721934910,1,TestCafe tests,Send notifications,T1329677,cancelled,,https://github.com/DevExpress/DevExtreme/actions/runs/35721934910/job/106726703956
"22.09.26, 10:55:58",106716085058,35718068048,1,TestCafe tests,accessibility - fluent,playwright-components-infra,cancelled,Install dependencies,https://github.com/DevExpress/DevExtreme/actions/runs/35718068048/job/106716085058
"22.09.26, 10:55:58",106716085059,35718068048,1,TestCafe tests,material,playwright-components-infra,cancelled,Run TestCafe tests,https://github.com/DevExpress/DevExtreme/actions/runs/35718068048/job/106716085059
"22.09.26, 10:55:58",106716085073,35718068048,1,TestCafe tests,generic,playwright-components-infra,cancelled,Run TestCafe tests,https://github.com/DevExpress/DevExtreme/actions/runs/35718068048/job/106716085073
"22.09.26, 10:55:58",106716085105,35718068048,1,TestCafe tests,dataGrid (4/4) - fluent,playwright-components-infra,cancelled,Run TestCafe tests,https://github.com/DevExpress/DevExtreme/actions/runs/35718068048/job/106716085105
"22.09.26, 10:55:58",106716085108,35718068048,1,TestCafe tests,dataGrid (1/4) - fluent,playwright-components-infra,cancelled,Run TestCafe tests,https://github.com/DevExpress/DevExtreme/actions/runs/35718068048/job/106716085108
"22.09.26, 10:55:58",106716085117,35718068048,1,TestCafe tests,scheduler / common (2/3) - fluent,playwright-components-infra,cancelled,Run TestCafe tests,https://github.com/DevExpress/DevExtreme/actions/runs/35718068048/job/106716085117
"22.09.26, 10:55:58",106716085126,35718068048,1,TestCafe tests,scheduler / viewOffset (2/2) - fluent,playwright-components-infra,cancelled,Run TestCafe tests,https://github.com/DevExpress/DevExtreme/actions/runs/35718068048/job/106716085126
"22.09.26, 10:55:58",106716085131,35718068048,1,TestCafe tests,dataGrid (2/4) - fluent,playwright-components-infra,cancelled,,https://github.com/DevExpress/DevExtreme/actions/runs/35718068048/job/106716085131
"22.09.26, 10:55:58",106716085133,35718068048,1,TestCafe tests,scheduler / common (1/3) - fluent,playwright-components-infra,cancelled,Run TestCafe tests,https://github.com/DevExpress/DevExtreme/actions/runs/35718068048/job/106716085133
"22.09.26, 10:55:58",106716085139,35718068048,1,TestCafe tests,cardView - fluent,playwright-components-infra,cancelled,Run TestCafe tests,https://github.com/DevExpress/DevExtreme/actions/runs/35718068048/job/106716085139
"22.09.26, 10:55:58",106716085142,35718068048,1,TestCafe tests,common - fluent,playwright-components-infra,cancelled,Run TestCafe tests,https://github.com/DevExpress/DevExtreme/actions/runs/35718068048/job/106716085142
"22.09.26, 10:55:58",106716085149,35718068048,1,TestCafe tests,scheduler / timezones (Europe/Berlin) - fluent,playwright-components-infra,cancelled,,https://github.com/DevExpress/DevExtreme/actions/runs/35718068048/job/106716085149
"22.09.26, 10:55:58",106716085150,35718068048,1,TestCafe tests,scheduler / common (3/3) - fluent,playwright-components-infra,cancelled,Run TestCafe tests,https://github.com/DevExpress/DevExtreme/actions/runs/35718068048/job/106716085150
"22.09.26, 10:55:58",106716085183,35718068048,1,TestCafe tests,material - compact,playwright-components-infra,cancelled,,https://github.com/DevExpress/DevExtreme/actions/runs/35718068048/job/106716085183
"22.09.26, 10:55:58",106716085193,35718068048,1,TestCafe tests,scheduler / viewOffset (1/2) - fluent,playwright-components-infra,cancelled,,https://github.com/DevExpress/DevExtreme/actions/runs/35718068048/job/106716085193
"22.09.26, 10:55:58",106716085198,35718068048,1,TestCafe tests,dataGrid (3/4) - fluent,playwright-components-infra,cancelled,,https://github.com/DevExpress/DevExtreme/actions/runs/35718068048/job/106716085198
"22.09.26, 10:55:58",106716085231,35718068048,1,TestCafe tests,navigation - fluent,playwright-components-infra,cancelled,,https://github.com/DevExpress/DevExtreme/actions/runs/35718068048/job/106716085231
"22.09.26, 10:55:58",106716085237,35718068048,1,TestCafe tests,editors - fluent,playwright-components-infra,cancelled,,https://github.com/DevExpress/DevExtreme/actions/runs/35718068048/job/106716085237
"22.09.26, 11:00:08",106717270918,35718068048,1,TestCafe tests,quarantine,playwright-components-infra,cancelled,,https://github.com/DevExpress/DevExtreme/actions/runs/35718068048/job/106717270918
"22.09.26, 11:00:09",106717275863,35718068048,1,TestCafe tests,Send notifications,playwright-components-infra,cancelled,,https://github.com/DevExpress/DevExtreme/actions/runs/35718068048/job/106717275863
"22.09.26, 09:56:48",106698583393,35711819310,1,TestCafe tests,scheduler / common (1/3) - fluent,typescript/viz/es6_sankey,failure,,https://github.com/DevExpress/DevExtreme/actions/runs/35711819310/job/106698583393
"22.09.26, 09:56:48",106698584352,35711777005,1,TestCafe tests,generic,issue-5131_v2,cancelled,,https://github.com/DevExpress/DevExtreme/actions/runs/35711777005/job/106698584352
"22.09.26, 09:56:48",106698584379,35711777005,1,TestCafe tests,scheduler / common (2/3) - fluent,issue-5131_v2,cancelled,Run TestCafe tests,https://github.com/DevExpress/DevExtreme/actions/runs/35711777005/job/106698584379
"22.09.26, 09:56:48",106698584385,35711777005,1,TestCafe tests,dataGrid (4/4) - fluent,issue-5131_v2,cancelled,Run TestCafe tests,https://github.com/DevExpress/DevExtreme/actions/runs/35711777005/job/106698584385
"22.09.26, 09:56:48",106698584398,35711777005,1,TestCafe tests,navigation - fluent,issue-5131_v2,cancelled,Run TestCafe tests,https://github.com/DevExpress/DevExtreme/actions/runs/35711777005/job/106698584398
"22.09.26, 09:56:48",106698584447,35711777005,1,TestCafe tests,accessibility - fluent,issue-5131_v2,cancelled,Run TestCafe tests,https://github.com/DevExpress/DevExtreme/actions/runs/35711777005/job/106698584447
"22.09.26, 09:56:48",106698584469,35711777005,1,TestCafe tests,dataGrid (2/4) - fluent,issue-5131_v2,cancelled,Run TestCafe tests,https://github.com/DevExpress/DevExtreme/actions/runs/35711777005/job/106698584469
"22.09.26, 09:56:48",106698584476,35711777005,1,TestCafe tests,scheduler / viewOffset (1/2) - fluent,issue-5131_v2,cancelled,Run TestCafe tests,https://github.com/DevExpress/DevExtreme/actions/runs/35711777005/job/106698584476
"22.09.26, 09:56:48",106698584563,35711777005,1,TestCafe tests,scheduler / viewOffset (2/2) - fluent,issue-5131_v2,cancelled,Run TestCafe tests,https://github.com/DevExpress/DevExtreme/actions/runs/35711777005/job/106698584563
"22.09.26, 09:56:48",106698584573,35711777005,1,TestCafe tests,scheduler / common (3/3) - fluent,issue-5131_v2,cancelled,,https://github.com/DevExpress/DevExtreme/actions/runs/35711777005/job/106698584573
"22.09.26, 10:07:09",106701735223,35711777005,1,TestCafe tests,quarantine,issue-5131_v2,cancelled,,https://github.com/DevExpress/DevExtreme/actions/runs/35711777005/job/106701735223
"22.09.26, 10:07:09",106701735270,35711777005,1,TestCafe tests,Send notifications,issue-5131_v2,cancelled,,https://github.com/DevExpress/DevExtreme/actions/runs/35711777005/job/106701735270
"22.09.26, 09:29:24",106690221942,35710097886,1,TestCafe tests,common - fluent,chore/chrome_153_update,failure,Run TestCafe tests,https://github.com/DevExpress/DevExtreme/actions/runs/35710097886/job/106690221942
"22.09.26, 09:29:24",106690221952,35710097886,1,TestCafe tests,dataGrid (1/4) - fluent,chore/chrome_153_update,failure,Run TestCafe tests,https://github.com/DevExpress/DevExtreme/actions/runs/35710097886/job/106690221952
"22.09.26, 09:29:24",106690221983,35710097886,1,TestCafe tests,dataGrid (4/4) - fluent,chore/chrome_153_update,failure,Run TestCafe tests,https://github.com/DevExpress/DevExtreme/actions/runs/35710097886/job/106690221983
"22.09.26, 09:29:24",106690221992,35710097886,1,TestCafe tests,generic,chore/chrome_153_update,failure,Run TestCafe tests,https://github.com/DevExpress/DevExtreme/actions/runs/35710097886/job/106690221992
"22.09.26, 09:29:24",106690222004,35710097886,1,TestCafe tests,dataGrid (3/4) - fluent,chore/chrome_153_update,failure,,https://github.com/DevExpress/DevExtreme/actions/runs/35710097886/job/106690222004
"22.09.26, 09:29:24",106690222048,35710097886,1,TestCafe tests,dataGrid (2/4) - fluent,chore/chrome_153_update,failure,Run TestCafe tests,https://github.com/DevExpress/DevExtreme/actions/runs/35710097886/job/106690222048
"22.09.26, 09:29:24",106690222057,35710097886,1,TestCafe tests,material,chore/chrome_153_update,failure,Run TestCafe tests,https://github.com/DevExpress/DevExtreme/actions/runs/35710097886/job/106690222057
"22.09.26, 09:28:35",106689956833,35709950419,1,TestCafe tests,dataGrid (3/4) - fluent,26_2_osm-provider-for-dxmap/marker-tooltips,failure,,https://github.com/DevExpress/DevExtreme/actions/runs/35709950419/job/106689956833
"22.09.26, 09:28:35",106689956885,35709950419,1,TestCafe tests,scheduler / common (2/3) - fluent,26_2_osm-provider-for-dxmap/marker-tooltips,failure,,https://github.com/DevExpress/DevExtreme/actions/runs/35709950419/job/106689956885
"22.09.26, 09:28:35",106689956894,35709950419,1,TestCafe tests,scheduler / common (3/3) - fluent,26_2_osm-provider-for-dxmap/marker-tooltips,failure,,https://github.com/DevExpress/DevExtreme/actions/runs/35709950419/job/106689956894
"22.09.26, 09:28:35",106689956917,35709950419,1,TestCafe tests,scheduler / viewOffset (2/2) - fluent,26_2_osm-provider-for-dxmap/marker-tooltips,failure,,https://github.com/DevExpress/DevExtreme/actions/runs/35709950419/job/106689956917
"22.09.26, 09:28:35",106689956928,35709950419,1,TestCafe tests,dataGrid (4/4) - fluent,26_2_osm-provider-for-dxmap/marker-tooltips,failure,,https://github.com/DevExpress/DevExtreme/actions/runs/35709950419/job/106689956928
"22.09.26, 09:28:35",106689956930,35709950419,1,TestCafe tests,scheduler / viewOffset (1/2) - fluent,26_2_osm-provider-for-dxmap/marker-tooltips,failure,,https://github.com/DevExpress/DevExtreme/actions/runs/35709950419/job/106689956930
"22.09.26, 09:28:35",106689956968,35709950419,1,TestCafe tests,dataGrid (2/4) - fluent,26_2_osm-provider-for-dxmap/marker-tooltips,failure,,https://github.com/DevExpress/DevExtreme/actions/runs/35709950419/job/106689956968
"22.09.26, 09:06:13",106683026186,35707996471,1,TestCafe tests,common - fluent,issue-5131_v2,cancelled,Run TestCafe tests,https://github.com/DevExpress/DevExtreme/actions/runs/35707996471/job/106683026186
"22.09.26, 09:06:13",106683026189,35707996471,1,TestCafe tests,generic,issue-5131_v2,cancelled,Run TestCafe tests,https://github.com/DevExpress/DevExtreme/actions/runs/35707996471/job/106683026189
"22.09.26, 09:06:13",106683026191,35707996471,1,TestCafe tests,dataGrid (4/4) - fluent,issue-5131_v2,cancelled,Run TestCafe tests,https://github.com/DevExpress/DevExtreme/actions/runs/35707996471/job/106683026191
"22.09.26, 09:06:13",106683026218,35707996471,1,TestCafe tests,dataGrid (1/4) - fluent,issue-5131_v2,cancelled,Run TestCafe tests,https://github.com/DevExpress/DevExtreme/actions/runs/35707996471/job/106683026218
"22.09.26, 09:06:13",106683026225,35707996471,1,TestCafe tests,navigation - fluent,issue-5131_v2,cancelled,Run TestCafe tests,https://github.com/DevExpress/DevExtreme/actions/runs/35707996471/job/106683026225
"22.09.26, 09:06:13",106683026232,35707996471,1,TestCafe tests,dataGrid (2/4) - fluent,issue-5131_v2,cancelled,Run TestCafe tests,https://github.com/DevExpress/DevExtreme/actions/runs/35707996471/job/106683026232
"22.09.26, 09:06:13",106683026236,35707996471,1,TestCafe tests,cardView - fluent,issue-5131_v2,cancelled,Run TestCafe tests,https://github.com/DevExpress/DevExtreme/actions/runs/35707996471/job/106683026236
"22.09.26, 09:06:13",106683026241,35707996471,1,TestCafe tests,scheduler / common (1/3) - fluent,issue-5131_v2,cancelled,Run TestCafe tests,https://github.com/DevExpress/DevExtreme/actions/runs/35707996471/job/106683026241
"22.09.26, 09:06:13",106683026245,35707996471,1,TestCafe tests,scheduler / common (2/3) - fluent,issue-5131_v2,cancelled,Run TestCafe tests,https://github.com/DevExpress/DevExtreme/actions/runs/35707996471/job/106683026245
"22.09.26, 09:06:13",106683026246,35707996471,1,TestCafe tests,scheduler / viewOffset (2/2) - fluent,issue-5131_v2,cancelled,Run TestCafe tests,https://github.com/DevExpress/DevExtreme/actions/runs/35707996471/job/106683026246
"22.09.26, 09:06:13",106683026281,35707996471,1,TestCafe tests,accessibility - fluent,issue-5131_v2,cancelled,Run TestCafe tests,https://github.com/DevExpress/DevExtreme/actions/runs/35707996471/job/106683026281
"22.09.26, 09:06:13",106683026284,35707996471,1,TestCafe tests,scheduler / timezones (Europe/Berlin) - fluent,issue-5131_v2,cancelled,,https://github.com/DevExpress/DevExtreme/actions/runs/35707996471/job/106683026284
"22.09.26, 09:06:13",106683026288,35707996471,1,TestCafe tests,editors - fluent,issue-5131_v2,cancelled,Run TestCafe tests,https://github.com/DevExpress/DevExtreme/actions/runs/35707996471/job/106683026288
"22.09.26, 09:06:13",106683026291,35707996471,1,TestCafe tests,scheduler / common (3/3) - fluent,issue-5131_v2,cancelled,Run TestCafe tests,https://github.com/DevExpress/DevExtreme/actions/runs/35707996471/job/106683026291
"22.09.26, 09:06:13",106683026312,35707996471,1,TestCafe tests,material - compact,issue-5131_v2,cancelled,,https://github.com/DevExpress/DevExtreme/actions/runs/35707996471/job/106683026312
"22.09.26, 09:06:13",106683026351,35707996471,1,TestCafe tests,scheduler / viewOffset (1/2) - fluent,issue-5131_v2,cancelled,Run TestCafe tests,https://github.com/DevExpress/DevExtreme/actions/runs/35707996471/job/106683026351
"22.09.26, 09:06:13",106683026361,35707996471,1,TestCafe tests,material,issue-5131_v2,cancelled,Run TestCafe tests,https://github.com/DevExpress/DevExtreme/actions/runs/35707996471/job/106683026361
"22.09.26, 09:06:13",106683026382,35707996471,1,TestCafe tests,dataGrid (3/4) - fluent,issue-5131_v2,cancelled,Run TestCafe tests,https://github.com/DevExpress/DevExtreme/actions/runs/35707996471/job/106683026382
"22.09.26, 09:06:13",106683026390,35707996471,1,TestCafe tests,scheduler / timezones (America/Los_Angeles) - fluent,issue-5131_v2,cancelled,Run TestCafe tests,https://github.com/DevExpress/DevExtreme/actions/runs/35707996471/job/106683026390
"22.09.26, 09:08:48",106683824620,35707996471,1,TestCafe tests,quarantine,issue-5131_v2,cancelled,,https://github.com/DevExpress/DevExtreme/actions/runs/35707996471/job/106683824620
"22.09.26, 09:08:48",106683826239,35707996471,1,TestCafe tests,Send notifications,issue-5131_v2,cancelled,,https://github.com/DevExpress/DevExtreme/actions/runs/35707996471/job/106683826239
"22.09.26, 08:52:30",106678837336,35706674717,1,TestCafe tests,material,chore/chrome_153_update,failure,Run TestCafe tests,https://github.com/DevExpress/DevExtreme/actions/runs/35706674717/job/106678837336
"22.09.26, 08:52:30",106678837345,35706674717,1,TestCafe tests,dataGrid (3/4) - fluent,chore/chrome_153_update,failure,Run TestCafe tests,https://github.com/DevExpress/DevExtreme/actions/runs/35706674717/job/106678837345
"22.09.26, 08:52:30",106678837349,35706674717,1,TestCafe tests,generic,chore/chrome_153_update,failure,Run TestCafe tests,https://github.com/DevExpress/DevExtreme/actions/runs/35706674717/job/106678837349
"22.09.26, 08:52:30",106678837358,35706674717,1,TestCafe tests,dataGrid (1/4) - fluent,chore/chrome_153_update,failure,Run TestCafe tests,https://github.com/DevExpress/DevExtreme/actions/runs/35706674717/job/106678837358
"22.09.26, 08:52:30",106678837369,35706674717,1,TestCafe tests,common - fluent,chore/chrome_153_update,failure,Run TestCafe tests,https://github.com/DevExpress/DevExtreme/actions/runs/35706674717/job/106678837369
"22.09.26, 08:52:30",106678837453,35706674717,1,TestCafe tests,dataGrid (2/4) - fluent,chore/chrome_153_update,failure,Run TestCafe tests,https://github.com/DevExpress/DevExtreme/actions/runs/35706674717/job/106678837453
"22.09.26, 08:52:30",106678837506,35706674717,1,TestCafe tests,dataGrid (4/4) - fluent,chore/chrome_153_update,failure,Run TestCafe tests,https://github.com/DevExpress/DevExtreme/actions/runs/35706674717/job/106678837506
"22.09.26, 08:43:07",106676028602,35705796748,1,TestCafe tests,generic,chore/chrome_153_update,failure,Run TestCafe tests,https://github.com/DevExpress/DevExtreme/actions/runs/35705796748/job/106676028602
"22.09.26, 08:43:07",106676028620,35705796748,1,TestCafe tests,dataGrid (4/4) - fluent,chore/chrome_153_update,cancelled,Run TestCafe tests,https://github.com/DevExpress/DevExtreme/actions/runs/35705796748/job/106676028620
"22.09.26, 08:43:07",106676028627,35705796748,1,TestCafe tests,common - fluent,chore/chrome_153_update,cancelled,Run TestCafe tests,https://github.com/DevExpress/DevExtreme/actions/runs/35705796748/job/106676028627
"22.09.26, 08:43:07",106676028634,35705796748,1,TestCafe tests,scheduler / common (1/3) - fluent,chore/chrome_153_update,cancelled,Run TestCafe tests,https://github.com/DevExpress/DevExtreme/actions/runs/35705796748/job/106676028634
"22.09.26, 08:43:07",106676028644,35705796748,1,TestCafe tests,editors - fluent,chore/chrome_153_update,cancelled,Run TestCafe tests,https://github.com/DevExpress/DevExtreme/actions/runs/35705796748/job/106676028644
"22.09.26, 08:43:07",106676028645,35705796748,1,TestCafe tests,navigation - fluent,chore/chrome_153_update,cancelled,Run TestCafe tests,https://github.com/DevExpress/DevExtreme/actions/runs/35705796748/job/106676028645
"22.09.26, 08:43:07",106676028651,35705796748,1,TestCafe tests,dataGrid (1/4) - fluent,chore/chrome_153_update,cancelled,Run TestCafe tests,https://github.com/DevExpress/DevExtreme/actions/runs/35705796748/job/106676028651
"22.09.26, 08:43:07",106676028659,35705796748,1,TestCafe tests,scheduler / common (2/3) - fluent,chore/chrome_153_update,cancelled,Run TestCafe tests,https://github.com/DevExpress/DevExtreme/actions/runs/35705796748/job/106676028659
"22.09.26, 08:43:07",106676028664,35705796748,1,TestCafe tests,scheduler / viewOffset (1/2) - fluent,chore/chrome_153_update,cancelled,Run TestCafe tests,https://github.com/DevExpress/DevExtreme/actions/runs/35705796748/job/106676028664
"22.09.26, 08:43:07",106676028677,35705796748,1,TestCafe tests,scheduler / common (3/3) - fluent,chore/chrome_153_update,cancelled,Run TestCafe tests,https://github.com/DevExpress/DevExtreme/actions/runs/35705796748/job/106676028677
"22.09.26, 08:43:07",106676028739,35705796748,1,TestCafe tests,dataGrid (2/4) - fluent,chore/chrome_153_update,cancelled,Run TestCafe tests,https://github.com/DevExpress/DevExtreme/actions/runs/35705796748/job/106676028739
"22.09.26, 08:43:07",106676028762,35705796748,1,TestCafe tests,accessibility - fluent,chore/chrome_153_update,cancelled,Run TestCafe tests,https://github.com/DevExpress/DevExtreme/actions/runs/35705796748/job/106676028762
"22.09.26, 08:43:07",106676028781,35705796748,1,TestCafe tests,dataGrid (3/4) - fluent,chore/chrome_153_update,cancelled,Run TestCafe tests,https://github.com/DevExpress/DevExtreme/actions/runs/35705796748/job/106676028781
"22.09.26, 08:43:07",106676028818,35705796748,1,TestCafe tests,scheduler / viewOffset (2/2) - fluent,chore/chrome_153_update,cancelled,Run TestCafe tests,https://github.com/DevExpress/DevExtreme/actions/runs/35705796748/job/106676028818
"22.09.26, 08:43:07",106676028847,35705796748,1,TestCafe tests,material,chore/chrome_153_update,failure,Run TestCafe tests,https://github.com/DevExpress/DevExtreme/actions/runs/35705796748/job/106676028847
"22.09.26, 08:47:29",106677351348,35705796748,1,TestCafe tests,quarantine,chore/chrome_153_update,cancelled,,https://github.com/DevExpress/DevExtreme/actions/runs/35705796748/job/106677351348
"22.09.26, 08:47:29",106677352067,35705796748,1,TestCafe tests,Send notifications,chore/chrome_153_update,cancelled,,https://github.com/DevExpress/DevExtreme/actions/runs/35705796748/job/106677352067
"22.09.26, 08:26:22",106671036741,35704769489,1,TestCafe tests,Build DevExtreme,core-utils-improve-typing_26_1/version_browser,cancelled,Zip artifacts,https://github.com/DevExpress/DevExtreme/actions/runs/35704769489/job/106671036741
"22.09.26, 08:30:30",106672270844,35704769489,1,TestCafe tests,${{ matrix.name }}${{ ((!matrix.theme && ' - fluent') || '') }},core-utils-improve-typing_26_1/version_browser,cancelled,,https://github.com/DevExpress/DevExtreme/actions/runs/35704769489/job/106672270844
"22.09.26, 08:30:30",106672271346,35704769489,1,TestCafe tests,quarantine,core-utils-improve-typing_26_1/version_browser,cancelled,,https://github.com/DevExpress/DevExtreme/actions/runs/35704769489/job/106672271346
"22.09.26, 08:30:31",106672272947,35704769489,1,TestCafe tests,Send notifications,core-utils-improve-typing_26_1/version_browser,cancelled,,https://github.com/DevExpress/DevExtreme/actions/runs/35704769489/job/106672272947
"22.09.26, 07:45:24",106659400431,35701202549,1,TestCafe tests,Check if tests should run,cp-26-1/remove-systemjs-from-demos,cancelled,,https://github.com/DevExpress/DevExtreme/actions/runs/35701202549/job/106659400431
"22.09.26, 07:45:25",106659405739,35701202549,1,TestCafe tests,Determine TestCafe matrix,cp-26-1/remove-systemjs-from-demos,cancelled,,https://github.com/DevExpress/DevExtreme/actions/runs/35701202549/job/106659405739
"22.09.26, 07:45:25",106659406571,35701202549,1,TestCafe tests,Build DevExtreme,cp-26-1/remove-systemjs-from-demos,cancelled,,https://github.com/DevExpress/DevExtreme/actions/runs/35701202549/job/106659406571
"22.09.26, 07:45:25",106659406812,35701202549,1,TestCafe tests,${{ matrix.name }}${{ ((!matrix.theme && ' - fluent') || '') }},cp-26-1/remove-systemjs-from-demos,cancelled,,https://github.com/DevExpress/DevExtreme/actions/runs/35701202549/job/106659406812
"22.09.26, 07:45:25",106659407099,35701202549,1,TestCafe tests,quarantine,cp-26-1/remove-systemjs-from-demos,cancelled,,https://github.com/DevExpress/DevExtreme/actions/runs/35701202549/job/106659407099
"22.09.26, 07:45:25",106659407425,35701202549,1,TestCafe tests,Send notifications,cp-26-1/remove-systemjs-from-demos,cancelled,,https://github.com/DevExpress/DevExtreme/actions/runs/35701202549/job/106659407425
"22.09.26, 16:45:07",106842398671,35756178452,1,Themebuilder and Styles tests,test,feature/scheduler-dst-grid/main,cancelled,,https://github.com/DevExpress/DevExtreme/actions/runs/35756178452/job/106842398671
"22.09.26, 16:45:09",106842409320,35756178452,1,Themebuilder and Styles tests,Send notifications,feature/scheduler-dst-grid/main,cancelled,,https://github.com/DevExpress/DevExtreme/actions/runs/35756178452/job/106842409320
"22.09.26, 12:46:16",106750272735,35729204159,1,Themebuilder and Styles tests,test,chat-grid-demo-react,cancelled,Build,https://github.com/DevExpress/DevExtreme/actions/runs/35729204159/job/106750272735
"22.09.26, 12:52:58",106752544133,35729204159,1,Themebuilder and Styles tests,Send notifications,chat-grid-demo-react,cancelled,,https://github.com/DevExpress/DevExtreme/actions/runs/35729204159/job/106752544133
"22.09.26, 11:31:35",106726593417,35721934870,1,Themebuilder and Styles tests,test,T1329677,cancelled,Install dependencies,https://github.com/DevExpress/DevExtreme/actions/runs/35721934870/job/106726593417
"22.09.26, 11:32:54",106726976676,35721934870,1,Themebuilder and Styles tests,Send notifications,T1329677,cancelled,,https://github.com/DevExpress/DevExtreme/actions/runs/35721934870/job/106726976676
"22.09.26, 07:45:24",106659400492,35701202339,1,Themebuilder and Styles tests,test,cp-26-1/remove-systemjs-from-demos,cancelled,,https://github.com/DevExpress/DevExtreme/actions/runs/35701202339/job/106659400492
"22.09.26, 07:45:25",106659406517,35701202339,1,Themebuilder and Styles tests,Send notifications,cp-26-1/remove-systemjs-from-demos,cancelled,,https://github.com/DevExpress/DevExtreme/actions/runs/35701202339/job/106659406517
"22.09.26, 16:45:07",106842397629,35756178241,1,TS Declarations,validate-declarations,feature/scheduler-dst-grid/main,cancelled,,https://github.com/DevExpress/DevExtreme/actions/runs/35756178241/job/106842397629
"22.09.26, 16:45:07",106842397986,35756178241,1,TS Declarations,check-ts-bundle,feature/scheduler-dst-grid/main,cancelled,,https://github.com/DevExpress/DevExtreme/actions/runs/35756178241/job/106842397986
"22.09.26, 16:45:09",106842410364,35756178241,1,TS Declarations,Send notifications,feature/scheduler-dst-grid/main,cancelled,,https://github.com/DevExpress/DevExtreme/actions/runs/35756178241/job/106842410364
"22.09.26, 11:31:35",106726593314,35721934823,1,TS Declarations,validate-declarations,T1329677,cancelled,Install dependencies,https://github.com/DevExpress/DevExtreme/actions/runs/35721934823/job/106726593314
"22.09.26, 11:31:35",106726593583,35721934823,1,TS Declarations,check-ts-bundle,T1329677,cancelled,Install dependencies,https://github.com/DevExpress/DevExtreme/actions/runs/35721934823/job/106726593583
"22.09.26, 11:32:54",106726976180,35721934823,1,TS Declarations,Send notifications,T1329677,cancelled,,https://github.com/DevExpress/DevExtreme/actions/runs/35721934823/job/106726976180
"22.09.26, 07:45:25",106659403436,35701203445,1,TS Declarations,check-ts-bundle,cp-26-1/remove-systemjs-from-demos,cancelled,,https://github.com/DevExpress/DevExtreme/actions/runs/35701203445/job/106659403436
"22.09.26, 07:45:25",106659403762,35701203445,1,TS Declarations,validate-declarations,cp-26-1/remove-systemjs-from-demos,cancelled,,https://github.com/DevExpress/DevExtreme/actions/runs/35701203445/job/106659403762
"22.09.26, 07:45:26",106659411099,35701203445,1,TS Declarations,Send notifications,cp-26-1/remove-systemjs-from-demos,cancelled,,https://github.com/DevExpress/DevExtreme/actions/runs/35701203445/job/106659411099
"22.09.26, 22:16:10",106960608127,35791401854,1,Demos Visual Tests,Build DevExtreme,typescript/viz/es6_pie_chart,failure,DevExtreme - Build-all,https://github.com/DevExpress/DevExtreme/actions/runs/35791401854/job/106960608127
"22.09.26, 21:59:08",106955355799,35788608987,1,Demos Visual Tests,angular(3/10)-screenshots-fluent.blue.light,fluent-next/js-sizes-from-theme,failure,Run TestCafe tests,https://github.com/DevExpress/DevExtreme/actions/runs/35788608987/job/106955355799
"22.09.26, 21:25:03",106944503482,35786461496,1,Demos Visual Tests,Build DevExtreme,typescript/viz/es6_base_widget,cancelled,,https://github.com/DevExpress/DevExtreme/actions/runs/35786461496/job/106944503482
"22.09.26, 21:34:40",106947678917,35786461496,1,Demos Visual Tests,"matrix.SHARD_TOTAL == 1 && format('CSP check ({0})', matrix.FRAMEWORK) || format('CSP check ({0} {1}/{2})', matrix.FRAMEWORK, matrix.SHARD_INDEX, matrix.SHARD_TOTAL)",typescript/viz/es6_base_widget,cancelled,,https://github.com/DevExpress/DevExtreme/actions/runs/35786461496/job/106947678917
"22.09.26, 21:34:40",106947678957,35786461496,1,Demos Visual Tests,CSP check (jQuery),typescript/viz/es6_base_widget,cancelled,,https://github.com/DevExpress/DevExtreme/actions/runs/35786461496/job/106947678957
"22.09.26, 21:34:40",106947679043,35786461496,1,Demos Visual Tests,Check generated demos,typescript/viz/es6_base_widget,cancelled,,https://github.com/DevExpress/DevExtreme/actions/runs/35786461496/job/106947679043
"22.09.26, 21:34:40",106947679353,35786461496,1,Demos Visual Tests,"Build vendor bundles (React, Vue)",typescript/viz/es6_base_widget,cancelled,,https://github.com/DevExpress/DevExtreme/actions/runs/35786461496/job/106947679353
"22.09.26, 21:34:40",106947679409,35786461496,1,Demos Visual Tests,Check TS and lint code base,typescript/viz/es6_base_widget,cancelled,,https://github.com/DevExpress/DevExtreme/actions/runs/35786461496/job/106947679409
"22.09.26, 21:34:40",106947679548,35786461496,1,Demos Visual Tests,${{ matrix.CONSTEL }}-${{ matrix.STRATEGY }}-${{ matrix.THEME }},typescript/viz/es6_base_widget,cancelled,,https://github.com/DevExpress/DevExtreme/actions/runs/35786461496/job/106947679548
"22.09.26, 21:34:40",106947680157,35786461496,1,Demos Visual Tests,CSP Violations Summary,typescript/viz/es6_base_widget,cancelled,,https://github.com/DevExpress/DevExtreme/actions/runs/35786461496/job/106947680157
"22.09.26, 21:34:40",106947680870,35786461496,1,Demos Visual Tests,"matrix.SHARD_TOTAL == 1 && format('Build demos ({0})', matrix.FRAMEWORK) || format('Build demos ({0} {1}/{2})', matrix.FRAMEWORK, matrix.SHARD_INDEX, matrix.SHARD_TOTAL)",typescript/viz/es6_base_widget,cancelled,,https://github.com/DevExpress/DevExtreme/actions/runs/35786461496/job/106947680870
"22.09.26, 21:34:40",106947681162,35786461496,1,Demos Visual Tests,${{ matrix.CONSTEL }}-screenshots-${{ matrix.THEME }},typescript/viz/es6_base_widget,cancelled,,https://github.com/DevExpress/DevExtreme/actions/runs/35786461496/job/106947681162
"22.09.26, 21:34:40",106947681447,35786461496,1,Demos Visual Tests,merge-artifacts,typescript/viz/es6_base_widget,cancelled,,https://github.com/DevExpress/DevExtreme/actions/runs/35786461496/job/106947681447
"22.09.26, 20:57:03",106934742651,35782428249,1,Demos Visual Tests,angular(8/10)-screenshots-fluent.blue.light,fix/popup-drag-area-in-swatch,failure,,https://github.com/DevExpress/DevExtreme/actions/runs/35782428249/job/106934742651
"22.09.26, 19:22:36",106900355566,35772442857,1,Demos Visual Tests,CSP check (React 2/2),fix/popup-drag-area-in-swatch,failure,,https://github.com/DevExpress/DevExtreme/actions/runs/35772442857/job/106900355566
"22.09.26, 19:22:36",106900355591,35772442857,1,Demos Visual Tests,jquery(3/3)-screenshots-material.blue.light,fix/popup-drag-area-in-swatch,failure,,https://github.com/DevExpress/DevExtreme/actions/runs/35772442857/job/106900355591
"22.09.26, 19:22:36",106900355763,35772442857,1,Demos Visual Tests,jquery-accessibility-fluent.blue.light,fix/popup-drag-area-in-swatch,failure,,https://github.com/DevExpress/DevExtreme/actions/runs/35772442857/job/106900355763
"22.09.26, 19:22:31",106900320115,35772284726,1,Demos Visual Tests,jquery-accessibility-fluent.blue.light,chore/scss-unread-knobs,failure,,https://github.com/DevExpress/DevExtreme/actions/runs/35772284726/job/106900320115
"22.09.26, 17:45:13",106864502964,35761908981,1,Demos Visual Tests,CSP check (jQuery),feature/scheduler-dst-grid/main,cancelled,Run CSP Check,https://github.com/DevExpress/DevExtreme/actions/runs/35761908981/job/106864502964
"22.09.26, 17:56:35",106868501748,35761908981,1,Demos Visual Tests,CSP Violations Summary,feature/scheduler-dst-grid/main,cancelled,,https://github.com/DevExpress/DevExtreme/actions/runs/35761908981/job/106868501748
"22.09.26, 16:54:19",106845768801,35757142972,1,Demos Visual Tests,Build DevExtreme,feature/scheduler-dst-grid/main,cancelled,DevExtreme - Build-all,https://github.com/DevExpress/DevExtreme/actions/runs/35757142972/job/106845768801
"22.09.26, 16:58:41",106847360108,35757142972,1,Demos Visual Tests,${{ matrix.CONSTEL }}-${{ matrix.STRATEGY }}-${{ matrix.THEME }},feature/scheduler-dst-grid/main,cancelled,,https://github.com/DevExpress/DevExtreme/actions/runs/35757142972/job/106847360108
"22.09.26, 16:58:41",106847360499,35757142972,1,Demos Visual Tests,CSP check (jQuery),feature/scheduler-dst-grid/main,cancelled,,https://github.com/DevExpress/DevExtreme/actions/runs/35757142972/job/106847360499
"22.09.26, 16:58:41",106847361051,35757142972,1,Demos Visual Tests,"matrix.SHARD_TOTAL == 1 && format('CSP check ({0})', matrix.FRAMEWORK) || format('CSP check ({0} {1}/{2})', matrix.FRAMEWORK, matrix.SHARD_INDEX, matrix.SHARD_TOTAL)",feature/scheduler-dst-grid/main,cancelled,,https://github.com/DevExpress/DevExtreme/actions/runs/35757142972/job/106847361051
"22.09.26, 16:58:41",106847361201,35757142972,1,Demos Visual Tests,Check generated demos,feature/scheduler-dst-grid/main,cancelled,,https://github.com/DevExpress/DevExtreme/actions/runs/35757142972/job/106847361201
"22.09.26, 16:58:41",106847361207,35757142972,1,Demos Visual Tests,"Build vendor bundles (React, Vue)",feature/scheduler-dst-grid/main,cancelled,,https://github.com/DevExpress/DevExtreme/actions/runs/35757142972/job/106847361207
"22.09.26, 16:58:41",106847361227,35757142972,1,Demos Visual Tests,Check TS and lint code base,feature/scheduler-dst-grid/main,cancelled,,https://github.com/DevExpress/DevExtreme/actions/runs/35757142972/job/106847361227
"22.09.26, 16:58:41",106847365110,35757142972,1,Demos Visual Tests,"matrix.SHARD_TOTAL == 1 && format('Build demos ({0})', matrix.FRAMEWORK) || format('Build demos ({0} {1}/{2})', matrix.FRAMEWORK, matrix.SHARD_INDEX, matrix.SHARD_TOTAL)",feature/scheduler-dst-grid/main,cancelled,,https://github.com/DevExpress/DevExtreme/actions/runs/35757142972/job/106847365110
"22.09.26, 16:58:41",106847365436,35757142972,1,Demos Visual Tests,${{ matrix.CONSTEL }}-screenshots-${{ matrix.THEME }},feature/scheduler-dst-grid/main,cancelled,,https://github.com/DevExpress/DevExtreme/actions/runs/35757142972/job/106847365436
"22.09.26, 16:58:42",106847366925,35757142972,1,Demos Visual Tests,CSP Violations Summary,feature/scheduler-dst-grid/main,cancelled,,https://github.com/DevExpress/DevExtreme/actions/runs/35757142972/job/106847366925
"22.09.26, 16:58:42",106847368607,35757142972,1,Demos Visual Tests,merge-artifacts,feature/scheduler-dst-grid/main,cancelled,,https://github.com/DevExpress/DevExtreme/actions/runs/35757142972/job/106847368607
"22.09.26, 16:45:33",106842568950,35756178168,1,Demos Visual Tests,Build DevExtreme,feature/scheduler-dst-grid/main,failure,DevExtreme - Build-all,https://github.com/DevExpress/DevExtreme/actions/runs/35756178168/job/106842568950
"22.09.26, 16:45:07",106842398505,35756178823,1,Demos Visual Tests,Check if tests should run,feature/scheduler-dst-grid/main,cancelled,,https://github.com/DevExpress/DevExtreme/actions/runs/35756178823/job/106842398505
"22.09.26, 16:45:09",106842413318,35756178823,1,Demos Visual Tests,Build DevExtreme,feature/scheduler-dst-grid/main,cancelled,,https://github.com/DevExpress/DevExtreme/actions/runs/35756178823/job/106842413318
"22.09.26, 16:45:09",106842414171,35756178823,1,Demos Visual Tests,CSP check (jQuery),feature/scheduler-dst-grid/main,cancelled,,https://github.com/DevExpress/DevExtreme/actions/runs/35756178823/job/106842414171
"22.09.26, 16:45:09",106842414382,35756178823,1,Demos Visual Tests,Check generated demos,feature/scheduler-dst-grid/main,cancelled,,https://github.com/DevExpress/DevExtreme/actions/runs/35756178823/job/106842414382
"22.09.26, 16:45:09",106842414526,35756178823,1,Demos Visual Tests,"matrix.SHARD_TOTAL == 1 && format('CSP check ({0})', matrix.FRAMEWORK) || format('CSP check ({0} {1}/{2})', matrix.FRAMEWORK, matrix.SHARD_INDEX, matrix.SHARD_TOTAL)",feature/scheduler-dst-grid/main,cancelled,,https://github.com/DevExpress/DevExtreme/actions/runs/35756178823/job/106842414526
"22.09.26, 16:45:09",106842414612,35756178823,1,Demos Visual Tests,${{ matrix.CONSTEL }}-${{ matrix.STRATEGY }}-${{ matrix.THEME }},feature/scheduler-dst-grid/main,cancelled,,https://github.com/DevExpress/DevExtreme/actions/runs/35756178823/job/106842414612
"22.09.26, 16:45:09",106842414616,35756178823,1,Demos Visual Tests,"Build vendor bundles (React, Vue)",feature/scheduler-dst-grid/main,cancelled,,https://github.com/DevExpress/DevExtreme/actions/runs/35756178823/job/106842414616
"22.09.26, 16:45:09",106842414825,35756178823,1,Demos Visual Tests,Check TS and lint code base,feature/scheduler-dst-grid/main,cancelled,,https://github.com/DevExpress/DevExtreme/actions/runs/35756178823/job/106842414825
"22.09.26, 16:45:10",106842415913,35756178823,1,Demos Visual Tests,CSP Violations Summary,feature/scheduler-dst-grid/main,cancelled,,https://github.com/DevExpress/DevExtreme/actions/runs/35756178823/job/106842415913
"22.09.26, 16:45:10",106842416271,35756178823,1,Demos Visual Tests,"matrix.SHARD_TOTAL == 1 && format('Build demos ({0})', matrix.FRAMEWORK) || format('Build demos ({0} {1}/{2})', matrix.FRAMEWORK, matrix.SHARD_INDEX, matrix.SHARD_TOTAL)",feature/scheduler-dst-grid/main,cancelled,,https://github.com/DevExpress/DevExtreme/actions/runs/35756178823/job/106842416271
"22.09.26, 16:45:10",106842416687,35756178823,1,Demos Visual Tests,${{ matrix.CONSTEL }}-screenshots-${{ matrix.THEME }},feature/scheduler-dst-grid/main,cancelled,,https://github.com/DevExpress/DevExtreme/actions/runs/35756178823/job/106842416687
"22.09.26, 16:45:10",106842417241,35756178823,1,Demos Visual Tests,merge-artifacts,feature/scheduler-dst-grid/main,cancelled,,https://github.com/DevExpress/DevExtreme/actions/runs/35756178823/job/106842417241
"22.09.26, 16:49:39",106844063738,35755649415,1,Demos Visual Tests,Check TS and lint code base,feature/demo_custom_AI_assistant_Vue,failure,Check TS and lint results,https://github.com/DevExpress/DevExtreme/actions/runs/35755649415/job/106844063738
"22.09.26, 16:49:39",106844064072,35755649415,1,Demos Visual Tests,CSP check (Angular 2/3),feature/demo_custom_AI_assistant_Vue,failure,,https://github.com/DevExpress/DevExtreme/actions/runs/35755649415/job/106844064072
"22.09.26, 16:09:48",106829122291,35752203957,1,Demos Visual Tests,Build DevExtreme,feature/scheduler-dst-grid/main,cancelled,Post Setup pnpm cache,https://github.com/DevExpress/DevExtreme/actions/runs/35752203957/job/106829122291
"22.09.26, 16:18:21",106832411600,35752203957,1,Demos Visual Tests,CSP check (jQuery),feature/scheduler-dst-grid/main,cancelled,,https://github.com/DevExpress/DevExtreme/actions/runs/35752203957/job/106832411600
"22.09.26, 16:18:21",106832411648,35752203957,1,Demos Visual Tests,"Build vendor bundles (React, Vue)",feature/scheduler-dst-grid/main,cancelled,,https://github.com/DevExpress/DevExtreme/actions/runs/35752203957/job/106832411648
"22.09.26, 16:18:21",106832411752,35752203957,1,Demos Visual Tests,Check TS and lint code base,feature/scheduler-dst-grid/main,cancelled,,https://github.com/DevExpress/DevExtreme/actions/runs/35752203957/job/106832411752
"22.09.26, 16:18:21",106832412075,35752203957,1,Demos Visual Tests,"matrix.SHARD_TOTAL == 1 && format('CSP check ({0})', matrix.FRAMEWORK) || format('CSP check ({0} {1}/{2})', matrix.FRAMEWORK, matrix.SHARD_INDEX, matrix.SHARD_TOTAL)",feature/scheduler-dst-grid/main,cancelled,,https://github.com/DevExpress/DevExtreme/actions/runs/35752203957/job/106832412075
"22.09.26, 16:18:21",106832412133,35752203957,1,Demos Visual Tests,${{ matrix.CONSTEL }}-${{ matrix.STRATEGY }}-${{ matrix.THEME }},feature/scheduler-dst-grid/main,cancelled,,https://github.com/DevExpress/DevExtreme/actions/runs/35752203957/job/106832412133
"22.09.26, 16:18:21",106832412340,35752203957,1,Demos Visual Tests,Check generated demos,feature/scheduler-dst-grid/main,cancelled,,https://github.com/DevExpress/DevExtreme/actions/runs/35752203957/job/106832412340
"22.09.26, 16:18:21",106832412358,35752203957,1,Demos Visual Tests,"matrix.SHARD_TOTAL == 1 && format('Build demos ({0})', matrix.FRAMEWORK) || format('Build demos ({0} {1}/{2})', matrix.FRAMEWORK, matrix.SHARD_INDEX, matrix.SHARD_TOTAL)",feature/scheduler-dst-grid/main,cancelled,,https://github.com/DevExpress/DevExtreme/actions/runs/35752203957/job/106832412358
"22.09.26, 16:18:21",106832412793,35752203957,1,Demos Visual Tests,${{ matrix.CONSTEL }}-screenshots-${{ matrix.THEME }},feature/scheduler-dst-grid/main,cancelled,,https://github.com/DevExpress/DevExtreme/actions/runs/35752203957/job/106832412793
"22.09.26, 16:18:21",106832412987,35752203957,1,Demos Visual Tests,CSP Violations Summary,feature/scheduler-dst-grid/main,cancelled,,https://github.com/DevExpress/DevExtreme/actions/runs/35752203957/job/106832412987
"22.09.26, 16:18:21",106832413832,35752203957,1,Demos Visual Tests,merge-artifacts,feature/scheduler-dst-grid/main,cancelled,,https://github.com/DevExpress/DevExtreme/actions/runs/35752203957/job/106832413832
"22.09.26, 15:08:55",106805192322,35743971285,1,Demos Visual Tests,react(3/3)-screenshots-fluent.blue.light,scheduler-dst-fallback-simple,failure,,https://github.com/DevExpress/DevExtreme/actions/runs/35743971285/job/106805192322
"22.09.26, 14:38:48",106793012755,35741074531,1,Demos Visual Tests,jquery(2/3)-screenshots-material.blue.light,chore/chrome_153_update,failure,Run TestCafe tests (jQuery),https://github.com/DevExpress/DevExtreme/actions/runs/35741074531/job/106793012755
"22.09.26, 14:28:36",106788940628,35739547465,1,Demos Visual Tests,CSP check (jQuery),chore/chrome_153_update,cancelled,Run CSP Check,https://github.com/DevExpress/DevExtreme/actions/runs/35739547465/job/106788940628
"22.09.26, 14:28:36",106788940642,35739547465,1,Demos Visual Tests,Check generated demos,chore/chrome_153_update,cancelled,Check generated JS demos,https://github.com/DevExpress/DevExtreme/actions/runs/35739547465/job/106788940642
"22.09.26, 14:28:36",106788940707,35739547465,1,Demos Visual Tests,Check TS and lint code base,chore/chrome_153_update,cancelled,Run lint on all demos,https://github.com/DevExpress/DevExtreme/actions/runs/35739547465/job/106788940707
"22.09.26, 14:28:36",106788940829,35739547465,1,Demos Visual Tests,CSP check (Vue 1/2),chore/chrome_153_update,cancelled,Run CSP Check,https://github.com/DevExpress/DevExtreme/actions/runs/35739547465/job/106788940829
"22.09.26, 14:28:36",106788940909,35739547465,1,Demos Visual Tests,CSP check (React 2/2),chore/chrome_153_update,cancelled,Run CSP Check,https://github.com/DevExpress/DevExtreme/actions/runs/35739547465/job/106788940909
"22.09.26, 14:28:36",106788940914,35739547465,1,Demos Visual Tests,CSP check (Angular 3/3),chore/chrome_153_update,cancelled,Run CSP Check,https://github.com/DevExpress/DevExtreme/actions/runs/35739547465/job/106788940914
"22.09.26, 14:28:36",106788940951,35739547465,1,Demos Visual Tests,CSP check (React 1/2),chore/chrome_153_update,cancelled,Run CSP Check,https://github.com/DevExpress/DevExtreme/actions/runs/35739547465/job/106788940951
"22.09.26, 14:28:36",106788940964,35739547465,1,Demos Visual Tests,CSP check (Vue 2/2),chore/chrome_153_update,cancelled,Run CSP Check,https://github.com/DevExpress/DevExtreme/actions/runs/35739547465/job/106788940964
"22.09.26, 14:28:36",106788941000,35739547465,1,Demos Visual Tests,jquery(3/3)-screenshots-material.blue.light,chore/chrome_153_update,cancelled,Run TestCafe tests (jQuery),https://github.com/DevExpress/DevExtreme/actions/runs/35739547465/job/106788941000
"22.09.26, 14:28:36",106788941022,35739547465,1,Demos Visual Tests,jquery(2/3)-screenshots-material.blue.light,chore/chrome_153_update,cancelled,Run TestCafe tests (jQuery),https://github.com/DevExpress/DevExtreme/actions/runs/35739547465/job/106788941022
"22.09.26, 14:28:36",106788941053,35739547465,1,Demos Visual Tests,jquery-accessibility-material.blue.dark,chore/chrome_153_update,cancelled,,https://github.com/DevExpress/DevExtreme/actions/runs/35739547465/job/106788941053
"22.09.26, 14:28:36",106788941058,35739547465,1,Demos Visual Tests,jquery(2/3)-screenshots-fluent.blue.light,chore/chrome_153_update,cancelled,Run TestCafe tests (jQuery),https://github.com/DevExpress/DevExtreme/actions/runs/35739547465/job/106788941058
"22.09.26, 14:28:36",106788941103,35739547465,1,Demos Visual Tests,jquery(3/3)-screenshots-fluent.blue.light,chore/chrome_153_update,cancelled,Run TestCafe tests (jQuery),https://github.com/DevExpress/DevExtreme/actions/runs/35739547465/job/106788941103
"22.09.26, 14:28:36",106788941124,35739547465,1,Demos Visual Tests,jquery-accessibility-fluent.blue.dark,chore/chrome_153_update,cancelled,,https://github.com/DevExpress/DevExtreme/actions/runs/35739547465/job/106788941124
"22.09.26, 14:28:36",106788941142,35739547465,1,Demos Visual Tests,jquery(1/3)-screenshots-fluent.blue.light,chore/chrome_153_update,cancelled,Run TestCafe tests (jQuery),https://github.com/DevExpress/DevExtreme/actions/runs/35739547465/job/106788941142
"22.09.26, 14:28:36",106788941171,35739547465,1,Demos Visual Tests,jquery(1/3)-screenshots-material.blue.light,chore/chrome_153_update,cancelled,Run TestCafe tests (jQuery),https://github.com/DevExpress/DevExtreme/actions/runs/35739547465/job/106788941171
"22.09.26, 14:28:36",106788941186,35739547465,1,Demos Visual Tests,jquery-accessibility-material.blue.light,chore/chrome_153_update,cancelled,,https://github.com/DevExpress/DevExtreme/actions/runs/35739547465/job/106788941186
"22.09.26, 14:28:36",106788941259,35739547465,1,Demos Visual Tests,CSP check (Angular 1/3),chore/chrome_153_update,cancelled,Run CSP Check,https://github.com/DevExpress/DevExtreme/actions/runs/35739547465/job/106788941259
"22.09.26, 14:28:36",106788941280,35739547465,1,Demos Visual Tests,CSP check (Angular 2/3),chore/chrome_153_update,cancelled,Run CSP Check,https://github.com/DevExpress/DevExtreme/actions/runs/35739547465/job/106788941280
"22.09.26, 14:32:03",106790309330,35739547465,1,Demos Visual Tests,angular(2/10)-screenshots-fluent.blue.light,chore/chrome_153_update,cancelled,Install dependencies,https://github.com/DevExpress/DevExtreme/actions/runs/35739547465/job/106790309330
"22.09.26, 14:32:03",106790309331,35739547465,1,Demos Visual Tests,vue(4/5)-screenshots-fluent.blue.light,chore/chrome_153_update,cancelled,Install dependencies,https://github.com/DevExpress/DevExtreme/actions/runs/35739547465/job/106790309331
"22.09.26, 14:32:03",106790309334,35739547465,1,Demos Visual Tests,vue(5/5)-screenshots-fluent.blue.light,chore/chrome_153_update,cancelled,Install dependencies,https://github.com/DevExpress/DevExtreme/actions/runs/35739547465/job/106790309334
"22.09.26, 14:32:03",106790309346,35739547465,1,Demos Visual Tests,react(2/3)-screenshots-fluent.blue.light,chore/chrome_153_update,cancelled,Install dependencies,https://github.com/DevExpress/DevExtreme/actions/runs/35739547465/job/106790309346
"22.09.26, 14:32:03",106790309371,35739547465,1,Demos Visual Tests,angular(10/10)-screenshots-fluent.blue.light,chore/chrome_153_update,cancelled,Install dependencies,https://github.com/DevExpress/DevExtreme/actions/runs/35739547465/job/106790309371
"22.09.26, 14:32:03",106790309379,35739547465,1,Demos Visual Tests,angular(6/10)-screenshots-fluent.blue.light,chore/chrome_153_update,cancelled,Install dependencies,https://github.com/DevExpress/DevExtreme/actions/runs/35739547465/job/106790309379
"22.09.26, 14:32:03",106790309386,35739547465,1,Demos Visual Tests,react(1/3)-screenshots-fluent.blue.light,chore/chrome_153_update,cancelled,Install dependencies,https://github.com/DevExpress/DevExtreme/actions/runs/35739547465/job/106790309386
"22.09.26, 14:32:03",106790309394,35739547465,1,Demos Visual Tests,angular(8/10)-screenshots-fluent.blue.light,chore/chrome_153_update,cancelled,Install dependencies,https://github.com/DevExpress/DevExtreme/actions/runs/35739547465/job/106790309394
"22.09.26, 14:32:03",106790309398,35739547465,1,Demos Visual Tests,angular(9/10)-screenshots-fluent.blue.light,chore/chrome_153_update,cancelled,Install dependencies,https://github.com/DevExpress/DevExtreme/actions/runs/35739547465/job/106790309398
"22.09.26, 14:32:03",106790309423,35739547465,1,Demos Visual Tests,angular(7/10)-screenshots-fluent.blue.light,chore/chrome_153_update,cancelled,Install dependencies,https://github.com/DevExpress/DevExtreme/actions/runs/35739547465/job/106790309423
"22.09.26, 14:32:03",106790309424,35739547465,1,Demos Visual Tests,angular(5/10)-screenshots-fluent.blue.light,chore/chrome_153_update,cancelled,Install dependencies,https://github.com/DevExpress/DevExtreme/actions/runs/35739547465/job/106790309424
"22.09.26, 14:32:03",106790309441,35739547465,1,Demos Visual Tests,react(3/3)-screenshots-fluent.blue.light,chore/chrome_153_update,cancelled,Install dependencies,https://github.com/DevExpress/DevExtreme/actions/runs/35739547465/job/106790309441
"22.09.26, 14:32:03",106790309453,35739547465,1,Demos Visual Tests,vue(1/5)-screenshots-fluent.blue.light,chore/chrome_153_update,cancelled,Install dependencies,https://github.com/DevExpress/DevExtreme/actions/runs/35739547465/job/106790309453
"22.09.26, 14:32:03",106790309471,35739547465,1,Demos Visual Tests,vue(2/5)-screenshots-fluent.blue.light,chore/chrome_153_update,cancelled,Install dependencies,https://github.com/DevExpress/DevExtreme/actions/runs/35739547465/job/106790309471
"22.09.26, 14:32:03",106790309512,35739547465,1,Demos Visual Tests,angular(1/10)-screenshots-fluent.blue.light,chore/chrome_153_update,cancelled,Install dependencies,https://github.com/DevExpress/DevExtreme/actions/runs/35739547465/job/106790309512
"22.09.26, 14:32:03",106790309675,35739547465,1,Demos Visual Tests,vue(3/5)-screenshots-fluent.blue.light,chore/chrome_153_update,cancelled,Install dependencies,https://github.com/DevExpress/DevExtreme/actions/runs/35739547465/job/106790309675
"22.09.26, 14:32:03",106790309806,35739547465,1,Demos Visual Tests,angular(4/10)-screenshots-fluent.blue.light,chore/chrome_153_update,cancelled,Install dependencies,https://github.com/DevExpress/DevExtreme/actions/runs/35739547465/job/106790309806
"22.09.26, 14:32:04",106790310507,35739547465,1,Demos Visual Tests,angular(3/10)-screenshots-fluent.blue.light,chore/chrome_153_update,cancelled,Install dependencies,https://github.com/DevExpress/DevExtreme/actions/runs/35739547465/job/106790310507
"22.09.26, 14:33:56",106791058636,35739547465,1,Demos Visual Tests,merge-artifacts,chore/chrome_153_update,cancelled,,https://github.com/DevExpress/DevExtreme/actions/runs/35739547465/job/106791058636
"22.09.26, 14:33:57",106791067687,35739547465,1,Demos Visual Tests,CSP Violations Summary,chore/chrome_153_update,cancelled,,https://github.com/DevExpress/DevExtreme/actions/runs/35739547465/job/106791067687
"22.09.26, 13:57:41",106776633259,35736003252,1,Demos Visual Tests,jquery(3/3)-screenshots-material.blue.light,core-utils-improve-typing_26_2/ajax,failure,Run TestCafe tests (jQuery),https://github.com/DevExpress/DevExtreme/actions/runs/35736003252/job/106776633259
"22.09.26, 13:51:29",106774242084,35734265102,1,Demos Visual Tests,CSP check (Vue 1/2),scheduler-dst-fallback-simple,failure,,https://github.com/DevExpress/DevExtreme/actions/runs/35734265102/job/106774242084
"22.09.26, 13:35:46",106768148589,35733794463,1,Demos Visual Tests,jquery(1/3)-screenshots-material.blue.light,chore/chrome_153_update,failure,Run TestCafe tests (jQuery),https://github.com/DevExpress/DevExtreme/actions/runs/35733794463/job/106768148589
"22.09.26, 13:35:46",106768148750,35733794463,1,Demos Visual Tests,jquery(2/3)-screenshots-material.blue.light,chore/chrome_153_update,failure,Run TestCafe tests (jQuery),https://github.com/DevExpress/DevExtreme/actions/runs/35733794463/job/106768148750
"22.09.26, 13:43:09",106771003293,35733794463,1,Demos Visual Tests,react(3/3)-screenshots-fluent.blue.light,chore/chrome_153_update,failure,,https://github.com/DevExpress/DevExtreme/actions/runs/35733794463/job/106771003293
"22.09.26, 13:43:07",106770985921,35733562199,1,Demos Visual Tests,react(2/3)-screenshots-fluent.blue.light,26_1,failure,,https://github.com/DevExpress/DevExtreme/actions/runs/35733562199/job/106770985921
"22.09.26, 13:27:53",106765149548,35732594650,1,Demos Visual Tests,jquery(1/3)-screenshots-material.blue.light,feature/demo_custom_AI_assistant_Angular,failure,Run TestCafe tests (jQuery),https://github.com/DevExpress/DevExtreme/actions/runs/35732594650/job/106765149548
"22.09.26, 13:34:01",106767467845,35732594650,1,Demos Visual Tests,angular(2/10)-screenshots-fluent.blue.light,feature/demo_custom_AI_assistant_Angular,failure,Run TestCafe tests,https://github.com/DevExpress/DevExtreme/actions/runs/35732594650/job/106767467845
"22.09.26, 13:25:47",106764379264,35732460424,1,Demos Visual Tests,Check TS and lint code base,chore/chrome_153_update,cancelled,Run lint on all demos,https://github.com/DevExpress/DevExtreme/actions/runs/35732460424/job/106764379264
"22.09.26, 13:25:47",106764379416,35732460424,1,Demos Visual Tests,CSP check (jQuery),chore/chrome_153_update,cancelled,Run CSP Check,https://github.com/DevExpress/DevExtreme/actions/runs/35732460424/job/106764379416
"22.09.26, 13:25:47",106764379638,35732460424,1,Demos Visual Tests,CSP check (React 2/2),chore/chrome_153_update,cancelled,Run CSP Check,https://github.com/DevExpress/DevExtreme/actions/runs/35732460424/job/106764379638
"22.09.26, 13:25:47",106764379654,35732460424,1,Demos Visual Tests,CSP check (Angular 1/3),chore/chrome_153_update,cancelled,Run CSP Check,https://github.com/DevExpress/DevExtreme/actions/runs/35732460424/job/106764379654
"22.09.26, 13:25:47",106764379655,35732460424,1,Demos Visual Tests,CSP check (Angular 3/3),chore/chrome_153_update,cancelled,Run CSP Check,https://github.com/DevExpress/DevExtreme/actions/runs/35732460424/job/106764379655
"22.09.26, 13:25:47",106764379693,35732460424,1,Demos Visual Tests,CSP check (Vue 2/2),chore/chrome_153_update,cancelled,Run CSP Check,https://github.com/DevExpress/DevExtreme/actions/runs/35732460424/job/106764379693
"22.09.26, 13:25:47",106764379699,35732460424,1,Demos Visual Tests,CSP check (React 1/2),chore/chrome_153_update,cancelled,Run CSP Check,https://github.com/DevExpress/DevExtreme/actions/runs/35732460424/job/106764379699
"22.09.26, 13:25:47",106764379702,35732460424,1,Demos Visual Tests,CSP check (Angular 2/3),chore/chrome_153_update,cancelled,Run CSP Check,https://github.com/DevExpress/DevExtreme/actions/runs/35732460424/job/106764379702
"22.09.26, 13:25:47",106764379803,35732460424,1,Demos Visual Tests,Check generated demos,chore/chrome_153_update,cancelled,Check generated JS demos,https://github.com/DevExpress/DevExtreme/actions/runs/35732460424/job/106764379803
"22.09.26, 13:25:47",106764379819,35732460424,1,Demos Visual Tests,CSP check (Vue 1/2),chore/chrome_153_update,cancelled,Run CSP Check,https://github.com/DevExpress/DevExtreme/actions/runs/35732460424/job/106764379819
"22.09.26, 13:25:47",106764379853,35732460424,1,Demos Visual Tests,jquery(3/3)-screenshots-material.blue.light,chore/chrome_153_update,cancelled,Run TestCafe tests (jQuery),https://github.com/DevExpress/DevExtreme/actions/runs/35732460424/job/106764379853
"22.09.26, 13:25:47",106764379867,35732460424,1,Demos Visual Tests,jquery(2/3)-screenshots-material.blue.light,chore/chrome_153_update,cancelled,Run TestCafe tests (jQuery),https://github.com/DevExpress/DevExtreme/actions/runs/35732460424/job/106764379867
"22.09.26, 13:25:47",106764379887,35732460424,1,Demos Visual Tests,jquery-accessibility-fluent.blue.dark,chore/chrome_153_update,cancelled,Install dependencies,https://github.com/DevExpress/DevExtreme/actions/runs/35732460424/job/106764379887
"22.09.26, 13:25:47",106764379893,35732460424,1,Demos Visual Tests,jquery-accessibility-material.blue.light,chore/chrome_153_update,cancelled,Run TestCafe tests (jQuery),https://github.com/DevExpress/DevExtreme/actions/runs/35732460424/job/106764379893
"22.09.26, 13:25:47",106764379895,35732460424,1,Demos Visual Tests,jquery(1/3)-screenshots-material.blue.light,chore/chrome_153_update,cancelled,Run TestCafe tests (jQuery),https://github.com/DevExpress/DevExtreme/actions/runs/35732460424/job/106764379895
"22.09.26, 13:25:47",106764379926,35732460424,1,Demos Visual Tests,jquery(3/3)-screenshots-fluent.blue.light,chore/chrome_153_update,cancelled,Run TestCafe tests (jQuery),https://github.com/DevExpress/DevExtreme/actions/runs/35732460424/job/106764379926
"22.09.26, 13:25:47",106764379952,35732460424,1,Demos Visual Tests,jquery(1/3)-screenshots-fluent.blue.light,chore/chrome_153_update,cancelled,Run TestCafe tests (jQuery),https://github.com/DevExpress/DevExtreme/actions/runs/35732460424/job/106764379952
"22.09.26, 13:25:47",106764379957,35732460424,1,Demos Visual Tests,jquery-accessibility-material.blue.dark,chore/chrome_153_update,cancelled,Run TestCafe tests (jQuery),https://github.com/DevExpress/DevExtreme/actions/runs/35732460424/job/106764379957
"22.09.26, 13:25:47",106764380065,35732460424,1,Demos Visual Tests,jquery-accessibility-fluent.blue.light,chore/chrome_153_update,cancelled,Run TestCafe tests (jQuery),https://github.com/DevExpress/DevExtreme/actions/runs/35732460424/job/106764380065
"22.09.26, 13:25:47",106764380080,35732460424,1,Demos Visual Tests,jquery(2/3)-screenshots-fluent.blue.light,chore/chrome_153_update,cancelled,Run TestCafe tests (jQuery),https://github.com/DevExpress/DevExtreme/actions/runs/35732460424/job/106764380080
"22.09.26, 13:28:29",106765369686,35732460424,1,Demos Visual Tests,Build demos (Angular 2/3),chore/chrome_153_update,cancelled,,https://github.com/DevExpress/DevExtreme/actions/runs/35732460424/job/106765369686
"22.09.26, 13:28:29",106765369731,35732460424,1,Demos Visual Tests,Build demos (Vue),chore/chrome_153_update,cancelled,,https://github.com/DevExpress/DevExtreme/actions/runs/35732460424/job/106765369731
"22.09.26, 13:28:29",106765369758,35732460424,1,Demos Visual Tests,Build demos (React),chore/chrome_153_update,cancelled,,https://github.com/DevExpress/DevExtreme/actions/runs/35732460424/job/106765369758
"22.09.26, 13:28:29",106765369835,35732460424,1,Demos Visual Tests,Build demos (Angular 1/3),chore/chrome_153_update,cancelled,,https://github.com/DevExpress/DevExtreme/actions/runs/35732460424/job/106765369835
"22.09.26, 13:28:29",106765370000,35732460424,1,Demos Visual Tests,Build demos (Angular 3/3),chore/chrome_153_update,cancelled,,https://github.com/DevExpress/DevExtreme/actions/runs/35732460424/job/106765370000
"22.09.26, 13:29:30",106765754873,35732460424,1,Demos Visual Tests,${{ matrix.CONSTEL }}-screenshots-${{ matrix.THEME }},chore/chrome_153_update,cancelled,,https://github.com/DevExpress/DevExtreme/actions/runs/35732460424/job/106765754873
"22.09.26, 13:30:26",106766089317,35732460424,1,Demos Visual Tests,CSP Violations Summary,chore/chrome_153_update,cancelled,,https://github.com/DevExpress/DevExtreme/actions/runs/35732460424/job/106766089317
"22.09.26, 13:30:29",106766104802,35732460424,1,Demos Visual Tests,merge-artifacts,chore/chrome_153_update,cancelled,,https://github.com/DevExpress/DevExtreme/actions/runs/35732460424/job/106766104802
"22.09.26, 13:23:44",106763620061,35732134887,1,Demos Visual Tests,CSP check (jQuery),scheduler-dst-fallback-simple,cancelled,Run CSP Check,https://github.com/DevExpress/DevExtreme/actions/runs/35732134887/job/106763620061
"22.09.26, 13:27:16",106764923120,35732134887,1,Demos Visual Tests,angular(1/10)-screenshots-fluent.blue.light,scheduler-dst-fallback-simple,cancelled,Run TestCafe tests,https://github.com/DevExpress/DevExtreme/actions/runs/35732134887/job/106764923120
"22.09.26, 13:27:16",106764923142,35732134887,1,Demos Visual Tests,vue(2/5)-screenshots-fluent.blue.light,scheduler-dst-fallback-simple,cancelled,,https://github.com/DevExpress/DevExtreme/actions/runs/35732134887/job/106764923142
"22.09.26, 13:27:16",106764923146,35732134887,1,Demos Visual Tests,vue(3/5)-screenshots-fluent.blue.light,scheduler-dst-fallback-simple,cancelled,,https://github.com/DevExpress/DevExtreme/actions/runs/35732134887/job/106764923146
"22.09.26, 13:27:16",106764923267,35732134887,1,Demos Visual Tests,react(2/3)-screenshots-fluent.blue.light,scheduler-dst-fallback-simple,cancelled,Run TestCafe tests,https://github.com/DevExpress/DevExtreme/actions/runs/35732134887/job/106764923267
"22.09.26, 13:27:16",106764923292,35732134887,1,Demos Visual Tests,react(1/3)-screenshots-fluent.blue.light,scheduler-dst-fallback-simple,cancelled,Run TestCafe tests,https://github.com/DevExpress/DevExtreme/actions/runs/35732134887/job/106764923292
"22.09.26, 13:27:16",106764923300,35732134887,1,Demos Visual Tests,react(3/3)-screenshots-fluent.blue.light,scheduler-dst-fallback-simple,cancelled,Run TestCafe tests,https://github.com/DevExpress/DevExtreme/actions/runs/35732134887/job/106764923300
"22.09.26, 13:27:16",106764923410,35732134887,1,Demos Visual Tests,angular(3/10)-screenshots-fluent.blue.light,scheduler-dst-fallback-simple,cancelled,,https://github.com/DevExpress/DevExtreme/actions/runs/35732134887/job/106764923410
"22.09.26, 13:27:16",106764923428,35732134887,1,Demos Visual Tests,angular(9/10)-screenshots-fluent.blue.light,scheduler-dst-fallback-simple,cancelled,,https://github.com/DevExpress/DevExtreme/actions/runs/35732134887/job/106764923428
"22.09.26, 13:35:04",106767877971,35732134887,1,Demos Visual Tests,CSP Violations Summary,scheduler-dst-fallback-simple,cancelled,,https://github.com/DevExpress/DevExtreme/actions/runs/35732134887/job/106767877971
"22.09.26, 13:39:27",106769552786,35732134887,1,Demos Visual Tests,merge-artifacts,scheduler-dst-fallback-simple,cancelled,,https://github.com/DevExpress/DevExtreme/actions/runs/35732134887/job/106769552786
"22.09.26, 13:00:20",106755111865,35729818529,1,Demos Visual Tests,Check generated demos (changed only),chat-grid-demo-react,failure,Check generated JS demos,https://github.com/DevExpress/DevExtreme/actions/runs/35729818529/job/106755111865
"22.09.26, 12:58:00",106754294329,35729740243,1,Demos Visual Tests,jquery-accessibility-material.blue.dark,core-utils-improve-typing_26_2/ajax,failure,,https://github.com/DevExpress/DevExtreme/actions/runs/35729740243/job/106754294329
"22.09.26, 12:47:16",106750614253,35729204178,1,Demos Visual Tests,Build DevExtreme,chat-grid-demo-react,cancelled,DevExtreme - Build-all,https://github.com/DevExpress/DevExtreme/actions/runs/35729204178/job/106750614253
"22.09.26, 12:53:29",106752721517,35729204178,1,Demos Visual Tests,CSP check (jQuery),chat-grid-demo-react,cancelled,,https://github.com/DevExpress/DevExtreme/actions/runs/35729204178/job/106752721517
"22.09.26, 12:53:29",106752723692,35729204178,1,Demos Visual Tests,"matrix.SHARD_TOTAL == 1 && format('CSP check ({0})', matrix.FRAMEWORK) || format('CSP check ({0} {1}/{2})', matrix.FRAMEWORK, matrix.SHARD_INDEX, matrix.SHARD_TOTAL)",chat-grid-demo-react,cancelled,,https://github.com/DevExpress/DevExtreme/actions/runs/35729204178/job/106752723692
"22.09.26, 12:53:29",106752723872,35729204178,1,Demos Visual Tests,Check TS and lint code base,chat-grid-demo-react,cancelled,,https://github.com/DevExpress/DevExtreme/actions/runs/35729204178/job/106752723872
"22.09.26, 12:53:29",106752724409,35729204178,1,Demos Visual Tests,Build Demos Bundles,chat-grid-demo-react,cancelled,,https://github.com/DevExpress/DevExtreme/actions/runs/35729204178/job/106752724409
"22.09.26, 12:53:29",106752724555,35729204178,1,Demos Visual Tests,${{ matrix.CONSTEL }}-${{ matrix.STRATEGY }}-${{ matrix.THEME }},chat-grid-demo-react,cancelled,,https://github.com/DevExpress/DevExtreme/actions/runs/35729204178/job/106752724555
"22.09.26, 12:53:30",106752726368,35729204178,1,Demos Visual Tests,Check generated demos,chat-grid-demo-react,cancelled,,https://github.com/DevExpress/DevExtreme/actions/runs/35729204178/job/106752726368
"22.09.26, 12:53:30",106752726605,35729204178,1,Demos Visual Tests,Check generated demos (changed only),chat-grid-demo-react,cancelled,,https://github.com/DevExpress/DevExtreme/actions/runs/35729204178/job/106752726605
"22.09.26, 12:53:31",106752731683,35729204178,1,Demos Visual Tests,${{ matrix.CONSTEL }}-screenshots-${{ matrix.THEME }},chat-grid-demo-react,cancelled,,https://github.com/DevExpress/DevExtreme/actions/runs/35729204178/job/106752731683
"22.09.26, 12:53:31",106752731723,35729204178,1,Demos Visual Tests,${{ matrix.CONSTEL }}-screenshots-${{ matrix.THEME }},chat-grid-demo-react,cancelled,,https://github.com/DevExpress/DevExtreme/actions/runs/35729204178/job/106752731723
"22.09.26, 12:53:31",106752735692,35729204178,1,Demos Visual Tests,CSP Violations Summary,chat-grid-demo-react,cancelled,,https://github.com/DevExpress/DevExtreme/actions/runs/35729204178/job/106752735692
"22.09.26, 12:53:31",106752736453,35729204178,1,Demos Visual Tests,merge-artifacts,chat-grid-demo-react,cancelled,,https://github.com/DevExpress/DevExtreme/actions/runs/35729204178/job/106752736453
"22.09.26, 12:46:38",106750398784,35727745767,1,Demos Visual Tests,jquery(1/3)-screenshots-fluent.blue.light,5182-coreutils---array-remove-m_-prefix-improve-typing,failure,Run TestCafe tests (jQuery),https://github.com/DevExpress/DevExtreme/actions/runs/35727745767/job/106750398784
"22.09.26, 12:55:49",106753512824,35727745767,1,Demos Visual Tests,vue(2/5)-screenshots-fluent.blue.light,5182-coreutils---array-remove-m_-prefix-improve-typing,failure,Run TestCafe tests,https://github.com/DevExpress/DevExtreme/actions/runs/35727745767/job/106753512824
"22.09.26, 12:36:58",106747116513,35726961185,1,Demos Visual Tests,CSP check (jQuery),core-utils-improve-typing_26_2/ajax,cancelled,Run CSP Check,https://github.com/DevExpress/DevExtreme/actions/runs/35726961185/job/106747116513
"22.09.26, 12:42:27",106748954309,35726961185,1,Demos Visual Tests,Build demos (Vue),core-utils-improve-typing_26_2/ajax,cancelled,Install dependencies,https://github.com/DevExpress/DevExtreme/actions/runs/35726961185/job/106748954309
"22.09.26, 12:42:27",106748954389,35726961185,1,Demos Visual Tests,Build demos (Angular 3/3),core-utils-improve-typing_26_2/ajax,cancelled,Install dependencies,https://github.com/DevExpress/DevExtreme/actions/runs/35726961185/job/106748954389
"22.09.26, 12:51:49",106752161725,35726961185,1,Demos Visual Tests,${{ matrix.CONSTEL }}-screenshots-${{ matrix.THEME }},core-utils-improve-typing_26_2/ajax,cancelled,,https://github.com/DevExpress/DevExtreme/actions/runs/35726961185/job/106752161725
"22.09.26, 12:51:49",106752162289,35726961185,1,Demos Visual Tests,merge-artifacts,core-utils-improve-typing_26_2/ajax,cancelled,,https://github.com/DevExpress/DevExtreme/actions/runs/35726961185/job/106752162289
"22.09.26, 12:51:55",106752196770,35726961185,1,Demos Visual Tests,CSP Violations Summary,core-utils-improve-typing_26_2/ajax,cancelled,,https://github.com/DevExpress/DevExtreme/actions/runs/35726961185/job/106752196770
"22.09.26, 12:17:41",106740724483,35725756398,1,Demos Visual Tests,CSP check (Vue 2/2),playwright-components-infra,failure,,https://github.com/DevExpress/DevExtreme/actions/runs/35725756398/job/106740724483
"22.09.26, 12:18:30",106740981923,35725493887,1,Demos Visual Tests,CSP check (jQuery),5182-coreutils---array-remove-m_-prefix-improve-typing,cancelled,Run CSP Check,https://github.com/DevExpress/DevExtreme/actions/runs/35725493887/job/106740981923
"22.09.26, 12:18:30",106740982044,35725493887,1,Demos Visual Tests,Check generated demos,5182-coreutils---array-remove-m_-prefix-improve-typing,cancelled,Check generated JS demos,https://github.com/DevExpress/DevExtreme/actions/runs/35725493887/job/106740982044
"22.09.26, 12:18:30",106740982102,35725493887,1,Demos Visual Tests,CSP check (Vue 1/2),5182-coreutils---array-remove-m_-prefix-improve-typing,cancelled,Run CSP Check,https://github.com/DevExpress/DevExtreme/actions/runs/35725493887/job/106740982102
"22.09.26, 12:18:30",106740982106,35725493887,1,Demos Visual Tests,CSP check (Angular 3/3),5182-coreutils---array-remove-m_-prefix-improve-typing,cancelled,Run CSP Check,https://github.com/DevExpress/DevExtreme/actions/runs/35725493887/job/106740982106
"22.09.26, 12:18:30",106740982113,35725493887,1,Demos Visual Tests,CSP check (Angular 2/3),5182-coreutils---array-remove-m_-prefix-improve-typing,cancelled,Run CSP Check,https://github.com/DevExpress/DevExtreme/actions/runs/35725493887/job/106740982113
"22.09.26, 12:18:30",106740982114,35725493887,1,Demos Visual Tests,jquery(1/3)-screenshots-material.blue.light,5182-coreutils---array-remove-m_-prefix-improve-typing,cancelled,Run TestCafe tests (jQuery),https://github.com/DevExpress/DevExtreme/actions/runs/35725493887/job/106740982114
"22.09.26, 12:18:30",106740982137,35725493887,1,Demos Visual Tests,jquery(2/3)-screenshots-material.blue.light,5182-coreutils---array-remove-m_-prefix-improve-typing,cancelled,Run TestCafe tests (jQuery),https://github.com/DevExpress/DevExtreme/actions/runs/35725493887/job/106740982137
"22.09.26, 12:18:30",106740982156,35725493887,1,Demos Visual Tests,jquery-accessibility-fluent.blue.light,5182-coreutils---array-remove-m_-prefix-improve-typing,cancelled,Run TestCafe tests (jQuery),https://github.com/DevExpress/DevExtreme/actions/runs/35725493887/job/106740982156
"22.09.26, 12:18:30",106740982159,35725493887,1,Demos Visual Tests,jquery(3/3)-screenshots-material.blue.light,5182-coreutils---array-remove-m_-prefix-improve-typing,cancelled,Run TestCafe tests (jQuery),https://github.com/DevExpress/DevExtreme/actions/runs/35725493887/job/106740982159
"22.09.26, 12:18:30",106740982175,35725493887,1,Demos Visual Tests,jquery-accessibility-material.blue.light,5182-coreutils---array-remove-m_-prefix-improve-typing,cancelled,Run TestCafe tests (jQuery),https://github.com/DevExpress/DevExtreme/actions/runs/35725493887/job/106740982175
"22.09.26, 12:18:30",106740982176,35725493887,1,Demos Visual Tests,CSP check (Vue 2/2),5182-coreutils---array-remove-m_-prefix-improve-typing,cancelled,Bundle demos for CSP check,https://github.com/DevExpress/DevExtreme/actions/runs/35725493887/job/106740982176
"22.09.26, 12:18:30",106740982187,35725493887,1,Demos Visual Tests,CSP check (React 2/2),5182-coreutils---array-remove-m_-prefix-improve-typing,cancelled,Bundle demos for CSP check,https://github.com/DevExpress/DevExtreme/actions/runs/35725493887/job/106740982187
"22.09.26, 12:18:30",106740982192,35725493887,1,Demos Visual Tests,jquery(1/3)-screenshots-fluent.blue.light,5182-coreutils---array-remove-m_-prefix-improve-typing,cancelled,Run TestCafe tests (jQuery),https://github.com/DevExpress/DevExtreme/actions/runs/35725493887/job/106740982192
"22.09.26, 12:18:30",106740982209,35725493887,1,Demos Visual Tests,CSP check (Angular 1/3),5182-coreutils---array-remove-m_-prefix-improve-typing,cancelled,Run CSP Check,https://github.com/DevExpress/DevExtreme/actions/runs/35725493887/job/106740982209
"22.09.26, 12:18:30",106740982349,35725493887,1,Demos Visual Tests,jquery(3/3)-screenshots-fluent.blue.light,5182-coreutils---array-remove-m_-prefix-improve-typing,cancelled,Run TestCafe tests (jQuery),https://github.com/DevExpress/DevExtreme/actions/runs/35725493887/job/106740982349
"22.09.26, 12:18:30",106740982396,35725493887,1,Demos Visual Tests,jquery-accessibility-material.blue.dark,5182-coreutils---array-remove-m_-prefix-improve-typing,cancelled,Run TestCafe tests (jQuery),https://github.com/DevExpress/DevExtreme/actions/runs/35725493887/job/106740982396
"22.09.26, 12:18:30",106740982402,35725493887,1,Demos Visual Tests,jquery-accessibility-fluent.blue.dark,5182-coreutils---array-remove-m_-prefix-improve-typing,cancelled,Run TestCafe tests (jQuery),https://github.com/DevExpress/DevExtreme/actions/runs/35725493887/job/106740982402
"22.09.26, 12:29:52",106744712321,35725493887,1,Demos Visual Tests,Build demos (Angular 2/3),5182-coreutils---array-remove-m_-prefix-improve-typing,cancelled,,https://github.com/DevExpress/DevExtreme/actions/runs/35725493887/job/106744712321
"22.09.26, 12:29:52",106744712334,35725493887,1,Demos Visual Tests,Build demos (React),5182-coreutils---array-remove-m_-prefix-improve-typing,cancelled,,https://github.com/DevExpress/DevExtreme/actions/runs/35725493887/job/106744712334
"22.09.26, 12:29:52",106744712344,35725493887,1,Demos Visual Tests,Build demos (Vue),5182-coreutils---array-remove-m_-prefix-improve-typing,cancelled,,https://github.com/DevExpress/DevExtreme/actions/runs/35725493887/job/106744712344
"22.09.26, 12:29:52",106744712364,35725493887,1,Demos Visual Tests,Build demos (Angular 1/3),5182-coreutils---array-remove-m_-prefix-improve-typing,cancelled,,https://github.com/DevExpress/DevExtreme/actions/runs/35725493887/job/106744712364
"22.09.26, 12:29:52",106744712531,35725493887,1,Demos Visual Tests,Build demos (Angular 3/3),5182-coreutils---array-remove-m_-prefix-improve-typing,cancelled,,https://github.com/DevExpress/DevExtreme/actions/runs/35725493887/job/106744712531
"22.09.26, 12:32:02",106745465535,35725493887,1,Demos Visual Tests,${{ matrix.CONSTEL }}-screenshots-${{ matrix.THEME }},5182-coreutils---array-remove-m_-prefix-improve-typing,cancelled,,https://github.com/DevExpress/DevExtreme/actions/runs/35725493887/job/106745465535
"22.09.26, 12:32:41",106745690165,35725493887,1,Demos Visual Tests,CSP Violations Summary,5182-coreutils---array-remove-m_-prefix-improve-typing,cancelled,,https://github.com/DevExpress/DevExtreme/actions/runs/35725493887/job/106745690165
"22.09.26, 12:33:11",106745843773,35725493887,1,Demos Visual Tests,merge-artifacts,5182-coreutils---array-remove-m_-prefix-improve-typing,cancelled,,https://github.com/DevExpress/DevExtreme/actions/runs/35725493887/job/106745843773
"22.09.26, 12:18:49",106741083622,35725461838,1,Demos Visual Tests,Check TS and lint code base,core-utils-improve-typing_26_2/ajax,cancelled,,https://github.com/DevExpress/DevExtreme/actions/runs/35725461838/job/106741083622
"22.09.26, 12:18:49",106741083651,35725461838,1,Demos Visual Tests,"Build vendor bundles (React, Vue)",core-utils-improve-typing_26_2/ajax,cancelled,,https://github.com/DevExpress/DevExtreme/actions/runs/35725461838/job/106741083651
"22.09.26, 12:18:49",106741083763,35725461838,1,Demos Visual Tests,CSP check (jQuery),core-utils-improve-typing_26_2/ajax,cancelled,Run CSP Check,https://github.com/DevExpress/DevExtreme/actions/runs/35725461838/job/106741083763
"22.09.26, 12:18:49",106741083821,35725461838,1,Demos Visual Tests,Check generated demos,core-utils-improve-typing_26_2/ajax,cancelled,Check generated JS demos,https://github.com/DevExpress/DevExtreme/actions/runs/35725461838/job/106741083821
"22.09.26, 12:18:49",106741083840,35725461838,1,Demos Visual Tests,CSP check (Angular 1/3),core-utils-improve-typing_26_2/ajax,cancelled,Run CSP Check,https://github.com/DevExpress/DevExtreme/actions/runs/35725461838/job/106741083840
"22.09.26, 12:18:49",106741083849,35725461838,1,Demos Visual Tests,CSP check (Vue 1/2),core-utils-improve-typing_26_2/ajax,cancelled,Start CSP Server,https://github.com/DevExpress/DevExtreme/actions/runs/35725461838/job/106741083849
"22.09.26, 12:18:49",106741083889,35725461838,1,Demos Visual Tests,CSP check (React 1/2),core-utils-improve-typing_26_2/ajax,cancelled,Start CSP Server,https://github.com/DevExpress/DevExtreme/actions/runs/35725461838/job/106741083889
"22.09.26, 12:18:49",106741083894,35725461838,1,Demos Visual Tests,CSP check (Vue 2/2),core-utils-improve-typing_26_2/ajax,cancelled,Start CSP Server,https://github.com/DevExpress/DevExtreme/actions/runs/35725461838/job/106741083894
"22.09.26, 12:18:49",106741083911,35725461838,1,Demos Visual Tests,CSP check (React 2/2),core-utils-improve-typing_26_2/ajax,cancelled,Start CSP Server,https://github.com/DevExpress/DevExtreme/actions/runs/35725461838/job/106741083911
"22.09.26, 12:18:49",106741083940,35725461838,1,Demos Visual Tests,jquery(2/3)-screenshots-material.blue.light,core-utils-improve-typing_26_2/ajax,cancelled,Run TestCafe tests (jQuery),https://github.com/DevExpress/DevExtreme/actions/runs/35725461838/job/106741083940
"22.09.26, 12:18:49",106741083962,35725461838,1,Demos Visual Tests,jquery(3/3)-screenshots-material.blue.light,core-utils-improve-typing_26_2/ajax,cancelled,Run TestCafe tests (jQuery),https://github.com/DevExpress/DevExtreme/actions/runs/35725461838/job/106741083962
"22.09.26, 12:18:49",106741083976,35725461838,1,Demos Visual Tests,CSP check (Angular 2/3),core-utils-improve-typing_26_2/ajax,cancelled,Run CSP Check,https://github.com/DevExpress/DevExtreme/actions/runs/35725461838/job/106741083976
"22.09.26, 12:18:49",106741083982,35725461838,1,Demos Visual Tests,jquery-accessibility-fluent.blue.dark,core-utils-improve-typing_26_2/ajax,cancelled,Run TestCafe tests (jQuery),https://github.com/DevExpress/DevExtreme/actions/runs/35725461838/job/106741083982
"22.09.26, 12:18:49",106741083986,35725461838,1,Demos Visual Tests,jquery(2/3)-screenshots-fluent.blue.light,core-utils-improve-typing_26_2/ajax,cancelled,Run TestCafe tests (jQuery),https://github.com/DevExpress/DevExtreme/actions/runs/35725461838/job/106741083986
"22.09.26, 12:18:49",106741083991,35725461838,1,Demos Visual Tests,jquery-accessibility-material.blue.dark,core-utils-improve-typing_26_2/ajax,cancelled,Run TestCafe tests (jQuery),https://github.com/DevExpress/DevExtreme/actions/runs/35725461838/job/106741083991
"22.09.26, 12:18:49",106741084012,35725461838,1,Demos Visual Tests,jquery-accessibility-material.blue.light,core-utils-improve-typing_26_2/ajax,cancelled,Run TestCafe tests (jQuery),https://github.com/DevExpress/DevExtreme/actions/runs/35725461838/job/106741084012
"22.09.26, 12:18:49",106741084057,35725461838,1,Demos Visual Tests,jquery(1/3)-screenshots-material.blue.light,core-utils-improve-typing_26_2/ajax,cancelled,Install dependencies,https://github.com/DevExpress/DevExtreme/actions/runs/35725461838/job/106741084057
"22.09.26, 12:18:49",106741084060,35725461838,1,Demos Visual Tests,CSP check (Angular 3/3),core-utils-improve-typing_26_2/ajax,cancelled,Install dependencies,https://github.com/DevExpress/DevExtreme/actions/runs/35725461838/job/106741084060
"22.09.26, 12:18:49",106741084072,35725461838,1,Demos Visual Tests,jquery(3/3)-screenshots-fluent.blue.light,core-utils-improve-typing_26_2/ajax,cancelled,Install dependencies,https://github.com/DevExpress/DevExtreme/actions/runs/35725461838/job/106741084072
"22.09.26, 12:18:49",106741084106,35725461838,1,Demos Visual Tests,jquery(1/3)-screenshots-fluent.blue.light,core-utils-improve-typing_26_2/ajax,cancelled,Install dependencies,https://github.com/DevExpress/DevExtreme/actions/runs/35725461838/job/106741084106
"22.09.26, 12:18:49",106741084153,35725461838,1,Demos Visual Tests,jquery-accessibility-fluent.blue.light,core-utils-improve-typing_26_2/ajax,cancelled,Install dependencies,https://github.com/DevExpress/DevExtreme/actions/runs/35725461838/job/106741084153
"22.09.26, 12:24:21",106742888782,35725461838,1,Demos Visual Tests,"matrix.SHARD_TOTAL == 1 && format('Build demos ({0})', matrix.FRAMEWORK) || format('Build demos ({0} {1}/{2})', matrix.FRAMEWORK, matrix.SHARD_INDEX, matrix.SHARD_TOTAL)",core-utils-improve-typing_26_2/ajax,cancelled,,https://github.com/DevExpress/DevExtreme/actions/runs/35725461838/job/106742888782
"22.09.26, 12:24:21",106742888806,35725461838,1,Demos Visual Tests,${{ matrix.CONSTEL }}-screenshots-${{ matrix.THEME }},core-utils-improve-typing_26_2/ajax,cancelled,,https://github.com/DevExpress/DevExtreme/actions/runs/35725461838/job/106742888806
"22.09.26, 12:25:16",106743186476,35725461838,1,Demos Visual Tests,CSP Violations Summary,core-utils-improve-typing_26_2/ajax,cancelled,,https://github.com/DevExpress/DevExtreme/actions/runs/35725461838/job/106743186476
"22.09.26, 12:25:19",106743199862,35725461838,1,Demos Visual Tests,merge-artifacts,core-utils-improve-typing_26_2/ajax,cancelled,,https://github.com/DevExpress/DevExtreme/actions/runs/35725461838/job/106743199862
"22.09.26, 12:05:48",106736963349,35725138871,1,Demos Visual Tests,Build DevExtreme,scheduler-dst-fallback-simple,cancelled,DevExtreme - Build-all,https://github.com/DevExpress/DevExtreme/actions/runs/35725138871/job/106736963349
"22.09.26, 12:12:55",106739192042,35725138871,1,Demos Visual Tests,${{ matrix.CONSTEL }}-${{ matrix.STRATEGY }}-${{ matrix.THEME }},scheduler-dst-fallback-simple,cancelled,,https://github.com/DevExpress/DevExtreme/actions/runs/35725138871/job/106739192042
"22.09.26, 12:12:55",106739192130,35725138871,1,Demos Visual Tests,Check TS and lint code base,scheduler-dst-fallback-simple,cancelled,,https://github.com/DevExpress/DevExtreme/actions/runs/35725138871/job/106739192130
"22.09.26, 12:12:55",106739192159,35725138871,1,Demos Visual Tests,CSP check (jQuery),scheduler-dst-fallback-simple,cancelled,,https://github.com/DevExpress/DevExtreme/actions/runs/35725138871/job/106739192159
"22.09.26, 12:12:55",106739192270,35725138871,1,Demos Visual Tests,Check generated demos,scheduler-dst-fallback-simple,cancelled,,https://github.com/DevExpress/DevExtreme/actions/runs/35725138871/job/106739192270
"22.09.26, 12:12:55",106739192795,35725138871,1,Demos Visual Tests,"Build vendor bundles (React, Vue)",scheduler-dst-fallback-simple,cancelled,,https://github.com/DevExpress/DevExtreme/actions/runs/35725138871/job/106739192795
"22.09.26, 12:12:55",106739192849,35725138871,1,Demos Visual Tests,"matrix.SHARD_TOTAL == 1 && format('CSP check ({0})', matrix.FRAMEWORK) || format('CSP check ({0} {1}/{2})', matrix.FRAMEWORK, matrix.SHARD_INDEX, matrix.SHARD_TOTAL)",scheduler-dst-fallback-simple,cancelled,,https://github.com/DevExpress/DevExtreme/actions/runs/35725138871/job/106739192849
"22.09.26, 12:12:55",106739193352,35725138871,1,Demos Visual Tests,CSP Violations Summary,scheduler-dst-fallback-simple,cancelled,,https://github.com/DevExpress/DevExtreme/actions/runs/35725138871/job/106739193352
"22.09.26, 12:12:55",106739193451,35725138871,1,Demos Visual Tests,"matrix.SHARD_TOTAL == 1 && format('Build demos ({0})', matrix.FRAMEWORK) || format('Build demos ({0} {1}/{2})', matrix.FRAMEWORK, matrix.SHARD_INDEX, matrix.SHARD_TOTAL)",scheduler-dst-fallback-simple,cancelled,,https://github.com/DevExpress/DevExtreme/actions/runs/35725138871/job/106739193451
"22.09.26, 12:12:55",106739193923,35725138871,1,Demos Visual Tests,${{ matrix.CONSTEL }}-screenshots-${{ matrix.THEME }},scheduler-dst-fallback-simple,cancelled,,https://github.com/DevExpress/DevExtreme/actions/runs/35725138871/job/106739193923
"22.09.26, 12:12:56",106739194564,35725138871,1,Demos Visual Tests,merge-artifacts,scheduler-dst-fallback-simple,cancelled,,https://github.com/DevExpress/DevExtreme/actions/runs/35725138871/job/106739194564
"22.09.26, 12:16:09",106740231095,35725072399,1,Demos Visual Tests,CSP check (Vue 1/2),feature/viz-tokens,failure,,https://github.com/DevExpress/DevExtreme/actions/runs/35725072399/job/106740231095
"22.09.26, 12:16:09",106740231108,35725072399,1,Demos Visual Tests,CSP check (Angular 2/3),feature/viz-tokens,failure,,https://github.com/DevExpress/DevExtreme/actions/runs/35725072399/job/106740231108
"22.09.26, 11:42:39",106729894173,35722857243,1,Demos Visual Tests,Build DevExtreme,playwright-components-infra,cancelled,Zip artifacts (for jQuery tests),https://github.com/DevExpress/DevExtreme/actions/runs/35722857243/job/106729894173
"22.09.26, 11:48:48",106731729502,35722857243,1,Demos Visual Tests,Check TS and lint code base,playwright-components-infra,cancelled,,https://github.com/DevExpress/DevExtreme/actions/runs/35722857243/job/106731729502
"22.09.26, 11:48:48",106731729581,35722857243,1,Demos Visual Tests,${{ matrix.CONSTEL }}-${{ matrix.STRATEGY }}-${{ matrix.THEME }},playwright-components-infra,cancelled,,https://github.com/DevExpress/DevExtreme/actions/runs/35722857243/job/106731729581
"22.09.26, 11:48:48",106731729680,35722857243,1,Demos Visual Tests,"matrix.SHARD_TOTAL == 1 && format('CSP check ({0})', matrix.FRAMEWORK) || format('CSP check ({0} {1}/{2})', matrix.FRAMEWORK, matrix.SHARD_INDEX, matrix.SHARD_TOTAL)",playwright-components-infra,cancelled,,https://github.com/DevExpress/DevExtreme/actions/runs/35722857243/job/106731729680
"22.09.26, 11:48:48",106731729758,35722857243,1,Demos Visual Tests,"Build vendor bundles (React, Vue)",playwright-components-infra,cancelled,,https://github.com/DevExpress/DevExtreme/actions/runs/35722857243/job/106731729758
"22.09.26, 11:48:48",106731730167,35722857243,1,Demos Visual Tests,Check generated demos,playwright-components-infra,cancelled,,https://github.com/DevExpress/DevExtreme/actions/runs/35722857243/job/106731730167
"22.09.26, 11:48:48",106731730239,35722857243,1,Demos Visual Tests,CSP check (jQuery),playwright-components-infra,cancelled,,https://github.com/DevExpress/DevExtreme/actions/runs/35722857243/job/106731730239
"22.09.26, 11:48:48",106731730621,35722857243,1,Demos Visual Tests,CSP Violations Summary,playwright-components-infra,cancelled,,https://github.com/DevExpress/DevExtreme/actions/runs/35722857243/job/106731730621
"22.09.26, 11:48:49",106731731240,35722857243,1,Demos Visual Tests,"matrix.SHARD_TOTAL == 1 && format('Build demos ({0})', matrix.FRAMEWORK) || format('Build demos ({0} {1}/{2})', matrix.FRAMEWORK, matrix.SHARD_INDEX, matrix.SHARD_TOTAL)",playwright-components-infra,cancelled,,https://github.com/DevExpress/DevExtreme/actions/runs/35722857243/job/106731731240
"22.09.26, 11:48:49",106731731492,35722857243,1,Demos Visual Tests,${{ matrix.CONSTEL }}-screenshots-${{ matrix.THEME }},playwright-components-infra,cancelled,,https://github.com/DevExpress/DevExtreme/actions/runs/35722857243/job/106731731492
"22.09.26, 11:48:49",106731732749,35722857243,1,Demos Visual Tests,merge-artifacts,playwright-components-infra,cancelled,,https://github.com/DevExpress/DevExtreme/actions/runs/35722857243/job/106731732749
"22.09.26, 11:31:35",106726592589,35721934846,1,Demos Visual Tests,Check if tests should run,T1329677,cancelled,,https://github.com/DevExpress/DevExtreme/actions/runs/35721934846/job/106726592589
"22.09.26, 11:31:45",106726638873,35721934846,1,Demos Visual Tests,Build DevExtreme,T1329677,cancelled,,https://github.com/DevExpress/DevExtreme/actions/runs/35721934846/job/106726638873
"22.09.26, 11:31:45",106726639438,35721934846,1,Demos Visual Tests,CSP check (jQuery),T1329677,cancelled,,https://github.com/DevExpress/DevExtreme/actions/runs/35721934846/job/106726639438
"22.09.26, 11:31:45",106726639543,35721934846,1,Demos Visual Tests,Check generated demos,T1329677,cancelled,,https://github.com/DevExpress/DevExtreme/actions/runs/35721934846/job/106726639543
"22.09.26, 11:31:45",106726639874,35721934846,1,Demos Visual Tests,Check TS and lint code base,T1329677,cancelled,,https://github.com/DevExpress/DevExtreme/actions/runs/35721934846/job/106726639874
"22.09.26, 11:31:45",106726639943,35721934846,1,Demos Visual Tests,"Build vendor bundles (React, Vue)",T1329677,cancelled,,https://github.com/DevExpress/DevExtreme/actions/runs/35721934846/job/106726639943
"22.09.26, 11:31:45",106726639970,35721934846,1,Demos Visual Tests,${{ matrix.CONSTEL }}-${{ matrix.STRATEGY }}-${{ matrix.THEME }},T1329677,cancelled,,https://github.com/DevExpress/DevExtreme/actions/runs/35721934846/job/106726639970
"22.09.26, 11:31:45",106726639999,35721934846,1,Demos Visual Tests,"matrix.SHARD_TOTAL == 1 && format('CSP check ({0})', matrix.FRAMEWORK) || format('CSP check ({0} {1}/{2})', matrix.FRAMEWORK, matrix.SHARD_INDEX, matrix.SHARD_TOTAL)",T1329677,cancelled,,https://github.com/DevExpress/DevExtreme/actions/runs/35721934846/job/106726639999
"22.09.26, 11:31:45",106726640599,35721934846,1,Demos Visual Tests,CSP Violations Summary,T1329677,cancelled,,https://github.com/DevExpress/DevExtreme/actions/runs/35721934846/job/106726640599
"22.09.26, 11:31:45",106726640630,35721934846,1,Demos Visual Tests,"matrix.SHARD_TOTAL == 1 && format('Build demos ({0})', matrix.FRAMEWORK) || format('Build demos ({0} {1}/{2})', matrix.FRAMEWORK, matrix.SHARD_INDEX, matrix.SHARD_TOTAL)",T1329677,cancelled,,https://github.com/DevExpress/DevExtreme/actions/runs/35721934846/job/106726640630
"22.09.26, 11:31:45",106726641717,35721934846,1,Demos Visual Tests,${{ matrix.CONSTEL }}-screenshots-${{ matrix.THEME }},T1329677,cancelled,,https://github.com/DevExpress/DevExtreme/actions/runs/35721934846/job/106726641717
"22.09.26, 11:31:45",106726641989,35721934846,1,Demos Visual Tests,merge-artifacts,T1329677,cancelled,,https://github.com/DevExpress/DevExtreme/actions/runs/35721934846/job/106726641989
"22.09.26, 11:32:14",106726781849,35721176625,1,Demos Visual Tests,CSP check (jQuery),playwright-components-infra,cancelled,Run CSP Check,https://github.com/DevExpress/DevExtreme/actions/runs/35721176625/job/106726781849
"22.09.26, 11:32:14",106726781993,35721176625,1,Demos Visual Tests,CSP check (React 1/2),playwright-components-infra,cancelled,Run CSP Check,https://github.com/DevExpress/DevExtreme/actions/runs/35721176625/job/106726781993
"22.09.26, 11:36:58",106728192126,35721176625,1,Demos Visual Tests,react(1/3)-screenshots-fluent.blue.light,playwright-components-infra,cancelled,Run TestCafe tests,https://github.com/DevExpress/DevExtreme/actions/runs/35721176625/job/106728192126
"22.09.26, 11:36:58",106728192177,35721176625,1,Demos Visual Tests,react(3/3)-screenshots-fluent.blue.light,playwright-components-infra,cancelled,Run TestCafe tests,https://github.com/DevExpress/DevExtreme/actions/runs/35721176625/job/106728192177
"22.09.26, 11:36:58",106728192180,35721176625,1,Demos Visual Tests,vue(3/5)-screenshots-fluent.blue.light,playwright-components-infra,cancelled,,https://github.com/DevExpress/DevExtreme/actions/runs/35721176625/job/106728192180
"22.09.26, 11:36:58",106728192225,35721176625,1,Demos Visual Tests,vue(2/5)-screenshots-fluent.blue.light,playwright-components-infra,cancelled,Run TestCafe tests,https://github.com/DevExpress/DevExtreme/actions/runs/35721176625/job/106728192225
"22.09.26, 11:36:58",106728192297,35721176625,1,Demos Visual Tests,vue(1/5)-screenshots-fluent.blue.light,playwright-components-infra,cancelled,,https://github.com/DevExpress/DevExtreme/actions/runs/35721176625/job/106728192297
"22.09.26, 11:36:58",106728192304,35721176625,1,Demos Visual Tests,vue(5/5)-screenshots-fluent.blue.light,playwright-components-infra,cancelled,,https://github.com/DevExpress/DevExtreme/actions/runs/35721176625/job/106728192304
"22.09.26, 11:36:58",106728192326,35721176625,1,Demos Visual Tests,react(2/3)-screenshots-fluent.blue.light,playwright-components-infra,cancelled,Run TestCafe tests,https://github.com/DevExpress/DevExtreme/actions/runs/35721176625/job/106728192326
"22.09.26, 11:41:47",106729631888,35721176625,1,Demos Visual Tests,CSP Violations Summary,playwright-components-infra,cancelled,,https://github.com/DevExpress/DevExtreme/actions/runs/35721176625/job/106729631888
"22.09.26, 11:42:17",106729781581,35721176625,1,Demos Visual Tests,merge-artifacts,playwright-components-infra,cancelled,,https://github.com/DevExpress/DevExtreme/actions/runs/35721176625/job/106729781581
"22.09.26, 10:58:30",106716798739,35718068140,1,Demos Visual Tests,Check TS and lint code base,playwright-components-infra,cancelled,Demos - Check Vue TS,https://github.com/DevExpress/DevExtreme/actions/runs/35718068140/job/106716798739
"22.09.26, 10:58:30",106716798770,35718068140,1,Demos Visual Tests,CSP check (jQuery),playwright-components-infra,cancelled,,https://github.com/DevExpress/DevExtreme/actions/runs/35718068140/job/106716798770
"22.09.26, 10:58:30",106716798777,35718068140,1,Demos Visual Tests,Check generated demos,playwright-components-infra,cancelled,Restore pnpm cache,https://github.com/DevExpress/DevExtreme/actions/runs/35718068140/job/106716798777
"22.09.26, 10:58:30",106716798820,35718068140,1,Demos Visual Tests,"Build vendor bundles (React, Vue)",playwright-components-infra,cancelled,,https://github.com/DevExpress/DevExtreme/actions/runs/35718068140/job/106716798820
"22.09.26, 10:58:30",106716798966,35718068140,1,Demos Visual Tests,jquery(1/3)-screenshots-material.blue.light,playwright-components-infra,cancelled,,https://github.com/DevExpress/DevExtreme/actions/runs/35718068140/job/106716798966
"22.09.26, 10:58:30",106716799009,35718068140,1,Demos Visual Tests,jquery(2/3)-screenshots-material.blue.light,playwright-components-infra,cancelled,,https://github.com/DevExpress/DevExtreme/actions/runs/35718068140/job/106716799009
"22.09.26, 10:58:30",106716799013,35718068140,1,Demos Visual Tests,jquery-accessibility-fluent.blue.light,playwright-components-infra,cancelled,,https://github.com/DevExpress/DevExtreme/actions/runs/35718068140/job/106716799013
"22.09.26, 10:58:30",106716799022,35718068140,1,Demos Visual Tests,jquery(2/3)-screenshots-fluent.blue.light,playwright-components-infra,cancelled,,https://github.com/DevExpress/DevExtreme/actions/runs/35718068140/job/106716799022
"22.09.26, 10:58:30",106716799036,35718068140,1,Demos Visual Tests,CSP check (React 1/2),playwright-components-infra,cancelled,,https://github.com/DevExpress/DevExtreme/actions/runs/35718068140/job/106716799036
"22.09.26, 10:58:30",106716799051,35718068140,1,Demos Visual Tests,jquery(3/3)-screenshots-fluent.blue.light,playwright-components-infra,cancelled,,https://github.com/DevExpress/DevExtreme/actions/runs/35718068140/job/106716799051
"22.09.26, 10:58:30",106716799053,35718068140,1,Demos Visual Tests,jquery-accessibility-material.blue.light,playwright-components-infra,cancelled,,https://github.com/DevExpress/DevExtreme/actions/runs/35718068140/job/106716799053
"22.09.26, 10:58:30",106716799057,35718068140,1,Demos Visual Tests,CSP check (Vue 2/2),playwright-components-infra,cancelled,,https://github.com/DevExpress/DevExtreme/actions/runs/35718068140/job/106716799057
"22.09.26, 10:58:30",106716799085,35718068140,1,Demos Visual Tests,CSP check (Angular 2/3),playwright-components-infra,cancelled,,https://github.com/DevExpress/DevExtreme/actions/runs/35718068140/job/106716799085
"22.09.26, 10:58:30",106716799101,35718068140,1,Demos Visual Tests,jquery(1/3)-screenshots-fluent.blue.light,playwright-components-infra,cancelled,,https://github.com/DevExpress/DevExtreme/actions/runs/35718068140/job/106716799101
"22.09.26, 10:58:30",106716799105,35718068140,1,Demos Visual Tests,CSP check (Angular 1/3),playwright-components-infra,cancelled,,https://github.com/DevExpress/DevExtreme/actions/runs/35718068140/job/106716799105
"22.09.26, 10:58:30",106716799112,35718068140,1,Demos Visual Tests,jquery-accessibility-material.blue.dark,playwright-components-infra,cancelled,,https://github.com/DevExpress/DevExtreme/actions/runs/35718068140/job/106716799112
"22.09.26, 10:58:30",106716799113,35718068140,1,Demos Visual Tests,CSP check (Angular 3/3),playwright-components-infra,cancelled,,https://github.com/DevExpress/DevExtreme/actions/runs/35718068140/job/106716799113
"22.09.26, 10:58:30",106716799117,35718068140,1,Demos Visual Tests,jquery-accessibility-fluent.blue.dark,playwright-components-infra,cancelled,,https://github.com/DevExpress/DevExtreme/actions/runs/35718068140/job/106716799117
"22.09.26, 10:58:30",106716799134,35718068140,1,Demos Visual Tests,jquery(3/3)-screenshots-material.blue.light,playwright-components-infra,cancelled,,https://github.com/DevExpress/DevExtreme/actions/runs/35718068140/job/106716799134
"22.09.26, 10:58:30",106716799171,35718068140,1,Demos Visual Tests,CSP check (React 2/2),playwright-components-infra,cancelled,,https://github.com/DevExpress/DevExtreme/actions/runs/35718068140/job/106716799171
"22.09.26, 10:58:30",106716799175,35718068140,1,Demos Visual Tests,CSP check (Vue 1/2),playwright-components-infra,cancelled,,https://github.com/DevExpress/DevExtreme/actions/runs/35718068140/job/106716799175
"22.09.26, 10:59:06",106716964896,35718068140,1,Demos Visual Tests,${{ matrix.CONSTEL }}-screenshots-${{ matrix.THEME }},playwright-components-infra,cancelled,,https://github.com/DevExpress/DevExtreme/actions/runs/35718068140/job/106716964896
"22.09.26, 10:59:06",106716965099,35718068140,1,Demos Visual Tests,CSP Violations Summary,playwright-components-infra,cancelled,,https://github.com/DevExpress/DevExtreme/actions/runs/35718068140/job/106716965099
"22.09.26, 10:59:06",106716965207,35718068140,1,Demos Visual Tests,"matrix.SHARD_TOTAL == 1 && format('Build demos ({0})', matrix.FRAMEWORK) || format('Build demos ({0} {1}/{2})', matrix.FRAMEWORK, matrix.SHARD_INDEX, matrix.SHARD_TOTAL)",playwright-components-infra,cancelled,,https://github.com/DevExpress/DevExtreme/actions/runs/35718068140/job/106716965207
"22.09.26, 10:59:06",106716965790,35718068140,1,Demos Visual Tests,merge-artifacts,playwright-components-infra,cancelled,,https://github.com/DevExpress/DevExtreme/actions/runs/35718068140/job/106716965790
"22.09.26, 11:03:27",106718260864,35717748190,1,Demos Visual Tests,react(1/3)-screenshots-fluent.blue.light,scheduler-dst-fallback-simple,cancelled,,https://github.com/DevExpress/DevExtreme/actions/runs/35717748190/job/106718260864
"22.09.26, 11:03:27",106718260903,35717748190,1,Demos Visual Tests,react(2/3)-screenshots-fluent.blue.light,scheduler-dst-fallback-simple,cancelled,Run TestCafe tests,https://github.com/DevExpress/DevExtreme/actions/runs/35717748190/job/106718260903
"22.09.26, 11:14:14",106721439964,35717748190,1,Demos Visual Tests,merge-artifacts,scheduler-dst-fallback-simple,cancelled,,https://github.com/DevExpress/DevExtreme/actions/runs/35717748190/job/106721439964
"22.09.26, 11:01:02",106717550550,35717450306,1,Demos Visual Tests,angular(2/10)-screenshots-fluent.blue.light,core-utils-improve-typing_26_2/ajax,failure,,https://github.com/DevExpress/DevExtreme/actions/runs/35717450306/job/106717550550
"22.09.26, 09:53:12",106697509707,35711777046,1,Demos Visual Tests,CSP check (jQuery),issue-5131_v2,cancelled,,https://github.com/DevExpress/DevExtreme/actions/runs/35711777046/job/106697509707
"22.09.26, 09:53:12",106697510179,35711777046,1,Demos Visual Tests,CSP check (React 2/2),issue-5131_v2,cancelled,,https://github.com/DevExpress/DevExtreme/actions/runs/35711777046/job/106697510179
"22.09.26, 10:01:30",106700003698,35711777046,1,Demos Visual Tests,vue(2/5)-screenshots-fluent.blue.light,issue-5131_v2,cancelled,Run TestCafe tests,https://github.com/DevExpress/DevExtreme/actions/runs/35711777046/job/106700003698
"22.09.26, 10:01:30",106700003716,35711777046,1,Demos Visual Tests,angular(4/10)-screenshots-fluent.blue.light,issue-5131_v2,cancelled,Run TestCafe tests,https://github.com/DevExpress/DevExtreme/actions/runs/35711777046/job/106700003716
"22.09.26, 10:01:30",106700003721,35711777046,1,Demos Visual Tests,angular(2/10)-screenshots-fluent.blue.light,issue-5131_v2,cancelled,Run TestCafe tests,https://github.com/DevExpress/DevExtreme/actions/runs/35711777046/job/106700003721
"22.09.26, 10:01:30",106700003755,35711777046,1,Demos Visual Tests,angular(1/10)-screenshots-fluent.blue.light,issue-5131_v2,cancelled,Run TestCafe tests,https://github.com/DevExpress/DevExtreme/actions/runs/35711777046/job/106700003755
"22.09.26, 10:01:30",106700003759,35711777046,1,Demos Visual Tests,vue(4/5)-screenshots-fluent.blue.light,issue-5131_v2,cancelled,Run TestCafe tests,https://github.com/DevExpress/DevExtreme/actions/runs/35711777046/job/106700003759
"22.09.26, 10:01:30",106700003769,35711777046,1,Demos Visual Tests,react(2/3)-screenshots-fluent.blue.light,issue-5131_v2,cancelled,Run TestCafe tests,https://github.com/DevExpress/DevExtreme/actions/runs/35711777046/job/106700003769
"22.09.26, 10:01:30",106700003772,35711777046,1,Demos Visual Tests,angular(7/10)-screenshots-fluent.blue.light,issue-5131_v2,cancelled,Run TestCafe tests,https://github.com/DevExpress/DevExtreme/actions/runs/35711777046/job/106700003772
"22.09.26, 10:01:30",106700003777,35711777046,1,Demos Visual Tests,angular(8/10)-screenshots-fluent.blue.light,issue-5131_v2,cancelled,Run TestCafe tests,https://github.com/DevExpress/DevExtreme/actions/runs/35711777046/job/106700003777
"22.09.26, 10:01:30",106700003778,35711777046,1,Demos Visual Tests,vue(5/5)-screenshots-fluent.blue.light,issue-5131_v2,cancelled,Run TestCafe tests,https://github.com/DevExpress/DevExtreme/actions/runs/35711777046/job/106700003778
"22.09.26, 10:01:30",106700003785,35711777046,1,Demos Visual Tests,react(3/3)-screenshots-fluent.blue.light,issue-5131_v2,cancelled,Install dependencies,https://github.com/DevExpress/DevExtreme/actions/runs/35711777046/job/106700003785
"22.09.26, 10:01:30",106700003791,35711777046,1,Demos Visual Tests,react(1/3)-screenshots-fluent.blue.light,issue-5131_v2,cancelled,Run TestCafe tests,https://github.com/DevExpress/DevExtreme/actions/runs/35711777046/job/106700003791
"22.09.26, 10:01:30",106700003797,35711777046,1,Demos Visual Tests,vue(1/5)-screenshots-fluent.blue.light,issue-5131_v2,cancelled,Run TestCafe tests,https://github.com/DevExpress/DevExtreme/actions/runs/35711777046/job/106700003797
"22.09.26, 10:01:30",106700003820,35711777046,1,Demos Visual Tests,angular(6/10)-screenshots-fluent.blue.light,issue-5131_v2,cancelled,Run TestCafe tests,https://github.com/DevExpress/DevExtreme/actions/runs/35711777046/job/106700003820
"22.09.26, 10:01:30",106700003829,35711777046,1,Demos Visual Tests,angular(3/10)-screenshots-fluent.blue.light,issue-5131_v2,cancelled,Install dependencies,https://github.com/DevExpress/DevExtreme/actions/runs/35711777046/job/106700003829
"22.09.26, 10:01:30",106700003838,35711777046,1,Demos Visual Tests,angular(5/10)-screenshots-fluent.blue.light,issue-5131_v2,cancelled,Run TestCafe tests,https://github.com/DevExpress/DevExtreme/actions/runs/35711777046/job/106700003838
"22.09.26, 10:01:30",106700003839,35711777046,1,Demos Visual Tests,angular(9/10)-screenshots-fluent.blue.light,issue-5131_v2,cancelled,Run TestCafe tests,https://github.com/DevExpress/DevExtreme/actions/runs/35711777046/job/106700003839
"22.09.26, 10:01:30",106700003853,35711777046,1,Demos Visual Tests,vue(3/5)-screenshots-fluent.blue.light,issue-5131_v2,cancelled,Run TestCafe tests,https://github.com/DevExpress/DevExtreme/actions/runs/35711777046/job/106700003853
"22.09.26, 10:01:30",106700003858,35711777046,1,Demos Visual Tests,angular(10/10)-screenshots-fluent.blue.light,issue-5131_v2,cancelled,Run TestCafe tests,https://github.com/DevExpress/DevExtreme/actions/runs/35711777046/job/106700003858
"22.09.26, 10:07:17",106701777179,35711777046,1,Demos Visual Tests,merge-artifacts,issue-5131_v2,cancelled,,https://github.com/DevExpress/DevExtreme/actions/runs/35711777046/job/106701777179
"22.09.26, 10:11:11",106702950778,35711777046,1,Demos Visual Tests,CSP Violations Summary,issue-5131_v2,cancelled,,https://github.com/DevExpress/DevExtreme/actions/runs/35711777046/job/106702950778
"22.09.26, 09:57:53",106698902921,35711056038,1,Demos Visual Tests,angular(8/10)-screenshots-fluent.blue.light,T1329677,failure,,https://github.com/DevExpress/DevExtreme/actions/runs/35711056038/job/106698902921
"22.09.26, 09:48:32",106696096430,35710966349,1,Demos Visual Tests,angular(1/10)-screenshots-fluent.blue.light,26_1,cancelled,Run TestCafe tests,https://github.com/DevExpress/DevExtreme/actions/runs/35710966349/job/106696096430
"22.09.26, 09:48:32",106696096435,35710966349,1,Demos Visual Tests,angular(3/10)-screenshots-fluent.blue.light,26_1,failure,Run TestCafe tests,https://github.com/DevExpress/DevExtreme/actions/runs/35710966349/job/106696096435
"22.09.26, 09:34:05",106691669625,35710278549,1,Demos Visual Tests,Check generated demos,issue-5131_v2,cancelled,Check generated JS demos,https://github.com/DevExpress/DevExtreme/actions/runs/35710278549/job/106691669625
"22.09.26, 09:34:05",106691669959,35710278549,1,Demos Visual Tests,CSP check (jQuery),issue-5131_v2,cancelled,Run CSP Check,https://github.com/DevExpress/DevExtreme/actions/runs/35710278549/job/106691669959
"22.09.26, 09:34:05",106691669986,35710278549,1,Demos Visual Tests,CSP check (React 2/2),issue-5131_v2,cancelled,Run CSP Check,https://github.com/DevExpress/DevExtreme/actions/runs/35710278549/job/106691669986
"22.09.26, 09:34:05",106691670041,35710278549,1,Demos Visual Tests,CSP check (Angular 2/3),issue-5131_v2,cancelled,Run CSP Check,https://github.com/DevExpress/DevExtreme/actions/runs/35710278549/job/106691670041
"22.09.26, 09:34:05",106691670063,35710278549,1,Demos Visual Tests,CSP check (Vue 1/2),issue-5131_v2,cancelled,Run CSP Check,https://github.com/DevExpress/DevExtreme/actions/runs/35710278549/job/106691670063
"22.09.26, 09:34:05",106691670076,35710278549,1,Demos Visual Tests,CSP check (Angular 1/3),issue-5131_v2,cancelled,Run CSP Check,https://github.com/DevExpress/DevExtreme/actions/runs/35710278549/job/106691670076
"22.09.26, 09:34:05",106691670098,35710278549,1,Demos Visual Tests,CSP check (Angular 3/3),issue-5131_v2,cancelled,Run CSP Check,https://github.com/DevExpress/DevExtreme/actions/runs/35710278549/job/106691670098
"22.09.26, 09:34:05",106691670103,35710278549,1,Demos Visual Tests,CSP check (React 1/2),issue-5131_v2,cancelled,Run CSP Check,https://github.com/DevExpress/DevExtreme/actions/runs/35710278549/job/106691670103
"22.09.26, 09:34:05",106691670107,35710278549,1,Demos Visual Tests,CSP check (Vue 2/2),issue-5131_v2,cancelled,Run CSP Check,https://github.com/DevExpress/DevExtreme/actions/runs/35710278549/job/106691670107
"22.09.26, 09:34:05",106691670444,35710278549,1,Demos Visual Tests,jquery(2/3)-screenshots-fluent.blue.light,issue-5131_v2,cancelled,Run TestCafe tests (jQuery),https://github.com/DevExpress/DevExtreme/actions/runs/35710278549/job/106691670444
"22.09.26, 09:34:05",106691670472,35710278549,1,Demos Visual Tests,jquery(2/3)-screenshots-material.blue.light,issue-5131_v2,cancelled,Run TestCafe tests (jQuery),https://github.com/DevExpress/DevExtreme/actions/runs/35710278549/job/106691670472
"22.09.26, 09:36:44",106692491466,35710278549,1,Demos Visual Tests,Build demos (Angular 3/3),issue-5131_v2,cancelled,,https://github.com/DevExpress/DevExtreme/actions/runs/35710278549/job/106692491466
"22.09.26, 09:41:13",106693869252,35710278549,1,Demos Visual Tests,${{ matrix.CONSTEL }}-screenshots-${{ matrix.THEME }},issue-5131_v2,cancelled,,https://github.com/DevExpress/DevExtreme/actions/runs/35710278549/job/106693869252
"22.09.26, 09:41:49",106694053737,35710278549,1,Demos Visual Tests,merge-artifacts,issue-5131_v2,cancelled,,https://github.com/DevExpress/DevExtreme/actions/runs/35710278549/job/106694053737
"22.09.26, 09:46:13",106695379097,35710278549,1,Demos Visual Tests,CSP Violations Summary,issue-5131_v2,cancelled,,https://github.com/DevExpress/DevExtreme/actions/runs/35710278549/job/106695379097
"22.09.26, 09:33:55",106691613210,35710098187,1,Demos Visual Tests,jquery(1/3)-screenshots-material.blue.light,chore/chrome_153_update,failure,Run TestCafe tests (jQuery),https://github.com/DevExpress/DevExtreme/actions/runs/35710098187/job/106691613210
"22.09.26, 09:33:55",106691613212,35710098187,1,Demos Visual Tests,jquery(2/3)-screenshots-material.blue.light,chore/chrome_153_update,failure,Run TestCafe tests (jQuery),https://github.com/DevExpress/DevExtreme/actions/runs/35710098187/job/106691613212
"22.09.26, 09:33:55",106691613237,35710098187,1,Demos Visual Tests,jquery(2/3)-screenshots-fluent.blue.light,chore/chrome_153_update,failure,Run TestCafe tests (jQuery),https://github.com/DevExpress/DevExtreme/actions/runs/35710098187/job/106691613237
"22.09.26, 09:33:55",106691613337,35710098187,1,Demos Visual Tests,jquery(1/3)-screenshots-fluent.blue.light,chore/chrome_153_update,failure,Run TestCafe tests (jQuery),https://github.com/DevExpress/DevExtreme/actions/runs/35710098187/job/106691613337
"22.09.26, 09:39:58",106693477164,35710098187,1,Demos Visual Tests,react(1/3)-screenshots-fluent.blue.light,chore/chrome_153_update,failure,Run TestCafe tests,https://github.com/DevExpress/DevExtreme/actions/runs/35710098187/job/106693477164
"22.09.26, 09:39:58",106693477208,35710098187,1,Demos Visual Tests,vue(1/5)-screenshots-fluent.blue.light,chore/chrome_153_update,failure,Run TestCafe tests,https://github.com/DevExpress/DevExtreme/actions/runs/35710098187/job/106693477208
"22.09.26, 09:39:58",106693477230,35710098187,1,Demos Visual Tests,react(2/3)-screenshots-fluent.blue.light,chore/chrome_153_update,failure,Run TestCafe tests,https://github.com/DevExpress/DevExtreme/actions/runs/35710098187/job/106693477230
"22.09.26, 09:39:58",106693477234,35710098187,1,Demos Visual Tests,vue(3/5)-screenshots-fluent.blue.light,chore/chrome_153_update,failure,Run TestCafe tests,https://github.com/DevExpress/DevExtreme/actions/runs/35710098187/job/106693477234
"22.09.26, 09:39:58",106693477251,35710098187,1,Demos Visual Tests,vue(5/5)-screenshots-fluent.blue.light,chore/chrome_153_update,failure,Run TestCafe tests,https://github.com/DevExpress/DevExtreme/actions/runs/35710098187/job/106693477251
"22.09.26, 09:39:58",106693477279,35710098187,1,Demos Visual Tests,angular(10/10)-screenshots-fluent.blue.light,chore/chrome_153_update,failure,Run TestCafe tests,https://github.com/DevExpress/DevExtreme/actions/runs/35710098187/job/106693477279
"22.09.26, 09:39:58",106693477304,35710098187,1,Demos Visual Tests,vue(2/5)-screenshots-fluent.blue.light,chore/chrome_153_update,failure,Run TestCafe tests,https://github.com/DevExpress/DevExtreme/actions/runs/35710098187/job/106693477304
"22.09.26, 09:39:58",106693477315,35710098187,1,Demos Visual Tests,angular(3/10)-screenshots-fluent.blue.light,chore/chrome_153_update,failure,Run TestCafe tests,https://github.com/DevExpress/DevExtreme/actions/runs/35710098187/job/106693477315
"22.09.26, 09:39:58",106693477378,35710098187,1,Demos Visual Tests,angular(9/10)-screenshots-fluent.blue.light,chore/chrome_153_update,failure,Run TestCafe tests,https://github.com/DevExpress/DevExtreme/actions/runs/35710098187/job/106693477378
"22.09.26, 09:39:58",106693477495,35710098187,1,Demos Visual Tests,angular(6/10)-screenshots-fluent.blue.light,chore/chrome_153_update,failure,Run TestCafe tests,https://github.com/DevExpress/DevExtreme/actions/runs/35710098187/job/106693477495
"22.09.26, 11:43:44",106730215286,35710098187,2,Demos Visual Tests,jquery(1/3)-screenshots-fluent.blue.light,chore/chrome_153_update,failure,Run TestCafe tests (jQuery),https://github.com/DevExpress/DevExtreme/actions/runs/35710098187/job/106730215286
"22.09.26, 11:43:44",106730215305,35710098187,2,Demos Visual Tests,jquery(2/3)-screenshots-fluent.blue.light,chore/chrome_153_update,failure,Run TestCafe tests (jQuery),https://github.com/DevExpress/DevExtreme/actions/runs/35710098187/job/106730215305
"22.09.26, 11:43:44",106730215308,35710098187,2,Demos Visual Tests,jquery(1/3)-screenshots-material.blue.light,chore/chrome_153_update,failure,Run TestCafe tests (jQuery),https://github.com/DevExpress/DevExtreme/actions/runs/35710098187/job/106730215308
"22.09.26, 11:43:44",106730215407,35710098187,2,Demos Visual Tests,jquery(2/3)-screenshots-material.blue.light,chore/chrome_153_update,failure,Run TestCafe tests (jQuery),https://github.com/DevExpress/DevExtreme/actions/runs/35710098187/job/106730215407
"22.09.26, 11:43:45",106730219462,35710098187,2,Demos Visual Tests,vue(2/5)-screenshots-fluent.blue.light,chore/chrome_153_update,failure,Run TestCafe tests,https://github.com/DevExpress/DevExtreme/actions/runs/35710098187/job/106730219462
"22.09.26, 11:43:45",106730219468,35710098187,2,Demos Visual Tests,vue(3/5)-screenshots-fluent.blue.light,chore/chrome_153_update,failure,Run TestCafe tests,https://github.com/DevExpress/DevExtreme/actions/runs/35710098187/job/106730219468
"22.09.26, 11:43:45",106730219498,35710098187,2,Demos Visual Tests,angular(6/10)-screenshots-fluent.blue.light,chore/chrome_153_update,failure,Run TestCafe tests,https://github.com/DevExpress/DevExtreme/actions/runs/35710098187/job/106730219498
"22.09.26, 11:43:45",106730219504,35710098187,2,Demos Visual Tests,vue(1/5)-screenshots-fluent.blue.light,chore/chrome_153_update,failure,Run TestCafe tests,https://github.com/DevExpress/DevExtreme/actions/runs/35710098187/job/106730219504
"22.09.26, 11:43:45",106730219519,35710098187,2,Demos Visual Tests,angular(3/10)-screenshots-fluent.blue.light,chore/chrome_153_update,failure,Run TestCafe tests,https://github.com/DevExpress/DevExtreme/actions/runs/35710098187/job/106730219519
"22.09.26, 11:43:45",106730219520,35710098187,2,Demos Visual Tests,react(2/3)-screenshots-fluent.blue.light,chore/chrome_153_update,failure,Run TestCafe tests,https://github.com/DevExpress/DevExtreme/actions/runs/35710098187/job/106730219520
"22.09.26, 11:43:45",106730219522,35710098187,2,Demos Visual Tests,angular(9/10)-screenshots-fluent.blue.light,chore/chrome_153_update,failure,Run TestCafe tests,https://github.com/DevExpress/DevExtreme/actions/runs/35710098187/job/106730219522
"22.09.26, 11:43:45",106730219547,35710098187,2,Demos Visual Tests,react(1/3)-screenshots-fluent.blue.light,chore/chrome_153_update,failure,Run TestCafe tests,https://github.com/DevExpress/DevExtreme/actions/runs/35710098187/job/106730219547
"22.09.26, 11:43:45",106730219552,35710098187,2,Demos Visual Tests,angular(10/10)-screenshots-fluent.blue.light,chore/chrome_153_update,failure,Run TestCafe tests,https://github.com/DevExpress/DevExtreme/actions/runs/35710098187/job/106730219552
"22.09.26, 11:43:45",106730219701,35710098187,2,Demos Visual Tests,vue(5/5)-screenshots-fluent.blue.light,chore/chrome_153_update,failure,Run TestCafe tests,https://github.com/DevExpress/DevExtreme/actions/runs/35710098187/job/106730219701
"22.09.26, 09:28:22",106689888787,35709950545,1,Demos Visual Tests,jquery-accessibility-material.blue.light,26_2_osm-provider-for-dxmap/marker-tooltips,failure,,https://github.com/DevExpress/DevExtreme/actions/runs/35709950545/job/106689888787
"22.09.26, 09:28:22",106689888830,35709950545,1,Demos Visual Tests,jquery(3/3)-screenshots-material.blue.light,26_2_osm-provider-for-dxmap/marker-tooltips,failure,,https://github.com/DevExpress/DevExtreme/actions/runs/35709950545/job/106689888830
"22.09.26, 09:15:40",106685926244,35708637006,1,Demos Visual Tests,CSP check (jQuery),issue-5131_v2,cancelled,Run CSP Check,https://github.com/DevExpress/DevExtreme/actions/runs/35708637006/job/106685926244
"22.09.26, 09:19:07",106686988792,35708637006,1,Demos Visual Tests,react(1/3)-screenshots-fluent.blue.light,issue-5131_v2,cancelled,,https://github.com/DevExpress/DevExtreme/actions/runs/35708637006/job/106686988792
"22.09.26, 09:19:07",106686988908,35708637006,1,Demos Visual Tests,react(2/3)-screenshots-fluent.blue.light,issue-5131_v2,cancelled,,https://github.com/DevExpress/DevExtreme/actions/runs/35708637006/job/106686988908
"22.09.26, 09:25:41",106689057336,35708637006,1,Demos Visual Tests,merge-artifacts,issue-5131_v2,cancelled,,https://github.com/DevExpress/DevExtreme/actions/runs/35708637006/job/106689057336
"22.09.26, 09:25:58",106689147523,35708637006,1,Demos Visual Tests,CSP Violations Summary,issue-5131_v2,cancelled,,https://github.com/DevExpress/DevExtreme/actions/runs/35708637006/job/106689147523
"22.09.26, 09:01:31",106681562913,35707996516,1,Demos Visual Tests,Build DevExtreme,issue-5131_v2,cancelled,,https://github.com/DevExpress/DevExtreme/actions/runs/35707996516/job/106681562913
"22.09.26, 09:08:21",106683685958,35707996516,1,Demos Visual Tests,"Build vendor bundles (React, Vue)",issue-5131_v2,cancelled,,https://github.com/DevExpress/DevExtreme/actions/runs/35707996516/job/106683685958
"22.09.26, 09:08:21",106683685971,35707996516,1,Demos Visual Tests,${{ matrix.CONSTEL }}-${{ matrix.STRATEGY }}-${{ matrix.THEME }},issue-5131_v2,cancelled,,https://github.com/DevExpress/DevExtreme/actions/runs/35707996516/job/106683685971
"22.09.26, 09:08:21",106683686021,35707996516,1,Demos Visual Tests,Check generated demos,issue-5131_v2,cancelled,,https://github.com/DevExpress/DevExtreme/actions/runs/35707996516/job/106683686021
"22.09.26, 09:08:21",106683686091,35707996516,1,Demos Visual Tests,Check TS and lint code base,issue-5131_v2,cancelled,,https://github.com/DevExpress/DevExtreme/actions/runs/35707996516/job/106683686091
"22.09.26, 09:08:21",106683686218,35707996516,1,Demos Visual Tests,"matrix.SHARD_TOTAL == 1 && format('CSP check ({0})', matrix.FRAMEWORK) || format('CSP check ({0} {1}/{2})', matrix.FRAMEWORK, matrix.SHARD_INDEX, matrix.SHARD_TOTAL)",issue-5131_v2,cancelled,,https://github.com/DevExpress/DevExtreme/actions/runs/35707996516/job/106683686218
"22.09.26, 09:08:21",106683686443,35707996516,1,Demos Visual Tests,CSP check (jQuery),issue-5131_v2,cancelled,,https://github.com/DevExpress/DevExtreme/actions/runs/35707996516/job/106683686443
"22.09.26, 09:08:21",106683687115,35707996516,1,Demos Visual Tests,"matrix.SHARD_TOTAL == 1 && format('Build demos ({0})', matrix.FRAMEWORK) || format('Build demos ({0} {1}/{2})', matrix.FRAMEWORK, matrix.SHARD_INDEX, matrix.SHARD_TOTAL)",issue-5131_v2,cancelled,,https://github.com/DevExpress/DevExtreme/actions/runs/35707996516/job/106683687115
"22.09.26, 09:08:21",106683687345,35707996516,1,Demos Visual Tests,CSP Violations Summary,issue-5131_v2,cancelled,,https://github.com/DevExpress/DevExtreme/actions/runs/35707996516/job/106683687345
"22.09.26, 09:08:21",106683687782,35707996516,1,Demos Visual Tests,${{ matrix.CONSTEL }}-screenshots-${{ matrix.THEME }},issue-5131_v2,cancelled,,https://github.com/DevExpress/DevExtreme/actions/runs/35707996516/job/106683687782
"22.09.26, 09:08:21",106683688252,35707996516,1,Demos Visual Tests,merge-artifacts,issue-5131_v2,cancelled,,https://github.com/DevExpress/DevExtreme/actions/runs/35707996516/job/106683688252
"22.09.26, 08:55:53",106679862367,35706674692,1,Demos Visual Tests,jquery(2/3)-screenshots-material.blue.light,chore/chrome_153_update,failure,Run TestCafe tests (jQuery),https://github.com/DevExpress/DevExtreme/actions/runs/35706674692/job/106679862367
"22.09.26, 08:55:53",106679862399,35706674692,1,Demos Visual Tests,jquery(1/3)-screenshots-material.blue.light,chore/chrome_153_update,failure,Run TestCafe tests (jQuery),https://github.com/DevExpress/DevExtreme/actions/runs/35706674692/job/106679862399
"22.09.26, 08:55:53",106679862461,35706674692,1,Demos Visual Tests,jquery(2/3)-screenshots-fluent.blue.light,chore/chrome_153_update,failure,Run TestCafe tests (jQuery),https://github.com/DevExpress/DevExtreme/actions/runs/35706674692/job/106679862461
"22.09.26, 08:55:53",106679862478,35706674692,1,Demos Visual Tests,jquery(1/3)-screenshots-fluent.blue.light,chore/chrome_153_update,failure,Run TestCafe tests (jQuery),https://github.com/DevExpress/DevExtreme/actions/runs/35706674692/job/106679862478
"22.09.26, 08:59:15",106680855932,35706674692,1,Demos Visual Tests,vue(3/5)-screenshots-fluent.blue.light,chore/chrome_153_update,failure,Run TestCafe tests,https://github.com/DevExpress/DevExtreme/actions/runs/35706674692/job/106680855932
"22.09.26, 08:59:15",106680855971,35706674692,1,Demos Visual Tests,vue(5/5)-screenshots-fluent.blue.light,chore/chrome_153_update,failure,Run TestCafe tests,https://github.com/DevExpress/DevExtreme/actions/runs/35706674692/job/106680855971
"22.09.26, 08:59:15",106680856000,35706674692,1,Demos Visual Tests,react(2/3)-screenshots-fluent.blue.light,chore/chrome_153_update,failure,Run TestCafe tests,https://github.com/DevExpress/DevExtreme/actions/runs/35706674692/job/106680856000
"22.09.26, 08:59:15",106680856008,35706674692,1,Demos Visual Tests,angular(6/10)-screenshots-fluent.blue.light,chore/chrome_153_update,failure,Run TestCafe tests,https://github.com/DevExpress/DevExtreme/actions/runs/35706674692/job/106680856008
"22.09.26, 08:59:15",106680856019,35706674692,1,Demos Visual Tests,angular(9/10)-screenshots-fluent.blue.light,chore/chrome_153_update,failure,Run TestCafe tests,https://github.com/DevExpress/DevExtreme/actions/runs/35706674692/job/106680856019
"22.09.26, 08:59:15",106680856022,35706674692,1,Demos Visual Tests,vue(1/5)-screenshots-fluent.blue.light,chore/chrome_153_update,failure,Run TestCafe tests,https://github.com/DevExpress/DevExtreme/actions/runs/35706674692/job/106680856022
"22.09.26, 08:59:15",106680856031,35706674692,1,Demos Visual Tests,react(1/3)-screenshots-fluent.blue.light,chore/chrome_153_update,failure,Run TestCafe tests,https://github.com/DevExpress/DevExtreme/actions/runs/35706674692/job/106680856031
"22.09.26, 08:59:15",106680856071,35706674692,1,Demos Visual Tests,angular(3/10)-screenshots-fluent.blue.light,chore/chrome_153_update,failure,Run TestCafe tests,https://github.com/DevExpress/DevExtreme/actions/runs/35706674692/job/106680856071
"22.09.26, 08:59:15",106680856083,35706674692,1,Demos Visual Tests,angular(10/10)-screenshots-fluent.blue.light,chore/chrome_153_update,failure,Run TestCafe tests,https://github.com/DevExpress/DevExtreme/actions/runs/35706674692/job/106680856083
"22.09.26, 08:59:15",106680856142,35706674692,1,Demos Visual Tests,vue(2/5)-screenshots-fluent.blue.light,chore/chrome_153_update,failure,Run TestCafe tests,https://github.com/DevExpress/DevExtreme/actions/runs/35706674692/job/106680856142
"22.09.26, 08:46:01",106676905976,35705796942,1,Demos Visual Tests,Check TS and lint code base,chore/chrome_153_update,cancelled,Demos - Check Vue TS,https://github.com/DevExpress/DevExtreme/actions/runs/35705796942/job/106676905976
"22.09.26, 08:46:01",106676907238,35705796942,1,Demos Visual Tests,CSP check (React 1/2),chore/chrome_153_update,cancelled,Install dependencies,https://github.com/DevExpress/DevExtreme/actions/runs/35705796942/job/106676907238
"22.09.26, 08:46:01",106676907281,35705796942,1,Demos Visual Tests,CSP check (Angular 2/3),chore/chrome_153_update,cancelled,Install dependencies,https://github.com/DevExpress/DevExtreme/actions/runs/35705796942/job/106676907281
"22.09.26, 08:46:01",106676907309,35705796942,1,Demos Visual Tests,CSP check (React 2/2),chore/chrome_153_update,cancelled,Install dependencies,https://github.com/DevExpress/DevExtreme/actions/runs/35705796942/job/106676907309
"22.09.26, 08:46:01",106676907327,35705796942,1,Demos Visual Tests,CSP check (Angular 3/3),chore/chrome_153_update,cancelled,Install dependencies,https://github.com/DevExpress/DevExtreme/actions/runs/35705796942/job/106676907327
"22.09.26, 08:46:01",106676907342,35705796942,1,Demos Visual Tests,CSP check (Angular 1/3),chore/chrome_153_update,cancelled,Install dependencies,https://github.com/DevExpress/DevExtreme/actions/runs/35705796942/job/106676907342
"22.09.26, 08:46:01",106676907375,35705796942,1,Demos Visual Tests,CSP check (Vue 1/2),chore/chrome_153_update,cancelled,Install dependencies,https://github.com/DevExpress/DevExtreme/actions/runs/35705796942/job/106676907375
"22.09.26, 08:46:01",106676907413,35705796942,1,Demos Visual Tests,CSP check (Vue 2/2),chore/chrome_153_update,cancelled,Install dependencies,https://github.com/DevExpress/DevExtreme/actions/runs/35705796942/job/106676907413
"22.09.26, 08:46:01",106676908195,35705796942,1,Demos Visual Tests,"Build vendor bundles (React, Vue)",chore/chrome_153_update,cancelled,Install dependencies,https://github.com/DevExpress/DevExtreme/actions/runs/35705796942/job/106676908195
"22.09.26, 08:46:01",106676908296,35705796942,1,Demos Visual Tests,CSP check (jQuery),chore/chrome_153_update,cancelled,Install dependencies,https://github.com/DevExpress/DevExtreme/actions/runs/35705796942/job/106676908296
"22.09.26, 08:46:01",106676908309,35705796942,1,Demos Visual Tests,Check generated demos,chore/chrome_153_update,cancelled,Install dependencies,https://github.com/DevExpress/DevExtreme/actions/runs/35705796942/job/106676908309
"22.09.26, 08:46:01",106676908458,35705796942,1,Demos Visual Tests,jquery(3/3)-screenshots-material.blue.light,chore/chrome_153_update,cancelled,Install dependencies,https://github.com/DevExpress/DevExtreme/actions/runs/35705796942/job/106676908458
"22.09.26, 08:46:01",106676908464,35705796942,1,Demos Visual Tests,jquery(1/3)-screenshots-fluent.blue.light,chore/chrome_153_update,cancelled,Install dependencies,https://github.com/DevExpress/DevExtreme/actions/runs/35705796942/job/106676908464
"22.09.26, 08:46:01",106676908471,35705796942,1,Demos Visual Tests,jquery(2/3)-screenshots-fluent.blue.light,chore/chrome_153_update,cancelled,Install dependencies,https://github.com/DevExpress/DevExtreme/actions/runs/35705796942/job/106676908471
"22.09.26, 08:46:01",106676908480,35705796942,1,Demos Visual Tests,jquery(3/3)-screenshots-fluent.blue.light,chore/chrome_153_update,cancelled,Install dependencies,https://github.com/DevExpress/DevExtreme/actions/runs/35705796942/job/106676908480
"22.09.26, 08:46:01",106676908507,35705796942,1,Demos Visual Tests,jquery(2/3)-screenshots-material.blue.light,chore/chrome_153_update,cancelled,Restore pnpm cache,https://github.com/DevExpress/DevExtreme/actions/runs/35705796942/job/106676908507
"22.09.26, 08:46:01",106676908515,35705796942,1,Demos Visual Tests,jquery-accessibility-material.blue.light,chore/chrome_153_update,cancelled,,https://github.com/DevExpress/DevExtreme/actions/runs/35705796942/job/106676908515
"22.09.26, 08:46:01",106676908593,35705796942,1,Demos Visual Tests,jquery-accessibility-material.blue.dark,chore/chrome_153_update,cancelled,,https://github.com/DevExpress/DevExtreme/actions/runs/35705796942/job/106676908593
"22.09.26, 08:46:01",106676908596,35705796942,1,Demos Visual Tests,jquery(1/3)-screenshots-material.blue.light,chore/chrome_153_update,cancelled,,https://github.com/DevExpress/DevExtreme/actions/runs/35705796942/job/106676908596
"22.09.26, 08:46:01",106676908622,35705796942,1,Demos Visual Tests,jquery-accessibility-fluent.blue.dark,chore/chrome_153_update,cancelled,,https://github.com/DevExpress/DevExtreme/actions/runs/35705796942/job/106676908622
"22.09.26, 08:46:01",106676908630,35705796942,1,Demos Visual Tests,jquery-accessibility-fluent.blue.light,chore/chrome_153_update,cancelled,,https://github.com/DevExpress/DevExtreme/actions/runs/35705796942/job/106676908630
"22.09.26, 08:47:12",106677270643,35705796942,1,Demos Visual Tests,"matrix.SHARD_TOTAL == 1 && format('Build demos ({0})', matrix.FRAMEWORK) || format('Build demos ({0} {1}/{2})', matrix.FRAMEWORK, matrix.SHARD_INDEX, matrix.SHARD_TOTAL)",chore/chrome_153_update,cancelled,,https://github.com/DevExpress/DevExtreme/actions/runs/35705796942/job/106677270643
"22.09.26, 08:47:13",106677271817,35705796942,1,Demos Visual Tests,${{ matrix.CONSTEL }}-screenshots-${{ matrix.THEME }},chore/chrome_153_update,cancelled,,https://github.com/DevExpress/DevExtreme/actions/runs/35705796942/job/106677271817
"22.09.26, 08:47:20",106677306137,35705796942,1,Demos Visual Tests,merge-artifacts,chore/chrome_153_update,cancelled,,https://github.com/DevExpress/DevExtreme/actions/runs/35705796942/job/106677306137
"22.09.26, 08:47:20",106677307375,35705796942,1,Demos Visual Tests,CSP Violations Summary,chore/chrome_153_update,cancelled,,https://github.com/DevExpress/DevExtreme/actions/runs/35705796942/job/106677307375
"22.09.26, 08:27:48",106671453630,35704769678,1,Demos Visual Tests,Build DevExtreme,core-utils-improve-typing_26_1/version_browser,cancelled,DevExtreme - Build,https://github.com/DevExpress/DevExtreme/actions/runs/35704769678/job/106671453630
"22.09.26, 08:30:06",106672138928,35704769678,1,Demos Visual Tests,CSP check (jQuery),core-utils-improve-typing_26_1/version_browser,cancelled,,https://github.com/DevExpress/DevExtreme/actions/runs/35704769678/job/106672138928
"22.09.26, 08:30:06",106672139003,35704769678,1,Demos Visual Tests,Check generated demos,core-utils-improve-typing_26_1/version_browser,cancelled,,https://github.com/DevExpress/DevExtreme/actions/runs/35704769678/job/106672139003
"22.09.26, 08:30:06",106672139073,35704769678,1,Demos Visual Tests,${{ matrix.CONSTEL }}-${{ matrix.STRATEGY }}-${{ matrix.THEME }},core-utils-improve-typing_26_1/version_browser,cancelled,,https://github.com/DevExpress/DevExtreme/actions/runs/35704769678/job/106672139073
"22.09.26, 08:30:06",106672139175,35704769678,1,Demos Visual Tests,Check generated demos (changed only),core-utils-improve-typing_26_1/version_browser,cancelled,,https://github.com/DevExpress/DevExtreme/actions/runs/35704769678/job/106672139175
"22.09.26, 08:30:06",106672139398,35704769678,1,Demos Visual Tests,Build Demos Bundles,core-utils-improve-typing_26_1/version_browser,cancelled,,https://github.com/DevExpress/DevExtreme/actions/runs/35704769678/job/106672139398
"22.09.26, 08:30:06",106672139526,35704769678,1,Demos Visual Tests,Check TS and lint code base,core-utils-improve-typing_26_1/version_browser,cancelled,,https://github.com/DevExpress/DevExtreme/actions/runs/35704769678/job/106672139526
"22.09.26, 08:30:06",106672139536,35704769678,1,Demos Visual Tests,"matrix.SHARD_TOTAL == 1 && format('CSP check ({0})', matrix.FRAMEWORK) || format('CSP check ({0} {1}/{2})', matrix.FRAMEWORK, matrix.SHARD_INDEX, matrix.SHARD_TOTAL)",core-utils-improve-typing_26_1/version_browser,cancelled,,https://github.com/DevExpress/DevExtreme/actions/runs/35704769678/job/106672139536
"22.09.26, 08:30:06",106672139870,35704769678,1,Demos Visual Tests,${{ matrix.CONSTEL }}-screenshots-${{ matrix.THEME }},core-utils-improve-typing_26_1/version_browser,cancelled,,https://github.com/DevExpress/DevExtreme/actions/runs/35704769678/job/106672139870
"22.09.26, 08:30:06",106672140514,35704769678,1,Demos Visual Tests,${{ matrix.CONSTEL }}-screenshots-${{ matrix.THEME }},core-utils-improve-typing_26_1/version_browser,cancelled,,https://github.com/DevExpress/DevExtreme/actions/runs/35704769678/job/106672140514
"22.09.26, 08:30:06",106672140620,35704769678,1,Demos Visual Tests,CSP Violations Summary,core-utils-improve-typing_26_1/version_browser,cancelled,,https://github.com/DevExpress/DevExtreme/actions/runs/35704769678/job/106672140620
"22.09.26, 08:30:06",106672140957,35704769678,1,Demos Visual Tests,merge-artifacts,core-utils-improve-typing_26_1/version_browser,cancelled,,https://github.com/DevExpress/DevExtreme/actions/runs/35704769678/job/106672140957
"22.09.26, 07:45:24",106659400959,35701202568,1,Demos Visual Tests,Check if tests should run,cp-26-1/remove-systemjs-from-demos,cancelled,,https://github.com/DevExpress/DevExtreme/actions/runs/35701202568/job/106659400959
"22.09.26, 07:45:25",106659407908,35701202568,1,Demos Visual Tests,Get changed demos,cp-26-1/remove-systemjs-from-demos,cancelled,,https://github.com/DevExpress/DevExtreme/actions/runs/35701202568/job/106659407908
"22.09.26, 07:45:26",106659408702,35701202568,1,Demos Visual Tests,Determine scope for framework tests,cp-26-1/remove-systemjs-from-demos,cancelled,,https://github.com/DevExpress/DevExtreme/actions/runs/35701202568/job/106659408702
"22.09.26, 07:45:26",106659408818,35701202568,1,Demos Visual Tests,Build DevExtreme,cp-26-1/remove-systemjs-from-demos,cancelled,,https://github.com/DevExpress/DevExtreme/actions/runs/35701202568/job/106659408818
"22.09.26, 07:45:26",106659409222,35701202568,1,Demos Visual Tests,"matrix.SHARD_TOTAL == 1 && format('CSP check ({0})', matrix.FRAMEWORK) || format('CSP check ({0} {1}/{2})', matrix.FRAMEWORK, matrix.SHARD_INDEX, matrix.SHARD_TOTAL)",cp-26-1/remove-systemjs-from-demos,cancelled,,https://github.com/DevExpress/DevExtreme/actions/runs/35701202568/job/106659409222
"22.09.26, 07:45:26",106659409307,35701202568,1,Demos Visual Tests,Check TS and lint code base,cp-26-1/remove-systemjs-from-demos,cancelled,,https://github.com/DevExpress/DevExtreme/actions/runs/35701202568/job/106659409307
"22.09.26, 07:45:26",106659409349,35701202568,1,Demos Visual Tests,Check generated demos (changed only),cp-26-1/remove-systemjs-from-demos,cancelled,,https://github.com/DevExpress/DevExtreme/actions/runs/35701202568/job/106659409349
"22.09.26, 07:45:26",106659409377,35701202568,1,Demos Visual Tests,Check generated demos,cp-26-1/remove-systemjs-from-demos,cancelled,,https://github.com/DevExpress/DevExtreme/actions/runs/35701202568/job/106659409377
"22.09.26, 07:45:26",106659409390,35701202568,1,Demos Visual Tests,CSP check (jQuery),cp-26-1/remove-systemjs-from-demos,cancelled,,https://github.com/DevExpress/DevExtreme/actions/runs/35701202568/job/106659409390
"22.09.26, 07:45:26",106659409457,35701202568,1,Demos Visual Tests,${{ matrix.CONSTEL }}-${{ matrix.STRATEGY }}-${{ matrix.THEME }},cp-26-1/remove-systemjs-from-demos,cancelled,,https://github.com/DevExpress/DevExtreme/actions/runs/35701202568/job/106659409457
"22.09.26, 07:45:26",106659409769,35701202568,1,Demos Visual Tests,"matrix.SHARD_TOTAL == 1 && format('Build demos ({0})', matrix.FRAMEWORK) || format('Build demos ({0} {1}/{2})', matrix.FRAMEWORK, matrix.SHARD_INDEX, matrix.SHARD_TOTAL)",cp-26-1/remove-systemjs-from-demos,cancelled,,https://github.com/DevExpress/DevExtreme/actions/runs/35701202568/job/106659409769
"22.09.26, 07:45:26",106659410007,35701202568,1,Demos Visual Tests,"Build vendor bundles (React, Vue)",cp-26-1/remove-systemjs-from-demos,cancelled,,https://github.com/DevExpress/DevExtreme/actions/runs/35701202568/job/106659410007
"22.09.26, 07:45:26",106659410102,35701202568,1,Demos Visual Tests,Determine jQuery test matrix,cp-26-1/remove-systemjs-from-demos,cancelled,,https://github.com/DevExpress/DevExtreme/actions/runs/35701202568/job/106659410102
"22.09.26, 07:45:26",106659410635,35701202568,1,Demos Visual Tests,${{ matrix.CONSTEL }}-screenshots-${{ matrix.THEME }},cp-26-1/remove-systemjs-from-demos,cancelled,,https://github.com/DevExpress/DevExtreme/actions/runs/35701202568/job/106659410635
"22.09.26, 07:45:26",106659410763,35701202568,1,Demos Visual Tests,${{ matrix.CONSTEL }}-screenshots-${{ matrix.THEME }},cp-26-1/remove-systemjs-from-demos,cancelled,,https://github.com/DevExpress/DevExtreme/actions/runs/35701202568/job/106659410763
"22.09.26, 07:45:26",106659410775,35701202568,1,Demos Visual Tests,CSP Violations Summary,cp-26-1/remove-systemjs-from-demos,cancelled,,https://github.com/DevExpress/DevExtreme/actions/runs/35701202568/job/106659410775
"22.09.26, 07:45:26",106659411753,35701202568,1,Demos Visual Tests,merge-artifacts,cp-26-1/remove-systemjs-from-demos,cancelled,,https://github.com/DevExpress/DevExtreme/actions/runs/35701202568/job/106659411753
"22.09.26, 22:15:46",106960490217,35791401833,1,Wrappers Tests,build,typescript/viz/es6_pie_chart,failure,Build devextreme package,https://github.com/DevExpress/DevExtreme/actions/runs/35791401833/job/106960490217
"22.09.26, 21:31:35",106946679809,35786461451,1,Wrappers Tests,test (vue),typescript/viz/es6_base_widget,cancelled,Test vue,https://github.com/DevExpress/DevExtreme/actions/runs/35786461451/job/106946679809
"22.09.26, 21:31:35",106946679893,35786461451,1,Wrappers Tests,test (react),typescript/viz/es6_base_widget,cancelled,Test react,https://github.com/DevExpress/DevExtreme/actions/runs/35786461451/job/106946679893
"22.09.26, 21:31:35",106946679957,35786461451,1,Wrappers Tests,test (angular),typescript/viz/es6_base_widget,cancelled,Test angular,https://github.com/DevExpress/DevExtreme/actions/runs/35786461451/job/106946679957
"22.09.26, 16:54:00",106845650924,35757142973,1,Wrappers Tests,build,feature/scheduler-dst-grid/main,cancelled,,https://github.com/DevExpress/DevExtreme/actions/runs/35757142973/job/106845650924
"22.09.26, 16:58:17",106847223730,35757142973,1,Wrappers Tests,test,feature/scheduler-dst-grid/main,cancelled,,https://github.com/DevExpress/DevExtreme/actions/runs/35757142973/job/106847223730
"22.09.26, 16:45:07",106842395922,35756178171,1,Wrappers Tests,check-regenerate,feature/scheduler-dst-grid/main,cancelled,,https://github.com/DevExpress/DevExtreme/actions/runs/35756178171/job/106842395922
"22.09.26, 16:45:07",106842396290,35756178171,1,Wrappers Tests,build,feature/scheduler-dst-grid/main,cancelled,,https://github.com/DevExpress/DevExtreme/actions/runs/35756178171/job/106842396290
"22.09.26, 16:45:08",106842403663,35756178171,1,Wrappers Tests,test,feature/scheduler-dst-grid/main,cancelled,,https://github.com/DevExpress/DevExtreme/actions/runs/35756178171/job/106842403663
"22.09.26, 16:45:08",106842404720,35756178857,1,Wrappers Tests,build,feature/scheduler-dst-grid/main,failure,Build devextreme package,https://github.com/DevExpress/DevExtreme/actions/runs/35756178857/job/106842404720
"22.09.26, 16:15:49",106831434088,35752204041,1,Wrappers Tests,test (vue),feature/scheduler-dst-grid/main,cancelled,Test vue,https://github.com/DevExpress/DevExtreme/actions/runs/35752204041/job/106831434088
"22.09.26, 16:15:49",106831434130,35752204041,1,Wrappers Tests,test (angular),feature/scheduler-dst-grid/main,cancelled,Test angular,https://github.com/DevExpress/DevExtreme/actions/runs/35752204041/job/106831434130
"22.09.26, 16:15:49",106831434320,35752204041,1,Wrappers Tests,test (react),feature/scheduler-dst-grid/main,cancelled,Test react,https://github.com/DevExpress/DevExtreme/actions/runs/35752204041/job/106831434320
"22.09.26, 14:25:28",106787684165,35739547619,1,Wrappers Tests,test (angular),chore/chrome_153_update,cancelled,Post Setup nx cache,https://github.com/DevExpress/DevExtreme/actions/runs/35739547619/job/106787684165
"22.09.26, 13:22:32",106763187130,35732460304,1,Wrappers Tests,test (angular),chore/chrome_153_update,cancelled,Test angular,https://github.com/DevExpress/DevExtreme/actions/runs/35732460304/job/106763187130
"22.09.26, 12:46:31",106750357906,35729204245,1,Wrappers Tests,build,chat-grid-demo-react,cancelled,Build devextreme package,https://github.com/DevExpress/DevExtreme/actions/runs/35729204245/job/106750357906
"22.09.26, 12:53:23",106752690017,35729204245,1,Wrappers Tests,test,chat-grid-demo-react,cancelled,,https://github.com/DevExpress/DevExtreme/actions/runs/35729204245/job/106752690017
"22.09.26, 12:14:45",106739777793,35725493932,1,Wrappers Tests,test (angular),5182-coreutils---array-remove-m_-prefix-improve-typing,failure,,https://github.com/DevExpress/DevExtreme/actions/runs/35725493932/job/106739777793
"22.09.26, 12:14:45",106739775870,35725461828,1,Wrappers Tests,test (angular),core-utils-improve-typing_26_2/ajax,cancelled,Test angular,https://github.com/DevExpress/DevExtreme/actions/runs/35725461828/job/106739775870
"22.09.26, 12:14:45",106739775872,35725461828,1,Wrappers Tests,test (vue),core-utils-improve-typing_26_2/ajax,cancelled,Test vue,https://github.com/DevExpress/DevExtreme/actions/runs/35725461828/job/106739775872
"22.09.26, 12:11:57",106738892212,35725138820,1,Wrappers Tests,test (react),scheduler-dst-fallback-simple,cancelled,,https://github.com/DevExpress/DevExtreme/actions/runs/35725138820/job/106738892212
"22.09.26, 12:11:57",106738892314,35725138820,1,Wrappers Tests,test (vue),scheduler-dst-fallback-simple,cancelled,,https://github.com/DevExpress/DevExtreme/actions/runs/35725138820/job/106738892314
"22.09.26, 12:11:57",106738892414,35725138820,1,Wrappers Tests,test (angular),scheduler-dst-fallback-simple,cancelled,,https://github.com/DevExpress/DevExtreme/actions/runs/35725138820/job/106738892414
"22.09.26, 11:46:32",106731059876,35722857226,1,Wrappers Tests,test (vue),playwright-components-infra,cancelled,Test vue,https://github.com/DevExpress/DevExtreme/actions/runs/35722857226/job/106731059876
"22.09.26, 11:46:32",106731059937,35722857226,1,Wrappers Tests,test (react),playwright-components-infra,cancelled,Test react,https://github.com/DevExpress/DevExtreme/actions/runs/35722857226/job/106731059937
"22.09.26, 11:46:32",106731060051,35722857226,1,Wrappers Tests,test (angular),playwright-components-infra,cancelled,Test angular,https://github.com/DevExpress/DevExtreme/actions/runs/35722857226/job/106731060051
"22.09.26, 11:31:35",106726592415,35721934792,1,Wrappers Tests,build,T1329677,cancelled,Install dependencies,https://github.com/DevExpress/DevExtreme/actions/runs/35721934792/job/106726592415
"22.09.26, 11:31:35",106726592847,35721934792,1,Wrappers Tests,check-regenerate,T1329677,cancelled,Install dependencies,https://github.com/DevExpress/DevExtreme/actions/runs/35721934792/job/106726592847
"22.09.26, 11:32:54",106726979685,35721934792,1,Wrappers Tests,test,T1329677,cancelled,,https://github.com/DevExpress/DevExtreme/actions/runs/35721934792/job/106726979685
"22.09.26, 10:54:55",106715778131,35718068148,1,Wrappers Tests,test (vue),playwright-components-infra,cancelled,Post Setup nx cache,https://github.com/DevExpress/DevExtreme/actions/runs/35718068148/job/106715778131
"22.09.26, 10:54:55",106715778150,35718068148,1,Wrappers Tests,test (angular),playwright-components-infra,cancelled,Test angular,https://github.com/DevExpress/DevExtreme/actions/runs/35718068148/job/106715778150
"22.09.26, 10:54:55",106715778251,35718068148,1,Wrappers Tests,test (react),playwright-components-infra,cancelled,Pack react,https://github.com/DevExpress/DevExtreme/actions/runs/35718068148/job/106715778251
"22.09.26, 09:32:33",106691190569,35710966328,1,Wrappers Tests,build,26_1,cancelled,Build devextreme package,https://github.com/DevExpress/DevExtreme/actions/runs/35710966328/job/106691190569
"22.09.26, 09:36:50",106692523485,35710966328,1,Wrappers Tests,test,26_1,cancelled,,https://github.com/DevExpress/DevExtreme/actions/runs/35710966328/job/106692523485
"22.09.26, 09:05:35",106682826213,35707996502,1,Wrappers Tests,test (react),issue-5131_v2,cancelled,Test react,https://github.com/DevExpress/DevExtreme/actions/runs/35707996502/job/106682826213
"22.09.26, 09:05:35",106682826228,35707996502,1,Wrappers Tests,test (vue),issue-5131_v2,cancelled,Test vue,https://github.com/DevExpress/DevExtreme/actions/runs/35707996502/job/106682826228
"22.09.26, 09:05:35",106682826264,35707996502,1,Wrappers Tests,test (angular),issue-5131_v2,cancelled,Test angular,https://github.com/DevExpress/DevExtreme/actions/runs/35707996502/job/106682826264
"22.09.26, 08:42:41",106675912444,35705796682,1,Wrappers Tests,test (angular),chore/chrome_153_update,cancelled,Test angular,https://github.com/DevExpress/DevExtreme/actions/runs/35705796682/job/106675912444
"22.09.26, 08:42:41",106675912451,35705796682,1,Wrappers Tests,test (vue),chore/chrome_153_update,cancelled,Post Setup nx cache,https://github.com/DevExpress/DevExtreme/actions/runs/35705796682/job/106675912451
"22.09.26, 08:42:41",106675912475,35705796682,1,Wrappers Tests,test (react),chore/chrome_153_update,cancelled,,https://github.com/DevExpress/DevExtreme/actions/runs/35705796682/job/106675912475
"22.09.26, 08:26:01",106670927938,35704769543,1,Wrappers Tests,build,core-utils-improve-typing_26_1/version_browser,cancelled,Build devextreme package,https://github.com/DevExpress/DevExtreme/actions/runs/35704769543/job/106670927938
"22.09.26, 08:30:20",106672215094,35704769543,1,Wrappers Tests,test,core-utils-improve-typing_26_1/version_browser,cancelled,,https://github.com/DevExpress/DevExtreme/actions/runs/35704769543/job/106672215094
"22.09.26, 07:45:24",106659400911,35701202647,1,Wrappers Tests,build,cp-26-1/remove-systemjs-from-demos,cancelled,,https://github.com/DevExpress/DevExtreme/actions/runs/35701202647/job/106659400911
"22.09.26, 07:45:24",106659401070,35701202647,1,Wrappers Tests,check-regenerate,cp-26-1/remove-systemjs-from-demos,cancelled,,https://github.com/DevExpress/DevExtreme/actions/runs/35701202647/job/106659401070
"22.09.26, 07:45:25",106659405978,35701202647,1,Wrappers Tests,test,cp-26-1/remove-systemjs-from-demos,cancelled,,https://github.com/DevExpress/DevExtreme/actions/runs/35701202647/job/106659405978
"22.09.26, 22:15:46",106960489412,35791401746,1,Wrappers E2E Tests,Build DevExtreme and Wrappers,typescript/viz/es6_pie_chart,failure,Build all DevExtreme packages,https://github.com/DevExpress/DevExtreme/actions/runs/35791401746/job/106960489412
"22.09.26, 21:33:39",106947359188,35786461466,1,Wrappers E2E Tests,Test vue3,typescript/viz/es6_base_widget,cancelled,Install dependencies,https://github.com/DevExpress/DevExtreme/actions/runs/35786461466/job/106947359188
"22.09.26, 21:33:39",106947359200,35786461466,1,Wrappers E2E Tests,Test angular,typescript/viz/es6_base_widget,cancelled,Install dependencies,https://github.com/DevExpress/DevExtreme/actions/runs/35786461466/job/106947359200
"22.09.26, 21:33:39",106947359310,35786461466,1,Wrappers E2E Tests,Test react19,typescript/viz/es6_base_widget,cancelled,Install dependencies,https://github.com/DevExpress/DevExtreme/actions/runs/35786461466/job/106947359310
"22.09.26, 16:53:59",106845647181,35757143050,1,Wrappers E2E Tests,Build DevExtreme and Wrappers,feature/scheduler-dst-grid/main,cancelled,,https://github.com/DevExpress/DevExtreme/actions/runs/35757143050/job/106845647181
"22.09.26, 17:02:35",106848827843,35757143050,1,Wrappers E2E Tests,Test ${{ matrix.framework }},feature/scheduler-dst-grid/main,cancelled,,https://github.com/DevExpress/DevExtreme/actions/runs/35757143050/job/106848827843
"22.09.26, 16:45:07",106842397352,35756178263,1,Wrappers E2E Tests,Build DevExtreme and Wrappers,feature/scheduler-dst-grid/main,cancelled,,https://github.com/DevExpress/DevExtreme/actions/runs/35756178263/job/106842397352
"22.09.26, 16:45:08",106842406221,35756178263,1,Wrappers E2E Tests,Test ${{ matrix.framework }},feature/scheduler-dst-grid/main,cancelled,,https://github.com/DevExpress/DevExtreme/actions/runs/35756178263/job/106842406221
"22.09.26, 16:45:08",106842408199,35756178931,1,Wrappers E2E Tests,Build DevExtreme and Wrappers,feature/scheduler-dst-grid/main,failure,Build all DevExtreme packages,https://github.com/DevExpress/DevExtreme/actions/runs/35756178931/job/106842408199
"22.09.26, 16:09:20",106828934080,35752203849,1,Wrappers E2E Tests,Build DevExtreme and Wrappers,feature/scheduler-dst-grid/main,cancelled,Post Setup pnpm cache,https://github.com/DevExpress/DevExtreme/actions/runs/35752203849/job/106828934080
"22.09.26, 16:18:21",106832414573,35752203849,1,Wrappers E2E Tests,Test ${{ matrix.framework }},feature/scheduler-dst-grid/main,cancelled,,https://github.com/DevExpress/DevExtreme/actions/runs/35752203849/job/106832414573
"22.09.26, 12:46:16",106750270111,35729204333,1,Wrappers E2E Tests,Build DevExtreme and Wrappers,chat-grid-demo-react,cancelled,Build all DevExtreme packages,https://github.com/DevExpress/DevExtreme/actions/runs/35729204333/job/106750270111
"22.09.26, 12:52:57",106752541684,35729204333,1,Wrappers E2E Tests,Test ${{ matrix.framework }},chat-grid-demo-react,cancelled,,https://github.com/DevExpress/DevExtreme/actions/runs/35729204333/job/106752541684
"22.09.26, 12:17:49",106740764934,35725461977,1,Wrappers E2E Tests,Test vue3,core-utils-improve-typing_26_2/ajax,cancelled,,https://github.com/DevExpress/DevExtreme/actions/runs/35725461977/job/106740764934
"22.09.26, 12:17:49",106740765006,35725461977,1,Wrappers E2E Tests,Test react19,core-utils-improve-typing_26_2/ajax,cancelled,,https://github.com/DevExpress/DevExtreme/actions/runs/35725461977/job/106740765006
"22.09.26, 12:05:32",106736877647,35725138807,1,Wrappers E2E Tests,Build DevExtreme and Wrappers,scheduler-dst-fallback-simple,cancelled,Build wrappers apps,https://github.com/DevExpress/DevExtreme/actions/runs/35725138807/job/106736877647
"22.09.26, 12:13:42",106739443781,35725138807,1,Wrappers E2E Tests,Test ${{ matrix.framework }},scheduler-dst-fallback-simple,cancelled,,https://github.com/DevExpress/DevExtreme/actions/runs/35725138807/job/106739443781
"22.09.26, 11:41:27",106729531107,35722857300,1,Wrappers E2E Tests,Build DevExtreme and Wrappers,playwright-components-infra,cancelled,Post Setup pnpm cache,https://github.com/DevExpress/DevExtreme/actions/runs/35722857300/job/106729531107
"22.09.26, 11:49:44",106732009839,35722857300,1,Wrappers E2E Tests,Test ${{ matrix.framework }},playwright-components-infra,cancelled,,https://github.com/DevExpress/DevExtreme/actions/runs/35722857300/job/106732009839
"22.09.26, 11:31:35",106726591725,35721934763,1,Wrappers E2E Tests,Build DevExtreme and Wrappers,T1329677,cancelled,Install dependencies,https://github.com/DevExpress/DevExtreme/actions/runs/35721934763/job/106726591725
"22.09.26, 11:32:52",106726969345,35721934763,1,Wrappers E2E Tests,Test ${{ matrix.framework }},T1329677,cancelled,,https://github.com/DevExpress/DevExtreme/actions/runs/35721934763/job/106726969345
"22.09.26, 10:57:58",106716647465,35718068112,1,Wrappers E2E Tests,Test react19,playwright-components-infra,cancelled,Install dependencies,https://github.com/DevExpress/DevExtreme/actions/runs/35718068112/job/106716647465
"22.09.26, 10:57:58",106716647466,35718068112,1,Wrappers E2E Tests,Test vue3,playwright-components-infra,cancelled,Install dependencies,https://github.com/DevExpress/DevExtreme/actions/runs/35718068112/job/106716647466
"22.09.26, 10:57:58",106716647503,35718068112,1,Wrappers E2E Tests,Test angular,playwright-components-infra,cancelled,Install dependencies,https://github.com/DevExpress/DevExtreme/actions/runs/35718068112/job/106716647503
"22.09.26, 09:01:13",106681468110,35707996431,1,Wrappers E2E Tests,Build DevExtreme and Wrappers,issue-5131_v2,cancelled,Post Setup nx cache,https://github.com/DevExpress/DevExtreme/actions/runs/35707996431/job/106681468110
"22.09.26, 09:07:58",106683572105,35707996431,1,Wrappers E2E Tests,Test ${{ matrix.framework }},issue-5131_v2,cancelled,,https://github.com/DevExpress/DevExtreme/actions/runs/35707996431/job/106683572105
"22.09.26, 08:37:12",106674270101,35705796788,1,Wrappers E2E Tests,Build DevExtreme and Wrappers,chore/chrome_153_update,cancelled,,https://github.com/DevExpress/DevExtreme/actions/runs/35705796788/job/106674270101
"22.09.26, 08:46:53",106677169613,35705796788,1,Wrappers E2E Tests,Test ${{ matrix.framework }},chore/chrome_153_update,cancelled,,https://github.com/DevExpress/DevExtreme/actions/runs/35705796788/job/106677169613
"22.09.26, 08:26:01",106670928603,35704769560,1,Wrappers E2E Tests,Build DevExtreme and Wrappers,core-utils-improve-typing_26_1/version_browser,cancelled,Build all DevExtreme packages,https://github.com/DevExpress/DevExtreme/actions/runs/35704769560/job/106670928603
"22.09.26, 08:30:21",106672217418,35704769560,1,Wrappers E2E Tests,Test ${{ matrix.framework }},core-utils-improve-typing_26_1/version_browser,cancelled,,https://github.com/DevExpress/DevExtreme/actions/runs/35704769560/job/106672217418
"22.09.26, 07:45:24",106659400519,35701202502,1,Wrappers E2E Tests,Build DevExtreme and Wrappers,cp-26-1/remove-systemjs-from-demos,cancelled,,https://github.com/DevExpress/DevExtreme/actions/runs/35701202502/job/106659400519
"22.09.26, 07:45:25",106659407018,35701202502,1,Wrappers E2E Tests,Test ${{ matrix.framework }},cp-26-1/remove-systemjs-from-demos,cancelled,,https://github.com/DevExpress/DevExtreme/actions/runs/35701202502/job/106659407018
