created at,id,run id,run attempt,workflow name,name,head branch,conclusion,step,html url
"10.09.26, 15:33:21",102935848181,34496401668,1,Build and pack DevExtreme npm packages,build,td6-deps_26_2,cancelled,Build npm packages,https://github.com/DevExpress/DevExtreme/actions/runs/34496401668/job/102935848181
"10.09.26, 15:41:00",102938683584,34496401668,1,Build and pack DevExtreme npm packages,custom_bundles,td6-deps_26_2,cancelled,,https://github.com/DevExpress/DevExtreme/actions/runs/34496401668/job/102938683584
"10.09.26, 15:05:24",102925423772,34493351205,1,Build and pack DevExtreme npm packages,build,feature/26_2_new_fluent_theme_with_design_tokens_5104-fluent-next-refactor-scales-exceptions,cancelled,,https://github.com/DevExpress/DevExtreme/actions/runs/34493351205/job/102925423772
"10.09.26, 15:05:44",102925549245,34493351205,1,Build and pack DevExtreme npm packages,custom_bundles,feature/26_2_new_fluent_theme_with_design_tokens_5104-fluent-next-refactor-scales-exceptions,cancelled,,https://github.com/DevExpress/DevExtreme/actions/runs/34493351205/job/102925549245
"10.09.26, 13:28:24",102889681007,34482849809,1,Build and pack DevExtreme npm packages,build,main,cancelled,Build npm packages,https://github.com/DevExpress/DevExtreme/actions/runs/34482849809/job/102889681007
"10.09.26, 13:31:22",102890715321,34482849809,1,Build and pack DevExtreme npm packages,custom_bundles,main,cancelled,,https://github.com/DevExpress/DevExtreme/actions/runs/34482849809/job/102890715321
"10.09.26, 10:38:24",102838150136,34467047854,1,Build and pack DevExtreme npm packages,build,feature/26_2_new_fluent_theme_with_design_tokens_5104-fluent-next-refactor-scales-exceptions,cancelled,Build npm packages,https://github.com/DevExpress/DevExtreme/actions/runs/34467047854/job/102838150136
"10.09.26, 10:46:39",102840432090,34467047854,1,Build and pack DevExtreme npm packages,custom_bundles,feature/26_2_new_fluent_theme_with_design_tokens_5104-fluent-next-refactor-scales-exceptions,cancelled,,https://github.com/DevExpress/DevExtreme/actions/runs/34467047854/job/102840432090
"10.09.26, 10:37:12",102837813439,34467005862,1,Build and pack DevExtreme npm packages,build,feature/26_2_new_fluent_theme_with_design_tokens_5104-fluent-next-refactor-scales-exceptions,cancelled,Install dependencies,https://github.com/DevExpress/DevExtreme/actions/runs/34467005862/job/102837813439
"10.09.26, 10:38:24",102838148623,34467005862,1,Build and pack DevExtreme npm packages,custom_bundles,feature/26_2_new_fluent_theme_with_design_tokens_5104-fluent-next-refactor-scales-exceptions,cancelled,,https://github.com/DevExpress/DevExtreme/actions/runs/34467005862/job/102838148623
"10.09.26, 10:09:25",102829968544,34464558849,1,Build and pack DevExtreme npm packages,build,26_1,cancelled,Post Setup nx cache,https://github.com/DevExpress/DevExtreme/actions/runs/34464558849/job/102829968544
"10.09.26, 10:18:34",102832580109,34464558849,1,Build and pack DevExtreme npm packages,custom_bundles,26_1,cancelled,,https://github.com/DevExpress/DevExtreme/actions/runs/34464558849/job/102832580109
"10.09.26, 01:33:02",102711011777,34424893314,1,CodeQL,Send notifications,24_2,failure,Set up job,https://github.com/DevExpress/DevExtreme/actions/runs/34424893314/job/102711011777
"10.09.26, 01:35:54",102711593781,34424890904,1,CodeQL,Send notifications,25_1,failure,Set up job,https://github.com/DevExpress/DevExtreme/actions/runs/34424890904/job/102711593781
"10.09.26, 15:05:24",102925424175,34493351369,1,Default Workflow,main,feature/26_2_new_fluent_theme_with_design_tokens_5104-fluent-next-refactor-scales-exceptions,cancelled,,https://github.com/DevExpress/DevExtreme/actions/runs/34493351369/job/102925424175
"10.09.26, 13:28:24",102889681139,34482849945,1,Default Workflow,main,main,cancelled,Install dependencies,https://github.com/DevExpress/DevExtreme/actions/runs/34482849945/job/102889681139
"10.09.26, 13:05:06",102881640795,34480457071,1,Default Workflow,main,td6-deps_26_2,failure,Run targets,https://github.com/DevExpress/DevExtreme/actions/runs/34480457071/job/102881640795
"10.09.26, 13:16:13",102885434973,34480457071,2,Default Workflow,main,td6-deps_26_2,failure,Run targets,https://github.com/DevExpress/DevExtreme/actions/runs/34480457071/job/102885434973
"10.09.26, 10:37:12",102837812313,34467005570,1,Default Workflow,main,feature/26_2_new_fluent_theme_with_design_tokens_5104-fluent-next-refactor-scales-exceptions,cancelled,Use Node.js,https://github.com/DevExpress/DevExtreme/actions/runs/34467005570/job/102837812313
"10.09.26, 10:08:19",102829648346,34464459823,1,Default Workflow,main,update_ng21,failure,Run targets,https://github.com/DevExpress/DevExtreme/actions/runs/34464459823/job/102829648346
"10.09.26, 15:05:31",102925466860,34493351246,1,Demos unit tests,Run unit tests,feature/26_2_new_fluent_theme_with_design_tokens_5104-fluent-next-refactor-scales-exceptions,cancelled,Run unit tests,https://github.com/DevExpress/DevExtreme/actions/runs/34493351246/job/102925466860
"10.09.26, 10:37:19",102837845949,34467005656,1,Demos unit tests,Run unit tests,feature/26_2_new_fluent_theme_with_design_tokens_5104-fluent-next-refactor-scales-exceptions,cancelled,Get sources,https://github.com/DevExpress/DevExtreme/actions/runs/34467005656/job/102837845949
"10.09.26, 15:33:21",102935848648,34496401737,1,Lint,TS,td6-deps_26_2,cancelled,Post Setup pnpm cache,https://github.com/DevExpress/DevExtreme/actions/runs/34496401737/job/102935848648
"10.09.26, 15:40:51",102938632005,34496401737,1,Lint,Send notifications,td6-deps_26_2,cancelled,,https://github.com/DevExpress/DevExtreme/actions/runs/34496401737/job/102938632005
"10.09.26, 15:05:24",102925423854,34493351169,1,Lint,texts,feature/26_2_new_fluent_theme_with_design_tokens_5104-fluent-next-refactor-scales-exceptions,cancelled,,https://github.com/DevExpress/DevExtreme/actions/runs/34493351169/job/102925423854
"10.09.26, 15:05:24",102925424107,34493351169,1,Lint,wrappers,feature/26_2_new_fluent_theme_with_design_tokens_5104-fluent-next-refactor-scales-exceptions,cancelled,,https://github.com/DevExpress/DevExtreme/actions/runs/34493351169/job/102925424107
"10.09.26, 15:05:24",102925424196,34493351169,1,Lint,component_exports,feature/26_2_new_fluent_theme_with_design_tokens_5104-fluent-next-refactor-scales-exceptions,cancelled,,https://github.com/DevExpress/DevExtreme/actions/runs/34493351169/job/102925424196
"10.09.26, 15:05:24",102925424398,34493351169,1,Lint,TS,feature/26_2_new_fluent_theme_with_design_tokens_5104-fluent-next-refactor-scales-exceptions,cancelled,,https://github.com/DevExpress/DevExtreme/actions/runs/34493351169/job/102925424398
"10.09.26, 15:05:24",102925424520,34493351169,1,Lint,JS,feature/26_2_new_fluent_theme_with_design_tokens_5104-fluent-next-refactor-scales-exceptions,cancelled,,https://github.com/DevExpress/DevExtreme/actions/runs/34493351169/job/102925424520
"10.09.26, 15:05:44",102925551820,34493351169,1,Lint,Send notifications,feature/26_2_new_fluent_theme_with_design_tokens_5104-fluent-next-refactor-scales-exceptions,cancelled,,https://github.com/DevExpress/DevExtreme/actions/runs/34493351169/job/102925551820
"10.09.26, 13:28:24",102889681488,34482850002,1,Lint,JS,main,cancelled,Build,https://github.com/DevExpress/DevExtreme/actions/runs/34482850002/job/102889681488
"10.09.26, 13:28:24",102889681604,34482850002,1,Lint,wrappers,main,cancelled,Post Setup pnpm cache,https://github.com/DevExpress/DevExtreme/actions/runs/34482850002/job/102889681604
"10.09.26, 13:28:24",102889681650,34482850002,1,Lint,TS,main,cancelled,Install dependencies,https://github.com/DevExpress/DevExtreme/actions/runs/34482850002/job/102889681650
"10.09.26, 13:28:24",102889681796,34482850002,1,Lint,texts,main,cancelled,Install dependencies,https://github.com/DevExpress/DevExtreme/actions/runs/34482850002/job/102889681796
"10.09.26, 13:31:43",102890837146,34482850002,1,Lint,Send notifications,main,cancelled,,https://github.com/DevExpress/DevExtreme/actions/runs/34482850002/job/102890837146
"10.09.26, 10:37:12",102837813090,34467005651,1,Lint,TS,feature/26_2_new_fluent_theme_with_design_tokens_5104-fluent-next-refactor-scales-exceptions,cancelled,Use Node.js,https://github.com/DevExpress/DevExtreme/actions/runs/34467005651/job/102837813090
"10.09.26, 10:37:12",102837813411,34467005651,1,Lint,texts,feature/26_2_new_fluent_theme_with_design_tokens_5104-fluent-next-refactor-scales-exceptions,cancelled,Use Node.js,https://github.com/DevExpress/DevExtreme/actions/runs/34467005651/job/102837813411
"10.09.26, 10:37:12",102837813416,34467005651,1,Lint,component_exports,feature/26_2_new_fluent_theme_with_design_tokens_5104-fluent-next-refactor-scales-exceptions,cancelled,Use Node.js,https://github.com/DevExpress/DevExtreme/actions/runs/34467005651/job/102837813416
"10.09.26, 10:37:12",102837813430,34467005651,1,Lint,wrappers,feature/26_2_new_fluent_theme_with_design_tokens_5104-fluent-next-refactor-scales-exceptions,cancelled,Use Node.js,https://github.com/DevExpress/DevExtreme/actions/runs/34467005651/job/102837813430
"10.09.26, 10:37:12",102837813529,34467005651,1,Lint,JS,feature/26_2_new_fluent_theme_with_design_tokens_5104-fluent-next-refactor-scales-exceptions,cancelled,Use Node.js,https://github.com/DevExpress/DevExtreme/actions/runs/34467005651/job/102837813529
"10.09.26, 10:37:45",102837965971,34467005651,1,Lint,Send notifications,feature/26_2_new_fluent_theme_with_design_tokens_5104-fluent-next-refactor-scales-exceptions,cancelled,,https://github.com/DevExpress/DevExtreme/actions/runs/34467005651/job/102837965971
"10.09.26, 15:38:49",102937877042,34496401532,1,Playgrounds tests,angular,td6-deps_26_2,cancelled,Install dependencies,https://github.com/DevExpress/DevExtreme/actions/runs/34496401532/job/102937877042
"10.09.26, 15:38:49",102937877045,34496401532,1,Playgrounds tests,vue,td6-deps_26_2,cancelled,Install dependencies,https://github.com/DevExpress/DevExtreme/actions/runs/34496401532/job/102937877045
"10.09.26, 15:38:49",102937877283,34496401532,1,Playgrounds tests,react,td6-deps_26_2,cancelled,Install dependencies,https://github.com/DevExpress/DevExtreme/actions/runs/34496401532/job/102937877283
"10.09.26, 15:05:24",102925423843,34493351277,1,Playgrounds tests,build,feature/26_2_new_fluent_theme_with_design_tokens_5104-fluent-next-refactor-scales-exceptions,cancelled,,https://github.com/DevExpress/DevExtreme/actions/runs/34493351277/job/102925423843
"10.09.26, 15:05:44",102925554074,34493351277,1,Playgrounds tests,matrix.ARGS.platform,feature/26_2_new_fluent_theme_with_design_tokens_5104-fluent-next-refactor-scales-exceptions,cancelled,,https://github.com/DevExpress/DevExtreme/actions/runs/34493351277/job/102925554074
"10.09.26, 13:28:24",102889680362,34482849766,1,Playgrounds tests,build,main,cancelled,Build,https://github.com/DevExpress/DevExtreme/actions/runs/34482849766/job/102889680362
"10.09.26, 13:30:32",102890420655,34482849766,1,Playgrounds tests,matrix.ARGS.platform,main,cancelled,,https://github.com/DevExpress/DevExtreme/actions/runs/34482849766/job/102890420655
"10.09.26, 12:20:27",102867348491,34475621406,1,Playgrounds tests,react,update_ng21,failure,Check sources compilation,https://github.com/DevExpress/DevExtreme/actions/runs/34475621406/job/102867348491
"10.09.26, 11:13:12",102847851712,34469730820,1,Playgrounds tests,react,update_ng21,failure,Check sources compilation,https://github.com/DevExpress/DevExtreme/actions/runs/34469730820/job/102847851712
"10.09.26, 10:43:57",102839686807,34467047878,1,Playgrounds tests,angular,feature/26_2_new_fluent_theme_with_design_tokens_5104-fluent-next-refactor-scales-exceptions,cancelled,Check sources compilation,https://github.com/DevExpress/DevExtreme/actions/runs/34467047878/job/102839686807
"10.09.26, 10:43:57",102839686877,34467047878,1,Playgrounds tests,react,feature/26_2_new_fluent_theme_with_design_tokens_5104-fluent-next-refactor-scales-exceptions,cancelled,Post Setup pnpm cache,https://github.com/DevExpress/DevExtreme/actions/runs/34467047878/job/102839686877
"10.09.26, 10:43:57",102839686971,34467047878,1,Playgrounds tests,vue,feature/26_2_new_fluent_theme_with_design_tokens_5104-fluent-next-refactor-scales-exceptions,cancelled,Post Setup nx cache,https://github.com/DevExpress/DevExtreme/actions/runs/34467047878/job/102839686971
"10.09.26, 10:37:12",102837812581,34467005622,1,Playgrounds tests,build,feature/26_2_new_fluent_theme_with_design_tokens_5104-fluent-next-refactor-scales-exceptions,cancelled,Use Node.js,https://github.com/DevExpress/DevExtreme/actions/runs/34467005622/job/102837812581
"10.09.26, 10:37:44",102837961289,34467005622,1,Playgrounds tests,matrix.ARGS.platform,feature/26_2_new_fluent_theme_with_design_tokens_5104-fluent-next-refactor-scales-exceptions,cancelled,,https://github.com/DevExpress/DevExtreme/actions/runs/34467005622/job/102837961289
"10.09.26, 10:14:06",102831305076,34464459880,1,Playgrounds tests,react,update_ng21,failure,Check sources compilation,https://github.com/DevExpress/DevExtreme/actions/runs/34464459880/job/102831305076
"10.09.26, 15:38:36",102937795434,34496401717,1,QUnit tests,ui.editors-shadow-dom,td6-deps_26_2,cancelled,Run QUnit tests,https://github.com/DevExpress/DevExtreme/actions/runs/34496401717/job/102937795434
"10.09.26, 15:38:36",102937795462,34496401717,1,QUnit tests,ui.grid-shadow-dom,td6-deps_26_2,cancelled,Run QUnit tests,https://github.com/DevExpress/DevExtreme/actions/runs/34496401717/job/102937795462
"10.09.26, 15:38:36",102937795505,34496401717,1,QUnit tests,ui.widgets-shadow-dom,td6-deps_26_2,cancelled,Run QUnit tests,https://github.com/DevExpress/DevExtreme/actions/runs/34496401717/job/102937795505
"10.09.26, 15:38:37",102937795552,34496401717,1,QUnit tests,Constel misc,td6-deps_26_2,cancelled,Post Run QUnit tests,https://github.com/DevExpress/DevExtreme/actions/runs/34496401717/job/102937795552
"10.09.26, 15:38:37",102937795580,34496401717,1,QUnit tests,Constel ui.editors,td6-deps_26_2,cancelled,Run QUnit tests,https://github.com/DevExpress/DevExtreme/actions/runs/34496401717/job/102937795580
"10.09.26, 15:38:37",102937795593,34496401717,1,QUnit tests,Constel ui,td6-deps_26_2,cancelled,Run QUnit tests,https://github.com/DevExpress/DevExtreme/actions/runs/34496401717/job/102937795593
"10.09.26, 15:38:37",102937795639,34496401717,1,QUnit tests,Constel ui.scheduler,td6-deps_26_2,cancelled,Run QUnit tests,https://github.com/DevExpress/DevExtreme/actions/runs/34496401717/job/102937795639
"10.09.26, 15:38:37",102937795680,34496401717,1,QUnit tests,Constel ui.grid,td6-deps_26_2,cancelled,Run QUnit tests,https://github.com/DevExpress/DevExtreme/actions/runs/34496401717/job/102937795680
"10.09.26, 15:38:37",102937795682,34496401717,1,QUnit tests,ui-shadow-dom,td6-deps_26_2,cancelled,Run QUnit tests,https://github.com/DevExpress/DevExtreme/actions/runs/34496401717/job/102937795682
"10.09.26, 15:38:37",102937795705,34496401717,1,QUnit tests,Constel ui.scheduler-US/Pacific,td6-deps_26_2,cancelled,Run QUnit tests,https://github.com/DevExpress/DevExtreme/actions/runs/34496401717/job/102937795705
"10.09.26, 15:38:37",102937795736,34496401717,1,QUnit tests,Constel misc-no-csp,td6-deps_26_2,cancelled,Run QUnit tests,https://github.com/DevExpress/DevExtreme/actions/runs/34496401717/job/102937795736
"10.09.26, 15:38:37",102937795760,34496401717,1,QUnit tests,ui.scheduler-shadow-dom,td6-deps_26_2,cancelled,Run QUnit tests,https://github.com/DevExpress/DevExtreme/actions/runs/34496401717/job/102937795760
"10.09.26, 15:38:37",102937795786,34496401717,1,QUnit tests,Constel ui.widgets-no-csp,td6-deps_26_2,cancelled,Run QUnit tests,https://github.com/DevExpress/DevExtreme/actions/runs/34496401717/job/102937795786
"10.09.26, 15:41:43",102938951227,34496401717,1,QUnit tests,Send notifications,td6-deps_26_2,cancelled,,https://github.com/DevExpress/DevExtreme/actions/runs/34496401717/job/102938951227
"10.09.26, 15:05:24",102925423560,34493351326,1,QUnit tests,Build,feature/26_2_new_fluent_theme_with_design_tokens_5104-fluent-next-refactor-scales-exceptions,cancelled,,https://github.com/DevExpress/DevExtreme/actions/runs/34493351326/job/102925423560
"10.09.26, 15:05:44",102925550741,34493351326,1,QUnit tests,${{ matrix.constel }}-shadow-dom,feature/26_2_new_fluent_theme_with_design_tokens_5104-fluent-next-refactor-scales-exceptions,cancelled,,https://github.com/DevExpress/DevExtreme/actions/runs/34493351326/job/102925550741
"10.09.26, 15:05:44",102925551631,34493351326,1,QUnit tests,"Constel ${{ matrix.CONSTEL }}${{ (((matrix.TIMEZONE != '') && format('-{0}', matrix.TIMEZONE)) || '') }}${{ (((matrix.CSP == 'false') && '-no-csp') || '') }}",feature/26_2_new_fluent_theme_with_design_tokens_5104-fluent-next-refactor-scales-exceptions,cancelled,,https://github.com/DevExpress/DevExtreme/actions/runs/34493351326/job/102925551631
"10.09.26, 15:05:44",102925551993,34493351326,1,QUnit tests,Send notifications,feature/26_2_new_fluent_theme_with_design_tokens_5104-fluent-next-refactor-scales-exceptions,cancelled,,https://github.com/DevExpress/DevExtreme/actions/runs/34493351326/job/102925551993
"10.09.26, 13:28:27",102889699930,34482849772,1,QUnit tests,Build,main,cancelled,Install dependencies,https://github.com/DevExpress/DevExtreme/actions/runs/34482849772/job/102889699930
"10.09.26, 13:30:28",102890396621,34482849772,1,QUnit tests,"Constel ${{ matrix.CONSTEL }}${{ (((matrix.TIMEZONE != '') && format('-{0}', matrix.TIMEZONE)) || '') }}${{ (((matrix.CSP == 'false') && '-no-csp') || '') }}",main,cancelled,,https://github.com/DevExpress/DevExtreme/actions/runs/34482849772/job/102890396621
"10.09.26, 13:30:28",102890396636,34482849772,1,QUnit tests,${{ matrix.constel }}-shadow-dom,main,cancelled,,https://github.com/DevExpress/DevExtreme/actions/runs/34482849772/job/102890396636
"10.09.26, 13:30:29",102890397861,34482849772,1,QUnit tests,Send notifications,main,cancelled,,https://github.com/DevExpress/DevExtreme/actions/runs/34482849772/job/102890397861
"10.09.26, 12:23:14",102868193517,34475943397,1,QUnit tests,ui.editors-shadow-dom,T1334896_26_2,failure,Run QUnit tests,https://github.com/DevExpress/DevExtreme/actions/runs/34475943397/job/102868193517
"10.09.26, 12:23:14",102868193779,34475943397,1,QUnit tests,Constel ui.editors,T1334896_26_2,failure,Run QUnit tests,https://github.com/DevExpress/DevExtreme/actions/runs/34475943397/job/102868193779
"10.09.26, 10:43:46",102839637112,34467047830,1,QUnit tests,ui.editors-shadow-dom,feature/26_2_new_fluent_theme_with_design_tokens_5104-fluent-next-refactor-scales-exceptions,cancelled,Run QUnit tests,https://github.com/DevExpress/DevExtreme/actions/runs/34467047830/job/102839637112
"10.09.26, 10:43:46",102839637145,34467047830,1,QUnit tests,ui.widgets-shadow-dom,feature/26_2_new_fluent_theme_with_design_tokens_5104-fluent-next-refactor-scales-exceptions,cancelled,Run QUnit tests,https://github.com/DevExpress/DevExtreme/actions/runs/34467047830/job/102839637145
"10.09.26, 10:43:46",102839637168,34467047830,1,QUnit tests,ui-shadow-dom,feature/26_2_new_fluent_theme_with_design_tokens_5104-fluent-next-refactor-scales-exceptions,cancelled,Run QUnit tests,https://github.com/DevExpress/DevExtreme/actions/runs/34467047830/job/102839637168
"10.09.26, 10:43:46",102839637184,34467047830,1,QUnit tests,ui.scheduler-shadow-dom,feature/26_2_new_fluent_theme_with_design_tokens_5104-fluent-next-refactor-scales-exceptions,cancelled,Run QUnit tests,https://github.com/DevExpress/DevExtreme/actions/runs/34467047830/job/102839637184
"10.09.26, 10:43:46",102839637233,34467047830,1,QUnit tests,ui.grid-shadow-dom,feature/26_2_new_fluent_theme_with_design_tokens_5104-fluent-next-refactor-scales-exceptions,cancelled,Run QUnit tests,https://github.com/DevExpress/DevExtreme/actions/runs/34467047830/job/102839637233
"10.09.26, 10:43:46",102839637245,34467047830,1,QUnit tests,Constel ui,feature/26_2_new_fluent_theme_with_design_tokens_5104-fluent-next-refactor-scales-exceptions,cancelled,Run QUnit tests,https://github.com/DevExpress/DevExtreme/actions/runs/34467047830/job/102839637245
"10.09.26, 10:43:46",102839637260,34467047830,1,QUnit tests,Constel ui.scheduler,feature/26_2_new_fluent_theme_with_design_tokens_5104-fluent-next-refactor-scales-exceptions,cancelled,Run QUnit tests,https://github.com/DevExpress/DevExtreme/actions/runs/34467047830/job/102839637260
"10.09.26, 10:43:46",102839637261,34467047830,1,QUnit tests,Constel ui.widgets-no-csp,feature/26_2_new_fluent_theme_with_design_tokens_5104-fluent-next-refactor-scales-exceptions,cancelled,Run QUnit tests,https://github.com/DevExpress/DevExtreme/actions/runs/34467047830/job/102839637261
"10.09.26, 10:43:46",102839637272,34467047830,1,QUnit tests,Constel ui.grid,feature/26_2_new_fluent_theme_with_design_tokens_5104-fluent-next-refactor-scales-exceptions,cancelled,Run QUnit tests,https://github.com/DevExpress/DevExtreme/actions/runs/34467047830/job/102839637272
"10.09.26, 10:43:46",102839637281,34467047830,1,QUnit tests,Constel misc-no-csp,feature/26_2_new_fluent_theme_with_design_tokens_5104-fluent-next-refactor-scales-exceptions,cancelled,Run QUnit tests,https://github.com/DevExpress/DevExtreme/actions/runs/34467047830/job/102839637281
"10.09.26, 10:43:46",102839637286,34467047830,1,QUnit tests,Constel ui.editors,feature/26_2_new_fluent_theme_with_design_tokens_5104-fluent-next-refactor-scales-exceptions,cancelled,Run QUnit tests,https://github.com/DevExpress/DevExtreme/actions/runs/34467047830/job/102839637286
"10.09.26, 10:43:46",102839637293,34467047830,1,QUnit tests,Constel ui.scheduler-US/Pacific,feature/26_2_new_fluent_theme_with_design_tokens_5104-fluent-next-refactor-scales-exceptions,cancelled,Run QUnit tests,https://github.com/DevExpress/DevExtreme/actions/runs/34467047830/job/102839637293
"10.09.26, 10:43:46",102839637322,34467047830,1,QUnit tests,Constel misc,feature/26_2_new_fluent_theme_with_design_tokens_5104-fluent-next-refactor-scales-exceptions,cancelled,Run QUnit tests,https://github.com/DevExpress/DevExtreme/actions/runs/34467047830/job/102839637322
"10.09.26, 10:46:50",102840481896,34467047830,1,QUnit tests,Send notifications,feature/26_2_new_fluent_theme_with_design_tokens_5104-fluent-next-refactor-scales-exceptions,cancelled,,https://github.com/DevExpress/DevExtreme/actions/runs/34467047830/job/102840481896
"10.09.26, 10:37:12",102837813018,34467005693,1,QUnit tests,Build,feature/26_2_new_fluent_theme_with_design_tokens_5104-fluent-next-refactor-scales-exceptions,cancelled,Use Node.js,https://github.com/DevExpress/DevExtreme/actions/runs/34467005693/job/102837813018
"10.09.26, 10:37:44",102837960196,34467005693,1,QUnit tests,"Constel ${{ matrix.CONSTEL }}${{ (((matrix.TIMEZONE != '') && format('-{0}', matrix.TIMEZONE)) || '') }}${{ (((matrix.CSP == 'false') && '-no-csp') || '') }}",feature/26_2_new_fluent_theme_with_design_tokens_5104-fluent-next-refactor-scales-exceptions,cancelled,,https://github.com/DevExpress/DevExtreme/actions/runs/34467005693/job/102837960196
"10.09.26, 10:37:44",102837960667,34467005693,1,QUnit tests,${{ matrix.constel }}-shadow-dom,feature/26_2_new_fluent_theme_with_design_tokens_5104-fluent-next-refactor-scales-exceptions,cancelled,,https://github.com/DevExpress/DevExtreme/actions/runs/34467005693/job/102837960667
"10.09.26, 10:37:44",102837960967,34467005693,1,QUnit tests,Send notifications,feature/26_2_new_fluent_theme_with_design_tokens_5104-fluent-next-refactor-scales-exceptions,cancelled,,https://github.com/DevExpress/DevExtreme/actions/runs/34467005693/job/102837960967
"10.09.26, 10:25:13",102834470810,34465365871,1,QUnit tests,ui.grid-shadow-dom,26_1,failure,,https://github.com/DevExpress/DevExtreme/actions/runs/34465365871/job/102834470810
"10.09.26, 10:25:13",102834470870,34465365871,1,QUnit tests,Constel ui.grid,26_1,failure,,https://github.com/DevExpress/DevExtreme/actions/runs/34465365871/job/102834470870
"10.09.26, 10:25:14",102834471084,34465365871,1,QUnit tests,Constel ui.scheduler,26_1,failure,,https://github.com/DevExpress/DevExtreme/actions/runs/34465365871/job/102834471084
"10.09.26, 10:14:45",102831488132,34464553092,1,QUnit tests,Constel ui.grid,gh-readonly-queue/main/pr-35129-452d172946bd9e420f63e294e0862eb667ac18e8,failure,,https://github.com/DevExpress/DevExtreme/actions/runs/34464553092/job/102831488132
"10.09.26, 15:05:24",102925423671,34493351227,1,Jest tests,jest-tests,feature/26_2_new_fluent_theme_with_design_tokens_5104-fluent-next-refactor-scales-exceptions,cancelled,,https://github.com/DevExpress/DevExtreme/actions/runs/34493351227/job/102925423671
"10.09.26, 15:05:44",102925550093,34493351227,1,Jest tests,Send notifications,feature/26_2_new_fluent_theme_with_design_tokens_5104-fluent-next-refactor-scales-exceptions,cancelled,,https://github.com/DevExpress/DevExtreme/actions/runs/34493351227/job/102925550093
"10.09.26, 13:28:24",102889682066,34482849805,1,Jest tests,jest-tests,main,cancelled,Check test types,https://github.com/DevExpress/DevExtreme/actions/runs/34482849805/job/102889682066
"10.09.26, 13:30:32",102890420619,34482849805,1,Jest tests,Send notifications,main,cancelled,,https://github.com/DevExpress/DevExtreme/actions/runs/34482849805/job/102890420619
"10.09.26, 11:55:44",102859910790,34473884012,1,Jest tests,jest-tests,feature/26_2_osm-provider-for-dxmap/route-calculation-and-rendering,failure,Check test types,https://github.com/DevExpress/DevExtreme/actions/runs/34473884012/job/102859910790
"10.09.26, 10:37:12",102837812447,34467005640,1,Jest tests,jest-tests,feature/26_2_new_fluent_theme_with_design_tokens_5104-fluent-next-refactor-scales-exceptions,cancelled,Get sources,https://github.com/DevExpress/DevExtreme/actions/runs/34467005640/job/102837812447
"10.09.26, 10:37:44",102837961185,34467005640,1,Jest tests,Send notifications,feature/26_2_new_fluent_theme_with_design_tokens_5104-fluent-next-refactor-scales-exceptions,cancelled,,https://github.com/DevExpress/DevExtreme/actions/runs/34467005640/job/102837961185
"10.09.26, 15:05:24",102925423214,34493351197,1,Styles tests,Tests,feature/26_2_new_fluent_theme_with_design_tokens_5104-fluent-next-refactor-scales-exceptions,cancelled,,https://github.com/DevExpress/DevExtreme/actions/runs/34493351197/job/102925423214
"10.09.26, 15:05:44",102925551232,34493351197,1,Styles tests,Send notifications,feature/26_2_new_fluent_theme_with_design_tokens_5104-fluent-next-refactor-scales-exceptions,cancelled,,https://github.com/DevExpress/DevExtreme/actions/runs/34493351197/job/102925551232
"10.09.26, 13:28:24",102889680700,34482849700,1,Styles tests,Tests,main,cancelled,Post Setup pnpm cache,https://github.com/DevExpress/DevExtreme/actions/runs/34482849700/job/102889680700
"10.09.26, 13:30:21",102890350664,34482849700,1,Styles tests,Send notifications,main,cancelled,,https://github.com/DevExpress/DevExtreme/actions/runs/34482849700/job/102890350664
"10.09.26, 10:37:44",102837962313,34467047756,1,Styles tests,Tests,feature/26_2_new_fluent_theme_with_design_tokens_5104-fluent-next-refactor-scales-exceptions,failure,Check naming registries,https://github.com/DevExpress/DevExtreme/actions/runs/34467047756/job/102837962313
"10.09.26, 10:37:12",102837813670,34467005704,1,Styles tests,Tests,feature/26_2_new_fluent_theme_with_design_tokens_5104-fluent-next-refactor-scales-exceptions,cancelled,Use Node.js,https://github.com/DevExpress/DevExtreme/actions/runs/34467005704/job/102837813670
"10.09.26, 10:37:44",102837962158,34467005704,1,Styles tests,Send notifications,feature/26_2_new_fluent_theme_with_design_tokens_5104-fluent-next-refactor-scales-exceptions,cancelled,,https://github.com/DevExpress/DevExtreme/actions/runs/34467005704/job/102837962158
"10.09.26, 18:21:07",102994087103,34513039349,1,TestCafe tests,cardView - fluent-next,feature/26_2_new_fluent_theme_with_design_tokens_5104-fluent-next-refactor-scales-exceptions,failure,Run TestCafe tests,https://github.com/DevExpress/DevExtreme/actions/runs/34513039349/job/102994087103
"10.09.26, 18:21:07",102994087116,34513039349,1,TestCafe tests,dataGrid (1/4) - fluent-next,feature/26_2_new_fluent_theme_with_design_tokens_5104-fluent-next-refactor-scales-exceptions,failure,Run TestCafe tests,https://github.com/DevExpress/DevExtreme/actions/runs/34513039349/job/102994087116
"10.09.26, 18:21:07",102994087193,34513039349,1,TestCafe tests,common - fluent-next,feature/26_2_new_fluent_theme_with_design_tokens_5104-fluent-next-refactor-scales-exceptions,failure,Run TestCafe tests,https://github.com/DevExpress/DevExtreme/actions/runs/34513039349/job/102994087193
"10.09.26, 18:21:07",102994087239,34513039349,1,TestCafe tests,dataGrid (4/4) - fluent-next,feature/26_2_new_fluent_theme_with_design_tokens_5104-fluent-next-refactor-scales-exceptions,failure,Run TestCafe tests,https://github.com/DevExpress/DevExtreme/actions/runs/34513039349/job/102994087239
"10.09.26, 18:21:07",102994087278,34513039349,1,TestCafe tests,dataGrid (2/4) - fluent-next,feature/26_2_new_fluent_theme_with_design_tokens_5104-fluent-next-refactor-scales-exceptions,failure,Run TestCafe tests,https://github.com/DevExpress/DevExtreme/actions/runs/34513039349/job/102994087278
"10.09.26, 18:21:07",102994087310,34513039349,1,TestCafe tests,dataGrid (3/4) - fluent-next,feature/26_2_new_fluent_theme_with_design_tokens_5104-fluent-next-refactor-scales-exceptions,failure,Run TestCafe tests,https://github.com/DevExpress/DevExtreme/actions/runs/34513039349/job/102994087310
"10.09.26, 18:28:54",102996743134,34513039349,1,TestCafe tests,quarantine,feature/26_2_new_fluent_theme_with_design_tokens_5104-fluent-next-refactor-scales-exceptions,failure,Run quarantined tests,https://github.com/DevExpress/DevExtreme/actions/runs/34513039349/job/102996743134
"10.09.26, 16:48:56",102962843155,34504155212,1,TestCafe tests,editors - fluent,main,failure,Run TestCafe tests,https://github.com/DevExpress/DevExtreme/actions/runs/34504155212/job/102962843155
"10.09.26, 15:40:24",102938463595,34496401689,1,TestCafe tests,scheduler / common (3/3) - fluent,td6-deps_26_2,cancelled,Install dependencies,https://github.com/DevExpress/DevExtreme/actions/runs/34496401689/job/102938463595
"10.09.26, 15:40:24",102938463605,34496401689,1,TestCafe tests,dataGrid (2/4) - fluent,td6-deps_26_2,cancelled,Install dependencies,https://github.com/DevExpress/DevExtreme/actions/runs/34496401689/job/102938463605
"10.09.26, 15:40:24",102938463606,34496401689,1,TestCafe tests,generic,td6-deps_26_2,cancelled,Install dependencies,https://github.com/DevExpress/DevExtreme/actions/runs/34496401689/job/102938463606
"10.09.26, 15:40:24",102938463607,34496401689,1,TestCafe tests,scheduler / timezones (Europe/Berlin) - fluent,td6-deps_26_2,cancelled,Install dependencies,https://github.com/DevExpress/DevExtreme/actions/runs/34496401689/job/102938463607
"10.09.26, 15:40:24",102938463630,34496401689,1,TestCafe tests,dataGrid (3/4) - fluent,td6-deps_26_2,cancelled,Install dependencies,https://github.com/DevExpress/DevExtreme/actions/runs/34496401689/job/102938463630
"10.09.26, 15:40:24",102938463636,34496401689,1,TestCafe tests,common - fluent,td6-deps_26_2,cancelled,Install dependencies,https://github.com/DevExpress/DevExtreme/actions/runs/34496401689/job/102938463636
"10.09.26, 15:40:24",102938463664,34496401689,1,TestCafe tests,scheduler / viewOffset (1/2) - fluent,td6-deps_26_2,cancelled,Install dependencies,https://github.com/DevExpress/DevExtreme/actions/runs/34496401689/job/102938463664
"10.09.26, 15:40:24",102938463669,34496401689,1,TestCafe tests,dataGrid (4/4) - fluent,td6-deps_26_2,cancelled,Install dependencies,https://github.com/DevExpress/DevExtreme/actions/runs/34496401689/job/102938463669
"10.09.26, 15:40:24",102938463670,34496401689,1,TestCafe tests,material,td6-deps_26_2,cancelled,Install dependencies,https://github.com/DevExpress/DevExtreme/actions/runs/34496401689/job/102938463670
"10.09.26, 15:40:24",102938463675,34496401689,1,TestCafe tests,scheduler / viewOffset (2/2) - fluent,td6-deps_26_2,cancelled,Install dependencies,https://github.com/DevExpress/DevExtreme/actions/runs/34496401689/job/102938463675
"10.09.26, 15:40:24",102938463694,34496401689,1,TestCafe tests,editors - fluent,td6-deps_26_2,cancelled,Install dependencies,https://github.com/DevExpress/DevExtreme/actions/runs/34496401689/job/102938463694
"10.09.26, 15:40:24",102938463720,34496401689,1,TestCafe tests,accessibility - fluent,td6-deps_26_2,cancelled,Install dependencies,https://github.com/DevExpress/DevExtreme/actions/runs/34496401689/job/102938463720
"10.09.26, 15:40:24",102938463723,34496401689,1,TestCafe tests,dataGrid (1/4) - fluent,td6-deps_26_2,cancelled,Install dependencies,https://github.com/DevExpress/DevExtreme/actions/runs/34496401689/job/102938463723
"10.09.26, 15:40:24",102938463750,34496401689,1,TestCafe tests,material - compact,td6-deps_26_2,cancelled,Install dependencies,https://github.com/DevExpress/DevExtreme/actions/runs/34496401689/job/102938463750
"10.09.26, 15:40:24",102938463752,34496401689,1,TestCafe tests,scheduler / common (1/3) - fluent,td6-deps_26_2,cancelled,Install dependencies,https://github.com/DevExpress/DevExtreme/actions/runs/34496401689/job/102938463752
"10.09.26, 15:40:24",102938463788,34496401689,1,TestCafe tests,cardView - fluent,td6-deps_26_2,cancelled,Install dependencies,https://github.com/DevExpress/DevExtreme/actions/runs/34496401689/job/102938463788
"10.09.26, 15:40:24",102938463797,34496401689,1,TestCafe tests,scheduler / common (2/3) - fluent,td6-deps_26_2,cancelled,Install dependencies,https://github.com/DevExpress/DevExtreme/actions/runs/34496401689/job/102938463797
"10.09.26, 15:40:24",102938463803,34496401689,1,TestCafe tests,navigation - fluent,td6-deps_26_2,cancelled,Install dependencies,https://github.com/DevExpress/DevExtreme/actions/runs/34496401689/job/102938463803
"10.09.26, 15:40:24",102938463827,34496401689,1,TestCafe tests,scheduler / timezones (America/Los_Angeles) - fluent,td6-deps_26_2,cancelled,Install dependencies,https://github.com/DevExpress/DevExtreme/actions/runs/34496401689/job/102938463827
"10.09.26, 15:41:39",102938930977,34496401689,1,TestCafe tests,quarantine,td6-deps_26_2,cancelled,,https://github.com/DevExpress/DevExtreme/actions/runs/34496401689/job/102938930977
"10.09.26, 15:41:39",102938932064,34496401689,1,TestCafe tests,Send notifications,td6-deps_26_2,cancelled,,https://github.com/DevExpress/DevExtreme/actions/runs/34496401689/job/102938932064
"10.09.26, 15:32:11",102935413687,34494978114,1,TestCafe tests,quarantine,td6-deps_26_2,cancelled,Run quarantined tests,https://github.com/DevExpress/DevExtreme/actions/runs/34494978114/job/102935413687
"10.09.26, 15:34:17",102936202906,34494978114,1,TestCafe tests,Send notifications,td6-deps_26_2,cancelled,,https://github.com/DevExpress/DevExtreme/actions/runs/34494978114/job/102936202906
"10.09.26, 15:05:24",102925423848,34493351254,1,TestCafe tests,Check if tests should run,feature/26_2_new_fluent_theme_with_design_tokens_5104-fluent-next-refactor-scales-exceptions,cancelled,,https://github.com/DevExpress/DevExtreme/actions/runs/34493351254/job/102925423848
"10.09.26, 15:06:06",102925692135,34493351254,1,TestCafe tests,Determine TestCafe matrix,feature/26_2_new_fluent_theme_with_design_tokens_5104-fluent-next-refactor-scales-exceptions,cancelled,,https://github.com/DevExpress/DevExtreme/actions/runs/34493351254/job/102925692135
"10.09.26, 15:06:06",102925692472,34493351254,1,TestCafe tests,Build DevExtreme,feature/26_2_new_fluent_theme_with_design_tokens_5104-fluent-next-refactor-scales-exceptions,cancelled,,https://github.com/DevExpress/DevExtreme/actions/runs/34493351254/job/102925692472
"10.09.26, 15:06:06",102925693352,34493351254,1,TestCafe tests,${{ matrix.name }}${{ ((!matrix.theme && ' - fluent') || '') }},feature/26_2_new_fluent_theme_with_design_tokens_5104-fluent-next-refactor-scales-exceptions,cancelled,,https://github.com/DevExpress/DevExtreme/actions/runs/34493351254/job/102925693352
"10.09.26, 15:06:06",102925694069,34493351254,1,TestCafe tests,quarantine,feature/26_2_new_fluent_theme_with_design_tokens_5104-fluent-next-refactor-scales-exceptions,cancelled,,https://github.com/DevExpress/DevExtreme/actions/runs/34493351254/job/102925694069
"10.09.26, 15:06:07",102925695542,34493351254,1,TestCafe tests,Send notifications,feature/26_2_new_fluent_theme_with_design_tokens_5104-fluent-next-refactor-scales-exceptions,cancelled,,https://github.com/DevExpress/DevExtreme/actions/runs/34493351254/job/102925695542
"10.09.26, 13:38:10",102893114590,34483192164,1,TestCafe tests,common - fluent,feature/26_2_new_fluent_theme_with_design_tokens_5104-fluent-next-refactor-scales-exceptions,failure,,https://github.com/DevExpress/DevExtreme/actions/runs/34483192164/job/102893114590
"10.09.26, 13:38:10",102893114711,34483192164,1,TestCafe tests,common - fluent-next,feature/26_2_new_fluent_theme_with_design_tokens_5104-fluent-next-refactor-scales-exceptions,failure,,https://github.com/DevExpress/DevExtreme/actions/runs/34483192164/job/102893114711
"10.09.26, 13:28:41",102889778377,34482849887,1,TestCafe tests,Build DevExtreme,main,cancelled,Show nx cache contents before save,https://github.com/DevExpress/DevExtreme/actions/runs/34482849887/job/102889778377
"10.09.26, 13:30:28",102890395300,34482849887,1,TestCafe tests,${{ matrix.name }}${{ ((!matrix.theme && ' - fluent') || '') }},main,cancelled,,https://github.com/DevExpress/DevExtreme/actions/runs/34482849887/job/102890395300
"10.09.26, 13:30:28",102890396246,34482849887,1,TestCafe tests,quarantine,main,cancelled,,https://github.com/DevExpress/DevExtreme/actions/runs/34482849887/job/102890396246
"10.09.26, 13:30:28",102890396718,34482849887,1,TestCafe tests,Send notifications,main,cancelled,,https://github.com/DevExpress/DevExtreme/actions/runs/34482849887/job/102890396718
"10.09.26, 10:44:17",102839780468,34467047874,1,TestCafe tests,dataGrid (1/4) - fluent,feature/26_2_new_fluent_theme_with_design_tokens_5104-fluent-next-refactor-scales-exceptions,cancelled,Restore pnpm cache,https://github.com/DevExpress/DevExtreme/actions/runs/34467047874/job/102839780468
"10.09.26, 10:44:17",102839780492,34467047874,1,TestCafe tests,cardView - fluent-next,feature/26_2_new_fluent_theme_with_design_tokens_5104-fluent-next-refactor-scales-exceptions,cancelled,Restore pnpm cache,https://github.com/DevExpress/DevExtreme/actions/runs/34467047874/job/102839780492
"10.09.26, 10:44:17",102839780508,34467047874,1,TestCafe tests,scheduler / common (1/3) - fluent,feature/26_2_new_fluent_theme_with_design_tokens_5104-fluent-next-refactor-scales-exceptions,cancelled,Restore pnpm cache,https://github.com/DevExpress/DevExtreme/actions/runs/34467047874/job/102839780508
"10.09.26, 10:44:17",102839780510,34467047874,1,TestCafe tests,accessibility - material.dark,feature/26_2_new_fluent_theme_with_design_tokens_5104-fluent-next-refactor-scales-exceptions,cancelled,Restore pnpm cache,https://github.com/DevExpress/DevExtreme/actions/runs/34467047874/job/102839780510
"10.09.26, 10:44:17",102839780511,34467047874,1,TestCafe tests,scheduler / timezones (America/Los_Angeles) - fluent,feature/26_2_new_fluent_theme_with_design_tokens_5104-fluent-next-refactor-scales-exceptions,cancelled,Restore pnpm cache,https://github.com/DevExpress/DevExtreme/actions/runs/34467047874/job/102839780511
"10.09.26, 10:44:17",102839780512,34467047874,1,TestCafe tests,scheduler / viewOffset (1/2) - fluent,feature/26_2_new_fluent_theme_with_design_tokens_5104-fluent-next-refactor-scales-exceptions,cancelled,Run TestCafe tests,https://github.com/DevExpress/DevExtreme/actions/runs/34467047874/job/102839780512
"10.09.26, 10:44:17",102839780515,34467047874,1,TestCafe tests,scheduler / common (2/3) - fluent,feature/26_2_new_fluent_theme_with_design_tokens_5104-fluent-next-refactor-scales-exceptions,cancelled,Restore pnpm cache,https://github.com/DevExpress/DevExtreme/actions/runs/34467047874/job/102839780515
"10.09.26, 10:44:17",102839780516,34467047874,1,TestCafe tests,dataGrid (4/4) - fluent,feature/26_2_new_fluent_theme_with_design_tokens_5104-fluent-next-refactor-scales-exceptions,cancelled,Restore pnpm cache,https://github.com/DevExpress/DevExtreme/actions/runs/34467047874/job/102839780516
"10.09.26, 10:44:17",102839780521,34467047874,1,TestCafe tests,material - compact,feature/26_2_new_fluent_theme_with_design_tokens_5104-fluent-next-refactor-scales-exceptions,cancelled,Run TestCafe tests,https://github.com/DevExpress/DevExtreme/actions/runs/34467047874/job/102839780521
"10.09.26, 10:44:17",102839780528,34467047874,1,TestCafe tests,accessibility - fluent-next,feature/26_2_new_fluent_theme_with_design_tokens_5104-fluent-next-refactor-scales-exceptions,cancelled,Restore pnpm cache,https://github.com/DevExpress/DevExtreme/actions/runs/34467047874/job/102839780528
"10.09.26, 10:44:17",102839780531,34467047874,1,TestCafe tests,dataGrid (2/4) - fluent-next,feature/26_2_new_fluent_theme_with_design_tokens_5104-fluent-next-refactor-scales-exceptions,cancelled,Run TestCafe tests,https://github.com/DevExpress/DevExtreme/actions/runs/34467047874/job/102839780531
"10.09.26, 10:44:17",102839780533,34467047874,1,TestCafe tests,material,feature/26_2_new_fluent_theme_with_design_tokens_5104-fluent-next-refactor-scales-exceptions,cancelled,Restore pnpm cache,https://github.com/DevExpress/DevExtreme/actions/runs/34467047874/job/102839780533
"10.09.26, 10:44:17",102839780539,34467047874,1,TestCafe tests,cardView - fluent,feature/26_2_new_fluent_theme_with_design_tokens_5104-fluent-next-refactor-scales-exceptions,cancelled,Restore pnpm cache,https://github.com/DevExpress/DevExtreme/actions/runs/34467047874/job/102839780539
"10.09.26, 10:44:17",102839780541,34467047874,1,TestCafe tests,common - fluent,feature/26_2_new_fluent_theme_with_design_tokens_5104-fluent-next-refactor-scales-exceptions,cancelled,Install dependencies,https://github.com/DevExpress/DevExtreme/actions/runs/34467047874/job/102839780541
"10.09.26, 10:44:17",102839780542,34467047874,1,TestCafe tests,navigation - fluent-next,feature/26_2_new_fluent_theme_with_design_tokens_5104-fluent-next-refactor-scales-exceptions,cancelled,Restore pnpm cache,https://github.com/DevExpress/DevExtreme/actions/runs/34467047874/job/102839780542
"10.09.26, 10:44:17",102839780552,34467047874,1,TestCafe tests,editors - fluent-next,feature/26_2_new_fluent_theme_with_design_tokens_5104-fluent-next-refactor-scales-exceptions,cancelled,Restore pnpm cache,https://github.com/DevExpress/DevExtreme/actions/runs/34467047874/job/102839780552
"10.09.26, 10:44:17",102839780562,34467047874,1,TestCafe tests,editors - fluent,feature/26_2_new_fluent_theme_with_design_tokens_5104-fluent-next-refactor-scales-exceptions,cancelled,Install dependencies,https://github.com/DevExpress/DevExtreme/actions/runs/34467047874/job/102839780562
"10.09.26, 10:44:17",102839780564,34467047874,1,TestCafe tests,accessibility - fluent-next.dark,feature/26_2_new_fluent_theme_with_design_tokens_5104-fluent-next-refactor-scales-exceptions,cancelled,Restore pnpm cache,https://github.com/DevExpress/DevExtreme/actions/runs/34467047874/job/102839780564
"10.09.26, 10:44:17",102839780566,34467047874,1,TestCafe tests,dataGrid (2/4) - fluent,feature/26_2_new_fluent_theme_with_design_tokens_5104-fluent-next-refactor-scales-exceptions,cancelled,Get pnpm store directory,https://github.com/DevExpress/DevExtreme/actions/runs/34467047874/job/102839780566
"10.09.26, 10:44:17",102839780570,34467047874,1,TestCafe tests,scheduler / common (3/3) - fluent,feature/26_2_new_fluent_theme_with_design_tokens_5104-fluent-next-refactor-scales-exceptions,cancelled,Restore pnpm cache,https://github.com/DevExpress/DevExtreme/actions/runs/34467047874/job/102839780570
"10.09.26, 10:44:17",102839780576,34467047874,1,TestCafe tests,dataGrid (4/4) - fluent-next,feature/26_2_new_fluent_theme_with_design_tokens_5104-fluent-next-refactor-scales-exceptions,cancelled,Restore pnpm cache,https://github.com/DevExpress/DevExtreme/actions/runs/34467047874/job/102839780576
"10.09.26, 10:44:17",102839780578,34467047874,1,TestCafe tests,generic,feature/26_2_new_fluent_theme_with_design_tokens_5104-fluent-next-refactor-scales-exceptions,cancelled,Restore pnpm cache,https://github.com/DevExpress/DevExtreme/actions/runs/34467047874/job/102839780578
"10.09.26, 10:44:17",102839780587,34467047874,1,TestCafe tests,accessibility - material.light,feature/26_2_new_fluent_theme_with_design_tokens_5104-fluent-next-refactor-scales-exceptions,cancelled,Restore pnpm cache,https://github.com/DevExpress/DevExtreme/actions/runs/34467047874/job/102839780587
"10.09.26, 10:44:17",102839780596,34467047874,1,TestCafe tests,dataGrid (3/4) - fluent-next,feature/26_2_new_fluent_theme_with_design_tokens_5104-fluent-next-refactor-scales-exceptions,cancelled,Restore pnpm cache,https://github.com/DevExpress/DevExtreme/actions/runs/34467047874/job/102839780596
"10.09.26, 10:44:17",102839780597,34467047874,1,TestCafe tests,scheduler / common (2/3) - fluent-next,feature/26_2_new_fluent_theme_with_design_tokens_5104-fluent-next-refactor-scales-exceptions,cancelled,Install dependencies,https://github.com/DevExpress/DevExtreme/actions/runs/34467047874/job/102839780597
"10.09.26, 10:44:17",102839780603,34467047874,1,TestCafe tests,scheduler / timezones (Europe/Berlin) - fluent,feature/26_2_new_fluent_theme_with_design_tokens_5104-fluent-next-refactor-scales-exceptions,cancelled,Restore pnpm cache,https://github.com/DevExpress/DevExtreme/actions/runs/34467047874/job/102839780603
"10.09.26, 10:44:17",102839780614,34467047874,1,TestCafe tests,scheduler / viewOffset (2/2) - fluent,feature/26_2_new_fluent_theme_with_design_tokens_5104-fluent-next-refactor-scales-exceptions,cancelled,Restore pnpm cache,https://github.com/DevExpress/DevExtreme/actions/runs/34467047874/job/102839780614
"10.09.26, 10:44:17",102839780616,34467047874,1,TestCafe tests,scheduler / viewOffset (2/2) - fluent-next,feature/26_2_new_fluent_theme_with_design_tokens_5104-fluent-next-refactor-scales-exceptions,cancelled,Install dependencies,https://github.com/DevExpress/DevExtreme/actions/runs/34467047874/job/102839780616
"10.09.26, 10:44:17",102839780622,34467047874,1,TestCafe tests,scheduler / common (3/3) - fluent-next,feature/26_2_new_fluent_theme_with_design_tokens_5104-fluent-next-refactor-scales-exceptions,cancelled,Restore pnpm cache,https://github.com/DevExpress/DevExtreme/actions/runs/34467047874/job/102839780622
"10.09.26, 10:44:17",102839780624,34467047874,1,TestCafe tests,scheduler / common (1/3) - fluent-next,feature/26_2_new_fluent_theme_with_design_tokens_5104-fluent-next-refactor-scales-exceptions,cancelled,Restore pnpm cache,https://github.com/DevExpress/DevExtreme/actions/runs/34467047874/job/102839780624
"10.09.26, 10:44:17",102839780630,34467047874,1,TestCafe tests,navigation - fluent,feature/26_2_new_fluent_theme_with_design_tokens_5104-fluent-next-refactor-scales-exceptions,cancelled,Install dependencies,https://github.com/DevExpress/DevExtreme/actions/runs/34467047874/job/102839780630
"10.09.26, 10:44:17",102839780631,34467047874,1,TestCafe tests,accessibility - fluent,feature/26_2_new_fluent_theme_with_design_tokens_5104-fluent-next-refactor-scales-exceptions,cancelled,Restore pnpm cache,https://github.com/DevExpress/DevExtreme/actions/runs/34467047874/job/102839780631
"10.09.26, 10:44:17",102839780632,34467047874,1,TestCafe tests,common - fluent-next,feature/26_2_new_fluent_theme_with_design_tokens_5104-fluent-next-refactor-scales-exceptions,cancelled,Restore pnpm cache,https://github.com/DevExpress/DevExtreme/actions/runs/34467047874/job/102839780632
"10.09.26, 10:44:17",102839780646,34467047874,1,TestCafe tests,dataGrid (1/4) - fluent-next,feature/26_2_new_fluent_theme_with_design_tokens_5104-fluent-next-refactor-scales-exceptions,cancelled,Restore pnpm cache,https://github.com/DevExpress/DevExtreme/actions/runs/34467047874/job/102839780646
"10.09.26, 10:44:17",102839780649,34467047874,1,TestCafe tests,scheduler / timezones (America/Los_Angeles) - fluent-next,feature/26_2_new_fluent_theme_with_design_tokens_5104-fluent-next-refactor-scales-exceptions,cancelled,Restore pnpm cache,https://github.com/DevExpress/DevExtreme/actions/runs/34467047874/job/102839780649
"10.09.26, 10:44:17",102839780684,34467047874,1,TestCafe tests,scheduler / viewOffset (1/2) - fluent-next,feature/26_2_new_fluent_theme_with_design_tokens_5104-fluent-next-refactor-scales-exceptions,cancelled,Restore pnpm cache,https://github.com/DevExpress/DevExtreme/actions/runs/34467047874/job/102839780684
"10.09.26, 10:44:17",102839780697,34467047874,1,TestCafe tests,scheduler / timezones (Europe/Berlin) - fluent-next,feature/26_2_new_fluent_theme_with_design_tokens_5104-fluent-next-refactor-scales-exceptions,cancelled,Restore pnpm cache,https://github.com/DevExpress/DevExtreme/actions/runs/34467047874/job/102839780697
"10.09.26, 10:44:17",102839780719,34467047874,1,TestCafe tests,accessibility - fluent.dark,feature/26_2_new_fluent_theme_with_design_tokens_5104-fluent-next-refactor-scales-exceptions,cancelled,Restore pnpm cache,https://github.com/DevExpress/DevExtreme/actions/runs/34467047874/job/102839780719
"10.09.26, 10:44:17",102839781310,34467047874,1,TestCafe tests,dataGrid (3/4) - fluent,feature/26_2_new_fluent_theme_with_design_tokens_5104-fluent-next-refactor-scales-exceptions,cancelled,Restore pnpm cache,https://github.com/DevExpress/DevExtreme/actions/runs/34467047874/job/102839781310
"10.09.26, 10:47:21",102840625277,34467047874,1,TestCafe tests,quarantine,feature/26_2_new_fluent_theme_with_design_tokens_5104-fluent-next-refactor-scales-exceptions,cancelled,,https://github.com/DevExpress/DevExtreme/actions/runs/34467047874/job/102840625277
"10.09.26, 10:47:21",102840626231,34467047874,1,TestCafe tests,Send notifications,feature/26_2_new_fluent_theme_with_design_tokens_5104-fluent-next-refactor-scales-exceptions,cancelled,,https://github.com/DevExpress/DevExtreme/actions/runs/34467047874/job/102840626231
"10.09.26, 10:37:12",102837812806,34467005604,1,TestCafe tests,Check if tests should run,feature/26_2_new_fluent_theme_with_design_tokens_5104-fluent-next-refactor-scales-exceptions,cancelled,,https://github.com/DevExpress/DevExtreme/actions/runs/34467005604/job/102837812806
"10.09.26, 10:37:51",102837994107,34467005604,1,TestCafe tests,Determine TestCafe matrix,feature/26_2_new_fluent_theme_with_design_tokens_5104-fluent-next-refactor-scales-exceptions,cancelled,,https://github.com/DevExpress/DevExtreme/actions/runs/34467005604/job/102837994107
"10.09.26, 10:37:51",102837994471,34467005604,1,TestCafe tests,Build DevExtreme,feature/26_2_new_fluent_theme_with_design_tokens_5104-fluent-next-refactor-scales-exceptions,cancelled,,https://github.com/DevExpress/DevExtreme/actions/runs/34467005604/job/102837994471
"10.09.26, 10:37:51",102837995079,34467005604,1,TestCafe tests,${{ matrix.name }}${{ ((!matrix.theme && ' - fluent') || '') }},feature/26_2_new_fluent_theme_with_design_tokens_5104-fluent-next-refactor-scales-exceptions,cancelled,,https://github.com/DevExpress/DevExtreme/actions/runs/34467005604/job/102837995079
"10.09.26, 10:37:52",102837995643,34467005604,1,TestCafe tests,quarantine,feature/26_2_new_fluent_theme_with_design_tokens_5104-fluent-next-refactor-scales-exceptions,cancelled,,https://github.com/DevExpress/DevExtreme/actions/runs/34467005604/job/102837995643
"10.09.26, 10:37:52",102837996848,34467005604,1,TestCafe tests,Send notifications,feature/26_2_new_fluent_theme_with_design_tokens_5104-fluent-next-refactor-scales-exceptions,cancelled,,https://github.com/DevExpress/DevExtreme/actions/runs/34467005604/job/102837996848
"10.09.26, 10:26:55",102834939420,34465365881,1,TestCafe tests,material,26_1,failure,,https://github.com/DevExpress/DevExtreme/actions/runs/34465365881/job/102834939420
"10.09.26, 10:16:00",102831848681,34464558817,1,TestCafe tests,cardView - fluent,26_1,failure,,https://github.com/DevExpress/DevExtreme/actions/runs/34464558817/job/102831848681
"10.09.26, 07:33:56",102785186567,34450011094,1,TestCafe tests,navigation - fluent-next,feature/26_2_new_fluent_theme_with_design_tokens_5104-fluent-next-refactor-scales-exceptions,failure,Run TestCafe tests,https://github.com/DevExpress/DevExtreme/actions/runs/34450011094/job/102785186567
"10.09.26, 07:39:52",102786747382,34450011094,1,TestCafe tests,quarantine,feature/26_2_new_fluent_theme_with_design_tokens_5104-fluent-next-refactor-scales-exceptions,failure,Run quarantined tests,https://github.com/DevExpress/DevExtreme/actions/runs/34450011094/job/102786747382
"10.09.26, 15:05:24",102925423132,34493351212,1,Themebuilder and Styles tests,test,feature/26_2_new_fluent_theme_with_design_tokens_5104-fluent-next-refactor-scales-exceptions,cancelled,,https://github.com/DevExpress/DevExtreme/actions/runs/34493351212/job/102925423132
"10.09.26, 15:05:44",102925552295,34493351212,1,Themebuilder and Styles tests,Send notifications,feature/26_2_new_fluent_theme_with_design_tokens_5104-fluent-next-refactor-scales-exceptions,cancelled,,https://github.com/DevExpress/DevExtreme/actions/runs/34493351212/job/102925552295
"10.09.26, 13:28:24",102889680966,34482849864,1,Themebuilder and Styles tests,test,main,cancelled,Install dependencies,https://github.com/DevExpress/DevExtreme/actions/runs/34482849864/job/102889680966
"10.09.26, 13:30:28",102890395401,34482849864,1,Themebuilder and Styles tests,Send notifications,main,cancelled,,https://github.com/DevExpress/DevExtreme/actions/runs/34482849864/job/102890395401
"10.09.26, 10:37:12",102837812389,34467005616,1,Themebuilder and Styles tests,test,feature/26_2_new_fluent_theme_with_design_tokens_5104-fluent-next-refactor-scales-exceptions,cancelled,Use Node.js,https://github.com/DevExpress/DevExtreme/actions/runs/34467005616/job/102837812389
"10.09.26, 10:37:45",102837965568,34467005616,1,Themebuilder and Styles tests,Send notifications,feature/26_2_new_fluent_theme_with_design_tokens_5104-fluent-next-refactor-scales-exceptions,cancelled,,https://github.com/DevExpress/DevExtreme/actions/runs/34467005616/job/102837965568
"10.09.26, 15:05:24",102925423133,34493351200,1,TS Declarations,validate-declarations,feature/26_2_new_fluent_theme_with_design_tokens_5104-fluent-next-refactor-scales-exceptions,cancelled,,https://github.com/DevExpress/DevExtreme/actions/runs/34493351200/job/102925423133
"10.09.26, 15:05:24",102925423658,34493351200,1,TS Declarations,check-ts-bundle,feature/26_2_new_fluent_theme_with_design_tokens_5104-fluent-next-refactor-scales-exceptions,cancelled,,https://github.com/DevExpress/DevExtreme/actions/runs/34493351200/job/102925423658
"10.09.26, 15:05:44",102925550279,34493351200,1,TS Declarations,Send notifications,feature/26_2_new_fluent_theme_with_design_tokens_5104-fluent-next-refactor-scales-exceptions,cancelled,,https://github.com/DevExpress/DevExtreme/actions/runs/34493351200/job/102925550279
"10.09.26, 13:28:24",102889680793,34482849785,1,TS Declarations,validate-declarations,main,cancelled,Post Setup pnpm cache,https://github.com/DevExpress/DevExtreme/actions/runs/34482849785/job/102889680793
"10.09.26, 13:28:24",102889681314,34482849785,1,TS Declarations,check-ts-bundle,main,cancelled,Post Setup pnpm cache,https://github.com/DevExpress/DevExtreme/actions/runs/34482849785/job/102889681314
"10.09.26, 13:31:08",102890631298,34482849785,1,TS Declarations,Send notifications,main,cancelled,,https://github.com/DevExpress/DevExtreme/actions/runs/34482849785/job/102890631298
"10.09.26, 10:37:12",102837812266,34467005615,1,TS Declarations,check-ts-bundle,feature/26_2_new_fluent_theme_with_design_tokens_5104-fluent-next-refactor-scales-exceptions,cancelled,Use Node.js,https://github.com/DevExpress/DevExtreme/actions/runs/34467005615/job/102837812266
"10.09.26, 10:37:12",102837812388,34467005615,1,TS Declarations,validate-declarations,feature/26_2_new_fluent_theme_with_design_tokens_5104-fluent-next-refactor-scales-exceptions,cancelled,Use Node.js,https://github.com/DevExpress/DevExtreme/actions/runs/34467005615/job/102837812388
"10.09.26, 10:37:48",102837979165,34467005615,1,TS Declarations,Send notifications,feature/26_2_new_fluent_theme_with_design_tokens_5104-fluent-next-refactor-scales-exceptions,cancelled,,https://github.com/DevExpress/DevExtreme/actions/runs/34467005615/job/102837979165
"10.09.26, 18:27:51",102996387097,34513039283,1,Demos Visual Tests,react(2/3)-screenshots-fluent-next.blue.light,feature/26_2_new_fluent_theme_with_design_tokens_5104-fluent-next-refactor-scales-exceptions,failure,Run TestCafe tests,https://github.com/DevExpress/DevExtreme/actions/runs/34513039283/job/102996387097
"10.09.26, 18:27:51",102996387102,34513039283,1,Demos Visual Tests,react(3/3)-screenshots-fluent-next.blue.light,feature/26_2_new_fluent_theme_with_design_tokens_5104-fluent-next-refactor-scales-exceptions,failure,Run TestCafe tests,https://github.com/DevExpress/DevExtreme/actions/runs/34513039283/job/102996387102
"10.09.26, 18:27:51",102996387128,34513039283,1,Demos Visual Tests,vue(3/5)-screenshots-fluent-next.blue.light,feature/26_2_new_fluent_theme_with_design_tokens_5104-fluent-next-refactor-scales-exceptions,failure,Run TestCafe tests,https://github.com/DevExpress/DevExtreme/actions/runs/34513039283/job/102996387128
"10.09.26, 18:27:51",102996387158,34513039283,1,Demos Visual Tests,angular(1/10)-screenshots-fluent-next.blue.light,feature/26_2_new_fluent_theme_with_design_tokens_5104-fluent-next-refactor-scales-exceptions,failure,Run TestCafe tests,https://github.com/DevExpress/DevExtreme/actions/runs/34513039283/job/102996387158
"10.09.26, 18:27:51",102996387162,34513039283,1,Demos Visual Tests,vue(1/5)-screenshots-fluent-next.blue.light,feature/26_2_new_fluent_theme_with_design_tokens_5104-fluent-next-refactor-scales-exceptions,failure,Run TestCafe tests,https://github.com/DevExpress/DevExtreme/actions/runs/34513039283/job/102996387162
"10.09.26, 18:27:51",102996387187,34513039283,1,Demos Visual Tests,vue(4/5)-screenshots-fluent-next.blue.light,feature/26_2_new_fluent_theme_with_design_tokens_5104-fluent-next-refactor-scales-exceptions,failure,Run TestCafe tests,https://github.com/DevExpress/DevExtreme/actions/runs/34513039283/job/102996387187
"10.09.26, 18:27:51",102996387192,34513039283,1,Demos Visual Tests,react(1/3)-screenshots-fluent-next.blue.light,feature/26_2_new_fluent_theme_with_design_tokens_5104-fluent-next-refactor-scales-exceptions,failure,Run TestCafe tests,https://github.com/DevExpress/DevExtreme/actions/runs/34513039283/job/102996387192
"10.09.26, 18:27:51",102996387194,34513039283,1,Demos Visual Tests,angular(4/10)-screenshots-fluent-next.blue.light,feature/26_2_new_fluent_theme_with_design_tokens_5104-fluent-next-refactor-scales-exceptions,failure,Run TestCafe tests,https://github.com/DevExpress/DevExtreme/actions/runs/34513039283/job/102996387194
"10.09.26, 18:27:51",102996387210,34513039283,1,Demos Visual Tests,angular(5/10)-screenshots-fluent-next.blue.light,feature/26_2_new_fluent_theme_with_design_tokens_5104-fluent-next-refactor-scales-exceptions,failure,Run TestCafe tests,https://github.com/DevExpress/DevExtreme/actions/runs/34513039283/job/102996387210
"10.09.26, 18:27:51",102996387211,34513039283,1,Demos Visual Tests,vue(2/5)-screenshots-fluent-next.blue.light,feature/26_2_new_fluent_theme_with_design_tokens_5104-fluent-next-refactor-scales-exceptions,failure,Run TestCafe tests,https://github.com/DevExpress/DevExtreme/actions/runs/34513039283/job/102996387211
"10.09.26, 18:27:51",102996387276,34513039283,1,Demos Visual Tests,angular(6/10)-screenshots-fluent-next.blue.light,feature/26_2_new_fluent_theme_with_design_tokens_5104-fluent-next-refactor-scales-exceptions,failure,Run TestCafe tests,https://github.com/DevExpress/DevExtreme/actions/runs/34513039283/job/102996387276
"10.09.26, 18:27:51",102996387288,34513039283,1,Demos Visual Tests,vue(5/5)-screenshots-fluent-next.blue.light,feature/26_2_new_fluent_theme_with_design_tokens_5104-fluent-next-refactor-scales-exceptions,failure,Run TestCafe tests,https://github.com/DevExpress/DevExtreme/actions/runs/34513039283/job/102996387288
"10.09.26, 18:27:51",102996387293,34513039283,1,Demos Visual Tests,angular(2/10)-screenshots-fluent-next.blue.light,feature/26_2_new_fluent_theme_with_design_tokens_5104-fluent-next-refactor-scales-exceptions,failure,Run TestCafe tests,https://github.com/DevExpress/DevExtreme/actions/runs/34513039283/job/102996387293
"10.09.26, 18:27:51",102996387327,34513039283,1,Demos Visual Tests,angular(3/10)-screenshots-fluent-next.blue.light,feature/26_2_new_fluent_theme_with_design_tokens_5104-fluent-next-refactor-scales-exceptions,failure,Run TestCafe tests,https://github.com/DevExpress/DevExtreme/actions/runs/34513039283/job/102996387327
"10.09.26, 18:27:51",102996387341,34513039283,1,Demos Visual Tests,angular(8/10)-screenshots-fluent-next.blue.light,feature/26_2_new_fluent_theme_with_design_tokens_5104-fluent-next-refactor-scales-exceptions,failure,Run TestCafe tests,https://github.com/DevExpress/DevExtreme/actions/runs/34513039283/job/102996387341
"10.09.26, 18:27:51",102996387384,34513039283,1,Demos Visual Tests,angular(9/10)-screenshots-fluent-next.blue.light,feature/26_2_new_fluent_theme_with_design_tokens_5104-fluent-next-refactor-scales-exceptions,failure,Run TestCafe tests,https://github.com/DevExpress/DevExtreme/actions/runs/34513039283/job/102996387384
"10.09.26, 18:27:51",102996387396,34513039283,1,Demos Visual Tests,angular(7/10)-screenshots-fluent-next.blue.light,feature/26_2_new_fluent_theme_with_design_tokens_5104-fluent-next-refactor-scales-exceptions,failure,Run TestCafe tests,https://github.com/DevExpress/DevExtreme/actions/runs/34513039283/job/102996387396
"10.09.26, 18:27:51",102996387438,34513039283,1,Demos Visual Tests,angular(10/10)-screenshots-fluent-next.blue.light,feature/26_2_new_fluent_theme_with_design_tokens_5104-fluent-next-refactor-scales-exceptions,failure,Run TestCafe tests,https://github.com/DevExpress/DevExtreme/actions/runs/34513039283/job/102996387438
"10.09.26, 16:02:07",102946438127,34498570370,1,Demos Visual Tests,Check generated demos,main,failure,Check generated JS demos,https://github.com/DevExpress/DevExtreme/actions/runs/34498570370/job/102946438127
"10.09.26, 16:02:07",102946438166,34498570370,1,Demos Visual Tests,Check TS and lint code base,main,failure,Check TS and lint results,https://github.com/DevExpress/DevExtreme/actions/runs/34498570370/job/102946438166
"10.09.26, 15:34:47",102936385211,34496401584,1,Demos Visual Tests,Build DevExtreme,td6-deps_26_2,cancelled,DevExtreme - Build-all,https://github.com/DevExpress/DevExtreme/actions/runs/34496401584/job/102936385211
"10.09.26, 15:41:25",102938838281,34496401584,1,Demos Visual Tests,Check generated demos,td6-deps_26_2,cancelled,,https://github.com/DevExpress/DevExtreme/actions/runs/34496401584/job/102938838281
"10.09.26, 15:41:25",102938838309,34496401584,1,Demos Visual Tests,CSP check (jQuery),td6-deps_26_2,cancelled,,https://github.com/DevExpress/DevExtreme/actions/runs/34496401584/job/102938838309
"10.09.26, 15:41:25",102938838809,34496401584,1,Demos Visual Tests,${{ matrix.CONSTEL }}-${{ matrix.STRATEGY }}-${{ matrix.THEME }},td6-deps_26_2,cancelled,,https://github.com/DevExpress/DevExtreme/actions/runs/34496401584/job/102938838809
"10.09.26, 15:41:25",102938839469,34496401584,1,Demos Visual Tests,"matrix.SHARD_TOTAL == 1 && format('CSP check ({0})', matrix.FRAMEWORK) || format('CSP check ({0} {1}/{2})', matrix.FRAMEWORK, matrix.SHARD_INDEX, matrix.SHARD_TOTAL)",td6-deps_26_2,cancelled,,https://github.com/DevExpress/DevExtreme/actions/runs/34496401584/job/102938839469
"10.09.26, 15:41:25",102938839598,34496401584,1,Demos Visual Tests,"Build vendor bundles (React, Vue)",td6-deps_26_2,cancelled,,https://github.com/DevExpress/DevExtreme/actions/runs/34496401584/job/102938839598
"10.09.26, 15:41:25",102938839793,34496401584,1,Demos Visual Tests,Check TS and lint code base,td6-deps_26_2,cancelled,,https://github.com/DevExpress/DevExtreme/actions/runs/34496401584/job/102938839793
"10.09.26, 15:41:25",102938840430,34496401584,1,Demos Visual Tests,"matrix.SHARD_TOTAL == 1 && format('Build demos ({0})', matrix.FRAMEWORK) || format('Build demos ({0} {1}/{2})', matrix.FRAMEWORK, matrix.SHARD_INDEX, matrix.SHARD_TOTAL)",td6-deps_26_2,cancelled,,https://github.com/DevExpress/DevExtreme/actions/runs/34496401584/job/102938840430
"10.09.26, 15:41:25",102938841005,34496401584,1,Demos Visual Tests,${{ matrix.CONSTEL }}-screenshots-${{ matrix.THEME }},td6-deps_26_2,cancelled,,https://github.com/DevExpress/DevExtreme/actions/runs/34496401584/job/102938841005
"10.09.26, 15:41:25",102938841378,34496401584,1,Demos Visual Tests,CSP Violations Summary,td6-deps_26_2,cancelled,,https://github.com/DevExpress/DevExtreme/actions/runs/34496401584/job/102938841378
"10.09.26, 15:41:25",102938843129,34496401584,1,Demos Visual Tests,merge-artifacts,td6-deps_26_2,cancelled,,https://github.com/DevExpress/DevExtreme/actions/runs/34496401584/job/102938843129
"10.09.26, 15:28:52",102934161159,34494977945,1,Demos Visual Tests,Check TS and lint code base,td6-deps_26_2,cancelled,Run lint on all demos,https://github.com/DevExpress/DevExtreme/actions/runs/34494977945/job/102934161159
"10.09.26, 15:28:52",102934161199,34494977945,1,Demos Visual Tests,CSP check (jQuery),td6-deps_26_2,cancelled,Run CSP Check,https://github.com/DevExpress/DevExtreme/actions/runs/34494977945/job/102934161199
"10.09.26, 15:28:52",102934161315,34494977945,1,Demos Visual Tests,CSP check (Vue 2/2),td6-deps_26_2,cancelled,Run CSP Check,https://github.com/DevExpress/DevExtreme/actions/runs/34494977945/job/102934161315
"10.09.26, 15:28:52",102934161353,34494977945,1,Demos Visual Tests,Check generated demos,td6-deps_26_2,cancelled,Check generated JS demos,https://github.com/DevExpress/DevExtreme/actions/runs/34494977945/job/102934161353
"10.09.26, 15:28:52",102934161373,34494977945,1,Demos Visual Tests,CSP check (React 2/2),td6-deps_26_2,cancelled,Run CSP Check,https://github.com/DevExpress/DevExtreme/actions/runs/34494977945/job/102934161373
"10.09.26, 15:28:52",102934161397,34494977945,1,Demos Visual Tests,CSP check (React 1/2),td6-deps_26_2,cancelled,Run CSP Check,https://github.com/DevExpress/DevExtreme/actions/runs/34494977945/job/102934161397
"10.09.26, 15:28:52",102934161412,34494977945,1,Demos Visual Tests,CSP check (Angular 1/3),td6-deps_26_2,cancelled,Run CSP Check,https://github.com/DevExpress/DevExtreme/actions/runs/34494977945/job/102934161412
"10.09.26, 15:28:52",102934161448,34494977945,1,Demos Visual Tests,CSP check (Angular 3/3),td6-deps_26_2,cancelled,Run CSP Check,https://github.com/DevExpress/DevExtreme/actions/runs/34494977945/job/102934161448
"10.09.26, 15:28:52",102934161467,34494977945,1,Demos Visual Tests,CSP check (Angular 2/3),td6-deps_26_2,cancelled,Run CSP Check,https://github.com/DevExpress/DevExtreme/actions/runs/34494977945/job/102934161467
"10.09.26, 15:28:52",102934161475,34494977945,1,Demos Visual Tests,jquery(2/3)-screenshots-material.blue.light,td6-deps_26_2,cancelled,Run TestCafe tests (jQuery),https://github.com/DevExpress/DevExtreme/actions/runs/34494977945/job/102934161475
"10.09.26, 15:28:52",102934161494,34494977945,1,Demos Visual Tests,CSP check (Vue 1/2),td6-deps_26_2,cancelled,Run CSP Check,https://github.com/DevExpress/DevExtreme/actions/runs/34494977945/job/102934161494
"10.09.26, 15:28:52",102934161518,34494977945,1,Demos Visual Tests,jquery(1/3)-screenshots-fluent.blue.light,td6-deps_26_2,cancelled,Run TestCafe tests (jQuery),https://github.com/DevExpress/DevExtreme/actions/runs/34494977945/job/102934161518
"10.09.26, 15:28:52",102934161528,34494977945,1,Demos Visual Tests,jquery(3/3)-screenshots-fluent.blue.light,td6-deps_26_2,cancelled,Run TestCafe tests (jQuery),https://github.com/DevExpress/DevExtreme/actions/runs/34494977945/job/102934161528
"10.09.26, 15:28:52",102934161558,34494977945,1,Demos Visual Tests,jquery(1/3)-screenshots-material.blue.light,td6-deps_26_2,cancelled,Run TestCafe tests (jQuery),https://github.com/DevExpress/DevExtreme/actions/runs/34494977945/job/102934161558
"10.09.26, 15:28:52",102934161595,34494977945,1,Demos Visual Tests,jquery-accessibility-material.blue.dark,td6-deps_26_2,cancelled,Run TestCafe tests (jQuery),https://github.com/DevExpress/DevExtreme/actions/runs/34494977945/job/102934161595
"10.09.26, 15:28:52",102934161708,34494977945,1,Demos Visual Tests,jquery-accessibility-fluent.blue.dark,td6-deps_26_2,cancelled,,https://github.com/DevExpress/DevExtreme/actions/runs/34494977945/job/102934161708
"10.09.26, 15:28:52",102934161730,34494977945,1,Demos Visual Tests,jquery-accessibility-material.blue.light,td6-deps_26_2,cancelled,Run TestCafe tests (jQuery),https://github.com/DevExpress/DevExtreme/actions/runs/34494977945/job/102934161730
"10.09.26, 15:28:52",102934161744,34494977945,1,Demos Visual Tests,jquery(2/3)-screenshots-fluent.blue.light,td6-deps_26_2,cancelled,Run TestCafe tests (jQuery),https://github.com/DevExpress/DevExtreme/actions/runs/34494977945/job/102934161744
"10.09.26, 15:28:52",102934161765,34494977945,1,Demos Visual Tests,jquery-accessibility-fluent.blue.light,td6-deps_26_2,cancelled,,https://github.com/DevExpress/DevExtreme/actions/runs/34494977945/job/102934161765
"10.09.26, 15:28:52",102934161775,34494977945,1,Demos Visual Tests,jquery(3/3)-screenshots-material.blue.light,td6-deps_26_2,cancelled,Run TestCafe tests (jQuery),https://github.com/DevExpress/DevExtreme/actions/runs/34494977945/job/102934161775
"10.09.26, 15:33:15",102935808612,34494977945,1,Demos Visual Tests,react(3/3)-screenshots-fluent.blue.light,td6-deps_26_2,cancelled,Install dependencies,https://github.com/DevExpress/DevExtreme/actions/runs/34494977945/job/102935808612
"10.09.26, 15:33:15",102935808629,34494977945,1,Demos Visual Tests,react(1/3)-screenshots-fluent.blue.light,td6-deps_26_2,cancelled,Install dependencies,https://github.com/DevExpress/DevExtreme/actions/runs/34494977945/job/102935808629
"10.09.26, 15:33:15",102935808630,34494977945,1,Demos Visual Tests,vue(2/5)-screenshots-fluent.blue.light,td6-deps_26_2,cancelled,Install dependencies,https://github.com/DevExpress/DevExtreme/actions/runs/34494977945/job/102935808630
"10.09.26, 15:33:15",102935808682,34494977945,1,Demos Visual Tests,angular(3/10)-screenshots-fluent.blue.light,td6-deps_26_2,cancelled,Install dependencies,https://github.com/DevExpress/DevExtreme/actions/runs/34494977945/job/102935808682
"10.09.26, 15:33:15",102935808692,34494977945,1,Demos Visual Tests,angular(5/10)-screenshots-fluent.blue.light,td6-deps_26_2,cancelled,Install dependencies,https://github.com/DevExpress/DevExtreme/actions/runs/34494977945/job/102935808692
"10.09.26, 15:33:15",102935808693,34494977945,1,Demos Visual Tests,vue(1/5)-screenshots-fluent.blue.light,td6-deps_26_2,cancelled,Install dependencies,https://github.com/DevExpress/DevExtreme/actions/runs/34494977945/job/102935808693
"10.09.26, 15:33:15",102935808705,34494977945,1,Demos Visual Tests,vue(5/5)-screenshots-fluent.blue.light,td6-deps_26_2,cancelled,Install dependencies,https://github.com/DevExpress/DevExtreme/actions/runs/34494977945/job/102935808705
"10.09.26, 15:33:15",102935808728,34494977945,1,Demos Visual Tests,angular(1/10)-screenshots-fluent.blue.light,td6-deps_26_2,cancelled,Install dependencies,https://github.com/DevExpress/DevExtreme/actions/runs/34494977945/job/102935808728
"10.09.26, 15:33:15",102935808745,34494977945,1,Demos Visual Tests,angular(6/10)-screenshots-fluent.blue.light,td6-deps_26_2,cancelled,Install dependencies,https://github.com/DevExpress/DevExtreme/actions/runs/34494977945/job/102935808745
"10.09.26, 15:33:15",102935808756,34494977945,1,Demos Visual Tests,vue(4/5)-screenshots-fluent.blue.light,td6-deps_26_2,cancelled,Install dependencies,https://github.com/DevExpress/DevExtreme/actions/runs/34494977945/job/102935808756
"10.09.26, 15:33:15",102935808779,34494977945,1,Demos Visual Tests,angular(2/10)-screenshots-fluent.blue.light,td6-deps_26_2,cancelled,Install dependencies,https://github.com/DevExpress/DevExtreme/actions/runs/34494977945/job/102935808779
"10.09.26, 15:33:15",102935808780,34494977945,1,Demos Visual Tests,angular(7/10)-screenshots-fluent.blue.light,td6-deps_26_2,cancelled,Install dependencies,https://github.com/DevExpress/DevExtreme/actions/runs/34494977945/job/102935808780
"10.09.26, 15:33:15",102935808804,34494977945,1,Demos Visual Tests,angular(4/10)-screenshots-fluent.blue.light,td6-deps_26_2,cancelled,Install dependencies,https://github.com/DevExpress/DevExtreme/actions/runs/34494977945/job/102935808804
"10.09.26, 15:33:15",102935808814,34494977945,1,Demos Visual Tests,angular(10/10)-screenshots-fluent.blue.light,td6-deps_26_2,cancelled,Install dependencies,https://github.com/DevExpress/DevExtreme/actions/runs/34494977945/job/102935808814
"10.09.26, 15:33:15",102935808853,34494977945,1,Demos Visual Tests,angular(8/10)-screenshots-fluent.blue.light,td6-deps_26_2,cancelled,Install dependencies,https://github.com/DevExpress/DevExtreme/actions/runs/34494977945/job/102935808853
"10.09.26, 15:33:15",102935808857,34494977945,1,Demos Visual Tests,angular(9/10)-screenshots-fluent.blue.light,td6-deps_26_2,cancelled,Install dependencies,https://github.com/DevExpress/DevExtreme/actions/runs/34494977945/job/102935808857
"10.09.26, 15:33:15",102935808859,34494977945,1,Demos Visual Tests,vue(3/5)-screenshots-fluent.blue.light,td6-deps_26_2,cancelled,Install dependencies,https://github.com/DevExpress/DevExtreme/actions/runs/34494977945/job/102935808859
"10.09.26, 15:33:15",102935809007,34494977945,1,Demos Visual Tests,react(2/3)-screenshots-fluent.blue.light,td6-deps_26_2,cancelled,Install dependencies,https://github.com/DevExpress/DevExtreme/actions/runs/34494977945/job/102935809007
"10.09.26, 15:33:48",102936023205,34494977945,1,Demos Visual Tests,CSP Violations Summary,td6-deps_26_2,cancelled,,https://github.com/DevExpress/DevExtreme/actions/runs/34494977945/job/102936023205
"10.09.26, 15:34:28",102936271105,34494977945,1,Demos Visual Tests,merge-artifacts,td6-deps_26_2,cancelled,,https://github.com/DevExpress/DevExtreme/actions/runs/34494977945/job/102936271105
"10.09.26, 15:06:26",102925817954,34493415823,1,Demos Visual Tests,Build DevExtreme,remove-inlines-scheduler-demos,failure,,https://github.com/DevExpress/DevExtreme/actions/runs/34493415823/job/102925817954
"10.09.26, 16:31:53",102957015879,34493415823,2,Demos Visual Tests,Check TS and lint code base,remove-inlines-scheduler-demos,failure,Check TS and lint results,https://github.com/DevExpress/DevExtreme/actions/runs/34493415823/job/102957015879
"10.09.26, 16:31:53",102957015952,34493415823,2,Demos Visual Tests,Check generated demos,remove-inlines-scheduler-demos,failure,Check generated JS demos,https://github.com/DevExpress/DevExtreme/actions/runs/34493415823/job/102957015952
"10.09.26, 15:05:24",102925423653,34493351234,1,Demos Visual Tests,Check if tests should run,feature/26_2_new_fluent_theme_with_design_tokens_5104-fluent-next-refactor-scales-exceptions,cancelled,,https://github.com/DevExpress/DevExtreme/actions/runs/34493351234/job/102925423653
"10.09.26, 15:05:44",102925549084,34493351234,1,Demos Visual Tests,Build DevExtreme,feature/26_2_new_fluent_theme_with_design_tokens_5104-fluent-next-refactor-scales-exceptions,cancelled,,https://github.com/DevExpress/DevExtreme/actions/runs/34493351234/job/102925549084
"10.09.26, 15:05:44",102925549127,34493351234,1,Demos Visual Tests,Get changed demos,feature/26_2_new_fluent_theme_with_design_tokens_5104-fluent-next-refactor-scales-exceptions,cancelled,,https://github.com/DevExpress/DevExtreme/actions/runs/34493351234/job/102925549127
"10.09.26, 15:05:44",102925550109,34493351234,1,Demos Visual Tests,Determine scope for framework tests,feature/26_2_new_fluent_theme_with_design_tokens_5104-fluent-next-refactor-scales-exceptions,cancelled,,https://github.com/DevExpress/DevExtreme/actions/runs/34493351234/job/102925550109
"10.09.26, 15:05:44",102925550409,34493351234,1,Demos Visual Tests,CSP check (jQuery),feature/26_2_new_fluent_theme_with_design_tokens_5104-fluent-next-refactor-scales-exceptions,cancelled,,https://github.com/DevExpress/DevExtreme/actions/runs/34493351234/job/102925550409
"10.09.26, 15:05:44",102925550594,34493351234,1,Demos Visual Tests,${{ matrix.CONSTEL }}-${{ matrix.STRATEGY }}-${{ matrix.THEME }},feature/26_2_new_fluent_theme_with_design_tokens_5104-fluent-next-refactor-scales-exceptions,cancelled,,https://github.com/DevExpress/DevExtreme/actions/runs/34493351234/job/102925550594
"10.09.26, 15:05:44",102925551016,34493351234,1,Demos Visual Tests,Check TS and lint code base,feature/26_2_new_fluent_theme_with_design_tokens_5104-fluent-next-refactor-scales-exceptions,cancelled,,https://github.com/DevExpress/DevExtreme/actions/runs/34493351234/job/102925551016
"10.09.26, 15:05:44",102925551145,34493351234,1,Demos Visual Tests,"matrix.SHARD_TOTAL == 1 && format('CSP check ({0})', matrix.FRAMEWORK) || format('CSP check ({0} {1}/{2})', matrix.FRAMEWORK, matrix.SHARD_INDEX, matrix.SHARD_TOTAL)",feature/26_2_new_fluent_theme_with_design_tokens_5104-fluent-next-refactor-scales-exceptions,cancelled,,https://github.com/DevExpress/DevExtreme/actions/runs/34493351234/job/102925551145
"10.09.26, 15:05:44",102925551289,34493351234,1,Demos Visual Tests,"Build vendor bundles (React, Vue)",feature/26_2_new_fluent_theme_with_design_tokens_5104-fluent-next-refactor-scales-exceptions,cancelled,,https://github.com/DevExpress/DevExtreme/actions/runs/34493351234/job/102925551289
"10.09.26, 15:05:44",102925551346,34493351234,1,Demos Visual Tests,Check generated demos,feature/26_2_new_fluent_theme_with_design_tokens_5104-fluent-next-refactor-scales-exceptions,cancelled,,https://github.com/DevExpress/DevExtreme/actions/runs/34493351234/job/102925551346
"10.09.26, 15:05:44",102925551685,34493351234,1,Demos Visual Tests,"matrix.SHARD_TOTAL == 1 && format('Build demos ({0})', matrix.FRAMEWORK) || format('Build demos ({0} {1}/{2})', matrix.FRAMEWORK, matrix.SHARD_INDEX, matrix.SHARD_TOTAL)",feature/26_2_new_fluent_theme_with_design_tokens_5104-fluent-next-refactor-scales-exceptions,cancelled,,https://github.com/DevExpress/DevExtreme/actions/runs/34493351234/job/102925551685
"10.09.26, 15:05:44",102925551915,34493351234,1,Demos Visual Tests,Determine jQuery test matrix,feature/26_2_new_fluent_theme_with_design_tokens_5104-fluent-next-refactor-scales-exceptions,cancelled,,https://github.com/DevExpress/DevExtreme/actions/runs/34493351234/job/102925551915
"10.09.26, 15:05:44",102925552452,34493351234,1,Demos Visual Tests,CSP Violations Summary,feature/26_2_new_fluent_theme_with_design_tokens_5104-fluent-next-refactor-scales-exceptions,cancelled,,https://github.com/DevExpress/DevExtreme/actions/runs/34493351234/job/102925552452
"10.09.26, 15:05:44",102925552865,34493351234,1,Demos Visual Tests,${{ matrix.CONSTEL }}-screenshots-${{ matrix.THEME }},feature/26_2_new_fluent_theme_with_design_tokens_5104-fluent-next-refactor-scales-exceptions,cancelled,,https://github.com/DevExpress/DevExtreme/actions/runs/34493351234/job/102925552865
"10.09.26, 15:05:44",102925553421,34493351234,1,Demos Visual Tests,merge-artifacts,feature/26_2_new_fluent_theme_with_design_tokens_5104-fluent-next-refactor-scales-exceptions,cancelled,,https://github.com/DevExpress/DevExtreme/actions/runs/34493351234/job/102925553421
"10.09.26, 15:05:44",102925553509,34493351234,1,Demos Visual Tests,${{ matrix.CONSTEL }}-screenshots-${{ matrix.THEME }},feature/26_2_new_fluent_theme_with_design_tokens_5104-fluent-next-refactor-scales-exceptions,cancelled,,https://github.com/DevExpress/DevExtreme/actions/runs/34493351234/job/102925553509
"10.09.26, 14:49:38",102919503108,34490618824,1,Demos Visual Tests,Check TS and lint code base,feature/add-demo-datagrid-ai-detail-view,failure,Check TS and lint results,https://github.com/DevExpress/DevExtreme/actions/runs/34490618824/job/102919503108
"10.09.26, 14:47:11",102918580296,34490185156,1,Demos Visual Tests,CSP check (jQuery),fluent-next/theme-modes,cancelled,Run CSP Check,https://github.com/DevExpress/DevExtreme/actions/runs/34490185156/job/102918580296
"10.09.26, 14:47:11",102918580324,34490185156,1,Demos Visual Tests,CSP check (React 2/2),fluent-next/theme-modes,cancelled,,https://github.com/DevExpress/DevExtreme/actions/runs/34490185156/job/102918580324
"10.09.26, 14:47:11",102918580469,34490185156,1,Demos Visual Tests,CSP check (Angular 2/3),fluent-next/theme-modes,cancelled,Run CSP Check,https://github.com/DevExpress/DevExtreme/actions/runs/34490185156/job/102918580469
"10.09.26, 14:52:08",102920424144,34490185156,1,Demos Visual Tests,react(3/3)-screenshots-fluent-next.blue.light,fluent-next/theme-modes,cancelled,,https://github.com/DevExpress/DevExtreme/actions/runs/34490185156/job/102920424144
"10.09.26, 14:59:44",102923264309,34490185156,1,Demos Visual Tests,merge-artifacts,fluent-next/theme-modes,cancelled,,https://github.com/DevExpress/DevExtreme/actions/runs/34490185156/job/102923264309
"10.09.26, 15:04:15",102924981262,34490185156,1,Demos Visual Tests,CSP Violations Summary,fluent-next/theme-modes,cancelled,,https://github.com/DevExpress/DevExtreme/actions/runs/34490185156/job/102924981262
"10.09.26, 14:35:18",102914079913,34489002148,1,Demos Visual Tests,Check TS and lint code base,remove-inlines-gantt-demos,failure,Check TS and lint results,https://github.com/DevExpress/DevExtreme/actions/runs/34489002148/job/102914079913
"10.09.26, 14:35:18",102914080049,34489002148,1,Demos Visual Tests,Check generated demos,remove-inlines-gantt-demos,failure,Check generated JS demos,https://github.com/DevExpress/DevExtreme/actions/runs/34489002148/job/102914080049
"10.09.26, 14:22:44",102909341862,34487561715,1,Demos Visual Tests,Check TS and lint code base,main,failure,Check TS and lint results,https://github.com/DevExpress/DevExtreme/actions/runs/34487561715/job/102909341862
"10.09.26, 14:22:44",102909341907,34487561715,1,Demos Visual Tests,Check generated demos,main,failure,Check generated JS demos,https://github.com/DevExpress/DevExtreme/actions/runs/34487561715/job/102909341907
"10.09.26, 14:11:33",102905174125,34485933551,1,Demos Visual Tests,jquery(2/3)-screenshots-material.blue.light,update_ng21,failure,Run TestCafe tests (jQuery),https://github.com/DevExpress/DevExtreme/actions/runs/34485933551/job/102905174125
"10.09.26, 13:46:16",102896000341,34483519808,1,Demos Visual Tests,react(1/3)-screenshots-fluent.blue.light,update_ng21,cancelled,,https://github.com/DevExpress/DevExtreme/actions/runs/34483519808/job/102896000341
"10.09.26, 13:46:16",102896000403,34483519808,1,Demos Visual Tests,vue(4/5)-screenshots-fluent.blue.light,update_ng21,cancelled,,https://github.com/DevExpress/DevExtreme/actions/runs/34483519808/job/102896000403
"10.09.26, 14:02:44",102901929868,34483519808,1,Demos Visual Tests,merge-artifacts,update_ng21,cancelled,,https://github.com/DevExpress/DevExtreme/actions/runs/34483519808/job/102901929868
"10.09.26, 13:41:43",102894379561,34483192180,1,Demos Visual Tests,jquery(2/3)-screenshots-fluent.blue.light,feature/26_2_new_fluent_theme_with_design_tokens_5104-fluent-next-refactor-scales-exceptions,failure,,https://github.com/DevExpress/DevExtreme/actions/runs/34483192180/job/102894379561
"10.09.26, 13:50:59",102897677446,34483192180,1,Demos Visual Tests,angular(4/10)-screenshots-fluent.blue.light,feature/26_2_new_fluent_theme_with_design_tokens_5104-fluent-next-refactor-scales-exceptions,failure,,https://github.com/DevExpress/DevExtreme/actions/runs/34483192180/job/102897677446
"10.09.26, 13:50:59",102897677488,34483192180,1,Demos Visual Tests,angular(4/10)-screenshots-fluent-next.blue.light,feature/26_2_new_fluent_theme_with_design_tokens_5104-fluent-next-refactor-scales-exceptions,failure,,https://github.com/DevExpress/DevExtreme/actions/runs/34483192180/job/102897677488
"10.09.26, 13:39:46",102893685677,34483033148,1,Demos Visual Tests,Check TS and lint code base,main,failure,Check TS and lint results,https://github.com/DevExpress/DevExtreme/actions/runs/34483033148/job/102893685677
"10.09.26, 13:39:46",102893685698,34483033148,1,Demos Visual Tests,Check generated demos,main,failure,Check generated JS demos,https://github.com/DevExpress/DevExtreme/actions/runs/34483033148/job/102893685698
"10.09.26, 13:47:30",102896445138,34483033148,1,Demos Visual Tests,vue(5/5)-screenshots-fluent.blue.light,main,failure,Run TestCafe tests,https://github.com/DevExpress/DevExtreme/actions/runs/34483033148/job/102896445138
"10.09.26, 13:47:30",102896445306,34483033148,1,Demos Visual Tests,vue(2/5)-screenshots-fluent.blue.light,main,failure,,https://github.com/DevExpress/DevExtreme/actions/runs/34483033148/job/102896445306
"10.09.26, 13:28:44",102889794675,34482849946,1,Demos Visual Tests,Build DevExtreme,main,cancelled,Install dependencies,https://github.com/DevExpress/DevExtreme/actions/runs/34482849946/job/102889794675
"10.09.26, 13:30:28",102890395005,34482849946,1,Demos Visual Tests,"Build vendor bundles (React, Vue)",main,cancelled,,https://github.com/DevExpress/DevExtreme/actions/runs/34482849946/job/102890395005
"10.09.26, 13:30:28",102890395128,34482849946,1,Demos Visual Tests,Check TS and lint code base,main,cancelled,,https://github.com/DevExpress/DevExtreme/actions/runs/34482849946/job/102890395128
"10.09.26, 13:30:28",102890395195,34482849946,1,Demos Visual Tests,Check generated demos,main,cancelled,,https://github.com/DevExpress/DevExtreme/actions/runs/34482849946/job/102890395195
"10.09.26, 13:30:28",102890395374,34482849946,1,Demos Visual Tests,${{ matrix.CONSTEL }}-${{ matrix.STRATEGY }}-${{ matrix.THEME }},main,cancelled,,https://github.com/DevExpress/DevExtreme/actions/runs/34482849946/job/102890395374
"10.09.26, 13:30:28",102890395616,34482849946,1,Demos Visual Tests,CSP check (jQuery),main,cancelled,,https://github.com/DevExpress/DevExtreme/actions/runs/34482849946/job/102890395616
"10.09.26, 13:30:28",102890395645,34482849946,1,Demos Visual Tests,"matrix.SHARD_TOTAL == 1 && format('CSP check ({0})', matrix.FRAMEWORK) || format('CSP check ({0} {1}/{2})', matrix.FRAMEWORK, matrix.SHARD_INDEX, matrix.SHARD_TOTAL)",main,cancelled,,https://github.com/DevExpress/DevExtreme/actions/runs/34482849946/job/102890395645
"10.09.26, 13:30:28",102890395957,34482849946,1,Demos Visual Tests,CSP Violations Summary,main,cancelled,,https://github.com/DevExpress/DevExtreme/actions/runs/34482849946/job/102890395957
"10.09.26, 13:30:28",102890396810,34482849946,1,Demos Visual Tests,"matrix.SHARD_TOTAL == 1 && format('Build demos ({0})', matrix.FRAMEWORK) || format('Build demos ({0} {1}/{2})', matrix.FRAMEWORK, matrix.SHARD_INDEX, matrix.SHARD_TOTAL)",main,cancelled,,https://github.com/DevExpress/DevExtreme/actions/runs/34482849946/job/102890396810
"10.09.26, 13:30:29",102890397600,34482849946,1,Demos Visual Tests,${{ matrix.CONSTEL }}-screenshots-${{ matrix.THEME }},main,cancelled,,https://github.com/DevExpress/DevExtreme/actions/runs/34482849946/job/102890397600
"10.09.26, 13:30:29",102890398778,34482849946,1,Demos Visual Tests,merge-artifacts,main,cancelled,,https://github.com/DevExpress/DevExtreme/actions/runs/34482849946/job/102890398778
"10.09.26, 13:35:59",102892347324,34482731823,1,Demos Visual Tests,Check TS and lint code base,remove-inlines-scheduler-demos,failure,Check TS and lint results,https://github.com/DevExpress/DevExtreme/actions/runs/34482731823/job/102892347324
"10.09.26, 13:35:59",102892347384,34482731823,1,Demos Visual Tests,Check generated demos,remove-inlines-scheduler-demos,failure,Check generated JS demos,https://github.com/DevExpress/DevExtreme/actions/runs/34482731823/job/102892347384
"10.09.26, 13:41:06",102894161835,34482731823,1,Demos Visual Tests,react(2/3)-screenshots-fluent.blue.light,remove-inlines-scheduler-demos,failure,,https://github.com/DevExpress/DevExtreme/actions/runs/34482731823/job/102894161835
"10.09.26, 14:06:48",102903420176,34482731823,2,Demos Visual Tests,Check generated demos,remove-inlines-scheduler-demos,failure,Check generated JS demos,https://github.com/DevExpress/DevExtreme/actions/runs/34482731823/job/102903420176
"10.09.26, 14:06:48",102903420217,34482731823,2,Demos Visual Tests,Check TS and lint code base,remove-inlines-scheduler-demos,failure,Check TS and lint results,https://github.com/DevExpress/DevExtreme/actions/runs/34482731823/job/102903420217
"10.09.26, 13:41:42",102894370546,34482693103,1,Demos Visual Tests,angular(6/10)-screenshots-fluent.blue.light,26_1,failure,,https://github.com/DevExpress/DevExtreme/actions/runs/34482693103/job/102894370546
"10.09.26, 13:41:42",102894370638,34482693103,1,Demos Visual Tests,angular(4/10)-screenshots-fluent.blue.light,26_1,failure,,https://github.com/DevExpress/DevExtreme/actions/runs/34482693103/job/102894370638
"10.09.26, 13:14:18",102884761008,34480457024,1,Demos Visual Tests,Check TS and lint code base,td6-deps_26_2,failure,Check TS and lint results,https://github.com/DevExpress/DevExtreme/actions/runs/34480457024/job/102884761008
"10.09.26, 12:58:31",102879422448,34478433190,1,Demos Visual Tests,vue(5/5)-screenshots-fluent-next.blue.light,feature/26_2_new_fluent_theme_with_design_tokens_5104-fluent-next-refactor-scales-exceptions,failure,Run TestCafe tests,https://github.com/DevExpress/DevExtreme/actions/runs/34478433190/job/102879422448
"10.09.26, 12:58:31",102879422465,34478433190,1,Demos Visual Tests,react(1/3)-screenshots-fluent-next.blue.light,feature/26_2_new_fluent_theme_with_design_tokens_5104-fluent-next-refactor-scales-exceptions,failure,Run TestCafe tests,https://github.com/DevExpress/DevExtreme/actions/runs/34478433190/job/102879422465
"10.09.26, 12:58:31",102879422488,34478433190,1,Demos Visual Tests,vue(1/5)-screenshots-fluent-next.blue.light,feature/26_2_new_fluent_theme_with_design_tokens_5104-fluent-next-refactor-scales-exceptions,failure,Run TestCafe tests,https://github.com/DevExpress/DevExtreme/actions/runs/34478433190/job/102879422488
"10.09.26, 12:58:31",102879422489,34478433190,1,Demos Visual Tests,react(3/3)-screenshots-fluent-next.blue.light,feature/26_2_new_fluent_theme_with_design_tokens_5104-fluent-next-refactor-scales-exceptions,failure,Run TestCafe tests,https://github.com/DevExpress/DevExtreme/actions/runs/34478433190/job/102879422489
"10.09.26, 12:58:31",102879422511,34478433190,1,Demos Visual Tests,vue(4/5)-screenshots-fluent-next.blue.light,feature/26_2_new_fluent_theme_with_design_tokens_5104-fluent-next-refactor-scales-exceptions,failure,Run TestCafe tests,https://github.com/DevExpress/DevExtreme/actions/runs/34478433190/job/102879422511
"10.09.26, 12:58:31",102879422549,34478433190,1,Demos Visual Tests,angular(2/10)-screenshots-fluent-next.blue.light,feature/26_2_new_fluent_theme_with_design_tokens_5104-fluent-next-refactor-scales-exceptions,failure,Run TestCafe tests,https://github.com/DevExpress/DevExtreme/actions/runs/34478433190/job/102879422549
"10.09.26, 12:58:31",102879422594,34478433190,1,Demos Visual Tests,angular(3/10)-screenshots-fluent-next.blue.light,feature/26_2_new_fluent_theme_with_design_tokens_5104-fluent-next-refactor-scales-exceptions,failure,Run TestCafe tests,https://github.com/DevExpress/DevExtreme/actions/runs/34478433190/job/102879422594
"10.09.26, 12:58:31",102879422611,34478433190,1,Demos Visual Tests,vue(3/5)-screenshots-fluent-next.blue.light,feature/26_2_new_fluent_theme_with_design_tokens_5104-fluent-next-refactor-scales-exceptions,failure,Run TestCafe tests,https://github.com/DevExpress/DevExtreme/actions/runs/34478433190/job/102879422611
"10.09.26, 12:58:31",102879422613,34478433190,1,Demos Visual Tests,react(2/3)-screenshots-fluent-next.blue.light,feature/26_2_new_fluent_theme_with_design_tokens_5104-fluent-next-refactor-scales-exceptions,failure,Run TestCafe tests,https://github.com/DevExpress/DevExtreme/actions/runs/34478433190/job/102879422613
"10.09.26, 12:58:31",102879422668,34478433190,1,Demos Visual Tests,angular(1/10)-screenshots-fluent-next.blue.light,feature/26_2_new_fluent_theme_with_design_tokens_5104-fluent-next-refactor-scales-exceptions,failure,Run TestCafe tests,https://github.com/DevExpress/DevExtreme/actions/runs/34478433190/job/102879422668
"10.09.26, 12:58:31",102879422683,34478433190,1,Demos Visual Tests,vue(2/5)-screenshots-fluent-next.blue.light,feature/26_2_new_fluent_theme_with_design_tokens_5104-fluent-next-refactor-scales-exceptions,failure,Run TestCafe tests,https://github.com/DevExpress/DevExtreme/actions/runs/34478433190/job/102879422683
"10.09.26, 12:58:31",102879422690,34478433190,1,Demos Visual Tests,angular(4/10)-screenshots-fluent-next.blue.light,feature/26_2_new_fluent_theme_with_design_tokens_5104-fluent-next-refactor-scales-exceptions,failure,Run TestCafe tests,https://github.com/DevExpress/DevExtreme/actions/runs/34478433190/job/102879422690
"10.09.26, 12:58:31",102879422773,34478433190,1,Demos Visual Tests,angular(10/10)-screenshots-fluent-next.blue.light,feature/26_2_new_fluent_theme_with_design_tokens_5104-fluent-next-refactor-scales-exceptions,failure,Run TestCafe tests,https://github.com/DevExpress/DevExtreme/actions/runs/34478433190/job/102879422773
"10.09.26, 12:58:31",102879422874,34478433190,1,Demos Visual Tests,angular(9/10)-screenshots-fluent-next.blue.light,feature/26_2_new_fluent_theme_with_design_tokens_5104-fluent-next-refactor-scales-exceptions,failure,Run TestCafe tests,https://github.com/DevExpress/DevExtreme/actions/runs/34478433190/job/102879422874
"10.09.26, 12:58:31",102879422959,34478433190,1,Demos Visual Tests,angular(8/10)-screenshots-fluent-next.blue.light,feature/26_2_new_fluent_theme_with_design_tokens_5104-fluent-next-refactor-scales-exceptions,failure,Run TestCafe tests,https://github.com/DevExpress/DevExtreme/actions/runs/34478433190/job/102879422959
"10.09.26, 11:47:57",102857691429,34472448048,1,Demos Visual Tests,Check generated demos,remove-inlines-gantt-demos,failure,Check generated JS demos,https://github.com/DevExpress/DevExtreme/actions/runs/34472448048/job/102857691429
"10.09.26, 11:47:57",102857691475,34472448048,1,Demos Visual Tests,Check TS and lint code base,remove-inlines-gantt-demos,failure,Check TS and lint results,https://github.com/DevExpress/DevExtreme/actions/runs/34472448048/job/102857691475
"10.09.26, 10:58:55",102843816231,34467796942,1,Demos Visual Tests,vue(3/5)-screenshots-fluent-next.blue.light,feature/26_2_new_fluent_theme_with_design_tokens_5104-fluent-next-refactor-scales-exceptions,failure,Run TestCafe tests,https://github.com/DevExpress/DevExtreme/actions/runs/34467796942/job/102843816231
"10.09.26, 10:39:07",102838348993,34467047755,1,Demos Visual Tests,Build DevExtreme,feature/26_2_new_fluent_theme_with_design_tokens_5104-fluent-next-refactor-scales-exceptions,cancelled,DevExtreme - Build-all,https://github.com/DevExpress/DevExtreme/actions/runs/34467047755/job/102838348993
"10.09.26, 10:46:46",102840464612,34467047755,1,Demos Visual Tests,${{ matrix.CONSTEL }}-${{ matrix.STRATEGY }}-${{ matrix.THEME }},feature/26_2_new_fluent_theme_with_design_tokens_5104-fluent-next-refactor-scales-exceptions,cancelled,,https://github.com/DevExpress/DevExtreme/actions/runs/34467047755/job/102840464612
"10.09.26, 10:46:46",102840464657,34467047755,1,Demos Visual Tests,"matrix.SHARD_TOTAL == 1 && format('CSP check ({0})', matrix.FRAMEWORK) || format('CSP check ({0} {1}/{2})', matrix.FRAMEWORK, matrix.SHARD_INDEX, matrix.SHARD_TOTAL)",feature/26_2_new_fluent_theme_with_design_tokens_5104-fluent-next-refactor-scales-exceptions,cancelled,,https://github.com/DevExpress/DevExtreme/actions/runs/34467047755/job/102840464657
"10.09.26, 10:46:46",102840464731,34467047755,1,Demos Visual Tests,"Build vendor bundles (React, Vue)",feature/26_2_new_fluent_theme_with_design_tokens_5104-fluent-next-refactor-scales-exceptions,cancelled,,https://github.com/DevExpress/DevExtreme/actions/runs/34467047755/job/102840464731
"10.09.26, 10:46:46",102840464894,34467047755,1,Demos Visual Tests,CSP check (jQuery),feature/26_2_new_fluent_theme_with_design_tokens_5104-fluent-next-refactor-scales-exceptions,cancelled,,https://github.com/DevExpress/DevExtreme/actions/runs/34467047755/job/102840464894
"10.09.26, 10:46:46",102840465186,34467047755,1,Demos Visual Tests,Check generated demos,feature/26_2_new_fluent_theme_with_design_tokens_5104-fluent-next-refactor-scales-exceptions,cancelled,,https://github.com/DevExpress/DevExtreme/actions/runs/34467047755/job/102840465186
"10.09.26, 10:46:46",102840465250,34467047755,1,Demos Visual Tests,Check TS and lint code base,feature/26_2_new_fluent_theme_with_design_tokens_5104-fluent-next-refactor-scales-exceptions,cancelled,,https://github.com/DevExpress/DevExtreme/actions/runs/34467047755/job/102840465250
"10.09.26, 10:46:46",102840465430,34467047755,1,Demos Visual Tests,"matrix.SHARD_TOTAL == 1 && format('Build demos ({0})', matrix.FRAMEWORK) || format('Build demos ({0} {1}/{2})', matrix.FRAMEWORK, matrix.SHARD_INDEX, matrix.SHARD_TOTAL)",feature/26_2_new_fluent_theme_with_design_tokens_5104-fluent-next-refactor-scales-exceptions,cancelled,,https://github.com/DevExpress/DevExtreme/actions/runs/34467047755/job/102840465430
"10.09.26, 10:46:46",102840465616,34467047755,1,Demos Visual Tests,CSP Violations Summary,feature/26_2_new_fluent_theme_with_design_tokens_5104-fluent-next-refactor-scales-exceptions,cancelled,,https://github.com/DevExpress/DevExtreme/actions/runs/34467047755/job/102840465616
"10.09.26, 10:46:46",102840465818,34467047755,1,Demos Visual Tests,${{ matrix.CONSTEL }}-screenshots-${{ matrix.THEME }},feature/26_2_new_fluent_theme_with_design_tokens_5104-fluent-next-refactor-scales-exceptions,cancelled,,https://github.com/DevExpress/DevExtreme/actions/runs/34467047755/job/102840465818
"10.09.26, 10:46:47",102840466255,34467047755,1,Demos Visual Tests,merge-artifacts,feature/26_2_new_fluent_theme_with_design_tokens_5104-fluent-next-refactor-scales-exceptions,cancelled,,https://github.com/DevExpress/DevExtreme/actions/runs/34467047755/job/102840466255
"10.09.26, 10:46:47",102840466337,34467047755,1,Demos Visual Tests,${{ matrix.CONSTEL }}-screenshots-${{ matrix.THEME }},feature/26_2_new_fluent_theme_with_design_tokens_5104-fluent-next-refactor-scales-exceptions,cancelled,,https://github.com/DevExpress/DevExtreme/actions/runs/34467047755/job/102840466337
"10.09.26, 10:37:12",102837813005,34467005697,1,Demos Visual Tests,Check if tests should run,feature/26_2_new_fluent_theme_with_design_tokens_5104-fluent-next-refactor-scales-exceptions,cancelled,Run actions/checkout@v6,https://github.com/DevExpress/DevExtreme/actions/runs/34467005697/job/102837813005
"10.09.26, 10:37:46",102837969530,34467005697,1,Demos Visual Tests,Get changed demos,feature/26_2_new_fluent_theme_with_design_tokens_5104-fluent-next-refactor-scales-exceptions,cancelled,,https://github.com/DevExpress/DevExtreme/actions/runs/34467005697/job/102837969530
"10.09.26, 10:37:46",102837969534,34467005697,1,Demos Visual Tests,Build DevExtreme,feature/26_2_new_fluent_theme_with_design_tokens_5104-fluent-next-refactor-scales-exceptions,cancelled,,https://github.com/DevExpress/DevExtreme/actions/runs/34467005697/job/102837969534
"10.09.26, 10:37:46",102837969761,34467005697,1,Demos Visual Tests,Check TS and lint code base,feature/26_2_new_fluent_theme_with_design_tokens_5104-fluent-next-refactor-scales-exceptions,cancelled,,https://github.com/DevExpress/DevExtreme/actions/runs/34467005697/job/102837969761
"10.09.26, 10:37:46",102837969784,34467005697,1,Demos Visual Tests,Check generated demos,feature/26_2_new_fluent_theme_with_design_tokens_5104-fluent-next-refactor-scales-exceptions,cancelled,,https://github.com/DevExpress/DevExtreme/actions/runs/34467005697/job/102837969784
"10.09.26, 10:37:46",102837969939,34467005697,1,Demos Visual Tests,CSP check (jQuery),feature/26_2_new_fluent_theme_with_design_tokens_5104-fluent-next-refactor-scales-exceptions,cancelled,,https://github.com/DevExpress/DevExtreme/actions/runs/34467005697/job/102837969939
"10.09.26, 10:37:46",102837970018,34467005697,1,Demos Visual Tests,Determine scope for framework tests,feature/26_2_new_fluent_theme_with_design_tokens_5104-fluent-next-refactor-scales-exceptions,cancelled,,https://github.com/DevExpress/DevExtreme/actions/runs/34467005697/job/102837970018
"10.09.26, 10:37:46",102837970165,34467005697,1,Demos Visual Tests,"matrix.SHARD_TOTAL == 1 && format('CSP check ({0})', matrix.FRAMEWORK) || format('CSP check ({0} {1}/{2})', matrix.FRAMEWORK, matrix.SHARD_INDEX, matrix.SHARD_TOTAL)",feature/26_2_new_fluent_theme_with_design_tokens_5104-fluent-next-refactor-scales-exceptions,cancelled,,https://github.com/DevExpress/DevExtreme/actions/runs/34467005697/job/102837970165
"10.09.26, 10:37:46",102837970198,34467005697,1,Demos Visual Tests,"Build vendor bundles (React, Vue)",feature/26_2_new_fluent_theme_with_design_tokens_5104-fluent-next-refactor-scales-exceptions,cancelled,,https://github.com/DevExpress/DevExtreme/actions/runs/34467005697/job/102837970198
"10.09.26, 10:37:46",102837970264,34467005697,1,Demos Visual Tests,${{ matrix.CONSTEL }}-${{ matrix.STRATEGY }}-${{ matrix.THEME }},feature/26_2_new_fluent_theme_with_design_tokens_5104-fluent-next-refactor-scales-exceptions,cancelled,,https://github.com/DevExpress/DevExtreme/actions/runs/34467005697/job/102837970264
"10.09.26, 10:37:46",102837970659,34467005697,1,Demos Visual Tests,CSP Violations Summary,feature/26_2_new_fluent_theme_with_design_tokens_5104-fluent-next-refactor-scales-exceptions,cancelled,,https://github.com/DevExpress/DevExtreme/actions/runs/34467005697/job/102837970659
"10.09.26, 10:37:46",102837970720,34467005697,1,Demos Visual Tests,Determine jQuery test matrix,feature/26_2_new_fluent_theme_with_design_tokens_5104-fluent-next-refactor-scales-exceptions,cancelled,,https://github.com/DevExpress/DevExtreme/actions/runs/34467005697/job/102837970720
"10.09.26, 10:37:46",102837971213,34467005697,1,Demos Visual Tests,"matrix.SHARD_TOTAL == 1 && format('Build demos ({0})', matrix.FRAMEWORK) || format('Build demos ({0} {1}/{2})', matrix.FRAMEWORK, matrix.SHARD_INDEX, matrix.SHARD_TOTAL)",feature/26_2_new_fluent_theme_with_design_tokens_5104-fluent-next-refactor-scales-exceptions,cancelled,,https://github.com/DevExpress/DevExtreme/actions/runs/34467005697/job/102837971213
"10.09.26, 10:37:46",102837971370,34467005697,1,Demos Visual Tests,${{ matrix.CONSTEL }}-screenshots-${{ matrix.THEME }},feature/26_2_new_fluent_theme_with_design_tokens_5104-fluent-next-refactor-scales-exceptions,cancelled,,https://github.com/DevExpress/DevExtreme/actions/runs/34467005697/job/102837971370
"10.09.26, 10:37:46",102837971654,34467005697,1,Demos Visual Tests,${{ matrix.CONSTEL }}-screenshots-${{ matrix.THEME }},feature/26_2_new_fluent_theme_with_design_tokens_5104-fluent-next-refactor-scales-exceptions,cancelled,,https://github.com/DevExpress/DevExtreme/actions/runs/34467005697/job/102837971654
"10.09.26, 10:37:46",102837972279,34467005697,1,Demos Visual Tests,merge-artifacts,feature/26_2_new_fluent_theme_with_design_tokens_5104-fluent-next-refactor-scales-exceptions,cancelled,,https://github.com/DevExpress/DevExtreme/actions/runs/34467005697/job/102837972279
"10.09.26, 10:18:53",102832670408,34464558838,1,Demos Visual Tests,CSP check (React 2/2),26_1,failure,,https://github.com/DevExpress/DevExtreme/actions/runs/34464558838/job/102832670408
"10.09.26, 10:18:53",102832670539,34464558838,1,Demos Visual Tests,jquery-accessibility-fluent.blue.light,26_1,failure,,https://github.com/DevExpress/DevExtreme/actions/runs/34464558838/job/102832670539
"10.09.26, 10:17:06",102832166181,34464459916,1,Demos Visual Tests,jquery(2/3)-screenshots-fluent.blue.light,update_ng21,failure,,https://github.com/DevExpress/DevExtreme/actions/runs/34464459916/job/102832166181
"10.09.26, 10:17:06",102832166190,34464459916,1,Demos Visual Tests,jquery-accessibility-fluent.blue.dark,update_ng21,failure,,https://github.com/DevExpress/DevExtreme/actions/runs/34464459916/job/102832166190
"10.09.26, 10:24:46",102834342478,34464459916,1,Demos Visual Tests,vue(1/5)-screenshots-fluent.blue.light,update_ng21,failure,,https://github.com/DevExpress/DevExtreme/actions/runs/34464459916/job/102834342478
"10.09.26, 08:52:38",102807334690,34456715577,1,Demos Visual Tests,Check TS and lint code base,remove-inlines-datagrid-cardview-demos,failure,Check TS and lint results,https://github.com/DevExpress/DevExtreme/actions/runs/34456715577/job/102807334690
"10.09.26, 08:52:38",102807334722,34456715577,1,Demos Visual Tests,Check generated demos,remove-inlines-datagrid-cardview-demos,failure,Check generated JS demos,https://github.com/DevExpress/DevExtreme/actions/runs/34456715577/job/102807334722
"10.09.26, 08:29:33",102800640023,34454292693,1,Demos Visual Tests,vue(3/5)-screenshots-fluent-next.blue.light,feature/26_2_new_fluent_theme_with_design_tokens_5104-fluent-next-refactor-scales-exceptions,failure,Run TestCafe tests,https://github.com/DevExpress/DevExtreme/actions/runs/34454292693/job/102800640023
"10.09.26, 07:41:47",102787262597,34450011117,1,Demos Visual Tests,react(1/3)-screenshots-fluent-next.blue.light,feature/26_2_new_fluent_theme_with_design_tokens_5104-fluent-next-refactor-scales-exceptions,failure,Run TestCafe tests,https://github.com/DevExpress/DevExtreme/actions/runs/34450011117/job/102787262597
"10.09.26, 07:41:47",102787262604,34450011117,1,Demos Visual Tests,angular(9/10)-screenshots-fluent-next.blue.light,feature/26_2_new_fluent_theme_with_design_tokens_5104-fluent-next-refactor-scales-exceptions,failure,Run TestCafe tests,https://github.com/DevExpress/DevExtreme/actions/runs/34450011117/job/102787262604
"10.09.26, 07:41:47",102787262608,34450011117,1,Demos Visual Tests,angular(2/10)-screenshots-fluent-next.blue.light,feature/26_2_new_fluent_theme_with_design_tokens_5104-fluent-next-refactor-scales-exceptions,failure,Run TestCafe tests,https://github.com/DevExpress/DevExtreme/actions/runs/34450011117/job/102787262608
"10.09.26, 07:41:47",102787262613,34450011117,1,Demos Visual Tests,react(3/3)-screenshots-fluent-next.blue.light,feature/26_2_new_fluent_theme_with_design_tokens_5104-fluent-next-refactor-scales-exceptions,failure,Run TestCafe tests,https://github.com/DevExpress/DevExtreme/actions/runs/34450011117/job/102787262613
"10.09.26, 07:41:47",102787262634,34450011117,1,Demos Visual Tests,vue(4/5)-screenshots-fluent-next.blue.light,feature/26_2_new_fluent_theme_with_design_tokens_5104-fluent-next-refactor-scales-exceptions,failure,Run TestCafe tests,https://github.com/DevExpress/DevExtreme/actions/runs/34450011117/job/102787262634
"10.09.26, 07:41:47",102787262638,34450011117,1,Demos Visual Tests,vue(5/5)-screenshots-fluent-next.blue.light,feature/26_2_new_fluent_theme_with_design_tokens_5104-fluent-next-refactor-scales-exceptions,failure,Run TestCafe tests,https://github.com/DevExpress/DevExtreme/actions/runs/34450011117/job/102787262638
"10.09.26, 07:41:47",102787262647,34450011117,1,Demos Visual Tests,react(2/3)-screenshots-fluent-next.blue.light,feature/26_2_new_fluent_theme_with_design_tokens_5104-fluent-next-refactor-scales-exceptions,failure,Run TestCafe tests,https://github.com/DevExpress/DevExtreme/actions/runs/34450011117/job/102787262647
"10.09.26, 07:41:47",102787262650,34450011117,1,Demos Visual Tests,vue(1/5)-screenshots-fluent-next.blue.light,feature/26_2_new_fluent_theme_with_design_tokens_5104-fluent-next-refactor-scales-exceptions,failure,Run TestCafe tests,https://github.com/DevExpress/DevExtreme/actions/runs/34450011117/job/102787262650
"10.09.26, 07:41:47",102787262662,34450011117,1,Demos Visual Tests,vue(3/5)-screenshots-fluent-next.blue.light,feature/26_2_new_fluent_theme_with_design_tokens_5104-fluent-next-refactor-scales-exceptions,failure,Run TestCafe tests,https://github.com/DevExpress/DevExtreme/actions/runs/34450011117/job/102787262662
"10.09.26, 07:41:47",102787262664,34450011117,1,Demos Visual Tests,angular(8/10)-screenshots-fluent-next.blue.light,feature/26_2_new_fluent_theme_with_design_tokens_5104-fluent-next-refactor-scales-exceptions,failure,Run TestCafe tests,https://github.com/DevExpress/DevExtreme/actions/runs/34450011117/job/102787262664
"10.09.26, 07:41:47",102787262667,34450011117,1,Demos Visual Tests,angular(6/10)-screenshots-fluent-next.blue.light,feature/26_2_new_fluent_theme_with_design_tokens_5104-fluent-next-refactor-scales-exceptions,failure,Run TestCafe tests,https://github.com/DevExpress/DevExtreme/actions/runs/34450011117/job/102787262667
"10.09.26, 07:41:47",102787262678,34450011117,1,Demos Visual Tests,angular(1/10)-screenshots-fluent-next.blue.light,feature/26_2_new_fluent_theme_with_design_tokens_5104-fluent-next-refactor-scales-exceptions,failure,Run TestCafe tests,https://github.com/DevExpress/DevExtreme/actions/runs/34450011117/job/102787262678
"10.09.26, 07:41:47",102787262695,34450011117,1,Demos Visual Tests,angular(5/10)-screenshots-fluent-next.blue.light,feature/26_2_new_fluent_theme_with_design_tokens_5104-fluent-next-refactor-scales-exceptions,failure,Run TestCafe tests,https://github.com/DevExpress/DevExtreme/actions/runs/34450011117/job/102787262695
"10.09.26, 07:41:47",102787262697,34450011117,1,Demos Visual Tests,angular(10/10)-screenshots-fluent-next.blue.light,feature/26_2_new_fluent_theme_with_design_tokens_5104-fluent-next-refactor-scales-exceptions,failure,Run TestCafe tests,https://github.com/DevExpress/DevExtreme/actions/runs/34450011117/job/102787262697
"10.09.26, 07:41:47",102787262755,34450011117,1,Demos Visual Tests,vue(2/5)-screenshots-fluent-next.blue.light,feature/26_2_new_fluent_theme_with_design_tokens_5104-fluent-next-refactor-scales-exceptions,failure,Run TestCafe tests,https://github.com/DevExpress/DevExtreme/actions/runs/34450011117/job/102787262755
"10.09.26, 07:41:47",102787262761,34450011117,1,Demos Visual Tests,angular(4/10)-screenshots-fluent-next.blue.light,feature/26_2_new_fluent_theme_with_design_tokens_5104-fluent-next-refactor-scales-exceptions,failure,Run TestCafe tests,https://github.com/DevExpress/DevExtreme/actions/runs/34450011117/job/102787262761
"10.09.26, 07:41:47",102787262769,34450011117,1,Demos Visual Tests,angular(3/10)-screenshots-fluent-next.blue.light,feature/26_2_new_fluent_theme_with_design_tokens_5104-fluent-next-refactor-scales-exceptions,failure,Run TestCafe tests,https://github.com/DevExpress/DevExtreme/actions/runs/34450011117/job/102787262769
"10.09.26, 15:35:51",102936782328,34496401662,1,Wrappers Tests,build,td6-deps_26_2,cancelled,,https://github.com/DevExpress/DevExtreme/actions/runs/34496401662/job/102936782328
"10.09.26, 15:40:51",102938630452,34496401662,1,Wrappers Tests,test,td6-deps_26_2,cancelled,,https://github.com/DevExpress/DevExtreme/actions/runs/34496401662/job/102938630452
"10.09.26, 15:26:16",102933211820,34494978123,1,Wrappers Tests,test (angular),td6-deps_26_2,cancelled,,https://github.com/DevExpress/DevExtreme/actions/runs/34494978123/job/102933211820
"10.09.26, 15:05:24",102925422903,34493351229,1,Wrappers Tests,build,feature/26_2_new_fluent_theme_with_design_tokens_5104-fluent-next-refactor-scales-exceptions,cancelled,,https://github.com/DevExpress/DevExtreme/actions/runs/34493351229/job/102925422903
"10.09.26, 15:05:24",102925423204,34493351229,1,Wrappers Tests,check-regenerate,feature/26_2_new_fluent_theme_with_design_tokens_5104-fluent-next-refactor-scales-exceptions,cancelled,,https://github.com/DevExpress/DevExtreme/actions/runs/34493351229/job/102925423204
"10.09.26, 15:05:43",102925546467,34493351229,1,Wrappers Tests,test,feature/26_2_new_fluent_theme_with_design_tokens_5104-fluent-next-refactor-scales-exceptions,cancelled,,https://github.com/DevExpress/DevExtreme/actions/runs/34493351229/job/102925546467
"10.09.26, 13:28:24",102889681163,34482849911,1,Wrappers Tests,build,main,cancelled,Build devextreme package,https://github.com/DevExpress/DevExtreme/actions/runs/34482849911/job/102889681163
"10.09.26, 13:28:24",102889681829,34482849911,1,Wrappers Tests,check-regenerate,main,cancelled,Post Setup pnpm cache,https://github.com/DevExpress/DevExtreme/actions/runs/34482849911/job/102889681829
"10.09.26, 13:31:20",102890701571,34482849911,1,Wrappers Tests,test,main,cancelled,,https://github.com/DevExpress/DevExtreme/actions/runs/34482849911/job/102890701571
"10.09.26, 11:14:21",102848176875,34469730730,1,Wrappers Tests,test (angular),update_ng21,failure,Test angular,https://github.com/DevExpress/DevExtreme/actions/runs/34469730730/job/102848176875
"10.09.26, 10:44:16",102839775009,34467047816,1,Wrappers Tests,test (vue),feature/26_2_new_fluent_theme_with_design_tokens_5104-fluent-next-refactor-scales-exceptions,cancelled,Test vue,https://github.com/DevExpress/DevExtreme/actions/runs/34467047816/job/102839775009
"10.09.26, 10:44:16",102839775030,34467047816,1,Wrappers Tests,test (angular),feature/26_2_new_fluent_theme_with_design_tokens_5104-fluent-next-refactor-scales-exceptions,cancelled,Test angular,https://github.com/DevExpress/DevExtreme/actions/runs/34467047816/job/102839775030
"10.09.26, 10:44:16",102839775071,34467047816,1,Wrappers Tests,test (react),feature/26_2_new_fluent_theme_with_design_tokens_5104-fluent-next-refactor-scales-exceptions,cancelled,Test react,https://github.com/DevExpress/DevExtreme/actions/runs/34467047816/job/102839775071
"10.09.26, 10:37:12",102837812839,34467005670,1,Wrappers Tests,check-regenerate,feature/26_2_new_fluent_theme_with_design_tokens_5104-fluent-next-refactor-scales-exceptions,cancelled,Install dependencies,https://github.com/DevExpress/DevExtreme/actions/runs/34467005670/job/102837812839
"10.09.26, 10:37:12",102837813130,34467005670,1,Wrappers Tests,build,feature/26_2_new_fluent_theme_with_design_tokens_5104-fluent-next-refactor-scales-exceptions,cancelled,Use Node.js,https://github.com/DevExpress/DevExtreme/actions/runs/34467005670/job/102837813130
"10.09.26, 10:37:44",102837961527,34467005670,1,Wrappers Tests,test,feature/26_2_new_fluent_theme_with_design_tokens_5104-fluent-next-refactor-scales-exceptions,cancelled,,https://github.com/DevExpress/DevExtreme/actions/runs/34467005670/job/102837961527
"10.09.26, 10:24:03",102834138879,34465365823,1,Wrappers Tests,test (vue),26_1,failure,,https://github.com/DevExpress/DevExtreme/actions/runs/34465365823/job/102834138879
"10.09.26, 10:15:04",102831578554,34464558836,1,Wrappers Tests,test (angular),26_1,cancelled,Test angular,https://github.com/DevExpress/DevExtreme/actions/runs/34464558836/job/102831578554
"10.09.26, 10:15:04",102831578608,34464558836,1,Wrappers Tests,test (vue),26_1,cancelled,Test vue,https://github.com/DevExpress/DevExtreme/actions/runs/34464558836/job/102831578608
"10.09.26, 10:15:04",102831578772,34464558836,1,Wrappers Tests,test (react),26_1,cancelled,Test react,https://github.com/DevExpress/DevExtreme/actions/runs/34464558836/job/102831578772
"10.09.26, 10:13:48",102831222919,34464460041,1,Wrappers Tests,test (angular),update_ng21,failure,Test angular,https://github.com/DevExpress/DevExtreme/actions/runs/34464460041/job/102831222919
"10.09.26, 15:33:21",102935846855,34496401647,1,Wrappers E2E Tests,Build DevExtreme and Wrappers,td6-deps_26_2,cancelled,Build wrappers apps,https://github.com/DevExpress/DevExtreme/actions/runs/34496401647/job/102935846855
"10.09.26, 15:40:59",102938679905,34496401647,1,Wrappers E2E Tests,Test ${{ matrix.framework }},td6-deps_26_2,cancelled,,https://github.com/DevExpress/DevExtreme/actions/runs/34496401647/job/102938679905
"10.09.26, 15:05:24",102925423342,34493351239,1,Wrappers E2E Tests,Build DevExtreme and Wrappers,feature/26_2_new_fluent_theme_with_design_tokens_5104-fluent-next-refactor-scales-exceptions,cancelled,,https://github.com/DevExpress/DevExtreme/actions/runs/34493351239/job/102925423342
"10.09.26, 15:05:44",102925549948,34493351239,1,Wrappers E2E Tests,Test ${{ matrix.framework }},feature/26_2_new_fluent_theme_with_design_tokens_5104-fluent-next-refactor-scales-exceptions,cancelled,,https://github.com/DevExpress/DevExtreme/actions/runs/34493351239/job/102925549948
"10.09.26, 13:39:55",102893737132,34483519716,1,Wrappers E2E Tests,Test angular,update_ng21,failure,Run tests for angular,https://github.com/DevExpress/DevExtreme/actions/runs/34483519716/job/102893737132
"10.09.26, 13:28:24",102889680630,34482849774,1,Wrappers E2E Tests,Build DevExtreme and Wrappers,main,cancelled,Build all DevExtreme packages,https://github.com/DevExpress/DevExtreme/actions/runs/34482849774/job/102889680630
"10.09.26, 13:30:32",102890418639,34482849774,1,Wrappers E2E Tests,Test ${{ matrix.framework }},main,cancelled,,https://github.com/DevExpress/DevExtreme/actions/runs/34482849774/job/102890418639
"10.09.26, 13:21:36",102887322422,34481155773,1,Wrappers E2E Tests,Test angular,update_ng21,failure,Run tests for angular,https://github.com/DevExpress/DevExtreme/actions/runs/34481155773/job/102887322422
"10.09.26, 13:29:38",102890100335,34481155773,2,Wrappers E2E Tests,Test angular,update_ng21,failure,Run tests for angular,https://github.com/DevExpress/DevExtreme/actions/runs/34481155773/job/102890100335
"10.09.26, 12:23:37",102868312244,34475621253,1,Wrappers E2E Tests,Test angular,update_ng21,failure,Run tests for angular,https://github.com/DevExpress/DevExtreme/actions/runs/34475621253/job/102868312244
"10.09.26, 11:17:28",102849056353,34469730876,1,Wrappers E2E Tests,Test angular,update_ng21,failure,Run tests for angular,https://github.com/DevExpress/DevExtreme/actions/runs/34469730876/job/102849056353
"10.09.26, 10:37:45",102837964185,34467047825,1,Wrappers E2E Tests,Build DevExtreme and Wrappers,feature/26_2_new_fluent_theme_with_design_tokens_5104-fluent-next-refactor-scales-exceptions,cancelled,Post Setup pnpm cache,https://github.com/DevExpress/DevExtreme/actions/runs/34467047825/job/102837964185
"10.09.26, 10:46:23",102840361393,34467047825,1,Wrappers E2E Tests,Test ${{ matrix.framework }},feature/26_2_new_fluent_theme_with_design_tokens_5104-fluent-next-refactor-scales-exceptions,cancelled,,https://github.com/DevExpress/DevExtreme/actions/runs/34467047825/job/102840361393
"10.09.26, 10:37:12",102837812812,34467005649,1,Wrappers E2E Tests,Build DevExtreme and Wrappers,feature/26_2_new_fluent_theme_with_design_tokens_5104-fluent-next-refactor-scales-exceptions,cancelled,Use Node.js,https://github.com/DevExpress/DevExtreme/actions/runs/34467005649/job/102837812812
"10.09.26, 10:37:45",102837963885,34467005649,1,Wrappers E2E Tests,Test ${{ matrix.framework }},feature/26_2_new_fluent_theme_with_design_tokens_5104-fluent-next-refactor-scales-exceptions,cancelled,,https://github.com/DevExpress/DevExtreme/actions/runs/34467005649/job/102837963885
"10.09.26, 10:16:50",102832090053,34464460010,1,Wrappers E2E Tests,Test angular,update_ng21,failure,Run tests for angular,https://github.com/DevExpress/DevExtreme/actions/runs/34464460010/job/102832090053
