created at,id,run id,run attempt,workflow name,name,head branch,conclusion,step,html url
"03.09.26, 02:59:08",100506262705,33709659252,1,Send dependabot new vulnerability alerts,Send notifications,main,failure,Teams Notification,https://github.com/DevExpress/DevExtreme/actions/runs/33709659252/job/100506262705
"03.09.26, 22:28:57",100839670763,33813247275,1,Build and pack DevExtreme npm packages,build,fluent-next/disabled,cancelled,Install dependencies,https://github.com/DevExpress/DevExtreme/actions/runs/33813247275/job/100839670763
"03.09.26, 22:30:05",100839946663,33813247275,1,Build and pack DevExtreme npm packages,custom_bundles,fluent-next/disabled,cancelled,,https://github.com/DevExpress/DevExtreme/actions/runs/33813247275/job/100839946663
"03.09.26, 20:57:41",100814137119,33805176546,1,Build and pack DevExtreme npm packages,build,cp-26-1/remove-systemjs-from-demos,cancelled,Build npm packages,https://github.com/DevExpress/DevExtreme/actions/runs/33805176546/job/100814137119
"03.09.26, 21:00:32",100814997515,33805176546,1,Build and pack DevExtreme npm packages,custom_bundles,cp-26-1/remove-systemjs-from-demos,cancelled,,https://github.com/DevExpress/DevExtreme/actions/runs/33805176546/job/100814997515
"03.09.26, 20:55:42",100813528346,33805087474,1,Build and pack DevExtreme npm packages,build,fix/privotgrid-demo-with-workaround,cancelled,Build npm packages,https://github.com/DevExpress/DevExtreme/actions/runs/33805087474/job/100813528346
"03.09.26, 21:03:31",100815929909,33805087474,1,Build and pack DevExtreme npm packages,custom_bundles,fix/privotgrid-demo-with-workaround,cancelled,,https://github.com/DevExpress/DevExtreme/actions/runs/33805087474/job/100815929909
"03.09.26, 20:52:22",100812493003,33804771053,1,Build and pack DevExtreme npm packages,build,cp-26-1/remove-systemjs-from-demos,cancelled,Build npm packages,https://github.com/DevExpress/DevExtreme/actions/runs/33804771053/job/100812493003
"03.09.26, 20:57:41",100814136200,33804771053,1,Build and pack DevExtreme npm packages,custom_bundles,cp-26-1/remove-systemjs-from-demos,cancelled,,https://github.com/DevExpress/DevExtreme/actions/runs/33804771053/job/100814136200
"03.09.26, 18:50:04",100773350816,33792757142,1,Build and pack DevExtreme npm packages,build,fix/privotgrid-demo-with-workaround,cancelled,Build npm packages,https://github.com/DevExpress/DevExtreme/actions/runs/33792757142/job/100773350816
"03.09.26, 18:52:14",100774064642,33792757142,1,Build and pack DevExtreme npm packages,custom_bundles,fix/privotgrid-demo-with-workaround,cancelled,,https://github.com/DevExpress/DevExtreme/actions/runs/33792757142/job/100774064642
"03.09.26, 18:48:57",100772981052,33792734997,1,Build and pack DevExtreme npm packages,build,fix/privotgrid-demo-with-workaround,cancelled,Install dependencies,https://github.com/DevExpress/DevExtreme/actions/runs/33792734997/job/100772981052
"03.09.26, 18:50:04",100773349849,33792734997,1,Build and pack DevExtreme npm packages,custom_bundles,fix/privotgrid-demo-with-workaround,cancelled,,https://github.com/DevExpress/DevExtreme/actions/runs/33792734997/job/100773349849
"03.09.26, 16:58:37",100737051010,33781766919,1,Build and pack DevExtreme npm packages,build,chore/demos-strict-screenshot-comparison,cancelled,Install dependencies,https://github.com/DevExpress/DevExtreme/actions/runs/33781766919/job/100737051010
"03.09.26, 16:59:44",100737417197,33781766919,1,Build and pack DevExtreme npm packages,custom_bundles,chore/demos-strict-screenshot-comparison,cancelled,,https://github.com/DevExpress/DevExtreme/actions/runs/33781766919/job/100737417197
"03.09.26, 16:50:11",100734335289,33780998041,1,Build and pack DevExtreme npm packages,build,chore/demos-strict-screenshot-comparison,cancelled,Post Setup nx cache,https://github.com/DevExpress/DevExtreme/actions/runs/33780998041/job/100734335289
"03.09.26, 16:58:37",100737049824,33780998041,1,Build and pack DevExtreme npm packages,custom_bundles,chore/demos-strict-screenshot-comparison,cancelled,,https://github.com/DevExpress/DevExtreme/actions/runs/33780998041/job/100737049824
"03.09.26, 16:02:16",100718406494,33776202425,1,Build and pack DevExtreme npm packages,build,chore/demos-strict-screenshot-comparison,cancelled,Build npm packages,https://github.com/DevExpress/DevExtreme/actions/runs/33776202425/job/100718406494
"03.09.26, 16:05:59",100719674729,33776202425,1,Build and pack DevExtreme npm packages,custom_bundles,chore/demos-strict-screenshot-comparison,cancelled,,https://github.com/DevExpress/DevExtreme/actions/runs/33776202425/job/100719674729
"03.09.26, 14:48:18",100694104314,33769006354,1,Build and pack DevExtreme npm packages,build,feature/demo_custom_AI_assistant_jQuery,cancelled,Build npm packages,https://github.com/DevExpress/DevExtreme/actions/runs/33769006354/job/100694104314
"03.09.26, 14:56:06",100696639186,33769006354,1,Build and pack DevExtreme npm packages,custom_bundles,feature/demo_custom_AI_assistant_jQuery,cancelled,,https://github.com/DevExpress/DevExtreme/actions/runs/33769006354/job/100696639186
"03.09.26, 14:36:13",100690084158,33767822809,1,Build and pack DevExtreme npm packages,build,feature/remove-systemjs-from-demos,cancelled,,https://github.com/DevExpress/DevExtreme/actions/runs/33767822809/job/100690084158
"03.09.26, 14:36:15",100690093028,33767822809,1,Build and pack DevExtreme npm packages,custom_bundles,feature/remove-systemjs-from-demos,cancelled,,https://github.com/DevExpress/DevExtreme/actions/runs/33767822809/job/100690093028
"03.09.26, 14:08:30",100680859124,33765015858,1,Build and pack DevExtreme npm packages,build,chore/demos-strict-screenshot-comparison,cancelled,Build npm packages,https://github.com/DevExpress/DevExtreme/actions/runs/33765015858/job/100680859124
"03.09.26, 14:16:36",100683525425,33765015858,1,Build and pack DevExtreme npm packages,custom_bundles,chore/demos-strict-screenshot-comparison,cancelled,,https://github.com/DevExpress/DevExtreme/actions/runs/33765015858/job/100683525425
"03.09.26, 14:06:23",100680160845,33764908169,1,Build and pack DevExtreme npm packages,build,chore/demos-strict-screenshot-comparison,cancelled,Install dependencies,https://github.com/DevExpress/DevExtreme/actions/runs/33764908169/job/100680160845
"03.09.26, 14:08:30",100680857450,33764908169,1,Build and pack DevExtreme npm packages,custom_bundles,chore/demos-strict-screenshot-comparison,cancelled,,https://github.com/DevExpress/DevExtreme/actions/runs/33764908169/job/100680857450
"03.09.26, 14:02:07",100678751661,33764491057,1,Build and pack DevExtreme npm packages,build,data_source_controller_main,cancelled,Build npm packages,https://github.com/DevExpress/DevExtreme/actions/runs/33764491057/job/100678751661
"03.09.26, 14:05:32",100679868977,33764491057,1,Build and pack DevExtreme npm packages,custom_bundles,data_source_controller_main,cancelled,,https://github.com/DevExpress/DevExtreme/actions/runs/33764491057/job/100679868977
"03.09.26, 13:48:02",100674223159,33763056727,1,Build and pack DevExtreme npm packages,build,chore/remove-committed-mask-etalons,cancelled,Build npm packages,https://github.com/DevExpress/DevExtreme/actions/runs/33763056727/job/100674223159
"03.09.26, 13:56:40",100676966986,33763056727,1,Build and pack DevExtreme npm packages,custom_bundles,chore/remove-committed-mask-etalons,cancelled,,https://github.com/DevExpress/DevExtreme/actions/runs/33763056727/job/100676966986
"03.09.26, 13:46:55",100673881881,33763053567,1,Build and pack DevExtreme npm packages,build,chore/remove-committed-mask-etalons,cancelled,Install dependencies,https://github.com/DevExpress/DevExtreme/actions/runs/33763053567/job/100673881881
"03.09.26, 13:48:02",100674221588,33763053567,1,Build and pack DevExtreme npm packages,custom_bundles,chore/remove-committed-mask-etalons,cancelled,,https://github.com/DevExpress/DevExtreme/actions/runs/33763053567/job/100674221588
"03.09.26, 13:37:01",100670791309,33762087492,1,Build and pack DevExtreme npm packages,build,a11y/disabled-state-markers,cancelled,Build npm packages,https://github.com/DevExpress/DevExtreme/actions/runs/33762087492/job/100670791309
"03.09.26, 13:45:39",100673474176,33762087492,1,Build and pack DevExtreme npm packages,custom_bundles,a11y/disabled-state-markers,cancelled,,https://github.com/DevExpress/DevExtreme/actions/runs/33762087492/job/100673474176
"03.09.26, 13:27:47",100667960779,33761252578,1,Build and pack DevExtreme npm packages,build,a11y/disabled-state-markers,cancelled,Build npm packages,https://github.com/DevExpress/DevExtreme/actions/runs/33761252578/job/100667960779
"03.09.26, 13:37:01",100670790396,33761252578,1,Build and pack DevExtreme npm packages,custom_bundles,a11y/disabled-state-markers,cancelled,,https://github.com/DevExpress/DevExtreme/actions/runs/33761252578/job/100670790396
"03.09.26, 13:20:32",100665603306,33760519613,1,Build and pack DevExtreme npm packages,build,a11y/disabled-state-markers,cancelled,Build npm packages,https://github.com/DevExpress/DevExtreme/actions/runs/33760519613/job/100665603306
"03.09.26, 13:27:46",100667959870,33760519613,1,Build and pack DevExtreme npm packages,custom_bundles,a11y/disabled-state-markers,cancelled,,https://github.com/DevExpress/DevExtreme/actions/runs/33760519613/job/100667959870
"03.09.26, 13:18:34",100664930319,33760336668,1,Build and pack DevExtreme npm packages,build,a11y/disabled-state-markers,cancelled,Build npm packages,https://github.com/DevExpress/DevExtreme/actions/runs/33760336668/job/100664930319
"03.09.26, 13:20:32",100665602081,33760336668,1,Build and pack DevExtreme npm packages,custom_bundles,a11y/disabled-state-markers,cancelled,,https://github.com/DevExpress/DevExtreme/actions/runs/33760336668/job/100665602081
"03.09.26, 13:14:05",100663380176,33759913370,1,Build and pack DevExtreme npm packages,build,a11y/disabled-state-markers,cancelled,Build npm packages,https://github.com/DevExpress/DevExtreme/actions/runs/33759913370/job/100663380176
"03.09.26, 13:18:34",100664930223,33759913370,1,Build and pack DevExtreme npm packages,custom_bundles,a11y/disabled-state-markers,cancelled,,https://github.com/DevExpress/DevExtreme/actions/runs/33759913370/job/100664930223
"03.09.26, 13:08:11",100661394126,33759319138,1,Build and pack DevExtreme npm packages,build,feature/add-demo-datagrid-ai-detail-view,failure,,https://github.com/DevExpress/DevExtreme/actions/runs/33759319138/job/100661394126
"03.09.26, 12:25:27",100647588590,33755112197,1,Build and pack DevExtreme npm packages,build,feature/add-demo-datagrid-ai-detail-view,cancelled,Build npm packages,https://github.com/DevExpress/DevExtreme/actions/runs/33755112197/job/100647588590
"03.09.26, 12:28:39",100648589366,33755112197,1,Build and pack DevExtreme npm packages,custom_bundles,feature/add-demo-datagrid-ai-detail-view,cancelled,,https://github.com/DevExpress/DevExtreme/actions/runs/33755112197/job/100648589366
"03.09.26, 12:15:20",100644445228,33754169573,1,Build and pack DevExtreme npm packages,build,feature/add-demo-datagrid-ai-detail-view,cancelled,Post Setup pnpm cache,https://github.com/DevExpress/DevExtreme/actions/runs/33754169573/job/100644445228
"03.09.26, 12:25:26",100647587658,33754169573,1,Build and pack DevExtreme npm packages,custom_bundles,feature/add-demo-datagrid-ai-detail-view,cancelled,,https://github.com/DevExpress/DevExtreme/actions/runs/33754169573/job/100647587658
"03.09.26, 10:10:30",100608614879,33742837654,1,Build and pack DevExtreme npm packages,build,fluent-next/disabled,cancelled,Build npm packages,https://github.com/DevExpress/DevExtreme/actions/runs/33742837654/job/100608614879
"03.09.26, 10:17:49",100610696128,33742837654,1,Build and pack DevExtreme npm packages,custom_bundles,fluent-next/disabled,cancelled,,https://github.com/DevExpress/DevExtreme/actions/runs/33742837654/job/100610696128
"03.09.26, 10:09:23",100608291881,33742757575,1,Build and pack DevExtreme npm packages,build,fluent-next/disabled,cancelled,Install dependencies,https://github.com/DevExpress/DevExtreme/actions/runs/33742757575/job/100608291881
"03.09.26, 10:10:30",100608613260,33742757575,1,Build and pack DevExtreme npm packages,custom_bundles,fluent-next/disabled,cancelled,,https://github.com/DevExpress/DevExtreme/actions/runs/33742757575/job/100608613260
"03.09.26, 09:58:53",100605230918,33741811538,1,Build and pack DevExtreme npm packages,build,fluent-next/disabled,cancelled,Post Setup nx cache,https://github.com/DevExpress/DevExtreme/actions/runs/33741811538/job/100605230918
"03.09.26, 10:09:23",100608290601,33741811538,1,Build and pack DevExtreme npm packages,custom_bundles,fluent-next/disabled,cancelled,,https://github.com/DevExpress/DevExtreme/actions/runs/33741811538/job/100608290601
"03.09.26, 09:57:13",100604766262,33741664634,1,Build and pack DevExtreme npm packages,build,5056-t1334708---tooltip---esc-key-closes-both-the-tooltip-and-its-parent-overlay,cancelled,Build npm packages,https://github.com/DevExpress/DevExtreme/actions/runs/33741664634/job/100604766262
"03.09.26, 10:04:12",100606785089,33741664634,1,Build and pack DevExtreme npm packages,custom_bundles,5056-t1334708---tooltip---esc-key-closes-both-the-tooltip-and-its-parent-overlay,cancelled,,https://github.com/DevExpress/DevExtreme/actions/runs/33741664634/job/100606785089
"03.09.26, 09:00:49",100588138829,33736485979,1,Build and pack DevExtreme npm packages,build,refactor_custom_load_pipeline_26_1,failure,Build npm packages,https://github.com/DevExpress/DevExtreme/actions/runs/33736485979/job/100588138829
"03.09.26, 08:47:41",100584265016,33735282008,1,Build and pack DevExtreme npm packages,build,refactor_custom_load_pipeline_26_1,failure,Build npm packages,https://github.com/DevExpress/DevExtreme/actions/runs/33735282008/job/100584265016
"03.09.26, 08:33:57",100580303033,33734038538,1,Build and pack DevExtreme npm packages,build,fix/qunit_mutable_facades,failure,,https://github.com/DevExpress/DevExtreme/actions/runs/33734038538/job/100580303033
"03.09.26, 01:38:20",100490482638,33703465618,1,CodeQL,Send notifications,24_2,failure,Set up job,https://github.com/DevExpress/DevExtreme/actions/runs/33703465618/job/100490482638
"03.09.26, 01:40:27",100490923444,33703465772,1,CodeQL,Send notifications,25_1,failure,Set up job,https://github.com/DevExpress/DevExtreme/actions/runs/33703465772/job/100490923444
"03.09.26, 22:28:57",100839670752,33813247329,1,Default Workflow,main,fluent-next/disabled,cancelled,Install dependencies,https://github.com/DevExpress/DevExtreme/actions/runs/33813247329/job/100839670752
"03.09.26, 22:26:40",100839106563,33813066108,1,Default Workflow,main,chore/scss-no-identical-branch-declarations,failure,Run targets,https://github.com/DevExpress/DevExtreme/actions/runs/33813066108/job/100839106563
"03.09.26, 20:57:30",100814075458,33805176630,1,Default Workflow,main,cp-26-1/remove-systemjs-from-demos,cancelled,Run targets,https://github.com/DevExpress/DevExtreme/actions/runs/33805176630/job/100814075458
"03.09.26, 20:52:22",100812492785,33804771082,1,Default Workflow,main,cp-26-1/remove-systemjs-from-demos,cancelled,Run targets,https://github.com/DevExpress/DevExtreme/actions/runs/33804771082/job/100812492785
"03.09.26, 18:50:05",100773354670,33792756962,1,Default Workflow,main,fix/privotgrid-demo-with-workaround,cancelled,Run targets,https://github.com/DevExpress/DevExtreme/actions/runs/33792756962/job/100773354670
"03.09.26, 18:48:57",100772980348,33792734886,1,Default Workflow,main,fix/privotgrid-demo-with-workaround,cancelled,Install dependencies,https://github.com/DevExpress/DevExtreme/actions/runs/33792734886/job/100772980348
"03.09.26, 16:59:18",100737274081,33781819772,1,Default Workflow,main,chore/demos-strict-screenshot-comparison,cancelled,,https://github.com/DevExpress/DevExtreme/actions/runs/33781819772/job/100737274081
"03.09.26, 16:58:10",100736908869,33781766892,1,Default Workflow,main,chore/demos-strict-screenshot-comparison,cancelled,Install dependencies,https://github.com/DevExpress/DevExtreme/actions/runs/33781766892/job/100736908869
"03.09.26, 16:02:16",100718405892,33776202354,1,Default Workflow,main,chore/demos-strict-screenshot-comparison,cancelled,Run targets,https://github.com/DevExpress/DevExtreme/actions/runs/33776202354/job/100718405892
"03.09.26, 14:36:13",100690084131,33767822872,1,Default Workflow,main,feature/remove-systemjs-from-demos,cancelled,,https://github.com/DevExpress/DevExtreme/actions/runs/33767822872/job/100690084131
"03.09.26, 14:08:05",100680721548,33765015945,1,Default Workflow,main,chore/demos-strict-screenshot-comparison,cancelled,,https://github.com/DevExpress/DevExtreme/actions/runs/33765015945/job/100680721548
"03.09.26, 14:06:23",100680163475,33764908776,1,Default Workflow,main,chore/demos-strict-screenshot-comparison,cancelled,Install dependencies,https://github.com/DevExpress/DevExtreme/actions/runs/33764908776/job/100680163475
"03.09.26, 14:02:07",100678749259,33764490644,1,Default Workflow,main,data_source_controller_main,failure,Run targets,https://github.com/DevExpress/DevExtreme/actions/runs/33764490644/job/100678749259
"03.09.26, 13:46:55",100673881492,33763053512,1,Default Workflow,main,chore/remove-committed-mask-etalons,cancelled,Install dependencies,https://github.com/DevExpress/DevExtreme/actions/runs/33763053512/job/100673881492
"03.09.26, 13:18:33",100664924685,33760336895,1,Default Workflow,main,a11y/disabled-state-markers,cancelled,Run targets,https://github.com/DevExpress/DevExtreme/actions/runs/33760336895/job/100664924685
"03.09.26, 13:14:05",100663378189,33759913232,1,Default Workflow,main,a11y/disabled-state-markers,cancelled,Run targets,https://github.com/DevExpress/DevExtreme/actions/runs/33759913232/job/100663378189
"03.09.26, 13:00:50",100658936859,33758578430,1,Default Workflow,main,grid_data_extract_editing_state_knowledge_to_extenders_26_2,failure,,https://github.com/DevExpress/DevExtreme/actions/runs/33758578430/job/100658936859
"03.09.26, 12:25:22",100647565932,33755112305,1,Default Workflow,main,feature/add-demo-datagrid-ai-detail-view,cancelled,Run targets,https://github.com/DevExpress/DevExtreme/actions/runs/33755112305/job/100647565932
"03.09.26, 10:09:06",100608213413,33742757465,1,Default Workflow,main,fluent-next/disabled,cancelled,Run targets,https://github.com/DevExpress/DevExtreme/actions/runs/33742757465/job/100608213413
"03.09.26, 09:57:13",100604766652,33741664678,1,Default Workflow,main,5056-t1334708---tooltip---esc-key-closes-both-the-tooltip-and-its-parent-overlay,cancelled,Post Setup nx cache,https://github.com/DevExpress/DevExtreme/actions/runs/33741664678/job/100604766652
"03.09.26, 09:32:49",100597648983,33739440972,1,Default Workflow,main,25_2,failure,,https://github.com/DevExpress/DevExtreme/actions/runs/33739440972/job/100597648983
"03.09.26, 09:00:49",100588138823,33736485985,1,Default Workflow,main,refactor_custom_load_pipeline_26_1,failure,Run targets,https://github.com/DevExpress/DevExtreme/actions/runs/33736485985/job/100588138823
"03.09.26, 08:47:41",100584264467,33735281939,1,Default Workflow,main,refactor_custom_load_pipeline_26_1,failure,Run targets,https://github.com/DevExpress/DevExtreme/actions/runs/33735281939/job/100584264467
"03.09.26, 08:43:50",100583151774,33734928317,1,Default Workflow,main,fluent-next/disabled,failure,,https://github.com/DevExpress/DevExtreme/actions/runs/33734928317/job/100583151774
"03.09.26, 08:33:57",100580305365,33734038957,1,Default Workflow,main,fix/qunit_mutable_facades,failure,,https://github.com/DevExpress/DevExtreme/actions/runs/33734038957/job/100580305365
"03.09.26, 23:54:42",100859171713,33819589138,1,Demos unit tests,Run unit tests,chore/scss-no-identical-branch-declarations,failure,Install dependencies,https://github.com/DevExpress/DevExtreme/actions/runs/33819589138/job/100859171713
"03.09.26, 22:29:10",100839723132,33813247219,1,Demos unit tests,Run unit tests,fluent-next/disabled,cancelled,,https://github.com/DevExpress/DevExtreme/actions/runs/33813247219/job/100839723132
"03.09.26, 18:50:51",100773608257,33792757103,1,Demos unit tests,Run unit tests,fix/privotgrid-demo-with-workaround,cancelled,,https://github.com/DevExpress/DevExtreme/actions/runs/33792757103/job/100773608257
"03.09.26, 18:49:03",100773019353,33792735041,1,Demos unit tests,Run unit tests,fix/privotgrid-demo-with-workaround,cancelled,Post Setup pnpm cache,https://github.com/DevExpress/DevExtreme/actions/runs/33792735041/job/100773019353
"03.09.26, 16:58:23",100736978414,33781766866,1,Demos unit tests,Run unit tests,chore/demos-strict-screenshot-comparison,cancelled,Post Setup pnpm cache,https://github.com/DevExpress/DevExtreme/actions/runs/33781766866/job/100736978414
"03.09.26, 14:36:14",100690086140,33767823029,1,Demos unit tests,Check if tests should run,feature/remove-systemjs-from-demos,cancelled,,https://github.com/DevExpress/DevExtreme/actions/runs/33767823029/job/100690086140
"03.09.26, 14:36:15",100690094054,33767823029,1,Demos unit tests,Run unit tests,feature/remove-systemjs-from-demos,cancelled,,https://github.com/DevExpress/DevExtreme/actions/runs/33767823029/job/100690094054
"03.09.26, 14:06:30",100680199000,33764908219,1,Demos unit tests,Run unit tests,chore/demos-strict-screenshot-comparison,cancelled,Post Setup nx cache,https://github.com/DevExpress/DevExtreme/actions/runs/33764908219/job/100680199000
"03.09.26, 13:46:55",100673880500,33763053336,1,Demos unit tests,Check if tests should run,chore/remove-committed-mask-etalons,cancelled,,https://github.com/DevExpress/DevExtreme/actions/runs/33763053336/job/100673880500
"03.09.26, 13:46:58",100673896914,33763053336,1,Demos unit tests,Run unit tests,chore/remove-committed-mask-etalons,cancelled,,https://github.com/DevExpress/DevExtreme/actions/runs/33763053336/job/100673896914
"03.09.26, 12:27:53",100648354717,33755345495,1,Demos unit tests,Run unit tests,feature/add-demo-datagrid-ai-detail-view,failure,Run unit tests,https://github.com/DevExpress/DevExtreme/actions/runs/33755345495/job/100648354717
"03.09.26, 10:09:15",100608254160,33742757684,1,Demos unit tests,Run unit tests,fluent-next/disabled,cancelled,Post Setup pnpm cache,https://github.com/DevExpress/DevExtreme/actions/runs/33742757684/job/100608254160
"03.09.26, 22:28:57",100839670231,33813247217,1,Lint,component_exports,fluent-next/disabled,cancelled,Get sources,https://github.com/DevExpress/DevExtreme/actions/runs/33813247217/job/100839670231
"03.09.26, 22:28:57",100839670478,33813247217,1,Lint,JS,fluent-next/disabled,cancelled,Install dependencies,https://github.com/DevExpress/DevExtreme/actions/runs/33813247217/job/100839670478
"03.09.26, 22:28:57",100839670606,33813247217,1,Lint,TS,fluent-next/disabled,cancelled,Setup pnpm cache,https://github.com/DevExpress/DevExtreme/actions/runs/33813247217/job/100839670606
"03.09.26, 22:28:57",100839670670,33813247217,1,Lint,texts,fluent-next/disabled,cancelled,Get sources,https://github.com/DevExpress/DevExtreme/actions/runs/33813247217/job/100839670670
"03.09.26, 22:28:57",100839670705,33813247217,1,Lint,wrappers,fluent-next/disabled,cancelled,Setup pnpm cache,https://github.com/DevExpress/DevExtreme/actions/runs/33813247217/job/100839670705
"03.09.26, 22:30:04",100839943744,33813247217,1,Lint,Send notifications,fluent-next/disabled,cancelled,,https://github.com/DevExpress/DevExtreme/actions/runs/33813247217/job/100839943744
"03.09.26, 20:57:31",100814084759,33805176554,1,Lint,JS,cp-26-1/remove-systemjs-from-demos,cancelled,Build,https://github.com/DevExpress/DevExtreme/actions/runs/33805176554/job/100814084759
"03.09.26, 20:57:31",100814085078,33805176554,1,Lint,TS,cp-26-1/remove-systemjs-from-demos,cancelled,Lint TS,https://github.com/DevExpress/DevExtreme/actions/runs/33805176554/job/100814085078
"03.09.26, 20:57:31",100814085192,33805176554,1,Lint,texts,cp-26-1/remove-systemjs-from-demos,cancelled,,https://github.com/DevExpress/DevExtreme/actions/runs/33805176554/job/100814085192
"03.09.26, 21:00:28",100814974555,33805176554,1,Lint,Send notifications,cp-26-1/remove-systemjs-from-demos,cancelled,,https://github.com/DevExpress/DevExtreme/actions/runs/33805176554/job/100814974555
"03.09.26, 20:52:23",100812493179,33804771039,1,Lint,JS,cp-26-1/remove-systemjs-from-demos,cancelled,Lint JS,https://github.com/DevExpress/DevExtreme/actions/runs/33804771039/job/100812493179
"03.09.26, 20:52:23",100812493260,33804771039,1,Lint,TS,cp-26-1/remove-systemjs-from-demos,cancelled,Post Setup pnpm cache,https://github.com/DevExpress/DevExtreme/actions/runs/33804771039/job/100812493260
"03.09.26, 20:57:31",100814083738,33804771039,1,Lint,Send notifications,cp-26-1/remove-systemjs-from-demos,cancelled,,https://github.com/DevExpress/DevExtreme/actions/runs/33804771039/job/100814083738
"03.09.26, 19:48:57",100792302914,33798625515,1,Lint,JS,chore/testcafe-test-execution-timeout-26_1,failure,,https://github.com/DevExpress/DevExtreme/actions/runs/33798625515/job/100792302914
"03.09.26, 19:23:29",100784211030,33796151262,1,Lint,TS,feature/26_2_new_fluent_theme_with_design_tokens,failure,,https://github.com/DevExpress/DevExtreme/actions/runs/33796151262/job/100784211030
"03.09.26, 18:50:19",100773431148,33792757020,1,Lint,wrappers,fix/privotgrid-demo-with-workaround,cancelled,Post Setup pnpm cache,https://github.com/DevExpress/DevExtreme/actions/runs/33792757020/job/100773431148
"03.09.26, 18:50:19",100773431324,33792757020,1,Lint,JS,fix/privotgrid-demo-with-workaround,cancelled,Build,https://github.com/DevExpress/DevExtreme/actions/runs/33792757020/job/100773431324
"03.09.26, 18:50:19",100773431374,33792757020,1,Lint,texts,fix/privotgrid-demo-with-workaround,cancelled,Post Setup pnpm cache,https://github.com/DevExpress/DevExtreme/actions/runs/33792757020/job/100773431374
"03.09.26, 18:50:19",100773431512,33792757020,1,Lint,TS,fix/privotgrid-demo-with-workaround,cancelled,Build,https://github.com/DevExpress/DevExtreme/actions/runs/33792757020/job/100773431512
"03.09.26, 18:52:17",100774081343,33792757020,1,Lint,Send notifications,fix/privotgrid-demo-with-workaround,cancelled,,https://github.com/DevExpress/DevExtreme/actions/runs/33792757020/job/100774081343
"03.09.26, 18:48:57",100772981661,33792735188,1,Lint,JS,fix/privotgrid-demo-with-workaround,cancelled,Install dependencies,https://github.com/DevExpress/DevExtreme/actions/runs/33792735188/job/100772981661
"03.09.26, 18:48:57",100772981915,33792735188,1,Lint,TS,fix/privotgrid-demo-with-workaround,cancelled,Install dependencies,https://github.com/DevExpress/DevExtreme/actions/runs/33792735188/job/100772981915
"03.09.26, 18:48:57",100772981925,33792735188,1,Lint,texts,fix/privotgrid-demo-with-workaround,cancelled,Install dependencies,https://github.com/DevExpress/DevExtreme/actions/runs/33792735188/job/100772981925
"03.09.26, 18:48:57",100772981992,33792735188,1,Lint,component_exports,fix/privotgrid-demo-with-workaround,cancelled,,https://github.com/DevExpress/DevExtreme/actions/runs/33792735188/job/100772981992
"03.09.26, 18:48:57",100772982084,33792735188,1,Lint,wrappers,fix/privotgrid-demo-with-workaround,cancelled,Install dependencies,https://github.com/DevExpress/DevExtreme/actions/runs/33792735188/job/100772982084
"03.09.26, 18:50:18",100773429653,33792735188,1,Lint,Send notifications,fix/privotgrid-demo-with-workaround,cancelled,,https://github.com/DevExpress/DevExtreme/actions/runs/33792735188/job/100773429653
"03.09.26, 16:58:11",100736909754,33781766989,1,Lint,texts,chore/demos-strict-screenshot-comparison,cancelled,Install dependencies,https://github.com/DevExpress/DevExtreme/actions/runs/33781766989/job/100736909754
"03.09.26, 16:58:11",100736909910,33781766989,1,Lint,JS,chore/demos-strict-screenshot-comparison,cancelled,Install dependencies,https://github.com/DevExpress/DevExtreme/actions/runs/33781766989/job/100736909910
"03.09.26, 16:58:11",100736910029,33781766989,1,Lint,wrappers,chore/demos-strict-screenshot-comparison,cancelled,Install dependencies,https://github.com/DevExpress/DevExtreme/actions/runs/33781766989/job/100736910029
"03.09.26, 16:58:11",100736910067,33781766989,1,Lint,TS,chore/demos-strict-screenshot-comparison,cancelled,Install dependencies,https://github.com/DevExpress/DevExtreme/actions/runs/33781766989/job/100736910067
"03.09.26, 16:58:11",100736910132,33781766989,1,Lint,component_exports,chore/demos-strict-screenshot-comparison,cancelled,,https://github.com/DevExpress/DevExtreme/actions/runs/33781766989/job/100736910132
"03.09.26, 16:59:27",100737323815,33781766989,1,Lint,Send notifications,chore/demos-strict-screenshot-comparison,cancelled,,https://github.com/DevExpress/DevExtreme/actions/runs/33781766989/job/100737323815
"03.09.26, 16:02:16",100718405883,33776202330,1,Lint,JS,chore/demos-strict-screenshot-comparison,cancelled,Build,https://github.com/DevExpress/DevExtreme/actions/runs/33776202330/job/100718405883
"03.09.26, 16:02:16",100718406389,33776202330,1,Lint,TS,chore/demos-strict-screenshot-comparison,cancelled,Build,https://github.com/DevExpress/DevExtreme/actions/runs/33776202330/job/100718406389
"03.09.26, 16:05:55",100719650874,33776202330,1,Lint,Send notifications,chore/demos-strict-screenshot-comparison,cancelled,,https://github.com/DevExpress/DevExtreme/actions/runs/33776202330/job/100719650874
"03.09.26, 14:48:18",100694103732,33769006127,1,Lint,TS,feature/demo_custom_AI_assistant_jQuery,cancelled,Post Setup pnpm cache,https://github.com/DevExpress/DevExtreme/actions/runs/33769006127/job/100694103732
"03.09.26, 14:55:54",100696574031,33769006127,1,Lint,Send notifications,feature/demo_custom_AI_assistant_jQuery,cancelled,,https://github.com/DevExpress/DevExtreme/actions/runs/33769006127/job/100696574031
"03.09.26, 14:36:14",100690085696,33767823042,1,Lint,texts,feature/remove-systemjs-from-demos,cancelled,,https://github.com/DevExpress/DevExtreme/actions/runs/33767823042/job/100690085696
"03.09.26, 14:36:14",100690085930,33767823042,1,Lint,wrappers,feature/remove-systemjs-from-demos,cancelled,,https://github.com/DevExpress/DevExtreme/actions/runs/33767823042/job/100690085930
"03.09.26, 14:36:14",100690085978,33767823042,1,Lint,TS,feature/remove-systemjs-from-demos,cancelled,,https://github.com/DevExpress/DevExtreme/actions/runs/33767823042/job/100690085978
"03.09.26, 14:36:14",100690086024,33767823042,1,Lint,component_exports,feature/remove-systemjs-from-demos,cancelled,,https://github.com/DevExpress/DevExtreme/actions/runs/33767823042/job/100690086024
"03.09.26, 14:36:14",100690086084,33767823042,1,Lint,JS,feature/remove-systemjs-from-demos,cancelled,,https://github.com/DevExpress/DevExtreme/actions/runs/33767823042/job/100690086084
"03.09.26, 14:36:16",100690095109,33767823042,1,Lint,Send notifications,feature/remove-systemjs-from-demos,cancelled,,https://github.com/DevExpress/DevExtreme/actions/runs/33767823042/job/100690095109
"03.09.26, 14:08:03",100680708191,33765015926,1,Lint,JS,chore/demos-strict-screenshot-comparison,cancelled,Build,https://github.com/DevExpress/DevExtreme/actions/runs/33765015926/job/100680708191
"03.09.26, 14:08:03",100680708299,33765015926,1,Lint,TS,chore/demos-strict-screenshot-comparison,cancelled,Build,https://github.com/DevExpress/DevExtreme/actions/runs/33765015926/job/100680708299
"03.09.26, 14:16:58",100683649188,33765015926,1,Lint,Send notifications,chore/demos-strict-screenshot-comparison,cancelled,,https://github.com/DevExpress/DevExtreme/actions/runs/33765015926/job/100683649188
"03.09.26, 14:06:23",100680160568,33764908032,1,Lint,wrappers,chore/demos-strict-screenshot-comparison,cancelled,Install dependencies,https://github.com/DevExpress/DevExtreme/actions/runs/33764908032/job/100680160568
"03.09.26, 14:06:23",100680160892,33764908032,1,Lint,texts,chore/demos-strict-screenshot-comparison,cancelled,,https://github.com/DevExpress/DevExtreme/actions/runs/33764908032/job/100680160892
"03.09.26, 14:06:23",100680160918,33764908032,1,Lint,component_exports,chore/demos-strict-screenshot-comparison,cancelled,Post Setup pnpm cache,https://github.com/DevExpress/DevExtreme/actions/runs/33764908032/job/100680160918
"03.09.26, 14:06:23",100680161105,33764908032,1,Lint,TS,chore/demos-strict-screenshot-comparison,cancelled,,https://github.com/DevExpress/DevExtreme/actions/runs/33764908032/job/100680161105
"03.09.26, 14:06:23",100680161266,33764908032,1,Lint,JS,chore/demos-strict-screenshot-comparison,cancelled,,https://github.com/DevExpress/DevExtreme/actions/runs/33764908032/job/100680161266
"03.09.26, 14:07:44",100680604814,33764908032,1,Lint,Send notifications,chore/demos-strict-screenshot-comparison,cancelled,,https://github.com/DevExpress/DevExtreme/actions/runs/33764908032/job/100680604814
"03.09.26, 14:05:32",100679867850,33764822356,1,Lint,TS,data_source_controller_main,failure,,https://github.com/DevExpress/DevExtreme/actions/runs/33764822356/job/100679867850
"03.09.26, 14:05:32",100679868134,33764822356,1,Lint,JS,data_source_controller_main,failure,,https://github.com/DevExpress/DevExtreme/actions/runs/33764822356/job/100679868134
"03.09.26, 14:02:07",100678750290,33764490847,1,Lint,TS,data_source_controller_main,failure,Build,https://github.com/DevExpress/DevExtreme/actions/runs/33764490847/job/100678750290
"03.09.26, 14:02:07",100678750848,33764490847,1,Lint,JS,data_source_controller_main,failure,Build,https://github.com/DevExpress/DevExtreme/actions/runs/33764490847/job/100678750848
"03.09.26, 13:46:55",100673880515,33763053358,1,Lint,wrappers,chore/remove-committed-mask-etalons,cancelled,Set up job,https://github.com/DevExpress/DevExtreme/actions/runs/33763053358/job/100673880515
"03.09.26, 13:46:55",100673880568,33763053358,1,Lint,JS,chore/remove-committed-mask-etalons,cancelled,Install dependencies,https://github.com/DevExpress/DevExtreme/actions/runs/33763053358/job/100673880568
"03.09.26, 13:46:55",100673880598,33763053358,1,Lint,component_exports,chore/remove-committed-mask-etalons,cancelled,,https://github.com/DevExpress/DevExtreme/actions/runs/33763053358/job/100673880598
"03.09.26, 13:46:55",100673880678,33763053358,1,Lint,texts,chore/remove-committed-mask-etalons,cancelled,Install dependencies,https://github.com/DevExpress/DevExtreme/actions/runs/33763053358/job/100673880678
"03.09.26, 13:46:55",100673881036,33763053358,1,Lint,TS,chore/remove-committed-mask-etalons,cancelled,Install dependencies,https://github.com/DevExpress/DevExtreme/actions/runs/33763053358/job/100673881036
"03.09.26, 13:48:02",100674224152,33763053358,1,Lint,Send notifications,chore/remove-committed-mask-etalons,cancelled,,https://github.com/DevExpress/DevExtreme/actions/runs/33763053358/job/100674224152
"03.09.26, 13:20:32",100665601058,33760519560,1,Lint,JS,a11y/disabled-state-markers,cancelled,,https://github.com/DevExpress/DevExtreme/actions/runs/33760519560/job/100665601058
"03.09.26, 13:20:32",100665602097,33760519560,1,Lint,TS,a11y/disabled-state-markers,cancelled,Lint .d.ts,https://github.com/DevExpress/DevExtreme/actions/runs/33760519560/job/100665602097
"03.09.26, 13:27:39",100667920343,33760519560,1,Lint,Send notifications,a11y/disabled-state-markers,cancelled,,https://github.com/DevExpress/DevExtreme/actions/runs/33760519560/job/100667920343
"03.09.26, 13:18:33",100664923490,33760336662,1,Lint,JS,a11y/disabled-state-markers,cancelled,Build,https://github.com/DevExpress/DevExtreme/actions/runs/33760336662/job/100664923490
"03.09.26, 13:18:33",100664923572,33760336662,1,Lint,TS,a11y/disabled-state-markers,cancelled,Build,https://github.com/DevExpress/DevExtreme/actions/runs/33760336662/job/100664923572
"03.09.26, 13:18:33",100664923701,33760336662,1,Lint,wrappers,a11y/disabled-state-markers,cancelled,,https://github.com/DevExpress/DevExtreme/actions/runs/33760336662/job/100664923701
"03.09.26, 13:20:32",100665599479,33760336662,1,Lint,Send notifications,a11y/disabled-state-markers,cancelled,,https://github.com/DevExpress/DevExtreme/actions/runs/33760336662/job/100665599479
"03.09.26, 13:14:05",100663380704,33759913497,1,Lint,JS,a11y/disabled-state-markers,cancelled,Build,https://github.com/DevExpress/DevExtreme/actions/runs/33759913497/job/100663380704
"03.09.26, 13:14:05",100663380754,33759913497,1,Lint,TS,a11y/disabled-state-markers,cancelled,Lint TS,https://github.com/DevExpress/DevExtreme/actions/runs/33759913497/job/100663380754
"03.09.26, 13:18:33",100664922205,33759913497,1,Lint,Send notifications,a11y/disabled-state-markers,cancelled,,https://github.com/DevExpress/DevExtreme/actions/runs/33759913497/job/100664922205
"03.09.26, 13:08:11",100661393935,33759318967,1,Lint,TS,feature/add-demo-datagrid-ai-detail-view,failure,,https://github.com/DevExpress/DevExtreme/actions/runs/33759318967/job/100661393935
"03.09.26, 12:25:22",100647566277,33755112308,1,Lint,TS,feature/add-demo-datagrid-ai-detail-view,cancelled,Lint TS,https://github.com/DevExpress/DevExtreme/actions/runs/33755112308/job/100647566277
"03.09.26, 12:25:22",100647566509,33755112308,1,Lint,JS,feature/add-demo-datagrid-ai-detail-view,cancelled,Lint JS,https://github.com/DevExpress/DevExtreme/actions/runs/33755112308/job/100647566509
"03.09.26, 12:25:22",100647566580,33755112308,1,Lint,texts,feature/add-demo-datagrid-ai-detail-view,cancelled,,https://github.com/DevExpress/DevExtreme/actions/runs/33755112308/job/100647566580
"03.09.26, 12:25:22",100647566616,33755112308,1,Lint,wrappers,feature/add-demo-datagrid-ai-detail-view,cancelled,,https://github.com/DevExpress/DevExtreme/actions/runs/33755112308/job/100647566616
"03.09.26, 12:28:36",100648578676,33755112308,1,Lint,Send notifications,feature/add-demo-datagrid-ai-detail-view,cancelled,,https://github.com/DevExpress/DevExtreme/actions/runs/33755112308/job/100648578676
"03.09.26, 10:11:05",100608782018,33742837646,1,Lint,TS,fluent-next/disabled,cancelled,,https://github.com/DevExpress/DevExtreme/actions/runs/33742837646/job/100608782018
"03.09.26, 10:16:49",100610410930,33742837646,1,Lint,Send notifications,fluent-next/disabled,cancelled,,https://github.com/DevExpress/DevExtreme/actions/runs/33742837646/job/100610410930
"03.09.26, 10:09:06",100608213479,33742757482,1,Lint,JS,fluent-next/disabled,cancelled,Build,https://github.com/DevExpress/DevExtreme/actions/runs/33742757482/job/100608213479
"03.09.26, 10:09:06",100608213743,33742757482,1,Lint,component_exports,fluent-next/disabled,cancelled,Post Setup pnpm cache,https://github.com/DevExpress/DevExtreme/actions/runs/33742757482/job/100608213743
"03.09.26, 10:09:06",100608213802,33742757482,1,Lint,wrappers,fluent-next/disabled,cancelled,Post Setup nx cache,https://github.com/DevExpress/DevExtreme/actions/runs/33742757482/job/100608213802
"03.09.26, 10:09:06",100608213872,33742757482,1,Lint,texts,fluent-next/disabled,cancelled,Post Setup nx cache,https://github.com/DevExpress/DevExtreme/actions/runs/33742757482/job/100608213872
"03.09.26, 10:09:06",100608213877,33742757482,1,Lint,TS,fluent-next/disabled,cancelled,Setup nx cache,https://github.com/DevExpress/DevExtreme/actions/runs/33742757482/job/100608213877
"03.09.26, 10:11:04",100608780551,33742757482,1,Lint,Send notifications,fluent-next/disabled,cancelled,,https://github.com/DevExpress/DevExtreme/actions/runs/33742757482/job/100608780551
"03.09.26, 09:33:05",100597725570,33739465403,1,Lint,TS,gh-readonly-queue/main/pr-35016-54e3d3f4f4b17870bf8c46a714dc22cd8ff28f80,failure,,https://github.com/DevExpress/DevExtreme/actions/runs/33739465403/job/100597725570
"03.09.26, 09:00:49",100588139019,33736485938,1,Lint,JS,refactor_custom_load_pipeline_26_1,failure,Build,https://github.com/DevExpress/DevExtreme/actions/runs/33736485938/job/100588139019
"03.09.26, 09:00:49",100588139481,33736485938,1,Lint,TS,refactor_custom_load_pipeline_26_1,failure,Build,https://github.com/DevExpress/DevExtreme/actions/runs/33736485938/job/100588139481
"03.09.26, 08:47:41",100584264622,33735281905,1,Lint,JS,refactor_custom_load_pipeline_26_1,failure,Build,https://github.com/DevExpress/DevExtreme/actions/runs/33735281905/job/100584264622
"03.09.26, 08:47:41",100584264797,33735281905,1,Lint,TS,refactor_custom_load_pipeline_26_1,failure,Build,https://github.com/DevExpress/DevExtreme/actions/runs/33735281905/job/100584264797
"03.09.26, 18:42:31",100770920968,33790141060,1,Publishing to GitHub Packages,Publish package (devextreme-vue-26.1.5-build-26246-1823),26_1,cancelled,Install dependencies,https://github.com/DevExpress/DevExtreme/actions/runs/33790141060/job/100770920968
"03.09.26, 22:28:57",100839671279,33813247418,1,Playgrounds tests,build,fluent-next/disabled,cancelled,Setup pnpm cache,https://github.com/DevExpress/DevExtreme/actions/runs/33813247418/job/100839671279
"03.09.26, 22:29:38",100839838800,33813247418,1,Playgrounds tests,matrix.ARGS.platform,fluent-next/disabled,cancelled,,https://github.com/DevExpress/DevExtreme/actions/runs/33813247418/job/100839838800
"03.09.26, 20:57:28",100814067525,33805176626,1,Playgrounds tests,build,cp-26-1/remove-systemjs-from-demos,cancelled,,https://github.com/DevExpress/DevExtreme/actions/runs/33805176626/job/100814067525
"03.09.26, 20:59:34",100814699009,33805176626,1,Playgrounds tests,matrix.ARGS.platform,cp-26-1/remove-systemjs-from-demos,cancelled,,https://github.com/DevExpress/DevExtreme/actions/runs/33805176626/job/100814699009
"03.09.26, 21:01:16",100815227792,33805087613,1,Playgrounds tests,react,fix/privotgrid-demo-with-workaround,cancelled,,https://github.com/DevExpress/DevExtreme/actions/runs/33805087613/job/100815227792
"03.09.26, 21:01:16",100815227866,33805087613,1,Playgrounds tests,angular,fix/privotgrid-demo-with-workaround,cancelled,Check sources compilation,https://github.com/DevExpress/DevExtreme/actions/runs/33805087613/job/100815227866
"03.09.26, 21:01:16",100815227940,33805087613,1,Playgrounds tests,vue,fix/privotgrid-demo-with-workaround,cancelled,,https://github.com/DevExpress/DevExtreme/actions/runs/33805087613/job/100815227940
"03.09.26, 20:52:22",100812492761,33804771017,1,Playgrounds tests,build,cp-26-1/remove-systemjs-from-demos,cancelled,Post Setup pnpm cache,https://github.com/DevExpress/DevExtreme/actions/runs/33804771017/job/100812492761
"03.09.26, 20:57:28",100814066098,33804771017,1,Playgrounds tests,matrix.ARGS.platform,cp-26-1/remove-systemjs-from-demos,cancelled,,https://github.com/DevExpress/DevExtreme/actions/runs/33804771017/job/100814066098
"03.09.26, 19:49:06",100792351879,33798641580,1,Playgrounds tests,build,chore/testcafe-test-execution-timeout-25_2,failure,,https://github.com/DevExpress/DevExtreme/actions/runs/33798641580/job/100792351879
"03.09.26, 19:23:29",100784210601,33796151228,1,Playgrounds tests,build,feature/26_2_new_fluent_theme_with_design_tokens,failure,,https://github.com/DevExpress/DevExtreme/actions/runs/33796151228/job/100784210601
"03.09.26, 18:50:04",100773349391,33792757134,1,Playgrounds tests,build,fix/privotgrid-demo-with-workaround,cancelled,Build,https://github.com/DevExpress/DevExtreme/actions/runs/33792757134/job/100773349391
"03.09.26, 18:52:12",100774051830,33792757134,1,Playgrounds tests,matrix.ARGS.platform,fix/privotgrid-demo-with-workaround,cancelled,,https://github.com/DevExpress/DevExtreme/actions/runs/33792757134/job/100774051830
"03.09.26, 18:48:57",100772981114,33792735033,1,Playgrounds tests,build,fix/privotgrid-demo-with-workaround,cancelled,Install dependencies,https://github.com/DevExpress/DevExtreme/actions/runs/33792735033/job/100772981114
"03.09.26, 18:50:04",100773348387,33792735033,1,Playgrounds tests,matrix.ARGS.platform,fix/privotgrid-demo-with-workaround,cancelled,,https://github.com/DevExpress/DevExtreme/actions/runs/33792735033/job/100773348387
"03.09.26, 16:58:23",100736977704,33781766985,1,Playgrounds tests,build,chore/demos-strict-screenshot-comparison,cancelled,Install dependencies,https://github.com/DevExpress/DevExtreme/actions/runs/33781766985/job/100736977704
"03.09.26, 16:59:30",100737337467,33781766985,1,Playgrounds tests,matrix.ARGS.platform,chore/demos-strict-screenshot-comparison,cancelled,,https://github.com/DevExpress/DevExtreme/actions/runs/33781766985/job/100737337467
"03.09.26, 16:55:18",100735997952,33780998240,1,Playgrounds tests,angular,chore/demos-strict-screenshot-comparison,cancelled,Post Setup nx cache,https://github.com/DevExpress/DevExtreme/actions/runs/33780998240/job/100735997952
"03.09.26, 16:02:16",100718406417,33776202391,1,Playgrounds tests,build,chore/demos-strict-screenshot-comparison,cancelled,Build,https://github.com/DevExpress/DevExtreme/actions/runs/33776202391/job/100718406417
"03.09.26, 16:05:55",100719652477,33776202391,1,Playgrounds tests,matrix.ARGS.platform,chore/demos-strict-screenshot-comparison,cancelled,,https://github.com/DevExpress/DevExtreme/actions/runs/33776202391/job/100719652477
"03.09.26, 14:54:12",100696027696,33769006415,1,Playgrounds tests,vue,feature/demo_custom_AI_assistant_jQuery,cancelled,Build,https://github.com/DevExpress/DevExtreme/actions/runs/33769006415/job/100696027696
"03.09.26, 14:54:12",100696027709,33769006415,1,Playgrounds tests,angular,feature/demo_custom_AI_assistant_jQuery,cancelled,Build,https://github.com/DevExpress/DevExtreme/actions/runs/33769006415/job/100696027709
"03.09.26, 14:54:12",100696027800,33769006415,1,Playgrounds tests,react,feature/demo_custom_AI_assistant_jQuery,cancelled,Install dependencies,https://github.com/DevExpress/DevExtreme/actions/runs/33769006415/job/100696027800
"03.09.26, 14:36:13",100690083875,33767822864,1,Playgrounds tests,build,feature/remove-systemjs-from-demos,cancelled,,https://github.com/DevExpress/DevExtreme/actions/runs/33767822864/job/100690083875
"03.09.26, 14:36:15",100690093821,33767822864,1,Playgrounds tests,matrix.ARGS.platform,feature/remove-systemjs-from-demos,cancelled,,https://github.com/DevExpress/DevExtreme/actions/runs/33767822864/job/100690093821
"03.09.26, 14:08:33",100680873514,33765015920,1,Playgrounds tests,build,chore/demos-strict-screenshot-comparison,cancelled,,https://github.com/DevExpress/DevExtreme/actions/runs/33765015920/job/100680873514
"03.09.26, 14:16:13",100683397840,33765015920,1,Playgrounds tests,matrix.ARGS.platform,chore/demos-strict-screenshot-comparison,cancelled,,https://github.com/DevExpress/DevExtreme/actions/runs/33765015920/job/100683397840
"03.09.26, 14:06:23",100680163700,33764908513,1,Playgrounds tests,build,chore/demos-strict-screenshot-comparison,cancelled,Install dependencies,https://github.com/DevExpress/DevExtreme/actions/runs/33764908513/job/100680163700
"03.09.26, 14:08:32",100680871754,33764908513,1,Playgrounds tests,matrix.ARGS.platform,chore/demos-strict-screenshot-comparison,cancelled,,https://github.com/DevExpress/DevExtreme/actions/runs/33764908513/job/100680871754
"03.09.26, 14:02:07",100678751504,33764491148,1,Playgrounds tests,build,data_source_controller_main,failure,Build,https://github.com/DevExpress/DevExtreme/actions/runs/33764491148/job/100678751504
"03.09.26, 14:05:57",100680014936,33764225087,1,Playgrounds tests,angular,26_1,failure,,https://github.com/DevExpress/DevExtreme/actions/runs/33764225087/job/100680014936
"03.09.26, 13:53:03",100675813899,33763056674,1,Playgrounds tests,angular,chore/remove-committed-mask-etalons,cancelled,,https://github.com/DevExpress/DevExtreme/actions/runs/33763056674/job/100675813899
"03.09.26, 13:46:55",100673880829,33763053411,1,Playgrounds tests,build,chore/remove-committed-mask-etalons,cancelled,Set up job,https://github.com/DevExpress/DevExtreme/actions/runs/33763053411/job/100673880829
"03.09.26, 13:47:00",100673906715,33763053411,1,Playgrounds tests,matrix.ARGS.platform,chore/remove-committed-mask-etalons,cancelled,,https://github.com/DevExpress/DevExtreme/actions/runs/33763053411/job/100673906715
"03.09.26, 13:42:27",100672482762,33762087451,1,Playgrounds tests,vue,a11y/disabled-state-markers,cancelled,Build,https://github.com/DevExpress/DevExtreme/actions/runs/33762087451/job/100672482762
"03.09.26, 13:42:27",100672482827,33762087451,1,Playgrounds tests,angular,a11y/disabled-state-markers,cancelled,Build,https://github.com/DevExpress/DevExtreme/actions/runs/33762087451/job/100672482827
"03.09.26, 13:42:27",100672482908,33762087451,1,Playgrounds tests,react,a11y/disabled-state-markers,cancelled,Build,https://github.com/DevExpress/DevExtreme/actions/runs/33762087451/job/100672482908
"03.09.26, 13:25:26",100667223538,33760519670,1,Playgrounds tests,react,a11y/disabled-state-markers,cancelled,,https://github.com/DevExpress/DevExtreme/actions/runs/33760519670/job/100667223538
"03.09.26, 13:25:26",100667223623,33760519670,1,Playgrounds tests,vue,a11y/disabled-state-markers,cancelled,,https://github.com/DevExpress/DevExtreme/actions/runs/33760519670/job/100667223623
"03.09.26, 13:25:26",100667223655,33760519670,1,Playgrounds tests,angular,a11y/disabled-state-markers,cancelled,Check sources compilation,https://github.com/DevExpress/DevExtreme/actions/runs/33760519670/job/100667223655
"03.09.26, 13:18:21",100664853453,33760336694,1,Playgrounds tests,build,a11y/disabled-state-markers,cancelled,Build,https://github.com/DevExpress/DevExtreme/actions/runs/33760336694/job/100664853453
"03.09.26, 13:20:19",100665529815,33760336694,1,Playgrounds tests,matrix.ARGS.platform,a11y/disabled-state-markers,cancelled,,https://github.com/DevExpress/DevExtreme/actions/runs/33760336694/job/100665529815
"03.09.26, 13:14:05",100663381176,33759913537,1,Playgrounds tests,build,a11y/disabled-state-markers,cancelled,Upload build artifacts,https://github.com/DevExpress/DevExtreme/actions/runs/33759913537/job/100663381176
"03.09.26, 13:18:20",100664850341,33759913537,1,Playgrounds tests,matrix.ARGS.platform,a11y/disabled-state-markers,cancelled,,https://github.com/DevExpress/DevExtreme/actions/runs/33759913537/job/100664850341
"03.09.26, 12:25:22",100647565955,33755112315,1,Playgrounds tests,build,feature/add-demo-datagrid-ai-detail-view,cancelled,Install dependencies,https://github.com/DevExpress/DevExtreme/actions/runs/33755112315/job/100647565955
"03.09.26, 12:27:56",100648373711,33755112315,1,Playgrounds tests,matrix.ARGS.platform,feature/add-demo-datagrid-ai-detail-view,cancelled,,https://github.com/DevExpress/DevExtreme/actions/runs/33755112315/job/100648373711
"03.09.26, 10:14:27",100609731444,33742837683,1,Playgrounds tests,angular,fluent-next/disabled,cancelled,Build,https://github.com/DevExpress/DevExtreme/actions/runs/33742837683/job/100609731444
"03.09.26, 10:14:27",100609731460,33742837683,1,Playgrounds tests,react,fluent-next/disabled,cancelled,Post Setup nx cache,https://github.com/DevExpress/DevExtreme/actions/runs/33742837683/job/100609731460
"03.09.26, 10:14:27",100609731475,33742837683,1,Playgrounds tests,vue,fluent-next/disabled,cancelled,Post Setup nx cache,https://github.com/DevExpress/DevExtreme/actions/runs/33742837683/job/100609731475
"03.09.26, 10:09:18",100608268439,33742757512,1,Playgrounds tests,build,fluent-next/disabled,cancelled,Install dependencies,https://github.com/DevExpress/DevExtreme/actions/runs/33742757512/job/100608268439
"03.09.26, 10:10:25",100608588102,33742757512,1,Playgrounds tests,matrix.ARGS.platform,fluent-next/disabled,cancelled,,https://github.com/DevExpress/DevExtreme/actions/runs/33742757512/job/100608588102
"03.09.26, 10:05:52",100607271879,33741811407,1,Playgrounds tests,angular,fluent-next/disabled,cancelled,Post Setup nx cache,https://github.com/DevExpress/DevExtreme/actions/runs/33741811407/job/100607271879
"03.09.26, 10:05:52",100607271952,33741811407,1,Playgrounds tests,react,fluent-next/disabled,cancelled,Post Setup nx cache,https://github.com/DevExpress/DevExtreme/actions/runs/33741811407/job/100607271952
"03.09.26, 10:01:21",100605958415,33741664806,1,Playgrounds tests,vue,5056-t1334708---tooltip---esc-key-closes-both-the-tooltip-and-its-parent-overlay,cancelled,,https://github.com/DevExpress/DevExtreme/actions/runs/33741664806/job/100605958415
"03.09.26, 10:01:22",100605958513,33741664806,1,Playgrounds tests,react,5056-t1334708---tooltip---esc-key-closes-both-the-tooltip-and-its-parent-overlay,cancelled,,https://github.com/DevExpress/DevExtreme/actions/runs/33741664806/job/100605958513
"03.09.26, 10:01:22",100605958802,33741664806,1,Playgrounds tests,angular,5056-t1334708---tooltip---esc-key-closes-both-the-tooltip-and-its-parent-overlay,cancelled,Post Setup pnpm cache,https://github.com/DevExpress/DevExtreme/actions/runs/33741664806/job/100605958802
"03.09.26, 09:32:49",100597649275,33739441060,1,Playgrounds tests,build,25_2,cancelled,Zip artifacts,https://github.com/DevExpress/DevExtreme/actions/runs/33739441060/job/100597649275
"03.09.26, 09:00:49",100588138619,33736485970,1,Playgrounds tests,build,refactor_custom_load_pipeline_26_1,failure,Build,https://github.com/DevExpress/DevExtreme/actions/runs/33736485970/job/100588138619
"03.09.26, 08:47:41",100584263508,33735281745,1,Playgrounds tests,build,refactor_custom_load_pipeline_26_1,failure,Build,https://github.com/DevExpress/DevExtreme/actions/runs/33735281745/job/100584263508
"03.09.26, 08:33:57",100580306265,33734039010,1,Playgrounds tests,build,fix/qunit_mutable_facades,failure,,https://github.com/DevExpress/DevExtreme/actions/runs/33734039010/job/100580306265
"03.09.26, 22:28:57",100839670421,33813247190,1,QUnit tests,Build,fluent-next/disabled,cancelled,Get sources,https://github.com/DevExpress/DevExtreme/actions/runs/33813247190/job/100839670421
"03.09.26, 22:29:20",100839764549,33813247190,1,QUnit tests,"Constel ${{ matrix.CONSTEL }}${{ (((matrix.TIMEZONE != '') && format('-{0}', matrix.TIMEZONE)) || '') }}${{ (((matrix.CSP == 'false') && '-no-csp') || '') }}",fluent-next/disabled,cancelled,,https://github.com/DevExpress/DevExtreme/actions/runs/33813247190/job/100839764549
"03.09.26, 22:29:20",100839764907,33813247190,1,QUnit tests,${{ matrix.constel }}-shadow-dom,fluent-next/disabled,cancelled,,https://github.com/DevExpress/DevExtreme/actions/runs/33813247190/job/100839764907
"03.09.26, 22:29:20",100839764942,33813247190,1,QUnit tests,Send notifications,fluent-next/disabled,cancelled,,https://github.com/DevExpress/DevExtreme/actions/runs/33813247190/job/100839764942
"03.09.26, 20:57:39",100814123200,33805176499,1,QUnit tests,Build,cp-26-1/remove-systemjs-from-demos,cancelled,Post Setup pnpm cache,https://github.com/DevExpress/DevExtreme/actions/runs/33805176499/job/100814123200
"03.09.26, 21:00:24",100814953831,33805176499,1,QUnit tests,"Constel ${{ matrix.CONSTEL }}${{ (((matrix.TIMEZONE != '') && format('-{0}', matrix.TIMEZONE)) || '') }}${{ (((matrix.CSP == 'false') && '-no-csp') || '') }}",cp-26-1/remove-systemjs-from-demos,cancelled,,https://github.com/DevExpress/DevExtreme/actions/runs/33805176499/job/100814953831
"03.09.26, 21:00:24",100814954947,33805176499,1,QUnit tests,${{ matrix.constel }}-shadow-dom,cp-26-1/remove-systemjs-from-demos,cancelled,,https://github.com/DevExpress/DevExtreme/actions/runs/33805176499/job/100814954947
"03.09.26, 21:00:24",100814955167,33805176499,1,QUnit tests,Send notifications,cp-26-1/remove-systemjs-from-demos,cancelled,,https://github.com/DevExpress/DevExtreme/actions/runs/33805176499/job/100814955167
"03.09.26, 21:01:06",100815177289,33805087392,1,QUnit tests,ui.scheduler-shadow-dom,fix/privotgrid-demo-with-workaround,cancelled,Run QUnit tests,https://github.com/DevExpress/DevExtreme/actions/runs/33805087392/job/100815177289
"03.09.26, 21:01:06",100815177364,33805087392,1,QUnit tests,ui.grid-shadow-dom,fix/privotgrid-demo-with-workaround,cancelled,Run QUnit tests,https://github.com/DevExpress/DevExtreme/actions/runs/33805087392/job/100815177364
"03.09.26, 21:01:06",100815177370,33805087392,1,QUnit tests,ui.widgets-shadow-dom,fix/privotgrid-demo-with-workaround,cancelled,Run QUnit tests,https://github.com/DevExpress/DevExtreme/actions/runs/33805087392/job/100815177370
"03.09.26, 21:01:06",100815177390,33805087392,1,QUnit tests,Constel ui,fix/privotgrid-demo-with-workaround,cancelled,Run QUnit tests,https://github.com/DevExpress/DevExtreme/actions/runs/33805087392/job/100815177390
"03.09.26, 21:01:06",100815177408,33805087392,1,QUnit tests,Constel ui.widgets-no-csp,fix/privotgrid-demo-with-workaround,cancelled,Run QUnit tests,https://github.com/DevExpress/DevExtreme/actions/runs/33805087392/job/100815177408
"03.09.26, 21:01:06",100815177422,33805087392,1,QUnit tests,Constel misc-no-csp,fix/privotgrid-demo-with-workaround,cancelled,Run QUnit tests,https://github.com/DevExpress/DevExtreme/actions/runs/33805087392/job/100815177422
"03.09.26, 21:01:06",100815177438,33805087392,1,QUnit tests,ui.editors-shadow-dom,fix/privotgrid-demo-with-workaround,cancelled,Run QUnit tests,https://github.com/DevExpress/DevExtreme/actions/runs/33805087392/job/100815177438
"03.09.26, 21:01:06",100815177498,33805087392,1,QUnit tests,ui-shadow-dom,fix/privotgrid-demo-with-workaround,cancelled,Run QUnit tests,https://github.com/DevExpress/DevExtreme/actions/runs/33805087392/job/100815177498
"03.09.26, 21:01:06",100815177502,33805087392,1,QUnit tests,Constel ui.grid,fix/privotgrid-demo-with-workaround,cancelled,Run QUnit tests,https://github.com/DevExpress/DevExtreme/actions/runs/33805087392/job/100815177502
"03.09.26, 21:01:06",100815177505,33805087392,1,QUnit tests,Constel ui.scheduler-US/Pacific,fix/privotgrid-demo-with-workaround,cancelled,Run QUnit tests,https://github.com/DevExpress/DevExtreme/actions/runs/33805087392/job/100815177505
"03.09.26, 21:01:06",100815177518,33805087392,1,QUnit tests,Constel ui.scheduler,fix/privotgrid-demo-with-workaround,cancelled,Run QUnit tests,https://github.com/DevExpress/DevExtreme/actions/runs/33805087392/job/100815177518
"03.09.26, 21:01:06",100815177533,33805087392,1,QUnit tests,Constel misc,fix/privotgrid-demo-with-workaround,cancelled,Post Run QUnit tests,https://github.com/DevExpress/DevExtreme/actions/runs/33805087392/job/100815177533
"03.09.26, 21:01:06",100815177566,33805087392,1,QUnit tests,Constel ui.editors,fix/privotgrid-demo-with-workaround,cancelled,Run QUnit tests,https://github.com/DevExpress/DevExtreme/actions/runs/33805087392/job/100815177566
"03.09.26, 21:03:56",100816058688,33805087392,1,QUnit tests,Send notifications,fix/privotgrid-demo-with-workaround,cancelled,,https://github.com/DevExpress/DevExtreme/actions/runs/33805087392/job/100816058688
"03.09.26, 20:56:30",100813776194,33804771205,1,QUnit tests,ui.grid-shadow-dom,cp-26-1/remove-systemjs-from-demos,cancelled,Run QUnit tests,https://github.com/DevExpress/DevExtreme/actions/runs/33804771205/job/100813776194
"03.09.26, 20:56:30",100813776250,33804771205,1,QUnit tests,ui.editors-shadow-dom,cp-26-1/remove-systemjs-from-demos,cancelled,Run QUnit tests,https://github.com/DevExpress/DevExtreme/actions/runs/33804771205/job/100813776250
"03.09.26, 20:56:30",100813776259,33804771205,1,QUnit tests,ui.scheduler-shadow-dom,cp-26-1/remove-systemjs-from-demos,cancelled,Run QUnit tests,https://github.com/DevExpress/DevExtreme/actions/runs/33804771205/job/100813776259
"03.09.26, 20:56:30",100813776291,33804771205,1,QUnit tests,Constel ui.scheduler,cp-26-1/remove-systemjs-from-demos,cancelled,Run QUnit tests,https://github.com/DevExpress/DevExtreme/actions/runs/33804771205/job/100813776291
"03.09.26, 20:56:30",100813776321,33804771205,1,QUnit tests,Constel ui.grid,cp-26-1/remove-systemjs-from-demos,cancelled,Run QUnit tests,https://github.com/DevExpress/DevExtreme/actions/runs/33804771205/job/100813776321
"03.09.26, 20:56:30",100813776335,33804771205,1,QUnit tests,Constel misc-no-csp,cp-26-1/remove-systemjs-from-demos,cancelled,Run QUnit tests,https://github.com/DevExpress/DevExtreme/actions/runs/33804771205/job/100813776335
"03.09.26, 20:56:30",100813776362,33804771205,1,QUnit tests,Constel ui.scheduler-US/Pacific,cp-26-1/remove-systemjs-from-demos,cancelled,Run QUnit tests,https://github.com/DevExpress/DevExtreme/actions/runs/33804771205/job/100813776362
"03.09.26, 20:56:30",100813776373,33804771205,1,QUnit tests,Constel misc,cp-26-1/remove-systemjs-from-demos,cancelled,Run QUnit tests,https://github.com/DevExpress/DevExtreme/actions/runs/33804771205/job/100813776373
"03.09.26, 20:56:30",100813776384,33804771205,1,QUnit tests,Constel ui,cp-26-1/remove-systemjs-from-demos,cancelled,Run QUnit tests,https://github.com/DevExpress/DevExtreme/actions/runs/33804771205/job/100813776384
"03.09.26, 20:56:30",100813776400,33804771205,1,QUnit tests,Constel ui.editors,cp-26-1/remove-systemjs-from-demos,cancelled,Run QUnit tests,https://github.com/DevExpress/DevExtreme/actions/runs/33804771205/job/100813776400
"03.09.26, 20:56:30",100813776417,33804771205,1,QUnit tests,ui-shadow-dom,cp-26-1/remove-systemjs-from-demos,cancelled,Run QUnit tests,https://github.com/DevExpress/DevExtreme/actions/runs/33804771205/job/100813776417
"03.09.26, 20:56:30",100813776451,33804771205,1,QUnit tests,Constel ui.widgets-no-csp,cp-26-1/remove-systemjs-from-demos,cancelled,Run QUnit tests,https://github.com/DevExpress/DevExtreme/actions/runs/33804771205/job/100813776451
"03.09.26, 20:56:30",100813776470,33804771205,1,QUnit tests,ui.widgets-shadow-dom,cp-26-1/remove-systemjs-from-demos,cancelled,Run QUnit tests,https://github.com/DevExpress/DevExtreme/actions/runs/33804771205/job/100813776470
"03.09.26, 20:57:38",100814120914,33804771205,1,QUnit tests,Send notifications,cp-26-1/remove-systemjs-from-demos,cancelled,,https://github.com/DevExpress/DevExtreme/actions/runs/33804771205/job/100814120914
"03.09.26, 19:28:28",100785802981,33796151719,1,QUnit tests,Constel misc,feature/26_2_new_fluent_theme_with_design_tokens,failure,,https://github.com/DevExpress/DevExtreme/actions/runs/33796151719/job/100785802981
"03.09.26, 19:28:28",100785804535,33796151719,1,QUnit tests,Constel misc-no-csp,feature/26_2_new_fluent_theme_with_design_tokens,failure,,https://github.com/DevExpress/DevExtreme/actions/runs/33796151719/job/100785804535
"03.09.26, 18:49:11",100773058342,33792756971,1,QUnit tests,Build,fix/privotgrid-demo-with-workaround,cancelled,Build,https://github.com/DevExpress/DevExtreme/actions/runs/33792756971/job/100773058342
"03.09.26, 18:52:13",100774062806,33792756971,1,QUnit tests,"Constel ${{ matrix.CONSTEL }}${{ (((matrix.TIMEZONE != '') && format('-{0}', matrix.TIMEZONE)) || '') }}${{ (((matrix.CSP == 'false') && '-no-csp') || '') }}",fix/privotgrid-demo-with-workaround,cancelled,,https://github.com/DevExpress/DevExtreme/actions/runs/33792756971/job/100774062806
"03.09.26, 18:52:13",100774062980,33792756971,1,QUnit tests,${{ matrix.constel }}-shadow-dom,fix/privotgrid-demo-with-workaround,cancelled,,https://github.com/DevExpress/DevExtreme/actions/runs/33792756971/job/100774062980
"03.09.26, 18:52:14",100774063906,33792756971,1,QUnit tests,Send notifications,fix/privotgrid-demo-with-workaround,cancelled,,https://github.com/DevExpress/DevExtreme/actions/runs/33792756971/job/100774063906
"03.09.26, 18:48:57",100772980855,33792734910,1,QUnit tests,Build,fix/privotgrid-demo-with-workaround,cancelled,,https://github.com/DevExpress/DevExtreme/actions/runs/33792734910/job/100772980855
"03.09.26, 18:49:11",100773056441,33792734910,1,QUnit tests,${{ matrix.constel }}-shadow-dom,fix/privotgrid-demo-with-workaround,cancelled,,https://github.com/DevExpress/DevExtreme/actions/runs/33792734910/job/100773056441
"03.09.26, 18:49:11",100773057179,33792734910,1,QUnit tests,Send notifications,fix/privotgrid-demo-with-workaround,cancelled,,https://github.com/DevExpress/DevExtreme/actions/runs/33792734910/job/100773057179
"03.09.26, 18:49:11",100773057260,33792734910,1,QUnit tests,"Constel ${{ matrix.CONSTEL }}${{ (((matrix.TIMEZONE != '') && format('-{0}', matrix.TIMEZONE)) || '') }}${{ (((matrix.CSP == 'false') && '-no-csp') || '') }}",fix/privotgrid-demo-with-workaround,cancelled,,https://github.com/DevExpress/DevExtreme/actions/runs/33792734910/job/100773057260
"03.09.26, 16:59:15",100737254864,33781819823,1,QUnit tests,Build,chore/demos-strict-screenshot-comparison,cancelled,,https://github.com/DevExpress/DevExtreme/actions/runs/33781819823/job/100737254864
"03.09.26, 16:59:24",100737308344,33781819823,1,QUnit tests,"Constel ${{ matrix.CONSTEL }}${{ (((matrix.TIMEZONE != '') && format('-{0}', matrix.TIMEZONE)) || '') }}${{ (((matrix.CSP == 'false') && '-no-csp') || '') }}",chore/demos-strict-screenshot-comparison,cancelled,,https://github.com/DevExpress/DevExtreme/actions/runs/33781819823/job/100737308344
"03.09.26, 16:59:25",100737309000,33781819823,1,QUnit tests,${{ matrix.constel }}-shadow-dom,chore/demos-strict-screenshot-comparison,cancelled,,https://github.com/DevExpress/DevExtreme/actions/runs/33781819823/job/100737309000
"03.09.26, 16:59:25",100737309264,33781819823,1,QUnit tests,Send notifications,chore/demos-strict-screenshot-comparison,cancelled,,https://github.com/DevExpress/DevExtreme/actions/runs/33781819823/job/100737309264
"03.09.26, 16:54:44",100735811697,33780998060,1,QUnit tests,ui.widgets-shadow-dom,chore/demos-strict-screenshot-comparison,cancelled,Run QUnit tests,https://github.com/DevExpress/DevExtreme/actions/runs/33780998060/job/100735811697
"03.09.26, 16:54:44",100735811722,33780998060,1,QUnit tests,ui.grid-shadow-dom,chore/demos-strict-screenshot-comparison,cancelled,Run QUnit tests,https://github.com/DevExpress/DevExtreme/actions/runs/33780998060/job/100735811722
"03.09.26, 16:54:44",100735811743,33780998060,1,QUnit tests,ui.editors-shadow-dom,chore/demos-strict-screenshot-comparison,cancelled,Run QUnit tests,https://github.com/DevExpress/DevExtreme/actions/runs/33780998060/job/100735811743
"03.09.26, 16:54:44",100735811794,33780998060,1,QUnit tests,Constel ui.editors,chore/demos-strict-screenshot-comparison,cancelled,Post Run QUnit tests,https://github.com/DevExpress/DevExtreme/actions/runs/33780998060/job/100735811794
"03.09.26, 16:54:44",100735811820,33780998060,1,QUnit tests,ui.scheduler-shadow-dom,chore/demos-strict-screenshot-comparison,cancelled,Run QUnit tests,https://github.com/DevExpress/DevExtreme/actions/runs/33780998060/job/100735811820
"03.09.26, 16:54:44",100735811829,33780998060,1,QUnit tests,Constel ui.scheduler,chore/demos-strict-screenshot-comparison,cancelled,Post Run QUnit tests,https://github.com/DevExpress/DevExtreme/actions/runs/33780998060/job/100735811829
"03.09.26, 16:54:44",100735811850,33780998060,1,QUnit tests,Constel ui.widgets-no-csp,chore/demos-strict-screenshot-comparison,cancelled,Run QUnit tests,https://github.com/DevExpress/DevExtreme/actions/runs/33780998060/job/100735811850
"03.09.26, 16:54:44",100735811920,33780998060,1,QUnit tests,Constel ui.scheduler-US/Pacific,chore/demos-strict-screenshot-comparison,cancelled,Run QUnit tests,https://github.com/DevExpress/DevExtreme/actions/runs/33780998060/job/100735811920
"03.09.26, 16:54:44",100735811963,33780998060,1,QUnit tests,Constel misc-no-csp,chore/demos-strict-screenshot-comparison,cancelled,Run QUnit tests,https://github.com/DevExpress/DevExtreme/actions/runs/33780998060/job/100735811963
"03.09.26, 16:54:44",100735811980,33780998060,1,QUnit tests,Constel ui.grid,chore/demos-strict-screenshot-comparison,cancelled,Run QUnit tests,https://github.com/DevExpress/DevExtreme/actions/runs/33780998060/job/100735811980
"03.09.26, 16:59:15",100737253768,33780998060,1,QUnit tests,Send notifications,chore/demos-strict-screenshot-comparison,cancelled,,https://github.com/DevExpress/DevExtreme/actions/runs/33780998060/job/100737253768
"03.09.26, 16:02:16",100718406653,33776202375,1,QUnit tests,Build,chore/demos-strict-screenshot-comparison,cancelled,Build,https://github.com/DevExpress/DevExtreme/actions/runs/33776202375/job/100718406653
"03.09.26, 16:05:56",100719655452,33776202375,1,QUnit tests,"Constel ${{ matrix.CONSTEL }}${{ (((matrix.TIMEZONE != '') && format('-{0}', matrix.TIMEZONE)) || '') }}${{ (((matrix.CSP == 'false') && '-no-csp') || '') }}",chore/demos-strict-screenshot-comparison,cancelled,,https://github.com/DevExpress/DevExtreme/actions/runs/33776202375/job/100719655452
"03.09.26, 16:05:56",100719655633,33776202375,1,QUnit tests,${{ matrix.constel }}-shadow-dom,chore/demos-strict-screenshot-comparison,cancelled,,https://github.com/DevExpress/DevExtreme/actions/runs/33776202375/job/100719655633
"03.09.26, 16:05:56",100719656860,33776202375,1,QUnit tests,Send notifications,chore/demos-strict-screenshot-comparison,cancelled,,https://github.com/DevExpress/DevExtreme/actions/runs/33776202375/job/100719656860
"03.09.26, 14:53:43",100695871337,33769006241,1,QUnit tests,ui.scheduler-shadow-dom,feature/demo_custom_AI_assistant_jQuery,cancelled,Run QUnit tests,https://github.com/DevExpress/DevExtreme/actions/runs/33769006241/job/100695871337
"03.09.26, 14:53:43",100695871354,33769006241,1,QUnit tests,ui.widgets-shadow-dom,feature/demo_custom_AI_assistant_jQuery,cancelled,Run QUnit tests,https://github.com/DevExpress/DevExtreme/actions/runs/33769006241/job/100695871354
"03.09.26, 14:53:43",100695871417,33769006241,1,QUnit tests,Constel ui.grid,feature/demo_custom_AI_assistant_jQuery,cancelled,Run QUnit tests,https://github.com/DevExpress/DevExtreme/actions/runs/33769006241/job/100695871417
"03.09.26, 14:53:43",100695871424,33769006241,1,QUnit tests,Constel ui,feature/demo_custom_AI_assistant_jQuery,cancelled,Run QUnit tests,https://github.com/DevExpress/DevExtreme/actions/runs/33769006241/job/100695871424
"03.09.26, 14:53:43",100695871461,33769006241,1,QUnit tests,Constel ui.widgets-no-csp,feature/demo_custom_AI_assistant_jQuery,cancelled,Run QUnit tests,https://github.com/DevExpress/DevExtreme/actions/runs/33769006241/job/100695871461
"03.09.26, 14:53:43",100695871463,33769006241,1,QUnit tests,Constel misc-no-csp,feature/demo_custom_AI_assistant_jQuery,cancelled,Run QUnit tests,https://github.com/DevExpress/DevExtreme/actions/runs/33769006241/job/100695871463
"03.09.26, 14:53:43",100695871465,33769006241,1,QUnit tests,ui-shadow-dom,feature/demo_custom_AI_assistant_jQuery,cancelled,Run QUnit tests,https://github.com/DevExpress/DevExtreme/actions/runs/33769006241/job/100695871465
"03.09.26, 14:53:43",100695871468,33769006241,1,QUnit tests,ui.grid-shadow-dom,feature/demo_custom_AI_assistant_jQuery,cancelled,Run QUnit tests,https://github.com/DevExpress/DevExtreme/actions/runs/33769006241/job/100695871468
"03.09.26, 14:53:43",100695871562,33769006241,1,QUnit tests,Constel ui.scheduler-US/Pacific,feature/demo_custom_AI_assistant_jQuery,cancelled,Run QUnit tests,https://github.com/DevExpress/DevExtreme/actions/runs/33769006241/job/100695871562
"03.09.26, 14:53:43",100695871582,33769006241,1,QUnit tests,Constel ui.editors,feature/demo_custom_AI_assistant_jQuery,cancelled,Run QUnit tests,https://github.com/DevExpress/DevExtreme/actions/runs/33769006241/job/100695871582
"03.09.26, 14:53:43",100695871612,33769006241,1,QUnit tests,Constel misc,feature/demo_custom_AI_assistant_jQuery,cancelled,Run QUnit tests,https://github.com/DevExpress/DevExtreme/actions/runs/33769006241/job/100695871612
"03.09.26, 14:53:43",100695871623,33769006241,1,QUnit tests,Constel ui.scheduler,feature/demo_custom_AI_assistant_jQuery,cancelled,Run QUnit tests,https://github.com/DevExpress/DevExtreme/actions/runs/33769006241/job/100695871623
"03.09.26, 14:53:43",100695871668,33769006241,1,QUnit tests,ui.editors-shadow-dom,feature/demo_custom_AI_assistant_jQuery,cancelled,Run QUnit tests,https://github.com/DevExpress/DevExtreme/actions/runs/33769006241/job/100695871668
"03.09.26, 14:55:46",100696534804,33769006241,1,QUnit tests,Send notifications,feature/demo_custom_AI_assistant_jQuery,cancelled,,https://github.com/DevExpress/DevExtreme/actions/runs/33769006241/job/100696534804
"03.09.26, 14:36:14",100690086281,33767823212,1,QUnit tests,Check if all tests should run,feature/remove-systemjs-from-demos,cancelled,,https://github.com/DevExpress/DevExtreme/actions/runs/33767823212/job/100690086281
"03.09.26, 14:36:14",100690086711,33767823212,1,QUnit tests,Build,feature/remove-systemjs-from-demos,cancelled,,https://github.com/DevExpress/DevExtreme/actions/runs/33767823212/job/100690086711
"03.09.26, 14:36:15",100690093945,33767823212,1,QUnit tests,${{ matrix.constel }}-shadow-dom,feature/remove-systemjs-from-demos,cancelled,,https://github.com/DevExpress/DevExtreme/actions/runs/33767823212/job/100690093945
"03.09.26, 14:36:15",100690094673,33767823212,1,QUnit tests,Send notifications,feature/remove-systemjs-from-demos,cancelled,,https://github.com/DevExpress/DevExtreme/actions/runs/33767823212/job/100690094673
"03.09.26, 14:36:16",100690095094,33767823212,1,QUnit tests,"Constel ${{ matrix.CONSTEL }}${{ (((matrix.TIMEZONE != '') && format('-{0}', matrix.TIMEZONE)) || '') }}${{ (((matrix.CSP == 'false') && '-no-csp') || '') }}",feature/remove-systemjs-from-demos,cancelled,,https://github.com/DevExpress/DevExtreme/actions/runs/33767823212/job/100690095094
"03.09.26, 14:08:14",100680770640,33765016015,1,QUnit tests,Build,chore/demos-strict-screenshot-comparison,cancelled,,https://github.com/DevExpress/DevExtreme/actions/runs/33765016015/job/100680770640
"03.09.26, 14:16:13",100683398456,33765016015,1,QUnit tests,"Constel ${{ matrix.CONSTEL }}${{ (((matrix.TIMEZONE != '') && format('-{0}', matrix.TIMEZONE)) || '') }}${{ (((matrix.CSP == 'false') && '-no-csp') || '') }}",chore/demos-strict-screenshot-comparison,cancelled,,https://github.com/DevExpress/DevExtreme/actions/runs/33765016015/job/100683398456
"03.09.26, 14:16:13",100683399174,33765016015,1,QUnit tests,${{ matrix.constel }}-shadow-dom,chore/demos-strict-screenshot-comparison,cancelled,,https://github.com/DevExpress/DevExtreme/actions/runs/33765016015/job/100683399174
"03.09.26, 14:16:13",100683400368,33765016015,1,QUnit tests,Send notifications,chore/demos-strict-screenshot-comparison,cancelled,,https://github.com/DevExpress/DevExtreme/actions/runs/33765016015/job/100683400368
"03.09.26, 14:06:23",100680164342,33764908455,1,QUnit tests,Build,chore/demos-strict-screenshot-comparison,cancelled,Install dependencies,https://github.com/DevExpress/DevExtreme/actions/runs/33764908455/job/100680164342
"03.09.26, 14:08:13",100680768685,33764908455,1,QUnit tests,Send notifications,chore/demos-strict-screenshot-comparison,cancelled,,https://github.com/DevExpress/DevExtreme/actions/runs/33764908455/job/100680768685
"03.09.26, 14:08:14",100680769211,33764908455,1,QUnit tests,${{ matrix.constel }}-shadow-dom,chore/demos-strict-screenshot-comparison,cancelled,,https://github.com/DevExpress/DevExtreme/actions/runs/33764908455/job/100680769211
"03.09.26, 14:08:14",100680769460,33764908455,1,QUnit tests,"Constel ${{ matrix.CONSTEL }}${{ (((matrix.TIMEZONE != '') && format('-{0}', matrix.TIMEZONE)) || '') }}${{ (((matrix.CSP == 'false') && '-no-csp') || '') }}",chore/demos-strict-screenshot-comparison,cancelled,,https://github.com/DevExpress/DevExtreme/actions/runs/33764908455/job/100680769460
"03.09.26, 14:02:07",100678751813,33764491092,1,QUnit tests,Build,data_source_controller_main,failure,Build,https://github.com/DevExpress/DevExtreme/actions/runs/33764491092/job/100678751813
"03.09.26, 14:06:04",100680055174,33764258823,1,QUnit tests,ui.scheduler-shadow-dom,gh-readonly-queue/main/pr-35041-e0f16b37cc6731caf0f12c22b02dc8e949c0207a,failure,,https://github.com/DevExpress/DevExtreme/actions/runs/33764258823/job/100680055174
"03.09.26, 14:05:46",100679951065,33764225103,1,QUnit tests,Constel ui.grid,26_1,failure,,https://github.com/DevExpress/DevExtreme/actions/runs/33764225103/job/100679951065
"03.09.26, 14:04:37",100679541420,33763909579,1,QUnit tests,ui.widgets-shadow-dom,chore/remove-committed-mask-etalons,failure,,https://github.com/DevExpress/DevExtreme/actions/runs/33763909579/job/100679541420
"03.09.26, 14:04:37",100679541579,33763909579,1,QUnit tests,Constel ui.widgets-no-csp,chore/remove-committed-mask-etalons,failure,,https://github.com/DevExpress/DevExtreme/actions/runs/33763909579/job/100679541579
"03.09.26, 14:04:37",100679541698,33763909579,1,QUnit tests,Constel ui.editors,chore/remove-committed-mask-etalons,failure,,https://github.com/DevExpress/DevExtreme/actions/runs/33763909579/job/100679541698
"03.09.26, 14:04:37",100679541730,33763909579,1,QUnit tests,Constel ui.scheduler-US/Pacific,chore/remove-committed-mask-etalons,failure,,https://github.com/DevExpress/DevExtreme/actions/runs/33763909579/job/100679541730
"03.09.26, 13:53:07",100675836005,33763056704,1,QUnit tests,ui.scheduler-shadow-dom,chore/remove-committed-mask-etalons,cancelled,Run QUnit tests,https://github.com/DevExpress/DevExtreme/actions/runs/33763056704/job/100675836005
"03.09.26, 13:53:07",100675836026,33763056704,1,QUnit tests,ui.widgets-shadow-dom,chore/remove-committed-mask-etalons,cancelled,Run QUnit tests,https://github.com/DevExpress/DevExtreme/actions/runs/33763056704/job/100675836026
"03.09.26, 13:53:07",100675836120,33763056704,1,QUnit tests,ui.editors-shadow-dom,chore/remove-committed-mask-etalons,cancelled,Run QUnit tests,https://github.com/DevExpress/DevExtreme/actions/runs/33763056704/job/100675836120
"03.09.26, 13:53:07",100675836146,33763056704,1,QUnit tests,Constel ui.scheduler,chore/remove-committed-mask-etalons,cancelled,Run QUnit tests,https://github.com/DevExpress/DevExtreme/actions/runs/33763056704/job/100675836146
"03.09.26, 13:53:07",100675836156,33763056704,1,QUnit tests,ui.grid-shadow-dom,chore/remove-committed-mask-etalons,cancelled,Run QUnit tests,https://github.com/DevExpress/DevExtreme/actions/runs/33763056704/job/100675836156
"03.09.26, 13:53:07",100675836166,33763056704,1,QUnit tests,Constel ui,chore/remove-committed-mask-etalons,cancelled,Post Run QUnit tests,https://github.com/DevExpress/DevExtreme/actions/runs/33763056704/job/100675836166
"03.09.26, 13:53:07",100675836218,33763056704,1,QUnit tests,Constel ui.grid,chore/remove-committed-mask-etalons,cancelled,Run QUnit tests,https://github.com/DevExpress/DevExtreme/actions/runs/33763056704/job/100675836218
"03.09.26, 13:53:07",100675836221,33763056704,1,QUnit tests,Constel misc-no-csp,chore/remove-committed-mask-etalons,cancelled,,https://github.com/DevExpress/DevExtreme/actions/runs/33763056704/job/100675836221
"03.09.26, 13:53:07",100675836250,33763056704,1,QUnit tests,Constel ui.widgets-no-csp,chore/remove-committed-mask-etalons,cancelled,Run QUnit tests,https://github.com/DevExpress/DevExtreme/actions/runs/33763056704/job/100675836250
"03.09.26, 13:53:07",100675836271,33763056704,1,QUnit tests,Constel misc,chore/remove-committed-mask-etalons,cancelled,Post Run QUnit tests,https://github.com/DevExpress/DevExtreme/actions/runs/33763056704/job/100675836271
"03.09.26, 13:53:07",100675836284,33763056704,1,QUnit tests,Constel ui.scheduler-US/Pacific,chore/remove-committed-mask-etalons,cancelled,Run QUnit tests,https://github.com/DevExpress/DevExtreme/actions/runs/33763056704/job/100675836284
"03.09.26, 13:53:07",100675836298,33763056704,1,QUnit tests,ui-shadow-dom,chore/remove-committed-mask-etalons,cancelled,Run QUnit tests,https://github.com/DevExpress/DevExtreme/actions/runs/33763056704/job/100675836298
"03.09.26, 13:53:07",100675836381,33763056704,1,QUnit tests,Constel ui.editors,chore/remove-committed-mask-etalons,cancelled,Run QUnit tests,https://github.com/DevExpress/DevExtreme/actions/runs/33763056704/job/100675836381
"03.09.26, 13:56:46",100676997451,33763056704,1,QUnit tests,Send notifications,chore/remove-committed-mask-etalons,cancelled,,https://github.com/DevExpress/DevExtreme/actions/runs/33763056704/job/100676997451
"03.09.26, 13:46:55",100673880750,33763053471,1,QUnit tests,Check if all tests should run,chore/remove-committed-mask-etalons,cancelled,,https://github.com/DevExpress/DevExtreme/actions/runs/33763053471/job/100673880750
"03.09.26, 13:46:55",100673880908,33763053471,1,QUnit tests,Build,chore/remove-committed-mask-etalons,cancelled,Install dependencies,https://github.com/DevExpress/DevExtreme/actions/runs/33763053471/job/100673880908
"03.09.26, 13:48:02",100674222975,33763053471,1,QUnit tests,"Constel ${{ matrix.CONSTEL }}${{ (((matrix.TIMEZONE != '') && format('-{0}', matrix.TIMEZONE)) || '') }}${{ (((matrix.CSP == 'false') && '-no-csp') || '') }}",chore/remove-committed-mask-etalons,cancelled,,https://github.com/DevExpress/DevExtreme/actions/runs/33763053471/job/100674222975
"03.09.26, 13:48:02",100674223101,33763053471,1,QUnit tests,${{ matrix.constel }}-shadow-dom,chore/remove-committed-mask-etalons,cancelled,,https://github.com/DevExpress/DevExtreme/actions/runs/33763053471/job/100674223101
"03.09.26, 13:48:02",100674223444,33763053471,1,QUnit tests,Send notifications,chore/remove-committed-mask-etalons,cancelled,,https://github.com/DevExpress/DevExtreme/actions/runs/33763053471/job/100674223444
"03.09.26, 13:42:02",100672354661,33762087363,1,QUnit tests,ui.grid-shadow-dom,a11y/disabled-state-markers,cancelled,Run QUnit tests,https://github.com/DevExpress/DevExtreme/actions/runs/33762087363/job/100672354661
"03.09.26, 13:42:02",100672354742,33762087363,1,QUnit tests,ui-shadow-dom,a11y/disabled-state-markers,cancelled,Run QUnit tests,https://github.com/DevExpress/DevExtreme/actions/runs/33762087363/job/100672354742
"03.09.26, 13:42:02",100672354757,33762087363,1,QUnit tests,ui.scheduler-shadow-dom,a11y/disabled-state-markers,cancelled,Run QUnit tests,https://github.com/DevExpress/DevExtreme/actions/runs/33762087363/job/100672354757
"03.09.26, 13:42:02",100672354800,33762087363,1,QUnit tests,ui.widgets-shadow-dom,a11y/disabled-state-markers,cancelled,Run QUnit tests,https://github.com/DevExpress/DevExtreme/actions/runs/33762087363/job/100672354800
"03.09.26, 13:42:02",100672354805,33762087363,1,QUnit tests,Constel misc-no-csp,a11y/disabled-state-markers,cancelled,Post Run QUnit tests,https://github.com/DevExpress/DevExtreme/actions/runs/33762087363/job/100672354805
"03.09.26, 13:42:02",100672354823,33762087363,1,QUnit tests,Constel ui.widgets-no-csp,a11y/disabled-state-markers,cancelled,Run QUnit tests,https://github.com/DevExpress/DevExtreme/actions/runs/33762087363/job/100672354823
"03.09.26, 13:42:02",100672354829,33762087363,1,QUnit tests,Constel ui.scheduler-US/Pacific,a11y/disabled-state-markers,cancelled,Run QUnit tests,https://github.com/DevExpress/DevExtreme/actions/runs/33762087363/job/100672354829
"03.09.26, 13:42:02",100672354842,33762087363,1,QUnit tests,Constel ui,a11y/disabled-state-markers,cancelled,Post Run QUnit tests,https://github.com/DevExpress/DevExtreme/actions/runs/33762087363/job/100672354842
"03.09.26, 13:42:02",100672354871,33762087363,1,QUnit tests,Constel ui.editors,a11y/disabled-state-markers,cancelled,Run QUnit tests,https://github.com/DevExpress/DevExtreme/actions/runs/33762087363/job/100672354871
"03.09.26, 13:42:02",100672354917,33762087363,1,QUnit tests,Constel misc,a11y/disabled-state-markers,cancelled,,https://github.com/DevExpress/DevExtreme/actions/runs/33762087363/job/100672354917
"03.09.26, 13:42:02",100672354934,33762087363,1,QUnit tests,Constel ui.scheduler,a11y/disabled-state-markers,cancelled,Run QUnit tests,https://github.com/DevExpress/DevExtreme/actions/runs/33762087363/job/100672354934
"03.09.26, 13:42:02",100672355016,33762087363,1,QUnit tests,Constel ui.grid,a11y/disabled-state-markers,cancelled,Run QUnit tests,https://github.com/DevExpress/DevExtreme/actions/runs/33762087363/job/100672355016
"03.09.26, 13:42:02",100672355202,33762087363,1,QUnit tests,ui.editors-shadow-dom,a11y/disabled-state-markers,cancelled,Run QUnit tests,https://github.com/DevExpress/DevExtreme/actions/runs/33762087363/job/100672355202
"03.09.26, 13:45:42",100673489227,33762087363,1,QUnit tests,Send notifications,a11y/disabled-state-markers,cancelled,,https://github.com/DevExpress/DevExtreme/actions/runs/33762087363/job/100673489227
"03.09.26, 13:30:48",100668898411,33761252676,1,QUnit tests,ui.widgets-shadow-dom,a11y/disabled-state-markers,cancelled,,https://github.com/DevExpress/DevExtreme/actions/runs/33761252676/job/100668898411
"03.09.26, 13:30:48",100668898624,33761252676,1,QUnit tests,Constel ui.widgets-no-csp,a11y/disabled-state-markers,cancelled,,https://github.com/DevExpress/DevExtreme/actions/runs/33761252676/job/100668898624
"03.09.26, 13:36:38",100670669610,33761252676,1,QUnit tests,Send notifications,a11y/disabled-state-markers,cancelled,,https://github.com/DevExpress/DevExtreme/actions/runs/33761252676/job/100670669610
"03.09.26, 13:25:06",100667115148,33760519623,1,QUnit tests,ui.grid-shadow-dom,a11y/disabled-state-markers,cancelled,Run QUnit tests,https://github.com/DevExpress/DevExtreme/actions/runs/33760519623/job/100667115148
"03.09.26, 13:25:06",100667115191,33760519623,1,QUnit tests,ui-shadow-dom,a11y/disabled-state-markers,cancelled,Run QUnit tests,https://github.com/DevExpress/DevExtreme/actions/runs/33760519623/job/100667115191
"03.09.26, 13:25:06",100667115206,33760519623,1,QUnit tests,ui.scheduler-shadow-dom,a11y/disabled-state-markers,cancelled,Run QUnit tests,https://github.com/DevExpress/DevExtreme/actions/runs/33760519623/job/100667115206
"03.09.26, 13:25:06",100667115314,33760519623,1,QUnit tests,ui.editors-shadow-dom,a11y/disabled-state-markers,cancelled,Run QUnit tests,https://github.com/DevExpress/DevExtreme/actions/runs/33760519623/job/100667115314
"03.09.26, 13:25:06",100667115376,33760519623,1,QUnit tests,Constel misc,a11y/disabled-state-markers,cancelled,Run QUnit tests,https://github.com/DevExpress/DevExtreme/actions/runs/33760519623/job/100667115376
"03.09.26, 13:25:06",100667115399,33760519623,1,QUnit tests,ui.widgets-shadow-dom,a11y/disabled-state-markers,cancelled,Run QUnit tests,https://github.com/DevExpress/DevExtreme/actions/runs/33760519623/job/100667115399
"03.09.26, 13:25:06",100667115415,33760519623,1,QUnit tests,Constel ui.editors,a11y/disabled-state-markers,cancelled,Run QUnit tests,https://github.com/DevExpress/DevExtreme/actions/runs/33760519623/job/100667115415
"03.09.26, 13:25:06",100667115454,33760519623,1,QUnit tests,Constel misc-no-csp,a11y/disabled-state-markers,cancelled,Run QUnit tests,https://github.com/DevExpress/DevExtreme/actions/runs/33760519623/job/100667115454
"03.09.26, 13:25:06",100667115463,33760519623,1,QUnit tests,Constel ui.widgets-no-csp,a11y/disabled-state-markers,cancelled,Run QUnit tests,https://github.com/DevExpress/DevExtreme/actions/runs/33760519623/job/100667115463
"03.09.26, 13:25:06",100667115470,33760519623,1,QUnit tests,Constel ui.scheduler,a11y/disabled-state-markers,cancelled,Run QUnit tests,https://github.com/DevExpress/DevExtreme/actions/runs/33760519623/job/100667115470
"03.09.26, 13:25:06",100667115531,33760519623,1,QUnit tests,Constel ui.grid,a11y/disabled-state-markers,cancelled,Run QUnit tests,https://github.com/DevExpress/DevExtreme/actions/runs/33760519623/job/100667115531
"03.09.26, 13:25:06",100667115544,33760519623,1,QUnit tests,Constel ui.scheduler-US/Pacific,a11y/disabled-state-markers,cancelled,Run QUnit tests,https://github.com/DevExpress/DevExtreme/actions/runs/33760519623/job/100667115544
"03.09.26, 13:25:06",100667115582,33760519623,1,QUnit tests,Constel ui,a11y/disabled-state-markers,cancelled,Run QUnit tests,https://github.com/DevExpress/DevExtreme/actions/runs/33760519623/job/100667115582
"03.09.26, 13:28:33",100668201629,33760519623,1,QUnit tests,Send notifications,a11y/disabled-state-markers,cancelled,,https://github.com/DevExpress/DevExtreme/actions/runs/33760519623/job/100668201629
"03.09.26, 13:19:12",100665145310,33760336667,1,QUnit tests,Build,a11y/disabled-state-markers,cancelled,Install dependencies,https://github.com/DevExpress/DevExtreme/actions/runs/33760336667/job/100665145310
"03.09.26, 13:20:20",100665533117,33760336667,1,QUnit tests,${{ matrix.constel }}-shadow-dom,a11y/disabled-state-markers,cancelled,,https://github.com/DevExpress/DevExtreme/actions/runs/33760336667/job/100665533117
"03.09.26, 13:20:20",100665533119,33760336667,1,QUnit tests,"Constel ${{ matrix.CONSTEL }}${{ (((matrix.TIMEZONE != '') && format('-{0}', matrix.TIMEZONE)) || '') }}${{ (((matrix.CSP == 'false') && '-no-csp') || '') }}",a11y/disabled-state-markers,cancelled,,https://github.com/DevExpress/DevExtreme/actions/runs/33760336667/job/100665533119
"03.09.26, 13:20:20",100665533758,33760336667,1,QUnit tests,Send notifications,a11y/disabled-state-markers,cancelled,,https://github.com/DevExpress/DevExtreme/actions/runs/33760336667/job/100665533758
"03.09.26, 13:03:39",100659881639,33758295555,1,QUnit tests,Constel ui.widgets-no-csp,a11y/disabled-state-markers,cancelled,,https://github.com/DevExpress/DevExtreme/actions/runs/33758295555/job/100659881639
"03.09.26, 13:03:39",100659881808,33758295555,1,QUnit tests,Constel ui.scheduler,a11y/disabled-state-markers,cancelled,,https://github.com/DevExpress/DevExtreme/actions/runs/33758295555/job/100659881808
"03.09.26, 13:19:12",100665144316,33758295555,1,QUnit tests,Send notifications,a11y/disabled-state-markers,cancelled,,https://github.com/DevExpress/DevExtreme/actions/runs/33758295555/job/100665144316
"03.09.26, 12:26:15",100647845093,33755112271,1,QUnit tests,Build,feature/add-demo-datagrid-ai-detail-view,cancelled,Install dependencies,https://github.com/DevExpress/DevExtreme/actions/runs/33755112271/job/100647845093
"03.09.26, 12:27:53",100648355997,33755112271,1,QUnit tests,"Constel ${{ matrix.CONSTEL }}${{ (((matrix.TIMEZONE != '') && format('-{0}', matrix.TIMEZONE)) || '') }}${{ (((matrix.CSP == 'false') && '-no-csp') || '') }}",feature/add-demo-datagrid-ai-detail-view,cancelled,,https://github.com/DevExpress/DevExtreme/actions/runs/33755112271/job/100648355997
"03.09.26, 12:27:53",100648356313,33755112271,1,QUnit tests,Send notifications,feature/add-demo-datagrid-ai-detail-view,cancelled,,https://github.com/DevExpress/DevExtreme/actions/runs/33755112271/job/100648356313
"03.09.26, 12:27:53",100648356388,33755112271,1,QUnit tests,${{ matrix.constel }}-shadow-dom,feature/add-demo-datagrid-ai-detail-view,cancelled,,https://github.com/DevExpress/DevExtreme/actions/runs/33755112271/job/100648356388
"03.09.26, 12:21:45",100646418091,33754169554,1,QUnit tests,ui.editors-shadow-dom,feature/add-demo-datagrid-ai-detail-view,cancelled,Run QUnit tests,https://github.com/DevExpress/DevExtreme/actions/runs/33754169554/job/100646418091
"03.09.26, 12:21:45",100646418100,33754169554,1,QUnit tests,ui.scheduler-shadow-dom,feature/add-demo-datagrid-ai-detail-view,cancelled,Run QUnit tests,https://github.com/DevExpress/DevExtreme/actions/runs/33754169554/job/100646418100
"03.09.26, 12:21:45",100646418118,33754169554,1,QUnit tests,ui.widgets-shadow-dom,feature/add-demo-datagrid-ai-detail-view,cancelled,Run QUnit tests,https://github.com/DevExpress/DevExtreme/actions/runs/33754169554/job/100646418118
"03.09.26, 12:21:45",100646418259,33754169554,1,QUnit tests,Constel ui.grid,feature/add-demo-datagrid-ai-detail-view,cancelled,Run QUnit tests,https://github.com/DevExpress/DevExtreme/actions/runs/33754169554/job/100646418259
"03.09.26, 12:21:45",100646418274,33754169554,1,QUnit tests,ui.grid-shadow-dom,feature/add-demo-datagrid-ai-detail-view,cancelled,Run QUnit tests,https://github.com/DevExpress/DevExtreme/actions/runs/33754169554/job/100646418274
"03.09.26, 12:21:45",100646418303,33754169554,1,QUnit tests,Constel ui.scheduler,feature/add-demo-datagrid-ai-detail-view,cancelled,,https://github.com/DevExpress/DevExtreme/actions/runs/33754169554/job/100646418303
"03.09.26, 12:21:45",100646418307,33754169554,1,QUnit tests,Constel ui.editors,feature/add-demo-datagrid-ai-detail-view,cancelled,Run QUnit tests,https://github.com/DevExpress/DevExtreme/actions/runs/33754169554/job/100646418307
"03.09.26, 12:21:45",100646418342,33754169554,1,QUnit tests,Constel ui.scheduler-US/Pacific,feature/add-demo-datagrid-ai-detail-view,cancelled,Post Run QUnit tests,https://github.com/DevExpress/DevExtreme/actions/runs/33754169554/job/100646418342
"03.09.26, 12:21:45",100646418357,33754169554,1,QUnit tests,Constel ui.widgets-no-csp,feature/add-demo-datagrid-ai-detail-view,cancelled,Run QUnit tests,https://github.com/DevExpress/DevExtreme/actions/runs/33754169554/job/100646418357
"03.09.26, 12:26:15",100647843895,33754169554,1,QUnit tests,Send notifications,feature/add-demo-datagrid-ai-detail-view,cancelled,,https://github.com/DevExpress/DevExtreme/actions/runs/33754169554/job/100647843895
"03.09.26, 10:38:42",100616632611,33744910965,1,QUnit tests,ui.widgets-shadow-dom,chore/remove-committed-mask-etalons,failure,,https://github.com/DevExpress/DevExtreme/actions/runs/33744910965/job/100616632611
"03.09.26, 10:38:42",100616632686,33744910965,1,QUnit tests,Constel misc,chore/remove-committed-mask-etalons,failure,,https://github.com/DevExpress/DevExtreme/actions/runs/33744910965/job/100616632686
"03.09.26, 10:38:42",100616632704,33744910965,1,QUnit tests,Constel ui.scheduler,chore/remove-committed-mask-etalons,failure,,https://github.com/DevExpress/DevExtreme/actions/runs/33744910965/job/100616632704
"03.09.26, 10:38:42",100616632729,33744910965,1,QUnit tests,Constel ui.editors,chore/remove-committed-mask-etalons,failure,,https://github.com/DevExpress/DevExtreme/actions/runs/33744910965/job/100616632729
"03.09.26, 10:14:13",100609665071,33742837605,1,QUnit tests,ui.scheduler-shadow-dom,fluent-next/disabled,cancelled,Run QUnit tests,https://github.com/DevExpress/DevExtreme/actions/runs/33742837605/job/100609665071
"03.09.26, 10:14:13",100609665088,33742837605,1,QUnit tests,ui-shadow-dom,fluent-next/disabled,cancelled,Run QUnit tests,https://github.com/DevExpress/DevExtreme/actions/runs/33742837605/job/100609665088
"03.09.26, 10:14:13",100609665115,33742837605,1,QUnit tests,Constel ui.scheduler,fluent-next/disabled,cancelled,Run QUnit tests,https://github.com/DevExpress/DevExtreme/actions/runs/33742837605/job/100609665115
"03.09.26, 10:14:13",100609665123,33742837605,1,QUnit tests,Constel ui.editors,fluent-next/disabled,cancelled,Run QUnit tests,https://github.com/DevExpress/DevExtreme/actions/runs/33742837605/job/100609665123
"03.09.26, 10:14:13",100609665126,33742837605,1,QUnit tests,Constel misc,fluent-next/disabled,cancelled,Post Run QUnit tests,https://github.com/DevExpress/DevExtreme/actions/runs/33742837605/job/100609665126
"03.09.26, 10:14:13",100609665155,33742837605,1,QUnit tests,Constel misc-no-csp,fluent-next/disabled,cancelled,Run QUnit tests,https://github.com/DevExpress/DevExtreme/actions/runs/33742837605/job/100609665155
"03.09.26, 10:14:13",100609665173,33742837605,1,QUnit tests,Constel ui.scheduler-US/Pacific,fluent-next/disabled,cancelled,Run QUnit tests,https://github.com/DevExpress/DevExtreme/actions/runs/33742837605/job/100609665173
"03.09.26, 10:14:13",100609665175,33742837605,1,QUnit tests,ui.widgets-shadow-dom,fluent-next/disabled,cancelled,Run QUnit tests,https://github.com/DevExpress/DevExtreme/actions/runs/33742837605/job/100609665175
"03.09.26, 10:14:13",100609665176,33742837605,1,QUnit tests,Constel ui,fluent-next/disabled,cancelled,Run QUnit tests,https://github.com/DevExpress/DevExtreme/actions/runs/33742837605/job/100609665176
"03.09.26, 10:14:13",100609665186,33742837605,1,QUnit tests,ui.editors-shadow-dom,fluent-next/disabled,cancelled,Run QUnit tests,https://github.com/DevExpress/DevExtreme/actions/runs/33742837605/job/100609665186
"03.09.26, 10:14:13",100609665219,33742837605,1,QUnit tests,ui.grid-shadow-dom,fluent-next/disabled,cancelled,Run QUnit tests,https://github.com/DevExpress/DevExtreme/actions/runs/33742837605/job/100609665219
"03.09.26, 10:14:13",100609665250,33742837605,1,QUnit tests,Constel ui.widgets-no-csp,fluent-next/disabled,cancelled,Run QUnit tests,https://github.com/DevExpress/DevExtreme/actions/runs/33742837605/job/100609665250
"03.09.26, 10:14:13",100609665326,33742837605,1,QUnit tests,Constel ui.grid,fluent-next/disabled,cancelled,Run QUnit tests,https://github.com/DevExpress/DevExtreme/actions/runs/33742837605/job/100609665326
"03.09.26, 10:17:52",100610708645,33742837605,1,QUnit tests,Send notifications,fluent-next/disabled,cancelled,,https://github.com/DevExpress/DevExtreme/actions/runs/33742837605/job/100610708645
"03.09.26, 10:09:31",100608329310,33742757527,1,QUnit tests,Build,fluent-next/disabled,cancelled,Install dependencies,https://github.com/DevExpress/DevExtreme/actions/runs/33742757527/job/100608329310
"03.09.26, 10:10:39",100608655637,33742757527,1,QUnit tests,"Constel ${{ matrix.CONSTEL }}${{ (((matrix.TIMEZONE != '') && format('-{0}', matrix.TIMEZONE)) || '') }}${{ (((matrix.CSP == 'false') && '-no-csp') || '') }}",fluent-next/disabled,cancelled,,https://github.com/DevExpress/DevExtreme/actions/runs/33742757527/job/100608655637
"03.09.26, 10:10:39",100608655659,33742757527,1,QUnit tests,${{ matrix.constel }}-shadow-dom,fluent-next/disabled,cancelled,,https://github.com/DevExpress/DevExtreme/actions/runs/33742757527/job/100608655659
"03.09.26, 10:10:39",100608656430,33742757527,1,QUnit tests,Send notifications,fluent-next/disabled,cancelled,,https://github.com/DevExpress/DevExtreme/actions/runs/33742757527/job/100608656430
"03.09.26, 10:05:51",100607265854,33741811483,1,QUnit tests,ui.editors-shadow-dom,fluent-next/disabled,cancelled,Run QUnit tests,https://github.com/DevExpress/DevExtreme/actions/runs/33741811483/job/100607265854
"03.09.26, 10:05:51",100607265863,33741811483,1,QUnit tests,ui.grid-shadow-dom,fluent-next/disabled,cancelled,Run QUnit tests,https://github.com/DevExpress/DevExtreme/actions/runs/33741811483/job/100607265863
"03.09.26, 10:05:51",100607265870,33741811483,1,QUnit tests,ui.scheduler-shadow-dom,fluent-next/disabled,cancelled,Run QUnit tests,https://github.com/DevExpress/DevExtreme/actions/runs/33741811483/job/100607265870
"03.09.26, 10:05:51",100607265888,33741811483,1,QUnit tests,ui-shadow-dom,fluent-next/disabled,cancelled,Run QUnit tests,https://github.com/DevExpress/DevExtreme/actions/runs/33741811483/job/100607265888
"03.09.26, 10:05:51",100607265912,33741811483,1,QUnit tests,ui.widgets-shadow-dom,fluent-next/disabled,cancelled,Run QUnit tests,https://github.com/DevExpress/DevExtreme/actions/runs/33741811483/job/100607265912
"03.09.26, 10:05:51",100607265950,33741811483,1,QUnit tests,Constel ui.grid,fluent-next/disabled,cancelled,Run QUnit tests,https://github.com/DevExpress/DevExtreme/actions/runs/33741811483/job/100607265950
"03.09.26, 10:05:51",100607265968,33741811483,1,QUnit tests,Constel ui.editors,fluent-next/disabled,cancelled,Run QUnit tests,https://github.com/DevExpress/DevExtreme/actions/runs/33741811483/job/100607265968
"03.09.26, 10:05:51",100607265980,33741811483,1,QUnit tests,Constel ui.scheduler,fluent-next/disabled,cancelled,Run QUnit tests,https://github.com/DevExpress/DevExtreme/actions/runs/33741811483/job/100607265980
"03.09.26, 10:05:51",100607266010,33741811483,1,QUnit tests,Constel ui,fluent-next/disabled,cancelled,Run QUnit tests,https://github.com/DevExpress/DevExtreme/actions/runs/33741811483/job/100607266010
"03.09.26, 10:05:51",100607266042,33741811483,1,QUnit tests,Constel misc,fluent-next/disabled,cancelled,Post Run QUnit tests,https://github.com/DevExpress/DevExtreme/actions/runs/33741811483/job/100607266042
"03.09.26, 10:05:51",100607266068,33741811483,1,QUnit tests,Constel ui.widgets-no-csp,fluent-next/disabled,cancelled,Run QUnit tests,https://github.com/DevExpress/DevExtreme/actions/runs/33741811483/job/100607266068
"03.09.26, 10:05:51",100607266070,33741811483,1,QUnit tests,Constel ui.scheduler-US/Pacific,fluent-next/disabled,cancelled,Run QUnit tests,https://github.com/DevExpress/DevExtreme/actions/runs/33741811483/job/100607266070
"03.09.26, 10:05:51",100607266095,33741811483,1,QUnit tests,Constel misc-no-csp,fluent-next/disabled,cancelled,Post Run QUnit tests,https://github.com/DevExpress/DevExtreme/actions/runs/33741811483/job/100607266095
"03.09.26, 10:09:31",100608328037,33741811483,1,QUnit tests,Send notifications,fluent-next/disabled,cancelled,,https://github.com/DevExpress/DevExtreme/actions/runs/33741811483/job/100608328037
"03.09.26, 10:01:05",100605876847,33741664802,1,QUnit tests,ui.grid-shadow-dom,5056-t1334708---tooltip---esc-key-closes-both-the-tooltip-and-its-parent-overlay,cancelled,Run QUnit tests,https://github.com/DevExpress/DevExtreme/actions/runs/33741664802/job/100605876847
"03.09.26, 10:01:05",100605876889,33741664802,1,QUnit tests,ui-shadow-dom,5056-t1334708---tooltip---esc-key-closes-both-the-tooltip-and-its-parent-overlay,cancelled,Run QUnit tests,https://github.com/DevExpress/DevExtreme/actions/runs/33741664802/job/100605876889
"03.09.26, 10:01:05",100605876914,33741664802,1,QUnit tests,Constel ui.editors,5056-t1334708---tooltip---esc-key-closes-both-the-tooltip-and-its-parent-overlay,cancelled,Run QUnit tests,https://github.com/DevExpress/DevExtreme/actions/runs/33741664802/job/100605876914
"03.09.26, 10:01:05",100605876925,33741664802,1,QUnit tests,Constel ui,5056-t1334708---tooltip---esc-key-closes-both-the-tooltip-and-its-parent-overlay,cancelled,Run QUnit tests,https://github.com/DevExpress/DevExtreme/actions/runs/33741664802/job/100605876925
"03.09.26, 10:01:05",100605876951,33741664802,1,QUnit tests,Constel misc,5056-t1334708---tooltip---esc-key-closes-both-the-tooltip-and-its-parent-overlay,cancelled,Post Run QUnit tests,https://github.com/DevExpress/DevExtreme/actions/runs/33741664802/job/100605876951
"03.09.26, 10:01:05",100605876960,33741664802,1,QUnit tests,ui.editors-shadow-dom,5056-t1334708---tooltip---esc-key-closes-both-the-tooltip-and-its-parent-overlay,cancelled,Run QUnit tests,https://github.com/DevExpress/DevExtreme/actions/runs/33741664802/job/100605876960
"03.09.26, 10:01:05",100605876973,33741664802,1,QUnit tests,ui.scheduler-shadow-dom,5056-t1334708---tooltip---esc-key-closes-both-the-tooltip-and-its-parent-overlay,cancelled,Run QUnit tests,https://github.com/DevExpress/DevExtreme/actions/runs/33741664802/job/100605876973
"03.09.26, 10:01:05",100605876982,33741664802,1,QUnit tests,ui.widgets-shadow-dom,5056-t1334708---tooltip---esc-key-closes-both-the-tooltip-and-its-parent-overlay,cancelled,Run QUnit tests,https://github.com/DevExpress/DevExtreme/actions/runs/33741664802/job/100605876982
"03.09.26, 10:01:05",100605877002,33741664802,1,QUnit tests,Constel ui.scheduler,5056-t1334708---tooltip---esc-key-closes-both-the-tooltip-and-its-parent-overlay,cancelled,Run QUnit tests,https://github.com/DevExpress/DevExtreme/actions/runs/33741664802/job/100605877002
"03.09.26, 10:01:05",100605877053,33741664802,1,QUnit tests,Constel ui.grid,5056-t1334708---tooltip---esc-key-closes-both-the-tooltip-and-its-parent-overlay,cancelled,Run QUnit tests,https://github.com/DevExpress/DevExtreme/actions/runs/33741664802/job/100605877053
"03.09.26, 10:01:05",100605877055,33741664802,1,QUnit tests,Constel misc-no-csp,5056-t1334708---tooltip---esc-key-closes-both-the-tooltip-and-its-parent-overlay,cancelled,Run QUnit tests,https://github.com/DevExpress/DevExtreme/actions/runs/33741664802/job/100605877055
"03.09.26, 10:01:05",100605877120,33741664802,1,QUnit tests,Constel ui.scheduler-US/Pacific,5056-t1334708---tooltip---esc-key-closes-both-the-tooltip-and-its-parent-overlay,cancelled,Run QUnit tests,https://github.com/DevExpress/DevExtreme/actions/runs/33741664802/job/100605877120
"03.09.26, 10:01:05",100605877222,33741664802,1,QUnit tests,Constel ui.widgets-no-csp,5056-t1334708---tooltip---esc-key-closes-both-the-tooltip-and-its-parent-overlay,cancelled,Run QUnit tests,https://github.com/DevExpress/DevExtreme/actions/runs/33741664802/job/100605877222
"03.09.26, 10:03:54",100606697888,33741664802,1,QUnit tests,Send notifications,5056-t1334708---tooltip---esc-key-closes-both-the-tooltip-and-its-parent-overlay,cancelled,,https://github.com/DevExpress/DevExtreme/actions/runs/33741664802/job/100606697888
"03.09.26, 09:00:49",100588138992,33736485975,1,QUnit tests,Build,refactor_custom_load_pipeline_26_1,failure,Build,https://github.com/DevExpress/DevExtreme/actions/runs/33736485975/job/100588138992
"03.09.26, 08:47:41",100584264914,33735282078,1,QUnit tests,Build,refactor_custom_load_pipeline_26_1,failure,Build,https://github.com/DevExpress/DevExtreme/actions/runs/33735282078/job/100584264914
"03.09.26, 08:43:50",100583151926,33734928207,1,QUnit tests,Build,fluent-next/disabled,failure,,https://github.com/DevExpress/DevExtreme/actions/runs/33734928207/job/100583151926
"03.09.26, 08:47:08",100584106528,33734745490,1,QUnit tests,ui-shadow-dom,refactor_custom_load_pipeline_26_2,failure,,https://github.com/DevExpress/DevExtreme/actions/runs/33734745490/job/100584106528
"03.09.26, 08:41:37",100582515450,33734262254,1,QUnit tests,Constel ui.scheduler,26_1,failure,,https://github.com/DevExpress/DevExtreme/actions/runs/33734262254/job/100582515450
"03.09.26, 08:37:44",100581398468,33734038960,1,QUnit tests,Constel ui.scheduler-US/Pacific,fix/qunit_mutable_facades,failure,,https://github.com/DevExpress/DevExtreme/actions/runs/33734038960/job/100581398468
"03.09.26, 22:28:57",100839670645,33813247273,1,Jest tests,jest-tests,fluent-next/disabled,cancelled,Setup pnpm cache,https://github.com/DevExpress/DevExtreme/actions/runs/33813247273/job/100839670645
"03.09.26, 22:29:52",100839893700,33813247273,1,Jest tests,Send notifications,fluent-next/disabled,cancelled,,https://github.com/DevExpress/DevExtreme/actions/runs/33813247273/job/100839893700
"03.09.26, 20:57:41",100814134139,33805176578,1,Jest tests,jest-tests,cp-26-1/remove-systemjs-from-demos,cancelled,Check test types,https://github.com/DevExpress/DevExtreme/actions/runs/33805176578/job/100814134139
"03.09.26, 21:00:28",100814975858,33805176578,1,Jest tests,Send notifications,cp-26-1/remove-systemjs-from-demos,cancelled,,https://github.com/DevExpress/DevExtreme/actions/runs/33805176578/job/100814975858
"03.09.26, 20:52:23",100812493649,33804771185,1,Jest tests,jest-tests,cp-26-1/remove-systemjs-from-demos,cancelled,Jest tests,https://github.com/DevExpress/DevExtreme/actions/runs/33804771185/job/100812493649
"03.09.26, 20:57:41",100814132365,33804771185,1,Jest tests,Send notifications,cp-26-1/remove-systemjs-from-demos,cancelled,,https://github.com/DevExpress/DevExtreme/actions/runs/33804771185/job/100814132365
"03.09.26, 18:50:03",100773345654,33792757102,1,Jest tests,jest-tests,fix/privotgrid-demo-with-workaround,cancelled,Check test types,https://github.com/DevExpress/DevExtreme/actions/runs/33792757102/job/100773345654
"03.09.26, 18:52:12",100774056978,33792757102,1,Jest tests,Send notifications,fix/privotgrid-demo-with-workaround,cancelled,,https://github.com/DevExpress/DevExtreme/actions/runs/33792757102/job/100774056978
"03.09.26, 18:48:57",100772980489,33792734932,1,Jest tests,jest-tests,fix/privotgrid-demo-with-workaround,cancelled,Install dependencies,https://github.com/DevExpress/DevExtreme/actions/runs/33792734932/job/100772980489
"03.09.26, 18:50:03",100773343876,33792734932,1,Jest tests,Send notifications,fix/privotgrid-demo-with-workaround,cancelled,,https://github.com/DevExpress/DevExtreme/actions/runs/33792734932/job/100773343876
"03.09.26, 16:59:17",100737268926,33781819825,1,Jest tests,jest-tests,chore/demos-strict-screenshot-comparison,cancelled,,https://github.com/DevExpress/DevExtreme/actions/runs/33781819825/job/100737268926
"03.09.26, 16:59:25",100737309678,33781819825,1,Jest tests,Send notifications,chore/demos-strict-screenshot-comparison,cancelled,,https://github.com/DevExpress/DevExtreme/actions/runs/33781819825/job/100737309678
"03.09.26, 16:58:10",100736908619,33781766878,1,Jest tests,jest-tests,chore/demos-strict-screenshot-comparison,cancelled,Install dependencies,https://github.com/DevExpress/DevExtreme/actions/runs/33781766878/job/100736908619
"03.09.26, 16:59:17",100737268361,33781766878,1,Jest tests,Send notifications,chore/demos-strict-screenshot-comparison,cancelled,,https://github.com/DevExpress/DevExtreme/actions/runs/33781766878/job/100737268361
"03.09.26, 16:02:16",100718406616,33776202333,1,Jest tests,jest-tests,chore/demos-strict-screenshot-comparison,cancelled,Jest tests,https://github.com/DevExpress/DevExtreme/actions/runs/33776202333/job/100718406616
"03.09.26, 16:05:55",100719653221,33776202333,1,Jest tests,Send notifications,chore/demos-strict-screenshot-comparison,cancelled,,https://github.com/DevExpress/DevExtreme/actions/runs/33776202333/job/100719653221
"03.09.26, 14:36:14",100690086466,33767823027,1,Jest tests,jest-tests,feature/remove-systemjs-from-demos,cancelled,,https://github.com/DevExpress/DevExtreme/actions/runs/33767823027/job/100690086466
"03.09.26, 14:36:15",100690093817,33767823027,1,Jest tests,Send notifications,feature/remove-systemjs-from-demos,cancelled,,https://github.com/DevExpress/DevExtreme/actions/runs/33767823027/job/100690093817
"03.09.26, 14:07:31",100680530858,33765016149,1,Jest tests,jest-tests,chore/demos-strict-screenshot-comparison,cancelled,Jest tests,https://github.com/DevExpress/DevExtreme/actions/runs/33765016149/job/100680530858
"03.09.26, 14:16:45",100683575838,33765016149,1,Jest tests,Send notifications,chore/demos-strict-screenshot-comparison,cancelled,,https://github.com/DevExpress/DevExtreme/actions/runs/33765016149/job/100683575838
"03.09.26, 14:06:23",100680162592,33764908366,1,Jest tests,jest-tests,chore/demos-strict-screenshot-comparison,cancelled,,https://github.com/DevExpress/DevExtreme/actions/runs/33764908366/job/100680162592
"03.09.26, 14:07:30",100680528559,33764908366,1,Jest tests,Send notifications,chore/demos-strict-screenshot-comparison,cancelled,,https://github.com/DevExpress/DevExtreme/actions/runs/33764908366/job/100680528559
"03.09.26, 14:02:07",100678749432,33764490851,1,Jest tests,jest-tests,data_source_controller_main,failure,Check test types,https://github.com/DevExpress/DevExtreme/actions/runs/33764490851/job/100678749432
"03.09.26, 13:46:55",100673880910,33763053445,1,Jest tests,jest-tests,chore/remove-committed-mask-etalons,cancelled,Install dependencies,https://github.com/DevExpress/DevExtreme/actions/runs/33763053445/job/100673880910
"03.09.26, 13:48:02",100674223063,33763053445,1,Jest tests,Send notifications,chore/remove-committed-mask-etalons,cancelled,,https://github.com/DevExpress/DevExtreme/actions/runs/33763053445/job/100674223063
"03.09.26, 13:20:32",100665602922,33760519567,1,Jest tests,jest-tests,a11y/disabled-state-markers,cancelled,Jest tests,https://github.com/DevExpress/DevExtreme/actions/runs/33760519567/job/100665602922
"03.09.26, 13:27:42",100667935394,33760519567,1,Jest tests,Send notifications,a11y/disabled-state-markers,cancelled,,https://github.com/DevExpress/DevExtreme/actions/runs/33760519567/job/100667935394
"03.09.26, 13:18:34",100664928633,33760336636,1,Jest tests,jest-tests,a11y/disabled-state-markers,cancelled,Jest tests,https://github.com/DevExpress/DevExtreme/actions/runs/33760336636/job/100664928633
"03.09.26, 13:20:32",100665602571,33760336636,1,Jest tests,Send notifications,a11y/disabled-state-markers,cancelled,,https://github.com/DevExpress/DevExtreme/actions/runs/33760336636/job/100665602571
"03.09.26, 13:14:05",100663380126,33759913357,1,Jest tests,jest-tests,a11y/disabled-state-markers,cancelled,Jest tests,https://github.com/DevExpress/DevExtreme/actions/runs/33759913357/job/100663380126
"03.09.26, 13:18:34",100664927847,33759913357,1,Jest tests,Send notifications,a11y/disabled-state-markers,cancelled,,https://github.com/DevExpress/DevExtreme/actions/runs/33759913357/job/100664927847
"03.09.26, 12:25:22",100647565572,33755112287,1,Jest tests,jest-tests,feature/add-demo-datagrid-ai-detail-view,cancelled,Jest tests,https://github.com/DevExpress/DevExtreme/actions/runs/33755112287/job/100647565572
"03.09.26, 12:28:36",100648576252,33755112287,1,Jest tests,Send notifications,feature/add-demo-datagrid-ai-detail-view,cancelled,,https://github.com/DevExpress/DevExtreme/actions/runs/33755112287/job/100648576252
"03.09.26, 12:05:22",100641446490,33753243156,1,Jest tests,jest-tests,T1334729_26_2,failure,Jest tests,https://github.com/DevExpress/DevExtreme/actions/runs/33753243156/job/100641446490
"03.09.26, 10:11:05",100608782855,33742837660,1,Jest tests,jest-tests,fluent-next/disabled,cancelled,Jest tests,https://github.com/DevExpress/DevExtreme/actions/runs/33742837660/job/100608782855
"03.09.26, 10:17:10",100610509292,33742837660,1,Jest tests,Send notifications,fluent-next/disabled,cancelled,,https://github.com/DevExpress/DevExtreme/actions/runs/33742837660/job/100610509292
"03.09.26, 10:09:06",100608213458,33742757487,1,Jest tests,jest-tests,fluent-next/disabled,cancelled,Check test types,https://github.com/DevExpress/DevExtreme/actions/runs/33742757487/job/100608213458
"03.09.26, 10:11:05",100608782129,33742757487,1,Jest tests,Send notifications,fluent-next/disabled,cancelled,,https://github.com/DevExpress/DevExtreme/actions/runs/33742757487/job/100608782129
"03.09.26, 09:57:13",100604767025,33741664771,1,Jest tests,jest-tests,5056-t1334708---tooltip---esc-key-closes-both-the-tooltip-and-its-parent-overlay,cancelled,Post Setup pnpm cache,https://github.com/DevExpress/DevExtreme/actions/runs/33741664771/job/100604767025
"03.09.26, 10:04:01",100606728792,33741664771,1,Jest tests,Send notifications,5056-t1334708---tooltip---esc-key-closes-both-the-tooltip-and-its-parent-overlay,cancelled,,https://github.com/DevExpress/DevExtreme/actions/runs/33741664771/job/100606728792
"03.09.26, 09:00:49",100588138530,33736485962,1,Jest tests,jest-tests,refactor_custom_load_pipeline_26_1,failure,Check test types,https://github.com/DevExpress/DevExtreme/actions/runs/33736485962/job/100588138530
"03.09.26, 08:47:41",100584263958,33735281877,1,Jest tests,jest-tests,refactor_custom_load_pipeline_26_1,failure,Check test types,https://github.com/DevExpress/DevExtreme/actions/runs/33735281877/job/100584263958
"03.09.26, 22:28:57",100839670654,33813247244,1,Styles tests,Tests,fluent-next/disabled,cancelled,Install dependencies,https://github.com/DevExpress/DevExtreme/actions/runs/33813247244/job/100839670654
"03.09.26, 22:30:04",100839942215,33813247244,1,Styles tests,Send notifications,fluent-next/disabled,cancelled,,https://github.com/DevExpress/DevExtreme/actions/runs/33813247244/job/100839942215
"03.09.26, 22:26:40",100839106959,33813066182,1,Styles tests,Tests,chore/scss-no-identical-branch-declarations,failure,Run tests,https://github.com/DevExpress/DevExtreme/actions/runs/33813066182/job/100839106959
"03.09.26, 18:50:05",100773354857,33792757050,1,Styles tests,Tests,fix/privotgrid-demo-with-workaround,cancelled,Post Setup pnpm cache,https://github.com/DevExpress/DevExtreme/actions/runs/33792757050/job/100773354857
"03.09.26, 18:52:02",100774001547,33792757050,1,Styles tests,Send notifications,fix/privotgrid-demo-with-workaround,cancelled,,https://github.com/DevExpress/DevExtreme/actions/runs/33792757050/job/100774001547
"03.09.26, 18:48:57",100772981107,33792734964,1,Styles tests,Tests,fix/privotgrid-demo-with-workaround,cancelled,Install dependencies,https://github.com/DevExpress/DevExtreme/actions/runs/33792734964/job/100772981107
"03.09.26, 18:50:05",100773353076,33792734964,1,Styles tests,Send notifications,fix/privotgrid-demo-with-workaround,cancelled,,https://github.com/DevExpress/DevExtreme/actions/runs/33792734964/job/100773353076
"03.09.26, 16:59:18",100737270543,33781819922,1,Styles tests,Tests,chore/demos-strict-screenshot-comparison,cancelled,,https://github.com/DevExpress/DevExtreme/actions/runs/33781819922/job/100737270543
"03.09.26, 16:59:25",100737310356,33781819922,1,Styles tests,Send notifications,chore/demos-strict-screenshot-comparison,cancelled,,https://github.com/DevExpress/DevExtreme/actions/runs/33781819922/job/100737310356
"03.09.26, 16:58:10",100736908854,33781766886,1,Styles tests,Tests,chore/demos-strict-screenshot-comparison,cancelled,Install dependencies,https://github.com/DevExpress/DevExtreme/actions/runs/33781766886/job/100736908854
"03.09.26, 16:59:18",100737269915,33781766886,1,Styles tests,Send notifications,chore/demos-strict-screenshot-comparison,cancelled,,https://github.com/DevExpress/DevExtreme/actions/runs/33781766886/job/100737269915
"03.09.26, 14:06:23",100680162627,33764908400,1,Styles tests,Tests,chore/demos-strict-screenshot-comparison,cancelled,,https://github.com/DevExpress/DevExtreme/actions/runs/33764908400/job/100680162627
"03.09.26, 14:07:30",100680529873,33764908400,1,Styles tests,Send notifications,chore/demos-strict-screenshot-comparison,cancelled,,https://github.com/DevExpress/DevExtreme/actions/runs/33764908400/job/100680529873
"03.09.26, 13:46:55",100673880901,33763053433,1,Styles tests,Tests,chore/remove-committed-mask-etalons,cancelled,,https://github.com/DevExpress/DevExtreme/actions/runs/33763053433/job/100673880901
"03.09.26, 13:46:58",100673894783,33763053433,1,Styles tests,Send notifications,chore/remove-committed-mask-etalons,cancelled,,https://github.com/DevExpress/DevExtreme/actions/runs/33763053433/job/100673894783
"03.09.26, 12:25:22",100647566630,33755112371,1,Styles tests,Tests,feature/add-demo-datagrid-ai-detail-view,cancelled,,https://github.com/DevExpress/DevExtreme/actions/runs/33755112371/job/100647566630
"03.09.26, 12:28:05",100648417104,33755112371,1,Styles tests,Send notifications,feature/add-demo-datagrid-ai-detail-view,cancelled,,https://github.com/DevExpress/DevExtreme/actions/runs/33755112371/job/100648417104
"03.09.26, 10:09:06",100608213527,33742757461,1,Styles tests,Tests,fluent-next/disabled,cancelled,Post Setup nx cache,https://github.com/DevExpress/DevExtreme/actions/runs/33742757461/job/100608213527
"03.09.26, 10:10:52",100608720748,33742757461,1,Styles tests,Send notifications,fluent-next/disabled,cancelled,,https://github.com/DevExpress/DevExtreme/actions/runs/33742757461/job/100608720748
"03.09.26, 08:43:50",100583152024,33734928333,1,Styles tests,Tests,fluent-next/disabled,failure,,https://github.com/DevExpress/DevExtreme/actions/runs/33734928333/job/100583152024
"03.09.26, 22:54:39",100845788285,33815004427,1,TestCafe tests,editors - fluent,fluent-next/disabled,cancelled,Run TestCafe tests,https://github.com/DevExpress/DevExtreme/actions/runs/33815004427/job/100845788285
"03.09.26, 22:54:39",100845788337,33815004427,1,TestCafe tests,dataGrid (2/4) - fluent-next,fluent-next/disabled,failure,Run TestCafe tests,https://github.com/DevExpress/DevExtreme/actions/runs/33815004427/job/100845788337
"03.09.26, 23:39:58",100855993191,33815004427,1,TestCafe tests,quarantine,fluent-next/disabled,failure,Run quarantined tests,https://github.com/DevExpress/DevExtreme/actions/runs/33815004427/job/100855993191
"03.09.26, 22:39:46",100842298271,33813266218,1,TestCafe tests,quarantine,fluent-next/disabled,failure,Run quarantined tests,https://github.com/DevExpress/DevExtreme/actions/runs/33813266218/job/100842298271
"03.09.26, 22:28:57",100839670941,33813247235,1,TestCafe tests,Check if tests should run,fluent-next/disabled,cancelled,,https://github.com/DevExpress/DevExtreme/actions/runs/33813247235/job/100839670941
"03.09.26, 22:29:11",100839728902,33813247235,1,TestCafe tests,Determine TestCafe matrix,fluent-next/disabled,cancelled,,https://github.com/DevExpress/DevExtreme/actions/runs/33813247235/job/100839728902
"03.09.26, 22:29:11",100839729130,33813247235,1,TestCafe tests,Build DevExtreme,fluent-next/disabled,cancelled,,https://github.com/DevExpress/DevExtreme/actions/runs/33813247235/job/100839729130
"03.09.26, 22:29:11",100839729136,33813247235,1,TestCafe tests,${{ matrix.name }}${{ ((!matrix.theme && ' - fluent') || '') }},fluent-next/disabled,cancelled,,https://github.com/DevExpress/DevExtreme/actions/runs/33813247235/job/100839729136
"03.09.26, 22:29:11",100839729356,33813247235,1,TestCafe tests,quarantine,fluent-next/disabled,cancelled,,https://github.com/DevExpress/DevExtreme/actions/runs/33813247235/job/100839729356
"03.09.26, 22:29:11",100839730287,33813247235,1,TestCafe tests,Send notifications,fluent-next/disabled,cancelled,,https://github.com/DevExpress/DevExtreme/actions/runs/33813247235/job/100839730287
"03.09.26, 21:17:58",100820312600,33806664468,1,TestCafe tests,accessibility - fluent-next.dark,fluent-next/disabled,failure,Run TestCafe tests,https://github.com/DevExpress/DevExtreme/actions/runs/33806664468/job/100820312600
"03.09.26, 21:17:58",100820312625,33806664468,1,TestCafe tests,cardView - fluent,fluent-next/disabled,failure,Run TestCafe tests,https://github.com/DevExpress/DevExtreme/actions/runs/33806664468/job/100820312625
"03.09.26, 21:17:58",100820312711,33806664468,1,TestCafe tests,cardView - fluent-next,fluent-next/disabled,failure,Run TestCafe tests,https://github.com/DevExpress/DevExtreme/actions/runs/33806664468/job/100820312711
"03.09.26, 21:17:58",100820312718,33806664468,1,TestCafe tests,scheduler / common (3/3) - fluent-next,fluent-next/disabled,failure,Run TestCafe tests,https://github.com/DevExpress/DevExtreme/actions/runs/33806664468/job/100820312718
"03.09.26, 21:17:58",100820312728,33806664468,1,TestCafe tests,editors - fluent-next,fluent-next/disabled,failure,Run TestCafe tests,https://github.com/DevExpress/DevExtreme/actions/runs/33806664468/job/100820312728
"03.09.26, 21:17:58",100820312752,33806664468,1,TestCafe tests,common - fluent-next,fluent-next/disabled,failure,Run TestCafe tests,https://github.com/DevExpress/DevExtreme/actions/runs/33806664468/job/100820312752
"03.09.26, 21:17:58",100820312770,33806664468,1,TestCafe tests,dataGrid (4/4) - fluent-next,fluent-next/disabled,failure,Run TestCafe tests,https://github.com/DevExpress/DevExtreme/actions/runs/33806664468/job/100820312770
"03.09.26, 21:17:58",100820312775,33806664468,1,TestCafe tests,scheduler / common (2/3) - fluent-next,fluent-next/disabled,failure,Run TestCafe tests,https://github.com/DevExpress/DevExtreme/actions/runs/33806664468/job/100820312775
"03.09.26, 21:17:58",100820312787,33806664468,1,TestCafe tests,dataGrid (1/4) - fluent-next,fluent-next/disabled,failure,Run TestCafe tests,https://github.com/DevExpress/DevExtreme/actions/runs/33806664468/job/100820312787
"03.09.26, 21:17:58",100820312789,33806664468,1,TestCafe tests,accessibility - fluent-next,fluent-next/disabled,failure,Run TestCafe tests,https://github.com/DevExpress/DevExtreme/actions/runs/33806664468/job/100820312789
"03.09.26, 21:17:58",100820312796,33806664468,1,TestCafe tests,dataGrid (2/4) - fluent-next,fluent-next/disabled,failure,Run TestCafe tests,https://github.com/DevExpress/DevExtreme/actions/runs/33806664468/job/100820312796
"03.09.26, 21:17:58",100820312817,33806664468,1,TestCafe tests,scheduler / common (1/3) - fluent-next,fluent-next/disabled,failure,Run TestCafe tests,https://github.com/DevExpress/DevExtreme/actions/runs/33806664468/job/100820312817
"03.09.26, 21:17:58",100820312822,33806664468,1,TestCafe tests,scheduler / viewOffset (1/2) - fluent-next,fluent-next/disabled,failure,Run TestCafe tests,https://github.com/DevExpress/DevExtreme/actions/runs/33806664468/job/100820312822
"03.09.26, 21:17:58",100820312831,33806664468,1,TestCafe tests,scheduler / timezones (Europe/Berlin) - fluent-next,fluent-next/disabled,failure,Run TestCafe tests,https://github.com/DevExpress/DevExtreme/actions/runs/33806664468/job/100820312831
"03.09.26, 21:17:58",100820312854,33806664468,1,TestCafe tests,scheduler / timezones (America/Los_Angeles) - fluent-next,fluent-next/disabled,failure,Run TestCafe tests,https://github.com/DevExpress/DevExtreme/actions/runs/33806664468/job/100820312854
"03.09.26, 21:17:58",100820312886,33806664468,1,TestCafe tests,scheduler / viewOffset (2/2) - fluent-next,fluent-next/disabled,failure,Run TestCafe tests,https://github.com/DevExpress/DevExtreme/actions/runs/33806664468/job/100820312886
"03.09.26, 21:28:45",100823473398,33806664468,1,TestCafe tests,quarantine,fluent-next/disabled,failure,Run quarantined tests,https://github.com/DevExpress/DevExtreme/actions/runs/33806664468/job/100823473398
"03.09.26, 20:57:52",100814192668,33805176564,1,TestCafe tests,Build DevExtreme,cp-26-1/remove-systemjs-from-demos,cancelled,Build,https://github.com/DevExpress/DevExtreme/actions/runs/33805176564/job/100814192668
"03.09.26, 21:00:32",100815001849,33805176564,1,TestCafe tests,quarantine,cp-26-1/remove-systemjs-from-demos,cancelled,,https://github.com/DevExpress/DevExtreme/actions/runs/33805176564/job/100815001849
"03.09.26, 21:00:32",100815002336,33805176564,1,TestCafe tests,${{ matrix.name }}${{ ((!matrix.theme && ' - fluent') || '') }},cp-26-1/remove-systemjs-from-demos,cancelled,,https://github.com/DevExpress/DevExtreme/actions/runs/33805176564/job/100815002336
"03.09.26, 21:00:33",100815003010,33805176564,1,TestCafe tests,Send notifications,cp-26-1/remove-systemjs-from-demos,cancelled,,https://github.com/DevExpress/DevExtreme/actions/runs/33805176564/job/100815003010
"03.09.26, 21:01:36",100815326516,33805087597,1,TestCafe tests,material,fix/privotgrid-demo-with-workaround,cancelled,Run TestCafe tests,https://github.com/DevExpress/DevExtreme/actions/runs/33805087597/job/100815326516
"03.09.26, 21:01:36",100815326521,33805087597,1,TestCafe tests,dataGrid (2/4) - fluent,fix/privotgrid-demo-with-workaround,cancelled,Run TestCafe tests,https://github.com/DevExpress/DevExtreme/actions/runs/33805087597/job/100815326521
"03.09.26, 21:01:36",100815326529,33805087597,1,TestCafe tests,accessibility - fluent,fix/privotgrid-demo-with-workaround,cancelled,Run TestCafe tests,https://github.com/DevExpress/DevExtreme/actions/runs/33805087597/job/100815326529
"03.09.26, 21:01:36",100815326538,33805087597,1,TestCafe tests,material - compact,fix/privotgrid-demo-with-workaround,cancelled,Run TestCafe tests,https://github.com/DevExpress/DevExtreme/actions/runs/33805087597/job/100815326538
"03.09.26, 21:01:36",100815326540,33805087597,1,TestCafe tests,scheduler / common (2/3) - fluent,fix/privotgrid-demo-with-workaround,cancelled,Run TestCafe tests,https://github.com/DevExpress/DevExtreme/actions/runs/33805087597/job/100815326540
"03.09.26, 21:01:36",100815326550,33805087597,1,TestCafe tests,editors - fluent,fix/privotgrid-demo-with-workaround,cancelled,Run TestCafe tests,https://github.com/DevExpress/DevExtreme/actions/runs/33805087597/job/100815326550
"03.09.26, 21:01:36",100815326553,33805087597,1,TestCafe tests,dataGrid (4/4) - fluent,fix/privotgrid-demo-with-workaround,cancelled,Run TestCafe tests,https://github.com/DevExpress/DevExtreme/actions/runs/33805087597/job/100815326553
"03.09.26, 21:01:36",100815326571,33805087597,1,TestCafe tests,scheduler / viewOffset (2/2) - fluent,fix/privotgrid-demo-with-workaround,cancelled,Run TestCafe tests,https://github.com/DevExpress/DevExtreme/actions/runs/33805087597/job/100815326571
"03.09.26, 21:01:36",100815326573,33805087597,1,TestCafe tests,scheduler / viewOffset (1/2) - fluent,fix/privotgrid-demo-with-workaround,cancelled,Run TestCafe tests,https://github.com/DevExpress/DevExtreme/actions/runs/33805087597/job/100815326573
"03.09.26, 21:01:36",100815326578,33805087597,1,TestCafe tests,dataGrid (1/4) - fluent,fix/privotgrid-demo-with-workaround,cancelled,Run TestCafe tests,https://github.com/DevExpress/DevExtreme/actions/runs/33805087597/job/100815326578
"03.09.26, 21:01:36",100815326585,33805087597,1,TestCafe tests,dataGrid (3/4) - fluent,fix/privotgrid-demo-with-workaround,cancelled,Run TestCafe tests,https://github.com/DevExpress/DevExtreme/actions/runs/33805087597/job/100815326585
"03.09.26, 21:01:36",100815326590,33805087597,1,TestCafe tests,navigation - fluent,fix/privotgrid-demo-with-workaround,cancelled,Run TestCafe tests,https://github.com/DevExpress/DevExtreme/actions/runs/33805087597/job/100815326590
"03.09.26, 21:01:36",100815326636,33805087597,1,TestCafe tests,scheduler / common (1/3) - fluent,fix/privotgrid-demo-with-workaround,cancelled,Run TestCafe tests,https://github.com/DevExpress/DevExtreme/actions/runs/33805087597/job/100815326636
"03.09.26, 21:01:36",100815326637,33805087597,1,TestCafe tests,generic,fix/privotgrid-demo-with-workaround,cancelled,Install dependencies,https://github.com/DevExpress/DevExtreme/actions/runs/33805087597/job/100815326637
"03.09.26, 21:01:36",100815326638,33805087597,1,TestCafe tests,scheduler / common (3/3) - fluent,fix/privotgrid-demo-with-workaround,cancelled,Run TestCafe tests,https://github.com/DevExpress/DevExtreme/actions/runs/33805087597/job/100815326638
"03.09.26, 21:01:36",100815326640,33805087597,1,TestCafe tests,cardView - fluent,fix/privotgrid-demo-with-workaround,cancelled,Run TestCafe tests,https://github.com/DevExpress/DevExtreme/actions/runs/33805087597/job/100815326640
"03.09.26, 21:01:36",100815326642,33805087597,1,TestCafe tests,common - fluent,fix/privotgrid-demo-with-workaround,cancelled,Install dependencies,https://github.com/DevExpress/DevExtreme/actions/runs/33805087597/job/100815326642
"03.09.26, 21:01:36",100815326689,33805087597,1,TestCafe tests,scheduler / timezones (America/Los_Angeles) - fluent,fix/privotgrid-demo-with-workaround,cancelled,Install dependencies,https://github.com/DevExpress/DevExtreme/actions/runs/33805087597/job/100815326689
"03.09.26, 21:01:36",100815326696,33805087597,1,TestCafe tests,scheduler / timezones (Europe/Berlin) - fluent,fix/privotgrid-demo-with-workaround,cancelled,Install dependencies,https://github.com/DevExpress/DevExtreme/actions/runs/33805087597/job/100815326696
"03.09.26, 21:03:44",100815999397,33805087597,1,TestCafe tests,Send notifications,fix/privotgrid-demo-with-workaround,cancelled,,https://github.com/DevExpress/DevExtreme/actions/runs/33805087597/job/100815999397
"03.09.26, 21:03:45",100815999415,33805087597,1,TestCafe tests,quarantine,fix/privotgrid-demo-with-workaround,cancelled,,https://github.com/DevExpress/DevExtreme/actions/runs/33805087597/job/100815999415
"03.09.26, 20:52:48",100812626441,33804771232,1,TestCafe tests,Build DevExtreme,cp-26-1/remove-systemjs-from-demos,cancelled,Build,https://github.com/DevExpress/DevExtreme/actions/runs/33804771232/job/100812626441
"03.09.26, 20:57:17",100814011513,33804771232,1,TestCafe tests,${{ matrix.name }}${{ ((!matrix.theme && ' - fluent') || '') }},cp-26-1/remove-systemjs-from-demos,cancelled,,https://github.com/DevExpress/DevExtreme/actions/runs/33804771232/job/100814011513
"03.09.26, 20:57:17",100814012818,33804771232,1,TestCafe tests,quarantine,cp-26-1/remove-systemjs-from-demos,cancelled,,https://github.com/DevExpress/DevExtreme/actions/runs/33804771232/job/100814012818
"03.09.26, 20:57:17",100814013537,33804771232,1,TestCafe tests,Send notifications,cp-26-1/remove-systemjs-from-demos,cancelled,,https://github.com/DevExpress/DevExtreme/actions/runs/33804771232/job/100814013537
"03.09.26, 20:33:44",100806640487,33802355437,1,TestCafe tests,dataGrid (4/4) - fluent-next,fluent-next/disabled,failure,Run TestCafe tests,https://github.com/DevExpress/DevExtreme/actions/runs/33802355437/job/100806640487
"03.09.26, 20:33:44",100806640496,33802355437,1,TestCafe tests,scheduler / viewOffset (2/2) - fluent-next,fluent-next/disabled,failure,Run TestCafe tests,https://github.com/DevExpress/DevExtreme/actions/runs/33802355437/job/100806640496
"03.09.26, 20:33:44",100806640503,33802355437,1,TestCafe tests,common - fluent-next,fluent-next/disabled,failure,Run TestCafe tests,https://github.com/DevExpress/DevExtreme/actions/runs/33802355437/job/100806640503
"03.09.26, 20:33:44",100806640505,33802355437,1,TestCafe tests,accessibility - fluent-next,fluent-next/disabled,failure,Run TestCafe tests,https://github.com/DevExpress/DevExtreme/actions/runs/33802355437/job/100806640505
"03.09.26, 20:33:44",100806640527,33802355437,1,TestCafe tests,accessibility - fluent-next.dark,fluent-next/disabled,failure,Run TestCafe tests,https://github.com/DevExpress/DevExtreme/actions/runs/33802355437/job/100806640527
"03.09.26, 20:33:44",100806640537,33802355437,1,TestCafe tests,cardView - fluent,fluent-next/disabled,failure,Run TestCafe tests,https://github.com/DevExpress/DevExtreme/actions/runs/33802355437/job/100806640537
"03.09.26, 20:33:44",100806640544,33802355437,1,TestCafe tests,scheduler / viewOffset (1/2) - fluent-next,fluent-next/disabled,failure,Run TestCafe tests,https://github.com/DevExpress/DevExtreme/actions/runs/33802355437/job/100806640544
"03.09.26, 20:33:44",100806640571,33802355437,1,TestCafe tests,cardView - fluent-next,fluent-next/disabled,failure,Run TestCafe tests,https://github.com/DevExpress/DevExtreme/actions/runs/33802355437/job/100806640571
"03.09.26, 20:33:44",100806640574,33802355437,1,TestCafe tests,scheduler / common (3/3) - fluent-next,fluent-next/disabled,failure,Run TestCafe tests,https://github.com/DevExpress/DevExtreme/actions/runs/33802355437/job/100806640574
"03.09.26, 20:33:44",100806640601,33802355437,1,TestCafe tests,editors - fluent-next,fluent-next/disabled,failure,Run TestCafe tests,https://github.com/DevExpress/DevExtreme/actions/runs/33802355437/job/100806640601
"03.09.26, 20:33:44",100806640617,33802355437,1,TestCafe tests,scheduler / common (2/3) - fluent-next,fluent-next/disabled,failure,Run TestCafe tests,https://github.com/DevExpress/DevExtreme/actions/runs/33802355437/job/100806640617
"03.09.26, 20:33:44",100806640648,33802355437,1,TestCafe tests,dataGrid (1/4) - fluent-next,fluent-next/disabled,failure,Run TestCafe tests,https://github.com/DevExpress/DevExtreme/actions/runs/33802355437/job/100806640648
"03.09.26, 20:33:44",100806640677,33802355437,1,TestCafe tests,scheduler / timezones (Europe/Berlin) - fluent-next,fluent-next/disabled,failure,Run TestCafe tests,https://github.com/DevExpress/DevExtreme/actions/runs/33802355437/job/100806640677
"03.09.26, 20:33:44",100806640730,33802355437,1,TestCafe tests,scheduler / timezones (America/Los_Angeles) - fluent-next,fluent-next/disabled,failure,Run TestCafe tests,https://github.com/DevExpress/DevExtreme/actions/runs/33802355437/job/100806640730
"03.09.26, 20:33:44",100806640776,33802355437,1,TestCafe tests,scheduler / common (1/3) - fluent-next,fluent-next/disabled,failure,Run TestCafe tests,https://github.com/DevExpress/DevExtreme/actions/runs/33802355437/job/100806640776
"03.09.26, 20:47:48",100811076797,33802355437,1,TestCafe tests,quarantine,fluent-next/disabled,failure,Run quarantined tests,https://github.com/DevExpress/DevExtreme/actions/runs/33802355437/job/100811076797
"03.09.26, 19:49:14",100792390858,33798641591,1,TestCafe tests,Build DevExtreme,chore/testcafe-test-execution-timeout-25_2,failure,,https://github.com/DevExpress/DevExtreme/actions/runs/33798641591/job/100792390858
"03.09.26, 19:48:55",100792293715,33797955059,1,TestCafe tests,scheduler / common (1/3) - fluent,chore/testcafe-test-execution-timeout,failure,,https://github.com/DevExpress/DevExtreme/actions/runs/33797955059/job/100792293715
"03.09.26, 19:48:56",100792293773,33797955059,1,TestCafe tests,scheduler / common (2/3) - fluent,chore/testcafe-test-execution-timeout,failure,,https://github.com/DevExpress/DevExtreme/actions/runs/33797955059/job/100792293773
"03.09.26, 19:38:05",100788874317,33796151155,1,TestCafe tests,quarantine,feature/26_2_new_fluent_theme_with_design_tokens,failure,Run quarantined tests,https://github.com/DevExpress/DevExtreme/actions/runs/33796151155/job/100788874317
"04.09.26, 05:56:54",100927155691,33796151155,2,TestCafe tests,quarantine,feature/26_2_new_fluent_theme_with_design_tokens,failure,Run quarantined tests,https://github.com/DevExpress/DevExtreme/actions/runs/33796151155/job/100927155691
"03.09.26, 18:49:46",100773248151,33792757143,1,TestCafe tests,Build DevExtreme,fix/privotgrid-demo-with-workaround,cancelled,Build,https://github.com/DevExpress/DevExtreme/actions/runs/33792757143/job/100773248151
"03.09.26, 18:52:13",100774062717,33792757143,1,TestCafe tests,${{ matrix.name }}${{ ((!matrix.theme && ' - fluent') || '') }},fix/privotgrid-demo-with-workaround,cancelled,,https://github.com/DevExpress/DevExtreme/actions/runs/33792757143/job/100774062717
"03.09.26, 18:52:14",100774063977,33792757143,1,TestCafe tests,quarantine,fix/privotgrid-demo-with-workaround,cancelled,,https://github.com/DevExpress/DevExtreme/actions/runs/33792757143/job/100774063977
"03.09.26, 18:52:14",100774065514,33792757143,1,TestCafe tests,Send notifications,fix/privotgrid-demo-with-workaround,cancelled,,https://github.com/DevExpress/DevExtreme/actions/runs/33792757143/job/100774065514
"03.09.26, 18:48:57",100772980603,33792734988,1,TestCafe tests,Check if tests should run,fix/privotgrid-demo-with-workaround,cancelled,,https://github.com/DevExpress/DevExtreme/actions/runs/33792734988/job/100772980603
"03.09.26, 18:49:15",100773083548,33792734988,1,TestCafe tests,Build DevExtreme,fix/privotgrid-demo-with-workaround,cancelled,,https://github.com/DevExpress/DevExtreme/actions/runs/33792734988/job/100773083548
"03.09.26, 18:49:16",100773083885,33792734988,1,TestCafe tests,Determine TestCafe matrix,fix/privotgrid-demo-with-workaround,cancelled,,https://github.com/DevExpress/DevExtreme/actions/runs/33792734988/job/100773083885
"03.09.26, 18:49:16",100773084695,33792734988,1,TestCafe tests,${{ matrix.name }}${{ ((!matrix.theme && ' - fluent') || '') }},fix/privotgrid-demo-with-workaround,cancelled,,https://github.com/DevExpress/DevExtreme/actions/runs/33792734988/job/100773084695
"03.09.26, 18:49:16",100773085397,33792734988,1,TestCafe tests,quarantine,fix/privotgrid-demo-with-workaround,cancelled,,https://github.com/DevExpress/DevExtreme/actions/runs/33792734988/job/100773085397
"03.09.26, 18:49:16",100773086479,33792734988,1,TestCafe tests,Send notifications,fix/privotgrid-demo-with-workaround,cancelled,,https://github.com/DevExpress/DevExtreme/actions/runs/33792734988/job/100773086479
"03.09.26, 17:30:04",100747256587,33783349856,1,TestCafe tests,quarantine,fluent-next/disabled,failure,Run quarantined tests,https://github.com/DevExpress/DevExtreme/actions/runs/33783349856/job/100747256587
"03.09.26, 17:03:10",100738535712,33781886714,1,TestCafe tests,scheduler / common (3/3) - fluent,chore/demos-strict-screenshot-comparison,cancelled,Run TestCafe tests,https://github.com/DevExpress/DevExtreme/actions/runs/33781886714/job/100738535712
"03.09.26, 16:59:11",100737234480,33781819829,1,TestCafe tests,Build DevExtreme,chore/demos-strict-screenshot-comparison,cancelled,Show nx cache contents before save,https://github.com/DevExpress/DevExtreme/actions/runs/33781819829/job/100737234480
"03.09.26, 17:00:19",100737607714,33781819829,1,TestCafe tests,${{ matrix.name }}${{ ((!matrix.theme && ' - fluent') || '') }},chore/demos-strict-screenshot-comparison,cancelled,,https://github.com/DevExpress/DevExtreme/actions/runs/33781819829/job/100737607714
"03.09.26, 17:00:20",100737608864,33781819829,1,TestCafe tests,quarantine,chore/demos-strict-screenshot-comparison,cancelled,,https://github.com/DevExpress/DevExtreme/actions/runs/33781819829/job/100737608864
"03.09.26, 17:00:20",100737609511,33781819829,1,TestCafe tests,Send notifications,chore/demos-strict-screenshot-comparison,cancelled,,https://github.com/DevExpress/DevExtreme/actions/runs/33781819829/job/100737609511
"03.09.26, 17:09:54",100740702129,33781307824,1,TestCafe tests,quarantine,feature/26_2_new_fluent_theme_with_design_tokens,failure,Run quarantined tests,https://github.com/DevExpress/DevExtreme/actions/runs/33781307824/job/100740702129
"03.09.26, 18:59:04",100776274280,33781307824,2,TestCafe tests,quarantine,feature/26_2_new_fluent_theme_with_design_tokens,failure,Run quarantined tests,https://github.com/DevExpress/DevExtreme/actions/runs/33781307824/job/100776274280
"03.09.26, 16:55:27",100736046864,33780998007,1,TestCafe tests,material,chore/demos-strict-screenshot-comparison,cancelled,,https://github.com/DevExpress/DevExtreme/actions/runs/33780998007/job/100736046864
"03.09.26, 16:55:27",100736046922,33780998007,1,TestCafe tests,scheduler / common (1/3) - fluent,chore/demos-strict-screenshot-comparison,cancelled,Run TestCafe tests,https://github.com/DevExpress/DevExtreme/actions/runs/33780998007/job/100736046922
"03.09.26, 16:55:27",100736046929,33780998007,1,TestCafe tests,common - fluent,chore/demos-strict-screenshot-comparison,cancelled,Run TestCafe tests,https://github.com/DevExpress/DevExtreme/actions/runs/33780998007/job/100736046929
"03.09.26, 16:55:27",100736046930,33780998007,1,TestCafe tests,dataGrid (1/4) - fluent,chore/demos-strict-screenshot-comparison,cancelled,Run TestCafe tests,https://github.com/DevExpress/DevExtreme/actions/runs/33780998007/job/100736046930
"03.09.26, 16:55:27",100736046931,33780998007,1,TestCafe tests,dataGrid (2/4) - fluent,chore/demos-strict-screenshot-comparison,cancelled,Run TestCafe tests,https://github.com/DevExpress/DevExtreme/actions/runs/33780998007/job/100736046931
"03.09.26, 16:55:27",100736046932,33780998007,1,TestCafe tests,scheduler / viewOffset (1/2) - fluent,chore/demos-strict-screenshot-comparison,cancelled,Run TestCafe tests,https://github.com/DevExpress/DevExtreme/actions/runs/33780998007/job/100736046932
"03.09.26, 16:55:27",100736046949,33780998007,1,TestCafe tests,dataGrid (3/4) - fluent,chore/demos-strict-screenshot-comparison,cancelled,Run TestCafe tests,https://github.com/DevExpress/DevExtreme/actions/runs/33780998007/job/100736046949
"03.09.26, 16:55:27",100736046969,33780998007,1,TestCafe tests,editors - fluent,chore/demos-strict-screenshot-comparison,cancelled,Run TestCafe tests,https://github.com/DevExpress/DevExtreme/actions/runs/33780998007/job/100736046969
"03.09.26, 16:55:27",100736046992,33780998007,1,TestCafe tests,dataGrid (4/4) - fluent,chore/demos-strict-screenshot-comparison,cancelled,Run TestCafe tests,https://github.com/DevExpress/DevExtreme/actions/runs/33780998007/job/100736046992
"03.09.26, 16:55:27",100736047004,33780998007,1,TestCafe tests,navigation - fluent,chore/demos-strict-screenshot-comparison,cancelled,Run TestCafe tests,https://github.com/DevExpress/DevExtreme/actions/runs/33780998007/job/100736047004
"03.09.26, 16:55:27",100736047016,33780998007,1,TestCafe tests,accessibility - fluent,chore/demos-strict-screenshot-comparison,cancelled,Run TestCafe tests,https://github.com/DevExpress/DevExtreme/actions/runs/33780998007/job/100736047016
"03.09.26, 16:55:27",100736047059,33780998007,1,TestCafe tests,cardView - fluent,chore/demos-strict-screenshot-comparison,cancelled,Run TestCafe tests,https://github.com/DevExpress/DevExtreme/actions/runs/33780998007/job/100736047059
"03.09.26, 16:55:27",100736047088,33780998007,1,TestCafe tests,generic,chore/demos-strict-screenshot-comparison,cancelled,Run TestCafe tests,https://github.com/DevExpress/DevExtreme/actions/runs/33780998007/job/100736047088
"03.09.26, 16:55:27",100736047099,33780998007,1,TestCafe tests,scheduler / common (2/3) - fluent,chore/demos-strict-screenshot-comparison,cancelled,Run TestCafe tests,https://github.com/DevExpress/DevExtreme/actions/runs/33780998007/job/100736047099
"03.09.26, 16:55:27",100736047104,33780998007,1,TestCafe tests,scheduler / viewOffset (2/2) - fluent,chore/demos-strict-screenshot-comparison,cancelled,Run TestCafe tests,https://github.com/DevExpress/DevExtreme/actions/runs/33780998007/job/100736047104
"03.09.26, 16:55:27",100736047114,33780998007,1,TestCafe tests,scheduler / common (3/3) - fluent,chore/demos-strict-screenshot-comparison,cancelled,Run TestCafe tests,https://github.com/DevExpress/DevExtreme/actions/runs/33780998007/job/100736047114
"03.09.26, 16:58:40",100737067694,33780998007,1,TestCafe tests,quarantine,chore/demos-strict-screenshot-comparison,cancelled,,https://github.com/DevExpress/DevExtreme/actions/runs/33780998007/job/100737067694
"03.09.26, 16:58:40",100737069271,33780998007,1,TestCafe tests,Send notifications,chore/demos-strict-screenshot-comparison,cancelled,,https://github.com/DevExpress/DevExtreme/actions/runs/33780998007/job/100737069271
"03.09.26, 16:02:36",100718519005,33776202505,1,TestCafe tests,Build DevExtreme,chore/demos-strict-screenshot-comparison,cancelled,Build,https://github.com/DevExpress/DevExtreme/actions/runs/33776202505/job/100718519005
"03.09.26, 16:05:24",100719478573,33776202505,1,TestCafe tests,quarantine,chore/demos-strict-screenshot-comparison,cancelled,,https://github.com/DevExpress/DevExtreme/actions/runs/33776202505/job/100719478573
"03.09.26, 16:05:24",100719478724,33776202505,1,TestCafe tests,${{ matrix.name }}${{ ((!matrix.theme && ' - fluent') || '') }},chore/demos-strict-screenshot-comparison,cancelled,,https://github.com/DevExpress/DevExtreme/actions/runs/33776202505/job/100719478724
"03.09.26, 16:05:24",100719478941,33776202505,1,TestCafe tests,Send notifications,chore/demos-strict-screenshot-comparison,cancelled,,https://github.com/DevExpress/DevExtreme/actions/runs/33776202505/job/100719478941
"03.09.26, 14:54:17",100696050556,33769006292,1,TestCafe tests,generic,feature/demo_custom_AI_assistant_jQuery,cancelled,,https://github.com/DevExpress/DevExtreme/actions/runs/33769006292/job/100696050556
"03.09.26, 14:54:17",100696050567,33769006292,1,TestCafe tests,common - fluent,feature/demo_custom_AI_assistant_jQuery,cancelled,Run TestCafe tests,https://github.com/DevExpress/DevExtreme/actions/runs/33769006292/job/100696050567
"03.09.26, 14:54:17",100696050589,33769006292,1,TestCafe tests,cardView - fluent,feature/demo_custom_AI_assistant_jQuery,cancelled,,https://github.com/DevExpress/DevExtreme/actions/runs/33769006292/job/100696050589
"03.09.26, 14:54:17",100696050598,33769006292,1,TestCafe tests,scheduler / common (1/3) - fluent,feature/demo_custom_AI_assistant_jQuery,cancelled,Run TestCafe tests,https://github.com/DevExpress/DevExtreme/actions/runs/33769006292/job/100696050598
"03.09.26, 14:54:17",100696050620,33769006292,1,TestCafe tests,scheduler / timezones (Europe/Berlin) - fluent,feature/demo_custom_AI_assistant_jQuery,cancelled,Run TestCafe tests,https://github.com/DevExpress/DevExtreme/actions/runs/33769006292/job/100696050620
"03.09.26, 14:54:17",100696050635,33769006292,1,TestCafe tests,scheduler / viewOffset (1/2) - fluent,feature/demo_custom_AI_assistant_jQuery,cancelled,Run TestCafe tests,https://github.com/DevExpress/DevExtreme/actions/runs/33769006292/job/100696050635
"03.09.26, 14:54:17",100696050659,33769006292,1,TestCafe tests,dataGrid (3/4) - fluent,feature/demo_custom_AI_assistant_jQuery,cancelled,,https://github.com/DevExpress/DevExtreme/actions/runs/33769006292/job/100696050659
"03.09.26, 14:54:17",100696050675,33769006292,1,TestCafe tests,material,feature/demo_custom_AI_assistant_jQuery,cancelled,,https://github.com/DevExpress/DevExtreme/actions/runs/33769006292/job/100696050675
"03.09.26, 14:54:17",100696050690,33769006292,1,TestCafe tests,scheduler / timezones (America/Los_Angeles) - fluent,feature/demo_custom_AI_assistant_jQuery,cancelled,,https://github.com/DevExpress/DevExtreme/actions/runs/33769006292/job/100696050690
"03.09.26, 14:54:17",100696050699,33769006292,1,TestCafe tests,material - compact,feature/demo_custom_AI_assistant_jQuery,cancelled,,https://github.com/DevExpress/DevExtreme/actions/runs/33769006292/job/100696050699
"03.09.26, 14:54:17",100696050717,33769006292,1,TestCafe tests,scheduler / common (3/3) - fluent,feature/demo_custom_AI_assistant_jQuery,cancelled,,https://github.com/DevExpress/DevExtreme/actions/runs/33769006292/job/100696050717
"03.09.26, 14:54:17",100696050721,33769006292,1,TestCafe tests,navigation - fluent,feature/demo_custom_AI_assistant_jQuery,cancelled,,https://github.com/DevExpress/DevExtreme/actions/runs/33769006292/job/100696050721
"03.09.26, 14:54:17",100696050726,33769006292,1,TestCafe tests,dataGrid (1/4) - fluent,feature/demo_custom_AI_assistant_jQuery,cancelled,,https://github.com/DevExpress/DevExtreme/actions/runs/33769006292/job/100696050726
"03.09.26, 14:54:17",100696050775,33769006292,1,TestCafe tests,dataGrid (2/4) - fluent,feature/demo_custom_AI_assistant_jQuery,cancelled,,https://github.com/DevExpress/DevExtreme/actions/runs/33769006292/job/100696050775
"03.09.26, 14:54:17",100696050777,33769006292,1,TestCafe tests,scheduler / viewOffset (2/2) - fluent,feature/demo_custom_AI_assistant_jQuery,cancelled,,https://github.com/DevExpress/DevExtreme/actions/runs/33769006292/job/100696050777
"03.09.26, 14:54:17",100696050780,33769006292,1,TestCafe tests,scheduler / common (2/3) - fluent,feature/demo_custom_AI_assistant_jQuery,cancelled,,https://github.com/DevExpress/DevExtreme/actions/runs/33769006292/job/100696050780
"03.09.26, 14:54:17",100696050786,33769006292,1,TestCafe tests,editors - fluent,feature/demo_custom_AI_assistant_jQuery,cancelled,,https://github.com/DevExpress/DevExtreme/actions/runs/33769006292/job/100696050786
"03.09.26, 14:54:17",100696050816,33769006292,1,TestCafe tests,accessibility - fluent,feature/demo_custom_AI_assistant_jQuery,cancelled,,https://github.com/DevExpress/DevExtreme/actions/runs/33769006292/job/100696050816
"03.09.26, 14:54:17",100696050823,33769006292,1,TestCafe tests,dataGrid (4/4) - fluent,feature/demo_custom_AI_assistant_jQuery,cancelled,,https://github.com/DevExpress/DevExtreme/actions/runs/33769006292/job/100696050823
"03.09.26, 14:56:16",100696690828,33769006292,1,TestCafe tests,Send notifications,feature/demo_custom_AI_assistant_jQuery,cancelled,,https://github.com/DevExpress/DevExtreme/actions/runs/33769006292/job/100696690828
"03.09.26, 14:56:16",100696691079,33769006292,1,TestCafe tests,quarantine,feature/demo_custom_AI_assistant_jQuery,cancelled,,https://github.com/DevExpress/DevExtreme/actions/runs/33769006292/job/100696691079
"03.09.26, 14:36:13",100690084370,33767822865,1,TestCafe tests,Check if tests should run,feature/remove-systemjs-from-demos,cancelled,,https://github.com/DevExpress/DevExtreme/actions/runs/33767822865/job/100690084370
"03.09.26, 14:36:15",100690093400,33767822865,1,TestCafe tests,Build DevExtreme,feature/remove-systemjs-from-demos,cancelled,,https://github.com/DevExpress/DevExtreme/actions/runs/33767822865/job/100690093400
"03.09.26, 14:36:15",100690094015,33767822865,1,TestCafe tests,Determine TestCafe matrix,feature/remove-systemjs-from-demos,cancelled,,https://github.com/DevExpress/DevExtreme/actions/runs/33767822865/job/100690094015
"03.09.26, 14:36:15",100690094707,33767822865,1,TestCafe tests,${{ matrix.name }}${{ ((!matrix.theme && ' - fluent') || '') }},feature/remove-systemjs-from-demos,cancelled,,https://github.com/DevExpress/DevExtreme/actions/runs/33767822865/job/100690094707
"03.09.26, 14:36:16",100690095378,33767822865,1,TestCafe tests,Send notifications,feature/remove-systemjs-from-demos,cancelled,,https://github.com/DevExpress/DevExtreme/actions/runs/33767822865/job/100690095378
"03.09.26, 14:36:16",100690095824,33767822865,1,TestCafe tests,quarantine,feature/remove-systemjs-from-demos,cancelled,,https://github.com/DevExpress/DevExtreme/actions/runs/33767822865/job/100690095824
"03.09.26, 14:08:01",100680699081,33765015831,1,TestCafe tests,Build DevExtreme,chore/demos-strict-screenshot-comparison,cancelled,Build,https://github.com/DevExpress/DevExtreme/actions/runs/33765015831/job/100680699081
"03.09.26, 14:16:50",100683603626,33765015831,1,TestCafe tests,quarantine,chore/demos-strict-screenshot-comparison,cancelled,,https://github.com/DevExpress/DevExtreme/actions/runs/33765015831/job/100683603626
"03.09.26, 14:16:50",100683603680,33765015831,1,TestCafe tests,${{ matrix.name }}${{ ((!matrix.theme && ' - fluent') || '') }},chore/demos-strict-screenshot-comparison,cancelled,,https://github.com/DevExpress/DevExtreme/actions/runs/33765015831/job/100683603680
"03.09.26, 14:16:50",100683604962,33765015831,1,TestCafe tests,Send notifications,chore/demos-strict-screenshot-comparison,cancelled,,https://github.com/DevExpress/DevExtreme/actions/runs/33765015831/job/100683604962
"03.09.26, 14:06:40",100680257235,33764908349,1,TestCafe tests,Build DevExtreme,chore/demos-strict-screenshot-comparison,cancelled,,https://github.com/DevExpress/DevExtreme/actions/runs/33764908349/job/100680257235
"03.09.26, 14:07:30",100680527830,33764908349,1,TestCafe tests,${{ matrix.name }}${{ ((!matrix.theme && ' - fluent') || '') }},chore/demos-strict-screenshot-comparison,cancelled,,https://github.com/DevExpress/DevExtreme/actions/runs/33764908349/job/100680527830
"03.09.26, 14:07:30",100680528795,33764908349,1,TestCafe tests,quarantine,chore/demos-strict-screenshot-comparison,cancelled,,https://github.com/DevExpress/DevExtreme/actions/runs/33764908349/job/100680528795
"03.09.26, 14:07:31",100680530297,33764908349,1,TestCafe tests,Send notifications,chore/demos-strict-screenshot-comparison,cancelled,,https://github.com/DevExpress/DevExtreme/actions/runs/33764908349/job/100680530297
"03.09.26, 14:02:26",100678852119,33764490768,1,TestCafe tests,Build DevExtreme,data_source_controller_main,cancelled,Build,https://github.com/DevExpress/DevExtreme/actions/runs/33764490768/job/100678852119
"03.09.26, 14:06:07",100680071000,33764490768,1,TestCafe tests,${{ matrix.name }}${{ ((!matrix.theme && ' - fluent') || '') }},data_source_controller_main,cancelled,,https://github.com/DevExpress/DevExtreme/actions/runs/33764490768/job/100680071000
"03.09.26, 14:06:07",100680071508,33764490768,1,TestCafe tests,quarantine,data_source_controller_main,cancelled,,https://github.com/DevExpress/DevExtreme/actions/runs/33764490768/job/100680071508
"03.09.26, 14:06:07",100680072470,33764490768,1,TestCafe tests,Send notifications,data_source_controller_main,cancelled,,https://github.com/DevExpress/DevExtreme/actions/runs/33764490768/job/100680072470
"03.09.26, 14:06:12",100680097635,33764258889,1,TestCafe tests,dataGrid (3/4) - fluent,gh-readonly-queue/main/pr-35041-e0f16b37cc6731caf0f12c22b02dc8e949c0207a,failure,,https://github.com/DevExpress/DevExtreme/actions/runs/33764258889/job/100680097635
"03.09.26, 14:06:12",100680097647,33764258889,1,TestCafe tests,dataGrid (1/4) - fluent,gh-readonly-queue/main/pr-35041-e0f16b37cc6731caf0f12c22b02dc8e949c0207a,failure,,https://github.com/DevExpress/DevExtreme/actions/runs/33764258889/job/100680097647
"03.09.26, 14:06:12",100680097664,33764258889,1,TestCafe tests,dataGrid (4/4) - fluent,gh-readonly-queue/main/pr-35041-e0f16b37cc6731caf0f12c22b02dc8e949c0207a,failure,,https://github.com/DevExpress/DevExtreme/actions/runs/33764258889/job/100680097664
"03.09.26, 14:02:57",100679000901,33763909306,1,TestCafe tests,dataGrid (3/4) - fluent,chore/remove-committed-mask-etalons,failure,Run TestCafe tests,https://github.com/DevExpress/DevExtreme/actions/runs/33763909306/job/100679000901
"03.09.26, 13:53:41",100676015130,33763056589,1,TestCafe tests,material - compact,chore/remove-committed-mask-etalons,cancelled,Run TestCafe tests,https://github.com/DevExpress/DevExtreme/actions/runs/33763056589/job/100676015130
"03.09.26, 13:53:41",100676015150,33763056589,1,TestCafe tests,accessibility - fluent,chore/remove-committed-mask-etalons,cancelled,Run TestCafe tests,https://github.com/DevExpress/DevExtreme/actions/runs/33763056589/job/100676015150
"03.09.26, 13:53:41",100676015151,33763056589,1,TestCafe tests,common - fluent,chore/remove-committed-mask-etalons,cancelled,Run TestCafe tests,https://github.com/DevExpress/DevExtreme/actions/runs/33763056589/job/100676015151
"03.09.26, 13:53:41",100676015153,33763056589,1,TestCafe tests,material,chore/remove-committed-mask-etalons,cancelled,Run TestCafe tests,https://github.com/DevExpress/DevExtreme/actions/runs/33763056589/job/100676015153
"03.09.26, 13:53:41",100676015169,33763056589,1,TestCafe tests,editors - fluent,chore/remove-committed-mask-etalons,cancelled,Run TestCafe tests,https://github.com/DevExpress/DevExtreme/actions/runs/33763056589/job/100676015169
"03.09.26, 13:53:41",100676015185,33763056589,1,TestCafe tests,navigation - fluent,chore/remove-committed-mask-etalons,cancelled,Run TestCafe tests,https://github.com/DevExpress/DevExtreme/actions/runs/33763056589/job/100676015185
"03.09.26, 13:53:41",100676015193,33763056589,1,TestCafe tests,scheduler / common (3/3) - fluent,chore/remove-committed-mask-etalons,cancelled,Run TestCafe tests,https://github.com/DevExpress/DevExtreme/actions/runs/33763056589/job/100676015193
"03.09.26, 13:53:41",100676015202,33763056589,1,TestCafe tests,scheduler / common (2/3) - fluent,chore/remove-committed-mask-etalons,cancelled,Install dependencies,https://github.com/DevExpress/DevExtreme/actions/runs/33763056589/job/100676015202
"03.09.26, 13:53:41",100676015239,33763056589,1,TestCafe tests,dataGrid (3/4) - fluent,chore/remove-committed-mask-etalons,cancelled,Run TestCafe tests,https://github.com/DevExpress/DevExtreme/actions/runs/33763056589/job/100676015239
"03.09.26, 13:53:41",100676015259,33763056589,1,TestCafe tests,cardView - fluent,chore/remove-committed-mask-etalons,cancelled,Run TestCafe tests,https://github.com/DevExpress/DevExtreme/actions/runs/33763056589/job/100676015259
"03.09.26, 13:53:41",100676015306,33763056589,1,TestCafe tests,dataGrid (2/4) - fluent,chore/remove-committed-mask-etalons,cancelled,Install dependencies,https://github.com/DevExpress/DevExtreme/actions/runs/33763056589/job/100676015306
"03.09.26, 13:53:41",100676015308,33763056589,1,TestCafe tests,editors - fluent-next,chore/remove-committed-mask-etalons,cancelled,Run TestCafe tests,https://github.com/DevExpress/DevExtreme/actions/runs/33763056589/job/100676015308
"03.09.26, 13:53:41",100676015310,33763056589,1,TestCafe tests,scheduler / viewOffset (1/2) - fluent,chore/remove-committed-mask-etalons,cancelled,Run TestCafe tests,https://github.com/DevExpress/DevExtreme/actions/runs/33763056589/job/100676015310
"03.09.26, 13:53:41",100676015316,33763056589,1,TestCafe tests,generic,chore/remove-committed-mask-etalons,cancelled,Run TestCafe tests,https://github.com/DevExpress/DevExtreme/actions/runs/33763056589/job/100676015316
"03.09.26, 13:53:41",100676015319,33763056589,1,TestCafe tests,scheduler / common (1/3) - fluent,chore/remove-committed-mask-etalons,cancelled,Run TestCafe tests,https://github.com/DevExpress/DevExtreme/actions/runs/33763056589/job/100676015319
"03.09.26, 13:53:41",100676015337,33763056589,1,TestCafe tests,scheduler / viewOffset (2/2) - fluent,chore/remove-committed-mask-etalons,cancelled,Run TestCafe tests,https://github.com/DevExpress/DevExtreme/actions/runs/33763056589/job/100676015337
"03.09.26, 13:53:41",100676015350,33763056589,1,TestCafe tests,accessibility - fluent-next,chore/remove-committed-mask-etalons,cancelled,Run TestCafe tests,https://github.com/DevExpress/DevExtreme/actions/runs/33763056589/job/100676015350
"03.09.26, 13:53:41",100676015369,33763056589,1,TestCafe tests,cardView - fluent-next,chore/remove-committed-mask-etalons,cancelled,Run TestCafe tests,https://github.com/DevExpress/DevExtreme/actions/runs/33763056589/job/100676015369
"03.09.26, 13:53:41",100676015390,33763056589,1,TestCafe tests,scheduler / timezones (America/Los_Angeles) - fluent,chore/remove-committed-mask-etalons,cancelled,Install dependencies,https://github.com/DevExpress/DevExtreme/actions/runs/33763056589/job/100676015390
"03.09.26, 13:53:41",100676015412,33763056589,1,TestCafe tests,dataGrid (2/4) - fluent-next,chore/remove-committed-mask-etalons,cancelled,Run TestCafe tests,https://github.com/DevExpress/DevExtreme/actions/runs/33763056589/job/100676015412
"03.09.26, 13:53:41",100676015467,33763056589,1,TestCafe tests,dataGrid (1/4) - fluent,chore/remove-committed-mask-etalons,cancelled,Install dependencies,https://github.com/DevExpress/DevExtreme/actions/runs/33763056589/job/100676015467
"03.09.26, 13:53:41",100676015472,33763056589,1,TestCafe tests,scheduler / common (2/3) - fluent-next,chore/remove-committed-mask-etalons,cancelled,Run TestCafe tests,https://github.com/DevExpress/DevExtreme/actions/runs/33763056589/job/100676015472
"03.09.26, 13:53:41",100676015496,33763056589,1,TestCafe tests,scheduler / timezones (Europe/Berlin) - fluent,chore/remove-committed-mask-etalons,cancelled,Install dependencies,https://github.com/DevExpress/DevExtreme/actions/runs/33763056589/job/100676015496
"03.09.26, 13:53:41",100676015514,33763056589,1,TestCafe tests,navigation - fluent-next,chore/remove-committed-mask-etalons,cancelled,Run TestCafe tests,https://github.com/DevExpress/DevExtreme/actions/runs/33763056589/job/100676015514
"03.09.26, 13:53:41",100676015551,33763056589,1,TestCafe tests,dataGrid (4/4) - fluent-next,chore/remove-committed-mask-etalons,cancelled,Run TestCafe tests,https://github.com/DevExpress/DevExtreme/actions/runs/33763056589/job/100676015551
"03.09.26, 13:53:41",100676015567,33763056589,1,TestCafe tests,scheduler / common (3/3) - fluent-next,chore/remove-committed-mask-etalons,cancelled,Run TestCafe tests,https://github.com/DevExpress/DevExtreme/actions/runs/33763056589/job/100676015567
"03.09.26, 13:53:41",100676015576,33763056589,1,TestCafe tests,common - fluent-next,chore/remove-committed-mask-etalons,cancelled,Run TestCafe tests,https://github.com/DevExpress/DevExtreme/actions/runs/33763056589/job/100676015576
"03.09.26, 13:53:41",100676015585,33763056589,1,TestCafe tests,scheduler / common (1/3) - fluent-next,chore/remove-committed-mask-etalons,cancelled,Run TestCafe tests,https://github.com/DevExpress/DevExtreme/actions/runs/33763056589/job/100676015585
"03.09.26, 13:53:41",100676015615,33763056589,1,TestCafe tests,scheduler / viewOffset (1/2) - fluent-next,chore/remove-committed-mask-etalons,cancelled,Run TestCafe tests,https://github.com/DevExpress/DevExtreme/actions/runs/33763056589/job/100676015615
"03.09.26, 13:53:41",100676015620,33763056589,1,TestCafe tests,dataGrid (3/4) - fluent-next,chore/remove-committed-mask-etalons,cancelled,Run TestCafe tests,https://github.com/DevExpress/DevExtreme/actions/runs/33763056589/job/100676015620
"03.09.26, 13:53:41",100676015631,33763056589,1,TestCafe tests,scheduler / timezones (Europe/Berlin) - fluent-next,chore/remove-committed-mask-etalons,cancelled,Run TestCafe tests,https://github.com/DevExpress/DevExtreme/actions/runs/33763056589/job/100676015631
"03.09.26, 13:53:41",100676015657,33763056589,1,TestCafe tests,scheduler / viewOffset (2/2) - fluent-next,chore/remove-committed-mask-etalons,cancelled,Run TestCafe tests,https://github.com/DevExpress/DevExtreme/actions/runs/33763056589/job/100676015657
"03.09.26, 13:53:41",100676015665,33763056589,1,TestCafe tests,dataGrid (1/4) - fluent-next,chore/remove-committed-mask-etalons,cancelled,Run TestCafe tests,https://github.com/DevExpress/DevExtreme/actions/runs/33763056589/job/100676015665
"03.09.26, 13:53:41",100676015733,33763056589,1,TestCafe tests,scheduler / timezones (America/Los_Angeles) - fluent-next,chore/remove-committed-mask-etalons,cancelled,Run TestCafe tests,https://github.com/DevExpress/DevExtreme/actions/runs/33763056589/job/100676015733
"03.09.26, 13:53:41",100676016086,33763056589,1,TestCafe tests,dataGrid (4/4) - fluent,chore/remove-committed-mask-etalons,cancelled,Run TestCafe tests,https://github.com/DevExpress/DevExtreme/actions/runs/33763056589/job/100676016086
"03.09.26, 13:56:37",100676954496,33763056589,1,TestCafe tests,quarantine,chore/remove-committed-mask-etalons,cancelled,,https://github.com/DevExpress/DevExtreme/actions/runs/33763056589/job/100676954496
"03.09.26, 13:56:37",100676955088,33763056589,1,TestCafe tests,Send notifications,chore/remove-committed-mask-etalons,cancelled,,https://github.com/DevExpress/DevExtreme/actions/runs/33763056589/job/100676955088
"03.09.26, 13:46:55",100673880422,33763053364,1,TestCafe tests,Check if tests should run,chore/remove-committed-mask-etalons,cancelled,,https://github.com/DevExpress/DevExtreme/actions/runs/33763053364/job/100673880422
"03.09.26, 13:46:57",100673894196,33763053364,1,TestCafe tests,Build DevExtreme,chore/remove-committed-mask-etalons,cancelled,,https://github.com/DevExpress/DevExtreme/actions/runs/33763053364/job/100673894196
"03.09.26, 13:46:57",100673894414,33763053364,1,TestCafe tests,Determine TestCafe matrix,chore/remove-committed-mask-etalons,cancelled,,https://github.com/DevExpress/DevExtreme/actions/runs/33763053364/job/100673894414
"03.09.26, 13:46:58",100673895631,33763053364,1,TestCafe tests,quarantine,chore/remove-committed-mask-etalons,cancelled,,https://github.com/DevExpress/DevExtreme/actions/runs/33763053364/job/100673895631
"03.09.26, 13:46:58",100673895640,33763053364,1,TestCafe tests,${{ matrix.name }}${{ ((!matrix.theme && ' - fluent') || '') }},chore/remove-committed-mask-etalons,cancelled,,https://github.com/DevExpress/DevExtreme/actions/runs/33763053364/job/100673895640
"03.09.26, 13:46:58",100673897098,33763053364,1,TestCafe tests,Send notifications,chore/remove-committed-mask-etalons,cancelled,,https://github.com/DevExpress/DevExtreme/actions/runs/33763053364/job/100673897098
"03.09.26, 13:42:14",100672417506,33762087353,1,TestCafe tests,cardView - fluent,a11y/disabled-state-markers,cancelled,Run TestCafe tests,https://github.com/DevExpress/DevExtreme/actions/runs/33762087353/job/100672417506
"03.09.26, 13:42:14",100672417548,33762087353,1,TestCafe tests,dataGrid (4/4) - fluent,a11y/disabled-state-markers,cancelled,Run TestCafe tests,https://github.com/DevExpress/DevExtreme/actions/runs/33762087353/job/100672417548
"03.09.26, 13:42:14",100672417554,33762087353,1,TestCafe tests,scheduler / common (3/3) - fluent,a11y/disabled-state-markers,cancelled,Run TestCafe tests,https://github.com/DevExpress/DevExtreme/actions/runs/33762087353/job/100672417554
"03.09.26, 13:42:14",100672417556,33762087353,1,TestCafe tests,navigation - fluent,a11y/disabled-state-markers,cancelled,Run TestCafe tests,https://github.com/DevExpress/DevExtreme/actions/runs/33762087353/job/100672417556
"03.09.26, 13:42:14",100672417580,33762087353,1,TestCafe tests,dataGrid (3/4) - fluent,a11y/disabled-state-markers,cancelled,Run TestCafe tests,https://github.com/DevExpress/DevExtreme/actions/runs/33762087353/job/100672417580
"03.09.26, 13:42:14",100672417612,33762087353,1,TestCafe tests,dataGrid (1/4) - fluent,a11y/disabled-state-markers,cancelled,Run TestCafe tests,https://github.com/DevExpress/DevExtreme/actions/runs/33762087353/job/100672417612
"03.09.26, 13:42:14",100672417613,33762087353,1,TestCafe tests,scheduler / common (2/3) - fluent,a11y/disabled-state-markers,cancelled,Run TestCafe tests,https://github.com/DevExpress/DevExtreme/actions/runs/33762087353/job/100672417613
"03.09.26, 13:42:14",100672417616,33762087353,1,TestCafe tests,accessibility - material.dark,a11y/disabled-state-markers,cancelled,Run TestCafe tests,https://github.com/DevExpress/DevExtreme/actions/runs/33762087353/job/100672417616
"03.09.26, 13:42:14",100672417636,33762087353,1,TestCafe tests,common - fluent,a11y/disabled-state-markers,cancelled,Run TestCafe tests,https://github.com/DevExpress/DevExtreme/actions/runs/33762087353/job/100672417636
"03.09.26, 13:42:14",100672417640,33762087353,1,TestCafe tests,scheduler / common (1/3) - fluent,a11y/disabled-state-markers,cancelled,Run TestCafe tests,https://github.com/DevExpress/DevExtreme/actions/runs/33762087353/job/100672417640
"03.09.26, 13:42:14",100672417644,33762087353,1,TestCafe tests,generic,a11y/disabled-state-markers,cancelled,Run TestCafe tests,https://github.com/DevExpress/DevExtreme/actions/runs/33762087353/job/100672417644
"03.09.26, 13:42:14",100672417645,33762087353,1,TestCafe tests,accessibility - fluent,a11y/disabled-state-markers,cancelled,Run TestCafe tests,https://github.com/DevExpress/DevExtreme/actions/runs/33762087353/job/100672417645
"03.09.26, 13:42:14",100672417698,33762087353,1,TestCafe tests,dataGrid (2/4) - fluent,a11y/disabled-state-markers,cancelled,Run TestCafe tests,https://github.com/DevExpress/DevExtreme/actions/runs/33762087353/job/100672417698
"03.09.26, 13:42:14",100672417724,33762087353,1,TestCafe tests,accessibility - fluent.dark,a11y/disabled-state-markers,cancelled,Run TestCafe tests,https://github.com/DevExpress/DevExtreme/actions/runs/33762087353/job/100672417724
"03.09.26, 13:42:14",100672417741,33762087353,1,TestCafe tests,scheduler / viewOffset (2/2) - fluent,a11y/disabled-state-markers,cancelled,Run TestCafe tests,https://github.com/DevExpress/DevExtreme/actions/runs/33762087353/job/100672417741
"03.09.26, 13:42:14",100672417796,33762087353,1,TestCafe tests,scheduler / timezones (America/Los_Angeles) - fluent,a11y/disabled-state-markers,cancelled,Run TestCafe tests,https://github.com/DevExpress/DevExtreme/actions/runs/33762087353/job/100672417796
"03.09.26, 13:42:14",100672417798,33762087353,1,TestCafe tests,scheduler / viewOffset (1/2) - fluent,a11y/disabled-state-markers,cancelled,Run TestCafe tests,https://github.com/DevExpress/DevExtreme/actions/runs/33762087353/job/100672417798
"03.09.26, 13:42:14",100672417815,33762087353,1,TestCafe tests,accessibility - material.light,a11y/disabled-state-markers,cancelled,Run TestCafe tests,https://github.com/DevExpress/DevExtreme/actions/runs/33762087353/job/100672417815
"03.09.26, 13:42:14",100672417857,33762087353,1,TestCafe tests,scheduler / timezones (Europe/Berlin) - fluent,a11y/disabled-state-markers,cancelled,Run TestCafe tests,https://github.com/DevExpress/DevExtreme/actions/runs/33762087353/job/100672417857
"03.09.26, 13:42:14",100672417874,33762087353,1,TestCafe tests,editors - fluent,a11y/disabled-state-markers,cancelled,Run TestCafe tests,https://github.com/DevExpress/DevExtreme/actions/runs/33762087353/job/100672417874
"03.09.26, 13:45:55",100673558764,33762087353,1,TestCafe tests,quarantine,a11y/disabled-state-markers,cancelled,,https://github.com/DevExpress/DevExtreme/actions/runs/33762087353/job/100673558764
"03.09.26, 13:45:55",100673559880,33762087353,1,TestCafe tests,Send notifications,a11y/disabled-state-markers,cancelled,,https://github.com/DevExpress/DevExtreme/actions/runs/33762087353/job/100673559880
"03.09.26, 13:31:00",100668961035,33761252832,1,TestCafe tests,scheduler / viewOffset (2/2) - fluent,a11y/disabled-state-markers,cancelled,,https://github.com/DevExpress/DevExtreme/actions/runs/33761252832/job/100668961035
"03.09.26, 13:31:00",100668961053,33761252832,1,TestCafe tests,dataGrid (3/4) - fluent,a11y/disabled-state-markers,cancelled,,https://github.com/DevExpress/DevExtreme/actions/runs/33761252832/job/100668961053
"03.09.26, 13:31:00",100668961060,33761252832,1,TestCafe tests,dataGrid (4/4) - fluent,a11y/disabled-state-markers,cancelled,,https://github.com/DevExpress/DevExtreme/actions/runs/33761252832/job/100668961060
"03.09.26, 13:31:00",100668961092,33761252832,1,TestCafe tests,dataGrid (1/4) - fluent,a11y/disabled-state-markers,cancelled,,https://github.com/DevExpress/DevExtreme/actions/runs/33761252832/job/100668961092
"03.09.26, 13:31:00",100668961143,33761252832,1,TestCafe tests,editors - fluent,a11y/disabled-state-markers,cancelled,,https://github.com/DevExpress/DevExtreme/actions/runs/33761252832/job/100668961143
"03.09.26, 13:31:00",100668961175,33761252832,1,TestCafe tests,scheduler / viewOffset (1/2) - fluent,a11y/disabled-state-markers,cancelled,,https://github.com/DevExpress/DevExtreme/actions/runs/33761252832/job/100668961175
"03.09.26, 13:31:00",100668961216,33761252832,1,TestCafe tests,common - fluent,a11y/disabled-state-markers,cancelled,Run TestCafe tests,https://github.com/DevExpress/DevExtreme/actions/runs/33761252832/job/100668961216
"03.09.26, 13:37:18",100670884752,33761252832,1,TestCafe tests,quarantine,a11y/disabled-state-markers,cancelled,,https://github.com/DevExpress/DevExtreme/actions/runs/33761252832/job/100670884752
"03.09.26, 13:37:18",100670884938,33761252832,1,TestCafe tests,Send notifications,a11y/disabled-state-markers,cancelled,,https://github.com/DevExpress/DevExtreme/actions/runs/33761252832/job/100670884938
"03.09.26, 13:26:48",100667650897,33760519576,1,TestCafe tests,accessibility - fluent.dark,a11y/disabled-state-markers,cancelled,Install dependencies,https://github.com/DevExpress/DevExtreme/actions/runs/33760519576/job/100667650897
"03.09.26, 13:26:48",100667650922,33760519576,1,TestCafe tests,accessibility - material.dark,a11y/disabled-state-markers,cancelled,Install dependencies,https://github.com/DevExpress/DevExtreme/actions/runs/33760519576/job/100667650922
"03.09.26, 13:26:48",100667650926,33760519576,1,TestCafe tests,cardView - fluent,a11y/disabled-state-markers,cancelled,Install dependencies,https://github.com/DevExpress/DevExtreme/actions/runs/33760519576/job/100667650926
"03.09.26, 13:26:48",100667650937,33760519576,1,TestCafe tests,common - fluent,a11y/disabled-state-markers,cancelled,Install dependencies,https://github.com/DevExpress/DevExtreme/actions/runs/33760519576/job/100667650937
"03.09.26, 13:26:48",100667650946,33760519576,1,TestCafe tests,dataGrid (2/4) - fluent,a11y/disabled-state-markers,cancelled,Install dependencies,https://github.com/DevExpress/DevExtreme/actions/runs/33760519576/job/100667650946
"03.09.26, 13:26:48",100667650968,33760519576,1,TestCafe tests,dataGrid (3/4) - fluent,a11y/disabled-state-markers,cancelled,Install dependencies,https://github.com/DevExpress/DevExtreme/actions/runs/33760519576/job/100667650968
"03.09.26, 13:26:48",100667650975,33760519576,1,TestCafe tests,navigation - fluent,a11y/disabled-state-markers,cancelled,Install dependencies,https://github.com/DevExpress/DevExtreme/actions/runs/33760519576/job/100667650975
"03.09.26, 13:26:48",100667650988,33760519576,1,TestCafe tests,material - compact,a11y/disabled-state-markers,cancelled,Install dependencies,https://github.com/DevExpress/DevExtreme/actions/runs/33760519576/job/100667650988
"03.09.26, 13:26:48",100667650995,33760519576,1,TestCafe tests,dataGrid (1/4) - fluent,a11y/disabled-state-markers,cancelled,Install dependencies,https://github.com/DevExpress/DevExtreme/actions/runs/33760519576/job/100667650995
"03.09.26, 13:26:48",100667650998,33760519576,1,TestCafe tests,dataGrid (4/4) - fluent,a11y/disabled-state-markers,cancelled,Install dependencies,https://github.com/DevExpress/DevExtreme/actions/runs/33760519576/job/100667650998
"03.09.26, 13:26:48",100667651001,33760519576,1,TestCafe tests,scheduler / common (1/3) - fluent,a11y/disabled-state-markers,cancelled,Install dependencies,https://github.com/DevExpress/DevExtreme/actions/runs/33760519576/job/100667651001
"03.09.26, 13:26:48",100667651007,33760519576,1,TestCafe tests,scheduler / timezones (Europe/Berlin) - fluent,a11y/disabled-state-markers,cancelled,Install dependencies,https://github.com/DevExpress/DevExtreme/actions/runs/33760519576/job/100667651007
"03.09.26, 13:26:48",100667651017,33760519576,1,TestCafe tests,scheduler / common (3/3) - fluent,a11y/disabled-state-markers,cancelled,Install dependencies,https://github.com/DevExpress/DevExtreme/actions/runs/33760519576/job/100667651017
"03.09.26, 13:26:48",100667651024,33760519576,1,TestCafe tests,scheduler / common (2/3) - fluent,a11y/disabled-state-markers,cancelled,Install dependencies,https://github.com/DevExpress/DevExtreme/actions/runs/33760519576/job/100667651024
"03.09.26, 13:26:48",100667651040,33760519576,1,TestCafe tests,accessibility - fluent,a11y/disabled-state-markers,cancelled,Install dependencies,https://github.com/DevExpress/DevExtreme/actions/runs/33760519576/job/100667651040
"03.09.26, 13:26:48",100667651045,33760519576,1,TestCafe tests,scheduler / timezones (America/Los_Angeles) - fluent,a11y/disabled-state-markers,cancelled,Install dependencies,https://github.com/DevExpress/DevExtreme/actions/runs/33760519576/job/100667651045
"03.09.26, 13:26:48",100667651048,33760519576,1,TestCafe tests,accessibility - material.light,a11y/disabled-state-markers,cancelled,Install dependencies,https://github.com/DevExpress/DevExtreme/actions/runs/33760519576/job/100667651048
"03.09.26, 13:26:48",100667651049,33760519576,1,TestCafe tests,scheduler / viewOffset (2/2) - fluent,a11y/disabled-state-markers,cancelled,Install dependencies,https://github.com/DevExpress/DevExtreme/actions/runs/33760519576/job/100667651049
"03.09.26, 13:26:48",100667651068,33760519576,1,TestCafe tests,generic,a11y/disabled-state-markers,cancelled,Install dependencies,https://github.com/DevExpress/DevExtreme/actions/runs/33760519576/job/100667651068
"03.09.26, 13:26:48",100667651076,33760519576,1,TestCafe tests,material,a11y/disabled-state-markers,cancelled,Install dependencies,https://github.com/DevExpress/DevExtreme/actions/runs/33760519576/job/100667651076
"03.09.26, 13:26:48",100667651095,33760519576,1,TestCafe tests,scheduler / viewOffset (1/2) - fluent,a11y/disabled-state-markers,cancelled,Install dependencies,https://github.com/DevExpress/DevExtreme/actions/runs/33760519576/job/100667651095
"03.09.26, 13:26:48",100667651104,33760519576,1,TestCafe tests,editors - fluent,a11y/disabled-state-markers,cancelled,Install dependencies,https://github.com/DevExpress/DevExtreme/actions/runs/33760519576/job/100667651104
"03.09.26, 13:27:58",100668018750,33760519576,1,TestCafe tests,quarantine,a11y/disabled-state-markers,cancelled,,https://github.com/DevExpress/DevExtreme/actions/runs/33760519576/job/100668018750
"03.09.26, 13:27:58",100668019305,33760519576,1,TestCafe tests,Send notifications,a11y/disabled-state-markers,cancelled,,https://github.com/DevExpress/DevExtreme/actions/runs/33760519576/job/100668019305
"03.09.26, 13:19:01",100665080091,33760336700,1,TestCafe tests,Build DevExtreme,a11y/disabled-state-markers,cancelled,Build,https://github.com/DevExpress/DevExtreme/actions/runs/33760336700/job/100665080091
"03.09.26, 13:21:00",100665761129,33760336700,1,TestCafe tests,${{ matrix.name }}${{ ((!matrix.theme && ' - fluent') || '') }},a11y/disabled-state-markers,cancelled,,https://github.com/DevExpress/DevExtreme/actions/runs/33760336700/job/100665761129
"03.09.26, 13:21:00",100665762713,33760336700,1,TestCafe tests,quarantine,a11y/disabled-state-markers,cancelled,,https://github.com/DevExpress/DevExtreme/actions/runs/33760336700/job/100665762713
"03.09.26, 13:21:00",100665762905,33760336700,1,TestCafe tests,Send notifications,a11y/disabled-state-markers,cancelled,,https://github.com/DevExpress/DevExtreme/actions/runs/33760336700/job/100665762905
"03.09.26, 13:15:20",100663814234,33759913488,1,TestCafe tests,Build DevExtreme,a11y/disabled-state-markers,cancelled,Build,https://github.com/DevExpress/DevExtreme/actions/runs/33759913488/job/100663814234
"03.09.26, 13:18:37",100664946519,33759913488,1,TestCafe tests,${{ matrix.name }}${{ ((!matrix.theme && ' - fluent') || '') }},a11y/disabled-state-markers,cancelled,,https://github.com/DevExpress/DevExtreme/actions/runs/33759913488/job/100664946519
"03.09.26, 13:18:37",100664947792,33759913488,1,TestCafe tests,quarantine,a11y/disabled-state-markers,cancelled,,https://github.com/DevExpress/DevExtreme/actions/runs/33759913488/job/100664947792
"03.09.26, 13:18:38",100664948288,33759913488,1,TestCafe tests,Send notifications,a11y/disabled-state-markers,cancelled,,https://github.com/DevExpress/DevExtreme/actions/runs/33759913488/job/100664948288
"03.09.26, 13:08:08",100661378544,33758578394,1,TestCafe tests,dataGrid (4/4) - fluent,grid_data_extract_editing_state_knowledge_to_extenders_26_2,failure,Run TestCafe tests,https://github.com/DevExpress/DevExtreme/actions/runs/33758578394/job/100661378544
"03.09.26, 13:05:13",100660389790,33758295516,1,TestCafe tests,accessibility - fluent,a11y/disabled-state-markers,failure,Run TestCafe tests,https://github.com/DevExpress/DevExtreme/actions/runs/33758295516/job/100660389790
"03.09.26, 13:05:13",100660389805,33758295516,1,TestCafe tests,accessibility - material.dark,a11y/disabled-state-markers,failure,Run TestCafe tests,https://github.com/DevExpress/DevExtreme/actions/runs/33758295516/job/100660389805
"03.09.26, 13:05:13",100660389850,33758295516,1,TestCafe tests,accessibility - material.light,a11y/disabled-state-markers,cancelled,Run TestCafe tests,https://github.com/DevExpress/DevExtreme/actions/runs/33758295516/job/100660389850
"03.09.26, 13:05:13",100660389875,33758295516,1,TestCafe tests,accessibility - fluent.dark,a11y/disabled-state-markers,failure,Run TestCafe tests,https://github.com/DevExpress/DevExtreme/actions/runs/33758295516/job/100660389875
"03.09.26, 13:14:43",100663597178,33758295516,1,TestCafe tests,quarantine,a11y/disabled-state-markers,cancelled,,https://github.com/DevExpress/DevExtreme/actions/runs/33758295516/job/100663597178
"03.09.26, 13:14:43",100663599105,33758295516,1,TestCafe tests,Send notifications,a11y/disabled-state-markers,cancelled,,https://github.com/DevExpress/DevExtreme/actions/runs/33758295516/job/100663599105
"03.09.26, 12:55:37",100657188709,33758008617,1,TestCafe tests,Build DevExtreme,gh-readonly-queue/main/pr-35034-e0f16b37cc6731caf0f12c22b02dc8e949c0207a,cancelled,,https://github.com/DevExpress/DevExtreme/actions/runs/33758008617/job/100657188709
"03.09.26, 12:48:26",100654819029,33757111991,1,TestCafe tests,dataGrid (2/4) - fluent,feature/add-demo-datagrid-ai-detail-view,failure,,https://github.com/DevExpress/DevExtreme/actions/runs/33757111991/job/100654819029
"03.09.26, 12:40:06",100652161600,33755895876,1,TestCafe tests,scheduler / common (2/3) - fluent,26_1,cancelled,Run TestCafe tests,https://github.com/DevExpress/DevExtreme/actions/runs/33755895876/job/100652161600
"03.09.26, 12:38:59",100651805464,33755810843,1,TestCafe tests,dataGrid (4/4) - fluent,fluent-next/disabled,failure,,https://github.com/DevExpress/DevExtreme/actions/runs/33755810843/job/100651805464
"03.09.26, 12:38:59",100651805539,33755810843,1,TestCafe tests,scheduler / common (3/3) - fluent-next,fluent-next/disabled,failure,,https://github.com/DevExpress/DevExtreme/actions/runs/33755810843/job/100651805539
"03.09.26, 13:01:42",100659229288,33755810843,1,TestCafe tests,quarantine,fluent-next/disabled,failure,Run quarantined tests,https://github.com/DevExpress/DevExtreme/actions/runs/33755810843/job/100659229288
"03.09.26, 12:26:51",100648027629,33755112740,1,TestCafe tests,Build DevExtreme,feature/add-demo-datagrid-ai-detail-view,cancelled,Post Setup nx cache,https://github.com/DevExpress/DevExtreme/actions/runs/33755112740/job/100648027629
"03.09.26, 12:28:36",100648576579,33755112740,1,TestCafe tests,${{ matrix.name }}${{ ((!matrix.theme && ' - fluent') || '') }},feature/add-demo-datagrid-ai-detail-view,cancelled,,https://github.com/DevExpress/DevExtreme/actions/runs/33755112740/job/100648576579
"03.09.26, 12:28:36",100648577800,33755112740,1,TestCafe tests,quarantine,feature/add-demo-datagrid-ai-detail-view,cancelled,,https://github.com/DevExpress/DevExtreme/actions/runs/33755112740/job/100648577800
"03.09.26, 12:28:36",100648578730,33755112740,1,TestCafe tests,Send notifications,feature/add-demo-datagrid-ai-detail-view,cancelled,,https://github.com/DevExpress/DevExtreme/actions/runs/33755112740/job/100648578730
"03.09.26, 12:21:54",100646463715,33754169548,1,TestCafe tests,navigation - fluent,feature/add-demo-datagrid-ai-detail-view,cancelled,Run TestCafe tests,https://github.com/DevExpress/DevExtreme/actions/runs/33754169548/job/100646463715
"03.09.26, 12:21:54",100646463748,33754169548,1,TestCafe tests,dataGrid (3/4) - fluent,feature/add-demo-datagrid-ai-detail-view,cancelled,Run TestCafe tests,https://github.com/DevExpress/DevExtreme/actions/runs/33754169548/job/100646463748
"03.09.26, 12:21:54",100646463754,33754169548,1,TestCafe tests,scheduler / viewOffset (1/2) - fluent,feature/add-demo-datagrid-ai-detail-view,cancelled,Run TestCafe tests,https://github.com/DevExpress/DevExtreme/actions/runs/33754169548/job/100646463754
"03.09.26, 12:21:54",100646463769,33754169548,1,TestCafe tests,editors - fluent,feature/add-demo-datagrid-ai-detail-view,cancelled,Run TestCafe tests,https://github.com/DevExpress/DevExtreme/actions/runs/33754169548/job/100646463769
"03.09.26, 12:21:54",100646463783,33754169548,1,TestCafe tests,scheduler / viewOffset (2/2) - fluent,feature/add-demo-datagrid-ai-detail-view,cancelled,Run TestCafe tests,https://github.com/DevExpress/DevExtreme/actions/runs/33754169548/job/100646463783
"03.09.26, 12:21:54",100646463791,33754169548,1,TestCafe tests,scheduler / common (1/3) - fluent,feature/add-demo-datagrid-ai-detail-view,cancelled,Run TestCafe tests,https://github.com/DevExpress/DevExtreme/actions/runs/33754169548/job/100646463791
"03.09.26, 12:21:54",100646463809,33754169548,1,TestCafe tests,dataGrid (4/4) - fluent,feature/add-demo-datagrid-ai-detail-view,cancelled,Run TestCafe tests,https://github.com/DevExpress/DevExtreme/actions/runs/33754169548/job/100646463809
"03.09.26, 12:21:54",100646463813,33754169548,1,TestCafe tests,common - fluent,feature/add-demo-datagrid-ai-detail-view,cancelled,Run TestCafe tests,https://github.com/DevExpress/DevExtreme/actions/runs/33754169548/job/100646463813
"03.09.26, 12:21:54",100646463815,33754169548,1,TestCafe tests,accessibility - fluent,feature/add-demo-datagrid-ai-detail-view,cancelled,Run TestCafe tests,https://github.com/DevExpress/DevExtreme/actions/runs/33754169548/job/100646463815
"03.09.26, 12:21:54",100646463865,33754169548,1,TestCafe tests,scheduler / common (2/3) - fluent,feature/add-demo-datagrid-ai-detail-view,cancelled,Run TestCafe tests,https://github.com/DevExpress/DevExtreme/actions/runs/33754169548/job/100646463865
"03.09.26, 12:21:54",100646463892,33754169548,1,TestCafe tests,dataGrid (2/4) - fluent,feature/add-demo-datagrid-ai-detail-view,cancelled,Run TestCafe tests,https://github.com/DevExpress/DevExtreme/actions/runs/33754169548/job/100646463892
"03.09.26, 12:21:54",100646463898,33754169548,1,TestCafe tests,scheduler / common (3/3) - fluent,feature/add-demo-datagrid-ai-detail-view,cancelled,Run TestCafe tests,https://github.com/DevExpress/DevExtreme/actions/runs/33754169548/job/100646463898
"03.09.26, 12:21:54",100646463945,33754169548,1,TestCafe tests,dataGrid (1/4) - fluent,feature/add-demo-datagrid-ai-detail-view,cancelled,Run TestCafe tests,https://github.com/DevExpress/DevExtreme/actions/runs/33754169548/job/100646463945
"03.09.26, 12:26:25",100647893124,33754169548,1,TestCafe tests,quarantine,feature/add-demo-datagrid-ai-detail-view,cancelled,,https://github.com/DevExpress/DevExtreme/actions/runs/33754169548/job/100647893124
"03.09.26, 12:26:25",100647893964,33754169548,1,TestCafe tests,Send notifications,feature/add-demo-datagrid-ai-detail-view,cancelled,,https://github.com/DevExpress/DevExtreme/actions/runs/33754169548/job/100647893964
"03.09.26, 12:08:37",100642405027,33752882532,1,TestCafe tests,scheduler / timezones (Europe/Berlin) - fluent,gh-readonly-queue/main/pr-34676-e0f16b37cc6731caf0f12c22b02dc8e949c0207a,cancelled,Run TestCafe tests,https://github.com/DevExpress/DevExtreme/actions/runs/33752882532/job/100642405027
"03.09.26, 10:57:44",100621970596,33746466197,1,TestCafe tests,scheduler / common (3/3) - fluent,fluent-next/disabled,failure,,https://github.com/DevExpress/DevExtreme/actions/runs/33746466197/job/100621970596
"03.09.26, 11:12:47",100626248627,33746466197,1,TestCafe tests,quarantine,fluent-next/disabled,failure,Run quarantined tests,https://github.com/DevExpress/DevExtreme/actions/runs/33746466197/job/100626248627
"03.09.26, 10:39:44",100616924989,33744910657,1,TestCafe tests,dataGrid (3/4) - fluent,chore/remove-committed-mask-etalons,failure,,https://github.com/DevExpress/DevExtreme/actions/runs/33744910657/job/100616924989
"03.09.26, 10:39:44",100616924999,33744910657,1,TestCafe tests,generic,chore/remove-committed-mask-etalons,failure,,https://github.com/DevExpress/DevExtreme/actions/runs/33744910657/job/100616924999
"03.09.26, 10:39:44",100616925003,33744910657,1,TestCafe tests,cardView - fluent,chore/remove-committed-mask-etalons,failure,Run TestCafe tests,https://github.com/DevExpress/DevExtreme/actions/runs/33744910657/job/100616925003
"03.09.26, 10:39:44",100616925027,33744910657,1,TestCafe tests,scheduler / common (2/3) - fluent,chore/remove-committed-mask-etalons,failure,Run TestCafe tests,https://github.com/DevExpress/DevExtreme/actions/runs/33744910657/job/100616925027
"03.09.26, 10:39:44",100616925032,33744910657,1,TestCafe tests,scheduler / common (1/3) - fluent,chore/remove-committed-mask-etalons,failure,,https://github.com/DevExpress/DevExtreme/actions/runs/33744910657/job/100616925032
"03.09.26, 10:39:44",100616925054,33744910657,1,TestCafe tests,dataGrid (2/4) - fluent,chore/remove-committed-mask-etalons,failure,,https://github.com/DevExpress/DevExtreme/actions/runs/33744910657/job/100616925054
"03.09.26, 10:39:44",100616925122,33744910657,1,TestCafe tests,scheduler / common (3/3) - fluent,chore/remove-committed-mask-etalons,failure,Run TestCafe tests,https://github.com/DevExpress/DevExtreme/actions/runs/33744910657/job/100616925122
"03.09.26, 10:39:44",100616925194,33744910657,1,TestCafe tests,scheduler / viewOffset (2/2) - fluent,chore/remove-committed-mask-etalons,failure,,https://github.com/DevExpress/DevExtreme/actions/runs/33744910657/job/100616925194
"03.09.26, 10:49:47",100619744844,33744910657,1,TestCafe tests,quarantine,chore/remove-committed-mask-etalons,failure,Run quarantined tests,https://github.com/DevExpress/DevExtreme/actions/runs/33744910657/job/100619744844
"03.09.26, 10:27:02",100613310545,33743747953,1,TestCafe tests,accessibility - material.light,a11y/disabled-state-markers,failure,Run TestCafe tests,https://github.com/DevExpress/DevExtreme/actions/runs/33743747953/job/100613310545
"03.09.26, 10:27:02",100613310586,33743747953,1,TestCafe tests,accessibility - material.dark,a11y/disabled-state-markers,failure,Run TestCafe tests,https://github.com/DevExpress/DevExtreme/actions/runs/33743747953/job/100613310586
"03.09.26, 10:27:02",100613310598,33743747953,1,TestCafe tests,accessibility - fluent,a11y/disabled-state-markers,failure,Run TestCafe tests,https://github.com/DevExpress/DevExtreme/actions/runs/33743747953/job/100613310598
"03.09.26, 10:27:02",100613310601,33743747953,1,TestCafe tests,accessibility - fluent.dark,a11y/disabled-state-markers,failure,Run TestCafe tests,https://github.com/DevExpress/DevExtreme/actions/runs/33743747953/job/100613310601
"03.09.26, 10:25:07",100612766937,33743637288,1,TestCafe tests,scheduler / common (3/3) - fluent,fix/audit-fast-uri-qs-26_1,cancelled,Run TestCafe tests,https://github.com/DevExpress/DevExtreme/actions/runs/33743637288/job/100612766937
"03.09.26, 10:22:39",100612061356,33743439018,1,TestCafe tests,common - fluent-next,fluent-next/disabled,failure,Run TestCafe tests,https://github.com/DevExpress/DevExtreme/actions/runs/33743439018/job/100612061356
"03.09.26, 10:22:39",100612061397,33743439018,1,TestCafe tests,cardView - fluent,fluent-next/disabled,failure,Run TestCafe tests,https://github.com/DevExpress/DevExtreme/actions/runs/33743439018/job/100612061397
"03.09.26, 10:22:39",100612061407,33743439018,1,TestCafe tests,dataGrid (1/4) - fluent-next,fluent-next/disabled,failure,Run TestCafe tests,https://github.com/DevExpress/DevExtreme/actions/runs/33743439018/job/100612061407
"03.09.26, 10:22:39",100612061419,33743439018,1,TestCafe tests,scheduler / common (3/3) - fluent-next,fluent-next/disabled,failure,Run TestCafe tests,https://github.com/DevExpress/DevExtreme/actions/runs/33743439018/job/100612061419
"03.09.26, 10:22:39",100612061437,33743439018,1,TestCafe tests,dataGrid (3/4) - fluent-next,fluent-next/disabled,failure,Run TestCafe tests,https://github.com/DevExpress/DevExtreme/actions/runs/33743439018/job/100612061437
"03.09.26, 10:22:39",100612061446,33743439018,1,TestCafe tests,cardView - fluent-next,fluent-next/disabled,failure,Run TestCafe tests,https://github.com/DevExpress/DevExtreme/actions/runs/33743439018/job/100612061446
"03.09.26, 10:22:39",100612061451,33743439018,1,TestCafe tests,dataGrid (4/4) - fluent-next,fluent-next/disabled,failure,Run TestCafe tests,https://github.com/DevExpress/DevExtreme/actions/runs/33743439018/job/100612061451
"03.09.26, 10:22:39",100612061472,33743439018,1,TestCafe tests,scheduler / common (1/3) - fluent-next,fluent-next/disabled,failure,Run TestCafe tests,https://github.com/DevExpress/DevExtreme/actions/runs/33743439018/job/100612061472
"03.09.26, 10:22:39",100612061496,33743439018,1,TestCafe tests,scheduler / common (2/3) - fluent-next,fluent-next/disabled,failure,Run TestCafe tests,https://github.com/DevExpress/DevExtreme/actions/runs/33743439018/job/100612061496
"03.09.26, 10:22:39",100612061511,33743439018,1,TestCafe tests,editors - fluent-next,fluent-next/disabled,failure,Run TestCafe tests,https://github.com/DevExpress/DevExtreme/actions/runs/33743439018/job/100612061511
"03.09.26, 10:22:39",100612061524,33743439018,1,TestCafe tests,navigation - fluent-next,fluent-next/disabled,failure,Run TestCafe tests,https://github.com/DevExpress/DevExtreme/actions/runs/33743439018/job/100612061524
"03.09.26, 10:22:39",100612061633,33743439018,1,TestCafe tests,dataGrid (2/4) - fluent-next,fluent-next/disabled,failure,Run TestCafe tests,https://github.com/DevExpress/DevExtreme/actions/runs/33743439018/job/100612061633
"03.09.26, 10:34:52",100615542340,33743439018,1,TestCafe tests,quarantine,fluent-next/disabled,failure,Run quarantined tests,https://github.com/DevExpress/DevExtreme/actions/runs/33743439018/job/100615542340
"03.09.26, 10:16:30",100610325502,33742837622,1,TestCafe tests,accessibility - fluent.dark,fluent-next/disabled,cancelled,Restore pnpm cache,https://github.com/DevExpress/DevExtreme/actions/runs/33742837622/job/100610325502
"03.09.26, 10:16:30",100610325506,33742837622,1,TestCafe tests,accessibility - material.light,fluent-next/disabled,cancelled,Run pnpm/action-setup@v6,https://github.com/DevExpress/DevExtreme/actions/runs/33742837622/job/100610325506
"03.09.26, 10:16:30",100610325514,33742837622,1,TestCafe tests,common - fluent,fluent-next/disabled,cancelled,Restore pnpm cache,https://github.com/DevExpress/DevExtreme/actions/runs/33742837622/job/100610325514
"03.09.26, 10:16:30",100610325515,33742837622,1,TestCafe tests,dataGrid (3/4) - fluent,fluent-next/disabled,cancelled,Get sources,https://github.com/DevExpress/DevExtreme/actions/runs/33742837622/job/100610325515
"03.09.26, 10:16:30",100610325522,33742837622,1,TestCafe tests,material - compact,fluent-next/disabled,cancelled,Download artifacts,https://github.com/DevExpress/DevExtreme/actions/runs/33742837622/job/100610325522
"03.09.26, 10:16:30",100610325534,33742837622,1,TestCafe tests,dataGrid (4/4) - fluent,fluent-next/disabled,cancelled,Add run config to flaky test report,https://github.com/DevExpress/DevExtreme/actions/runs/33742837622/job/100610325534
"03.09.26, 10:16:30",100610325541,33742837622,1,TestCafe tests,cardView - fluent,fluent-next/disabled,cancelled,Restore pnpm cache,https://github.com/DevExpress/DevExtreme/actions/runs/33742837622/job/100610325541
"03.09.26, 10:16:30",100610325543,33742837622,1,TestCafe tests,editors - fluent,fluent-next/disabled,cancelled,Restore pnpm cache,https://github.com/DevExpress/DevExtreme/actions/runs/33742837622/job/100610325543
"03.09.26, 10:16:30",100610325550,33742837622,1,TestCafe tests,material,fluent-next/disabled,cancelled,Add run config to flaky test report,https://github.com/DevExpress/DevExtreme/actions/runs/33742837622/job/100610325550
"03.09.26, 10:16:30",100610325555,33742837622,1,TestCafe tests,accessibility - fluent,fluent-next/disabled,cancelled,Restore pnpm cache,https://github.com/DevExpress/DevExtreme/actions/runs/33742837622/job/100610325555
"03.09.26, 10:16:30",100610325562,33742837622,1,TestCafe tests,dataGrid (1/4) - fluent,fluent-next/disabled,cancelled,Restore pnpm cache,https://github.com/DevExpress/DevExtreme/actions/runs/33742837622/job/100610325562
"03.09.26, 10:16:30",100610325568,33742837622,1,TestCafe tests,accessibility - material.dark,fluent-next/disabled,cancelled,Get sources,https://github.com/DevExpress/DevExtreme/actions/runs/33742837622/job/100610325568
"03.09.26, 10:16:31",100610325588,33742837622,1,TestCafe tests,accessibility - fluent-next.dark,fluent-next/disabled,cancelled,Restore pnpm cache,https://github.com/DevExpress/DevExtreme/actions/runs/33742837622/job/100610325588
"03.09.26, 10:16:31",100610325589,33742837622,1,TestCafe tests,dataGrid (2/4) - fluent,fluent-next/disabled,cancelled,Use Node.js,https://github.com/DevExpress/DevExtreme/actions/runs/33742837622/job/100610325589
"03.09.26, 10:16:31",100610325624,33742837622,1,TestCafe tests,scheduler / common (2/3) - fluent,fluent-next/disabled,cancelled,Use Node.js,https://github.com/DevExpress/DevExtreme/actions/runs/33742837622/job/100610325624
"03.09.26, 10:16:31",100610325642,33742837622,1,TestCafe tests,scheduler / viewOffset (2/2) - fluent,fluent-next/disabled,cancelled,Restore pnpm cache,https://github.com/DevExpress/DevExtreme/actions/runs/33742837622/job/100610325642
"03.09.26, 10:16:31",100610325650,33742837622,1,TestCafe tests,scheduler / common (1/3) - fluent,fluent-next/disabled,cancelled,Restore pnpm cache,https://github.com/DevExpress/DevExtreme/actions/runs/33742837622/job/100610325650
"03.09.26, 10:16:31",100610325666,33742837622,1,TestCafe tests,navigation - fluent,fluent-next/disabled,cancelled,Add run config to flaky test report,https://github.com/DevExpress/DevExtreme/actions/runs/33742837622/job/100610325666
"03.09.26, 10:16:31",100610325675,33742837622,1,TestCafe tests,scheduler / timezones (Europe/Berlin) - fluent,fluent-next/disabled,cancelled,Use Node.js,https://github.com/DevExpress/DevExtreme/actions/runs/33742837622/job/100610325675
"03.09.26, 10:16:31",100610325720,33742837622,1,TestCafe tests,accessibility - fluent-next,fluent-next/disabled,cancelled,Restore pnpm cache,https://github.com/DevExpress/DevExtreme/actions/runs/33742837622/job/100610325720
"03.09.26, 10:16:31",100610325725,33742837622,1,TestCafe tests,scheduler / viewOffset (2/2) - fluent-next,fluent-next/disabled,cancelled,Use Node.js,https://github.com/DevExpress/DevExtreme/actions/runs/33742837622/job/100610325725
"03.09.26, 10:16:31",100610325736,33742837622,1,TestCafe tests,dataGrid (1/4) - fluent-next,fluent-next/disabled,cancelled,Restore pnpm cache,https://github.com/DevExpress/DevExtreme/actions/runs/33742837622/job/100610325736
"03.09.26, 10:16:31",100610325741,33742837622,1,TestCafe tests,dataGrid (2/4) - fluent-next,fluent-next/disabled,cancelled,Restore pnpm cache,https://github.com/DevExpress/DevExtreme/actions/runs/33742837622/job/100610325741
"03.09.26, 10:16:31",100610325775,33742837622,1,TestCafe tests,navigation - fluent-next,fluent-next/disabled,cancelled,Restore pnpm cache,https://github.com/DevExpress/DevExtreme/actions/runs/33742837622/job/100610325775
"03.09.26, 10:16:31",100610325778,33742837622,1,TestCafe tests,scheduler / common (3/3) - fluent-next,fluent-next/disabled,cancelled,Restore pnpm cache,https://github.com/DevExpress/DevExtreme/actions/runs/33742837622/job/100610325778
"03.09.26, 10:16:31",100610325779,33742837622,1,TestCafe tests,scheduler / common (3/3) - fluent,fluent-next/disabled,cancelled,Restore pnpm cache,https://github.com/DevExpress/DevExtreme/actions/runs/33742837622/job/100610325779
"03.09.26, 10:16:31",100610325780,33742837622,1,TestCafe tests,generic,fluent-next/disabled,cancelled,Restore pnpm cache,https://github.com/DevExpress/DevExtreme/actions/runs/33742837622/job/100610325780
"03.09.26, 10:16:31",100610325798,33742837622,1,TestCafe tests,scheduler / viewOffset (1/2) - fluent-next,fluent-next/disabled,cancelled,Unpack artifacts,https://github.com/DevExpress/DevExtreme/actions/runs/33742837622/job/100610325798
"03.09.26, 10:16:31",100610325802,33742837622,1,TestCafe tests,dataGrid (4/4) - fluent-next,fluent-next/disabled,cancelled,Restore pnpm cache,https://github.com/DevExpress/DevExtreme/actions/runs/33742837622/job/100610325802
"03.09.26, 10:16:31",100610325803,33742837622,1,TestCafe tests,scheduler / timezones (America/Los_Angeles) - fluent,fluent-next/disabled,cancelled,Restore pnpm cache,https://github.com/DevExpress/DevExtreme/actions/runs/33742837622/job/100610325803
"03.09.26, 10:16:31",100610325809,33742837622,1,TestCafe tests,common - fluent-next,fluent-next/disabled,cancelled,Restore pnpm cache,https://github.com/DevExpress/DevExtreme/actions/runs/33742837622/job/100610325809
"03.09.26, 10:16:31",100610325847,33742837622,1,TestCafe tests,scheduler / timezones (Europe/Berlin) - fluent-next,fluent-next/disabled,cancelled,,https://github.com/DevExpress/DevExtreme/actions/runs/33742837622/job/100610325847
"03.09.26, 10:16:31",100610325850,33742837622,1,TestCafe tests,cardView - fluent-next,fluent-next/disabled,cancelled,Restore pnpm cache,https://github.com/DevExpress/DevExtreme/actions/runs/33742837622/job/100610325850
"03.09.26, 10:16:31",100610325864,33742837622,1,TestCafe tests,dataGrid (3/4) - fluent-next,fluent-next/disabled,cancelled,Add run config to flaky test report,https://github.com/DevExpress/DevExtreme/actions/runs/33742837622/job/100610325864
"03.09.26, 10:16:31",100610325888,33742837622,1,TestCafe tests,scheduler / viewOffset (1/2) - fluent,fluent-next/disabled,cancelled,Unpack artifacts,https://github.com/DevExpress/DevExtreme/actions/runs/33742837622/job/100610325888
"03.09.26, 10:16:31",100610325898,33742837622,1,TestCafe tests,editors - fluent-next,fluent-next/disabled,cancelled,Restore pnpm cache,https://github.com/DevExpress/DevExtreme/actions/runs/33742837622/job/100610325898
"03.09.26, 10:16:31",100610325921,33742837622,1,TestCafe tests,scheduler / common (2/3) - fluent-next,fluent-next/disabled,cancelled,Restore pnpm cache,https://github.com/DevExpress/DevExtreme/actions/runs/33742837622/job/100610325921
"03.09.26, 10:16:31",100610325942,33742837622,1,TestCafe tests,scheduler / common (1/3) - fluent-next,fluent-next/disabled,cancelled,,https://github.com/DevExpress/DevExtreme/actions/runs/33742837622/job/100610325942
"03.09.26, 10:16:31",100610326009,33742837622,1,TestCafe tests,scheduler / timezones (America/Los_Angeles) - fluent-next,fluent-next/disabled,cancelled,Restore pnpm cache,https://github.com/DevExpress/DevExtreme/actions/runs/33742837622/job/100610326009
"03.09.26, 10:17:29",100610602650,33742837622,1,TestCafe tests,quarantine,fluent-next/disabled,cancelled,,https://github.com/DevExpress/DevExtreme/actions/runs/33742837622/job/100610602650
"03.09.26, 10:17:29",100610603340,33742837622,1,TestCafe tests,Send notifications,fluent-next/disabled,cancelled,,https://github.com/DevExpress/DevExtreme/actions/runs/33742837622/job/100610603340
"03.09.26, 10:10:40",100608659961,33742244531,1,TestCafe tests,scheduler / common (3/3) - fluent,5056-t1334708---tooltip---esc-key-closes-both-the-tooltip-and-its-parent-overlay,failure,Run TestCafe tests,https://github.com/DevExpress/DevExtreme/actions/runs/33742244531/job/100608659961
"03.09.26, 10:06:08",100607350352,33741811311,1,TestCafe tests,common - fluent,fluent-next/disabled,cancelled,Run TestCafe tests,https://github.com/DevExpress/DevExtreme/actions/runs/33741811311/job/100607350352
"03.09.26, 10:06:08",100607350379,33741811311,1,TestCafe tests,scheduler / common (1/3) - fluent,fluent-next/disabled,cancelled,Run TestCafe tests,https://github.com/DevExpress/DevExtreme/actions/runs/33741811311/job/100607350379
"03.09.26, 10:06:08",100607350380,33741811311,1,TestCafe tests,editors - fluent,fluent-next/disabled,cancelled,Run TestCafe tests,https://github.com/DevExpress/DevExtreme/actions/runs/33741811311/job/100607350380
"03.09.26, 10:06:08",100607350391,33741811311,1,TestCafe tests,dataGrid (3/4) - fluent,fluent-next/disabled,cancelled,Run TestCafe tests,https://github.com/DevExpress/DevExtreme/actions/runs/33741811311/job/100607350391
"03.09.26, 10:06:08",100607350394,33741811311,1,TestCafe tests,dataGrid (1/4) - fluent,fluent-next/disabled,cancelled,Run TestCafe tests,https://github.com/DevExpress/DevExtreme/actions/runs/33741811311/job/100607350394
"03.09.26, 10:06:08",100607350397,33741811311,1,TestCafe tests,dataGrid (4/4) - fluent,fluent-next/disabled,cancelled,Run TestCafe tests,https://github.com/DevExpress/DevExtreme/actions/runs/33741811311/job/100607350397
"03.09.26, 10:06:08",100607350405,33741811311,1,TestCafe tests,dataGrid (2/4) - fluent,fluent-next/disabled,cancelled,Run TestCafe tests,https://github.com/DevExpress/DevExtreme/actions/runs/33741811311/job/100607350405
"03.09.26, 10:06:08",100607350493,33741811311,1,TestCafe tests,scheduler / common (2/3) - fluent,fluent-next/disabled,cancelled,Run TestCafe tests,https://github.com/DevExpress/DevExtreme/actions/runs/33741811311/job/100607350493
"03.09.26, 10:06:08",100607350503,33741811311,1,TestCafe tests,navigation - fluent,fluent-next/disabled,cancelled,Run TestCafe tests,https://github.com/DevExpress/DevExtreme/actions/runs/33741811311/job/100607350503
"03.09.26, 10:06:08",100607350508,33741811311,1,TestCafe tests,cardView - fluent,fluent-next/disabled,cancelled,,https://github.com/DevExpress/DevExtreme/actions/runs/33741811311/job/100607350508
"03.09.26, 10:06:08",100607350562,33741811311,1,TestCafe tests,scheduler / viewOffset (1/2) - fluent,fluent-next/disabled,cancelled,Run TestCafe tests,https://github.com/DevExpress/DevExtreme/actions/runs/33741811311/job/100607350562
"03.09.26, 10:06:08",100607350577,33741811311,1,TestCafe tests,dataGrid (2/4) - fluent-next,fluent-next/disabled,cancelled,Run TestCafe tests,https://github.com/DevExpress/DevExtreme/actions/runs/33741811311/job/100607350577
"03.09.26, 10:06:08",100607350588,33741811311,1,TestCafe tests,scheduler / timezones (America/Los_Angeles) - fluent,fluent-next/disabled,cancelled,,https://github.com/DevExpress/DevExtreme/actions/runs/33741811311/job/100607350588
"03.09.26, 10:06:08",100607350604,33741811311,1,TestCafe tests,dataGrid (4/4) - fluent-next,fluent-next/disabled,cancelled,Run TestCafe tests,https://github.com/DevExpress/DevExtreme/actions/runs/33741811311/job/100607350604
"03.09.26, 10:06:08",100607350610,33741811311,1,TestCafe tests,scheduler / timezones (Europe/Berlin) - fluent,fluent-next/disabled,cancelled,,https://github.com/DevExpress/DevExtreme/actions/runs/33741811311/job/100607350610
"03.09.26, 10:06:08",100607350647,33741811311,1,TestCafe tests,dataGrid (3/4) - fluent-next,fluent-next/disabled,cancelled,Run TestCafe tests,https://github.com/DevExpress/DevExtreme/actions/runs/33741811311/job/100607350647
"03.09.26, 10:06:08",100607350662,33741811311,1,TestCafe tests,scheduler / common (1/3) - fluent-next,fluent-next/disabled,cancelled,Run TestCafe tests,https://github.com/DevExpress/DevExtreme/actions/runs/33741811311/job/100607350662
"03.09.26, 10:06:08",100607350672,33741811311,1,TestCafe tests,accessibility - fluent-next,fluent-next/disabled,cancelled,Run TestCafe tests,https://github.com/DevExpress/DevExtreme/actions/runs/33741811311/job/100607350672
"03.09.26, 10:06:08",100607350674,33741811311,1,TestCafe tests,cardView - fluent-next,fluent-next/disabled,cancelled,Run TestCafe tests,https://github.com/DevExpress/DevExtreme/actions/runs/33741811311/job/100607350674
"03.09.26, 10:06:08",100607350676,33741811311,1,TestCafe tests,common - fluent-next,fluent-next/disabled,cancelled,Run TestCafe tests,https://github.com/DevExpress/DevExtreme/actions/runs/33741811311/job/100607350676
"03.09.26, 10:06:08",100607350683,33741811311,1,TestCafe tests,scheduler / viewOffset (2/2) - fluent,fluent-next/disabled,cancelled,Run TestCafe tests,https://github.com/DevExpress/DevExtreme/actions/runs/33741811311/job/100607350683
"03.09.26, 10:06:08",100607350773,33741811311,1,TestCafe tests,scheduler / common (3/3) - fluent,fluent-next/disabled,cancelled,Run TestCafe tests,https://github.com/DevExpress/DevExtreme/actions/runs/33741811311/job/100607350773
"03.09.26, 10:06:08",100607350785,33741811311,1,TestCafe tests,scheduler / viewOffset (2/2) - fluent-next,fluent-next/disabled,cancelled,Run TestCafe tests,https://github.com/DevExpress/DevExtreme/actions/runs/33741811311/job/100607350785
"03.09.26, 10:06:08",100607350787,33741811311,1,TestCafe tests,scheduler / common (2/3) - fluent-next,fluent-next/disabled,cancelled,Run TestCafe tests,https://github.com/DevExpress/DevExtreme/actions/runs/33741811311/job/100607350787
"03.09.26, 10:06:08",100607350795,33741811311,1,TestCafe tests,dataGrid (1/4) - fluent-next,fluent-next/disabled,cancelled,Run TestCafe tests,https://github.com/DevExpress/DevExtreme/actions/runs/33741811311/job/100607350795
"03.09.26, 10:06:08",100607350815,33741811311,1,TestCafe tests,editors - fluent-next,fluent-next/disabled,cancelled,Run TestCafe tests,https://github.com/DevExpress/DevExtreme/actions/runs/33741811311/job/100607350815
"03.09.26, 10:06:08",100607350882,33741811311,1,TestCafe tests,navigation - fluent-next,fluent-next/disabled,cancelled,Run TestCafe tests,https://github.com/DevExpress/DevExtreme/actions/runs/33741811311/job/100607350882
"03.09.26, 10:06:08",100607350934,33741811311,1,TestCafe tests,scheduler / viewOffset (1/2) - fluent-next,fluent-next/disabled,cancelled,Run TestCafe tests,https://github.com/DevExpress/DevExtreme/actions/runs/33741811311/job/100607350934
"03.09.26, 10:06:08",100607351030,33741811311,1,TestCafe tests,scheduler / common (3/3) - fluent-next,fluent-next/disabled,cancelled,Run TestCafe tests,https://github.com/DevExpress/DevExtreme/actions/runs/33741811311/job/100607351030
"03.09.26, 10:09:56",100608451914,33741811311,1,TestCafe tests,quarantine,fluent-next/disabled,cancelled,,https://github.com/DevExpress/DevExtreme/actions/runs/33741811311/job/100608451914
"03.09.26, 10:09:57",100608453123,33741811311,1,TestCafe tests,Send notifications,fluent-next/disabled,cancelled,,https://github.com/DevExpress/DevExtreme/actions/runs/33741811311/job/100608453123
"03.09.26, 10:02:57",100606415812,33741664783,1,TestCafe tests,generic,5056-t1334708---tooltip---esc-key-closes-both-the-tooltip-and-its-parent-overlay,cancelled,Install dependencies,https://github.com/DevExpress/DevExtreme/actions/runs/33741664783/job/100606415812
"03.09.26, 10:02:57",100606415815,33741664783,1,TestCafe tests,material - compact,5056-t1334708---tooltip---esc-key-closes-both-the-tooltip-and-its-parent-overlay,cancelled,Install dependencies,https://github.com/DevExpress/DevExtreme/actions/runs/33741664783/job/100606415815
"03.09.26, 10:02:57",100606415828,33741664783,1,TestCafe tests,dataGrid (4/4) - fluent,5056-t1334708---tooltip---esc-key-closes-both-the-tooltip-and-its-parent-overlay,cancelled,Install dependencies,https://github.com/DevExpress/DevExtreme/actions/runs/33741664783/job/100606415828
"03.09.26, 10:02:57",100606415871,33741664783,1,TestCafe tests,dataGrid (3/4) - fluent,5056-t1334708---tooltip---esc-key-closes-both-the-tooltip-and-its-parent-overlay,cancelled,Install dependencies,https://github.com/DevExpress/DevExtreme/actions/runs/33741664783/job/100606415871
"03.09.26, 10:02:57",100606415878,33741664783,1,TestCafe tests,common - fluent,5056-t1334708---tooltip---esc-key-closes-both-the-tooltip-and-its-parent-overlay,cancelled,Install dependencies,https://github.com/DevExpress/DevExtreme/actions/runs/33741664783/job/100606415878
"03.09.26, 10:02:57",100606415885,33741664783,1,TestCafe tests,material,5056-t1334708---tooltip---esc-key-closes-both-the-tooltip-and-its-parent-overlay,cancelled,Install dependencies,https://github.com/DevExpress/DevExtreme/actions/runs/33741664783/job/100606415885
"03.09.26, 10:02:57",100606415896,33741664783,1,TestCafe tests,scheduler / common (2/3) - fluent,5056-t1334708---tooltip---esc-key-closes-both-the-tooltip-and-its-parent-overlay,cancelled,Install dependencies,https://github.com/DevExpress/DevExtreme/actions/runs/33741664783/job/100606415896
"03.09.26, 10:02:57",100606415902,33741664783,1,TestCafe tests,editors - fluent,5056-t1334708---tooltip---esc-key-closes-both-the-tooltip-and-its-parent-overlay,cancelled,Install dependencies,https://github.com/DevExpress/DevExtreme/actions/runs/33741664783/job/100606415902
"03.09.26, 10:02:57",100606415930,33741664783,1,TestCafe tests,dataGrid (1/4) - fluent,5056-t1334708---tooltip---esc-key-closes-both-the-tooltip-and-its-parent-overlay,cancelled,Install dependencies,https://github.com/DevExpress/DevExtreme/actions/runs/33741664783/job/100606415930
"03.09.26, 10:02:57",100606415960,33741664783,1,TestCafe tests,navigation - fluent,5056-t1334708---tooltip---esc-key-closes-both-the-tooltip-and-its-parent-overlay,cancelled,Install dependencies,https://github.com/DevExpress/DevExtreme/actions/runs/33741664783/job/100606415960
"03.09.26, 10:02:57",100606415976,33741664783,1,TestCafe tests,accessibility - fluent,5056-t1334708---tooltip---esc-key-closes-both-the-tooltip-and-its-parent-overlay,cancelled,Install dependencies,https://github.com/DevExpress/DevExtreme/actions/runs/33741664783/job/100606415976
"03.09.26, 10:02:57",100606415978,33741664783,1,TestCafe tests,scheduler / common (1/3) - fluent,5056-t1334708---tooltip---esc-key-closes-both-the-tooltip-and-its-parent-overlay,cancelled,Install dependencies,https://github.com/DevExpress/DevExtreme/actions/runs/33741664783/job/100606415978
"03.09.26, 10:02:57",100606415984,33741664783,1,TestCafe tests,cardView - fluent,5056-t1334708---tooltip---esc-key-closes-both-the-tooltip-and-its-parent-overlay,cancelled,Install dependencies,https://github.com/DevExpress/DevExtreme/actions/runs/33741664783/job/100606415984
"03.09.26, 10:02:57",100606416001,33741664783,1,TestCafe tests,scheduler / viewOffset (1/2) - fluent,5056-t1334708---tooltip---esc-key-closes-both-the-tooltip-and-its-parent-overlay,cancelled,Install dependencies,https://github.com/DevExpress/DevExtreme/actions/runs/33741664783/job/100606416001
"03.09.26, 10:02:57",100606416003,33741664783,1,TestCafe tests,scheduler / common (3/3) - fluent,5056-t1334708---tooltip---esc-key-closes-both-the-tooltip-and-its-parent-overlay,cancelled,Install dependencies,https://github.com/DevExpress/DevExtreme/actions/runs/33741664783/job/100606416003
"03.09.26, 10:02:57",100606416019,33741664783,1,TestCafe tests,scheduler / viewOffset (2/2) - fluent,5056-t1334708---tooltip---esc-key-closes-both-the-tooltip-and-its-parent-overlay,cancelled,Install dependencies,https://github.com/DevExpress/DevExtreme/actions/runs/33741664783/job/100606416019
"03.09.26, 10:02:57",100606416040,33741664783,1,TestCafe tests,dataGrid (2/4) - fluent,5056-t1334708---tooltip---esc-key-closes-both-the-tooltip-and-its-parent-overlay,cancelled,Install dependencies,https://github.com/DevExpress/DevExtreme/actions/runs/33741664783/job/100606416040
"03.09.26, 10:02:57",100606416111,33741664783,1,TestCafe tests,scheduler / timezones (Europe/Berlin) - fluent,5056-t1334708---tooltip---esc-key-closes-both-the-tooltip-and-its-parent-overlay,cancelled,Install dependencies,https://github.com/DevExpress/DevExtreme/actions/runs/33741664783/job/100606416111
"03.09.26, 10:02:57",100606416164,33741664783,1,TestCafe tests,scheduler / timezones (America/Los_Angeles) - fluent,5056-t1334708---tooltip---esc-key-closes-both-the-tooltip-and-its-parent-overlay,cancelled,Install dependencies,https://github.com/DevExpress/DevExtreme/actions/runs/33741664783/job/100606416164
"03.09.26, 10:04:07",100606758344,33741664783,1,TestCafe tests,quarantine,5056-t1334708---tooltip---esc-key-closes-both-the-tooltip-and-its-parent-overlay,cancelled,,https://github.com/DevExpress/DevExtreme/actions/runs/33741664783/job/100606758344
"03.09.26, 10:04:07",100606759142,33741664783,1,TestCafe tests,Send notifications,5056-t1334708---tooltip---esc-key-closes-both-the-tooltip-and-its-parent-overlay,cancelled,,https://github.com/DevExpress/DevExtreme/actions/runs/33741664783/job/100606759142
"03.09.26, 09:50:24",100602797116,33740646793,1,TestCafe tests,dataGrid (1/4) - fluent,5056-t1334708---tooltip---esc-key-closes-both-the-tooltip-and-its-parent-overlay,cancelled,Run TestCafe tests,https://github.com/DevExpress/DevExtreme/actions/runs/33740646793/job/100602797116
"03.09.26, 09:50:24",100602797164,33740646793,1,TestCafe tests,navigation - fluent,5056-t1334708---tooltip---esc-key-closes-both-the-tooltip-and-its-parent-overlay,cancelled,Run TestCafe tests,https://github.com/DevExpress/DevExtreme/actions/runs/33740646793/job/100602797164
"03.09.26, 09:50:24",100602797293,33740646793,1,TestCafe tests,common - fluent,5056-t1334708---tooltip---esc-key-closes-both-the-tooltip-and-its-parent-overlay,cancelled,Run TestCafe tests,https://github.com/DevExpress/DevExtreme/actions/runs/33740646793/job/100602797293
"03.09.26, 09:57:52",100604948015,33740646793,1,TestCafe tests,quarantine,5056-t1334708---tooltip---esc-key-closes-both-the-tooltip-and-its-parent-overlay,cancelled,,https://github.com/DevExpress/DevExtreme/actions/runs/33740646793/job/100604948015
"03.09.26, 09:57:52",100604949366,33740646793,1,TestCafe tests,Send notifications,5056-t1334708---tooltip---esc-key-closes-both-the-tooltip-and-its-parent-overlay,cancelled,,https://github.com/DevExpress/DevExtreme/actions/runs/33740646793/job/100604949366
"03.09.26, 09:58:14",100605047165,33740277392,1,TestCafe tests,quarantine,fluent-next/disabled,cancelled,Restore pnpm cache,https://github.com/DevExpress/DevExtreme/actions/runs/33740277392/job/100605047165
"03.09.26, 09:59:14",100605325011,33740277392,1,TestCafe tests,Send notifications,fluent-next/disabled,cancelled,,https://github.com/DevExpress/DevExtreme/actions/runs/33740277392/job/100605325011
"03.09.26, 09:30:53",100597074391,33738572669,1,TestCafe tests,common - fluent,fluent-next/disabled,cancelled,Run TestCafe tests,https://github.com/DevExpress/DevExtreme/actions/runs/33738572669/job/100597074391
"03.09.26, 09:30:53",100597074403,33738572669,1,TestCafe tests,cardView - fluent,fluent-next/disabled,cancelled,Run TestCafe tests,https://github.com/DevExpress/DevExtreme/actions/runs/33738572669/job/100597074403
"03.09.26, 09:30:53",100597074496,33738572669,1,TestCafe tests,scheduler / viewOffset (2/2) - fluent-next,fluent-next/disabled,cancelled,Run TestCafe tests,https://github.com/DevExpress/DevExtreme/actions/runs/33738572669/job/100597074496
"03.09.26, 09:30:53",100597074517,33738572669,1,TestCafe tests,scheduler / viewOffset (1/2) - fluent,fluent-next/disabled,cancelled,Run TestCafe tests,https://github.com/DevExpress/DevExtreme/actions/runs/33738572669/job/100597074517
"03.09.26, 09:30:53",100597074524,33738572669,1,TestCafe tests,scheduler / viewOffset (1/2) - fluent-next,fluent-next/disabled,cancelled,Run TestCafe tests,https://github.com/DevExpress/DevExtreme/actions/runs/33738572669/job/100597074524
"03.09.26, 09:30:54",100597074555,33738572669,1,TestCafe tests,dataGrid (2/4) - fluent,fluent-next/disabled,cancelled,Run TestCafe tests,https://github.com/DevExpress/DevExtreme/actions/runs/33738572669/job/100597074555
"03.09.26, 09:30:54",100597074590,33738572669,1,TestCafe tests,scheduler / common (2/3) - fluent,fluent-next/disabled,cancelled,Run TestCafe tests,https://github.com/DevExpress/DevExtreme/actions/runs/33738572669/job/100597074590
"03.09.26, 09:30:54",100597074669,33738572669,1,TestCafe tests,scheduler / common (1/3) - fluent-next,fluent-next/disabled,cancelled,Run TestCafe tests,https://github.com/DevExpress/DevExtreme/actions/runs/33738572669/job/100597074669
"03.09.26, 09:30:54",100597074734,33738572669,1,TestCafe tests,editors - fluent-next,fluent-next/disabled,cancelled,Run TestCafe tests,https://github.com/DevExpress/DevExtreme/actions/runs/33738572669/job/100597074734
"03.09.26, 09:30:54",100597074741,33738572669,1,TestCafe tests,dataGrid (4/4) - fluent-next,fluent-next/disabled,cancelled,Run TestCafe tests,https://github.com/DevExpress/DevExtreme/actions/runs/33738572669/job/100597074741
"03.09.26, 09:30:54",100597074744,33738572669,1,TestCafe tests,dataGrid (2/4) - fluent-next,fluent-next/disabled,cancelled,Run TestCafe tests,https://github.com/DevExpress/DevExtreme/actions/runs/33738572669/job/100597074744
"03.09.26, 09:30:54",100597074779,33738572669,1,TestCafe tests,dataGrid (3/4) - fluent-next,fluent-next/disabled,cancelled,Run TestCafe tests,https://github.com/DevExpress/DevExtreme/actions/runs/33738572669/job/100597074779
"03.09.26, 09:30:54",100597074878,33738572669,1,TestCafe tests,navigation - fluent,fluent-next/disabled,cancelled,Run TestCafe tests,https://github.com/DevExpress/DevExtreme/actions/runs/33738572669/job/100597074878
"03.09.26, 09:30:54",100597074881,33738572669,1,TestCafe tests,scheduler / common (3/3) - fluent-next,fluent-next/disabled,cancelled,Run TestCafe tests,https://github.com/DevExpress/DevExtreme/actions/runs/33738572669/job/100597074881
"03.09.26, 09:42:50",100600579520,33738572669,1,TestCafe tests,quarantine,fluent-next/disabled,cancelled,,https://github.com/DevExpress/DevExtreme/actions/runs/33738572669/job/100600579520
"03.09.26, 09:42:50",100600580129,33738572669,1,TestCafe tests,Send notifications,fluent-next/disabled,cancelled,,https://github.com/DevExpress/DevExtreme/actions/runs/33738572669/job/100600580129
"03.09.26, 09:01:09",100588243072,33736485988,1,TestCafe tests,Build DevExtreme,refactor_custom_load_pipeline_26_1,failure,Build,https://github.com/DevExpress/DevExtreme/actions/runs/33736485988/job/100588243072
"03.09.26, 08:48:03",100584365459,33735281871,1,TestCafe tests,Build DevExtreme,refactor_custom_load_pipeline_26_1,failure,Build,https://github.com/DevExpress/DevExtreme/actions/runs/33735281871/job/100584365459
"03.09.26, 08:56:57",100586983160,33734928153,1,TestCafe tests,quarantine,fluent-next/disabled,failure,Run quarantined tests,https://github.com/DevExpress/DevExtreme/actions/runs/33734928153/job/100586983160
"03.09.26, 08:42:24",100582738669,33734262195,1,TestCafe tests,dataGrid (3/4) - fluent,26_1,failure,,https://github.com/DevExpress/DevExtreme/actions/runs/33734262195/job/100582738669
"03.09.26, 08:42:24",100582738733,33734262195,1,TestCafe tests,accessibility - material.light,26_1,failure,,https://github.com/DevExpress/DevExtreme/actions/runs/33734262195/job/100582738733
"03.09.26, 08:42:24",100582738782,33734262195,1,TestCafe tests,material - compact,26_1,failure,,https://github.com/DevExpress/DevExtreme/actions/runs/33734262195/job/100582738782
"03.09.26, 08:18:35",100575920838,33732147179,1,TestCafe tests,dataGrid (2/4) - fluent-next,fluent-next/disabled,failure,Run TestCafe tests,https://github.com/DevExpress/DevExtreme/actions/runs/33732147179/job/100575920838
"03.09.26, 08:18:35",100575920872,33732147179,1,TestCafe tests,editors - fluent-next,fluent-next/disabled,failure,Run TestCafe tests,https://github.com/DevExpress/DevExtreme/actions/runs/33732147179/job/100575920872
"03.09.26, 08:18:35",100575921070,33732147179,1,TestCafe tests,scheduler / common (1/3) - fluent-next,fluent-next/disabled,failure,Run TestCafe tests,https://github.com/DevExpress/DevExtreme/actions/runs/33732147179/job/100575921070
"03.09.26, 08:27:44",100578512136,33732147179,1,TestCafe tests,quarantine,fluent-next/disabled,failure,Run quarantined tests,https://github.com/DevExpress/DevExtreme/actions/runs/33732147179/job/100578512136
"03.09.26, 07:34:04",100563664917,33728145215,1,TestCafe tests,dataGrid (2/4) - fluent-next,fluent-next/disabled,failure,Run TestCafe tests,https://github.com/DevExpress/DevExtreme/actions/runs/33728145215/job/100563664917
"03.09.26, 07:44:21",100566409103,33728145215,1,TestCafe tests,quarantine,fluent-next/disabled,failure,Run quarantined tests,https://github.com/DevExpress/DevExtreme/actions/runs/33728145215/job/100566409103
"03.09.26, 22:28:57",100839669923,33813247140,1,Themebuilder and Styles tests,test,fluent-next/disabled,cancelled,Install dependencies,https://github.com/DevExpress/DevExtreme/actions/runs/33813247140/job/100839669923
"03.09.26, 22:30:03",100839939912,33813247140,1,Themebuilder and Styles tests,Send notifications,fluent-next/disabled,cancelled,,https://github.com/DevExpress/DevExtreme/actions/runs/33813247140/job/100839939912
"03.09.26, 18:50:05",100773353376,33792757006,1,Themebuilder and Styles tests,test,fix/privotgrid-demo-with-workaround,cancelled,Build,https://github.com/DevExpress/DevExtreme/actions/runs/33792757006/job/100773353376
"03.09.26, 18:52:15",100774073085,33792757006,1,Themebuilder and Styles tests,Send notifications,fix/privotgrid-demo-with-workaround,cancelled,,https://github.com/DevExpress/DevExtreme/actions/runs/33792757006/job/100774073085
"03.09.26, 18:48:57",100772981189,33792735042,1,Themebuilder and Styles tests,test,fix/privotgrid-demo-with-workaround,cancelled,Install dependencies,https://github.com/DevExpress/DevExtreme/actions/runs/33792735042/job/100772981189
"03.09.26, 18:50:05",100773352953,33792735042,1,Themebuilder and Styles tests,Send notifications,fix/privotgrid-demo-with-workaround,cancelled,,https://github.com/DevExpress/DevExtreme/actions/runs/33792735042/job/100773352953
"03.09.26, 16:59:20",100737281411,33781819736,1,Themebuilder and Styles tests,test,chore/demos-strict-screenshot-comparison,cancelled,,https://github.com/DevExpress/DevExtreme/actions/runs/33781819736/job/100737281411
"03.09.26, 16:59:25",100737309951,33781819736,1,Themebuilder and Styles tests,Send notifications,chore/demos-strict-screenshot-comparison,cancelled,,https://github.com/DevExpress/DevExtreme/actions/runs/33781819736/job/100737309951
"03.09.26, 16:58:11",100736911110,33781766994,1,Themebuilder and Styles tests,test,chore/demos-strict-screenshot-comparison,cancelled,Install dependencies,https://github.com/DevExpress/DevExtreme/actions/runs/33781766994/job/100736911110
"03.09.26, 16:59:19",100737277025,33781766994,1,Themebuilder and Styles tests,Send notifications,chore/demos-strict-screenshot-comparison,cancelled,,https://github.com/DevExpress/DevExtreme/actions/runs/33781766994/job/100737277025
"03.09.26, 16:02:16",100718405398,33776202193,1,Themebuilder and Styles tests,test,chore/demos-strict-screenshot-comparison,cancelled,Post Setup pnpm cache,https://github.com/DevExpress/DevExtreme/actions/runs/33776202193/job/100718405398
"03.09.26, 16:05:42",100719575983,33776202193,1,Themebuilder and Styles tests,Send notifications,chore/demos-strict-screenshot-comparison,cancelled,,https://github.com/DevExpress/DevExtreme/actions/runs/33776202193/job/100719575983
"03.09.26, 14:36:14",100690085763,33767823061,1,Themebuilder and Styles tests,test,feature/remove-systemjs-from-demos,cancelled,,https://github.com/DevExpress/DevExtreme/actions/runs/33767823061/job/100690085763
"03.09.26, 14:36:15",100690092946,33767823061,1,Themebuilder and Styles tests,Send notifications,feature/remove-systemjs-from-demos,cancelled,,https://github.com/DevExpress/DevExtreme/actions/runs/33767823061/job/100690092946
"03.09.26, 14:06:23",100680161879,33764908257,1,Themebuilder and Styles tests,test,chore/demos-strict-screenshot-comparison,cancelled,,https://github.com/DevExpress/DevExtreme/actions/runs/33764908257/job/100680161879
"03.09.26, 14:07:30",100680530009,33764908257,1,Themebuilder and Styles tests,Send notifications,chore/demos-strict-screenshot-comparison,cancelled,,https://github.com/DevExpress/DevExtreme/actions/runs/33764908257/job/100680530009
"03.09.26, 14:02:07",100678749615,33764490627,1,Themebuilder and Styles tests,test,data_source_controller_main,cancelled,Build,https://github.com/DevExpress/DevExtreme/actions/runs/33764490627/job/100678749615
"03.09.26, 14:06:04",100680055093,33764490627,1,Themebuilder and Styles tests,Send notifications,data_source_controller_main,cancelled,,https://github.com/DevExpress/DevExtreme/actions/runs/33764490627/job/100680055093
"03.09.26, 13:46:55",100673880434,33763053333,1,Themebuilder and Styles tests,test,chore/remove-committed-mask-etalons,cancelled,Install dependencies,https://github.com/DevExpress/DevExtreme/actions/runs/33763053333/job/100673880434
"03.09.26, 13:48:01",100674219484,33763053333,1,Themebuilder and Styles tests,Send notifications,chore/remove-committed-mask-etalons,cancelled,,https://github.com/DevExpress/DevExtreme/actions/runs/33763053333/job/100674219484
"03.09.26, 13:18:34",100664929891,33760336765,1,Themebuilder and Styles tests,test,a11y/disabled-state-markers,cancelled,Build,https://github.com/DevExpress/DevExtreme/actions/runs/33760336765/job/100664929891
"03.09.26, 13:20:31",100665598776,33760336765,1,Themebuilder and Styles tests,Send notifications,a11y/disabled-state-markers,cancelled,,https://github.com/DevExpress/DevExtreme/actions/runs/33760336765/job/100665598776
"03.09.26, 13:14:05",100663380939,33759913346,1,Themebuilder and Styles tests,test,a11y/disabled-state-markers,cancelled,Build,https://github.com/DevExpress/DevExtreme/actions/runs/33759913346/job/100663380939
"03.09.26, 13:18:34",100664928220,33759913346,1,Themebuilder and Styles tests,Send notifications,a11y/disabled-state-markers,cancelled,,https://github.com/DevExpress/DevExtreme/actions/runs/33759913346/job/100664928220
"03.09.26, 12:25:22",100647565859,33755112323,1,Themebuilder and Styles tests,test,feature/add-demo-datagrid-ai-detail-view,cancelled,,https://github.com/DevExpress/DevExtreme/actions/runs/33755112323/job/100647565859
"03.09.26, 12:28:09",100648438697,33755112323,1,Themebuilder and Styles tests,Send notifications,feature/add-demo-datagrid-ai-detail-view,cancelled,,https://github.com/DevExpress/DevExtreme/actions/runs/33755112323/job/100648438697
"03.09.26, 10:09:06",100608213718,33742757526,1,Themebuilder and Styles tests,test,fluent-next/disabled,cancelled,Build etalon bundles,https://github.com/DevExpress/DevExtreme/actions/runs/33742757526/job/100608213718
"03.09.26, 10:10:47",100608693896,33742757526,1,Themebuilder and Styles tests,Send notifications,fluent-next/disabled,cancelled,,https://github.com/DevExpress/DevExtreme/actions/runs/33742757526/job/100608693896
"03.09.26, 08:33:57",100580303615,33734038703,1,Themebuilder and Styles tests,test,fix/qunit_mutable_facades,failure,,https://github.com/DevExpress/DevExtreme/actions/runs/33734038703/job/100580303615
"03.09.26, 22:28:57",100839671110,33813247313,1,TS Declarations,validate-declarations,fluent-next/disabled,cancelled,Install dependencies,https://github.com/DevExpress/DevExtreme/actions/runs/33813247313/job/100839671110
"03.09.26, 22:28:57",100839671352,33813247313,1,TS Declarations,check-ts-bundle,fluent-next/disabled,cancelled,Setup pnpm cache,https://github.com/DevExpress/DevExtreme/actions/runs/33813247313/job/100839671352
"03.09.26, 22:30:05",100839945837,33813247313,1,TS Declarations,Send notifications,fluent-next/disabled,cancelled,,https://github.com/DevExpress/DevExtreme/actions/runs/33813247313/job/100839945837
"03.09.26, 19:48:57",100792301805,33798625373,1,TS Declarations,validate-declarations,chore/testcafe-test-execution-timeout-26_1,failure,,https://github.com/DevExpress/DevExtreme/actions/runs/33798625373/job/100792301805
"03.09.26, 18:50:05",100773353686,33792757147,1,TS Declarations,check-ts-bundle,fix/privotgrid-demo-with-workaround,cancelled,Post Setup pnpm cache,https://github.com/DevExpress/DevExtreme/actions/runs/33792757147/job/100773353686
"03.09.26, 18:50:05",100773353962,33792757147,1,TS Declarations,validate-declarations,fix/privotgrid-demo-with-workaround,cancelled,Post Setup pnpm cache,https://github.com/DevExpress/DevExtreme/actions/runs/33792757147/job/100773353962
"03.09.26, 18:52:02",100773999183,33792757147,1,TS Declarations,Send notifications,fix/privotgrid-demo-with-workaround,cancelled,,https://github.com/DevExpress/DevExtreme/actions/runs/33792757147/job/100773999183
"03.09.26, 18:48:57",100772980288,33792734902,1,TS Declarations,validate-declarations,fix/privotgrid-demo-with-workaround,cancelled,Install dependencies,https://github.com/DevExpress/DevExtreme/actions/runs/33792734902/job/100772980288
"03.09.26, 18:48:57",100772980722,33792734902,1,TS Declarations,check-ts-bundle,fix/privotgrid-demo-with-workaround,cancelled,Install dependencies,https://github.com/DevExpress/DevExtreme/actions/runs/33792734902/job/100772980722
"03.09.26, 18:50:05",100773352813,33792734902,1,TS Declarations,Send notifications,fix/privotgrid-demo-with-workaround,cancelled,,https://github.com/DevExpress/DevExtreme/actions/runs/33792734902/job/100773352813
"03.09.26, 16:59:18",100737271516,33781819762,1,TS Declarations,validate-declarations,chore/demos-strict-screenshot-comparison,cancelled,,https://github.com/DevExpress/DevExtreme/actions/runs/33781819762/job/100737271516
"03.09.26, 16:59:18",100737271815,33781819762,1,TS Declarations,check-ts-bundle,chore/demos-strict-screenshot-comparison,cancelled,,https://github.com/DevExpress/DevExtreme/actions/runs/33781819762/job/100737271815
"03.09.26, 16:59:25",100737310757,33781819762,1,TS Declarations,Send notifications,chore/demos-strict-screenshot-comparison,cancelled,,https://github.com/DevExpress/DevExtreme/actions/runs/33781819762/job/100737310757
"03.09.26, 16:58:11",100736910701,33781767128,1,TS Declarations,check-ts-bundle,chore/demos-strict-screenshot-comparison,cancelled,Install dependencies,https://github.com/DevExpress/DevExtreme/actions/runs/33781767128/job/100736910701
"03.09.26, 16:58:11",100736910849,33781767128,1,TS Declarations,validate-declarations,chore/demos-strict-screenshot-comparison,cancelled,Install dependencies,https://github.com/DevExpress/DevExtreme/actions/runs/33781767128/job/100736910849
"03.09.26, 16:59:18",100737270337,33781767128,1,TS Declarations,Send notifications,chore/demos-strict-screenshot-comparison,cancelled,,https://github.com/DevExpress/DevExtreme/actions/runs/33781767128/job/100737270337
"03.09.26, 14:36:14",100690085566,33767822987,1,TS Declarations,check-ts-bundle,feature/remove-systemjs-from-demos,cancelled,,https://github.com/DevExpress/DevExtreme/actions/runs/33767822987/job/100690085566
"03.09.26, 14:36:14",100690085915,33767822987,1,TS Declarations,validate-declarations,feature/remove-systemjs-from-demos,cancelled,,https://github.com/DevExpress/DevExtreme/actions/runs/33767822987/job/100690085915
"03.09.26, 14:36:15",100690092055,33767822987,1,TS Declarations,Send notifications,feature/remove-systemjs-from-demos,cancelled,,https://github.com/DevExpress/DevExtreme/actions/runs/33767822987/job/100690092055
"03.09.26, 14:06:23",100680159799,33764908021,1,TS Declarations,check-ts-bundle,chore/demos-strict-screenshot-comparison,cancelled,Install dependencies,https://github.com/DevExpress/DevExtreme/actions/runs/33764908021/job/100680159799
"03.09.26, 14:06:23",100680160225,33764908021,1,TS Declarations,validate-declarations,chore/demos-strict-screenshot-comparison,cancelled,Install dependencies,https://github.com/DevExpress/DevExtreme/actions/runs/33764908021/job/100680160225
"03.09.26, 14:08:29",100680852090,33764908021,1,TS Declarations,Send notifications,chore/demos-strict-screenshot-comparison,cancelled,,https://github.com/DevExpress/DevExtreme/actions/runs/33764908021/job/100680852090
"03.09.26, 13:46:55",100673880413,33763053487,1,TS Declarations,validate-declarations,chore/remove-committed-mask-etalons,cancelled,Install dependencies,https://github.com/DevExpress/DevExtreme/actions/runs/33763053487/job/100673880413
"03.09.26, 13:46:55",100673880745,33763053487,1,TS Declarations,check-ts-bundle,chore/remove-committed-mask-etalons,cancelled,Install dependencies,https://github.com/DevExpress/DevExtreme/actions/runs/33763053487/job/100673880745
"03.09.26, 13:48:02",100674223504,33763053487,1,TS Declarations,Send notifications,chore/remove-committed-mask-etalons,cancelled,,https://github.com/DevExpress/DevExtreme/actions/runs/33763053487/job/100674223504
"03.09.26, 12:25:22",100647566522,33755112357,1,TS Declarations,validate-declarations,feature/add-demo-datagrid-ai-detail-view,cancelled,,https://github.com/DevExpress/DevExtreme/actions/runs/33755112357/job/100647566522
"03.09.26, 12:25:22",100647566833,33755112357,1,TS Declarations,check-ts-bundle,feature/add-demo-datagrid-ai-detail-view,cancelled,,https://github.com/DevExpress/DevExtreme/actions/runs/33755112357/job/100647566833
"03.09.26, 12:28:15",100648467757,33755112357,1,TS Declarations,Send notifications,feature/add-demo-datagrid-ai-detail-view,cancelled,,https://github.com/DevExpress/DevExtreme/actions/runs/33755112357/job/100648467757
"03.09.26, 10:09:07",100608214338,33742757602,1,TS Declarations,check-ts-bundle,fluent-next/disabled,cancelled,,https://github.com/DevExpress/DevExtreme/actions/runs/33742757602/job/100608214338
"03.09.26, 10:09:07",100608214590,33742757602,1,TS Declarations,validate-declarations,fluent-next/disabled,cancelled,,https://github.com/DevExpress/DevExtreme/actions/runs/33742757602/job/100608214590
"03.09.26, 10:10:49",100608707139,33742757602,1,TS Declarations,Send notifications,fluent-next/disabled,cancelled,,https://github.com/DevExpress/DevExtreme/actions/runs/33742757602/job/100608707139
"03.09.26, 22:28:57",100839671193,33813247360,1,Demos Visual Tests,Check if tests should run,fluent-next/disabled,cancelled,,https://github.com/DevExpress/DevExtreme/actions/runs/33813247360/job/100839671193
"03.09.26, 22:29:11",100839728096,33813247360,1,Demos Visual Tests,Get changed demos,fluent-next/disabled,cancelled,,https://github.com/DevExpress/DevExtreme/actions/runs/33813247360/job/100839728096
"03.09.26, 22:29:11",100839728716,33813247360,1,Demos Visual Tests,Determine scope for framework tests,fluent-next/disabled,cancelled,,https://github.com/DevExpress/DevExtreme/actions/runs/33813247360/job/100839728716
"03.09.26, 22:29:11",100839730014,33813247360,1,Demos Visual Tests,Determine jQuery test matrix,fluent-next/disabled,cancelled,,https://github.com/DevExpress/DevExtreme/actions/runs/33813247360/job/100839730014
"03.09.26, 22:29:11",100839730176,33813247360,1,Demos Visual Tests,Build DevExtreme,fluent-next/disabled,cancelled,,https://github.com/DevExpress/DevExtreme/actions/runs/33813247360/job/100839730176
"03.09.26, 22:29:11",100839730191,33813247360,1,Demos Visual Tests,CSP check (jQuery),fluent-next/disabled,cancelled,,https://github.com/DevExpress/DevExtreme/actions/runs/33813247360/job/100839730191
"03.09.26, 22:29:11",100839730240,33813247360,1,Demos Visual Tests,Check TS and lint code base,fluent-next/disabled,cancelled,,https://github.com/DevExpress/DevExtreme/actions/runs/33813247360/job/100839730240
"03.09.26, 22:29:11",100839730241,33813247360,1,Demos Visual Tests,"Build vendor bundles (React, Vue)",fluent-next/disabled,cancelled,,https://github.com/DevExpress/DevExtreme/actions/runs/33813247360/job/100839730241
"03.09.26, 22:29:11",100839730245,33813247360,1,Demos Visual Tests,${{ matrix.CONSTEL }}-${{ matrix.STRATEGY }}-${{ matrix.THEME }},fluent-next/disabled,cancelled,,https://github.com/DevExpress/DevExtreme/actions/runs/33813247360/job/100839730245
"03.09.26, 22:29:11",100839730738,33813247360,1,Demos Visual Tests,Check generated demos,fluent-next/disabled,cancelled,,https://github.com/DevExpress/DevExtreme/actions/runs/33813247360/job/100839730738
"03.09.26, 22:29:11",100839730853,33813247360,1,Demos Visual Tests,"matrix.SHARD_TOTAL == 1 && format('CSP check ({0})', matrix.FRAMEWORK) || format('CSP check ({0} {1}/{2})', matrix.FRAMEWORK, matrix.SHARD_INDEX, matrix.SHARD_TOTAL)",fluent-next/disabled,cancelled,,https://github.com/DevExpress/DevExtreme/actions/runs/33813247360/job/100839730853
"03.09.26, 22:29:11",100839730952,33813247360,1,Demos Visual Tests,Check generated demos (changed only),fluent-next/disabled,cancelled,,https://github.com/DevExpress/DevExtreme/actions/runs/33813247360/job/100839730952
"03.09.26, 22:29:12",100839731392,33813247360,1,Demos Visual Tests,"matrix.SHARD_TOTAL == 1 && format('Build demos ({0})', matrix.FRAMEWORK) || format('Build demos ({0} {1}/{2})', matrix.FRAMEWORK, matrix.SHARD_INDEX, matrix.SHARD_TOTAL)",fluent-next/disabled,cancelled,,https://github.com/DevExpress/DevExtreme/actions/runs/33813247360/job/100839731392
"03.09.26, 22:29:12",100839731411,33813247360,1,Demos Visual Tests,CSP Violations Summary,fluent-next/disabled,cancelled,,https://github.com/DevExpress/DevExtreme/actions/runs/33813247360/job/100839731411
"03.09.26, 22:29:12",100839731752,33813247360,1,Demos Visual Tests,${{ matrix.CONSTEL }}-screenshots-${{ matrix.THEME }},fluent-next/disabled,cancelled,,https://github.com/DevExpress/DevExtreme/actions/runs/33813247360/job/100839731752
"03.09.26, 22:29:12",100839731806,33813247360,1,Demos Visual Tests,${{ matrix.CONSTEL }}-screenshots-${{ matrix.THEME }},fluent-next/disabled,cancelled,,https://github.com/DevExpress/DevExtreme/actions/runs/33813247360/job/100839731806
"03.09.26, 22:29:12",100839732024,33813247360,1,Demos Visual Tests,merge-artifacts,fluent-next/disabled,cancelled,,https://github.com/DevExpress/DevExtreme/actions/runs/33813247360/job/100839732024
"03.09.26, 21:22:29",100821639825,33806664372,1,Demos Visual Tests,jquery(3/3)-screenshots-fluent-next.blue.light,fluent-next/disabled,failure,Run TestCafe tests (jQuery),https://github.com/DevExpress/DevExtreme/actions/runs/33806664372/job/100821639825
"03.09.26, 21:22:29",100821639845,33806664372,1,Demos Visual Tests,jquery(2/3)-screenshots-fluent-next.blue.light,fluent-next/disabled,failure,Run TestCafe tests (jQuery),https://github.com/DevExpress/DevExtreme/actions/runs/33806664372/job/100821639845
"03.09.26, 21:26:00",100822665680,33806664372,1,Demos Visual Tests,vue(1/5)-screenshots-fluent-next.blue.light,fluent-next/disabled,failure,Run TestCafe tests,https://github.com/DevExpress/DevExtreme/actions/runs/33806664372/job/100822665680
"03.09.26, 21:26:00",100822665710,33806664372,1,Demos Visual Tests,vue(4/5)-screenshots-fluent-next.blue.light,fluent-next/disabled,failure,Run TestCafe tests,https://github.com/DevExpress/DevExtreme/actions/runs/33806664372/job/100822665710
"03.09.26, 21:26:00",100822665718,33806664372,1,Demos Visual Tests,react(2/3)-screenshots-fluent-next.blue.light,fluent-next/disabled,failure,Run TestCafe tests,https://github.com/DevExpress/DevExtreme/actions/runs/33806664372/job/100822665718
"03.09.26, 21:26:00",100822665731,33806664372,1,Demos Visual Tests,angular(1/10)-screenshots-fluent-next.blue.light,fluent-next/disabled,cancelled,Run TestCafe tests,https://github.com/DevExpress/DevExtreme/actions/runs/33806664372/job/100822665731
"03.09.26, 21:26:00",100822665746,33806664372,1,Demos Visual Tests,react(3/3)-screenshots-fluent-next.blue.light,fluent-next/disabled,failure,Run TestCafe tests,https://github.com/DevExpress/DevExtreme/actions/runs/33806664372/job/100822665746
"03.09.26, 21:26:00",100822666006,33806664372,1,Demos Visual Tests,angular(7/10)-screenshots-fluent-next.blue.light,fluent-next/disabled,failure,Run TestCafe tests,https://github.com/DevExpress/DevExtreme/actions/runs/33806664372/job/100822666006
"03.09.26, 20:58:15",100814303724,33805176523,1,Demos Visual Tests,Build DevExtreme,cp-26-1/remove-systemjs-from-demos,cancelled,DevExtreme - Build-all,https://github.com/DevExpress/DevExtreme/actions/runs/33805176523/job/100814303724
"03.09.26, 21:00:32",100814997391,33805176523,1,Demos Visual Tests,${{ matrix.CONSTEL }}-${{ matrix.STRATEGY }}-${{ matrix.THEME }},cp-26-1/remove-systemjs-from-demos,cancelled,,https://github.com/DevExpress/DevExtreme/actions/runs/33805176523/job/100814997391
"03.09.26, 21:00:32",100814997438,33805176523,1,Demos Visual Tests,Check TS and lint code base,cp-26-1/remove-systemjs-from-demos,cancelled,,https://github.com/DevExpress/DevExtreme/actions/runs/33805176523/job/100814997438
"03.09.26, 21:00:32",100814997450,33805176523,1,Demos Visual Tests,"matrix.SHARD_TOTAL == 1 && format('CSP check ({0})', matrix.FRAMEWORK) || format('CSP check ({0} {1}/{2})', matrix.FRAMEWORK, matrix.SHARD_INDEX, matrix.SHARD_TOTAL)",cp-26-1/remove-systemjs-from-demos,cancelled,,https://github.com/DevExpress/DevExtreme/actions/runs/33805176523/job/100814997450
"03.09.26, 21:00:32",100814997508,33805176523,1,Demos Visual Tests,Check generated demos (changed only),cp-26-1/remove-systemjs-from-demos,cancelled,,https://github.com/DevExpress/DevExtreme/actions/runs/33805176523/job/100814997508
"03.09.26, 21:00:32",100814997830,33805176523,1,Demos Visual Tests,CSP check (jQuery),cp-26-1/remove-systemjs-from-demos,cancelled,,https://github.com/DevExpress/DevExtreme/actions/runs/33805176523/job/100814997830
"03.09.26, 21:00:32",100814998121,33805176523,1,Demos Visual Tests,"Build vendor bundles (React, Vue)",cp-26-1/remove-systemjs-from-demos,cancelled,,https://github.com/DevExpress/DevExtreme/actions/runs/33805176523/job/100814998121
"03.09.26, 21:00:32",100814998405,33805176523,1,Demos Visual Tests,Check generated demos,cp-26-1/remove-systemjs-from-demos,cancelled,,https://github.com/DevExpress/DevExtreme/actions/runs/33805176523/job/100814998405
"03.09.26, 21:00:32",100814998550,33805176523,1,Demos Visual Tests,CSP Violations Summary,cp-26-1/remove-systemjs-from-demos,cancelled,,https://github.com/DevExpress/DevExtreme/actions/runs/33805176523/job/100814998550
"03.09.26, 21:00:32",100814998565,33805176523,1,Demos Visual Tests,"matrix.SHARD_TOTAL == 1 && format('Build demos ({0})', matrix.FRAMEWORK) || format('Build demos ({0} {1}/{2})', matrix.FRAMEWORK, matrix.SHARD_INDEX, matrix.SHARD_TOTAL)",cp-26-1/remove-systemjs-from-demos,cancelled,,https://github.com/DevExpress/DevExtreme/actions/runs/33805176523/job/100814998565
"03.09.26, 21:00:32",100814998819,33805176523,1,Demos Visual Tests,${{ matrix.CONSTEL }}-screenshots-${{ matrix.THEME }},cp-26-1/remove-systemjs-from-demos,cancelled,,https://github.com/DevExpress/DevExtreme/actions/runs/33805176523/job/100814998819
"03.09.26, 21:00:32",100814999187,33805176523,1,Demos Visual Tests,${{ matrix.CONSTEL }}-screenshots-${{ matrix.THEME }},cp-26-1/remove-systemjs-from-demos,cancelled,,https://github.com/DevExpress/DevExtreme/actions/runs/33805176523/job/100814999187
"03.09.26, 21:00:32",100815000169,33805176523,1,Demos Visual Tests,merge-artifacts,cp-26-1/remove-systemjs-from-demos,cancelled,,https://github.com/DevExpress/DevExtreme/actions/runs/33805176523/job/100815000169
"03.09.26, 20:56:33",100813791440,33805087442,1,Demos Visual Tests,Build DevExtreme,fix/privotgrid-demo-with-workaround,cancelled,DevExtreme - Build-all,https://github.com/DevExpress/DevExtreme/actions/runs/33805087442/job/100813791440
"03.09.26, 21:03:23",100815890636,33805087442,1,Demos Visual Tests,${{ matrix.CONSTEL }}-${{ matrix.STRATEGY }}-${{ matrix.THEME }},fix/privotgrid-demo-with-workaround,cancelled,,https://github.com/DevExpress/DevExtreme/actions/runs/33805087442/job/100815890636
"03.09.26, 21:03:23",100815890774,33805087442,1,Demos Visual Tests,"matrix.SHARD_TOTAL == 1 && format('CSP check ({0})', matrix.FRAMEWORK) || format('CSP check ({0} {1}/{2})', matrix.FRAMEWORK, matrix.SHARD_INDEX, matrix.SHARD_TOTAL)",fix/privotgrid-demo-with-workaround,cancelled,,https://github.com/DevExpress/DevExtreme/actions/runs/33805087442/job/100815890774
"03.09.26, 21:03:23",100815890907,33805087442,1,Demos Visual Tests,Check generated demos (changed only),fix/privotgrid-demo-with-workaround,cancelled,,https://github.com/DevExpress/DevExtreme/actions/runs/33805087442/job/100815890907
"03.09.26, 21:03:23",100815890998,33805087442,1,Demos Visual Tests,CSP check (jQuery),fix/privotgrid-demo-with-workaround,cancelled,,https://github.com/DevExpress/DevExtreme/actions/runs/33805087442/job/100815890998
"03.09.26, 21:03:23",100815891063,33805087442,1,Demos Visual Tests,Check TS and lint code base,fix/privotgrid-demo-with-workaround,cancelled,,https://github.com/DevExpress/DevExtreme/actions/runs/33805087442/job/100815891063
"03.09.26, 21:03:23",100815891282,33805087442,1,Demos Visual Tests,"matrix.SHARD_TOTAL == 1 && format('Build demos ({0})', matrix.FRAMEWORK) || format('Build demos ({0} {1}/{2})', matrix.FRAMEWORK, matrix.SHARD_INDEX, matrix.SHARD_TOTAL)",fix/privotgrid-demo-with-workaround,cancelled,,https://github.com/DevExpress/DevExtreme/actions/runs/33805087442/job/100815891282
"03.09.26, 21:03:23",100815891453,33805087442,1,Demos Visual Tests,"Build vendor bundles (React, Vue)",fix/privotgrid-demo-with-workaround,cancelled,,https://github.com/DevExpress/DevExtreme/actions/runs/33805087442/job/100815891453
"03.09.26, 21:03:23",100815891486,33805087442,1,Demos Visual Tests,Check generated demos,fix/privotgrid-demo-with-workaround,cancelled,,https://github.com/DevExpress/DevExtreme/actions/runs/33805087442/job/100815891486
"03.09.26, 21:03:24",100815891711,33805087442,1,Demos Visual Tests,CSP Violations Summary,fix/privotgrid-demo-with-workaround,cancelled,,https://github.com/DevExpress/DevExtreme/actions/runs/33805087442/job/100815891711
"03.09.26, 21:03:24",100815892433,33805087442,1,Demos Visual Tests,${{ matrix.CONSTEL }}-screenshots-${{ matrix.THEME }},fix/privotgrid-demo-with-workaround,cancelled,,https://github.com/DevExpress/DevExtreme/actions/runs/33805087442/job/100815892433
"03.09.26, 21:03:24",100815892813,33805087442,1,Demos Visual Tests,${{ matrix.CONSTEL }}-screenshots-${{ matrix.THEME }},fix/privotgrid-demo-with-workaround,cancelled,,https://github.com/DevExpress/DevExtreme/actions/runs/33805087442/job/100815892813
"03.09.26, 21:03:24",100815893166,33805087442,1,Demos Visual Tests,merge-artifacts,fix/privotgrid-demo-with-workaround,cancelled,,https://github.com/DevExpress/DevExtreme/actions/runs/33805087442/job/100815893166
"03.09.26, 20:53:43",100812912985,33804771251,1,Demos Visual Tests,Build DevExtreme,cp-26-1/remove-systemjs-from-demos,cancelled,DevExtreme - Build-all,https://github.com/DevExpress/DevExtreme/actions/runs/33804771251/job/100812912985
"03.09.26, 20:57:22",100814036817,33804771251,1,Demos Visual Tests,Check TS and lint code base,cp-26-1/remove-systemjs-from-demos,cancelled,,https://github.com/DevExpress/DevExtreme/actions/runs/33804771251/job/100814036817
"03.09.26, 20:57:22",100814036898,33804771251,1,Demos Visual Tests,"Build vendor bundles (React, Vue)",cp-26-1/remove-systemjs-from-demos,cancelled,,https://github.com/DevExpress/DevExtreme/actions/runs/33804771251/job/100814036898
"03.09.26, 20:57:22",100814036929,33804771251,1,Demos Visual Tests,"matrix.SHARD_TOTAL == 1 && format('CSP check ({0})', matrix.FRAMEWORK) || format('CSP check ({0} {1}/{2})', matrix.FRAMEWORK, matrix.SHARD_INDEX, matrix.SHARD_TOTAL)",cp-26-1/remove-systemjs-from-demos,cancelled,,https://github.com/DevExpress/DevExtreme/actions/runs/33804771251/job/100814036929
"03.09.26, 20:57:22",100814036938,33804771251,1,Demos Visual Tests,Check generated demos (changed only),cp-26-1/remove-systemjs-from-demos,cancelled,,https://github.com/DevExpress/DevExtreme/actions/runs/33804771251/job/100814036938
"03.09.26, 20:57:22",100814036944,33804771251,1,Demos Visual Tests,Check generated demos,cp-26-1/remove-systemjs-from-demos,cancelled,,https://github.com/DevExpress/DevExtreme/actions/runs/33804771251/job/100814036944
"03.09.26, 20:57:22",100814037100,33804771251,1,Demos Visual Tests,${{ matrix.CONSTEL }}-${{ matrix.STRATEGY }}-${{ matrix.THEME }},cp-26-1/remove-systemjs-from-demos,cancelled,,https://github.com/DevExpress/DevExtreme/actions/runs/33804771251/job/100814037100
"03.09.26, 20:57:22",100814037418,33804771251,1,Demos Visual Tests,CSP check (jQuery),cp-26-1/remove-systemjs-from-demos,cancelled,,https://github.com/DevExpress/DevExtreme/actions/runs/33804771251/job/100814037418
"03.09.26, 20:57:22",100814037668,33804771251,1,Demos Visual Tests,"matrix.SHARD_TOTAL == 1 && format('Build demos ({0})', matrix.FRAMEWORK) || format('Build demos ({0} {1}/{2})', matrix.FRAMEWORK, matrix.SHARD_INDEX, matrix.SHARD_TOTAL)",cp-26-1/remove-systemjs-from-demos,cancelled,,https://github.com/DevExpress/DevExtreme/actions/runs/33804771251/job/100814037668
"03.09.26, 20:57:22",100814037818,33804771251,1,Demos Visual Tests,CSP Violations Summary,cp-26-1/remove-systemjs-from-demos,cancelled,,https://github.com/DevExpress/DevExtreme/actions/runs/33804771251/job/100814037818
"03.09.26, 20:57:22",100814038327,33804771251,1,Demos Visual Tests,${{ matrix.CONSTEL }}-screenshots-${{ matrix.THEME }},cp-26-1/remove-systemjs-from-demos,cancelled,,https://github.com/DevExpress/DevExtreme/actions/runs/33804771251/job/100814038327
"03.09.26, 20:57:22",100814038797,33804771251,1,Demos Visual Tests,${{ matrix.CONSTEL }}-screenshots-${{ matrix.THEME }},cp-26-1/remove-systemjs-from-demos,cancelled,,https://github.com/DevExpress/DevExtreme/actions/runs/33804771251/job/100814038797
"03.09.26, 20:57:22",100814038940,33804771251,1,Demos Visual Tests,merge-artifacts,cp-26-1/remove-systemjs-from-demos,cancelled,,https://github.com/DevExpress/DevExtreme/actions/runs/33804771251/job/100814038940
"03.09.26, 20:37:25",100807791359,33802355325,1,Demos Visual Tests,jquery(2/3)-screenshots-fluent-next.blue.light,fluent-next/disabled,failure,Run TestCafe tests (jQuery),https://github.com/DevExpress/DevExtreme/actions/runs/33802355325/job/100807791359
"03.09.26, 20:37:25",100807791372,33802355325,1,Demos Visual Tests,jquery(3/3)-screenshots-fluent-next.blue.light,fluent-next/disabled,failure,Run TestCafe tests (jQuery),https://github.com/DevExpress/DevExtreme/actions/runs/33802355325/job/100807791372
"03.09.26, 20:41:27",100809048164,33802355325,1,Demos Visual Tests,react(2/3)-screenshots-fluent-next.blue.light,fluent-next/disabled,failure,Run TestCafe tests,https://github.com/DevExpress/DevExtreme/actions/runs/33802355325/job/100809048164
"03.09.26, 20:41:27",100809048203,33802355325,1,Demos Visual Tests,vue(4/5)-screenshots-fluent-next.blue.light,fluent-next/disabled,failure,Run TestCafe tests,https://github.com/DevExpress/DevExtreme/actions/runs/33802355325/job/100809048203
"03.09.26, 20:41:27",100809048207,33802355325,1,Demos Visual Tests,react(3/3)-screenshots-fluent-next.blue.light,fluent-next/disabled,failure,Run TestCafe tests,https://github.com/DevExpress/DevExtreme/actions/runs/33802355325/job/100809048207
"03.09.26, 20:41:27",100809048254,33802355325,1,Demos Visual Tests,vue(1/5)-screenshots-fluent-next.blue.light,fluent-next/disabled,failure,Run TestCafe tests,https://github.com/DevExpress/DevExtreme/actions/runs/33802355325/job/100809048254
"03.09.26, 20:41:27",100809048312,33802355325,1,Demos Visual Tests,angular(7/10)-screenshots-fluent-next.blue.light,fluent-next/disabled,failure,Run TestCafe tests,https://github.com/DevExpress/DevExtreme/actions/runs/33802355325/job/100809048312
"03.09.26, 19:49:32",100792487316,33798625349,1,Demos Visual Tests,Build DevExtreme,chore/testcafe-test-execution-timeout-26_1,failure,,https://github.com/DevExpress/DevExtreme/actions/runs/33798625349/job/100792487316
"03.09.26, 19:48:54",100792286149,33797954910,1,Demos Visual Tests,CSP check (jQuery),chore/testcafe-test-execution-timeout,failure,,https://github.com/DevExpress/DevExtreme/actions/runs/33797954910/job/100792286149
"03.09.26, 19:48:54",100792286501,33797954910,1,Demos Visual Tests,jquery-accessibility-fluent.blue.light,chore/testcafe-test-execution-timeout,failure,,https://github.com/DevExpress/DevExtreme/actions/runs/33797954910/job/100792286501
"03.09.26, 19:43:04",100790450285,33797152622,1,Demos Visual Tests,Check TS and lint code base,cp-26-1/remove-systemjs-from-demos,failure,Check TS and lint results,https://github.com/DevExpress/DevExtreme/actions/runs/33797152622/job/100790450285
"03.09.26, 20:51:12",100812138026,33797152622,2,Demos Visual Tests,Check TS and lint code base,cp-26-1/remove-systemjs-from-demos,cancelled,Install tgz,https://github.com/DevExpress/DevExtreme/actions/runs/33797152622/job/100812138026
"03.09.26, 18:50:36",100773527156,33792757227,1,Demos Visual Tests,Build DevExtreme,fix/privotgrid-demo-with-workaround,cancelled,DevExtreme - Build-all,https://github.com/DevExpress/DevExtreme/actions/runs/33792757227/job/100773527156
"03.09.26, 18:52:33",100774172481,33792757227,1,Demos Visual Tests,"matrix.SHARD_TOTAL == 1 && format('CSP check ({0})', matrix.FRAMEWORK) || format('CSP check ({0} {1}/{2})', matrix.FRAMEWORK, matrix.SHARD_INDEX, matrix.SHARD_TOTAL)",fix/privotgrid-demo-with-workaround,cancelled,,https://github.com/DevExpress/DevExtreme/actions/runs/33792757227/job/100774172481
"03.09.26, 18:52:33",100774172716,33792757227,1,Demos Visual Tests,CSP check (jQuery),fix/privotgrid-demo-with-workaround,cancelled,,https://github.com/DevExpress/DevExtreme/actions/runs/33792757227/job/100774172716
"03.09.26, 18:52:33",100774172891,33792757227,1,Demos Visual Tests,Check generated demos (changed only),fix/privotgrid-demo-with-workaround,cancelled,,https://github.com/DevExpress/DevExtreme/actions/runs/33792757227/job/100774172891
"03.09.26, 18:52:33",100774172898,33792757227,1,Demos Visual Tests,${{ matrix.CONSTEL }}-${{ matrix.STRATEGY }}-${{ matrix.THEME }},fix/privotgrid-demo-with-workaround,cancelled,,https://github.com/DevExpress/DevExtreme/actions/runs/33792757227/job/100774172898
"03.09.26, 18:52:33",100774173040,33792757227,1,Demos Visual Tests,"Build vendor bundles (React, Vue)",fix/privotgrid-demo-with-workaround,cancelled,,https://github.com/DevExpress/DevExtreme/actions/runs/33792757227/job/100774173040
"03.09.26, 18:52:33",100774173584,33792757227,1,Demos Visual Tests,Check generated demos,fix/privotgrid-demo-with-workaround,cancelled,,https://github.com/DevExpress/DevExtreme/actions/runs/33792757227/job/100774173584
"03.09.26, 18:52:34",100774173628,33792757227,1,Demos Visual Tests,Check TS and lint code base,fix/privotgrid-demo-with-workaround,cancelled,,https://github.com/DevExpress/DevExtreme/actions/runs/33792757227/job/100774173628
"03.09.26, 18:52:34",100774174144,33792757227,1,Demos Visual Tests,"matrix.SHARD_TOTAL == 1 && format('Build demos ({0})', matrix.FRAMEWORK) || format('Build demos ({0} {1}/{2})', matrix.FRAMEWORK, matrix.SHARD_INDEX, matrix.SHARD_TOTAL)",fix/privotgrid-demo-with-workaround,cancelled,,https://github.com/DevExpress/DevExtreme/actions/runs/33792757227/job/100774174144
"03.09.26, 18:52:34",100774174206,33792757227,1,Demos Visual Tests,${{ matrix.CONSTEL }}-screenshots-${{ matrix.THEME }},fix/privotgrid-demo-with-workaround,cancelled,,https://github.com/DevExpress/DevExtreme/actions/runs/33792757227/job/100774174206
"03.09.26, 18:52:34",100774174314,33792757227,1,Demos Visual Tests,CSP Violations Summary,fix/privotgrid-demo-with-workaround,cancelled,,https://github.com/DevExpress/DevExtreme/actions/runs/33792757227/job/100774174314
"03.09.26, 18:52:34",100774174570,33792757227,1,Demos Visual Tests,${{ matrix.CONSTEL }}-screenshots-${{ matrix.THEME }},fix/privotgrid-demo-with-workaround,cancelled,,https://github.com/DevExpress/DevExtreme/actions/runs/33792757227/job/100774174570
"03.09.26, 18:52:34",100774175353,33792757227,1,Demos Visual Tests,merge-artifacts,fix/privotgrid-demo-with-workaround,cancelled,,https://github.com/DevExpress/DevExtreme/actions/runs/33792757227/job/100774175353
"03.09.26, 18:48:57",100772981051,33792735003,1,Demos Visual Tests,Check if tests should run,fix/privotgrid-demo-with-workaround,cancelled,,https://github.com/DevExpress/DevExtreme/actions/runs/33792735003/job/100772981051
"03.09.26, 18:49:11",100773057860,33792735003,1,Demos Visual Tests,Get changed demos,fix/privotgrid-demo-with-workaround,cancelled,,https://github.com/DevExpress/DevExtreme/actions/runs/33792735003/job/100773057860
"03.09.26, 18:49:11",100773058669,33792735003,1,Demos Visual Tests,Determine jQuery test matrix,fix/privotgrid-demo-with-workaround,cancelled,,https://github.com/DevExpress/DevExtreme/actions/runs/33792735003/job/100773058669
"03.09.26, 18:49:11",100773059656,33792735003,1,Demos Visual Tests,Check generated demos (changed only),fix/privotgrid-demo-with-workaround,cancelled,,https://github.com/DevExpress/DevExtreme/actions/runs/33792735003/job/100773059656
"03.09.26, 18:49:11",100773059687,33792735003,1,Demos Visual Tests,CSP check (jQuery),fix/privotgrid-demo-with-workaround,cancelled,,https://github.com/DevExpress/DevExtreme/actions/runs/33792735003/job/100773059687
"03.09.26, 18:49:11",100773059736,33792735003,1,Demos Visual Tests,Check TS and lint code base,fix/privotgrid-demo-with-workaround,cancelled,,https://github.com/DevExpress/DevExtreme/actions/runs/33792735003/job/100773059736
"03.09.26, 18:49:11",100773059780,33792735003,1,Demos Visual Tests,"matrix.SHARD_TOTAL == 1 && format('CSP check ({0})', matrix.FRAMEWORK) || format('CSP check ({0} {1}/{2})', matrix.FRAMEWORK, matrix.SHARD_INDEX, matrix.SHARD_TOTAL)",fix/privotgrid-demo-with-workaround,cancelled,,https://github.com/DevExpress/DevExtreme/actions/runs/33792735003/job/100773059780
"03.09.26, 18:49:11",100773059857,33792735003,1,Demos Visual Tests,Build DevExtreme,fix/privotgrid-demo-with-workaround,cancelled,,https://github.com/DevExpress/DevExtreme/actions/runs/33792735003/job/100773059857
"03.09.26, 18:49:11",100773059907,33792735003,1,Demos Visual Tests,Check generated demos,fix/privotgrid-demo-with-workaround,cancelled,,https://github.com/DevExpress/DevExtreme/actions/runs/33792735003/job/100773059907
"03.09.26, 18:49:11",100773059998,33792735003,1,Demos Visual Tests,Determine scope for framework tests,fix/privotgrid-demo-with-workaround,cancelled,,https://github.com/DevExpress/DevExtreme/actions/runs/33792735003/job/100773059998
"03.09.26, 18:49:11",100773060437,33792735003,1,Demos Visual Tests,${{ matrix.CONSTEL }}-${{ matrix.STRATEGY }}-${{ matrix.THEME }},fix/privotgrid-demo-with-workaround,cancelled,,https://github.com/DevExpress/DevExtreme/actions/runs/33792735003/job/100773060437
"03.09.26, 18:49:11",100773060622,33792735003,1,Demos Visual Tests,CSP Violations Summary,fix/privotgrid-demo-with-workaround,cancelled,,https://github.com/DevExpress/DevExtreme/actions/runs/33792735003/job/100773060622
"03.09.26, 18:49:11",100773060807,33792735003,1,Demos Visual Tests,"Build vendor bundles (React, Vue)",fix/privotgrid-demo-with-workaround,cancelled,,https://github.com/DevExpress/DevExtreme/actions/runs/33792735003/job/100773060807
"03.09.26, 18:49:11",100773061201,33792735003,1,Demos Visual Tests,"matrix.SHARD_TOTAL == 1 && format('Build demos ({0})', matrix.FRAMEWORK) || format('Build demos ({0} {1}/{2})', matrix.FRAMEWORK, matrix.SHARD_INDEX, matrix.SHARD_TOTAL)",fix/privotgrid-demo-with-workaround,cancelled,,https://github.com/DevExpress/DevExtreme/actions/runs/33792735003/job/100773061201
"03.09.26, 18:49:12",100773061576,33792735003,1,Demos Visual Tests,${{ matrix.CONSTEL }}-screenshots-${{ matrix.THEME }},fix/privotgrid-demo-with-workaround,cancelled,,https://github.com/DevExpress/DevExtreme/actions/runs/33792735003/job/100773061576
"03.09.26, 18:49:12",100773061734,33792735003,1,Demos Visual Tests,${{ matrix.CONSTEL }}-screenshots-${{ matrix.THEME }},fix/privotgrid-demo-with-workaround,cancelled,,https://github.com/DevExpress/DevExtreme/actions/runs/33792735003/job/100773061734
"03.09.26, 18:49:12",100773062022,33792735003,1,Demos Visual Tests,merge-artifacts,fix/privotgrid-demo-with-workaround,cancelled,,https://github.com/DevExpress/DevExtreme/actions/runs/33792735003/job/100773062022
"03.09.26, 17:24:48",100745558260,33783349931,1,Demos Visual Tests,vue(2/5)-screenshots-fluent-next.blue.light,fluent-next/disabled,failure,Run TestCafe tests,https://github.com/DevExpress/DevExtreme/actions/runs/33783349931/job/100745558260
"03.09.26, 17:24:48",100745558309,33783349931,1,Demos Visual Tests,vue(4/5)-screenshots-fluent-next.blue.light,fluent-next/disabled,failure,Run TestCafe tests,https://github.com/DevExpress/DevExtreme/actions/runs/33783349931/job/100745558309
"03.09.26, 16:59:20",100737285605,33781819913,1,Demos Visual Tests,Determine scope for framework tests,chore/demos-strict-screenshot-comparison,cancelled,,https://github.com/DevExpress/DevExtreme/actions/runs/33781819913/job/100737285605
"03.09.26, 16:59:25",100737309043,33781819913,1,Demos Visual Tests,Determine jQuery test matrix,chore/demos-strict-screenshot-comparison,cancelled,,https://github.com/DevExpress/DevExtreme/actions/runs/33781819913/job/100737309043
"03.09.26, 16:59:25",100737309521,33781819913,1,Demos Visual Tests,"Build vendor bundles (React, Vue)",chore/demos-strict-screenshot-comparison,cancelled,,https://github.com/DevExpress/DevExtreme/actions/runs/33781819913/job/100737309521
"03.09.26, 16:59:25",100737309531,33781819913,1,Demos Visual Tests,Build DevExtreme,chore/demos-strict-screenshot-comparison,cancelled,,https://github.com/DevExpress/DevExtreme/actions/runs/33781819913/job/100737309531
"03.09.26, 16:59:25",100737309623,33781819913,1,Demos Visual Tests,"matrix.SHARD_TOTAL == 1 && format('CSP check ({0})', matrix.FRAMEWORK) || format('CSP check ({0} {1}/{2})', matrix.FRAMEWORK, matrix.SHARD_INDEX, matrix.SHARD_TOTAL)",chore/demos-strict-screenshot-comparison,cancelled,,https://github.com/DevExpress/DevExtreme/actions/runs/33781819913/job/100737309623
"03.09.26, 16:59:25",100737309642,33781819913,1,Demos Visual Tests,CSP check (jQuery),chore/demos-strict-screenshot-comparison,cancelled,,https://github.com/DevExpress/DevExtreme/actions/runs/33781819913/job/100737309642
"03.09.26, 16:59:25",100737309794,33781819913,1,Demos Visual Tests,Check generated demos (changed only),chore/demos-strict-screenshot-comparison,cancelled,,https://github.com/DevExpress/DevExtreme/actions/runs/33781819913/job/100737309794
"03.09.26, 16:59:25",100737309815,33781819913,1,Demos Visual Tests,${{ matrix.CONSTEL }}-${{ matrix.STRATEGY }}-${{ matrix.THEME }},chore/demos-strict-screenshot-comparison,cancelled,,https://github.com/DevExpress/DevExtreme/actions/runs/33781819913/job/100737309815
"03.09.26, 16:59:25",100737310086,33781819913,1,Demos Visual Tests,"matrix.SHARD_TOTAL == 1 && format('Build demos ({0})', matrix.FRAMEWORK) || format('Build demos ({0} {1}/{2})', matrix.FRAMEWORK, matrix.SHARD_INDEX, matrix.SHARD_TOTAL)",chore/demos-strict-screenshot-comparison,cancelled,,https://github.com/DevExpress/DevExtreme/actions/runs/33781819913/job/100737310086
"03.09.26, 16:59:25",100737310330,33781819913,1,Demos Visual Tests,CSP Violations Summary,chore/demos-strict-screenshot-comparison,cancelled,,https://github.com/DevExpress/DevExtreme/actions/runs/33781819913/job/100737310330
"03.09.26, 16:59:25",100737310343,33781819913,1,Demos Visual Tests,Check TS and lint code base,chore/demos-strict-screenshot-comparison,cancelled,,https://github.com/DevExpress/DevExtreme/actions/runs/33781819913/job/100737310343
"03.09.26, 16:59:25",100737310776,33781819913,1,Demos Visual Tests,${{ matrix.CONSTEL }}-screenshots-${{ matrix.THEME }},chore/demos-strict-screenshot-comparison,cancelled,,https://github.com/DevExpress/DevExtreme/actions/runs/33781819913/job/100737310776
"03.09.26, 16:59:25",100737311120,33781819913,1,Demos Visual Tests,Check generated demos,chore/demos-strict-screenshot-comparison,cancelled,,https://github.com/DevExpress/DevExtreme/actions/runs/33781819913/job/100737311120
"03.09.26, 16:59:25",100737311734,33781819913,1,Demos Visual Tests,${{ matrix.CONSTEL }}-screenshots-${{ matrix.THEME }},chore/demos-strict-screenshot-comparison,cancelled,,https://github.com/DevExpress/DevExtreme/actions/runs/33781819913/job/100737311734
"03.09.26, 16:59:25",100737312059,33781819913,1,Demos Visual Tests,merge-artifacts,chore/demos-strict-screenshot-comparison,cancelled,,https://github.com/DevExpress/DevExtreme/actions/runs/33781819913/job/100737312059
"03.09.26, 16:58:40",100737070634,33781767017,1,Demos Visual Tests,Check if tests should run,chore/demos-strict-screenshot-comparison,cancelled,,https://github.com/DevExpress/DevExtreme/actions/runs/33781767017/job/100737070634
"03.09.26, 16:58:44",100737090451,33781767017,1,Demos Visual Tests,Get changed demos,chore/demos-strict-screenshot-comparison,cancelled,,https://github.com/DevExpress/DevExtreme/actions/runs/33781767017/job/100737090451
"03.09.26, 16:58:44",100737090967,33781767017,1,Demos Visual Tests,Determine scope for framework tests,chore/demos-strict-screenshot-comparison,cancelled,,https://github.com/DevExpress/DevExtreme/actions/runs/33781767017/job/100737090967
"03.09.26, 16:58:44",100737091943,33781767017,1,Demos Visual Tests,Determine jQuery test matrix,chore/demos-strict-screenshot-comparison,cancelled,,https://github.com/DevExpress/DevExtreme/actions/runs/33781767017/job/100737091943
"03.09.26, 16:58:45",100737092428,33781767017,1,Demos Visual Tests,Build DevExtreme,chore/demos-strict-screenshot-comparison,cancelled,,https://github.com/DevExpress/DevExtreme/actions/runs/33781767017/job/100737092428
"03.09.26, 16:58:45",100737092866,33781767017,1,Demos Visual Tests,CSP check (jQuery),chore/demos-strict-screenshot-comparison,cancelled,,https://github.com/DevExpress/DevExtreme/actions/runs/33781767017/job/100737092866
"03.09.26, 16:58:45",100737093111,33781767017,1,Demos Visual Tests,Check generated demos (changed only),chore/demos-strict-screenshot-comparison,cancelled,,https://github.com/DevExpress/DevExtreme/actions/runs/33781767017/job/100737093111
"03.09.26, 16:58:45",100737093326,33781767017,1,Demos Visual Tests,"Build vendor bundles (React, Vue)",chore/demos-strict-screenshot-comparison,cancelled,,https://github.com/DevExpress/DevExtreme/actions/runs/33781767017/job/100737093326
"03.09.26, 16:58:45",100737093463,33781767017,1,Demos Visual Tests,"matrix.SHARD_TOTAL == 1 && format('CSP check ({0})', matrix.FRAMEWORK) || format('CSP check ({0} {1}/{2})', matrix.FRAMEWORK, matrix.SHARD_INDEX, matrix.SHARD_TOTAL)",chore/demos-strict-screenshot-comparison,cancelled,,https://github.com/DevExpress/DevExtreme/actions/runs/33781767017/job/100737093463
"03.09.26, 16:58:45",100737093488,33781767017,1,Demos Visual Tests,${{ matrix.CONSTEL }}-${{ matrix.STRATEGY }}-${{ matrix.THEME }},chore/demos-strict-screenshot-comparison,cancelled,,https://github.com/DevExpress/DevExtreme/actions/runs/33781767017/job/100737093488
"03.09.26, 16:58:45",100737093637,33781767017,1,Demos Visual Tests,Check generated demos,chore/demos-strict-screenshot-comparison,cancelled,,https://github.com/DevExpress/DevExtreme/actions/runs/33781767017/job/100737093637
"03.09.26, 16:58:45",100737093692,33781767017,1,Demos Visual Tests,Check TS and lint code base,chore/demos-strict-screenshot-comparison,cancelled,,https://github.com/DevExpress/DevExtreme/actions/runs/33781767017/job/100737093692
"03.09.26, 16:58:45",100737094258,33781767017,1,Demos Visual Tests,CSP Violations Summary,chore/demos-strict-screenshot-comparison,cancelled,,https://github.com/DevExpress/DevExtreme/actions/runs/33781767017/job/100737094258
"03.09.26, 16:58:45",100737094843,33781767017,1,Demos Visual Tests,"matrix.SHARD_TOTAL == 1 && format('Build demos ({0})', matrix.FRAMEWORK) || format('Build demos ({0} {1}/{2})', matrix.FRAMEWORK, matrix.SHARD_INDEX, matrix.SHARD_TOTAL)",chore/demos-strict-screenshot-comparison,cancelled,,https://github.com/DevExpress/DevExtreme/actions/runs/33781767017/job/100737094843
"03.09.26, 16:58:45",100737095276,33781767017,1,Demos Visual Tests,${{ matrix.CONSTEL }}-screenshots-${{ matrix.THEME }},chore/demos-strict-screenshot-comparison,cancelled,,https://github.com/DevExpress/DevExtreme/actions/runs/33781767017/job/100737095276
"03.09.26, 16:58:45",100737095662,33781767017,1,Demos Visual Tests,${{ matrix.CONSTEL }}-screenshots-${{ matrix.THEME }},chore/demos-strict-screenshot-comparison,cancelled,,https://github.com/DevExpress/DevExtreme/actions/runs/33781767017/job/100737095662
"03.09.26, 16:58:46",100737100799,33781767017,1,Demos Visual Tests,merge-artifacts,chore/demos-strict-screenshot-comparison,cancelled,,https://github.com/DevExpress/DevExtreme/actions/runs/33781767017/job/100737100799
"03.09.26, 17:02:43",100738395220,33781307904,1,Demos Visual Tests,jquery-accessibility-fluent-next.blue.dark,feature/26_2_new_fluent_theme_with_design_tokens,failure,Run TestCafe tests (jQuery),https://github.com/DevExpress/DevExtreme/actions/runs/33781307904/job/100738395220
"03.09.26, 17:06:27",100739598207,33781307904,1,Demos Visual Tests,vue(2/5)-screenshots-fluent-next.blue.light,feature/26_2_new_fluent_theme_with_design_tokens,failure,Run TestCafe tests,https://github.com/DevExpress/DevExtreme/actions/runs/33781307904/job/100739598207
"03.09.26, 17:06:27",100739598280,33781307904,1,Demos Visual Tests,vue(4/5)-screenshots-fluent-next.blue.light,feature/26_2_new_fluent_theme_with_design_tokens,failure,Run TestCafe tests,https://github.com/DevExpress/DevExtreme/actions/runs/33781307904/job/100739598280
"03.09.26, 18:58:48",100776186559,33781307904,2,Demos Visual Tests,vue(4/5)-screenshots-fluent-next.blue.light,feature/26_2_new_fluent_theme_with_design_tokens,failure,Run TestCafe tests,https://github.com/DevExpress/DevExtreme/actions/runs/33781307904/job/100776186559
"03.09.26, 18:58:48",100776186593,33781307904,2,Demos Visual Tests,vue(2/5)-screenshots-fluent-next.blue.light,feature/26_2_new_fluent_theme_with_design_tokens,failure,Run TestCafe tests,https://github.com/DevExpress/DevExtreme/actions/runs/33781307904/job/100776186593
"03.09.26, 16:51:15",100734685314,33780998229,1,Demos Visual Tests,Build DevExtreme,chore/demos-strict-screenshot-comparison,cancelled,,https://github.com/DevExpress/DevExtreme/actions/runs/33780998229/job/100734685314
"03.09.26, 16:58:39",100737064981,33780998229,1,Demos Visual Tests,Check generated demos (changed only),chore/demos-strict-screenshot-comparison,cancelled,,https://github.com/DevExpress/DevExtreme/actions/runs/33780998229/job/100737064981
"03.09.26, 16:58:39",100737065203,33780998229,1,Demos Visual Tests,CSP check (jQuery),chore/demos-strict-screenshot-comparison,cancelled,,https://github.com/DevExpress/DevExtreme/actions/runs/33780998229/job/100737065203
"03.09.26, 16:58:39",100737065497,33780998229,1,Demos Visual Tests,${{ matrix.CONSTEL }}-${{ matrix.STRATEGY }}-${{ matrix.THEME }},chore/demos-strict-screenshot-comparison,cancelled,,https://github.com/DevExpress/DevExtreme/actions/runs/33780998229/job/100737065497
"03.09.26, 16:58:39",100737065503,33780998229,1,Demos Visual Tests,Check TS and lint code base,chore/demos-strict-screenshot-comparison,cancelled,,https://github.com/DevExpress/DevExtreme/actions/runs/33780998229/job/100737065503
"03.09.26, 16:58:39",100737065584,33780998229,1,Demos Visual Tests,Check generated demos,chore/demos-strict-screenshot-comparison,cancelled,,https://github.com/DevExpress/DevExtreme/actions/runs/33780998229/job/100737065584
"03.09.26, 16:58:39",100737065608,33780998229,1,Demos Visual Tests,"matrix.SHARD_TOTAL == 1 && format('CSP check ({0})', matrix.FRAMEWORK) || format('CSP check ({0} {1}/{2})', matrix.FRAMEWORK, matrix.SHARD_INDEX, matrix.SHARD_TOTAL)",chore/demos-strict-screenshot-comparison,cancelled,,https://github.com/DevExpress/DevExtreme/actions/runs/33780998229/job/100737065608
"03.09.26, 16:58:39",100737065702,33780998229,1,Demos Visual Tests,"Build vendor bundles (React, Vue)",chore/demos-strict-screenshot-comparison,cancelled,,https://github.com/DevExpress/DevExtreme/actions/runs/33780998229/job/100737065702
"03.09.26, 16:58:39",100737065724,33780998229,1,Demos Visual Tests,"matrix.SHARD_TOTAL == 1 && format('Build demos ({0})', matrix.FRAMEWORK) || format('Build demos ({0} {1}/{2})', matrix.FRAMEWORK, matrix.SHARD_INDEX, matrix.SHARD_TOTAL)",chore/demos-strict-screenshot-comparison,cancelled,,https://github.com/DevExpress/DevExtreme/actions/runs/33780998229/job/100737065724
"03.09.26, 16:58:40",100737066358,33780998229,1,Demos Visual Tests,CSP Violations Summary,chore/demos-strict-screenshot-comparison,cancelled,,https://github.com/DevExpress/DevExtreme/actions/runs/33780998229/job/100737066358
"03.09.26, 16:58:40",100737068544,33780998229,1,Demos Visual Tests,${{ matrix.CONSTEL }}-screenshots-${{ matrix.THEME }},chore/demos-strict-screenshot-comparison,cancelled,,https://github.com/DevExpress/DevExtreme/actions/runs/33780998229/job/100737068544
"03.09.26, 16:58:40",100737068572,33780998229,1,Demos Visual Tests,${{ matrix.CONSTEL }}-screenshots-${{ matrix.THEME }},chore/demos-strict-screenshot-comparison,cancelled,,https://github.com/DevExpress/DevExtreme/actions/runs/33780998229/job/100737068572
"03.09.26, 16:58:40",100737069951,33780998229,1,Demos Visual Tests,merge-artifacts,chore/demos-strict-screenshot-comparison,cancelled,,https://github.com/DevExpress/DevExtreme/actions/runs/33780998229/job/100737069951
"03.09.26, 16:19:04",100724061678,33776492869,1,Demos Visual Tests,angular(8/10)-screenshots-fluent.blue.light,chore/demos-strict-screenshot-comparison,failure,Run TestCafe tests,https://github.com/DevExpress/DevExtreme/actions/runs/33776492869/job/100724061678
"03.09.26, 16:03:07",100718694456,33776202353,1,Demos Visual Tests,Build DevExtreme,chore/demos-strict-screenshot-comparison,cancelled,DevExtreme - Build-all,https://github.com/DevExpress/DevExtreme/actions/runs/33776202353/job/100718694456
"03.09.26, 16:05:56",100719658602,33776202353,1,Demos Visual Tests,Check generated demos,chore/demos-strict-screenshot-comparison,cancelled,,https://github.com/DevExpress/DevExtreme/actions/runs/33776202353/job/100719658602
"03.09.26, 16:05:56",100719658668,33776202353,1,Demos Visual Tests,Check generated demos (changed only),chore/demos-strict-screenshot-comparison,cancelled,,https://github.com/DevExpress/DevExtreme/actions/runs/33776202353/job/100719658668
"03.09.26, 16:05:56",100719658884,33776202353,1,Demos Visual Tests,CSP check (jQuery),chore/demos-strict-screenshot-comparison,cancelled,,https://github.com/DevExpress/DevExtreme/actions/runs/33776202353/job/100719658884
"03.09.26, 16:05:56",100719659042,33776202353,1,Demos Visual Tests,Check TS and lint code base,chore/demos-strict-screenshot-comparison,cancelled,,https://github.com/DevExpress/DevExtreme/actions/runs/33776202353/job/100719659042
"03.09.26, 16:05:57",100719659243,33776202353,1,Demos Visual Tests,${{ matrix.CONSTEL }}-${{ matrix.STRATEGY }}-${{ matrix.THEME }},chore/demos-strict-screenshot-comparison,cancelled,,https://github.com/DevExpress/DevExtreme/actions/runs/33776202353/job/100719659243
"03.09.26, 16:05:57",100719659306,33776202353,1,Demos Visual Tests,"matrix.SHARD_TOTAL == 1 && format('CSP check ({0})', matrix.FRAMEWORK) || format('CSP check ({0} {1}/{2})', matrix.FRAMEWORK, matrix.SHARD_INDEX, matrix.SHARD_TOTAL)",chore/demos-strict-screenshot-comparison,cancelled,,https://github.com/DevExpress/DevExtreme/actions/runs/33776202353/job/100719659306
"03.09.26, 16:05:57",100719659390,33776202353,1,Demos Visual Tests,CSP Violations Summary,chore/demos-strict-screenshot-comparison,cancelled,,https://github.com/DevExpress/DevExtreme/actions/runs/33776202353/job/100719659390
"03.09.26, 16:05:57",100719659810,33776202353,1,Demos Visual Tests,"Build vendor bundles (React, Vue)",chore/demos-strict-screenshot-comparison,cancelled,,https://github.com/DevExpress/DevExtreme/actions/runs/33776202353/job/100719659810
"03.09.26, 16:05:57",100719659990,33776202353,1,Demos Visual Tests,"matrix.SHARD_TOTAL == 1 && format('Build demos ({0})', matrix.FRAMEWORK) || format('Build demos ({0} {1}/{2})', matrix.FRAMEWORK, matrix.SHARD_INDEX, matrix.SHARD_TOTAL)",chore/demos-strict-screenshot-comparison,cancelled,,https://github.com/DevExpress/DevExtreme/actions/runs/33776202353/job/100719659990
"03.09.26, 16:05:57",100719660548,33776202353,1,Demos Visual Tests,${{ matrix.CONSTEL }}-screenshots-${{ matrix.THEME }},chore/demos-strict-screenshot-comparison,cancelled,,https://github.com/DevExpress/DevExtreme/actions/runs/33776202353/job/100719660548
"03.09.26, 16:05:57",100719660680,33776202353,1,Demos Visual Tests,${{ matrix.CONSTEL }}-screenshots-${{ matrix.THEME }},chore/demos-strict-screenshot-comparison,cancelled,,https://github.com/DevExpress/DevExtreme/actions/runs/33776202353/job/100719660680
"03.09.26, 16:05:57",100719661444,33776202353,1,Demos Visual Tests,merge-artifacts,chore/demos-strict-screenshot-comparison,cancelled,,https://github.com/DevExpress/DevExtreme/actions/runs/33776202353/job/100719661444
"03.09.26, 15:21:52",100704868101,33771597734,1,Demos Visual Tests,CSP check (React 1/2),feature/demo_custom_AI_assistant_jQuery,failure,,https://github.com/DevExpress/DevExtreme/actions/runs/33771597734/job/100704868101
"03.09.26, 15:21:52",100704868261,33771597734,1,Demos Visual Tests,jquery(2/3)-screenshots-material.blue.light,feature/demo_custom_AI_assistant_jQuery,failure,,https://github.com/DevExpress/DevExtreme/actions/runs/33771597734/job/100704868261
"03.09.26, 15:04:19",100699285181,33769684029,1,Demos Visual Tests,Check TS and lint code base,feature/demo_custom_AI_assistant_jQuery,failure,Check TS and lint results,https://github.com/DevExpress/DevExtreme/actions/runs/33769684029/job/100699285181
"03.09.26, 15:04:19",100699285274,33769684029,1,Demos Visual Tests,CSP check (jQuery),feature/demo_custom_AI_assistant_jQuery,cancelled,Run CSP Check,https://github.com/DevExpress/DevExtreme/actions/runs/33769684029/job/100699285274
"03.09.26, 15:16:19",100703098928,33769684029,1,Demos Visual Tests,CSP Violations Summary,feature/demo_custom_AI_assistant_jQuery,cancelled,,https://github.com/DevExpress/DevExtreme/actions/runs/33769684029/job/100703098928
"03.09.26, 14:49:11",100694390154,33769006243,1,Demos Visual Tests,Build DevExtreme,feature/demo_custom_AI_assistant_jQuery,cancelled,DevExtreme - Build-all,https://github.com/DevExpress/DevExtreme/actions/runs/33769006243/job/100694390154
"03.09.26, 14:56:09",100696653324,33769006243,1,Demos Visual Tests,"matrix.SHARD_TOTAL == 1 && format('CSP check ({0})', matrix.FRAMEWORK) || format('CSP check ({0} {1}/{2})', matrix.FRAMEWORK, matrix.SHARD_INDEX, matrix.SHARD_TOTAL)",feature/demo_custom_AI_assistant_jQuery,cancelled,,https://github.com/DevExpress/DevExtreme/actions/runs/33769006243/job/100696653324
"03.09.26, 14:56:09",100696653548,33769006243,1,Demos Visual Tests,Check TS and lint code base,feature/demo_custom_AI_assistant_jQuery,cancelled,,https://github.com/DevExpress/DevExtreme/actions/runs/33769006243/job/100696653548
"03.09.26, 14:56:09",100696653550,33769006243,1,Demos Visual Tests,Check generated demos,feature/demo_custom_AI_assistant_jQuery,cancelled,,https://github.com/DevExpress/DevExtreme/actions/runs/33769006243/job/100696653550
"03.09.26, 14:56:09",100696653591,33769006243,1,Demos Visual Tests,Check generated demos (changed only),feature/demo_custom_AI_assistant_jQuery,cancelled,,https://github.com/DevExpress/DevExtreme/actions/runs/33769006243/job/100696653591
"03.09.26, 14:56:09",100696653942,33769006243,1,Demos Visual Tests,CSP check (jQuery),feature/demo_custom_AI_assistant_jQuery,cancelled,,https://github.com/DevExpress/DevExtreme/actions/runs/33769006243/job/100696653942
"03.09.26, 14:56:09",100696654147,33769006243,1,Demos Visual Tests,${{ matrix.CONSTEL }}-screenshots-${{ matrix.THEME }},feature/demo_custom_AI_assistant_jQuery,cancelled,,https://github.com/DevExpress/DevExtreme/actions/runs/33769006243/job/100696654147
"03.09.26, 14:56:09",100696654292,33769006243,1,Demos Visual Tests,Build Demos Bundles,feature/demo_custom_AI_assistant_jQuery,cancelled,,https://github.com/DevExpress/DevExtreme/actions/runs/33769006243/job/100696654292
"03.09.26, 14:56:09",100696654506,33769006243,1,Demos Visual Tests,${{ matrix.CONSTEL }}-screenshots-${{ matrix.THEME }},feature/demo_custom_AI_assistant_jQuery,cancelled,,https://github.com/DevExpress/DevExtreme/actions/runs/33769006243/job/100696654506
"03.09.26, 14:56:09",100696654690,33769006243,1,Demos Visual Tests,${{ matrix.CONSTEL }}-${{ matrix.STRATEGY }}-${{ matrix.THEME }},feature/demo_custom_AI_assistant_jQuery,cancelled,,https://github.com/DevExpress/DevExtreme/actions/runs/33769006243/job/100696654690
"03.09.26, 14:56:09",100696654790,33769006243,1,Demos Visual Tests,merge-artifacts,feature/demo_custom_AI_assistant_jQuery,cancelled,,https://github.com/DevExpress/DevExtreme/actions/runs/33769006243/job/100696654790
"03.09.26, 14:56:09",100696654918,33769006243,1,Demos Visual Tests,CSP Violations Summary,feature/demo_custom_AI_assistant_jQuery,cancelled,,https://github.com/DevExpress/DevExtreme/actions/runs/33769006243/job/100696654918
"03.09.26, 14:36:14",100690086799,33767823078,1,Demos Visual Tests,Check if tests should run,feature/remove-systemjs-from-demos,cancelled,,https://github.com/DevExpress/DevExtreme/actions/runs/33767823078/job/100690086799
"03.09.26, 14:36:15",100690094829,33767823078,1,Demos Visual Tests,Get changed demos,feature/remove-systemjs-from-demos,cancelled,,https://github.com/DevExpress/DevExtreme/actions/runs/33767823078/job/100690094829
"03.09.26, 14:36:16",100690096908,33767823078,1,Demos Visual Tests,Determine scope for framework tests,feature/remove-systemjs-from-demos,cancelled,,https://github.com/DevExpress/DevExtreme/actions/runs/33767823078/job/100690096908
"03.09.26, 14:36:16",100690097245,33767823078,1,Demos Visual Tests,Build DevExtreme,feature/remove-systemjs-from-demos,cancelled,,https://github.com/DevExpress/DevExtreme/actions/runs/33767823078/job/100690097245
"03.09.26, 14:36:16",100690097311,33767823078,1,Demos Visual Tests,Determine jQuery test matrix,feature/remove-systemjs-from-demos,cancelled,,https://github.com/DevExpress/DevExtreme/actions/runs/33767823078/job/100690097311
"03.09.26, 14:36:16",100690097796,33767823078,1,Demos Visual Tests,"matrix.SHARD_TOTAL == 1 && format('CSP check ({0})', matrix.FRAMEWORK) || format('CSP check ({0} {1}/{2})', matrix.FRAMEWORK, matrix.SHARD_INDEX, matrix.SHARD_TOTAL)",feature/remove-systemjs-from-demos,cancelled,,https://github.com/DevExpress/DevExtreme/actions/runs/33767823078/job/100690097796
"03.09.26, 14:36:16",100690097808,33767823078,1,Demos Visual Tests,Check generated demos (changed only),feature/remove-systemjs-from-demos,cancelled,,https://github.com/DevExpress/DevExtreme/actions/runs/33767823078/job/100690097808
"03.09.26, 14:36:16",100690097886,33767823078,1,Demos Visual Tests,Check TS and lint code base,feature/remove-systemjs-from-demos,cancelled,,https://github.com/DevExpress/DevExtreme/actions/runs/33767823078/job/100690097886
"03.09.26, 14:36:16",100690098000,33767823078,1,Demos Visual Tests,Check generated demos,feature/remove-systemjs-from-demos,cancelled,,https://github.com/DevExpress/DevExtreme/actions/runs/33767823078/job/100690098000
"03.09.26, 14:36:16",100690098025,33767823078,1,Demos Visual Tests,CSP check (jQuery),feature/remove-systemjs-from-demos,cancelled,,https://github.com/DevExpress/DevExtreme/actions/runs/33767823078/job/100690098025
"03.09.26, 14:36:16",100690098189,33767823078,1,Demos Visual Tests,"Build vendor bundles (React, Vue)",feature/remove-systemjs-from-demos,cancelled,,https://github.com/DevExpress/DevExtreme/actions/runs/33767823078/job/100690098189
"03.09.26, 14:36:16",100690098290,33767823078,1,Demos Visual Tests,${{ matrix.CONSTEL }}-${{ matrix.STRATEGY }}-${{ matrix.THEME }},feature/remove-systemjs-from-demos,cancelled,,https://github.com/DevExpress/DevExtreme/actions/runs/33767823078/job/100690098290
"03.09.26, 14:36:16",100690098753,33767823078,1,Demos Visual Tests,CSP Violations Summary,feature/remove-systemjs-from-demos,cancelled,,https://github.com/DevExpress/DevExtreme/actions/runs/33767823078/job/100690098753
"03.09.26, 14:36:16",100690099225,33767823078,1,Demos Visual Tests,"matrix.SHARD_TOTAL == 1 && format('Build demos ({0})', matrix.FRAMEWORK) || format('Build demos ({0} {1}/{2})', matrix.FRAMEWORK, matrix.SHARD_INDEX, matrix.SHARD_TOTAL)",feature/remove-systemjs-from-demos,cancelled,,https://github.com/DevExpress/DevExtreme/actions/runs/33767823078/job/100690099225
"03.09.26, 14:36:16",100690100333,33767823078,1,Demos Visual Tests,${{ matrix.CONSTEL }}-screenshots-${{ matrix.THEME }},feature/remove-systemjs-from-demos,cancelled,,https://github.com/DevExpress/DevExtreme/actions/runs/33767823078/job/100690100333
"03.09.26, 14:36:16",100690100470,33767823078,1,Demos Visual Tests,${{ matrix.CONSTEL }}-screenshots-${{ matrix.THEME }},feature/remove-systemjs-from-demos,cancelled,,https://github.com/DevExpress/DevExtreme/actions/runs/33767823078/job/100690100470
"03.09.26, 14:36:17",100690101188,33767823078,1,Demos Visual Tests,merge-artifacts,feature/remove-systemjs-from-demos,cancelled,,https://github.com/DevExpress/DevExtreme/actions/runs/33767823078/job/100690101188
"03.09.26, 14:30:18",100688093113,33765838111,1,Demos Visual Tests,vue(5/5)-screenshots-fluent.blue.light,chore/demos-strict-screenshot-comparison,failure,Run TestCafe tests,https://github.com/DevExpress/DevExtreme/actions/runs/33765838111/job/100688093113
"03.09.26, 14:30:19",100688093396,33765838111,1,Demos Visual Tests,angular(10/10)-screenshots-fluent.blue.light,chore/demos-strict-screenshot-comparison,failure,Run TestCafe tests,https://github.com/DevExpress/DevExtreme/actions/runs/33765838111/job/100688093396
"03.09.26, 14:30:19",100688093411,33765838111,1,Demos Visual Tests,angular(8/10)-screenshots-fluent.blue.light,chore/demos-strict-screenshot-comparison,failure,Run TestCafe tests,https://github.com/DevExpress/DevExtreme/actions/runs/33765838111/job/100688093411
"03.09.26, 14:08:36",100680892413,33765016068,1,Demos Visual Tests,Build DevExtreme,chore/demos-strict-screenshot-comparison,cancelled,DevExtreme - Build-all,https://github.com/DevExpress/DevExtreme/actions/runs/33765016068/job/100680892413
"03.09.26, 14:16:46",100683584042,33765016068,1,Demos Visual Tests,Check generated demos (changed only),chore/demos-strict-screenshot-comparison,cancelled,,https://github.com/DevExpress/DevExtreme/actions/runs/33765016068/job/100683584042
"03.09.26, 14:16:46",100683584424,33765016068,1,Demos Visual Tests,Check generated demos,chore/demos-strict-screenshot-comparison,cancelled,,https://github.com/DevExpress/DevExtreme/actions/runs/33765016068/job/100683584424
"03.09.26, 14:16:46",100683584585,33765016068,1,Demos Visual Tests,"matrix.SHARD_TOTAL == 1 && format('CSP check ({0})', matrix.FRAMEWORK) || format('CSP check ({0} {1}/{2})', matrix.FRAMEWORK, matrix.SHARD_INDEX, matrix.SHARD_TOTAL)",chore/demos-strict-screenshot-comparison,cancelled,,https://github.com/DevExpress/DevExtreme/actions/runs/33765016068/job/100683584585
"03.09.26, 14:16:46",100683584618,33765016068,1,Demos Visual Tests,CSP Violations Summary,chore/demos-strict-screenshot-comparison,cancelled,,https://github.com/DevExpress/DevExtreme/actions/runs/33765016068/job/100683584618
"03.09.26, 14:16:46",100683584623,33765016068,1,Demos Visual Tests,Check TS and lint code base,chore/demos-strict-screenshot-comparison,cancelled,,https://github.com/DevExpress/DevExtreme/actions/runs/33765016068/job/100683584623
"03.09.26, 14:16:46",100683584640,33765016068,1,Demos Visual Tests,${{ matrix.CONSTEL }}-${{ matrix.STRATEGY }}-${{ matrix.THEME }},chore/demos-strict-screenshot-comparison,cancelled,,https://github.com/DevExpress/DevExtreme/actions/runs/33765016068/job/100683584640
"03.09.26, 14:16:46",100683584752,33765016068,1,Demos Visual Tests,${{ matrix.CONSTEL }}-screenshots-${{ matrix.THEME }},chore/demos-strict-screenshot-comparison,cancelled,,https://github.com/DevExpress/DevExtreme/actions/runs/33765016068/job/100683584752
"03.09.26, 14:16:46",100683584759,33765016068,1,Demos Visual Tests,Build Demos Bundles,chore/demos-strict-screenshot-comparison,cancelled,,https://github.com/DevExpress/DevExtreme/actions/runs/33765016068/job/100683584759
"03.09.26, 14:16:46",100683584793,33765016068,1,Demos Visual Tests,${{ matrix.CONSTEL }}-screenshots-${{ matrix.THEME }},chore/demos-strict-screenshot-comparison,cancelled,,https://github.com/DevExpress/DevExtreme/actions/runs/33765016068/job/100683584793
"03.09.26, 14:16:46",100683584928,33765016068,1,Demos Visual Tests,merge-artifacts,chore/demos-strict-screenshot-comparison,cancelled,,https://github.com/DevExpress/DevExtreme/actions/runs/33765016068/job/100683584928
"03.09.26, 14:16:46",100683584981,33765016068,1,Demos Visual Tests,CSP check (jQuery),chore/demos-strict-screenshot-comparison,cancelled,,https://github.com/DevExpress/DevExtreme/actions/runs/33765016068/job/100683584981
"03.09.26, 14:07:22",100680481831,33764908034,1,Demos Visual Tests,Determine scope for framework tests,chore/demos-strict-screenshot-comparison,cancelled,,https://github.com/DevExpress/DevExtreme/actions/runs/33764908034/job/100680481831
"03.09.26, 14:07:30",100680529950,33764908034,1,Demos Visual Tests,Build DevExtreme,chore/demos-strict-screenshot-comparison,cancelled,,https://github.com/DevExpress/DevExtreme/actions/runs/33764908034/job/100680529950
"03.09.26, 14:07:31",100680530528,33764908034,1,Demos Visual Tests,Determine jQuery test matrix,chore/demos-strict-screenshot-comparison,cancelled,,https://github.com/DevExpress/DevExtreme/actions/runs/33764908034/job/100680530528
"03.09.26, 14:07:31",100680530928,33764908034,1,Demos Visual Tests,"matrix.SHARD_TOTAL == 1 && format('CSP check ({0})', matrix.FRAMEWORK) || format('CSP check ({0} {1}/{2})', matrix.FRAMEWORK, matrix.SHARD_INDEX, matrix.SHARD_TOTAL)",chore/demos-strict-screenshot-comparison,cancelled,,https://github.com/DevExpress/DevExtreme/actions/runs/33764908034/job/100680530928
"03.09.26, 14:07:31",100680531328,33764908034,1,Demos Visual Tests,CSP check (jQuery),chore/demos-strict-screenshot-comparison,cancelled,,https://github.com/DevExpress/DevExtreme/actions/runs/33764908034/job/100680531328
"03.09.26, 14:07:31",100680531567,33764908034,1,Demos Visual Tests,Check generated demos,chore/demos-strict-screenshot-comparison,cancelled,,https://github.com/DevExpress/DevExtreme/actions/runs/33764908034/job/100680531567
"03.09.26, 14:07:31",100680531641,33764908034,1,Demos Visual Tests,Check generated demos (changed only),chore/demos-strict-screenshot-comparison,cancelled,,https://github.com/DevExpress/DevExtreme/actions/runs/33764908034/job/100680531641
"03.09.26, 14:07:31",100680531708,33764908034,1,Demos Visual Tests,Build Demos Bundles,chore/demos-strict-screenshot-comparison,cancelled,,https://github.com/DevExpress/DevExtreme/actions/runs/33764908034/job/100680531708
"03.09.26, 14:07:31",100680531753,33764908034,1,Demos Visual Tests,${{ matrix.CONSTEL }}-${{ matrix.STRATEGY }}-${{ matrix.THEME }},chore/demos-strict-screenshot-comparison,cancelled,,https://github.com/DevExpress/DevExtreme/actions/runs/33764908034/job/100680531753
"03.09.26, 14:07:31",100680531903,33764908034,1,Demos Visual Tests,Check TS and lint code base,chore/demos-strict-screenshot-comparison,cancelled,,https://github.com/DevExpress/DevExtreme/actions/runs/33764908034/job/100680531903
"03.09.26, 14:07:31",100680532670,33764908034,1,Demos Visual Tests,${{ matrix.CONSTEL }}-screenshots-${{ matrix.THEME }},chore/demos-strict-screenshot-comparison,cancelled,,https://github.com/DevExpress/DevExtreme/actions/runs/33764908034/job/100680532670
"03.09.26, 14:07:31",100680532869,33764908034,1,Demos Visual Tests,CSP Violations Summary,chore/demos-strict-screenshot-comparison,cancelled,,https://github.com/DevExpress/DevExtreme/actions/runs/33764908034/job/100680532869
"03.09.26, 14:07:31",100680532953,33764908034,1,Demos Visual Tests,${{ matrix.CONSTEL }}-screenshots-${{ matrix.THEME }},chore/demos-strict-screenshot-comparison,cancelled,,https://github.com/DevExpress/DevExtreme/actions/runs/33764908034/job/100680532953
"03.09.26, 14:07:31",100680533982,33764908034,1,Demos Visual Tests,merge-artifacts,chore/demos-strict-screenshot-comparison,cancelled,,https://github.com/DevExpress/DevExtreme/actions/runs/33764908034/job/100680533982
"03.09.26, 14:03:26",100679146113,33764490812,1,Demos Visual Tests,Build DevExtreme,data_source_controller_main,cancelled,DevExtreme - Build,https://github.com/DevExpress/DevExtreme/actions/runs/33764490812/job/100679146113
"03.09.26, 14:06:18",100680135734,33764490812,1,Demos Visual Tests,${{ matrix.CONSTEL }}-${{ matrix.STRATEGY }}-${{ matrix.THEME }},data_source_controller_main,cancelled,,https://github.com/DevExpress/DevExtreme/actions/runs/33764490812/job/100680135734
"03.09.26, 14:06:18",100680136114,33764490812,1,Demos Visual Tests,CSP check (jQuery),data_source_controller_main,cancelled,,https://github.com/DevExpress/DevExtreme/actions/runs/33764490812/job/100680136114
"03.09.26, 14:06:18",100680136138,33764490812,1,Demos Visual Tests,Build Demos Bundles,data_source_controller_main,cancelled,,https://github.com/DevExpress/DevExtreme/actions/runs/33764490812/job/100680136138
"03.09.26, 14:06:19",100680136371,33764490812,1,Demos Visual Tests,Check TS and lint code base,data_source_controller_main,cancelled,,https://github.com/DevExpress/DevExtreme/actions/runs/33764490812/job/100680136371
"03.09.26, 14:06:19",100680136796,33764490812,1,Demos Visual Tests,Check generated demos (changed only),data_source_controller_main,cancelled,,https://github.com/DevExpress/DevExtreme/actions/runs/33764490812/job/100680136796
"03.09.26, 14:06:19",100680136856,33764490812,1,Demos Visual Tests,"matrix.SHARD_TOTAL == 1 && format('CSP check ({0})', matrix.FRAMEWORK) || format('CSP check ({0} {1}/{2})', matrix.FRAMEWORK, matrix.SHARD_INDEX, matrix.SHARD_TOTAL)",data_source_controller_main,cancelled,,https://github.com/DevExpress/DevExtreme/actions/runs/33764490812/job/100680136856
"03.09.26, 14:06:19",100680136865,33764490812,1,Demos Visual Tests,${{ matrix.CONSTEL }}-screenshots-${{ matrix.THEME }},data_source_controller_main,cancelled,,https://github.com/DevExpress/DevExtreme/actions/runs/33764490812/job/100680136865
"03.09.26, 14:06:19",100680137036,33764490812,1,Demos Visual Tests,Check generated demos,data_source_controller_main,cancelled,,https://github.com/DevExpress/DevExtreme/actions/runs/33764490812/job/100680137036
"03.09.26, 14:06:19",100680137089,33764490812,1,Demos Visual Tests,${{ matrix.CONSTEL }}-screenshots-${{ matrix.THEME }},data_source_controller_main,cancelled,,https://github.com/DevExpress/DevExtreme/actions/runs/33764490812/job/100680137089
"03.09.26, 14:06:19",100680137620,33764490812,1,Demos Visual Tests,CSP Violations Summary,data_source_controller_main,cancelled,,https://github.com/DevExpress/DevExtreme/actions/runs/33764490812/job/100680137620
"03.09.26, 14:06:19",100680137887,33764490812,1,Demos Visual Tests,merge-artifacts,data_source_controller_main,cancelled,,https://github.com/DevExpress/DevExtreme/actions/runs/33764490812/job/100680137887
"03.09.26, 14:05:16",100679772917,33763909365,1,Demos Visual Tests,CSP check (jQuery),chore/remove-committed-mask-etalons,failure,,https://github.com/DevExpress/DevExtreme/actions/runs/33763909365/job/100679772917
"03.09.26, 14:05:16",100679773174,33763909365,1,Demos Visual Tests,jquery-accessibility-material.blue.light,chore/remove-committed-mask-etalons,failure,,https://github.com/DevExpress/DevExtreme/actions/runs/33763909365/job/100679773174
"03.09.26, 14:05:16",100679773176,33763909365,1,Demos Visual Tests,jquery(3/3)-screenshots-material.blue.light,chore/remove-committed-mask-etalons,failure,,https://github.com/DevExpress/DevExtreme/actions/runs/33763909365/job/100679773176
"03.09.26, 14:05:16",100679773183,33763909365,1,Demos Visual Tests,jquery(1/3)-screenshots-material.blue.light,chore/remove-committed-mask-etalons,failure,,https://github.com/DevExpress/DevExtreme/actions/runs/33763909365/job/100679773183
"03.09.26, 14:05:16",100679773323,33763909365,1,Demos Visual Tests,CSP check (Vue 2/2),chore/remove-committed-mask-etalons,failure,,https://github.com/DevExpress/DevExtreme/actions/runs/33763909365/job/100679773323
"03.09.26, 14:12:23",100682122199,33763909365,1,Demos Visual Tests,angular(2/10)-screenshots-fluent.blue.light,chore/remove-committed-mask-etalons,failure,Run TestCafe tests,https://github.com/DevExpress/DevExtreme/actions/runs/33763909365/job/100682122199
"03.09.26, 13:48:50",100674471251,33763056954,1,Demos Visual Tests,Build DevExtreme,chore/remove-committed-mask-etalons,cancelled,Post Setup nx cache,https://github.com/DevExpress/DevExtreme/actions/runs/33763056954/job/100674471251
"03.09.26, 13:56:44",100676987666,33763056954,1,Demos Visual Tests,${{ matrix.CONSTEL }}-screenshots-${{ matrix.THEME }},chore/remove-committed-mask-etalons,cancelled,,https://github.com/DevExpress/DevExtreme/actions/runs/33763056954/job/100676987666
"03.09.26, 13:56:44",100676987691,33763056954,1,Demos Visual Tests,Check generated demos,chore/remove-committed-mask-etalons,cancelled,,https://github.com/DevExpress/DevExtreme/actions/runs/33763056954/job/100676987691
"03.09.26, 13:56:44",100676987763,33763056954,1,Demos Visual Tests,${{ matrix.CONSTEL }}-${{ matrix.STRATEGY }}-${{ matrix.THEME }},chore/remove-committed-mask-etalons,cancelled,,https://github.com/DevExpress/DevExtreme/actions/runs/33763056954/job/100676987763
"03.09.26, 13:56:44",100676987775,33763056954,1,Demos Visual Tests,Check TS and lint code base,chore/remove-committed-mask-etalons,cancelled,,https://github.com/DevExpress/DevExtreme/actions/runs/33763056954/job/100676987775
"03.09.26, 13:56:44",100676987954,33763056954,1,Demos Visual Tests,Build Demos Bundles,chore/remove-committed-mask-etalons,cancelled,,https://github.com/DevExpress/DevExtreme/actions/runs/33763056954/job/100676987954
"03.09.26, 13:56:44",100676987985,33763056954,1,Demos Visual Tests,Check generated demos (changed only),chore/remove-committed-mask-etalons,cancelled,,https://github.com/DevExpress/DevExtreme/actions/runs/33763056954/job/100676987985
"03.09.26, 13:56:44",100676988080,33763056954,1,Demos Visual Tests,"matrix.SHARD_TOTAL == 1 && format('CSP check ({0})', matrix.FRAMEWORK) || format('CSP check ({0} {1}/{2})', matrix.FRAMEWORK, matrix.SHARD_INDEX, matrix.SHARD_TOTAL)",chore/remove-committed-mask-etalons,cancelled,,https://github.com/DevExpress/DevExtreme/actions/runs/33763056954/job/100676988080
"03.09.26, 13:56:44",100676988162,33763056954,1,Demos Visual Tests,CSP check (jQuery),chore/remove-committed-mask-etalons,cancelled,,https://github.com/DevExpress/DevExtreme/actions/runs/33763056954/job/100676988162
"03.09.26, 13:56:44",100676988317,33763056954,1,Demos Visual Tests,${{ matrix.CONSTEL }}-screenshots-${{ matrix.THEME }},chore/remove-committed-mask-etalons,cancelled,,https://github.com/DevExpress/DevExtreme/actions/runs/33763056954/job/100676988317
"03.09.26, 13:56:44",100676988746,33763056954,1,Demos Visual Tests,CSP Violations Summary,chore/remove-committed-mask-etalons,cancelled,,https://github.com/DevExpress/DevExtreme/actions/runs/33763056954/job/100676988746
"03.09.26, 13:56:44",100676988821,33763056954,1,Demos Visual Tests,merge-artifacts,chore/remove-committed-mask-etalons,cancelled,,https://github.com/DevExpress/DevExtreme/actions/runs/33763056954/job/100676988821
"03.09.26, 13:46:55",100673881945,33763053423,1,Demos Visual Tests,Check if tests should run,chore/remove-committed-mask-etalons,cancelled,,https://github.com/DevExpress/DevExtreme/actions/runs/33763053423/job/100673881945
"03.09.26, 13:46:58",100673900018,33763053423,1,Demos Visual Tests,Get changed demos,chore/remove-committed-mask-etalons,cancelled,,https://github.com/DevExpress/DevExtreme/actions/runs/33763053423/job/100673900018
"03.09.26, 13:46:59",100673901440,33763053423,1,Demos Visual Tests,Determine scope for framework tests,chore/remove-committed-mask-etalons,cancelled,,https://github.com/DevExpress/DevExtreme/actions/runs/33763053423/job/100673901440
"03.09.26, 13:46:59",100673901761,33763053423,1,Demos Visual Tests,Build DevExtreme,chore/remove-committed-mask-etalons,cancelled,,https://github.com/DevExpress/DevExtreme/actions/runs/33763053423/job/100673901761
"03.09.26, 13:46:59",100673901860,33763053423,1,Demos Visual Tests,Determine jQuery test matrix,chore/remove-committed-mask-etalons,cancelled,,https://github.com/DevExpress/DevExtreme/actions/runs/33763053423/job/100673901860
"03.09.26, 13:46:59",100673903070,33763053423,1,Demos Visual Tests,Build Demos Bundles,chore/remove-committed-mask-etalons,cancelled,,https://github.com/DevExpress/DevExtreme/actions/runs/33763053423/job/100673903070
"03.09.26, 13:46:59",100673903121,33763053423,1,Demos Visual Tests,Check generated demos,chore/remove-committed-mask-etalons,cancelled,,https://github.com/DevExpress/DevExtreme/actions/runs/33763053423/job/100673903121
"03.09.26, 13:46:59",100673903260,33763053423,1,Demos Visual Tests,"matrix.SHARD_TOTAL == 1 && format('CSP check ({0})', matrix.FRAMEWORK) || format('CSP check ({0} {1}/{2})', matrix.FRAMEWORK, matrix.SHARD_INDEX, matrix.SHARD_TOTAL)",chore/remove-committed-mask-etalons,cancelled,,https://github.com/DevExpress/DevExtreme/actions/runs/33763053423/job/100673903260
"03.09.26, 13:46:59",100673903348,33763053423,1,Demos Visual Tests,CSP check (jQuery),chore/remove-committed-mask-etalons,cancelled,,https://github.com/DevExpress/DevExtreme/actions/runs/33763053423/job/100673903348
"03.09.26, 13:46:59",100673903393,33763053423,1,Demos Visual Tests,Check generated demos (changed only),chore/remove-committed-mask-etalons,cancelled,,https://github.com/DevExpress/DevExtreme/actions/runs/33763053423/job/100673903393
"03.09.26, 13:46:59",100673903488,33763053423,1,Demos Visual Tests,CSP Violations Summary,chore/remove-committed-mask-etalons,cancelled,,https://github.com/DevExpress/DevExtreme/actions/runs/33763053423/job/100673903488
"03.09.26, 13:46:59",100673903602,33763053423,1,Demos Visual Tests,${{ matrix.CONSTEL }}-${{ matrix.STRATEGY }}-${{ matrix.THEME }},chore/remove-committed-mask-etalons,cancelled,,https://github.com/DevExpress/DevExtreme/actions/runs/33763053423/job/100673903602
"03.09.26, 13:46:59",100673903656,33763053423,1,Demos Visual Tests,Check TS and lint code base,chore/remove-committed-mask-etalons,cancelled,,https://github.com/DevExpress/DevExtreme/actions/runs/33763053423/job/100673903656
"03.09.26, 13:46:59",100673903959,33763053423,1,Demos Visual Tests,${{ matrix.CONSTEL }}-screenshots-${{ matrix.THEME }},chore/remove-committed-mask-etalons,cancelled,,https://github.com/DevExpress/DevExtreme/actions/runs/33763053423/job/100673903959
"03.09.26, 13:46:59",100673904339,33763053423,1,Demos Visual Tests,${{ matrix.CONSTEL }}-screenshots-${{ matrix.THEME }},chore/remove-committed-mask-etalons,cancelled,,https://github.com/DevExpress/DevExtreme/actions/runs/33763053423/job/100673904339
"03.09.26, 13:46:59",100673904701,33763053423,1,Demos Visual Tests,merge-artifacts,chore/remove-committed-mask-etalons,cancelled,,https://github.com/DevExpress/DevExtreme/actions/runs/33763053423/job/100673904701
"03.09.26, 13:44:55",100673244081,33762087495,1,Demos Visual Tests,Check generated demos,a11y/disabled-state-markers,cancelled,,https://github.com/DevExpress/DevExtreme/actions/runs/33762087495/job/100673244081
"03.09.26, 13:44:55",100673244149,33762087495,1,Demos Visual Tests,Build Demos Bundles,a11y/disabled-state-markers,cancelled,,https://github.com/DevExpress/DevExtreme/actions/runs/33762087495/job/100673244149
"03.09.26, 13:44:55",100673244287,33762087495,1,Demos Visual Tests,CSP check (jQuery),a11y/disabled-state-markers,cancelled,,https://github.com/DevExpress/DevExtreme/actions/runs/33762087495/job/100673244287
"03.09.26, 13:44:55",100673244328,33762087495,1,Demos Visual Tests,CSP check (React 1/2),a11y/disabled-state-markers,cancelled,,https://github.com/DevExpress/DevExtreme/actions/runs/33762087495/job/100673244328
"03.09.26, 13:44:55",100673244329,33762087495,1,Demos Visual Tests,CSP check (Angular 1/3),a11y/disabled-state-markers,cancelled,,https://github.com/DevExpress/DevExtreme/actions/runs/33762087495/job/100673244329
"03.09.26, 13:44:55",100673244372,33762087495,1,Demos Visual Tests,Check TS and lint code base,a11y/disabled-state-markers,cancelled,Demos - Check Vue TS,https://github.com/DevExpress/DevExtreme/actions/runs/33762087495/job/100673244372
"03.09.26, 13:44:55",100673244384,33762087495,1,Demos Visual Tests,CSP check (Vue 1/2),a11y/disabled-state-markers,cancelled,,https://github.com/DevExpress/DevExtreme/actions/runs/33762087495/job/100673244384
"03.09.26, 13:44:55",100673244410,33762087495,1,Demos Visual Tests,CSP check (React 2/2),a11y/disabled-state-markers,cancelled,,https://github.com/DevExpress/DevExtreme/actions/runs/33762087495/job/100673244410
"03.09.26, 13:44:55",100673244413,33762087495,1,Demos Visual Tests,jquery(1/3)-screenshots-material.blue.light,a11y/disabled-state-markers,cancelled,,https://github.com/DevExpress/DevExtreme/actions/runs/33762087495/job/100673244413
"03.09.26, 13:44:55",100673244428,33762087495,1,Demos Visual Tests,CSP check (Angular 2/3),a11y/disabled-state-markers,cancelled,,https://github.com/DevExpress/DevExtreme/actions/runs/33762087495/job/100673244428
"03.09.26, 13:44:55",100673244437,33762087495,1,Demos Visual Tests,jquery(1/3)-screenshots-fluent.blue.light,a11y/disabled-state-markers,cancelled,,https://github.com/DevExpress/DevExtreme/actions/runs/33762087495/job/100673244437
"03.09.26, 13:44:55",100673244444,33762087495,1,Demos Visual Tests,jquery(2/3)-screenshots-fluent.blue.light,a11y/disabled-state-markers,cancelled,,https://github.com/DevExpress/DevExtreme/actions/runs/33762087495/job/100673244444
"03.09.26, 13:44:55",100673244455,33762087495,1,Demos Visual Tests,CSP check (Angular 3/3),a11y/disabled-state-markers,cancelled,,https://github.com/DevExpress/DevExtreme/actions/runs/33762087495/job/100673244455
"03.09.26, 13:44:55",100673244490,33762087495,1,Demos Visual Tests,CSP check (Vue 2/2),a11y/disabled-state-markers,cancelled,,https://github.com/DevExpress/DevExtreme/actions/runs/33762087495/job/100673244490
"03.09.26, 13:44:55",100673244567,33762087495,1,Demos Visual Tests,jquery(3/3)-screenshots-fluent.blue.light,a11y/disabled-state-markers,cancelled,,https://github.com/DevExpress/DevExtreme/actions/runs/33762087495/job/100673244567
"03.09.26, 13:44:55",100673244568,33762087495,1,Demos Visual Tests,jquery(3/3)-screenshots-material.blue.light,a11y/disabled-state-markers,cancelled,,https://github.com/DevExpress/DevExtreme/actions/runs/33762087495/job/100673244568
"03.09.26, 13:44:55",100673244584,33762087495,1,Demos Visual Tests,jquery-accessibility-fluent.blue.dark,a11y/disabled-state-markers,cancelled,,https://github.com/DevExpress/DevExtreme/actions/runs/33762087495/job/100673244584
"03.09.26, 13:44:55",100673244641,33762087495,1,Demos Visual Tests,jquery-accessibility-material.blue.dark,a11y/disabled-state-markers,cancelled,,https://github.com/DevExpress/DevExtreme/actions/runs/33762087495/job/100673244641
"03.09.26, 13:44:55",100673244645,33762087495,1,Demos Visual Tests,jquery-accessibility-fluent.blue.light,a11y/disabled-state-markers,cancelled,,https://github.com/DevExpress/DevExtreme/actions/runs/33762087495/job/100673244645
"03.09.26, 13:44:55",100673244679,33762087495,1,Demos Visual Tests,jquery-accessibility-material.blue.light,a11y/disabled-state-markers,cancelled,,https://github.com/DevExpress/DevExtreme/actions/runs/33762087495/job/100673244679
"03.09.26, 13:44:55",100673245030,33762087495,1,Demos Visual Tests,jquery(2/3)-screenshots-material.blue.light,a11y/disabled-state-markers,cancelled,,https://github.com/DevExpress/DevExtreme/actions/runs/33762087495/job/100673245030
"03.09.26, 13:45:00",100673269670,33762087495,1,Demos Visual Tests,${{ matrix.CONSTEL }}-screenshots-${{ matrix.THEME }},a11y/disabled-state-markers,cancelled,,https://github.com/DevExpress/DevExtreme/actions/runs/33762087495/job/100673269670
"03.09.26, 13:45:00",100673270440,33762087495,1,Demos Visual Tests,${{ matrix.CONSTEL }}-screenshots-${{ matrix.THEME }},a11y/disabled-state-markers,cancelled,,https://github.com/DevExpress/DevExtreme/actions/runs/33762087495/job/100673270440
"03.09.26, 13:45:00",100673270599,33762087495,1,Demos Visual Tests,CSP Violations Summary,a11y/disabled-state-markers,cancelled,,https://github.com/DevExpress/DevExtreme/actions/runs/33762087495/job/100673270599
"03.09.26, 13:45:00",100673271044,33762087495,1,Demos Visual Tests,merge-artifacts,a11y/disabled-state-markers,cancelled,,https://github.com/DevExpress/DevExtreme/actions/runs/33762087495/job/100673271044
"03.09.26, 13:29:09",100668386093,33761252720,1,Demos Visual Tests,Build DevExtreme,a11y/disabled-state-markers,cancelled,,https://github.com/DevExpress/DevExtreme/actions/runs/33761252720/job/100668386093
"03.09.26, 13:36:44",100670702886,33761252720,1,Demos Visual Tests,Check generated demos,a11y/disabled-state-markers,cancelled,,https://github.com/DevExpress/DevExtreme/actions/runs/33761252720/job/100670702886
"03.09.26, 13:36:44",100670703033,33761252720,1,Demos Visual Tests,"matrix.SHARD_TOTAL == 1 && format('CSP check ({0})', matrix.FRAMEWORK) || format('CSP check ({0} {1}/{2})', matrix.FRAMEWORK, matrix.SHARD_INDEX, matrix.SHARD_TOTAL)",a11y/disabled-state-markers,cancelled,,https://github.com/DevExpress/DevExtreme/actions/runs/33761252720/job/100670703033
"03.09.26, 13:36:44",100670703206,33761252720,1,Demos Visual Tests,${{ matrix.CONSTEL }}-${{ matrix.STRATEGY }}-${{ matrix.THEME }},a11y/disabled-state-markers,cancelled,,https://github.com/DevExpress/DevExtreme/actions/runs/33761252720/job/100670703206
"03.09.26, 13:36:44",100670703390,33761252720,1,Demos Visual Tests,CSP check (jQuery),a11y/disabled-state-markers,cancelled,,https://github.com/DevExpress/DevExtreme/actions/runs/33761252720/job/100670703390
"03.09.26, 13:36:44",100670703488,33761252720,1,Demos Visual Tests,Check TS and lint code base,a11y/disabled-state-markers,cancelled,,https://github.com/DevExpress/DevExtreme/actions/runs/33761252720/job/100670703488
"03.09.26, 13:36:44",100670703675,33761252720,1,Demos Visual Tests,Build Demos Bundles,a11y/disabled-state-markers,cancelled,,https://github.com/DevExpress/DevExtreme/actions/runs/33761252720/job/100670703675
"03.09.26, 13:36:44",100670703794,33761252720,1,Demos Visual Tests,Check generated demos (changed only),a11y/disabled-state-markers,cancelled,,https://github.com/DevExpress/DevExtreme/actions/runs/33761252720/job/100670703794
"03.09.26, 13:36:44",100670703973,33761252720,1,Demos Visual Tests,${{ matrix.CONSTEL }}-screenshots-${{ matrix.THEME }},a11y/disabled-state-markers,cancelled,,https://github.com/DevExpress/DevExtreme/actions/runs/33761252720/job/100670703973
"03.09.26, 13:36:44",100670704223,33761252720,1,Demos Visual Tests,CSP Violations Summary,a11y/disabled-state-markers,cancelled,,https://github.com/DevExpress/DevExtreme/actions/runs/33761252720/job/100670704223
"03.09.26, 13:36:44",100670704320,33761252720,1,Demos Visual Tests,${{ matrix.CONSTEL }}-screenshots-${{ matrix.THEME }},a11y/disabled-state-markers,cancelled,,https://github.com/DevExpress/DevExtreme/actions/runs/33761252720/job/100670704320
"03.09.26, 13:36:45",100670704640,33761252720,1,Demos Visual Tests,merge-artifacts,a11y/disabled-state-markers,cancelled,,https://github.com/DevExpress/DevExtreme/actions/runs/33761252720/job/100670704640
"03.09.26, 13:21:00",100665761304,33760519702,1,Demos Visual Tests,Build DevExtreme,a11y/disabled-state-markers,cancelled,DevExtreme - Build-all,https://github.com/DevExpress/DevExtreme/actions/runs/33760519702/job/100665761304
"03.09.26, 13:27:48",100667967027,33760519702,1,Demos Visual Tests,CSP check (jQuery),a11y/disabled-state-markers,cancelled,,https://github.com/DevExpress/DevExtreme/actions/runs/33760519702/job/100667967027
"03.09.26, 13:27:48",100667967416,33760519702,1,Demos Visual Tests,"matrix.SHARD_TOTAL == 1 && format('CSP check ({0})', matrix.FRAMEWORK) || format('CSP check ({0} {1}/{2})', matrix.FRAMEWORK, matrix.SHARD_INDEX, matrix.SHARD_TOTAL)",a11y/disabled-state-markers,cancelled,,https://github.com/DevExpress/DevExtreme/actions/runs/33760519702/job/100667967416
"03.09.26, 13:27:48",100667967548,33760519702,1,Demos Visual Tests,Check generated demos,a11y/disabled-state-markers,cancelled,,https://github.com/DevExpress/DevExtreme/actions/runs/33760519702/job/100667967548
"03.09.26, 13:27:48",100667967649,33760519702,1,Demos Visual Tests,Check generated demos (changed only),a11y/disabled-state-markers,cancelled,,https://github.com/DevExpress/DevExtreme/actions/runs/33760519702/job/100667967649
"03.09.26, 13:27:48",100667967787,33760519702,1,Demos Visual Tests,Build Demos Bundles,a11y/disabled-state-markers,cancelled,,https://github.com/DevExpress/DevExtreme/actions/runs/33760519702/job/100667967787
"03.09.26, 13:27:48",100667967998,33760519702,1,Demos Visual Tests,Check TS and lint code base,a11y/disabled-state-markers,cancelled,,https://github.com/DevExpress/DevExtreme/actions/runs/33760519702/job/100667967998
"03.09.26, 13:27:48",100667968026,33760519702,1,Demos Visual Tests,${{ matrix.CONSTEL }}-${{ matrix.STRATEGY }}-${{ matrix.THEME }},a11y/disabled-state-markers,cancelled,,https://github.com/DevExpress/DevExtreme/actions/runs/33760519702/job/100667968026
"03.09.26, 13:27:48",100667968295,33760519702,1,Demos Visual Tests,${{ matrix.CONSTEL }}-screenshots-${{ matrix.THEME }},a11y/disabled-state-markers,cancelled,,https://github.com/DevExpress/DevExtreme/actions/runs/33760519702/job/100667968295
"03.09.26, 13:27:48",100667968659,33760519702,1,Demos Visual Tests,${{ matrix.CONSTEL }}-screenshots-${{ matrix.THEME }},a11y/disabled-state-markers,cancelled,,https://github.com/DevExpress/DevExtreme/actions/runs/33760519702/job/100667968659
"03.09.26, 13:27:48",100667969123,33760519702,1,Demos Visual Tests,merge-artifacts,a11y/disabled-state-markers,cancelled,,https://github.com/DevExpress/DevExtreme/actions/runs/33760519702/job/100667969123
"03.09.26, 13:27:48",100667969294,33760519702,1,Demos Visual Tests,CSP Violations Summary,a11y/disabled-state-markers,cancelled,,https://github.com/DevExpress/DevExtreme/actions/runs/33760519702/job/100667969294
"03.09.26, 13:19:42",100665313879,33760336644,1,Demos Visual Tests,Determine scope for framework tests,a11y/disabled-state-markers,cancelled,,https://github.com/DevExpress/DevExtreme/actions/runs/33760336644/job/100665313879
"03.09.26, 13:20:00",100665415665,33760336644,1,Demos Visual Tests,Build DevExtreme,a11y/disabled-state-markers,cancelled,,https://github.com/DevExpress/DevExtreme/actions/runs/33760336644/job/100665415665
"03.09.26, 13:20:00",100665415815,33760336644,1,Demos Visual Tests,Determine jQuery test matrix,a11y/disabled-state-markers,cancelled,,https://github.com/DevExpress/DevExtreme/actions/runs/33760336644/job/100665415815
"03.09.26, 13:20:00",100665416094,33760336644,1,Demos Visual Tests,"matrix.SHARD_TOTAL == 1 && format('CSP check ({0})', matrix.FRAMEWORK) || format('CSP check ({0} {1}/{2})', matrix.FRAMEWORK, matrix.SHARD_INDEX, matrix.SHARD_TOTAL)",a11y/disabled-state-markers,cancelled,,https://github.com/DevExpress/DevExtreme/actions/runs/33760336644/job/100665416094
"03.09.26, 13:20:00",100665416174,33760336644,1,Demos Visual Tests,CSP check (jQuery),a11y/disabled-state-markers,cancelled,,https://github.com/DevExpress/DevExtreme/actions/runs/33760336644/job/100665416174
"03.09.26, 13:20:00",100665416574,33760336644,1,Demos Visual Tests,Check generated demos,a11y/disabled-state-markers,cancelled,,https://github.com/DevExpress/DevExtreme/actions/runs/33760336644/job/100665416574
"03.09.26, 13:20:01",100665416906,33760336644,1,Demos Visual Tests,${{ matrix.CONSTEL }}-${{ matrix.STRATEGY }}-${{ matrix.THEME }},a11y/disabled-state-markers,cancelled,,https://github.com/DevExpress/DevExtreme/actions/runs/33760336644/job/100665416906
"03.09.26, 13:20:01",100665417106,33760336644,1,Demos Visual Tests,Check generated demos (changed only),a11y/disabled-state-markers,cancelled,,https://github.com/DevExpress/DevExtreme/actions/runs/33760336644/job/100665417106
"03.09.26, 13:20:01",100665417115,33760336644,1,Demos Visual Tests,${{ matrix.CONSTEL }}-screenshots-${{ matrix.THEME }},a11y/disabled-state-markers,cancelled,,https://github.com/DevExpress/DevExtreme/actions/runs/33760336644/job/100665417115
"03.09.26, 13:20:01",100665417188,33760336644,1,Demos Visual Tests,CSP Violations Summary,a11y/disabled-state-markers,cancelled,,https://github.com/DevExpress/DevExtreme/actions/runs/33760336644/job/100665417188
"03.09.26, 13:20:01",100665417222,33760336644,1,Demos Visual Tests,${{ matrix.CONSTEL }}-screenshots-${{ matrix.THEME }},a11y/disabled-state-markers,cancelled,,https://github.com/DevExpress/DevExtreme/actions/runs/33760336644/job/100665417222
"03.09.26, 13:20:01",100665417246,33760336644,1,Demos Visual Tests,Build Demos Bundles,a11y/disabled-state-markers,cancelled,,https://github.com/DevExpress/DevExtreme/actions/runs/33760336644/job/100665417246
"03.09.26, 13:20:01",100665417254,33760336644,1,Demos Visual Tests,Check TS and lint code base,a11y/disabled-state-markers,cancelled,,https://github.com/DevExpress/DevExtreme/actions/runs/33760336644/job/100665417254
"03.09.26, 13:20:01",100665418174,33760336644,1,Demos Visual Tests,merge-artifacts,a11y/disabled-state-markers,cancelled,,https://github.com/DevExpress/DevExtreme/actions/runs/33760336644/job/100665418174
"03.09.26, 13:24:54",100667052738,33760065182,1,Demos Visual Tests,Check TS and lint code base,feature/demo_custom_AI_assistant_jQuery,failure,Check TS and lint results,https://github.com/DevExpress/DevExtreme/actions/runs/33760065182/job/100667052738
"03.09.26, 13:14:40",100663582599,33759319278,1,Demos Visual Tests,Check TS and lint code base,feature/add-demo-datagrid-ai-detail-view,failure,Check TS and lint results,https://github.com/DevExpress/DevExtreme/actions/runs/33759319278/job/100663582599
"03.09.26, 13:14:40",100663582865,33759319278,1,Demos Visual Tests,jquery-accessibility-fluent.blue.dark,feature/add-demo-datagrid-ai-detail-view,failure,Run TestCafe tests (jQuery),https://github.com/DevExpress/DevExtreme/actions/runs/33759319278/job/100663582865
"03.09.26, 14:00:28",100678186507,33759319278,2,Demos Visual Tests,Check TS and lint code base,feature/add-demo-datagrid-ai-detail-view,failure,Check TS and lint results,https://github.com/DevExpress/DevExtreme/actions/runs/33759319278/job/100678186507
"03.09.26, 14:00:29",100678189082,33759319278,2,Demos Visual Tests,jquery-accessibility-fluent.blue.dark,feature/add-demo-datagrid-ai-detail-view,failure,Run TestCafe tests (jQuery),https://github.com/DevExpress/DevExtreme/actions/runs/33759319278/job/100678189082
"03.09.26, 13:05:08",100660361131,33758295557,1,Demos Visual Tests,CSP check (jQuery),a11y/disabled-state-markers,cancelled,Run CSP Check,https://github.com/DevExpress/DevExtreme/actions/runs/33758295557/job/100660361131
"03.09.26, 13:05:08",100660361554,33758295557,1,Demos Visual Tests,jquery(1/3)-screenshots-material.blue.light,a11y/disabled-state-markers,cancelled,Run TestCafe tests (jQuery),https://github.com/DevExpress/DevExtreme/actions/runs/33758295557/job/100660361554
"03.09.26, 13:05:08",100660361586,33758295557,1,Demos Visual Tests,jquery(3/3)-screenshots-fluent.blue.light,a11y/disabled-state-markers,cancelled,,https://github.com/DevExpress/DevExtreme/actions/runs/33758295557/job/100660361586
"03.09.26, 13:05:08",100660361672,33758295557,1,Demos Visual Tests,jquery-accessibility-fluent.blue.light,a11y/disabled-state-markers,cancelled,Run TestCafe tests (jQuery),https://github.com/DevExpress/DevExtreme/actions/runs/33758295557/job/100660361672
"03.09.26, 13:14:38",100663566152,33758295557,1,Demos Visual Tests,CSP Violations Summary,a11y/disabled-state-markers,cancelled,,https://github.com/DevExpress/DevExtreme/actions/runs/33758295557/job/100663566152
"03.09.26, 13:19:10",100665131402,33758295557,1,Demos Visual Tests,merge-artifacts,a11y/disabled-state-markers,cancelled,,https://github.com/DevExpress/DevExtreme/actions/runs/33758295557/job/100665131402
"03.09.26, 12:53:37",100656505600,33757111841,1,Demos Visual Tests,Check generated demos (changed only),feature/add-demo-datagrid-ai-detail-view,failure,Check generated JS demos,https://github.com/DevExpress/DevExtreme/actions/runs/33757111841/job/100656505600
"03.09.26, 12:53:37",100656505695,33757111841,1,Demos Visual Tests,Check TS and lint code base,feature/add-demo-datagrid-ai-detail-view,failure,Check TS and lint results,https://github.com/DevExpress/DevExtreme/actions/runs/33757111841/job/100656505695
"03.09.26, 12:53:37",100656505975,33757111841,1,Demos Visual Tests,jquery-accessibility-fluent.blue.dark,feature/add-demo-datagrid-ai-detail-view,failure,Run TestCafe tests (jQuery),https://github.com/DevExpress/DevExtreme/actions/runs/33757111841/job/100656505975
"03.09.26, 12:43:03",100653101868,33755895867,1,Demos Visual Tests,CSP check (Vue 2/2),26_1,failure,,https://github.com/DevExpress/DevExtreme/actions/runs/33755895867/job/100653101868
"03.09.26, 12:43:03",100653101877,33755895867,1,Demos Visual Tests,CSP check (Angular 2/3),26_1,failure,,https://github.com/DevExpress/DevExtreme/actions/runs/33755895867/job/100653101877
"03.09.26, 12:43:03",100653101927,33755895867,1,Demos Visual Tests,jquery(2/3)-screenshots-material.blue.light,26_1,failure,,https://github.com/DevExpress/DevExtreme/actions/runs/33755895867/job/100653101927
"03.09.26, 12:43:03",100653101942,33755895867,1,Demos Visual Tests,jquery-accessibility-material.blue.light,26_1,failure,,https://github.com/DevExpress/DevExtreme/actions/runs/33755895867/job/100653101942
"03.09.26, 12:51:05",100655664424,33755895867,1,Demos Visual Tests,angular(3/10)-screenshots-fluent.blue.light,26_1,failure,Run TestCafe tests,https://github.com/DevExpress/DevExtreme/actions/runs/33755895867/job/100655664424
"03.09.26, 12:51:05",100655664687,33755895867,1,Demos Visual Tests,angular(1/10)-screenshots-fluent.blue.light,26_1,failure,,https://github.com/DevExpress/DevExtreme/actions/runs/33755895867/job/100655664687
"03.09.26, 12:43:19",100653192374,33755827430,1,Demos Visual Tests,CSP check (jQuery),feature/demo_custom_AI_assistant_jQuery,failure,Run CSP Check,https://github.com/DevExpress/DevExtreme/actions/runs/33755827430/job/100653192374
"03.09.26, 12:43:19",100653192404,33755827430,1,Demos Visual Tests,Check TS and lint code base,feature/demo_custom_AI_assistant_jQuery,failure,Check TS and lint results,https://github.com/DevExpress/DevExtreme/actions/runs/33755827430/job/100653192404
"03.09.26, 12:43:19",100653192589,33755827430,1,Demos Visual Tests,jquery(1/3)-screenshots-material.blue.light,feature/demo_custom_AI_assistant_jQuery,failure,,https://github.com/DevExpress/DevExtreme/actions/runs/33755827430/job/100653192589
"03.09.26, 12:41:51",100652720602,33755810726,1,Demos Visual Tests,jquery-accessibility-material.blue.light,fluent-next/disabled,failure,,https://github.com/DevExpress/DevExtreme/actions/runs/33755810726/job/100652720602
"03.09.26, 12:41:51",100652720663,33755810726,1,Demos Visual Tests,jquery(3/3)-screenshots-fluent-next.blue.light,fluent-next/disabled,failure,,https://github.com/DevExpress/DevExtreme/actions/runs/33755810726/job/100652720663
"03.09.26, 12:55:01",100656980564,33755810726,1,Demos Visual Tests,react(1/3)-screenshots-fluent-next.blue.light,fluent-next/disabled,failure,,https://github.com/DevExpress/DevExtreme/actions/runs/33755810726/job/100656980564
"03.09.26, 12:55:01",100656980777,33755810726,1,Demos Visual Tests,angular(4/10)-screenshots-fluent.blue.light,fluent-next/disabled,failure,,https://github.com/DevExpress/DevExtreme/actions/runs/33755810726/job/100656980777
"03.09.26, 12:55:01",100656981211,33755810726,1,Demos Visual Tests,angular(7/10)-screenshots-fluent-next.blue.light,fluent-next/disabled,failure,,https://github.com/DevExpress/DevExtreme/actions/runs/33755810726/job/100656981211
"03.09.26, 12:55:01",100656981428,33755810726,1,Demos Visual Tests,angular(9/10)-screenshots-fluent-next.blue.light,fluent-next/disabled,cancelled,Run TestCafe tests,https://github.com/DevExpress/DevExtreme/actions/runs/33755810726/job/100656981428
"03.09.26, 12:34:10",100650312478,33755345386,1,Demos Visual Tests,Check TS and lint code base,feature/add-demo-datagrid-ai-detail-view,failure,Check TS and lint results,https://github.com/DevExpress/DevExtreme/actions/runs/33755345386/job/100650312478
"03.09.26, 12:34:10",100650312516,33755345386,1,Demos Visual Tests,Check generated demos (changed only),feature/add-demo-datagrid-ai-detail-view,failure,Check generated JS demos,https://github.com/DevExpress/DevExtreme/actions/runs/33755345386/job/100650312516
"03.09.26, 12:34:10",100650312750,33755345386,1,Demos Visual Tests,jquery-accessibility-fluent.blue.dark,feature/add-demo-datagrid-ai-detail-view,failure,Run TestCafe tests (jQuery),https://github.com/DevExpress/DevExtreme/actions/runs/33755345386/job/100650312750
"03.09.26, 12:34:10",100650312808,33755345386,1,Demos Visual Tests,jquery(1/3)-screenshots-material.blue.light,feature/add-demo-datagrid-ai-detail-view,failure,Run TestCafe tests (jQuery),https://github.com/DevExpress/DevExtreme/actions/runs/33755345386/job/100650312808
"03.09.26, 12:34:10",100650312886,33755345386,1,Demos Visual Tests,jquery(1/3)-screenshots-fluent.blue.light,feature/add-demo-datagrid-ai-detail-view,failure,Run TestCafe tests (jQuery),https://github.com/DevExpress/DevExtreme/actions/runs/33755345386/job/100650312886
"03.09.26, 12:39:07",100651846961,33755345386,1,Demos Visual Tests,react-screenshots-fluent.blue.light,feature/add-demo-datagrid-ai-detail-view,failure,Run TestCafe tests,https://github.com/DevExpress/DevExtreme/actions/runs/33755345386/job/100651846961
"03.09.26, 12:39:07",100651847068,33755345386,1,Demos Visual Tests,angular-screenshots-fluent.blue.light,feature/add-demo-datagrid-ai-detail-view,failure,Run TestCafe tests,https://github.com/DevExpress/DevExtreme/actions/runs/33755345386/job/100651847068
"03.09.26, 12:39:07",100651847073,33755345386,1,Demos Visual Tests,vue-screenshots-fluent.blue.light,feature/add-demo-datagrid-ai-detail-view,failure,Run TestCafe tests,https://github.com/DevExpress/DevExtreme/actions/runs/33755345386/job/100651847073
"03.09.26, 12:45:59",100654045719,33755345386,1,Demos Visual Tests,CSP Violations Summary,feature/add-demo-datagrid-ai-detail-view,cancelled,,https://github.com/DevExpress/DevExtreme/actions/runs/33755345386/job/100654045719
"03.09.26, 12:27:39",100648281453,33755112093,1,Demos Visual Tests,Build DevExtreme,feature/add-demo-datagrid-ai-detail-view,cancelled,Install dependencies,https://github.com/DevExpress/DevExtreme/actions/runs/33755112093/job/100648281453
"03.09.26, 12:27:39",100648281476,33755112093,1,Demos Visual Tests,Determine jQuery test matrix,feature/add-demo-datagrid-ai-detail-view,cancelled,,https://github.com/DevExpress/DevExtreme/actions/runs/33755112093/job/100648281476
"03.09.26, 12:28:46",100648628157,33755112093,1,Demos Visual Tests,${{ matrix.CONSTEL }}-${{ matrix.STRATEGY }}-${{ matrix.THEME }},feature/add-demo-datagrid-ai-detail-view,cancelled,,https://github.com/DevExpress/DevExtreme/actions/runs/33755112093/job/100648628157
"03.09.26, 12:28:46",100648628179,33755112093,1,Demos Visual Tests,Check generated demos (changed only),feature/add-demo-datagrid-ai-detail-view,cancelled,,https://github.com/DevExpress/DevExtreme/actions/runs/33755112093/job/100648628179
"03.09.26, 12:28:46",100648628349,33755112093,1,Demos Visual Tests,Check TS and lint code base,feature/add-demo-datagrid-ai-detail-view,cancelled,,https://github.com/DevExpress/DevExtreme/actions/runs/33755112093/job/100648628349
"03.09.26, 12:28:46",100648628551,33755112093,1,Demos Visual Tests,Check generated demos,feature/add-demo-datagrid-ai-detail-view,cancelled,,https://github.com/DevExpress/DevExtreme/actions/runs/33755112093/job/100648628551
"03.09.26, 12:28:46",100648628627,33755112093,1,Demos Visual Tests,CSP check (jQuery),feature/add-demo-datagrid-ai-detail-view,cancelled,,https://github.com/DevExpress/DevExtreme/actions/runs/33755112093/job/100648628627
"03.09.26, 12:28:46",100648628638,33755112093,1,Demos Visual Tests,"matrix.SHARD_TOTAL == 1 && format('CSP check ({0})', matrix.FRAMEWORK) || format('CSP check ({0} {1}/{2})', matrix.FRAMEWORK, matrix.SHARD_INDEX, matrix.SHARD_TOTAL)",feature/add-demo-datagrid-ai-detail-view,cancelled,,https://github.com/DevExpress/DevExtreme/actions/runs/33755112093/job/100648628638
"03.09.26, 12:28:46",100648628654,33755112093,1,Demos Visual Tests,Build Demos Bundles,feature/add-demo-datagrid-ai-detail-view,cancelled,,https://github.com/DevExpress/DevExtreme/actions/runs/33755112093/job/100648628654
"03.09.26, 12:28:46",100648628963,33755112093,1,Demos Visual Tests,${{ matrix.CONSTEL }}-screenshots-${{ matrix.THEME }},feature/add-demo-datagrid-ai-detail-view,cancelled,,https://github.com/DevExpress/DevExtreme/actions/runs/33755112093/job/100648628963
"03.09.26, 12:28:46",100648629055,33755112093,1,Demos Visual Tests,CSP Violations Summary,feature/add-demo-datagrid-ai-detail-view,cancelled,,https://github.com/DevExpress/DevExtreme/actions/runs/33755112093/job/100648629055
"03.09.26, 12:28:46",100648629275,33755112093,1,Demos Visual Tests,${{ matrix.CONSTEL }}-screenshots-${{ matrix.THEME }},feature/add-demo-datagrid-ai-detail-view,cancelled,,https://github.com/DevExpress/DevExtreme/actions/runs/33755112093/job/100648629275
"03.09.26, 12:28:46",100648629616,33755112093,1,Demos Visual Tests,merge-artifacts,feature/add-demo-datagrid-ai-detail-view,cancelled,,https://github.com/DevExpress/DevExtreme/actions/runs/33755112093/job/100648629616
"03.09.26, 12:25:19",100647551480,33754169617,1,Demos Visual Tests,Check generated demos (changed only),feature/add-demo-datagrid-ai-detail-view,cancelled,Install dependencies,https://github.com/DevExpress/DevExtreme/actions/runs/33754169617/job/100647551480
"03.09.26, 12:25:19",100647551567,33754169617,1,Demos Visual Tests,Build Demos Bundles,feature/add-demo-datagrid-ai-detail-view,cancelled,Install dependencies,https://github.com/DevExpress/DevExtreme/actions/runs/33754169617/job/100647551567
"03.09.26, 12:25:19",100647551709,33754169617,1,Demos Visual Tests,Check TS and lint code base,feature/add-demo-datagrid-ai-detail-view,cancelled,,https://github.com/DevExpress/DevExtreme/actions/runs/33754169617/job/100647551709
"03.09.26, 12:25:19",100647551735,33754169617,1,Demos Visual Tests,CSP check (Angular 2/3),feature/add-demo-datagrid-ai-detail-view,cancelled,,https://github.com/DevExpress/DevExtreme/actions/runs/33754169617/job/100647551735
"03.09.26, 12:25:19",100647551751,33754169617,1,Demos Visual Tests,CSP check (Angular 1/3),feature/add-demo-datagrid-ai-detail-view,cancelled,Get sources,https://github.com/DevExpress/DevExtreme/actions/runs/33754169617/job/100647551751
"03.09.26, 12:25:19",100647551767,33754169617,1,Demos Visual Tests,CSP check (Angular 3/3),feature/add-demo-datagrid-ai-detail-view,cancelled,Install dependencies,https://github.com/DevExpress/DevExtreme/actions/runs/33754169617/job/100647551767
"03.09.26, 12:25:19",100647551799,33754169617,1,Demos Visual Tests,CSP check (jQuery),feature/add-demo-datagrid-ai-detail-view,cancelled,Install dependencies,https://github.com/DevExpress/DevExtreme/actions/runs/33754169617/job/100647551799
"03.09.26, 12:25:19",100647551839,33754169617,1,Demos Visual Tests,CSP check (React 2/2),feature/add-demo-datagrid-ai-detail-view,cancelled,Install dependencies,https://github.com/DevExpress/DevExtreme/actions/runs/33754169617/job/100647551839
"03.09.26, 12:25:19",100647551891,33754169617,1,Demos Visual Tests,CSP check (React 1/2),feature/add-demo-datagrid-ai-detail-view,cancelled,Install dependencies,https://github.com/DevExpress/DevExtreme/actions/runs/33754169617/job/100647551891
"03.09.26, 12:25:19",100647551895,33754169617,1,Demos Visual Tests,jquery-accessibility-fluent.blue.dark,feature/add-demo-datagrid-ai-detail-view,cancelled,,https://github.com/DevExpress/DevExtreme/actions/runs/33754169617/job/100647551895
"03.09.26, 12:25:19",100647551932,33754169617,1,Demos Visual Tests,CSP check (Vue 1/2),feature/add-demo-datagrid-ai-detail-view,cancelled,,https://github.com/DevExpress/DevExtreme/actions/runs/33754169617/job/100647551932
"03.09.26, 12:25:19",100647551933,33754169617,1,Demos Visual Tests,jquery(1/3)-screenshots-fluent.blue.light,feature/add-demo-datagrid-ai-detail-view,cancelled,,https://github.com/DevExpress/DevExtreme/actions/runs/33754169617/job/100647551933
"03.09.26, 12:25:19",100647551943,33754169617,1,Demos Visual Tests,CSP check (Vue 2/2),feature/add-demo-datagrid-ai-detail-view,cancelled,,https://github.com/DevExpress/DevExtreme/actions/runs/33754169617/job/100647551943
"03.09.26, 12:25:19",100647551947,33754169617,1,Demos Visual Tests,jquery(2/3)-screenshots-fluent.blue.light,feature/add-demo-datagrid-ai-detail-view,cancelled,,https://github.com/DevExpress/DevExtreme/actions/runs/33754169617/job/100647551947
"03.09.26, 12:25:19",100647551954,33754169617,1,Demos Visual Tests,jquery(2/3)-screenshots-material.blue.light,feature/add-demo-datagrid-ai-detail-view,cancelled,Install dependencies,https://github.com/DevExpress/DevExtreme/actions/runs/33754169617/job/100647551954
"03.09.26, 12:25:19",100647551959,33754169617,1,Demos Visual Tests,jquery-accessibility-material.blue.dark,feature/add-demo-datagrid-ai-detail-view,cancelled,Install dependencies,https://github.com/DevExpress/DevExtreme/actions/runs/33754169617/job/100647551959
"03.09.26, 12:25:19",100647551961,33754169617,1,Demos Visual Tests,jquery-accessibility-material.blue.light,feature/add-demo-datagrid-ai-detail-view,cancelled,,https://github.com/DevExpress/DevExtreme/actions/runs/33754169617/job/100647551961
"03.09.26, 12:25:19",100647551962,33754169617,1,Demos Visual Tests,jquery(1/3)-screenshots-material.blue.light,feature/add-demo-datagrid-ai-detail-view,cancelled,,https://github.com/DevExpress/DevExtreme/actions/runs/33754169617/job/100647551962
"03.09.26, 12:25:19",100647551966,33754169617,1,Demos Visual Tests,jquery(3/3)-screenshots-fluent.blue.light,feature/add-demo-datagrid-ai-detail-view,cancelled,,https://github.com/DevExpress/DevExtreme/actions/runs/33754169617/job/100647551966
"03.09.26, 12:25:20",100647552003,33754169617,1,Demos Visual Tests,jquery-accessibility-fluent.blue.light,feature/add-demo-datagrid-ai-detail-view,cancelled,,https://github.com/DevExpress/DevExtreme/actions/runs/33754169617/job/100647552003
"03.09.26, 12:25:20",100647552098,33754169617,1,Demos Visual Tests,jquery(3/3)-screenshots-material.blue.light,feature/add-demo-datagrid-ai-detail-view,cancelled,,https://github.com/DevExpress/DevExtreme/actions/runs/33754169617/job/100647552098
"03.09.26, 12:26:28",100647908048,33754169617,1,Demos Visual Tests,${{ matrix.CONSTEL }}-screenshots-${{ matrix.THEME }},feature/add-demo-datagrid-ai-detail-view,cancelled,,https://github.com/DevExpress/DevExtreme/actions/runs/33754169617/job/100647908048
"03.09.26, 12:26:28",100647908930,33754169617,1,Demos Visual Tests,merge-artifacts,feature/add-demo-datagrid-ai-detail-view,cancelled,,https://github.com/DevExpress/DevExtreme/actions/runs/33754169617/job/100647908930
"03.09.26, 12:26:28",100647909713,33754169617,1,Demos Visual Tests,${{ matrix.CONSTEL }}-screenshots-${{ matrix.THEME }},feature/add-demo-datagrid-ai-detail-view,cancelled,,https://github.com/DevExpress/DevExtreme/actions/runs/33754169617/job/100647909713
"03.09.26, 12:26:28",100647910824,33754169617,1,Demos Visual Tests,CSP Violations Summary,feature/add-demo-datagrid-ai-detail-view,cancelled,,https://github.com/DevExpress/DevExtreme/actions/runs/33754169617/job/100647910824
"03.09.26, 11:25:41",100629919442,33749027333,1,Demos Visual Tests,jquery(2/3)-screenshots-fluent.blue.light,chore/demos-strict-screenshot-comparison,failure,Run TestCafe tests (jQuery),https://github.com/DevExpress/DevExtreme/actions/runs/33749027333/job/100629919442
"03.09.26, 11:25:41",100629919469,33749027333,1,Demos Visual Tests,jquery(2/3)-screenshots-material.blue.light,chore/demos-strict-screenshot-comparison,failure,Run TestCafe tests (jQuery),https://github.com/DevExpress/DevExtreme/actions/runs/33749027333/job/100629919469
"03.09.26, 11:25:41",100629919491,33749027333,1,Demos Visual Tests,jquery(3/3)-screenshots-material.blue.light,chore/demos-strict-screenshot-comparison,failure,Run TestCafe tests (jQuery),https://github.com/DevExpress/DevExtreme/actions/runs/33749027333/job/100629919491
"03.09.26, 11:25:41",100629919571,33749027333,1,Demos Visual Tests,jquery(1/3)-screenshots-fluent.blue.light,chore/demos-strict-screenshot-comparison,failure,Run TestCafe tests (jQuery),https://github.com/DevExpress/DevExtreme/actions/runs/33749027333/job/100629919571
"03.09.26, 11:25:41",100629919630,33749027333,1,Demos Visual Tests,jquery(1/3)-screenshots-material.blue.light,chore/demos-strict-screenshot-comparison,failure,Run TestCafe tests (jQuery),https://github.com/DevExpress/DevExtreme/actions/runs/33749027333/job/100629919630
"03.09.26, 10:39:39",100616902774,33744910873,1,Demos Visual Tests,jquery(1/3)-screenshots-fluent.blue.light,chore/remove-committed-mask-etalons,failure,Run TestCafe tests (jQuery),https://github.com/DevExpress/DevExtreme/actions/runs/33744910873/job/100616902774
"03.09.26, 10:39:39",100616902858,33744910873,1,Demos Visual Tests,jquery(3/3)-screenshots-fluent.blue.light,chore/remove-committed-mask-etalons,failure,Run TestCafe tests (jQuery),https://github.com/DevExpress/DevExtreme/actions/runs/33744910873/job/100616902858
"03.09.26, 10:27:23",100613409947,33743438913,1,Demos Visual Tests,CSP check (Angular 1/3),fluent-next/disabled,failure,,https://github.com/DevExpress/DevExtreme/actions/runs/33743438913/job/100613409947
"03.09.26, 10:27:23",100613409948,33743438913,1,Demos Visual Tests,jquery(2/3)-screenshots-fluent-next.blue.light,fluent-next/disabled,failure,Run TestCafe tests (jQuery),https://github.com/DevExpress/DevExtreme/actions/runs/33743438913/job/100613409948
"03.09.26, 10:27:23",100613410011,33743438913,1,Demos Visual Tests,jquery(3/3)-screenshots-fluent-next.blue.light,fluent-next/disabled,failure,Run TestCafe tests (jQuery),https://github.com/DevExpress/DevExtreme/actions/runs/33743438913/job/100613410011
"03.09.26, 10:27:23",100613410238,33743438913,1,Demos Visual Tests,jquery(1/3)-screenshots-fluent-next.blue.light,fluent-next/disabled,failure,Run TestCafe tests (jQuery),https://github.com/DevExpress/DevExtreme/actions/runs/33743438913/job/100613410238
"03.09.26, 10:33:33",100615171560,33743438913,1,Demos Visual Tests,vue(1/5)-screenshots-fluent-next.blue.light,fluent-next/disabled,failure,Run TestCafe tests,https://github.com/DevExpress/DevExtreme/actions/runs/33743438913/job/100615171560
"03.09.26, 10:33:33",100615171562,33743438913,1,Demos Visual Tests,react(3/3)-screenshots-fluent-next.blue.light,fluent-next/disabled,failure,Run TestCafe tests,https://github.com/DevExpress/DevExtreme/actions/runs/33743438913/job/100615171562
"03.09.26, 10:33:33",100615171599,33743438913,1,Demos Visual Tests,react(2/3)-screenshots-fluent-next.blue.light,fluent-next/disabled,failure,Run TestCafe tests,https://github.com/DevExpress/DevExtreme/actions/runs/33743438913/job/100615171599
"03.09.26, 10:33:33",100615171667,33743438913,1,Demos Visual Tests,react(1/3)-screenshots-fluent-next.blue.light,fluent-next/disabled,failure,Run TestCafe tests,https://github.com/DevExpress/DevExtreme/actions/runs/33743438913/job/100615171667
"03.09.26, 10:33:33",100615171691,33743438913,1,Demos Visual Tests,vue(2/5)-screenshots-fluent-next.blue.light,fluent-next/disabled,failure,Run TestCafe tests,https://github.com/DevExpress/DevExtreme/actions/runs/33743438913/job/100615171691
"03.09.26, 10:33:33",100615171750,33743438913,1,Demos Visual Tests,angular(2/10)-screenshots-fluent-next.blue.light,fluent-next/disabled,failure,Run TestCafe tests,https://github.com/DevExpress/DevExtreme/actions/runs/33743438913/job/100615171750
"03.09.26, 10:33:33",100615171815,33743438913,1,Demos Visual Tests,angular(6/10)-screenshots-fluent-next.blue.light,fluent-next/disabled,failure,Run TestCafe tests,https://github.com/DevExpress/DevExtreme/actions/runs/33743438913/job/100615171815
"03.09.26, 10:33:33",100615171818,33743438913,1,Demos Visual Tests,angular(7/10)-screenshots-fluent-next.blue.light,fluent-next/disabled,failure,Run TestCafe tests,https://github.com/DevExpress/DevExtreme/actions/runs/33743438913/job/100615171818
"03.09.26, 10:11:47",100608979045,33742837616,1,Demos Visual Tests,Build DevExtreme,fluent-next/disabled,cancelled,DevExtreme - Build-all,https://github.com/DevExpress/DevExtreme/actions/runs/33742837616/job/100608979045
"03.09.26, 10:17:35",100610631925,33742837616,1,Demos Visual Tests,Build Demos Bundles,fluent-next/disabled,cancelled,,https://github.com/DevExpress/DevExtreme/actions/runs/33742837616/job/100610631925
"03.09.26, 10:17:35",100610631941,33742837616,1,Demos Visual Tests,CSP check (jQuery),fluent-next/disabled,cancelled,,https://github.com/DevExpress/DevExtreme/actions/runs/33742837616/job/100610631941
"03.09.26, 10:17:35",100610632204,33742837616,1,Demos Visual Tests,Check generated demos,fluent-next/disabled,cancelled,,https://github.com/DevExpress/DevExtreme/actions/runs/33742837616/job/100610632204
"03.09.26, 10:17:35",100610632261,33742837616,1,Demos Visual Tests,Check generated demos (changed only),fluent-next/disabled,cancelled,,https://github.com/DevExpress/DevExtreme/actions/runs/33742837616/job/100610632261
"03.09.26, 10:17:36",100610632556,33742837616,1,Demos Visual Tests,${{ matrix.CONSTEL }}-${{ matrix.STRATEGY }}-${{ matrix.THEME }},fluent-next/disabled,cancelled,,https://github.com/DevExpress/DevExtreme/actions/runs/33742837616/job/100610632556
"03.09.26, 10:17:36",100610632717,33742837616,1,Demos Visual Tests,"matrix.SHARD_TOTAL == 1 && format('CSP check ({0})', matrix.FRAMEWORK) || format('CSP check ({0} {1}/{2})', matrix.FRAMEWORK, matrix.SHARD_INDEX, matrix.SHARD_TOTAL)",fluent-next/disabled,cancelled,,https://github.com/DevExpress/DevExtreme/actions/runs/33742837616/job/100610632717
"03.09.26, 10:17:36",100610632738,33742837616,1,Demos Visual Tests,${{ matrix.CONSTEL }}-screenshots-${{ matrix.THEME }},fluent-next/disabled,cancelled,,https://github.com/DevExpress/DevExtreme/actions/runs/33742837616/job/100610632738
"03.09.26, 10:17:36",100610632895,33742837616,1,Demos Visual Tests,CSP Violations Summary,fluent-next/disabled,cancelled,,https://github.com/DevExpress/DevExtreme/actions/runs/33742837616/job/100610632895
"03.09.26, 10:17:36",100610632948,33742837616,1,Demos Visual Tests,${{ matrix.CONSTEL }}-screenshots-${{ matrix.THEME }},fluent-next/disabled,cancelled,,https://github.com/DevExpress/DevExtreme/actions/runs/33742837616/job/100610632948
"03.09.26, 10:17:36",100610632955,33742837616,1,Demos Visual Tests,Check TS and lint code base,fluent-next/disabled,cancelled,,https://github.com/DevExpress/DevExtreme/actions/runs/33742837616/job/100610632955
"03.09.26, 10:17:36",100610633889,33742837616,1,Demos Visual Tests,merge-artifacts,fluent-next/disabled,cancelled,,https://github.com/DevExpress/DevExtreme/actions/runs/33742837616/job/100610633889
"03.09.26, 10:09:40",100608372599,33742757505,1,Demos Visual Tests,Check if tests should run,fluent-next/disabled,cancelled,,https://github.com/DevExpress/DevExtreme/actions/runs/33742757505/job/100608372599
"03.09.26, 10:10:18",100608555307,33742757505,1,Demos Visual Tests,Determine scope for framework tests,fluent-next/disabled,cancelled,,https://github.com/DevExpress/DevExtreme/actions/runs/33742757505/job/100608555307
"03.09.26, 10:10:18",100608555350,33742757505,1,Demos Visual Tests,Get changed demos,fluent-next/disabled,cancelled,,https://github.com/DevExpress/DevExtreme/actions/runs/33742757505/job/100608555350
"03.09.26, 10:10:18",100608556042,33742757505,1,Demos Visual Tests,CSP check (jQuery),fluent-next/disabled,cancelled,,https://github.com/DevExpress/DevExtreme/actions/runs/33742757505/job/100608556042
"03.09.26, 10:10:18",100608556128,33742757505,1,Demos Visual Tests,Build DevExtreme,fluent-next/disabled,cancelled,,https://github.com/DevExpress/DevExtreme/actions/runs/33742757505/job/100608556128
"03.09.26, 10:10:18",100608556285,33742757505,1,Demos Visual Tests,Check TS and lint code base,fluent-next/disabled,cancelled,,https://github.com/DevExpress/DevExtreme/actions/runs/33742757505/job/100608556285
"03.09.26, 10:10:18",100608556374,33742757505,1,Demos Visual Tests,Determine jQuery test matrix,fluent-next/disabled,cancelled,,https://github.com/DevExpress/DevExtreme/actions/runs/33742757505/job/100608556374
"03.09.26, 10:10:18",100608556508,33742757505,1,Demos Visual Tests,Check generated demos,fluent-next/disabled,cancelled,,https://github.com/DevExpress/DevExtreme/actions/runs/33742757505/job/100608556508
"03.09.26, 10:10:18",100608556554,33742757505,1,Demos Visual Tests,Check generated demos (changed only),fluent-next/disabled,cancelled,,https://github.com/DevExpress/DevExtreme/actions/runs/33742757505/job/100608556554
"03.09.26, 10:10:18",100608556571,33742757505,1,Demos Visual Tests,${{ matrix.CONSTEL }}-${{ matrix.STRATEGY }}-${{ matrix.THEME }},fluent-next/disabled,cancelled,,https://github.com/DevExpress/DevExtreme/actions/runs/33742757505/job/100608556571
"03.09.26, 10:10:18",100608556616,33742757505,1,Demos Visual Tests,Build Demos Bundles,fluent-next/disabled,cancelled,,https://github.com/DevExpress/DevExtreme/actions/runs/33742757505/job/100608556616
"03.09.26, 10:10:18",100608556666,33742757505,1,Demos Visual Tests,CSP Violations Summary,fluent-next/disabled,cancelled,,https://github.com/DevExpress/DevExtreme/actions/runs/33742757505/job/100608556666
"03.09.26, 10:10:18",100608556747,33742757505,1,Demos Visual Tests,"matrix.SHARD_TOTAL == 1 && format('CSP check ({0})', matrix.FRAMEWORK) || format('CSP check ({0} {1}/{2})', matrix.FRAMEWORK, matrix.SHARD_INDEX, matrix.SHARD_TOTAL)",fluent-next/disabled,cancelled,,https://github.com/DevExpress/DevExtreme/actions/runs/33742757505/job/100608556747
"03.09.26, 10:10:18",100608557163,33742757505,1,Demos Visual Tests,${{ matrix.CONSTEL }}-screenshots-${{ matrix.THEME }},fluent-next/disabled,cancelled,,https://github.com/DevExpress/DevExtreme/actions/runs/33742757505/job/100608557163
"03.09.26, 10:10:18",100608557189,33742757505,1,Demos Visual Tests,${{ matrix.CONSTEL }}-screenshots-${{ matrix.THEME }},fluent-next/disabled,cancelled,,https://github.com/DevExpress/DevExtreme/actions/runs/33742757505/job/100608557189
"03.09.26, 10:10:18",100608557979,33742757505,1,Demos Visual Tests,merge-artifacts,fluent-next/disabled,cancelled,,https://github.com/DevExpress/DevExtreme/actions/runs/33742757505/job/100608557979
"03.09.26, 10:01:13",100605915579,33741811544,1,Demos Visual Tests,Build DevExtreme,fluent-next/disabled,cancelled,Post Setup nx cache,https://github.com/DevExpress/DevExtreme/actions/runs/33741811544/job/100605915579
"03.09.26, 10:09:39",100608370466,33741811544,1,Demos Visual Tests,Build Demos Bundles,fluent-next/disabled,cancelled,,https://github.com/DevExpress/DevExtreme/actions/runs/33741811544/job/100608370466
"03.09.26, 10:09:39",100608370487,33741811544,1,Demos Visual Tests,Check generated demos (changed only),fluent-next/disabled,cancelled,,https://github.com/DevExpress/DevExtreme/actions/runs/33741811544/job/100608370487
"03.09.26, 10:09:39",100608370502,33741811544,1,Demos Visual Tests,${{ matrix.CONSTEL }}-${{ matrix.STRATEGY }}-${{ matrix.THEME }},fluent-next/disabled,cancelled,,https://github.com/DevExpress/DevExtreme/actions/runs/33741811544/job/100608370502
"03.09.26, 10:09:39",100608370525,33741811544,1,Demos Visual Tests,Check generated demos,fluent-next/disabled,cancelled,,https://github.com/DevExpress/DevExtreme/actions/runs/33741811544/job/100608370525
"03.09.26, 10:09:39",100608370767,33741811544,1,Demos Visual Tests,"matrix.SHARD_TOTAL == 1 && format('CSP check ({0})', matrix.FRAMEWORK) || format('CSP check ({0} {1}/{2})', matrix.FRAMEWORK, matrix.SHARD_INDEX, matrix.SHARD_TOTAL)",fluent-next/disabled,cancelled,,https://github.com/DevExpress/DevExtreme/actions/runs/33741811544/job/100608370767
"03.09.26, 10:09:39",100608370803,33741811544,1,Demos Visual Tests,Check TS and lint code base,fluent-next/disabled,cancelled,,https://github.com/DevExpress/DevExtreme/actions/runs/33741811544/job/100608370803
"03.09.26, 10:09:39",100608370831,33741811544,1,Demos Visual Tests,CSP check (jQuery),fluent-next/disabled,cancelled,,https://github.com/DevExpress/DevExtreme/actions/runs/33741811544/job/100608370831
"03.09.26, 10:09:39",100608371320,33741811544,1,Demos Visual Tests,CSP Violations Summary,fluent-next/disabled,cancelled,,https://github.com/DevExpress/DevExtreme/actions/runs/33741811544/job/100608371320
"03.09.26, 10:09:39",100608371666,33741811544,1,Demos Visual Tests,${{ matrix.CONSTEL }}-screenshots-${{ matrix.THEME }},fluent-next/disabled,cancelled,,https://github.com/DevExpress/DevExtreme/actions/runs/33741811544/job/100608371666
"03.09.26, 10:09:39",100608371682,33741811544,1,Demos Visual Tests,${{ matrix.CONSTEL }}-screenshots-${{ matrix.THEME }},fluent-next/disabled,cancelled,,https://github.com/DevExpress/DevExtreme/actions/runs/33741811544/job/100608371682
"03.09.26, 10:09:39",100608371890,33741811544,1,Demos Visual Tests,merge-artifacts,fluent-next/disabled,cancelled,,https://github.com/DevExpress/DevExtreme/actions/runs/33741811544/job/100608371890
"03.09.26, 10:03:12",100606491822,33741664679,1,Demos Visual Tests,CSP check (jQuery),5056-t1334708---tooltip---esc-key-closes-both-the-tooltip-and-its-parent-overlay,cancelled,Install dependencies,https://github.com/DevExpress/DevExtreme/actions/runs/33741664679/job/100606491822
"03.09.26, 10:03:12",100606491992,33741664679,1,Demos Visual Tests,jquery-accessibility-fluent.blue.light,5056-t1334708---tooltip---esc-key-closes-both-the-tooltip-and-its-parent-overlay,cancelled,Install dependencies,https://github.com/DevExpress/DevExtreme/actions/runs/33741664679/job/100606491992
"03.09.26, 10:03:12",100606491996,33741664679,1,Demos Visual Tests,jquery(3/3)-screenshots-fluent.blue.light,5056-t1334708---tooltip---esc-key-closes-both-the-tooltip-and-its-parent-overlay,cancelled,Install dependencies,https://github.com/DevExpress/DevExtreme/actions/runs/33741664679/job/100606491996
"03.09.26, 10:03:12",100606492011,33741664679,1,Demos Visual Tests,jquery(1/3)-screenshots-material.blue.light,5056-t1334708---tooltip---esc-key-closes-both-the-tooltip-and-its-parent-overlay,cancelled,Install dependencies,https://github.com/DevExpress/DevExtreme/actions/runs/33741664679/job/100606492011
"03.09.26, 10:03:12",100606492086,33741664679,1,Demos Visual Tests,jquery(3/3)-screenshots-material.blue.light,5056-t1334708---tooltip---esc-key-closes-both-the-tooltip-and-its-parent-overlay,cancelled,Restore pnpm cache,https://github.com/DevExpress/DevExtreme/actions/runs/33741664679/job/100606492086
"03.09.26, 10:03:12",100606492100,33741664679,1,Demos Visual Tests,jquery-accessibility-material.blue.light,5056-t1334708---tooltip---esc-key-closes-both-the-tooltip-and-its-parent-overlay,cancelled,,https://github.com/DevExpress/DevExtreme/actions/runs/33741664679/job/100606492100
"03.09.26, 10:03:12",100606492143,33741664679,1,Demos Visual Tests,jquery(1/3)-screenshots-fluent.blue.light,5056-t1334708---tooltip---esc-key-closes-both-the-tooltip-and-its-parent-overlay,cancelled,Install dependencies,https://github.com/DevExpress/DevExtreme/actions/runs/33741664679/job/100606492143
"03.09.26, 10:03:12",100606492152,33741664679,1,Demos Visual Tests,jquery(2/3)-screenshots-material.blue.light,5056-t1334708---tooltip---esc-key-closes-both-the-tooltip-and-its-parent-overlay,cancelled,Restore pnpm cache,https://github.com/DevExpress/DevExtreme/actions/runs/33741664679/job/100606492152
"03.09.26, 10:03:12",100606492177,33741664679,1,Demos Visual Tests,jquery(2/3)-screenshots-fluent.blue.light,5056-t1334708---tooltip---esc-key-closes-both-the-tooltip-and-its-parent-overlay,cancelled,,https://github.com/DevExpress/DevExtreme/actions/runs/33741664679/job/100606492177
"03.09.26, 10:04:20",100606823274,33741664679,1,Demos Visual Tests,merge-artifacts,5056-t1334708---tooltip---esc-key-closes-both-the-tooltip-and-its-parent-overlay,cancelled,,https://github.com/DevExpress/DevExtreme/actions/runs/33741664679/job/100606823274
"03.09.26, 10:04:21",100606824945,33741664679,1,Demos Visual Tests,CSP Violations Summary,5056-t1334708---tooltip---esc-key-closes-both-the-tooltip-and-its-parent-overlay,cancelled,,https://github.com/DevExpress/DevExtreme/actions/runs/33741664679/job/100606824945
"03.09.26, 09:50:35",100602849336,33740646916,1,Demos Visual Tests,CSP check (jQuery),5056-t1334708---tooltip---esc-key-closes-both-the-tooltip-and-its-parent-overlay,cancelled,Run CSP Check,https://github.com/DevExpress/DevExtreme/actions/runs/33740646916/job/100602849336
"03.09.26, 09:50:35",100602849556,33740646916,1,Demos Visual Tests,jquery(3/3)-screenshots-material.blue.light,5056-t1334708---tooltip---esc-key-closes-both-the-tooltip-and-its-parent-overlay,cancelled,,https://github.com/DevExpress/DevExtreme/actions/runs/33740646916/job/100602849556
"03.09.26, 09:50:35",100602849611,33740646916,1,Demos Visual Tests,jquery(2/3)-screenshots-material.blue.light,5056-t1334708---tooltip---esc-key-closes-both-the-tooltip-and-its-parent-overlay,cancelled,Run TestCafe tests (jQuery),https://github.com/DevExpress/DevExtreme/actions/runs/33740646916/job/100602849611
"03.09.26, 09:50:35",100602849641,33740646916,1,Demos Visual Tests,jquery(1/3)-screenshots-fluent.blue.light,5056-t1334708---tooltip---esc-key-closes-both-the-tooltip-and-its-parent-overlay,cancelled,Run TestCafe tests (jQuery),https://github.com/DevExpress/DevExtreme/actions/runs/33740646916/job/100602849641
"03.09.26, 09:50:35",100602849658,33740646916,1,Demos Visual Tests,jquery-accessibility-material.blue.light,5056-t1334708---tooltip---esc-key-closes-both-the-tooltip-and-its-parent-overlay,cancelled,Run TestCafe tests (jQuery),https://github.com/DevExpress/DevExtreme/actions/runs/33740646916/job/100602849658
"03.09.26, 09:57:33",100604858804,33740646916,1,Demos Visual Tests,CSP Violations Summary,5056-t1334708---tooltip---esc-key-closes-both-the-tooltip-and-its-parent-overlay,cancelled,,https://github.com/DevExpress/DevExtreme/actions/runs/33740646916/job/100604858804
"03.09.26, 09:57:58",100604976533,33740646916,1,Demos Visual Tests,merge-artifacts,5056-t1334708---tooltip---esc-key-closes-both-the-tooltip-and-its-parent-overlay,cancelled,,https://github.com/DevExpress/DevExtreme/actions/runs/33740646916/job/100604976533
"03.09.26, 09:53:05",100603570396,33740277393,1,Demos Visual Tests,CSP check (jQuery),fluent-next/disabled,cancelled,Run CSP Check,https://github.com/DevExpress/DevExtreme/actions/runs/33740277393/job/100603570396
"03.09.26, 09:53:05",100603570479,33740277393,1,Demos Visual Tests,Check generated demos,fluent-next/disabled,cancelled,Check generated JS demos,https://github.com/DevExpress/DevExtreme/actions/runs/33740277393/job/100603570479
"03.09.26, 09:53:05",100603570554,33740277393,1,Demos Visual Tests,CSP check (Vue 1/2),fluent-next/disabled,cancelled,Run CSP Check,https://github.com/DevExpress/DevExtreme/actions/runs/33740277393/job/100603570554
"03.09.26, 09:53:05",100603570572,33740277393,1,Demos Visual Tests,CSP check (Vue 2/2),fluent-next/disabled,cancelled,Run CSP Check,https://github.com/DevExpress/DevExtreme/actions/runs/33740277393/job/100603570572
"03.09.26, 09:53:05",100603570580,33740277393,1,Demos Visual Tests,CSP check (Angular 1/3),fluent-next/disabled,cancelled,Run CSP Check,https://github.com/DevExpress/DevExtreme/actions/runs/33740277393/job/100603570580
"03.09.26, 09:53:05",100603570589,33740277393,1,Demos Visual Tests,CSP check (Angular 3/3),fluent-next/disabled,cancelled,Bundle demos for CSP check,https://github.com/DevExpress/DevExtreme/actions/runs/33740277393/job/100603570589
"03.09.26, 09:53:05",100603570622,33740277393,1,Demos Visual Tests,CSP check (React 1/2),fluent-next/disabled,cancelled,Run CSP Check,https://github.com/DevExpress/DevExtreme/actions/runs/33740277393/job/100603570622
"03.09.26, 09:53:05",100603570642,33740277393,1,Demos Visual Tests,CSP check (React 2/2),fluent-next/disabled,cancelled,Run CSP Check,https://github.com/DevExpress/DevExtreme/actions/runs/33740277393/job/100603570642
"03.09.26, 09:53:05",100603570784,33740277393,1,Demos Visual Tests,CSP check (Angular 2/3),fluent-next/disabled,cancelled,Run CSP Check,https://github.com/DevExpress/DevExtreme/actions/runs/33740277393/job/100603570784
"03.09.26, 09:53:05",100603570798,33740277393,1,Demos Visual Tests,jquery-accessibility-material.blue.dark,fluent-next/disabled,cancelled,Run TestCafe tests (jQuery),https://github.com/DevExpress/DevExtreme/actions/runs/33740277393/job/100603570798
"03.09.26, 09:53:05",100603570807,33740277393,1,Demos Visual Tests,jquery-accessibility-fluent.blue.light,fluent-next/disabled,cancelled,,https://github.com/DevExpress/DevExtreme/actions/runs/33740277393/job/100603570807
"03.09.26, 09:53:05",100603570820,33740277393,1,Demos Visual Tests,jquery(3/3)-screenshots-material.blue.light,fluent-next/disabled,cancelled,Run TestCafe tests (jQuery),https://github.com/DevExpress/DevExtreme/actions/runs/33740277393/job/100603570820
"03.09.26, 09:53:05",100603570840,33740277393,1,Demos Visual Tests,jquery-accessibility-material.blue.light,fluent-next/disabled,cancelled,Run TestCafe tests (jQuery),https://github.com/DevExpress/DevExtreme/actions/runs/33740277393/job/100603570840
"03.09.26, 09:53:05",100603570845,33740277393,1,Demos Visual Tests,jquery(1/3)-screenshots-fluent-next.blue.light,fluent-next/disabled,cancelled,Run TestCafe tests (jQuery),https://github.com/DevExpress/DevExtreme/actions/runs/33740277393/job/100603570845
"03.09.26, 09:53:05",100603570848,33740277393,1,Demos Visual Tests,jquery(2/3)-screenshots-material.blue.light,fluent-next/disabled,cancelled,Run TestCafe tests (jQuery),https://github.com/DevExpress/DevExtreme/actions/runs/33740277393/job/100603570848
"03.09.26, 09:53:05",100603570864,33740277393,1,Demos Visual Tests,jquery-accessibility-fluent.blue.dark,fluent-next/disabled,cancelled,Run TestCafe tests (jQuery),https://github.com/DevExpress/DevExtreme/actions/runs/33740277393/job/100603570864
"03.09.26, 09:53:05",100603570891,33740277393,1,Demos Visual Tests,jquery(1/3)-screenshots-fluent.blue.light,fluent-next/disabled,cancelled,,https://github.com/DevExpress/DevExtreme/actions/runs/33740277393/job/100603570891
"03.09.26, 09:53:05",100603570894,33740277393,1,Demos Visual Tests,jquery-accessibility-fluent-next.blue.dark,fluent-next/disabled,cancelled,Run TestCafe tests (jQuery),https://github.com/DevExpress/DevExtreme/actions/runs/33740277393/job/100603570894
"03.09.26, 09:53:05",100603570896,33740277393,1,Demos Visual Tests,jquery(2/3)-screenshots-fluent.blue.light,fluent-next/disabled,cancelled,Run TestCafe tests (jQuery),https://github.com/DevExpress/DevExtreme/actions/runs/33740277393/job/100603570896
"03.09.26, 09:53:05",100603570916,33740277393,1,Demos Visual Tests,jquery(3/3)-screenshots-fluent-next.blue.light,fluent-next/disabled,cancelled,Run TestCafe tests (jQuery),https://github.com/DevExpress/DevExtreme/actions/runs/33740277393/job/100603570916
"03.09.26, 09:53:05",100603570946,33740277393,1,Demos Visual Tests,jquery(1/3)-screenshots-material.blue.light,fluent-next/disabled,cancelled,,https://github.com/DevExpress/DevExtreme/actions/runs/33740277393/job/100603570946
"03.09.26, 09:53:05",100603570990,33740277393,1,Demos Visual Tests,jquery(2/3)-screenshots-fluent-next.blue.light,fluent-next/disabled,cancelled,Run TestCafe tests (jQuery),https://github.com/DevExpress/DevExtreme/actions/runs/33740277393/job/100603570990
"03.09.26, 09:53:05",100603571015,33740277393,1,Demos Visual Tests,jquery(3/3)-screenshots-fluent.blue.light,fluent-next/disabled,cancelled,Run TestCafe tests (jQuery),https://github.com/DevExpress/DevExtreme/actions/runs/33740277393/job/100603571015
"03.09.26, 09:58:44",100605187400,33740277393,1,Demos Visual Tests,vue(3/5)-screenshots-fluent.blue.light,fluent-next/disabled,cancelled,Get sources,https://github.com/DevExpress/DevExtreme/actions/runs/33740277393/job/100605187400
"03.09.26, 09:58:44",100605187422,33740277393,1,Demos Visual Tests,vue(1/5)-screenshots-fluent.blue.light,fluent-next/disabled,cancelled,Install dependencies,https://github.com/DevExpress/DevExtreme/actions/runs/33740277393/job/100605187422
"03.09.26, 09:58:44",100605187447,33740277393,1,Demos Visual Tests,react(2/3)-screenshots-fluent.blue.light,fluent-next/disabled,cancelled,,https://github.com/DevExpress/DevExtreme/actions/runs/33740277393/job/100605187447
"03.09.26, 09:58:44",100605187451,33740277393,1,Demos Visual Tests,vue(2/5)-screenshots-fluent-next.blue.light,fluent-next/disabled,cancelled,Use Node.js,https://github.com/DevExpress/DevExtreme/actions/runs/33740277393/job/100605187451
"03.09.26, 09:58:44",100605187452,33740277393,1,Demos Visual Tests,vue(2/5)-screenshots-fluent.blue.light,fluent-next/disabled,cancelled,Install dependencies,https://github.com/DevExpress/DevExtreme/actions/runs/33740277393/job/100605187452
"03.09.26, 09:58:44",100605187454,33740277393,1,Demos Visual Tests,react(1/3)-screenshots-fluent-next.blue.light,fluent-next/disabled,cancelled,Install dependencies,https://github.com/DevExpress/DevExtreme/actions/runs/33740277393/job/100605187454
"03.09.26, 09:58:44",100605187483,33740277393,1,Demos Visual Tests,react(3/3)-screenshots-fluent-next.blue.light,fluent-next/disabled,cancelled,Get sources,https://github.com/DevExpress/DevExtreme/actions/runs/33740277393/job/100605187483
"03.09.26, 09:58:44",100605187487,33740277393,1,Demos Visual Tests,vue(4/5)-screenshots-fluent.blue.light,fluent-next/disabled,cancelled,Install dependencies,https://github.com/DevExpress/DevExtreme/actions/runs/33740277393/job/100605187487
"03.09.26, 09:58:44",100605187491,33740277393,1,Demos Visual Tests,angular(2/10)-screenshots-fluent.blue.light,fluent-next/disabled,cancelled,Install dependencies,https://github.com/DevExpress/DevExtreme/actions/runs/33740277393/job/100605187491
"03.09.26, 09:58:44",100605187497,33740277393,1,Demos Visual Tests,vue(5/5)-screenshots-fluent.blue.light,fluent-next/disabled,cancelled,Get sources,https://github.com/DevExpress/DevExtreme/actions/runs/33740277393/job/100605187497
"03.09.26, 09:58:44",100605187498,33740277393,1,Demos Visual Tests,angular(4/10)-screenshots-fluent.blue.light,fluent-next/disabled,cancelled,Install dependencies,https://github.com/DevExpress/DevExtreme/actions/runs/33740277393/job/100605187498
"03.09.26, 09:58:44",100605187503,33740277393,1,Demos Visual Tests,vue(4/5)-screenshots-fluent-next.blue.light,fluent-next/disabled,cancelled,Use Node.js,https://github.com/DevExpress/DevExtreme/actions/runs/33740277393/job/100605187503
"03.09.26, 09:58:44",100605187504,33740277393,1,Demos Visual Tests,vue(1/5)-screenshots-fluent-next.blue.light,fluent-next/disabled,cancelled,Use Node.js,https://github.com/DevExpress/DevExtreme/actions/runs/33740277393/job/100605187504
"03.09.26, 09:58:44",100605187506,33740277393,1,Demos Visual Tests,angular(6/10)-screenshots-fluent.blue.light,fluent-next/disabled,cancelled,Install dependencies,https://github.com/DevExpress/DevExtreme/actions/runs/33740277393/job/100605187506
"03.09.26, 09:58:44",100605187510,33740277393,1,Demos Visual Tests,vue(3/5)-screenshots-fluent-next.blue.light,fluent-next/disabled,cancelled,,https://github.com/DevExpress/DevExtreme/actions/runs/33740277393/job/100605187510
"03.09.26, 09:58:44",100605187513,33740277393,1,Demos Visual Tests,react(1/3)-screenshots-fluent.blue.light,fluent-next/disabled,cancelled,,https://github.com/DevExpress/DevExtreme/actions/runs/33740277393/job/100605187513
"03.09.26, 09:58:44",100605187524,33740277393,1,Demos Visual Tests,angular(6/10)-screenshots-fluent-next.blue.light,fluent-next/disabled,cancelled,Install dependencies,https://github.com/DevExpress/DevExtreme/actions/runs/33740277393/job/100605187524
"03.09.26, 09:58:44",100605187528,33740277393,1,Demos Visual Tests,angular(1/10)-screenshots-fluent-next.blue.light,fluent-next/disabled,cancelled,,https://github.com/DevExpress/DevExtreme/actions/runs/33740277393/job/100605187528
"03.09.26, 09:58:44",100605187530,33740277393,1,Demos Visual Tests,angular(5/10)-screenshots-fluent-next.blue.light,fluent-next/disabled,cancelled,Install dependencies,https://github.com/DevExpress/DevExtreme/actions/runs/33740277393/job/100605187530
"03.09.26, 09:58:44",100605187533,33740277393,1,Demos Visual Tests,angular(4/10)-screenshots-fluent-next.blue.light,fluent-next/disabled,cancelled,,https://github.com/DevExpress/DevExtreme/actions/runs/33740277393/job/100605187533
"03.09.26, 09:58:44",100605187547,33740277393,1,Demos Visual Tests,angular(7/10)-screenshots-fluent.blue.light,fluent-next/disabled,cancelled,,https://github.com/DevExpress/DevExtreme/actions/runs/33740277393/job/100605187547
"03.09.26, 09:58:44",100605187573,33740277393,1,Demos Visual Tests,angular(1/10)-screenshots-fluent.blue.light,fluent-next/disabled,cancelled,,https://github.com/DevExpress/DevExtreme/actions/runs/33740277393/job/100605187573
"03.09.26, 09:58:44",100605187578,33740277393,1,Demos Visual Tests,react(2/3)-screenshots-fluent-next.blue.light,fluent-next/disabled,cancelled,,https://github.com/DevExpress/DevExtreme/actions/runs/33740277393/job/100605187578
"03.09.26, 09:58:44",100605187581,33740277393,1,Demos Visual Tests,angular(8/10)-screenshots-fluent-next.blue.light,fluent-next/disabled,cancelled,Install dependencies,https://github.com/DevExpress/DevExtreme/actions/runs/33740277393/job/100605187581
"03.09.26, 09:58:44",100605187594,33740277393,1,Demos Visual Tests,angular(7/10)-screenshots-fluent-next.blue.light,fluent-next/disabled,cancelled,,https://github.com/DevExpress/DevExtreme/actions/runs/33740277393/job/100605187594
"03.09.26, 09:58:44",100605187595,33740277393,1,Demos Visual Tests,angular(5/10)-screenshots-fluent.blue.light,fluent-next/disabled,cancelled,,https://github.com/DevExpress/DevExtreme/actions/runs/33740277393/job/100605187595
"03.09.26, 09:58:44",100605187602,33740277393,1,Demos Visual Tests,react(3/3)-screenshots-fluent.blue.light,fluent-next/disabled,cancelled,,https://github.com/DevExpress/DevExtreme/actions/runs/33740277393/job/100605187602
"03.09.26, 09:58:44",100605187603,33740277393,1,Demos Visual Tests,angular(3/10)-screenshots-fluent-next.blue.light,fluent-next/disabled,cancelled,,https://github.com/DevExpress/DevExtreme/actions/runs/33740277393/job/100605187603
"03.09.26, 09:58:44",100605187621,33740277393,1,Demos Visual Tests,angular(3/10)-screenshots-fluent.blue.light,fluent-next/disabled,cancelled,,https://github.com/DevExpress/DevExtreme/actions/runs/33740277393/job/100605187621
"03.09.26, 09:58:44",100605187626,33740277393,1,Demos Visual Tests,angular(9/10)-screenshots-fluent.blue.light,fluent-next/disabled,cancelled,,https://github.com/DevExpress/DevExtreme/actions/runs/33740277393/job/100605187626
"03.09.26, 09:58:44",100605187627,33740277393,1,Demos Visual Tests,vue(5/5)-screenshots-fluent-next.blue.light,fluent-next/disabled,cancelled,,https://github.com/DevExpress/DevExtreme/actions/runs/33740277393/job/100605187627
"03.09.26, 09:58:44",100605187636,33740277393,1,Demos Visual Tests,angular(8/10)-screenshots-fluent.blue.light,fluent-next/disabled,cancelled,,https://github.com/DevExpress/DevExtreme/actions/runs/33740277393/job/100605187636
"03.09.26, 09:58:44",100605187661,33740277393,1,Demos Visual Tests,angular(2/10)-screenshots-fluent-next.blue.light,fluent-next/disabled,cancelled,,https://github.com/DevExpress/DevExtreme/actions/runs/33740277393/job/100605187661
"03.09.26, 09:58:44",100605187711,33740277393,1,Demos Visual Tests,angular(10/10)-screenshots-fluent-next.blue.light,fluent-next/disabled,cancelled,Use Node.js,https://github.com/DevExpress/DevExtreme/actions/runs/33740277393/job/100605187711
"03.09.26, 09:58:44",100605187723,33740277393,1,Demos Visual Tests,angular(9/10)-screenshots-fluent-next.blue.light,fluent-next/disabled,cancelled,,https://github.com/DevExpress/DevExtreme/actions/runs/33740277393/job/100605187723
"03.09.26, 09:58:44",100605187738,33740277393,1,Demos Visual Tests,angular(10/10)-screenshots-fluent.blue.light,fluent-next/disabled,cancelled,,https://github.com/DevExpress/DevExtreme/actions/runs/33740277393/job/100605187738
"03.09.26, 09:59:34",100605422096,33740277393,1,Demos Visual Tests,CSP Violations Summary,fluent-next/disabled,cancelled,,https://github.com/DevExpress/DevExtreme/actions/runs/33740277393/job/100605422096
"03.09.26, 09:59:52",100605507718,33740277393,1,Demos Visual Tests,merge-artifacts,fluent-next/disabled,cancelled,,https://github.com/DevExpress/DevExtreme/actions/runs/33740277393/job/100605507718
"03.09.26, 09:33:47",100597934936,33738572691,1,Demos Visual Tests,Check generated demos,fluent-next/disabled,cancelled,Check generated JS demos,https://github.com/DevExpress/DevExtreme/actions/runs/33738572691/job/100597934936
"03.09.26, 09:33:47",100597934979,33738572691,1,Demos Visual Tests,CSP check (jQuery),fluent-next/disabled,cancelled,Run CSP Check,https://github.com/DevExpress/DevExtreme/actions/runs/33738572691/job/100597934979
"03.09.26, 09:33:47",100597935051,33738572691,1,Demos Visual Tests,CSP check (Angular 2/3),fluent-next/disabled,cancelled,Run CSP Check,https://github.com/DevExpress/DevExtreme/actions/runs/33738572691/job/100597935051
"03.09.26, 09:33:47",100597935066,33738572691,1,Demos Visual Tests,CSP check (Vue 2/2),fluent-next/disabled,cancelled,Run CSP Check,https://github.com/DevExpress/DevExtreme/actions/runs/33738572691/job/100597935066
"03.09.26, 09:33:47",100597935072,33738572691,1,Demos Visual Tests,CSP check (Angular 1/3),fluent-next/disabled,cancelled,Run CSP Check,https://github.com/DevExpress/DevExtreme/actions/runs/33738572691/job/100597935072
"03.09.26, 09:33:47",100597935091,33738572691,1,Demos Visual Tests,CSP check (Vue 1/2),fluent-next/disabled,cancelled,Run CSP Check,https://github.com/DevExpress/DevExtreme/actions/runs/33738572691/job/100597935091
"03.09.26, 09:33:47",100597935122,33738572691,1,Demos Visual Tests,CSP check (React 2/2),fluent-next/disabled,cancelled,Run CSP Check,https://github.com/DevExpress/DevExtreme/actions/runs/33738572691/job/100597935122
"03.09.26, 09:33:47",100597935158,33738572691,1,Demos Visual Tests,CSP check (React 1/2),fluent-next/disabled,cancelled,Run CSP Check,https://github.com/DevExpress/DevExtreme/actions/runs/33738572691/job/100597935158
"03.09.26, 09:33:47",100597935170,33738572691,1,Demos Visual Tests,CSP check (Angular 3/3),fluent-next/disabled,cancelled,Run CSP Check,https://github.com/DevExpress/DevExtreme/actions/runs/33738572691/job/100597935170
"03.09.26, 09:33:47",100597935296,33738572691,1,Demos Visual Tests,jquery(1/3)-screenshots-material.blue.light,fluent-next/disabled,cancelled,,https://github.com/DevExpress/DevExtreme/actions/runs/33738572691/job/100597935296
"03.09.26, 09:33:47",100597935311,33738572691,1,Demos Visual Tests,jquery(2/3)-screenshots-material.blue.light,fluent-next/disabled,cancelled,Run TestCafe tests (jQuery),https://github.com/DevExpress/DevExtreme/actions/runs/33738572691/job/100597935311
"03.09.26, 09:33:47",100597935351,33738572691,1,Demos Visual Tests,jquery(3/3)-screenshots-material.blue.light,fluent-next/disabled,cancelled,Run TestCafe tests (jQuery),https://github.com/DevExpress/DevExtreme/actions/runs/33738572691/job/100597935351
"03.09.26, 09:33:47",100597935436,33738572691,1,Demos Visual Tests,jquery(2/3)-screenshots-fluent-next.blue.light,fluent-next/disabled,cancelled,Run TestCafe tests (jQuery),https://github.com/DevExpress/DevExtreme/actions/runs/33738572691/job/100597935436
"03.09.26, 09:33:47",100597935450,33738572691,1,Demos Visual Tests,jquery(3/3)-screenshots-fluent-next.blue.light,fluent-next/disabled,cancelled,Run TestCafe tests (jQuery),https://github.com/DevExpress/DevExtreme/actions/runs/33738572691/job/100597935450
"03.09.26, 09:33:47",100597935454,33738572691,1,Demos Visual Tests,jquery(1/3)-screenshots-fluent-next.blue.light,fluent-next/disabled,cancelled,Run TestCafe tests (jQuery),https://github.com/DevExpress/DevExtreme/actions/runs/33738572691/job/100597935454
"03.09.26, 09:33:47",100597935457,33738572691,1,Demos Visual Tests,jquery(2/3)-screenshots-fluent.blue.light,fluent-next/disabled,cancelled,Run TestCafe tests (jQuery),https://github.com/DevExpress/DevExtreme/actions/runs/33738572691/job/100597935457
"03.09.26, 09:33:47",100597935462,33738572691,1,Demos Visual Tests,jquery(3/3)-screenshots-fluent.blue.light,fluent-next/disabled,cancelled,Run TestCafe tests (jQuery),https://github.com/DevExpress/DevExtreme/actions/runs/33738572691/job/100597935462
"03.09.26, 09:33:47",100597935463,33738572691,1,Demos Visual Tests,jquery(1/3)-screenshots-fluent.blue.light,fluent-next/disabled,cancelled,Run TestCafe tests (jQuery),https://github.com/DevExpress/DevExtreme/actions/runs/33738572691/job/100597935463
"03.09.26, 09:33:47",100597935469,33738572691,1,Demos Visual Tests,jquery-accessibility-fluent.blue.light,fluent-next/disabled,cancelled,Run TestCafe tests (jQuery),https://github.com/DevExpress/DevExtreme/actions/runs/33738572691/job/100597935469
"03.09.26, 09:33:47",100597935490,33738572691,1,Demos Visual Tests,jquery-accessibility-fluent-next.blue.dark,fluent-next/disabled,cancelled,Run TestCafe tests (jQuery),https://github.com/DevExpress/DevExtreme/actions/runs/33738572691/job/100597935490
"03.09.26, 09:33:47",100597935530,33738572691,1,Demos Visual Tests,jquery-accessibility-material.blue.light,fluent-next/disabled,cancelled,Run TestCafe tests (jQuery),https://github.com/DevExpress/DevExtreme/actions/runs/33738572691/job/100597935530
"03.09.26, 09:33:47",100597935556,33738572691,1,Demos Visual Tests,jquery-accessibility-fluent.blue.dark,fluent-next/disabled,cancelled,Run TestCafe tests (jQuery),https://github.com/DevExpress/DevExtreme/actions/runs/33738572691/job/100597935556
"03.09.26, 09:40:35",100599931084,33738572691,1,Demos Visual Tests,react(3/3)-screenshots-fluent-next.blue.light,fluent-next/disabled,cancelled,Prepare JS,https://github.com/DevExpress/DevExtreme/actions/runs/33738572691/job/100599931084
"03.09.26, 09:40:35",100599931099,33738572691,1,Demos Visual Tests,react(2/3)-screenshots-fluent-next.blue.light,fluent-next/disabled,cancelled,Install dependencies,https://github.com/DevExpress/DevExtreme/actions/runs/33738572691/job/100599931099
"03.09.26, 09:40:35",100599931108,33738572691,1,Demos Visual Tests,react(1/3)-screenshots-fluent.blue.light,fluent-next/disabled,cancelled,Prepare JS,https://github.com/DevExpress/DevExtreme/actions/runs/33738572691/job/100599931108
"03.09.26, 09:40:35",100599931117,33738572691,1,Demos Visual Tests,vue(1/5)-screenshots-fluent-next.blue.light,fluent-next/disabled,cancelled,Install tgz,https://github.com/DevExpress/DevExtreme/actions/runs/33738572691/job/100599931117
"03.09.26, 09:40:35",100599931173,33738572691,1,Demos Visual Tests,vue(2/5)-screenshots-fluent-next.blue.light,fluent-next/disabled,cancelled,Prepare JS,https://github.com/DevExpress/DevExtreme/actions/runs/33738572691/job/100599931173
"03.09.26, 09:40:35",100599931174,33738572691,1,Demos Visual Tests,react(2/3)-screenshots-fluent.blue.light,fluent-next/disabled,cancelled,Install tgz,https://github.com/DevExpress/DevExtreme/actions/runs/33738572691/job/100599931174
"03.09.26, 09:40:35",100599931208,33738572691,1,Demos Visual Tests,vue(3/5)-screenshots-fluent.blue.light,fluent-next/disabled,cancelled,Install tgz,https://github.com/DevExpress/DevExtreme/actions/runs/33738572691/job/100599931208
"03.09.26, 09:40:35",100599931219,33738572691,1,Demos Visual Tests,angular(2/10)-screenshots-fluent.blue.light,fluent-next/disabled,cancelled,Install tgz,https://github.com/DevExpress/DevExtreme/actions/runs/33738572691/job/100599931219
"03.09.26, 09:40:35",100599931236,33738572691,1,Demos Visual Tests,angular(1/10)-screenshots-fluent.blue.light,fluent-next/disabled,cancelled,Prepare JS,https://github.com/DevExpress/DevExtreme/actions/runs/33738572691/job/100599931236
"03.09.26, 09:40:35",100599931241,33738572691,1,Demos Visual Tests,vue(5/5)-screenshots-fluent.blue.light,fluent-next/disabled,cancelled,Install tgz,https://github.com/DevExpress/DevExtreme/actions/runs/33738572691/job/100599931241
"03.09.26, 09:40:35",100599931242,33738572691,1,Demos Visual Tests,vue(3/5)-screenshots-fluent-next.blue.light,fluent-next/disabled,cancelled,Prepare JS,https://github.com/DevExpress/DevExtreme/actions/runs/33738572691/job/100599931242
"03.09.26, 09:40:35",100599931251,33738572691,1,Demos Visual Tests,vue(4/5)-screenshots-fluent-next.blue.light,fluent-next/disabled,cancelled,Download bundles artifacts,https://github.com/DevExpress/DevExtreme/actions/runs/33738572691/job/100599931251
"03.09.26, 09:40:35",100599931256,33738572691,1,Demos Visual Tests,angular(4/10)-screenshots-fluent-next.blue.light,fluent-next/disabled,cancelled,Install dependencies,https://github.com/DevExpress/DevExtreme/actions/runs/33738572691/job/100599931256
"03.09.26, 09:40:35",100599931270,33738572691,1,Demos Visual Tests,angular(7/10)-screenshots-fluent.blue.light,fluent-next/disabled,cancelled,Install tgz,https://github.com/DevExpress/DevExtreme/actions/runs/33738572691/job/100599931270
"03.09.26, 09:40:35",100599931285,33738572691,1,Demos Visual Tests,angular(6/10)-screenshots-fluent.blue.light,fluent-next/disabled,cancelled,Prepare JS,https://github.com/DevExpress/DevExtreme/actions/runs/33738572691/job/100599931285
"03.09.26, 09:40:35",100599931294,33738572691,1,Demos Visual Tests,vue(5/5)-screenshots-fluent-next.blue.light,fluent-next/disabled,cancelled,Prepare JS,https://github.com/DevExpress/DevExtreme/actions/runs/33738572691/job/100599931294
"03.09.26, 09:40:35",100599931299,33738572691,1,Demos Visual Tests,vue(2/5)-screenshots-fluent.blue.light,fluent-next/disabled,cancelled,Prepare JS,https://github.com/DevExpress/DevExtreme/actions/runs/33738572691/job/100599931299
"03.09.26, 09:40:35",100599931302,33738572691,1,Demos Visual Tests,angular(7/10)-screenshots-fluent-next.blue.light,fluent-next/disabled,cancelled,Prepare JS,https://github.com/DevExpress/DevExtreme/actions/runs/33738572691/job/100599931302
"03.09.26, 09:40:35",100599931308,33738572691,1,Demos Visual Tests,angular(3/10)-screenshots-fluent.blue.light,fluent-next/disabled,cancelled,Install dependencies,https://github.com/DevExpress/DevExtreme/actions/runs/33738572691/job/100599931308
"03.09.26, 09:40:35",100599931321,33738572691,1,Demos Visual Tests,angular(6/10)-screenshots-fluent-next.blue.light,fluent-next/disabled,cancelled,Update bundles config,https://github.com/DevExpress/DevExtreme/actions/runs/33738572691/job/100599931321
"03.09.26, 09:40:35",100599931326,33738572691,1,Demos Visual Tests,angular(5/10)-screenshots-fluent.blue.light,fluent-next/disabled,cancelled,Install dependencies,https://github.com/DevExpress/DevExtreme/actions/runs/33738572691/job/100599931326
"03.09.26, 09:40:35",100599931334,33738572691,1,Demos Visual Tests,angular(2/10)-screenshots-fluent-next.blue.light,fluent-next/disabled,cancelled,Prepare JS,https://github.com/DevExpress/DevExtreme/actions/runs/33738572691/job/100599931334
"03.09.26, 09:40:35",100599931336,33738572691,1,Demos Visual Tests,angular(4/10)-screenshots-fluent.blue.light,fluent-next/disabled,cancelled,Prepare JS,https://github.com/DevExpress/DevExtreme/actions/runs/33738572691/job/100599931336
"03.09.26, 09:40:35",100599931348,33738572691,1,Demos Visual Tests,vue(4/5)-screenshots-fluent.blue.light,fluent-next/disabled,cancelled,Prepare JS,https://github.com/DevExpress/DevExtreme/actions/runs/33738572691/job/100599931348
"03.09.26, 09:40:35",100599931357,33738572691,1,Demos Visual Tests,angular(5/10)-screenshots-fluent-next.blue.light,fluent-next/disabled,cancelled,Install dependencies,https://github.com/DevExpress/DevExtreme/actions/runs/33738572691/job/100599931357
"03.09.26, 09:40:35",100599931363,33738572691,1,Demos Visual Tests,angular(3/10)-screenshots-fluent-next.blue.light,fluent-next/disabled,cancelled,Prepare JS,https://github.com/DevExpress/DevExtreme/actions/runs/33738572691/job/100599931363
"03.09.26, 09:40:35",100599931366,33738572691,1,Demos Visual Tests,react(1/3)-screenshots-fluent-next.blue.light,fluent-next/disabled,cancelled,Install dependencies,https://github.com/DevExpress/DevExtreme/actions/runs/33738572691/job/100599931366
"03.09.26, 09:40:35",100599931379,33738572691,1,Demos Visual Tests,react(3/3)-screenshots-fluent.blue.light,fluent-next/disabled,cancelled,Install dependencies,https://github.com/DevExpress/DevExtreme/actions/runs/33738572691/job/100599931379
"03.09.26, 09:40:35",100599931386,33738572691,1,Demos Visual Tests,angular(1/10)-screenshots-fluent-next.blue.light,fluent-next/disabled,cancelled,Prepare JS,https://github.com/DevExpress/DevExtreme/actions/runs/33738572691/job/100599931386
"03.09.26, 09:40:35",100599931409,33738572691,1,Demos Visual Tests,angular(8/10)-screenshots-fluent.blue.light,fluent-next/disabled,cancelled,Install dependencies,https://github.com/DevExpress/DevExtreme/actions/runs/33738572691/job/100599931409
"03.09.26, 09:40:35",100599931465,33738572691,1,Demos Visual Tests,vue(1/5)-screenshots-fluent.blue.light,fluent-next/disabled,cancelled,Install dependencies,https://github.com/DevExpress/DevExtreme/actions/runs/33738572691/job/100599931465
"03.09.26, 09:40:35",100599931542,33738572691,1,Demos Visual Tests,angular(9/10)-screenshots-fluent.blue.light,fluent-next/disabled,cancelled,Prepare JS,https://github.com/DevExpress/DevExtreme/actions/runs/33738572691/job/100599931542
"03.09.26, 09:40:35",100599931638,33738572691,1,Demos Visual Tests,angular(10/10)-screenshots-fluent.blue.light,fluent-next/disabled,cancelled,Install dependencies,https://github.com/DevExpress/DevExtreme/actions/runs/33738572691/job/100599931638
"03.09.26, 09:40:35",100599931659,33738572691,1,Demos Visual Tests,angular(8/10)-screenshots-fluent-next.blue.light,fluent-next/disabled,cancelled,Prepare JS,https://github.com/DevExpress/DevExtreme/actions/runs/33738572691/job/100599931659
"03.09.26, 09:40:35",100599931663,33738572691,1,Demos Visual Tests,angular(10/10)-screenshots-fluent-next.blue.light,fluent-next/disabled,cancelled,Install dependencies,https://github.com/DevExpress/DevExtreme/actions/runs/33738572691/job/100599931663
"03.09.26, 09:40:35",100599931672,33738572691,1,Demos Visual Tests,angular(9/10)-screenshots-fluent-next.blue.light,fluent-next/disabled,cancelled,Prepare JS,https://github.com/DevExpress/DevExtreme/actions/runs/33738572691/job/100599931672
"03.09.26, 09:42:51",100600583684,33738572691,1,Demos Visual Tests,CSP Violations Summary,fluent-next/disabled,cancelled,,https://github.com/DevExpress/DevExtreme/actions/runs/33738572691/job/100600583684
"03.09.26, 09:43:03",100600642406,33738572691,1,Demos Visual Tests,merge-artifacts,fluent-next/disabled,cancelled,,https://github.com/DevExpress/DevExtreme/actions/runs/33738572691/job/100600642406
"03.09.26, 09:01:21",100588304810,33736485971,1,Demos Visual Tests,Build DevExtreme,refactor_custom_load_pipeline_26_1,failure,DevExtreme - Build,https://github.com/DevExpress/DevExtreme/actions/runs/33736485971/job/100588304810
"03.09.26, 08:48:16",100584427499,33735281894,1,Demos Visual Tests,Build DevExtreme,refactor_custom_load_pipeline_26_1,failure,DevExtreme - Build,https://github.com/DevExpress/DevExtreme/actions/runs/33735281894/job/100584427499
"03.09.26, 08:55:23",100586525551,33735175381,1,Demos Visual Tests,Check generated demos (changed only),feature/add-demo-datagrid-ai-detail-view,failure,Check generated JS demos,https://github.com/DevExpress/DevExtreme/actions/runs/33735175381/job/100586525551
"03.09.26, 08:55:23",100586525653,33735175381,1,Demos Visual Tests,Check TS and lint code base,feature/add-demo-datagrid-ai-detail-view,failure,Check TS and lint results,https://github.com/DevExpress/DevExtreme/actions/runs/33735175381/job/100586525653
"03.09.26, 08:55:23",100586525722,33735175381,1,Demos Visual Tests,jquery-accessibility-fluent.blue.dark,feature/add-demo-datagrid-ai-detail-view,failure,Run TestCafe tests (jQuery),https://github.com/DevExpress/DevExtreme/actions/runs/33735175381/job/100586525722
"03.09.26, 08:55:23",100586525779,33735175381,1,Demos Visual Tests,jquery(1/3)-screenshots-material.blue.light,feature/add-demo-datagrid-ai-detail-view,failure,Run TestCafe tests (jQuery),https://github.com/DevExpress/DevExtreme/actions/runs/33735175381/job/100586525779
"03.09.26, 08:55:23",100586525932,33735175381,1,Demos Visual Tests,jquery(1/3)-screenshots-fluent.blue.light,feature/add-demo-datagrid-ai-detail-view,failure,Run TestCafe tests (jQuery),https://github.com/DevExpress/DevExtreme/actions/runs/33735175381/job/100586525932
"03.09.26, 09:00:32",100588043216,33735175381,1,Demos Visual Tests,react-screenshots-fluent.blue.light,feature/add-demo-datagrid-ai-detail-view,failure,Run TestCafe tests,https://github.com/DevExpress/DevExtreme/actions/runs/33735175381/job/100588043216
"03.09.26, 09:00:32",100588043318,33735175381,1,Demos Visual Tests,angular-screenshots-fluent.blue.light,feature/add-demo-datagrid-ai-detail-view,failure,Run TestCafe tests,https://github.com/DevExpress/DevExtreme/actions/runs/33735175381/job/100588043318
"03.09.26, 08:53:23",100585931924,33734928306,1,Demos Visual Tests,angular(10/10)-screenshots-fluent-next.blue.light,fluent-next/disabled,failure,Run TestCafe tests,https://github.com/DevExpress/DevExtreme/actions/runs/33734928306/job/100585931924
"03.09.26, 08:36:45",100581117876,33734262238,1,Demos Visual Tests,Build DevExtreme,26_1,failure,,https://github.com/DevExpress/DevExtreme/actions/runs/33734262238/job/100581117876
"03.09.26, 08:40:22",100582155786,33734038664,1,Demos Visual Tests,jquery-accessibility-material.blue.light,fix/qunit_mutable_facades,failure,,https://github.com/DevExpress/DevExtreme/actions/runs/33734038664/job/100582155786
"03.09.26, 08:21:54",100576855987,33732147198,1,Demos Visual Tests,jquery(3/3)-screenshots-fluent-next.blue.light,fluent-next/disabled,failure,Run TestCafe tests (jQuery),https://github.com/DevExpress/DevExtreme/actions/runs/33732147198/job/100576855987
"03.09.26, 08:21:54",100576856037,33732147198,1,Demos Visual Tests,jquery(1/3)-screenshots-fluent-next.blue.light,fluent-next/disabled,failure,Run TestCafe tests (jQuery),https://github.com/DevExpress/DevExtreme/actions/runs/33732147198/job/100576856037
"03.09.26, 08:21:54",100576856102,33732147198,1,Demos Visual Tests,jquery(2/3)-screenshots-fluent-next.blue.light,fluent-next/disabled,failure,Run TestCafe tests (jQuery),https://github.com/DevExpress/DevExtreme/actions/runs/33732147198/job/100576856102
"03.09.26, 08:25:31",100577881611,33732147198,1,Demos Visual Tests,react(2/3)-screenshots-fluent-next.blue.light,fluent-next/disabled,failure,Run TestCafe tests,https://github.com/DevExpress/DevExtreme/actions/runs/33732147198/job/100577881611
"03.09.26, 08:25:31",100577881652,33732147198,1,Demos Visual Tests,vue(3/5)-screenshots-fluent-next.blue.light,fluent-next/disabled,failure,Run TestCafe tests,https://github.com/DevExpress/DevExtreme/actions/runs/33732147198/job/100577881652
"03.09.26, 08:25:31",100577881657,33732147198,1,Demos Visual Tests,react(1/3)-screenshots-fluent-next.blue.light,fluent-next/disabled,failure,Run TestCafe tests,https://github.com/DevExpress/DevExtreme/actions/runs/33732147198/job/100577881657
"03.09.26, 08:25:31",100577881706,33732147198,1,Demos Visual Tests,vue(4/5)-screenshots-fluent-next.blue.light,fluent-next/disabled,failure,Run TestCafe tests,https://github.com/DevExpress/DevExtreme/actions/runs/33732147198/job/100577881706
"03.09.26, 08:25:31",100577881782,33732147198,1,Demos Visual Tests,vue(1/5)-screenshots-fluent-next.blue.light,fluent-next/disabled,failure,Run TestCafe tests,https://github.com/DevExpress/DevExtreme/actions/runs/33732147198/job/100577881782
"03.09.26, 08:25:31",100577881814,33732147198,1,Demos Visual Tests,angular(3/10)-screenshots-fluent-next.blue.light,fluent-next/disabled,failure,Run TestCafe tests,https://github.com/DevExpress/DevExtreme/actions/runs/33732147198/job/100577881814
"03.09.26, 08:25:31",100577881826,33732147198,1,Demos Visual Tests,angular(5/10)-screenshots-fluent-next.blue.light,fluent-next/disabled,failure,Run TestCafe tests,https://github.com/DevExpress/DevExtreme/actions/runs/33732147198/job/100577881826
"03.09.26, 08:25:31",100577881840,33732147198,1,Demos Visual Tests,angular(1/10)-screenshots-fluent-next.blue.light,fluent-next/disabled,failure,Run TestCafe tests,https://github.com/DevExpress/DevExtreme/actions/runs/33732147198/job/100577881840
"03.09.26, 08:25:31",100577881862,33732147198,1,Demos Visual Tests,angular(8/10)-screenshots-fluent-next.blue.light,fluent-next/disabled,failure,Run TestCafe tests,https://github.com/DevExpress/DevExtreme/actions/runs/33732147198/job/100577881862
"03.09.26, 08:25:31",100577881948,33732147198,1,Demos Visual Tests,react(3/3)-screenshots-fluent-next.blue.light,fluent-next/disabled,failure,Run TestCafe tests,https://github.com/DevExpress/DevExtreme/actions/runs/33732147198/job/100577881948
"03.09.26, 08:25:31",100577881980,33732147198,1,Demos Visual Tests,vue(5/5)-screenshots-fluent-next.blue.light,fluent-next/disabled,failure,Run TestCafe tests,https://github.com/DevExpress/DevExtreme/actions/runs/33732147198/job/100577881980
"03.09.26, 08:25:31",100577882092,33732147198,1,Demos Visual Tests,angular(9/10)-screenshots-fluent-next.blue.light,fluent-next/disabled,failure,Run TestCafe tests,https://github.com/DevExpress/DevExtreme/actions/runs/33732147198/job/100577882092
"03.09.26, 07:41:58",100565768002,33728145396,1,Demos Visual Tests,angular(3/10)-screenshots-fluent-next.blue.light,fluent-next/disabled,failure,,https://github.com/DevExpress/DevExtreme/actions/runs/33728145396/job/100565768002
"03.09.26, 07:41:58",100565768032,33728145396,1,Demos Visual Tests,angular(10/10)-screenshots-fluent-next.blue.light,fluent-next/disabled,failure,Run TestCafe tests,https://github.com/DevExpress/DevExtreme/actions/runs/33728145396/job/100565768032
"03.09.26, 07:41:58",100565768048,33728145396,1,Demos Visual Tests,angular(10/10)-screenshots-fluent.blue.light,fluent-next/disabled,failure,Run TestCafe tests,https://github.com/DevExpress/DevExtreme/actions/runs/33728145396/job/100565768048
"03.09.26, 07:35:56",100564163617,33727624125,1,Demos Visual Tests,angular(5/10)-screenshots-fluent.blue.light,26_1,failure,Run TestCafe tests,https://github.com/DevExpress/DevExtreme/actions/runs/33727624125/job/100564163617
"03.09.26, 22:28:57",100839671180,33813247342,1,Wrappers Tests,check-regenerate,fluent-next/disabled,cancelled,Get sources,https://github.com/DevExpress/DevExtreme/actions/runs/33813247342/job/100839671180
"03.09.26, 22:28:57",100839671350,33813247342,1,Wrappers Tests,build,fluent-next/disabled,cancelled,Setup pnpm cache,https://github.com/DevExpress/DevExtreme/actions/runs/33813247342/job/100839671350
"03.09.26, 22:29:39",100839840789,33813247342,1,Wrappers Tests,test,fluent-next/disabled,cancelled,,https://github.com/DevExpress/DevExtreme/actions/runs/33813247342/job/100839840789
"03.09.26, 20:59:02",100814536954,33805176739,1,Wrappers Tests,test (vue),cp-26-1/remove-systemjs-from-demos,cancelled,Install dependencies,https://github.com/DevExpress/DevExtreme/actions/runs/33805176739/job/100814536954
"03.09.26, 20:59:02",100814536991,33805176739,1,Wrappers Tests,test (angular),cp-26-1/remove-systemjs-from-demos,cancelled,Install dependencies,https://github.com/DevExpress/DevExtreme/actions/runs/33805176739/job/100814536991
"03.09.26, 20:59:02",100814536999,33805176739,1,Wrappers Tests,test (react),cp-26-1/remove-systemjs-from-demos,cancelled,Install dependencies,https://github.com/DevExpress/DevExtreme/actions/runs/33805176739/job/100814536999
"03.09.26, 21:01:09",100815192252,33805087537,1,Wrappers Tests,test (vue),fix/privotgrid-demo-with-workaround,cancelled,Test vue,https://github.com/DevExpress/DevExtreme/actions/runs/33805087537/job/100815192252
"03.09.26, 21:01:09",100815192337,33805087537,1,Wrappers Tests,test (angular),fix/privotgrid-demo-with-workaround,cancelled,Test angular,https://github.com/DevExpress/DevExtreme/actions/runs/33805087537/job/100815192337
"03.09.26, 21:01:09",100815192345,33805087537,1,Wrappers Tests,test (react),fix/privotgrid-demo-with-workaround,cancelled,Test react,https://github.com/DevExpress/DevExtreme/actions/runs/33805087537/job/100815192345
"03.09.26, 20:52:22",100812492845,33804770980,1,Wrappers Tests,build,cp-26-1/remove-systemjs-from-demos,cancelled,Post Setup pnpm cache,https://github.com/DevExpress/DevExtreme/actions/runs/33804770980/job/100812492845
"03.09.26, 20:57:28",100814069561,33804770980,1,Wrappers Tests,test,cp-26-1/remove-systemjs-from-demos,cancelled,,https://github.com/DevExpress/DevExtreme/actions/runs/33804770980/job/100814069561
"03.09.26, 18:50:05",100773354162,33792757153,1,Wrappers Tests,build,fix/privotgrid-demo-with-workaround,cancelled,Build devextreme package,https://github.com/DevExpress/DevExtreme/actions/runs/33792757153/job/100773354162
"03.09.26, 18:50:05",100773354645,33792757153,1,Wrappers Tests,check-regenerate,fix/privotgrid-demo-with-workaround,cancelled,Generate wrappers,https://github.com/DevExpress/DevExtreme/actions/runs/33792757153/job/100773354645
"03.09.26, 18:52:15",100774069600,33792757153,1,Wrappers Tests,test,fix/privotgrid-demo-with-workaround,cancelled,,https://github.com/DevExpress/DevExtreme/actions/runs/33792757153/job/100774069600
"03.09.26, 18:48:56",100772979780,33792734833,1,Wrappers Tests,build,fix/privotgrid-demo-with-workaround,cancelled,Install dependencies,https://github.com/DevExpress/DevExtreme/actions/runs/33792734833/job/100772979780
"03.09.26, 18:48:56",100772980144,33792734833,1,Wrappers Tests,check-regenerate,fix/privotgrid-demo-with-workaround,cancelled,Install dependencies,https://github.com/DevExpress/DevExtreme/actions/runs/33792734833/job/100772980144
"03.09.26, 18:50:04",100773349031,33792734833,1,Wrappers Tests,test,fix/privotgrid-demo-with-workaround,cancelled,,https://github.com/DevExpress/DevExtreme/actions/runs/33792734833/job/100773349031
"03.09.26, 16:58:35",100737042939,33781766965,1,Wrappers Tests,check-regenerate,chore/demos-strict-screenshot-comparison,cancelled,Install dependencies,https://github.com/DevExpress/DevExtreme/actions/runs/33781766965/job/100737042939
"03.09.26, 16:58:35",100737043391,33781766965,1,Wrappers Tests,build,chore/demos-strict-screenshot-comparison,cancelled,Install dependencies,https://github.com/DevExpress/DevExtreme/actions/runs/33781766965/job/100737043391
"03.09.26, 16:59:43",100737409607,33781766965,1,Wrappers Tests,test,chore/demos-strict-screenshot-comparison,cancelled,,https://github.com/DevExpress/DevExtreme/actions/runs/33781766965/job/100737409607
"03.09.26, 16:55:00",100735896874,33780998114,1,Wrappers Tests,test (react),chore/demos-strict-screenshot-comparison,cancelled,Test react,https://github.com/DevExpress/DevExtreme/actions/runs/33780998114/job/100735896874
"03.09.26, 16:55:00",100735896888,33780998114,1,Wrappers Tests,test (angular),chore/demos-strict-screenshot-comparison,cancelled,Test angular,https://github.com/DevExpress/DevExtreme/actions/runs/33780998114/job/100735896888
"03.09.26, 16:55:00",100735897004,33780998114,1,Wrappers Tests,test (vue),chore/demos-strict-screenshot-comparison,cancelled,Test vue,https://github.com/DevExpress/DevExtreme/actions/runs/33780998114/job/100735897004
"03.09.26, 16:02:17",100718408034,33776202692,1,Wrappers Tests,build,chore/demos-strict-screenshot-comparison,cancelled,Build devextreme package,https://github.com/DevExpress/DevExtreme/actions/runs/33776202692/job/100718408034
"03.09.26, 16:05:55",100719650127,33776202692,1,Wrappers Tests,test,chore/demos-strict-screenshot-comparison,cancelled,,https://github.com/DevExpress/DevExtreme/actions/runs/33776202692/job/100719650127
"03.09.26, 14:54:28",100696112658,33769006286,1,Wrappers Tests,test (react),feature/demo_custom_AI_assistant_jQuery,cancelled,,https://github.com/DevExpress/DevExtreme/actions/runs/33769006286/job/100696112658
"03.09.26, 14:54:28",100696112693,33769006286,1,Wrappers Tests,test (vue),feature/demo_custom_AI_assistant_jQuery,cancelled,,https://github.com/DevExpress/DevExtreme/actions/runs/33769006286/job/100696112693
"03.09.26, 14:54:28",100696112716,33769006286,1,Wrappers Tests,test (angular),feature/demo_custom_AI_assistant_jQuery,cancelled,,https://github.com/DevExpress/DevExtreme/actions/runs/33769006286/job/100696112716
"03.09.26, 14:36:14",100690085338,33767822949,1,Wrappers Tests,build,feature/remove-systemjs-from-demos,cancelled,,https://github.com/DevExpress/DevExtreme/actions/runs/33767822949/job/100690085338
"03.09.26, 14:36:14",100690085637,33767822949,1,Wrappers Tests,check-regenerate,feature/remove-systemjs-from-demos,cancelled,,https://github.com/DevExpress/DevExtreme/actions/runs/33767822949/job/100690085637
"03.09.26, 14:36:15",100690094061,33767822949,1,Wrappers Tests,test,feature/remove-systemjs-from-demos,cancelled,,https://github.com/DevExpress/DevExtreme/actions/runs/33767822949/job/100690094061
"03.09.26, 14:15:31",100683163886,33765016077,1,Wrappers Tests,test (vue),chore/demos-strict-screenshot-comparison,cancelled,Setup pnpm cache,https://github.com/DevExpress/DevExtreme/actions/runs/33765016077/job/100683163886
"03.09.26, 14:15:31",100683163966,33765016077,1,Wrappers Tests,test (angular),chore/demos-strict-screenshot-comparison,cancelled,Setup pnpm cache,https://github.com/DevExpress/DevExtreme/actions/runs/33765016077/job/100683163966
"03.09.26, 14:15:31",100683164247,33765016077,1,Wrappers Tests,test (react),chore/demos-strict-screenshot-comparison,cancelled,Install dependencies,https://github.com/DevExpress/DevExtreme/actions/runs/33765016077/job/100683164247
"03.09.26, 14:06:23",100680161628,33764908277,1,Wrappers Tests,check-regenerate,chore/demos-strict-screenshot-comparison,cancelled,Install dependencies,https://github.com/DevExpress/DevExtreme/actions/runs/33764908277/job/100680161628
"03.09.26, 14:06:23",100680161893,33764908277,1,Wrappers Tests,build,chore/demos-strict-screenshot-comparison,cancelled,Install dependencies,https://github.com/DevExpress/DevExtreme/actions/runs/33764908277/job/100680161893
"03.09.26, 14:08:25",100680831403,33764908277,1,Wrappers Tests,test,chore/demos-strict-screenshot-comparison,cancelled,,https://github.com/DevExpress/DevExtreme/actions/runs/33764908277/job/100680831403
"03.09.26, 14:02:07",100678749817,33764490762,1,Wrappers Tests,build,data_source_controller_main,failure,Build devextreme package,https://github.com/DevExpress/DevExtreme/actions/runs/33764490762/job/100678749817
"03.09.26, 14:06:13",100680103694,33764225224,1,Wrappers Tests,test (react),26_1,failure,,https://github.com/DevExpress/DevExtreme/actions/runs/33764225224/job/100680103694
"03.09.26, 14:06:13",100680103709,33764225224,1,Wrappers Tests,test (angular),26_1,failure,,https://github.com/DevExpress/DevExtreme/actions/runs/33764225224/job/100680103709
"03.09.26, 13:54:35",100676299997,33763056673,1,Wrappers Tests,test (react),chore/remove-committed-mask-etalons,cancelled,Test react,https://github.com/DevExpress/DevExtreme/actions/runs/33763056673/job/100676299997
"03.09.26, 13:54:35",100676300048,33763056673,1,Wrappers Tests,test (angular),chore/remove-committed-mask-etalons,cancelled,Test angular,https://github.com/DevExpress/DevExtreme/actions/runs/33763056673/job/100676300048
"03.09.26, 13:54:35",100676300155,33763056673,1,Wrappers Tests,test (vue),chore/remove-committed-mask-etalons,cancelled,Test vue,https://github.com/DevExpress/DevExtreme/actions/runs/33763056673/job/100676300155
"03.09.26, 13:46:55",100673881064,33763053535,1,Wrappers Tests,build,chore/remove-committed-mask-etalons,cancelled,Install dependencies,https://github.com/DevExpress/DevExtreme/actions/runs/33763053535/job/100673881064
"03.09.26, 13:46:55",100673881398,33763053535,1,Wrappers Tests,check-regenerate,chore/remove-committed-mask-etalons,cancelled,Get sources,https://github.com/DevExpress/DevExtreme/actions/runs/33763053535/job/100673881398
"03.09.26, 13:48:05",100674239752,33763053535,1,Wrappers Tests,test,chore/remove-committed-mask-etalons,cancelled,,https://github.com/DevExpress/DevExtreme/actions/runs/33763053535/job/100674239752
"03.09.26, 13:42:02",100672354363,33762087559,1,Wrappers Tests,test (vue),a11y/disabled-state-markers,cancelled,Test vue,https://github.com/DevExpress/DevExtreme/actions/runs/33762087559/job/100672354363
"03.09.26, 13:42:02",100672354504,33762087559,1,Wrappers Tests,test (angular),a11y/disabled-state-markers,cancelled,Test angular,https://github.com/DevExpress/DevExtreme/actions/runs/33762087559/job/100672354504
"03.09.26, 13:42:02",100672354625,33762087559,1,Wrappers Tests,test (react),a11y/disabled-state-markers,cancelled,Test react,https://github.com/DevExpress/DevExtreme/actions/runs/33762087559/job/100672354625
"03.09.26, 13:30:47",100668892054,33761252734,1,Wrappers Tests,test (angular),a11y/disabled-state-markers,cancelled,Post Setup pnpm cache,https://github.com/DevExpress/DevExtreme/actions/runs/33761252734/job/100668892054
"03.09.26, 13:25:03",100667100813,33760519710,1,Wrappers Tests,test (react),a11y/disabled-state-markers,cancelled,Test react,https://github.com/DevExpress/DevExtreme/actions/runs/33760519710/job/100667100813
"03.09.26, 13:25:03",100667100923,33760519710,1,Wrappers Tests,test (vue),a11y/disabled-state-markers,cancelled,Test vue,https://github.com/DevExpress/DevExtreme/actions/runs/33760519710/job/100667100923
"03.09.26, 13:25:03",100667100924,33760519710,1,Wrappers Tests,test (angular),a11y/disabled-state-markers,cancelled,Test angular,https://github.com/DevExpress/DevExtreme/actions/runs/33760519710/job/100667100924
"03.09.26, 13:19:12",100665143820,33760336661,1,Wrappers Tests,check-regenerate,a11y/disabled-state-markers,cancelled,Install dependencies,https://github.com/DevExpress/DevExtreme/actions/runs/33760336661/job/100665143820
"03.09.26, 13:19:12",100665144293,33760336661,1,Wrappers Tests,build,a11y/disabled-state-markers,cancelled,Install dependencies,https://github.com/DevExpress/DevExtreme/actions/runs/33760336661/job/100665144293
"03.09.26, 13:20:19",100665528015,33760336661,1,Wrappers Tests,test,a11y/disabled-state-markers,cancelled,,https://github.com/DevExpress/DevExtreme/actions/runs/33760336661/job/100665528015
"03.09.26, 13:03:50",100659939426,33758295522,1,Wrappers Tests,test (angular),a11y/disabled-state-markers,cancelled,,https://github.com/DevExpress/DevExtreme/actions/runs/33758295522/job/100659939426
"03.09.26, 13:03:50",100659939519,33758295522,1,Wrappers Tests,test (react),a11y/disabled-state-markers,cancelled,,https://github.com/DevExpress/DevExtreme/actions/runs/33758295522/job/100659939519
"03.09.26, 12:26:08",100647804925,33755112015,1,Wrappers Tests,build,feature/add-demo-datagrid-ai-detail-view,cancelled,Post Setup pnpm cache,https://github.com/DevExpress/DevExtreme/actions/runs/33755112015/job/100647804925
"03.09.26, 12:26:08",100647805363,33755112015,1,Wrappers Tests,check-regenerate,feature/add-demo-datagrid-ai-detail-view,cancelled,Generate wrappers,https://github.com/DevExpress/DevExtreme/actions/runs/33755112015/job/100647805363
"03.09.26, 12:28:30",100648548825,33755112015,1,Wrappers Tests,test,feature/add-demo-datagrid-ai-detail-view,cancelled,,https://github.com/DevExpress/DevExtreme/actions/runs/33755112015/job/100648548825
"03.09.26, 12:20:50",100646133416,33754169557,1,Wrappers Tests,test (react),feature/add-demo-datagrid-ai-detail-view,cancelled,,https://github.com/DevExpress/DevExtreme/actions/runs/33754169557/job/100646133416
"03.09.26, 12:20:50",100646133461,33754169557,1,Wrappers Tests,test (angular),feature/add-demo-datagrid-ai-detail-view,cancelled,Test angular,https://github.com/DevExpress/DevExtreme/actions/runs/33754169557/job/100646133461
"03.09.26, 10:14:15",100609675423,33742837720,1,Wrappers Tests,test (angular),fluent-next/disabled,cancelled,Test angular,https://github.com/DevExpress/DevExtreme/actions/runs/33742837720/job/100609675423
"03.09.26, 10:14:15",100609675454,33742837720,1,Wrappers Tests,test (react),fluent-next/disabled,cancelled,Test react,https://github.com/DevExpress/DevExtreme/actions/runs/33742837720/job/100609675454
"03.09.26, 10:14:15",100609675467,33742837720,1,Wrappers Tests,test (vue),fluent-next/disabled,cancelled,Test vue,https://github.com/DevExpress/DevExtreme/actions/runs/33742837720/job/100609675467
"03.09.26, 10:09:36",100608353606,33742757480,1,Wrappers Tests,check-regenerate,fluent-next/disabled,cancelled,Install dependencies,https://github.com/DevExpress/DevExtreme/actions/runs/33742757480/job/100608353606
"03.09.26, 10:09:36",100608353868,33742757480,1,Wrappers Tests,build,fluent-next/disabled,cancelled,Install dependencies,https://github.com/DevExpress/DevExtreme/actions/runs/33742757480/job/100608353868
"03.09.26, 10:10:43",100608672941,33742757480,1,Wrappers Tests,test,fluent-next/disabled,cancelled,,https://github.com/DevExpress/DevExtreme/actions/runs/33742757480/job/100608672941
"03.09.26, 10:05:58",100607298191,33741811437,1,Wrappers Tests,test (vue),fluent-next/disabled,cancelled,Test vue,https://github.com/DevExpress/DevExtreme/actions/runs/33741811437/job/100607298191
"03.09.26, 10:05:58",100607298270,33741811437,1,Wrappers Tests,test (angular),fluent-next/disabled,cancelled,Test angular,https://github.com/DevExpress/DevExtreme/actions/runs/33741811437/job/100607298270
"03.09.26, 10:05:58",100607298333,33741811437,1,Wrappers Tests,test (react),fluent-next/disabled,cancelled,Pack react,https://github.com/DevExpress/DevExtreme/actions/runs/33741811437/job/100607298333
"03.09.26, 10:01:42",100606054838,33741664865,1,Wrappers Tests,test (react),5056-t1334708---tooltip---esc-key-closes-both-the-tooltip-and-its-parent-overlay,cancelled,Test react,https://github.com/DevExpress/DevExtreme/actions/runs/33741664865/job/100606054838
"03.09.26, 10:01:42",100606054882,33741664865,1,Wrappers Tests,test (angular),5056-t1334708---tooltip---esc-key-closes-both-the-tooltip-and-its-parent-overlay,cancelled,Test angular,https://github.com/DevExpress/DevExtreme/actions/runs/33741664865/job/100606054882
"03.09.26, 10:01:42",100606054952,33741664865,1,Wrappers Tests,test (vue),5056-t1334708---tooltip---esc-key-closes-both-the-tooltip-and-its-parent-overlay,cancelled,Test vue,https://github.com/DevExpress/DevExtreme/actions/runs/33741664865/job/100606054952
"03.09.26, 09:33:05",100597726604,33739465521,1,Wrappers Tests,build,gh-readonly-queue/main/pr-35016-54e3d3f4f4b17870bf8c46a714dc22cd8ff28f80,failure,,https://github.com/DevExpress/DevExtreme/actions/runs/33739465521/job/100597726604
"03.09.26, 09:00:49",100588138834,33736486026,1,Wrappers Tests,build,refactor_custom_load_pipeline_26_1,failure,Build devextreme package,https://github.com/DevExpress/DevExtreme/actions/runs/33736486026/job/100588138834
"03.09.26, 08:47:41",100584264124,33735281841,1,Wrappers Tests,build,refactor_custom_load_pipeline_26_1,failure,Build devextreme package,https://github.com/DevExpress/DevExtreme/actions/runs/33735281841/job/100584264124
"03.09.26, 08:36:25",100581021429,33734262140,1,Wrappers Tests,build,26_1,failure,,https://github.com/DevExpress/DevExtreme/actions/runs/33734262140/job/100581021429
"03.09.26, 08:33:57",100580303899,33734038687,1,Wrappers Tests,build,fix/qunit_mutable_facades,failure,,https://github.com/DevExpress/DevExtreme/actions/runs/33734038687/job/100580303899
"03.09.26, 22:28:57",100839670512,33813247259,1,Wrappers E2E Tests,Build DevExtreme and Wrappers,fluent-next/disabled,cancelled,Install dependencies,https://github.com/DevExpress/DevExtreme/actions/runs/33813247259/job/100839670512
"03.09.26, 22:30:05",100839947735,33813247259,1,Wrappers E2E Tests,Test ${{ matrix.framework }},fluent-next/disabled,cancelled,,https://github.com/DevExpress/DevExtreme/actions/runs/33813247259/job/100839947735
"03.09.26, 20:57:41",100814134644,33805176645,1,Wrappers E2E Tests,Build DevExtreme and Wrappers,cp-26-1/remove-systemjs-from-demos,cancelled,Build all DevExtreme packages,https://github.com/DevExpress/DevExtreme/actions/runs/33805176645/job/100814134644
"03.09.26, 21:00:31",100814995849,33805176645,1,Wrappers E2E Tests,Test ${{ matrix.framework }},cp-26-1/remove-systemjs-from-demos,cancelled,,https://github.com/DevExpress/DevExtreme/actions/runs/33805176645/job/100814995849
"03.09.26, 20:55:42",100813528579,33805087502,1,Wrappers E2E Tests,Build DevExtreme and Wrappers,fix/privotgrid-demo-with-workaround,cancelled,Post Setup nx cache,https://github.com/DevExpress/DevExtreme/actions/runs/33805087502/job/100813528579
"03.09.26, 21:03:17",100815859230,33805087502,1,Wrappers E2E Tests,Test ${{ matrix.framework }},fix/privotgrid-demo-with-workaround,cancelled,,https://github.com/DevExpress/DevExtreme/actions/runs/33805087502/job/100815859230
"03.09.26, 20:52:22",100812492921,33804771096,1,Wrappers E2E Tests,Build DevExtreme and Wrappers,cp-26-1/remove-systemjs-from-demos,cancelled,Build all DevExtreme packages,https://github.com/DevExpress/DevExtreme/actions/runs/33804771096/job/100812492921
"03.09.26, 20:57:41",100814132556,33804771096,1,Wrappers E2E Tests,Test ${{ matrix.framework }},cp-26-1/remove-systemjs-from-demos,cancelled,,https://github.com/DevExpress/DevExtreme/actions/runs/33804771096/job/100814132556
"03.09.26, 19:48:57",100792301535,33798625305,1,Wrappers E2E Tests,Build DevExtreme and Wrappers,chore/testcafe-test-execution-timeout-26_1,failure,,https://github.com/DevExpress/DevExtreme/actions/runs/33798625305/job/100792301535
"03.09.26, 18:50:05",100773352376,33792757032,1,Wrappers E2E Tests,Build DevExtreme and Wrappers,fix/privotgrid-demo-with-workaround,cancelled,Build all DevExtreme packages,https://github.com/DevExpress/DevExtreme/actions/runs/33792757032/job/100773352376
"03.09.26, 18:52:14",100774063573,33792757032,1,Wrappers E2E Tests,Test ${{ matrix.framework }},fix/privotgrid-demo-with-workaround,cancelled,,https://github.com/DevExpress/DevExtreme/actions/runs/33792757032/job/100774063573
"03.09.26, 18:48:57",100772980594,33792734985,1,Wrappers E2E Tests,Build DevExtreme and Wrappers,fix/privotgrid-demo-with-workaround,cancelled,Install dependencies,https://github.com/DevExpress/DevExtreme/actions/runs/33792734985/job/100772980594
"03.09.26, 18:50:04",100773351021,33792734985,1,Wrappers E2E Tests,Test ${{ matrix.framework }},fix/privotgrid-demo-with-workaround,cancelled,,https://github.com/DevExpress/DevExtreme/actions/runs/33792734985/job/100773351021
"03.09.26, 16:59:12",100737236081,33781819818,1,Wrappers E2E Tests,Build DevExtreme and Wrappers,chore/demos-strict-screenshot-comparison,cancelled,Install dependencies,https://github.com/DevExpress/DevExtreme/actions/runs/33781819818/job/100737236081
"03.09.26, 17:00:18",100737601811,33781819818,1,Wrappers E2E Tests,Test ${{ matrix.framework }},chore/demos-strict-screenshot-comparison,cancelled,,https://github.com/DevExpress/DevExtreme/actions/runs/33781819818/job/100737601811
"03.09.26, 16:58:03",100736872176,33780998127,1,Wrappers E2E Tests,Test angular,chore/demos-strict-screenshot-comparison,cancelled,Install dependencies,https://github.com/DevExpress/DevExtreme/actions/runs/33780998127/job/100736872176
"03.09.26, 16:58:03",100736872270,33780998127,1,Wrappers E2E Tests,Test vue3,chore/demos-strict-screenshot-comparison,cancelled,Install dependencies,https://github.com/DevExpress/DevExtreme/actions/runs/33780998127/job/100736872270
"03.09.26, 16:58:03",100736872385,33780998127,1,Wrappers E2E Tests,Test react19,chore/demos-strict-screenshot-comparison,cancelled,Install dependencies,https://github.com/DevExpress/DevExtreme/actions/runs/33780998127/job/100736872385
"03.09.26, 16:02:17",100718412090,33776203948,1,Wrappers E2E Tests,Build DevExtreme and Wrappers,chore/demos-strict-screenshot-comparison,cancelled,Build all DevExtreme packages,https://github.com/DevExpress/DevExtreme/actions/runs/33776203948/job/100718412090
"03.09.26, 16:05:56",100719654342,33776203948,1,Wrappers E2E Tests,Test ${{ matrix.framework }},chore/demos-strict-screenshot-comparison,cancelled,,https://github.com/DevExpress/DevExtreme/actions/runs/33776203948/job/100719654342
"03.09.26, 14:48:18",100694104180,33769006443,1,Wrappers E2E Tests,Build DevExtreme and Wrappers,feature/demo_custom_AI_assistant_jQuery,cancelled,Post Setup nx cache,https://github.com/DevExpress/DevExtreme/actions/runs/33769006443/job/100694104180
"03.09.26, 14:55:54",100696572936,33769006443,1,Wrappers E2E Tests,Test ${{ matrix.framework }},feature/demo_custom_AI_assistant_jQuery,cancelled,,https://github.com/DevExpress/DevExtreme/actions/runs/33769006443/job/100696572936
"03.09.26, 14:36:14",100690084728,33767822851,1,Wrappers E2E Tests,Build DevExtreme and Wrappers,feature/remove-systemjs-from-demos,cancelled,,https://github.com/DevExpress/DevExtreme/actions/runs/33767822851/job/100690084728
"03.09.26, 14:36:15",100690093535,33767822851,1,Wrappers E2E Tests,Test ${{ matrix.framework }},feature/remove-systemjs-from-demos,cancelled,,https://github.com/DevExpress/DevExtreme/actions/runs/33767822851/job/100690093535
"03.09.26, 14:15:47",100683254866,33765015859,1,Wrappers E2E Tests,Test angular,chore/demos-strict-screenshot-comparison,cancelled,Install dependencies,https://github.com/DevExpress/DevExtreme/actions/runs/33765015859/job/100683254866
"03.09.26, 14:15:47",100683254923,33765015859,1,Wrappers E2E Tests,Test vue3,chore/demos-strict-screenshot-comparison,cancelled,Install dependencies,https://github.com/DevExpress/DevExtreme/actions/runs/33765015859/job/100683254923
"03.09.26, 14:15:47",100683254940,33765015859,1,Wrappers E2E Tests,Test react19,chore/demos-strict-screenshot-comparison,cancelled,Install dependencies,https://github.com/DevExpress/DevExtreme/actions/runs/33765015859/job/100683254940
"03.09.26, 14:06:23",100680162467,33764908342,1,Wrappers E2E Tests,Build DevExtreme and Wrappers,chore/demos-strict-screenshot-comparison,cancelled,,https://github.com/DevExpress/DevExtreme/actions/runs/33764908342/job/100680162467
"03.09.26, 14:07:30",100680529613,33764908342,1,Wrappers E2E Tests,Test ${{ matrix.framework }},chore/demos-strict-screenshot-comparison,cancelled,,https://github.com/DevExpress/DevExtreme/actions/runs/33764908342/job/100680529613
"03.09.26, 14:02:07",100678749197,33764490712,1,Wrappers E2E Tests,Build DevExtreme and Wrappers,data_source_controller_main,failure,Build all DevExtreme packages,https://github.com/DevExpress/DevExtreme/actions/runs/33764490712/job/100678749197
"03.09.26, 13:47:00",100673906929,33763056643,1,Wrappers E2E Tests,Build DevExtreme and Wrappers,chore/remove-committed-mask-etalons,cancelled,Post Setup pnpm cache,https://github.com/DevExpress/DevExtreme/actions/runs/33763056643/job/100673906929
"03.09.26, 13:56:05",100676781933,33763056643,1,Wrappers E2E Tests,Test ${{ matrix.framework }},chore/remove-committed-mask-etalons,cancelled,,https://github.com/DevExpress/DevExtreme/actions/runs/33763056643/job/100676781933
"03.09.26, 13:46:55",100673881309,33763053490,1,Wrappers E2E Tests,Build DevExtreme and Wrappers,chore/remove-committed-mask-etalons,cancelled,Set up job,https://github.com/DevExpress/DevExtreme/actions/runs/33763053490/job/100673881309
"03.09.26, 13:47:00",100673905996,33763053490,1,Wrappers E2E Tests,Test ${{ matrix.framework }},chore/remove-committed-mask-etalons,cancelled,,https://github.com/DevExpress/DevExtreme/actions/runs/33763053490/job/100673905996
"03.09.26, 13:37:07",100670826226,33762087483,1,Wrappers E2E Tests,Build DevExtreme and Wrappers,a11y/disabled-state-markers,cancelled,,https://github.com/DevExpress/DevExtreme/actions/runs/33762087483/job/100670826226
"03.09.26, 13:45:25",100673400104,33762087483,1,Wrappers E2E Tests,Test ${{ matrix.framework }},a11y/disabled-state-markers,cancelled,,https://github.com/DevExpress/DevExtreme/actions/runs/33762087483/job/100673400104
"03.09.26, 13:36:00",100670462197,33761252627,1,Wrappers E2E Tests,Test vue3,a11y/disabled-state-markers,cancelled,Install dependencies,https://github.com/DevExpress/DevExtreme/actions/runs/33761252627/job/100670462197
"03.09.26, 13:36:00",100670462270,33761252627,1,Wrappers E2E Tests,Test angular,a11y/disabled-state-markers,cancelled,Install dependencies,https://github.com/DevExpress/DevExtreme/actions/runs/33761252627/job/100670462270
"03.09.26, 13:36:00",100670462352,33761252627,1,Wrappers E2E Tests,Test react19,a11y/disabled-state-markers,cancelled,Install dependencies,https://github.com/DevExpress/DevExtreme/actions/runs/33761252627/job/100670462352
"03.09.26, 13:20:32",100665599818,33760519678,1,Wrappers E2E Tests,Build DevExtreme and Wrappers,a11y/disabled-state-markers,cancelled,Post Setup nx cache,https://github.com/DevExpress/DevExtreme/actions/runs/33760519678/job/100665599818
"03.09.26, 13:28:07",100668068381,33760519678,1,Wrappers E2E Tests,Test ${{ matrix.framework }},a11y/disabled-state-markers,cancelled,,https://github.com/DevExpress/DevExtreme/actions/runs/33760519678/job/100668068381
"03.09.26, 13:18:35",100664931438,33760336812,1,Wrappers E2E Tests,Build DevExtreme and Wrappers,a11y/disabled-state-markers,cancelled,Build all DevExtreme packages,https://github.com/DevExpress/DevExtreme/actions/runs/33760336812/job/100664931438
"03.09.26, 13:20:31",100665598553,33760336812,1,Wrappers E2E Tests,Test ${{ matrix.framework }},a11y/disabled-state-markers,cancelled,,https://github.com/DevExpress/DevExtreme/actions/runs/33760336812/job/100665598553
"03.09.26, 13:14:05",100663380698,33759913492,1,Wrappers E2E Tests,Build DevExtreme and Wrappers,a11y/disabled-state-markers,cancelled,Build all DevExtreme packages,https://github.com/DevExpress/DevExtreme/actions/runs/33759913492/job/100663380698
"03.09.26, 13:18:34",100664930164,33759913492,1,Wrappers E2E Tests,Test ${{ matrix.framework }},a11y/disabled-state-markers,cancelled,,https://github.com/DevExpress/DevExtreme/actions/runs/33759913492/job/100664930164
"03.09.26, 12:25:26",100647583339,33755112157,1,Wrappers E2E Tests,Build DevExtreme and Wrappers,feature/add-demo-datagrid-ai-detail-view,cancelled,Build all DevExtreme packages,https://github.com/DevExpress/DevExtreme/actions/runs/33755112157/job/100647583339
"03.09.26, 12:28:34",100648565120,33755112157,1,Wrappers E2E Tests,Test ${{ matrix.framework }},feature/add-demo-datagrid-ai-detail-view,cancelled,,https://github.com/DevExpress/DevExtreme/actions/runs/33755112157/job/100648565120
"03.09.26, 12:23:52",100647079441,33754169566,1,Wrappers E2E Tests,Test react19,feature/add-demo-datagrid-ai-detail-view,cancelled,,https://github.com/DevExpress/DevExtreme/actions/runs/33754169566/job/100647079441
"03.09.26, 10:11:02",100608769110,33742924455,1,Wrappers E2E Tests,Build DevExtreme and Wrappers,gh-readonly-queue/main/pr-35030-b9f5de667ef5508a0529bcb45593569f913a3650,failure,,https://github.com/DevExpress/DevExtreme/actions/runs/33742924455/job/100608769110
"03.09.26, 10:10:07",100608503273,33742837655,1,Wrappers E2E Tests,Build DevExtreme and Wrappers,fluent-next/disabled,cancelled,Build wrappers apps,https://github.com/DevExpress/DevExtreme/actions/runs/33742837655/job/100608503273
"03.09.26, 10:17:46",100610681383,33742837655,1,Wrappers E2E Tests,Test ${{ matrix.framework }},fluent-next/disabled,cancelled,,https://github.com/DevExpress/DevExtreme/actions/runs/33742837655/job/100610681383
"03.09.26, 10:09:00",100608181494,33741811562,1,Wrappers E2E Tests,Test react19,fluent-next/disabled,cancelled,Install dependencies,https://github.com/DevExpress/DevExtreme/actions/runs/33741811562/job/100608181494
"03.09.26, 10:09:00",100608181526,33741811562,1,Wrappers E2E Tests,Test angular,fluent-next/disabled,cancelled,Install dependencies,https://github.com/DevExpress/DevExtreme/actions/runs/33741811562/job/100608181526
"03.09.26, 10:09:00",100608181567,33741811562,1,Wrappers E2E Tests,Test vue3,fluent-next/disabled,cancelled,Install dependencies,https://github.com/DevExpress/DevExtreme/actions/runs/33741811562/job/100608181567
"03.09.26, 09:57:13",100604767516,33741664766,1,Wrappers E2E Tests,Build DevExtreme and Wrappers,5056-t1334708---tooltip---esc-key-closes-both-the-tooltip-and-its-parent-overlay,cancelled,Build all DevExtreme packages,https://github.com/DevExpress/DevExtreme/actions/runs/33741664766/job/100604767516
"03.09.26, 10:04:13",100606787518,33741664766,1,Wrappers E2E Tests,Test ${{ matrix.framework }},5056-t1334708---tooltip---esc-key-closes-both-the-tooltip-and-its-parent-overlay,cancelled,,https://github.com/DevExpress/DevExtreme/actions/runs/33741664766/job/100606787518
"03.09.26, 09:00:49",100588138257,33736485934,1,Wrappers E2E Tests,Build DevExtreme and Wrappers,refactor_custom_load_pipeline_26_1,failure,Build all DevExtreme packages,https://github.com/DevExpress/DevExtreme/actions/runs/33736485934/job/100588138257
"03.09.26, 08:47:41",100584264103,33735281845,1,Wrappers E2E Tests,Build DevExtreme and Wrappers,refactor_custom_load_pipeline_26_1,failure,Build all DevExtreme packages,https://github.com/DevExpress/DevExtreme/actions/runs/33735281845/job/100584264103
