created at,id,run id,run attempt,workflow name,name,head branch,conclusion,step,html url
"25.09.26, 13:23:58",108089522951,36140696098,1,Build and pack DevExtreme npm packages,build,feature/viz-tokens-leftovers,cancelled,Build npm packages,https://github.com/DevExpress/DevExtreme/actions/runs/36140696098/job/108089522951
"25.09.26, 13:28:05",108090964742,36140696098,1,Build and pack DevExtreme npm packages,custom_bundles,feature/viz-tokens-leftovers,cancelled,,https://github.com/DevExpress/DevExtreme/actions/runs/36140696098/job/108090964742
"25.09.26, 13:02:05",108082061843,36138434875,1,Build and pack DevExtreme npm packages,build,gh-readonly-queue/main/pr-35349-1b95f0be28fed4880f8e53e80e7bee45ea70ee22,failure,,https://github.com/DevExpress/DevExtreme/actions/runs/36138434875/job/108082061843
"25.09.26, 12:02:16",108063289378,36132635185,1,Build and pack DevExtreme npm packages,build,chore/26_1_chrome_153_update,cancelled,Build npm packages,https://github.com/DevExpress/DevExtreme/actions/runs/36132635185/job/108063289378
"25.09.26, 12:06:08",108064445812,36132635185,1,Build and pack DevExtreme npm packages,custom_bundles,chore/26_1_chrome_153_update,cancelled,,https://github.com/DevExpress/DevExtreme/actions/runs/36132635185/job/108064445812
"25.09.26, 11:56:42",108061659318,36132153108,1,Build and pack DevExtreme npm packages,build,chore/26_1_chrome_153_update,cancelled,Build npm packages,https://github.com/DevExpress/DevExtreme/actions/runs/36132153108/job/108061659318
"25.09.26, 12:02:16",108063288155,36132153108,1,Build and pack DevExtreme npm packages,custom_bundles,chore/26_1_chrome_153_update,cancelled,,https://github.com/DevExpress/DevExtreme/actions/runs/36132153108/job/108063288155
"25.09.26, 11:55:40",108061361755,36132061857,1,Build and pack DevExtreme npm packages,build,feature/update-design-tokens-internal,failure,Install dependencies,https://github.com/DevExpress/DevExtreme/actions/runs/36132061857/job/108061361755
"25.09.26, 11:44:22",108058080910,36131030373,1,Build and pack DevExtreme npm packages,build,feature/update-design-tokens-internal,failure,Install dependencies,https://github.com/DevExpress/DevExtreme/actions/runs/36131030373/job/108058080910
"25.09.26, 11:39:11",108056576679,36130525068,1,Build and pack DevExtreme npm packages,build,fix/chart-zoom-limit-5219_26_1,cancelled,Build npm packages,https://github.com/DevExpress/DevExtreme/actions/runs/36130525068/job/108056576679
"25.09.26, 11:45:36",108058445284,36130525068,1,Build and pack DevExtreme npm packages,custom_bundles,fix/chart-zoom-limit-5219_26_1,cancelled,,https://github.com/DevExpress/DevExtreme/actions/runs/36130525068/job/108058445284
"25.09.26, 11:38:48",108056466455,36130497301,1,Build and pack DevExtreme npm packages,build,fix/chart-zoom-limit-5219,cancelled,Build npm packages,https://github.com/DevExpress/DevExtreme/actions/runs/36130497301/job/108056466455
"25.09.26, 11:45:23",108058379590,36130497301,1,Build and pack DevExtreme npm packages,custom_bundles,fix/chart-zoom-limit-5219,cancelled,,https://github.com/DevExpress/DevExtreme/actions/runs/36130497301/job/108058379590
"25.09.26, 11:35:29",108055512574,36130218094,1,Build and pack DevExtreme npm packages,build,fix/chart-zoom-limit-5219_26_1,cancelled,Build npm packages,https://github.com/DevExpress/DevExtreme/actions/runs/36130218094/job/108055512574
"25.09.26, 11:39:11",108056575980,36130218094,1,Build and pack DevExtreme npm packages,custom_bundles,fix/chart-zoom-limit-5219_26_1,cancelled,,https://github.com/DevExpress/DevExtreme/actions/runs/36130218094/job/108056575980
"25.09.26, 11:34:54",108055343912,36130161771,1,Build and pack DevExtreme npm packages,build,fix/chart-zoom-limit-5219,cancelled,Build npm packages,https://github.com/DevExpress/DevExtreme/actions/runs/36130161771/job/108055343912
"25.09.26, 11:38:48",108056465314,36130161771,1,Build and pack DevExtreme npm packages,custom_bundles,fix/chart-zoom-limit-5219,cancelled,,https://github.com/DevExpress/DevExtreme/actions/runs/36130161771/job/108056465314
"25.09.26, 10:44:02",108040771472,36125566575,1,Build and pack DevExtreme npm packages,build,feature/update-design-tokens-internal,failure,Install dependencies,https://github.com/DevExpress/DevExtreme/actions/runs/36125566575/job/108040771472
"25.09.26, 10:41:50",108040141477,36125368771,1,Build and pack DevExtreme npm packages,build,feature/update-design-tokens-internal,failure,Install dependencies,https://github.com/DevExpress/DevExtreme/actions/runs/36125368771/job/108040141477
"25.09.26, 08:19:27",107998272185,36112242590,1,Build and pack DevExtreme npm packages,build,feature/viz-tokens-leftovers,cancelled,Build npm packages,https://github.com/DevExpress/DevExtreme/actions/runs/36112242590/job/107998272185
"25.09.26, 08:22:29",107999124377,36112242590,1,Build and pack DevExtreme npm packages,custom_bundles,feature/viz-tokens-leftovers,cancelled,,https://github.com/DevExpress/DevExtreme/actions/runs/36112242590/job/107999124377
"25.09.26, 08:13:21",107996540522,36111745952,1,Build and pack DevExtreme npm packages,build,feature/viz-tokens-leftovers,cancelled,Build npm packages,https://github.com/DevExpress/DevExtreme/actions/runs/36111745952/job/107996540522
"25.09.26, 08:19:27",107998271163,36111745952,1,Build and pack DevExtreme npm packages,custom_bundles,feature/viz-tokens-leftovers,cancelled,,https://github.com/DevExpress/DevExtreme/actions/runs/36111745952/job/107998271163
"25.09.26, 01:37:58",107908373753,36081516821,1,CodeQL,Send notifications,25_1,failure,Set up job,https://github.com/DevExpress/DevExtreme/actions/runs/36081516821/job/107908373753
"25.09.26, 01:35:56",107907925952,36081516140,1,CodeQL,Send notifications,24_2,failure,Set up job,https://github.com/DevExpress/DevExtreme/actions/runs/36081516140/job/107907925952
"25.09.26, 13:23:58",108089523333,36140696117,1,Default Workflow,main,feature/viz-tokens-leftovers,cancelled,Run targets,https://github.com/DevExpress/DevExtreme/actions/runs/36140696117/job/108089523333
"25.09.26, 11:55:39",108061361561,36132061799,1,Default Workflow,main,feature/update-design-tokens-internal,failure,Install dependencies,https://github.com/DevExpress/DevExtreme/actions/runs/36132061799/job/108061361561
"25.09.26, 11:44:22",108058080840,36131030327,1,Default Workflow,main,feature/update-design-tokens-internal,failure,Install dependencies,https://github.com/DevExpress/DevExtreme/actions/runs/36131030327/job/108058080840
"25.09.26, 11:35:29",108055512287,36130217992,1,Default Workflow,main,fix/chart-zoom-limit-5219_26_1,cancelled,Run targets,https://github.com/DevExpress/DevExtreme/actions/runs/36130217992/job/108055512287
"25.09.26, 11:34:54",108055343741,36130161764,1,Default Workflow,main,fix/chart-zoom-limit-5219,cancelled,Run targets,https://github.com/DevExpress/DevExtreme/actions/runs/36130161764/job/108055343741
"25.09.26, 10:44:02",108040771779,36125566576,1,Default Workflow,main,feature/update-design-tokens-internal,failure,Install dependencies,https://github.com/DevExpress/DevExtreme/actions/runs/36125566576/job/108040771779
"25.09.26, 10:41:50",108040141797,36125368890,1,Default Workflow,main,feature/update-design-tokens-internal,failure,Install dependencies,https://github.com/DevExpress/DevExtreme/actions/runs/36125368890/job/108040141797
"25.09.26, 08:19:08",107998182817,36112242418,1,Default Workflow,main,feature/viz-tokens-leftovers,cancelled,Run targets,https://github.com/DevExpress/DevExtreme/actions/runs/36112242418/job/107998182817
"25.09.26, 08:13:21",107996540537,36111745872,1,Default Workflow,main,feature/viz-tokens-leftovers,cancelled,Run targets,https://github.com/DevExpress/DevExtreme/actions/runs/36111745872/job/107996540537
"25.09.26, 11:55:46",108061391247,36132061895,1,Demos unit tests,Run unit tests,feature/update-design-tokens-internal,failure,Install dependencies,https://github.com/DevExpress/DevExtreme/actions/runs/36132061895/job/108061391247
"25.09.26, 11:44:28",108058114764,36131030375,1,Demos unit tests,Run unit tests,feature/update-design-tokens-internal,failure,Install dependencies,https://github.com/DevExpress/DevExtreme/actions/runs/36131030375/job/108058114764
"25.09.26, 10:44:08",108040796517,36125566729,1,Demos unit tests,Run unit tests,feature/update-design-tokens-internal,failure,Install dependencies,https://github.com/DevExpress/DevExtreme/actions/runs/36125566729/job/108040796517
"25.09.26, 10:41:55",108040166808,36125368843,1,Demos unit tests,Run unit tests,feature/update-design-tokens-internal,failure,Install dependencies,https://github.com/DevExpress/DevExtreme/actions/runs/36125368843/job/108040166808
"25.09.26, 13:21:11",108088550165,36138426223,1,Demos Visual Tests,vue(1/5)-screenshots-fluent.blue.light,25_2,failure,,https://github.com/DevExpress/DevExtreme/actions/runs/36138426223/job/108088550165
"25.09.26, 13:45:55",108097268758,36143043771,1,Lint,TS,type_columns_utils_4_main,failure,,https://github.com/DevExpress/DevExtreme/actions/runs/36143043771/job/108097268758
"25.09.26, 13:39:57",108095135090,36142393000,1,Lint,TS,gh-readonly-queue/main/pr-35332-016f583ef9ab95b958f6c28a4ad81b1eb12c00a4,failure,,https://github.com/DevExpress/DevExtreme/actions/runs/36142393000/job/108095135090
"25.09.26, 13:23:58",108089523158,36140696032,1,Lint,JS,feature/viz-tokens-leftovers,cancelled,Build,https://github.com/DevExpress/DevExtreme/actions/runs/36140696032/job/108089523158
"25.09.26, 13:23:58",108089523590,36140696032,1,Lint,wrappers,feature/viz-tokens-leftovers,cancelled,,https://github.com/DevExpress/DevExtreme/actions/runs/36140696032/job/108089523590
"25.09.26, 13:23:58",108089523599,36140696032,1,Lint,TS,feature/viz-tokens-leftovers,cancelled,Build,https://github.com/DevExpress/DevExtreme/actions/runs/36140696032/job/108089523599
"25.09.26, 13:23:58",108089523670,36140696032,1,Lint,texts,feature/viz-tokens-leftovers,cancelled,,https://github.com/DevExpress/DevExtreme/actions/runs/36140696032/job/108089523670
"25.09.26, 13:28:06",108090966120,36140696032,1,Lint,Send notifications,feature/viz-tokens-leftovers,cancelled,,https://github.com/DevExpress/DevExtreme/actions/runs/36140696032/job/108090966120
"25.09.26, 12:02:00",108063206015,36132635266,1,Lint,TS,chore/26_1_chrome_153_update,cancelled,Lint TS,https://github.com/DevExpress/DevExtreme/actions/runs/36132635266/job/108063206015
"25.09.26, 12:06:05",108064429570,36132635266,1,Lint,Send notifications,chore/26_1_chrome_153_update,cancelled,,https://github.com/DevExpress/DevExtreme/actions/runs/36132635266/job/108064429570
"25.09.26, 11:55:39",108061361374,36132061928,1,Lint,wrappers,feature/update-design-tokens-internal,failure,Install dependencies,https://github.com/DevExpress/DevExtreme/actions/runs/36132061928/job/108061361374
"25.09.26, 11:55:40",108061361592,36132061928,1,Lint,texts,feature/update-design-tokens-internal,failure,Install dependencies,https://github.com/DevExpress/DevExtreme/actions/runs/36132061928/job/108061361592
"25.09.26, 11:55:40",108061361632,36132061928,1,Lint,JS,feature/update-design-tokens-internal,failure,Install dependencies,https://github.com/DevExpress/DevExtreme/actions/runs/36132061928/job/108061361632
"25.09.26, 11:55:40",108061361660,36132061928,1,Lint,component_exports,feature/update-design-tokens-internal,failure,Install dependencies,https://github.com/DevExpress/DevExtreme/actions/runs/36132061928/job/108061361660
"25.09.26, 11:55:40",108061361754,36132061928,1,Lint,TS,feature/update-design-tokens-internal,failure,Install dependencies,https://github.com/DevExpress/DevExtreme/actions/runs/36132061928/job/108061361754
"25.09.26, 11:44:22",108058081115,36131030369,1,Lint,TS,feature/update-design-tokens-internal,failure,Install dependencies,https://github.com/DevExpress/DevExtreme/actions/runs/36131030369/job/108058081115
"25.09.26, 11:44:22",108058081306,36131030369,1,Lint,JS,feature/update-design-tokens-internal,failure,Install dependencies,https://github.com/DevExpress/DevExtreme/actions/runs/36131030369/job/108058081306
"25.09.26, 11:44:22",108058081330,36131030369,1,Lint,texts,feature/update-design-tokens-internal,failure,Install dependencies,https://github.com/DevExpress/DevExtreme/actions/runs/36131030369/job/108058081330
"25.09.26, 11:44:22",108058081334,36131030369,1,Lint,wrappers,feature/update-design-tokens-internal,failure,Install dependencies,https://github.com/DevExpress/DevExtreme/actions/runs/36131030369/job/108058081334
"25.09.26, 11:44:22",108058081373,36131030369,1,Lint,component_exports,feature/update-design-tokens-internal,failure,Install dependencies,https://github.com/DevExpress/DevExtreme/actions/runs/36131030369/job/108058081373
"25.09.26, 11:39:12",108056584411,36130525156,1,Lint,TS,fix/chart-zoom-limit-5219_26_1,cancelled,Lint Testcafe tests,https://github.com/DevExpress/DevExtreme/actions/runs/36130525156/job/108056584411
"25.09.26, 11:45:36",108058442389,36130525156,1,Lint,Send notifications,fix/chart-zoom-limit-5219_26_1,cancelled,,https://github.com/DevExpress/DevExtreme/actions/runs/36130525156/job/108058442389
"25.09.26, 11:38:48",108056466818,36130497255,1,Lint,TS,fix/chart-zoom-limit-5219,cancelled,Lint Testcafe tests,https://github.com/DevExpress/DevExtreme/actions/runs/36130497255/job/108056466818
"25.09.26, 11:45:28",108058406029,36130497255,1,Lint,Send notifications,fix/chart-zoom-limit-5219,cancelled,,https://github.com/DevExpress/DevExtreme/actions/runs/36130497255/job/108058406029
"25.09.26, 11:35:29",108055512040,36130217869,1,Lint,TS,fix/chart-zoom-limit-5219_26_1,cancelled,Build,https://github.com/DevExpress/DevExtreme/actions/runs/36130217869/job/108055512040
"25.09.26, 11:35:29",108055512047,36130217869,1,Lint,JS,fix/chart-zoom-limit-5219_26_1,cancelled,Build,https://github.com/DevExpress/DevExtreme/actions/runs/36130217869/job/108055512047
"25.09.26, 11:39:12",108056583795,36130217869,1,Lint,Send notifications,fix/chart-zoom-limit-5219_26_1,cancelled,,https://github.com/DevExpress/DevExtreme/actions/runs/36130217869/job/108056583795
"25.09.26, 11:34:54",108055344140,36130161766,1,Lint,wrappers,fix/chart-zoom-limit-5219,cancelled,,https://github.com/DevExpress/DevExtreme/actions/runs/36130161766/job/108055344140
"25.09.26, 11:34:54",108055344368,36130161766,1,Lint,JS,fix/chart-zoom-limit-5219,cancelled,Build,https://github.com/DevExpress/DevExtreme/actions/runs/36130161766/job/108055344368
"25.09.26, 11:34:54",108055344463,36130161766,1,Lint,TS,fix/chart-zoom-limit-5219,cancelled,Build,https://github.com/DevExpress/DevExtreme/actions/runs/36130161766/job/108055344463
"25.09.26, 11:38:48",108056465996,36130161766,1,Lint,Send notifications,fix/chart-zoom-limit-5219,cancelled,,https://github.com/DevExpress/DevExtreme/actions/runs/36130161766/job/108056465996
"25.09.26, 10:44:02",108040771221,36125566480,1,Lint,TS,feature/update-design-tokens-internal,failure,Install dependencies,https://github.com/DevExpress/DevExtreme/actions/runs/36125566480/job/108040771221
"25.09.26, 10:44:02",108040771413,36125566480,1,Lint,component_exports,feature/update-design-tokens-internal,failure,Install dependencies,https://github.com/DevExpress/DevExtreme/actions/runs/36125566480/job/108040771413
"25.09.26, 10:44:02",108040771429,36125566480,1,Lint,JS,feature/update-design-tokens-internal,failure,Install dependencies,https://github.com/DevExpress/DevExtreme/actions/runs/36125566480/job/108040771429
"25.09.26, 10:44:02",108040771447,36125566480,1,Lint,wrappers,feature/update-design-tokens-internal,failure,Install dependencies,https://github.com/DevExpress/DevExtreme/actions/runs/36125566480/job/108040771447
"25.09.26, 10:44:02",108040771619,36125566480,1,Lint,texts,feature/update-design-tokens-internal,failure,Install dependencies,https://github.com/DevExpress/DevExtreme/actions/runs/36125566480/job/108040771619
"25.09.26, 10:41:50",108040141442,36125368772,1,Lint,wrappers,feature/update-design-tokens-internal,failure,Install dependencies,https://github.com/DevExpress/DevExtreme/actions/runs/36125368772/job/108040141442
"25.09.26, 10:41:50",108040141670,36125368772,1,Lint,component_exports,feature/update-design-tokens-internal,failure,Install dependencies,https://github.com/DevExpress/DevExtreme/actions/runs/36125368772/job/108040141670
"25.09.26, 10:41:50",108040141701,36125368772,1,Lint,TS,feature/update-design-tokens-internal,failure,Install dependencies,https://github.com/DevExpress/DevExtreme/actions/runs/36125368772/job/108040141701
"25.09.26, 10:41:50",108040141720,36125368772,1,Lint,texts,feature/update-design-tokens-internal,failure,Install dependencies,https://github.com/DevExpress/DevExtreme/actions/runs/36125368772/job/108040141720
"25.09.26, 10:41:50",108040141854,36125368772,1,Lint,JS,feature/update-design-tokens-internal,failure,Install dependencies,https://github.com/DevExpress/DevExtreme/actions/runs/36125368772/job/108040141854
"25.09.26, 08:19:14",107998210672,36112242582,1,Lint,JS,feature/viz-tokens-leftovers,cancelled,Build,https://github.com/DevExpress/DevExtreme/actions/runs/36112242582/job/107998210672
"25.09.26, 08:19:14",107998210792,36112242582,1,Lint,TS,feature/viz-tokens-leftovers,cancelled,Build,https://github.com/DevExpress/DevExtreme/actions/runs/36112242582/job/107998210792
"25.09.26, 08:22:32",107999138704,36112242582,1,Lint,Send notifications,feature/viz-tokens-leftovers,cancelled,,https://github.com/DevExpress/DevExtreme/actions/runs/36112242582/job/107999138704
"25.09.26, 08:13:21",107996540314,36111745801,1,Lint,TS,feature/viz-tokens-leftovers,cancelled,Lint TS,https://github.com/DevExpress/DevExtreme/actions/runs/36111745801/job/107996540314
"25.09.26, 08:13:21",107996540611,36111745801,1,Lint,JS,feature/viz-tokens-leftovers,cancelled,Post Setup nx cache,https://github.com/DevExpress/DevExtreme/actions/runs/36111745801/job/107996540611
"25.09.26, 08:19:13",107998209374,36111745801,1,Lint,Send notifications,feature/viz-tokens-leftovers,cancelled,,https://github.com/DevExpress/DevExtreme/actions/runs/36111745801/job/107998209374
"25.09.26, 13:23:58",108089523679,36140696100,1,Playgrounds tests,build,feature/viz-tokens-leftovers,cancelled,Build,https://github.com/DevExpress/DevExtreme/actions/runs/36140696100/job/108089523679
"25.09.26, 13:28:15",108091020961,36140696100,1,Playgrounds tests,matrix.ARGS.platform,feature/viz-tokens-leftovers,cancelled,,https://github.com/DevExpress/DevExtreme/actions/runs/36140696100/job/108091020961
"25.09.26, 12:04:58",108064093713,36132635224,1,Playgrounds tests,angular,chore/26_1_chrome_153_update,cancelled,Setup pnpm cache,https://github.com/DevExpress/DevExtreme/actions/runs/36132635224/job/108064093713
"25.09.26, 12:04:58",108064093720,36132635224,1,Playgrounds tests,vue,chore/26_1_chrome_153_update,cancelled,Use Node.js,https://github.com/DevExpress/DevExtreme/actions/runs/36132635224/job/108064093720
"25.09.26, 12:04:58",108064093795,36132635224,1,Playgrounds tests,react,chore/26_1_chrome_153_update,cancelled,Use Node.js,https://github.com/DevExpress/DevExtreme/actions/runs/36132635224/job/108064093795
"25.09.26, 11:58:49",108062259547,36132153214,1,Playgrounds tests,angular,chore/26_1_chrome_153_update,cancelled,Check sources compilation,https://github.com/DevExpress/DevExtreme/actions/runs/36132153214/job/108062259547
"25.09.26, 11:55:40",108061361932,36132062009,1,Playgrounds tests,build,feature/update-design-tokens-internal,failure,Install dependencies,https://github.com/DevExpress/DevExtreme/actions/runs/36132062009/job/108061361932
"25.09.26, 11:44:22",108058081116,36131030333,1,Playgrounds tests,build,feature/update-design-tokens-internal,failure,Install dependencies,https://github.com/DevExpress/DevExtreme/actions/runs/36131030333/job/108058081116
"25.09.26, 11:43:54",108057949452,36130525148,1,Playgrounds tests,vue,fix/chart-zoom-limit-5219_26_1,cancelled,Install dependencies,https://github.com/DevExpress/DevExtreme/actions/runs/36130525148/job/108057949452
"25.09.26, 11:43:54",108057949513,36130525148,1,Playgrounds tests,angular,fix/chart-zoom-limit-5219_26_1,cancelled,Install dependencies,https://github.com/DevExpress/DevExtreme/actions/runs/36130525148/job/108057949513
"25.09.26, 11:43:54",108057949541,36130525148,1,Playgrounds tests,react,fix/chart-zoom-limit-5219_26_1,cancelled,Install dependencies,https://github.com/DevExpress/DevExtreme/actions/runs/36130525148/job/108057949541
"25.09.26, 11:43:36",108057862918,36130497365,1,Playgrounds tests,vue,fix/chart-zoom-limit-5219,cancelled,Use Node.js,https://github.com/DevExpress/DevExtreme/actions/runs/36130497365/job/108057862918
"25.09.26, 11:43:36",108057862964,36130497365,1,Playgrounds tests,react,fix/chart-zoom-limit-5219,cancelled,Download artifacts,https://github.com/DevExpress/DevExtreme/actions/runs/36130497365/job/108057862964
"25.09.26, 11:43:36",108057863042,36130497365,1,Playgrounds tests,angular,fix/chart-zoom-limit-5219,cancelled,Use Node.js,https://github.com/DevExpress/DevExtreme/actions/runs/36130497365/job/108057863042
"25.09.26, 11:35:29",108055512024,36130217785,1,Playgrounds tests,build,fix/chart-zoom-limit-5219_26_1,cancelled,Build,https://github.com/DevExpress/DevExtreme/actions/runs/36130217785/job/108055512024
"25.09.26, 11:39:12",108056583552,36130217785,1,Playgrounds tests,matrix.ARGS.platform,fix/chart-zoom-limit-5219_26_1,cancelled,,https://github.com/DevExpress/DevExtreme/actions/runs/36130217785/job/108056583552
"25.09.26, 11:34:54",108055344303,36130161774,1,Playgrounds tests,build,fix/chart-zoom-limit-5219,cancelled,Build,https://github.com/DevExpress/DevExtreme/actions/runs/36130161774/job/108055344303
"25.09.26, 11:38:50",108056474813,36130161774,1,Playgrounds tests,matrix.ARGS.platform,fix/chart-zoom-limit-5219,cancelled,,https://github.com/DevExpress/DevExtreme/actions/runs/36130161774/job/108056474813
"25.09.26, 10:44:02",108040772143,36125566772,1,Playgrounds tests,build,feature/update-design-tokens-internal,failure,Install dependencies,https://github.com/DevExpress/DevExtreme/actions/runs/36125566772/job/108040772143
"25.09.26, 10:41:50",108040141776,36125368902,1,Playgrounds tests,build,feature/update-design-tokens-internal,failure,Install dependencies,https://github.com/DevExpress/DevExtreme/actions/runs/36125368902/job/108040141776
"25.09.26, 08:18:54",107998118649,36112242475,1,Playgrounds tests,build,feature/viz-tokens-leftovers,cancelled,Post Setup nx cache,https://github.com/DevExpress/DevExtreme/actions/runs/36112242475/job/107998118649
"25.09.26, 08:22:16",107999062124,36112242475,1,Playgrounds tests,matrix.ARGS.platform,feature/viz-tokens-leftovers,cancelled,,https://github.com/DevExpress/DevExtreme/actions/runs/36112242475/job/107999062124
"25.09.26, 08:18:51",107998104470,36111745968,1,Playgrounds tests,angular,feature/viz-tokens-leftovers,cancelled,,https://github.com/DevExpress/DevExtreme/actions/runs/36111745968/job/107998104470
"25.09.26, 08:18:51",107998104492,36111745968,1,Playgrounds tests,vue,feature/viz-tokens-leftovers,cancelled,,https://github.com/DevExpress/DevExtreme/actions/runs/36111745968/job/107998104492
"25.09.26, 08:18:51",107998104688,36111745968,1,Playgrounds tests,react,feature/viz-tokens-leftovers,cancelled,,https://github.com/DevExpress/DevExtreme/actions/runs/36111745968/job/107998104688
"25.09.26, 11:39:27",108056655851,36130497218,1,Playwright tests,Build DevExtreme,fix/chart-zoom-limit-5219,cancelled,,https://github.com/DevExpress/DevExtreme/actions/runs/36130497218/job/108056655851
"25.09.26, 11:45:05",108058288470,36130497218,1,Playwright tests,${{ matrix.name }}${{ ((!matrix.theme && ' - fluent') || '') }},fix/chart-zoom-limit-5219,cancelled,,https://github.com/DevExpress/DevExtreme/actions/runs/36130497218/job/108058288470
"25.09.26, 11:35:16",108055448411,36130161884,1,Playwright tests,Build DevExtreme,fix/chart-zoom-limit-5219,cancelled,Build,https://github.com/DevExpress/DevExtreme/actions/runs/36130161884/job/108055448411
"25.09.26, 11:38:47",108056462457,36130161884,1,Playwright tests,${{ matrix.name }}${{ ((!matrix.theme && ' - fluent') || '') }},fix/chart-zoom-limit-5219,cancelled,,https://github.com/DevExpress/DevExtreme/actions/runs/36130161884/job/108056462457
"25.09.26, 13:23:58",108089524270,36140696208,1,QUnit tests,Build,feature/viz-tokens-leftovers,cancelled,Build,https://github.com/DevExpress/DevExtreme/actions/runs/36140696208/job/108089524270
"25.09.26, 13:28:03",108090951748,36140696208,1,QUnit tests,${{ matrix.constel }}-shadow-dom,feature/viz-tokens-leftovers,cancelled,,https://github.com/DevExpress/DevExtreme/actions/runs/36140696208/job/108090951748
"25.09.26, 13:28:03",108090952466,36140696208,1,QUnit tests,"Constel ${{ matrix.CONSTEL }}${{ (((matrix.TIMEZONE != '') && format('-{0}', matrix.TIMEZONE)) || '') }}${{ (((matrix.CSP == 'false') && '-no-csp') || '') }}",feature/viz-tokens-leftovers,cancelled,,https://github.com/DevExpress/DevExtreme/actions/runs/36140696208/job/108090952466
"25.09.26, 13:28:03",108090953016,36140696208,1,QUnit tests,Send notifications,feature/viz-tokens-leftovers,cancelled,,https://github.com/DevExpress/DevExtreme/actions/runs/36140696208/job/108090953016
"25.09.26, 12:04:09",108063847066,36132635255,1,QUnit tests,ui.grid-shadow-dom,chore/26_1_chrome_153_update,cancelled,Run QUnit tests,https://github.com/DevExpress/DevExtreme/actions/runs/36132635255/job/108063847066
"25.09.26, 12:04:09",108063847132,36132635255,1,QUnit tests,ui.widgets-shadow-dom,chore/26_1_chrome_153_update,cancelled,Run QUnit tests,https://github.com/DevExpress/DevExtreme/actions/runs/36132635255/job/108063847132
"25.09.26, 12:04:09",108063847178,36132635255,1,QUnit tests,Constel misc,chore/26_1_chrome_153_update,cancelled,Run QUnit tests,https://github.com/DevExpress/DevExtreme/actions/runs/36132635255/job/108063847178
"25.09.26, 12:04:09",108063847185,36132635255,1,QUnit tests,Constel misc-no-csp,chore/26_1_chrome_153_update,cancelled,Run QUnit tests,https://github.com/DevExpress/DevExtreme/actions/runs/36132635255/job/108063847185
"25.09.26, 12:04:09",108063847188,36132635255,1,QUnit tests,Constel ui.scheduler,chore/26_1_chrome_153_update,cancelled,Run QUnit tests,https://github.com/DevExpress/DevExtreme/actions/runs/36132635255/job/108063847188
"25.09.26, 12:04:09",108063847192,36132635255,1,QUnit tests,ui.editors-shadow-dom,chore/26_1_chrome_153_update,cancelled,Run QUnit tests,https://github.com/DevExpress/DevExtreme/actions/runs/36132635255/job/108063847192
"25.09.26, 12:04:09",108063847193,36132635255,1,QUnit tests,ui.scheduler-shadow-dom,chore/26_1_chrome_153_update,cancelled,Run QUnit tests,https://github.com/DevExpress/DevExtreme/actions/runs/36132635255/job/108063847193
"25.09.26, 12:04:09",108063847198,36132635255,1,QUnit tests,Constel ui.grid,chore/26_1_chrome_153_update,cancelled,Run QUnit tests,https://github.com/DevExpress/DevExtreme/actions/runs/36132635255/job/108063847198
"25.09.26, 12:04:09",108063847203,36132635255,1,QUnit tests,Constel ui,chore/26_1_chrome_153_update,cancelled,Run QUnit tests,https://github.com/DevExpress/DevExtreme/actions/runs/36132635255/job/108063847203
"25.09.26, 12:04:09",108063847214,36132635255,1,QUnit tests,ui-shadow-dom,chore/26_1_chrome_153_update,cancelled,Run QUnit tests,https://github.com/DevExpress/DevExtreme/actions/runs/36132635255/job/108063847214
"25.09.26, 12:04:09",108063847276,36132635255,1,QUnit tests,Constel ui.scheduler-US/Pacific,chore/26_1_chrome_153_update,cancelled,Run QUnit tests,https://github.com/DevExpress/DevExtreme/actions/runs/36132635255/job/108063847276
"25.09.26, 12:04:09",108063847303,36132635255,1,QUnit tests,Constel ui.editors,chore/26_1_chrome_153_update,cancelled,Run QUnit tests,https://github.com/DevExpress/DevExtreme/actions/runs/36132635255/job/108063847303
"25.09.26, 12:04:09",108063847362,36132635255,1,QUnit tests,Constel ui.widgets-no-csp,chore/26_1_chrome_153_update,cancelled,Run QUnit tests,https://github.com/DevExpress/DevExtreme/actions/runs/36132635255/job/108063847362
"25.09.26, 12:06:35",108064584990,36132635255,1,QUnit tests,Send notifications,chore/26_1_chrome_153_update,cancelled,,https://github.com/DevExpress/DevExtreme/actions/runs/36132635255/job/108064584990
"25.09.26, 12:07:30",108064856919,36132577349,1,QUnit tests,ui.scheduler-shadow-dom,fix/chart-zoom-limit-5219_25_2,failure,,https://github.com/DevExpress/DevExtreme/actions/runs/36132577349/job/108064856919
"25.09.26, 12:07:30",108064856938,36132577349,1,QUnit tests,ui.widgets-shadow-dom,fix/chart-zoom-limit-5219_25_2,failure,,https://github.com/DevExpress/DevExtreme/actions/runs/36132577349/job/108064856938
"25.09.26, 11:58:18",108062112533,36132153110,1,QUnit tests,ui.scheduler-shadow-dom,chore/26_1_chrome_153_update,cancelled,Run QUnit tests,https://github.com/DevExpress/DevExtreme/actions/runs/36132153110/job/108062112533
"25.09.26, 11:58:18",108062112554,36132153110,1,QUnit tests,ui-shadow-dom,chore/26_1_chrome_153_update,cancelled,Post Run QUnit tests,https://github.com/DevExpress/DevExtreme/actions/runs/36132153110/job/108062112554
"25.09.26, 11:58:18",108062112590,36132153110,1,QUnit tests,ui.widgets-shadow-dom,chore/26_1_chrome_153_update,cancelled,Run QUnit tests,https://github.com/DevExpress/DevExtreme/actions/runs/36132153110/job/108062112590
"25.09.26, 11:58:18",108062112606,36132153110,1,QUnit tests,Constel ui.editors,chore/26_1_chrome_153_update,cancelled,Run QUnit tests,https://github.com/DevExpress/DevExtreme/actions/runs/36132153110/job/108062112606
"25.09.26, 11:58:18",108062112608,36132153110,1,QUnit tests,ui.editors-shadow-dom,chore/26_1_chrome_153_update,cancelled,Run QUnit tests,https://github.com/DevExpress/DevExtreme/actions/runs/36132153110/job/108062112608
"25.09.26, 11:58:18",108062112678,36132153110,1,QUnit tests,ui.grid-shadow-dom,chore/26_1_chrome_153_update,cancelled,Run QUnit tests,https://github.com/DevExpress/DevExtreme/actions/runs/36132153110/job/108062112678
"25.09.26, 11:58:18",108062112680,36132153110,1,QUnit tests,Constel ui.scheduler,chore/26_1_chrome_153_update,cancelled,Run QUnit tests,https://github.com/DevExpress/DevExtreme/actions/runs/36132153110/job/108062112680
"25.09.26, 11:58:18",108062112681,36132153110,1,QUnit tests,Constel misc,chore/26_1_chrome_153_update,cancelled,Post Run QUnit tests,https://github.com/DevExpress/DevExtreme/actions/runs/36132153110/job/108062112681
"25.09.26, 11:58:18",108062112694,36132153110,1,QUnit tests,Constel ui.scheduler-US/Pacific,chore/26_1_chrome_153_update,cancelled,Run QUnit tests,https://github.com/DevExpress/DevExtreme/actions/runs/36132153110/job/108062112694
"25.09.26, 11:58:18",108062112715,36132153110,1,QUnit tests,Constel misc-no-csp,chore/26_1_chrome_153_update,cancelled,,https://github.com/DevExpress/DevExtreme/actions/runs/36132153110/job/108062112715
"25.09.26, 11:58:18",108062112724,36132153110,1,QUnit tests,Constel ui.grid,chore/26_1_chrome_153_update,cancelled,Run QUnit tests,https://github.com/DevExpress/DevExtreme/actions/runs/36132153110/job/108062112724
"25.09.26, 11:58:18",108062112765,36132153110,1,QUnit tests,Constel ui,chore/26_1_chrome_153_update,cancelled,Run QUnit tests,https://github.com/DevExpress/DevExtreme/actions/runs/36132153110/job/108062112765
"25.09.26, 11:58:18",108062112846,36132153110,1,QUnit tests,Constel ui.widgets-no-csp,chore/26_1_chrome_153_update,cancelled,Run QUnit tests,https://github.com/DevExpress/DevExtreme/actions/runs/36132153110/job/108062112846
"25.09.26, 12:02:24",108063326668,36132153110,1,QUnit tests,Send notifications,chore/26_1_chrome_153_update,cancelled,,https://github.com/DevExpress/DevExtreme/actions/runs/36132153110/job/108063326668
"25.09.26, 11:55:40",108061361779,36132061884,1,QUnit tests,Build,feature/update-design-tokens-internal,failure,Install dependencies,https://github.com/DevExpress/DevExtreme/actions/runs/36132061884/job/108061361779
"25.09.26, 11:44:22",108058082497,36131030526,1,QUnit tests,Build,feature/update-design-tokens-internal,failure,Install dependencies,https://github.com/DevExpress/DevExtreme/actions/runs/36131030526/job/108058082497
"25.09.26, 11:42:31",108057544903,36130525637,1,QUnit tests,ui.scheduler-shadow-dom,fix/chart-zoom-limit-5219_26_1,cancelled,Run QUnit tests,https://github.com/DevExpress/DevExtreme/actions/runs/36130525637/job/108057544903
"25.09.26, 11:42:31",108057544957,36130525637,1,QUnit tests,ui.grid-shadow-dom,fix/chart-zoom-limit-5219_26_1,cancelled,Run QUnit tests,https://github.com/DevExpress/DevExtreme/actions/runs/36130525637/job/108057544957
"25.09.26, 11:42:31",108057544961,36130525637,1,QUnit tests,ui.widgets-shadow-dom,fix/chart-zoom-limit-5219_26_1,cancelled,Run QUnit tests,https://github.com/DevExpress/DevExtreme/actions/runs/36130525637/job/108057544961
"25.09.26, 11:42:31",108057545008,36130525637,1,QUnit tests,ui.editors-shadow-dom,fix/chart-zoom-limit-5219_26_1,cancelled,Run QUnit tests,https://github.com/DevExpress/DevExtreme/actions/runs/36130525637/job/108057545008
"25.09.26, 11:42:31",108057545018,36130525637,1,QUnit tests,Constel ui.editors,fix/chart-zoom-limit-5219_26_1,cancelled,Run QUnit tests,https://github.com/DevExpress/DevExtreme/actions/runs/36130525637/job/108057545018
"25.09.26, 11:42:31",108057545046,36130525637,1,QUnit tests,Constel misc-no-csp,fix/chart-zoom-limit-5219_26_1,cancelled,Run QUnit tests,https://github.com/DevExpress/DevExtreme/actions/runs/36130525637/job/108057545046
"25.09.26, 11:42:31",108057545047,36130525637,1,QUnit tests,Constel ui.scheduler-US/Pacific,fix/chart-zoom-limit-5219_26_1,cancelled,Run QUnit tests,https://github.com/DevExpress/DevExtreme/actions/runs/36130525637/job/108057545047
"25.09.26, 11:42:31",108057545088,36130525637,1,QUnit tests,Constel ui,fix/chart-zoom-limit-5219_26_1,cancelled,Run QUnit tests,https://github.com/DevExpress/DevExtreme/actions/runs/36130525637/job/108057545088
"25.09.26, 11:42:31",108057545107,36130525637,1,QUnit tests,ui-shadow-dom,fix/chart-zoom-limit-5219_26_1,cancelled,Run QUnit tests,https://github.com/DevExpress/DevExtreme/actions/runs/36130525637/job/108057545107
"25.09.26, 11:42:31",108057545127,36130525637,1,QUnit tests,Constel ui.widgets-no-csp,fix/chart-zoom-limit-5219_26_1,cancelled,Run QUnit tests,https://github.com/DevExpress/DevExtreme/actions/runs/36130525637/job/108057545127
"25.09.26, 11:42:31",108057545130,36130525637,1,QUnit tests,Constel misc,fix/chart-zoom-limit-5219_26_1,cancelled,Run QUnit tests,https://github.com/DevExpress/DevExtreme/actions/runs/36130525637/job/108057545130
"25.09.26, 11:42:31",108057545174,36130525637,1,QUnit tests,Constel ui.grid,fix/chart-zoom-limit-5219_26_1,cancelled,Run QUnit tests,https://github.com/DevExpress/DevExtreme/actions/runs/36130525637/job/108057545174
"25.09.26, 11:42:31",108057545223,36130525637,1,QUnit tests,Constel ui.scheduler,fix/chart-zoom-limit-5219_26_1,cancelled,Run QUnit tests,https://github.com/DevExpress/DevExtreme/actions/runs/36130525637/job/108057545223
"25.09.26, 11:45:47",108058495459,36130525637,1,QUnit tests,Send notifications,fix/chart-zoom-limit-5219_26_1,cancelled,,https://github.com/DevExpress/DevExtreme/actions/runs/36130525637/job/108058495459
"25.09.26, 11:42:03",108057409873,36130497211,1,QUnit tests,ui.scheduler-shadow-dom,fix/chart-zoom-limit-5219,cancelled,Run QUnit tests,https://github.com/DevExpress/DevExtreme/actions/runs/36130497211/job/108057409873
"25.09.26, 11:42:03",108057409882,36130497211,1,QUnit tests,ui-shadow-dom,fix/chart-zoom-limit-5219,cancelled,Run QUnit tests,https://github.com/DevExpress/DevExtreme/actions/runs/36130497211/job/108057409882
"25.09.26, 11:42:03",108057409910,36130497211,1,QUnit tests,ui.grid-shadow-dom,fix/chart-zoom-limit-5219,cancelled,Run QUnit tests,https://github.com/DevExpress/DevExtreme/actions/runs/36130497211/job/108057409910
"25.09.26, 11:42:03",108057409940,36130497211,1,QUnit tests,ui.widgets-shadow-dom,fix/chart-zoom-limit-5219,cancelled,Run QUnit tests,https://github.com/DevExpress/DevExtreme/actions/runs/36130497211/job/108057409940
"25.09.26, 11:42:03",108057409945,36130497211,1,QUnit tests,Constel ui.scheduler-US/Pacific,fix/chart-zoom-limit-5219,cancelled,Run QUnit tests,https://github.com/DevExpress/DevExtreme/actions/runs/36130497211/job/108057409945
"25.09.26, 11:42:03",108057409958,36130497211,1,QUnit tests,Constel ui.widgets-no-csp,fix/chart-zoom-limit-5219,cancelled,Run QUnit tests,https://github.com/DevExpress/DevExtreme/actions/runs/36130497211/job/108057409958
"25.09.26, 11:42:03",108057409992,36130497211,1,QUnit tests,Constel ui.grid,fix/chart-zoom-limit-5219,cancelled,Run QUnit tests,https://github.com/DevExpress/DevExtreme/actions/runs/36130497211/job/108057409992
"25.09.26, 11:42:03",108057410017,36130497211,1,QUnit tests,Constel ui.scheduler,fix/chart-zoom-limit-5219,cancelled,Run QUnit tests,https://github.com/DevExpress/DevExtreme/actions/runs/36130497211/job/108057410017
"25.09.26, 11:42:03",108057410024,36130497211,1,QUnit tests,ui.editors-shadow-dom,fix/chart-zoom-limit-5219,cancelled,Run QUnit tests,https://github.com/DevExpress/DevExtreme/actions/runs/36130497211/job/108057410024
"25.09.26, 11:42:03",108057410028,36130497211,1,QUnit tests,Constel misc-no-csp,fix/chart-zoom-limit-5219,cancelled,Run QUnit tests,https://github.com/DevExpress/DevExtreme/actions/runs/36130497211/job/108057410028
"25.09.26, 11:42:03",108057410070,36130497211,1,QUnit tests,Constel ui.editors,fix/chart-zoom-limit-5219,cancelled,Run QUnit tests,https://github.com/DevExpress/DevExtreme/actions/runs/36130497211/job/108057410070
"25.09.26, 11:42:03",108057410073,36130497211,1,QUnit tests,Constel misc,fix/chart-zoom-limit-5219,cancelled,Run QUnit tests,https://github.com/DevExpress/DevExtreme/actions/runs/36130497211/job/108057410073
"25.09.26, 11:42:03",108057410124,36130497211,1,QUnit tests,Constel ui,fix/chart-zoom-limit-5219,cancelled,Run QUnit tests,https://github.com/DevExpress/DevExtreme/actions/runs/36130497211/job/108057410124
"25.09.26, 11:45:30",108058415833,36130497211,1,QUnit tests,Send notifications,fix/chart-zoom-limit-5219,cancelled,,https://github.com/DevExpress/DevExtreme/actions/runs/36130497211/job/108058415833
"25.09.26, 11:35:29",108055512449,36130217945,1,QUnit tests,Build,fix/chart-zoom-limit-5219_26_1,cancelled,Build,https://github.com/DevExpress/DevExtreme/actions/runs/36130217945/job/108055512449
"25.09.26, 11:39:14",108056590197,36130217945,1,QUnit tests,"Constel ${{ matrix.CONSTEL }}${{ (((matrix.TIMEZONE != '') && format('-{0}', matrix.TIMEZONE)) || '') }}${{ (((matrix.CSP == 'false') && '-no-csp') || '') }}",fix/chart-zoom-limit-5219_26_1,cancelled,,https://github.com/DevExpress/DevExtreme/actions/runs/36130217945/job/108056590197
"25.09.26, 11:39:14",108056590850,36130217945,1,QUnit tests,${{ matrix.constel }}-shadow-dom,fix/chart-zoom-limit-5219_26_1,cancelled,,https://github.com/DevExpress/DevExtreme/actions/runs/36130217945/job/108056590850
"25.09.26, 11:39:14",108056591601,36130217945,1,QUnit tests,Send notifications,fix/chart-zoom-limit-5219_26_1,cancelled,,https://github.com/DevExpress/DevExtreme/actions/runs/36130217945/job/108056591601
"25.09.26, 11:34:55",108055345300,36130162010,1,QUnit tests,Build,fix/chart-zoom-limit-5219,cancelled,Build,https://github.com/DevExpress/DevExtreme/actions/runs/36130162010/job/108055345300
"25.09.26, 11:38:47",108056462239,36130162010,1,QUnit tests,${{ matrix.constel }}-shadow-dom,fix/chart-zoom-limit-5219,cancelled,,https://github.com/DevExpress/DevExtreme/actions/runs/36130162010/job/108056462239
"25.09.26, 11:38:47",108056463250,36130162010,1,QUnit tests,"Constel ${{ matrix.CONSTEL }}${{ (((matrix.TIMEZONE != '') && format('-{0}', matrix.TIMEZONE)) || '') }}${{ (((matrix.CSP == 'false') && '-no-csp') || '') }}",fix/chart-zoom-limit-5219,cancelled,,https://github.com/DevExpress/DevExtreme/actions/runs/36130162010/job/108056463250
"25.09.26, 11:38:47",108056464008,36130162010,1,QUnit tests,Send notifications,fix/chart-zoom-limit-5219,cancelled,,https://github.com/DevExpress/DevExtreme/actions/runs/36130162010/job/108056464008
"25.09.26, 10:44:02",108040771514,36125566506,1,QUnit tests,Build,feature/update-design-tokens-internal,failure,Install dependencies,https://github.com/DevExpress/DevExtreme/actions/runs/36125566506/job/108040771514
"25.09.26, 10:41:50",108040141984,36125368845,1,QUnit tests,Build,feature/update-design-tokens-internal,failure,Install dependencies,https://github.com/DevExpress/DevExtreme/actions/runs/36125368845/job/108040141984
"25.09.26, 08:21:21",107998805544,36112242653,1,QUnit tests,ui.scheduler-shadow-dom,feature/viz-tokens-leftovers,cancelled,Run QUnit tests,https://github.com/DevExpress/DevExtreme/actions/runs/36112242653/job/107998805544
"25.09.26, 08:21:21",107998805557,36112242653,1,QUnit tests,ui-shadow-dom,feature/viz-tokens-leftovers,cancelled,Run QUnit tests,https://github.com/DevExpress/DevExtreme/actions/runs/36112242653/job/107998805557
"25.09.26, 08:21:21",107998805572,36112242653,1,QUnit tests,ui.editors-shadow-dom,feature/viz-tokens-leftovers,cancelled,Run QUnit tests,https://github.com/DevExpress/DevExtreme/actions/runs/36112242653/job/107998805572
"25.09.26, 08:21:21",107998805679,36112242653,1,QUnit tests,ui.grid-shadow-dom,feature/viz-tokens-leftovers,cancelled,Run QUnit tests,https://github.com/DevExpress/DevExtreme/actions/runs/36112242653/job/107998805679
"25.09.26, 08:21:21",107998805685,36112242653,1,QUnit tests,Constel ui.editors,feature/viz-tokens-leftovers,cancelled,Run QUnit tests,https://github.com/DevExpress/DevExtreme/actions/runs/36112242653/job/107998805685
"25.09.26, 08:21:21",107998805705,36112242653,1,QUnit tests,Constel ui.widgets-no-csp,feature/viz-tokens-leftovers,cancelled,Run QUnit tests,https://github.com/DevExpress/DevExtreme/actions/runs/36112242653/job/107998805705
"25.09.26, 08:21:21",107998805725,36112242653,1,QUnit tests,ui.widgets-shadow-dom,feature/viz-tokens-leftovers,cancelled,Run QUnit tests,https://github.com/DevExpress/DevExtreme/actions/runs/36112242653/job/107998805725
"25.09.26, 08:21:21",107998805750,36112242653,1,QUnit tests,Constel ui,feature/viz-tokens-leftovers,cancelled,Run QUnit tests,https://github.com/DevExpress/DevExtreme/actions/runs/36112242653/job/107998805750
"25.09.26, 08:21:21",107998805754,36112242653,1,QUnit tests,Constel misc-no-csp,feature/viz-tokens-leftovers,cancelled,Run QUnit tests,https://github.com/DevExpress/DevExtreme/actions/runs/36112242653/job/107998805754
"25.09.26, 08:21:21",107998805775,36112242653,1,QUnit tests,Constel ui.scheduler,feature/viz-tokens-leftovers,cancelled,Run QUnit tests,https://github.com/DevExpress/DevExtreme/actions/runs/36112242653/job/107998805775
"25.09.26, 08:21:21",107998805776,36112242653,1,QUnit tests,Constel misc,feature/viz-tokens-leftovers,cancelled,Run QUnit tests,https://github.com/DevExpress/DevExtreme/actions/runs/36112242653/job/107998805776
"25.09.26, 08:21:21",107998805780,36112242653,1,QUnit tests,Constel ui.grid,feature/viz-tokens-leftovers,cancelled,Run QUnit tests,https://github.com/DevExpress/DevExtreme/actions/runs/36112242653/job/107998805780
"25.09.26, 08:21:21",107998805784,36112242653,1,QUnit tests,Constel ui.scheduler-US/Pacific,feature/viz-tokens-leftovers,cancelled,Run QUnit tests,https://github.com/DevExpress/DevExtreme/actions/runs/36112242653/job/107998805784
"25.09.26, 08:22:40",107999177313,36112242653,1,QUnit tests,Send notifications,feature/viz-tokens-leftovers,cancelled,,https://github.com/DevExpress/DevExtreme/actions/runs/36112242653/job/107999177313
"25.09.26, 08:16:59",107997590355,36111745901,1,QUnit tests,ui-shadow-dom,feature/viz-tokens-leftovers,cancelled,Run QUnit tests,https://github.com/DevExpress/DevExtreme/actions/runs/36111745901/job/107997590355
"25.09.26, 08:16:59",107997590360,36111745901,1,QUnit tests,ui.scheduler-shadow-dom,feature/viz-tokens-leftovers,cancelled,Run QUnit tests,https://github.com/DevExpress/DevExtreme/actions/runs/36111745901/job/107997590360
"25.09.26, 08:16:59",107997590366,36111745901,1,QUnit tests,ui.grid-shadow-dom,feature/viz-tokens-leftovers,cancelled,Run QUnit tests,https://github.com/DevExpress/DevExtreme/actions/runs/36111745901/job/107997590366
"25.09.26, 08:16:59",107997590427,36111745901,1,QUnit tests,ui.widgets-shadow-dom,feature/viz-tokens-leftovers,cancelled,Run QUnit tests,https://github.com/DevExpress/DevExtreme/actions/runs/36111745901/job/107997590427
"25.09.26, 08:16:59",107997590489,36111745901,1,QUnit tests,Constel ui.grid,feature/viz-tokens-leftovers,cancelled,Run QUnit tests,https://github.com/DevExpress/DevExtreme/actions/runs/36111745901/job/107997590489
"25.09.26, 08:16:59",107997590491,36111745901,1,QUnit tests,ui.editors-shadow-dom,feature/viz-tokens-leftovers,cancelled,Run QUnit tests,https://github.com/DevExpress/DevExtreme/actions/runs/36111745901/job/107997590491
"25.09.26, 08:16:59",107997590546,36111745901,1,QUnit tests,Constel ui.scheduler-US/Pacific,feature/viz-tokens-leftovers,cancelled,Run QUnit tests,https://github.com/DevExpress/DevExtreme/actions/runs/36111745901/job/107997590546
"25.09.26, 08:16:59",107997590549,36111745901,1,QUnit tests,Constel ui.editors,feature/viz-tokens-leftovers,cancelled,Run QUnit tests,https://github.com/DevExpress/DevExtreme/actions/runs/36111745901/job/107997590549
"25.09.26, 08:16:59",107997590575,36111745901,1,QUnit tests,Constel ui.widgets-no-csp,feature/viz-tokens-leftovers,cancelled,Run QUnit tests,https://github.com/DevExpress/DevExtreme/actions/runs/36111745901/job/107997590575
"25.09.26, 08:16:59",107997590586,36111745901,1,QUnit tests,Constel ui.scheduler,feature/viz-tokens-leftovers,cancelled,Run QUnit tests,https://github.com/DevExpress/DevExtreme/actions/runs/36111745901/job/107997590586
"25.09.26, 08:16:59",107997590633,36111745901,1,QUnit tests,Constel misc-no-csp,feature/viz-tokens-leftovers,cancelled,Run QUnit tests,https://github.com/DevExpress/DevExtreme/actions/runs/36111745901/job/107997590633
"25.09.26, 08:16:59",107997590648,36111745901,1,QUnit tests,Constel misc,feature/viz-tokens-leftovers,cancelled,Run QUnit tests,https://github.com/DevExpress/DevExtreme/actions/runs/36111745901/job/107997590648
"25.09.26, 08:16:59",107997590663,36111745901,1,QUnit tests,Constel ui,feature/viz-tokens-leftovers,cancelled,Run QUnit tests,https://github.com/DevExpress/DevExtreme/actions/runs/36111745901/job/107997590663
"25.09.26, 08:19:18",107998232292,36111745901,1,QUnit tests,Send notifications,feature/viz-tokens-leftovers,cancelled,,https://github.com/DevExpress/DevExtreme/actions/runs/36111745901/job/107998232292
"25.09.26, 07:40:12",107987378857,36108376888,1,QUnit tests,Constel ui.scheduler-US/Pacific,type_columns_utils_2_main,failure,Run QUnit tests,https://github.com/DevExpress/DevExtreme/actions/runs/36108376888/job/107987378857
"25.09.26, 13:39:57",108095133172,36142392959,1,Jest tests,jest-tests,gh-readonly-queue/main/pr-35332-016f583ef9ab95b958f6c28a4ad81b1eb12c00a4,failure,,https://github.com/DevExpress/DevExtreme/actions/runs/36142392959/job/108095133172
"25.09.26, 13:23:58",108089523426,36140696125,1,Jest tests,jest-tests,feature/viz-tokens-leftovers,cancelled,Install dependencies,https://github.com/DevExpress/DevExtreme/actions/runs/36140696125/job/108089523426
"25.09.26, 13:27:42",108090830172,36140696125,1,Jest tests,Send notifications,feature/viz-tokens-leftovers,cancelled,,https://github.com/DevExpress/DevExtreme/actions/runs/36140696125/job/108090830172
"25.09.26, 12:02:21",108063315832,36132635386,1,Jest tests,jest-tests,chore/26_1_chrome_153_update,cancelled,Jest tests,https://github.com/DevExpress/DevExtreme/actions/runs/36132635386/job/108063315832
"25.09.26, 12:06:07",108064441022,36132635386,1,Jest tests,Send notifications,chore/26_1_chrome_153_update,cancelled,,https://github.com/DevExpress/DevExtreme/actions/runs/36132635386/job/108064441022
"25.09.26, 11:56:42",108061659386,36132153118,1,Jest tests,jest-tests,chore/26_1_chrome_153_update,cancelled,Jest tests,https://github.com/DevExpress/DevExtreme/actions/runs/36132153118/job/108061659386
"25.09.26, 12:02:21",108063314754,36132153118,1,Jest tests,Send notifications,chore/26_1_chrome_153_update,cancelled,,https://github.com/DevExpress/DevExtreme/actions/runs/36132153118/job/108063314754
"25.09.26, 11:55:40",108061361656,36132061855,1,Jest tests,jest-tests,feature/update-design-tokens-internal,failure,Install dependencies,https://github.com/DevExpress/DevExtreme/actions/runs/36132061855/job/108061361656
"25.09.26, 11:44:22",108058081001,36131030361,1,Jest tests,jest-tests,feature/update-design-tokens-internal,failure,Install dependencies,https://github.com/DevExpress/DevExtreme/actions/runs/36131030361/job/108058081001
"25.09.26, 11:39:14",108056593044,36130525112,1,Jest tests,jest-tests,fix/chart-zoom-limit-5219_26_1,cancelled,Jest tests,https://github.com/DevExpress/DevExtreme/actions/runs/36130525112/job/108056593044
"25.09.26, 11:45:37",108058450257,36130525112,1,Jest tests,Send notifications,fix/chart-zoom-limit-5219_26_1,cancelled,,https://github.com/DevExpress/DevExtreme/actions/runs/36130525112/job/108058450257
"25.09.26, 11:38:48",108056468876,36130497342,1,Jest tests,jest-tests,fix/chart-zoom-limit-5219,cancelled,Jest tests,https://github.com/DevExpress/DevExtreme/actions/runs/36130497342/job/108056468876
"25.09.26, 11:45:18",108058358294,36130497342,1,Jest tests,Send notifications,fix/chart-zoom-limit-5219,cancelled,,https://github.com/DevExpress/DevExtreme/actions/runs/36130497342/job/108058358294
"25.09.26, 11:35:29",108055511808,36130217850,1,Jest tests,jest-tests,fix/chart-zoom-limit-5219_26_1,cancelled,Jest tests,https://github.com/DevExpress/DevExtreme/actions/runs/36130217850/job/108055511808
"25.09.26, 11:39:14",108056591644,36130217850,1,Jest tests,Send notifications,fix/chart-zoom-limit-5219_26_1,cancelled,,https://github.com/DevExpress/DevExtreme/actions/runs/36130217850/job/108056591644
"25.09.26, 11:34:54",108055343542,36130161731,1,Jest tests,jest-tests,fix/chart-zoom-limit-5219,cancelled,Jest tests,https://github.com/DevExpress/DevExtreme/actions/runs/36130161731/job/108055343542
"25.09.26, 11:38:48",108056465762,36130161731,1,Jest tests,Send notifications,fix/chart-zoom-limit-5219,cancelled,,https://github.com/DevExpress/DevExtreme/actions/runs/36130161731/job/108056465762
"25.09.26, 10:44:02",108040772318,36125566808,1,Jest tests,jest-tests,feature/update-design-tokens-internal,failure,Install dependencies,https://github.com/DevExpress/DevExtreme/actions/runs/36125566808/job/108040772318
"25.09.26, 10:41:50",108040141656,36125368811,1,Jest tests,jest-tests,feature/update-design-tokens-internal,failure,Install dependencies,https://github.com/DevExpress/DevExtreme/actions/runs/36125368811/job/108040141656
"25.09.26, 08:19:25",107998264917,36112242550,1,Jest tests,jest-tests,feature/viz-tokens-leftovers,cancelled,Jest tests,https://github.com/DevExpress/DevExtreme/actions/runs/36112242550/job/107998264917
"25.09.26, 08:22:31",107999135029,36112242550,1,Jest tests,Send notifications,feature/viz-tokens-leftovers,cancelled,,https://github.com/DevExpress/DevExtreme/actions/runs/36112242550/job/107999135029
"25.09.26, 08:13:37",107996614139,36111745834,1,Jest tests,jest-tests,feature/viz-tokens-leftovers,cancelled,Jest tests,https://github.com/DevExpress/DevExtreme/actions/runs/36111745834/job/107996614139
"25.09.26, 08:19:25",107998264362,36111745834,1,Jest tests,Send notifications,feature/viz-tokens-leftovers,cancelled,,https://github.com/DevExpress/DevExtreme/actions/runs/36111745834/job/107998264362
"25.09.26, 07:57:44",107992152347,36110341833,1,Jest tests,jest-tests,feature/viz-tokens-leftovers,cancelled,Jest tests,https://github.com/DevExpress/DevExtreme/actions/runs/36110341833/job/107992152347
"25.09.26, 08:13:37",107996613408,36110341833,1,Jest tests,Send notifications,feature/viz-tokens-leftovers,cancelled,,https://github.com/DevExpress/DevExtreme/actions/runs/36110341833/job/107996613408
"25.09.26, 13:28:03",108090954500,36141017716,1,Styles tests,Tests,feature/viz-tokens-leftovers,cancelled,Run tests,https://github.com/DevExpress/DevExtreme/actions/runs/36141017716/job/108090954500
"25.09.26, 13:52:00",108099458295,36141017716,1,Styles tests,Send notifications,feature/viz-tokens-leftovers,cancelled,,https://github.com/DevExpress/DevExtreme/actions/runs/36141017716/job/108099458295
"25.09.26, 13:23:58",108089523886,36140696133,1,Styles tests,Tests,feature/viz-tokens-leftovers,cancelled,Run tests,https://github.com/DevExpress/DevExtreme/actions/runs/36140696133/job/108089523886
"25.09.26, 13:28:03",108090952953,36140696133,1,Styles tests,Send notifications,feature/viz-tokens-leftovers,cancelled,,https://github.com/DevExpress/DevExtreme/actions/runs/36140696133/job/108090952953
"25.09.26, 11:55:39",108061361535,36132061828,1,Styles tests,Tests,feature/update-design-tokens-internal,failure,Install dependencies,https://github.com/DevExpress/DevExtreme/actions/runs/36132061828/job/108061361535
"25.09.26, 11:44:22",108058080911,36131030412,1,Styles tests,Tests,feature/update-design-tokens-internal,failure,Install dependencies,https://github.com/DevExpress/DevExtreme/actions/runs/36131030412/job/108058080911
"25.09.26, 11:34:54",108055344139,36130161972,1,Styles tests,Tests,fix/chart-zoom-limit-5219,cancelled,Post Setup pnpm cache,https://github.com/DevExpress/DevExtreme/actions/runs/36130161972/job/108055344139
"25.09.26, 11:38:35",108056408920,36130161972,1,Styles tests,Send notifications,fix/chart-zoom-limit-5219,cancelled,,https://github.com/DevExpress/DevExtreme/actions/runs/36130161972/job/108056408920
"25.09.26, 10:44:02",108040771660,36125566598,1,Styles tests,Tests,feature/update-design-tokens-internal,failure,Install dependencies,https://github.com/DevExpress/DevExtreme/actions/runs/36125566598/job/108040771660
"25.09.26, 10:41:50",108040141698,36125368835,1,Styles tests,Tests,feature/update-design-tokens-internal,failure,Install dependencies,https://github.com/DevExpress/DevExtreme/actions/runs/36125368835/job/108040141698
"25.09.26, 08:19:26",107998267727,36112242382,1,Styles tests,Tests,feature/viz-tokens-leftovers,cancelled,Run tests,https://github.com/DevExpress/DevExtreme/actions/runs/36112242382/job/107998267727
"25.09.26, 08:22:29",107999123328,36112242382,1,Styles tests,Send notifications,feature/viz-tokens-leftovers,cancelled,,https://github.com/DevExpress/DevExtreme/actions/runs/36112242382/job/107999123328
"25.09.26, 08:13:21",107996540247,36111745869,1,Styles tests,Tests,feature/viz-tokens-leftovers,cancelled,Run tests,https://github.com/DevExpress/DevExtreme/actions/runs/36111745869/job/107996540247
"25.09.26, 08:19:26",107998267048,36111745869,1,Styles tests,Send notifications,feature/viz-tokens-leftovers,cancelled,,https://github.com/DevExpress/DevExtreme/actions/runs/36111745869/job/107998267048
"25.09.26, 23:34:49",108289131756,36200949467,1,TestCafe tests,quarantine,fluent-next/sync-main-35334,failure,Run quarantined tests,https://github.com/DevExpress/DevExtreme/actions/runs/36200949467/job/108289131756
"25.09.26, 23:00:14",108281982772,36198723244,1,TestCafe tests,dataGrid (1/4) - fluent-next,fluent-next/sync-main-35334,failure,Run TestCafe tests,https://github.com/DevExpress/DevExtreme/actions/runs/36198723244/job/108281982772
"25.09.26, 23:00:14",108281982808,36198723244,1,TestCafe tests,common - fluent-next,fluent-next/sync-main-35334,failure,Run TestCafe tests,https://github.com/DevExpress/DevExtreme/actions/runs/36198723244/job/108281982808
"25.09.26, 23:00:14",108281982832,36198723244,1,TestCafe tests,dataGrid (3/4) - fluent-next,fluent-next/sync-main-35334,failure,Run TestCafe tests,https://github.com/DevExpress/DevExtreme/actions/runs/36198723244/job/108281982832
"25.09.26, 23:00:14",108281982911,36198723244,1,TestCafe tests,dataGrid (4/4) - fluent-next,fluent-next/sync-main-35334,failure,Run TestCafe tests,https://github.com/DevExpress/DevExtreme/actions/runs/36198723244/job/108281982911
"25.09.26, 23:00:14",108281983148,36198723244,1,TestCafe tests,dataGrid (2/4) - fluent-next,fluent-next/sync-main-35334,failure,Run TestCafe tests,https://github.com/DevExpress/DevExtreme/actions/runs/36198723244/job/108281983148
"25.09.26, 13:56:57",108101253137,36143609441,1,TestCafe tests,common - fluent-next,feature/viz-tokens-leftovers,failure,Run TestCafe tests,https://github.com/DevExpress/DevExtreme/actions/runs/36143609441/job/108101253137
"25.09.26, 13:35:35",108093609778,36141017792,1,TestCafe tests,common - fluent-next,feature/viz-tokens-leftovers,failure,Run TestCafe tests,https://github.com/DevExpress/DevExtreme/actions/runs/36141017792/job/108093609778
"25.09.26, 13:35:35",108093609995,36141017792,1,TestCafe tests,scheduler / timezones (Europe/Berlin) - fluent-next,feature/viz-tokens-leftovers,cancelled,Run TestCafe tests,https://github.com/DevExpress/DevExtreme/actions/runs/36141017792/job/108093609995
"25.09.26, 13:51:48",108099387789,36141017792,1,TestCafe tests,quarantine,feature/viz-tokens-leftovers,cancelled,,https://github.com/DevExpress/DevExtreme/actions/runs/36141017792/job/108099387789
"25.09.26, 13:51:48",108099388737,36141017792,1,TestCafe tests,Send notifications,feature/viz-tokens-leftovers,cancelled,,https://github.com/DevExpress/DevExtreme/actions/runs/36141017792/job/108099388737
"25.09.26, 13:24:21",108089660955,36140696015,1,TestCafe tests,Build DevExtreme,feature/viz-tokens-leftovers,cancelled,Build,https://github.com/DevExpress/DevExtreme/actions/runs/36140696015/job/108089660955
"25.09.26, 13:27:44",108090840793,36140696015,1,TestCafe tests,${{ matrix.name }}${{ ((!matrix.theme && ' - fluent') || '') }},feature/viz-tokens-leftovers,cancelled,,https://github.com/DevExpress/DevExtreme/actions/runs/36140696015/job/108090840793
"25.09.26, 13:27:44",108090841556,36140696015,1,TestCafe tests,quarantine,feature/viz-tokens-leftovers,cancelled,,https://github.com/DevExpress/DevExtreme/actions/runs/36140696015/job/108090841556
"25.09.26, 13:27:44",108090842985,36140696015,1,TestCafe tests,Send notifications,feature/viz-tokens-leftovers,cancelled,,https://github.com/DevExpress/DevExtreme/actions/runs/36140696015/job/108090842985
"25.09.26, 13:06:44",108083614405,36138141468,1,TestCafe tests,scheduler / common (1/3) - fluent,gridcore_extract_user_state_applier_26_2,failure,,https://github.com/DevExpress/DevExtreme/actions/runs/36138141468/job/108083614405
"25.09.26, 13:06:44",108083614481,36138141468,1,TestCafe tests,scheduler / common (2/3) - fluent,gridcore_extract_user_state_applier_26_2,failure,,https://github.com/DevExpress/DevExtreme/actions/runs/36138141468/job/108083614481
"25.09.26, 13:06:30",108083539005,36138141846,1,TestCafe tests,accessibility - fluent,remove_indicatorSrc_26_2,failure,,https://github.com/DevExpress/DevExtreme/actions/runs/36138141846/job/108083539005
"25.09.26, 13:06:30",108083539098,36138141846,1,TestCafe tests,scheduler / common (3/3) - fluent,remove_indicatorSrc_26_2,failure,,https://github.com/DevExpress/DevExtreme/actions/runs/36138141846/job/108083539098
"25.09.26, 13:06:30",108083539107,36138141846,1,TestCafe tests,common - fluent,remove_indicatorSrc_26_2,failure,,https://github.com/DevExpress/DevExtreme/actions/runs/36138141846/job/108083539107
"25.09.26, 12:05:09",108064150980,36132635144,1,TestCafe tests,material,chore/26_1_chrome_153_update,cancelled,Setup Chrome,https://github.com/DevExpress/DevExtreme/actions/runs/36132635144/job/108064150980
"25.09.26, 12:05:09",108064150984,36132635144,1,TestCafe tests,generic,chore/26_1_chrome_153_update,cancelled,,https://github.com/DevExpress/DevExtreme/actions/runs/36132635144/job/108064150984
"25.09.26, 12:05:09",108064150995,36132635144,1,TestCafe tests,material - compact,chore/26_1_chrome_153_update,cancelled,,https://github.com/DevExpress/DevExtreme/actions/runs/36132635144/job/108064150995
"25.09.26, 12:05:09",108064151019,36132635144,1,TestCafe tests,dataGrid (1/4) - fluent,chore/26_1_chrome_153_update,cancelled,,https://github.com/DevExpress/DevExtreme/actions/runs/36132635144/job/108064151019
"25.09.26, 12:05:09",108064151025,36132635144,1,TestCafe tests,dataGrid (3/4) - fluent,chore/26_1_chrome_153_update,cancelled,,https://github.com/DevExpress/DevExtreme/actions/runs/36132635144/job/108064151025
"25.09.26, 12:05:09",108064151035,36132635144,1,TestCafe tests,common - fluent,chore/26_1_chrome_153_update,cancelled,Setup Chrome,https://github.com/DevExpress/DevExtreme/actions/runs/36132635144/job/108064151035
"25.09.26, 12:05:09",108064151046,36132635144,1,TestCafe tests,dataGrid (2/4) - fluent,chore/26_1_chrome_153_update,cancelled,,https://github.com/DevExpress/DevExtreme/actions/runs/36132635144/job/108064151046
"25.09.26, 12:05:09",108064151070,36132635144,1,TestCafe tests,dataGrid (4/4) - fluent,chore/26_1_chrome_153_update,cancelled,,https://github.com/DevExpress/DevExtreme/actions/runs/36132635144/job/108064151070
"25.09.26, 12:05:09",108064151072,36132635144,1,TestCafe tests,accessibility - fluent,chore/26_1_chrome_153_update,cancelled,,https://github.com/DevExpress/DevExtreme/actions/runs/36132635144/job/108064151072
"25.09.26, 12:05:09",108064151123,36132635144,1,TestCafe tests,cardView - fluent,chore/26_1_chrome_153_update,cancelled,,https://github.com/DevExpress/DevExtreme/actions/runs/36132635144/job/108064151123
"25.09.26, 12:05:10",108064151180,36132635144,1,TestCafe tests,scheduler / viewOffset (2/2) - fluent,chore/26_1_chrome_153_update,cancelled,,https://github.com/DevExpress/DevExtreme/actions/runs/36132635144/job/108064151180
"25.09.26, 12:05:10",108064151192,36132635144,1,TestCafe tests,scheduler / common (3/3) - fluent,chore/26_1_chrome_153_update,cancelled,,https://github.com/DevExpress/DevExtreme/actions/runs/36132635144/job/108064151192
"25.09.26, 12:05:10",108064151199,36132635144,1,TestCafe tests,scheduler / common (1/3) - fluent,chore/26_1_chrome_153_update,cancelled,,https://github.com/DevExpress/DevExtreme/actions/runs/36132635144/job/108064151199
"25.09.26, 12:05:10",108064151247,36132635144,1,TestCafe tests,editors - fluent,chore/26_1_chrome_153_update,cancelled,,https://github.com/DevExpress/DevExtreme/actions/runs/36132635144/job/108064151247
"25.09.26, 12:05:10",108064151292,36132635144,1,TestCafe tests,scheduler / viewOffset (1/2) - fluent,chore/26_1_chrome_153_update,cancelled,,https://github.com/DevExpress/DevExtreme/actions/runs/36132635144/job/108064151292
"25.09.26, 12:05:10",108064151313,36132635144,1,TestCafe tests,scheduler / timezones (America/Los_Angeles) - fluent,chore/26_1_chrome_153_update,cancelled,,https://github.com/DevExpress/DevExtreme/actions/runs/36132635144/job/108064151313
"25.09.26, 12:05:10",108064151329,36132635144,1,TestCafe tests,scheduler / common (2/3) - fluent,chore/26_1_chrome_153_update,cancelled,,https://github.com/DevExpress/DevExtreme/actions/runs/36132635144/job/108064151329
"25.09.26, 12:05:10",108064151331,36132635144,1,TestCafe tests,scheduler / timezones (Europe/Berlin) - fluent,chore/26_1_chrome_153_update,cancelled,,https://github.com/DevExpress/DevExtreme/actions/runs/36132635144/job/108064151331
"25.09.26, 12:05:10",108064151381,36132635144,1,TestCafe tests,navigation - fluent,chore/26_1_chrome_153_update,cancelled,,https://github.com/DevExpress/DevExtreme/actions/runs/36132635144/job/108064151381
"25.09.26, 12:06:01",108064413161,36132635144,1,TestCafe tests,quarantine,chore/26_1_chrome_153_update,cancelled,,https://github.com/DevExpress/DevExtreme/actions/runs/36132635144/job/108064413161
"25.09.26, 12:06:01",108064414145,36132635144,1,TestCafe tests,Send notifications,chore/26_1_chrome_153_update,cancelled,,https://github.com/DevExpress/DevExtreme/actions/runs/36132635144/job/108064414145
"25.09.26, 12:05:23",108064223477,36132351990,1,TestCafe tests,dataGrid (4/4) - fluent,new-fluent-next_finalize-pulbic-vars,failure,,https://github.com/DevExpress/DevExtreme/actions/runs/36132351990/job/108064223477
"25.09.26, 12:05:23",108064223545,36132351990,1,TestCafe tests,dataGrid (2/4) - fluent,new-fluent-next_finalize-pulbic-vars,failure,,https://github.com/DevExpress/DevExtreme/actions/runs/36132351990/job/108064223545
"25.09.26, 12:05:20",108064204714,36132350230,1,TestCafe tests,scheduler / common (3/3) - fluent,T1335898_26_2,failure,,https://github.com/DevExpress/DevExtreme/actions/runs/36132350230/job/108064204714
"25.09.26, 11:59:35",108062476554,36132153224,1,TestCafe tests,generic,chore/26_1_chrome_153_update,cancelled,Restore pnpm cache,https://github.com/DevExpress/DevExtreme/actions/runs/36132153224/job/108062476554
"25.09.26, 11:59:35",108062476567,36132153224,1,TestCafe tests,cardView - fluent,chore/26_1_chrome_153_update,cancelled,Run TestCafe tests,https://github.com/DevExpress/DevExtreme/actions/runs/36132153224/job/108062476567
"25.09.26, 11:59:35",108062476570,36132153224,1,TestCafe tests,material - compact,chore/26_1_chrome_153_update,cancelled,Install dependencies,https://github.com/DevExpress/DevExtreme/actions/runs/36132153224/job/108062476570
"25.09.26, 11:59:35",108062476587,36132153224,1,TestCafe tests,common - fluent,chore/26_1_chrome_153_update,cancelled,Run TestCafe tests,https://github.com/DevExpress/DevExtreme/actions/runs/36132153224/job/108062476587
"25.09.26, 11:59:35",108062476598,36132153224,1,TestCafe tests,scheduler / viewOffset (1/2) - fluent,chore/26_1_chrome_153_update,cancelled,Install dependencies,https://github.com/DevExpress/DevExtreme/actions/runs/36132153224/job/108062476598
"25.09.26, 11:59:35",108062476606,36132153224,1,TestCafe tests,scheduler / common (2/3) - fluent,chore/26_1_chrome_153_update,cancelled,Run TestCafe tests,https://github.com/DevExpress/DevExtreme/actions/runs/36132153224/job/108062476606
"25.09.26, 11:59:35",108062476615,36132153224,1,TestCafe tests,navigation - fluent,chore/26_1_chrome_153_update,cancelled,Use Node.js,https://github.com/DevExpress/DevExtreme/actions/runs/36132153224/job/108062476615
"25.09.26, 11:59:35",108062476620,36132153224,1,TestCafe tests,accessibility - fluent,chore/26_1_chrome_153_update,cancelled,,https://github.com/DevExpress/DevExtreme/actions/runs/36132153224/job/108062476620
"25.09.26, 11:59:35",108062476623,36132153224,1,TestCafe tests,dataGrid (4/4) - fluent,chore/26_1_chrome_153_update,cancelled,Restore pnpm cache,https://github.com/DevExpress/DevExtreme/actions/runs/36132153224/job/108062476623
"25.09.26, 11:59:35",108062476639,36132153224,1,TestCafe tests,editors - fluent,chore/26_1_chrome_153_update,cancelled,,https://github.com/DevExpress/DevExtreme/actions/runs/36132153224/job/108062476639
"25.09.26, 11:59:35",108062476642,36132153224,1,TestCafe tests,scheduler / common (1/3) - fluent,chore/26_1_chrome_153_update,cancelled,,https://github.com/DevExpress/DevExtreme/actions/runs/36132153224/job/108062476642
"25.09.26, 11:59:35",108062476652,36132153224,1,TestCafe tests,dataGrid (2/4) - fluent,chore/26_1_chrome_153_update,cancelled,Use Node.js,https://github.com/DevExpress/DevExtreme/actions/runs/36132153224/job/108062476652
"25.09.26, 11:59:35",108062476656,36132153224,1,TestCafe tests,scheduler / common (3/3) - fluent,chore/26_1_chrome_153_update,cancelled,,https://github.com/DevExpress/DevExtreme/actions/runs/36132153224/job/108062476656
"25.09.26, 11:59:35",108062476659,36132153224,1,TestCafe tests,dataGrid (1/4) - fluent,chore/26_1_chrome_153_update,cancelled,,https://github.com/DevExpress/DevExtreme/actions/runs/36132153224/job/108062476659
"25.09.26, 11:59:35",108062476661,36132153224,1,TestCafe tests,scheduler / timezones (Europe/Berlin) - fluent,chore/26_1_chrome_153_update,cancelled,Setup Chrome,https://github.com/DevExpress/DevExtreme/actions/runs/36132153224/job/108062476661
"25.09.26, 11:59:35",108062476663,36132153224,1,TestCafe tests,scheduler / timezones (America/Los_Angeles) - fluent,chore/26_1_chrome_153_update,cancelled,,https://github.com/DevExpress/DevExtreme/actions/runs/36132153224/job/108062476663
"25.09.26, 11:59:35",108062476678,36132153224,1,TestCafe tests,material,chore/26_1_chrome_153_update,cancelled,,https://github.com/DevExpress/DevExtreme/actions/runs/36132153224/job/108062476678
"25.09.26, 11:59:35",108062476701,36132153224,1,TestCafe tests,dataGrid (3/4) - fluent,chore/26_1_chrome_153_update,cancelled,,https://github.com/DevExpress/DevExtreme/actions/runs/36132153224/job/108062476701
"25.09.26, 11:59:35",108062476705,36132153224,1,TestCafe tests,scheduler / viewOffset (2/2) - fluent,chore/26_1_chrome_153_update,cancelled,,https://github.com/DevExpress/DevExtreme/actions/runs/36132153224/job/108062476705
"25.09.26, 12:02:22",108063318034,36132153224,1,TestCafe tests,quarantine,chore/26_1_chrome_153_update,cancelled,,https://github.com/DevExpress/DevExtreme/actions/runs/36132153224/job/108063318034
"25.09.26, 12:02:22",108063318285,36132153224,1,TestCafe tests,Send notifications,chore/26_1_chrome_153_update,cancelled,,https://github.com/DevExpress/DevExtreme/actions/runs/36132153224/job/108063318285
"25.09.26, 11:56:05",108061483874,36132061964,1,TestCafe tests,Build DevExtreme,feature/update-design-tokens-internal,failure,Show nx cache contents before save,https://github.com/DevExpress/DevExtreme/actions/runs/36132061964/job/108061483874
"25.09.26, 11:52:32",108060459308,36131093247,1,TestCafe tests,scheduler / common (3/3) - fluent,fix/chart-zoom-limit-5219,failure,Run TestCafe tests,https://github.com/DevExpress/DevExtreme/actions/runs/36131093247/job/108060459308
"25.09.26, 11:44:49",108058215335,36131030338,1,TestCafe tests,Build DevExtreme,feature/update-design-tokens-internal,failure,Show nx cache contents before save,https://github.com/DevExpress/DevExtreme/actions/runs/36131030338/job/108058215335
"25.09.26, 11:45:14",108058338819,36130525673,1,TestCafe tests,common - fluent,fix/chart-zoom-limit-5219_26_1,cancelled,,https://github.com/DevExpress/DevExtreme/actions/runs/36130525673/job/108058338819
"25.09.26, 11:45:14",108058338874,36130525673,1,TestCafe tests,dataGrid (4/4) - fluent,fix/chart-zoom-limit-5219_26_1,cancelled,,https://github.com/DevExpress/DevExtreme/actions/runs/36130525673/job/108058338874
"25.09.26, 11:45:14",108058338884,36130525673,1,TestCafe tests,dataGrid (1/4) - fluent,fix/chart-zoom-limit-5219_26_1,cancelled,,https://github.com/DevExpress/DevExtreme/actions/runs/36130525673/job/108058338884
"25.09.26, 11:45:14",108058338886,36130525673,1,TestCafe tests,accessibility - fluent,fix/chart-zoom-limit-5219_26_1,cancelled,,https://github.com/DevExpress/DevExtreme/actions/runs/36130525673/job/108058338886
"25.09.26, 11:45:14",108058338903,36130525673,1,TestCafe tests,material - compact,fix/chart-zoom-limit-5219_26_1,cancelled,,https://github.com/DevExpress/DevExtreme/actions/runs/36130525673/job/108058338903
"25.09.26, 11:45:15",108058338923,36130525673,1,TestCafe tests,generic,fix/chart-zoom-limit-5219_26_1,cancelled,,https://github.com/DevExpress/DevExtreme/actions/runs/36130525673/job/108058338923
"25.09.26, 11:45:15",108058338940,36130525673,1,TestCafe tests,material,fix/chart-zoom-limit-5219_26_1,cancelled,,https://github.com/DevExpress/DevExtreme/actions/runs/36130525673/job/108058338940
"25.09.26, 11:45:15",108058338950,36130525673,1,TestCafe tests,dataGrid (3/4) - fluent,fix/chart-zoom-limit-5219_26_1,cancelled,,https://github.com/DevExpress/DevExtreme/actions/runs/36130525673/job/108058338950
"25.09.26, 11:45:15",108058338957,36130525673,1,TestCafe tests,cardView - fluent,fix/chart-zoom-limit-5219_26_1,cancelled,,https://github.com/DevExpress/DevExtreme/actions/runs/36130525673/job/108058338957
"25.09.26, 11:45:15",108058339005,36130525673,1,TestCafe tests,scheduler / timezones (Europe/Berlin) - fluent,fix/chart-zoom-limit-5219_26_1,cancelled,,https://github.com/DevExpress/DevExtreme/actions/runs/36130525673/job/108058339005
"25.09.26, 11:45:15",108058339023,36130525673,1,TestCafe tests,scheduler / common (2/3) - fluent,fix/chart-zoom-limit-5219_26_1,cancelled,,https://github.com/DevExpress/DevExtreme/actions/runs/36130525673/job/108058339023
"25.09.26, 11:45:15",108058339027,36130525673,1,TestCafe tests,navigation - fluent,fix/chart-zoom-limit-5219_26_1,cancelled,,https://github.com/DevExpress/DevExtreme/actions/runs/36130525673/job/108058339027
"25.09.26, 11:45:15",108058339045,36130525673,1,TestCafe tests,scheduler / viewOffset (2/2) - fluent,fix/chart-zoom-limit-5219_26_1,cancelled,,https://github.com/DevExpress/DevExtreme/actions/runs/36130525673/job/108058339045
"25.09.26, 11:45:15",108058339046,36130525673,1,TestCafe tests,dataGrid (2/4) - fluent,fix/chart-zoom-limit-5219_26_1,cancelled,,https://github.com/DevExpress/DevExtreme/actions/runs/36130525673/job/108058339046
"25.09.26, 11:45:15",108058339067,36130525673,1,TestCafe tests,scheduler / viewOffset (1/2) - fluent,fix/chart-zoom-limit-5219_26_1,cancelled,,https://github.com/DevExpress/DevExtreme/actions/runs/36130525673/job/108058339067
"25.09.26, 11:45:15",108058339073,36130525673,1,TestCafe tests,scheduler / common (3/3) - fluent,fix/chart-zoom-limit-5219_26_1,cancelled,,https://github.com/DevExpress/DevExtreme/actions/runs/36130525673/job/108058339073
"25.09.26, 11:45:15",108058339110,36130525673,1,TestCafe tests,scheduler / timezones (America/Los_Angeles) - fluent,fix/chart-zoom-limit-5219_26_1,cancelled,,https://github.com/DevExpress/DevExtreme/actions/runs/36130525673/job/108058339110
"25.09.26, 11:45:15",108058339129,36130525673,1,TestCafe tests,scheduler / common (1/3) - fluent,fix/chart-zoom-limit-5219_26_1,cancelled,,https://github.com/DevExpress/DevExtreme/actions/runs/36130525673/job/108058339129
"25.09.26, 11:45:15",108058339134,36130525673,1,TestCafe tests,editors - fluent,fix/chart-zoom-limit-5219_26_1,cancelled,,https://github.com/DevExpress/DevExtreme/actions/runs/36130525673/job/108058339134
"25.09.26, 11:45:19",108058360297,36130525673,1,TestCafe tests,quarantine,fix/chart-zoom-limit-5219_26_1,cancelled,,https://github.com/DevExpress/DevExtreme/actions/runs/36130525673/job/108058360297
"25.09.26, 11:45:19",108058360378,36130525673,1,TestCafe tests,Send notifications,fix/chart-zoom-limit-5219_26_1,cancelled,,https://github.com/DevExpress/DevExtreme/actions/runs/36130525673/job/108058360378
"25.09.26, 11:43:55",108057955965,36130497264,1,TestCafe tests,material,fix/chart-zoom-limit-5219,cancelled,Setup Chrome,https://github.com/DevExpress/DevExtreme/actions/runs/36130497264/job/108057955965
"25.09.26, 11:43:55",108057955998,36130497264,1,TestCafe tests,editors - fluent,fix/chart-zoom-limit-5219,cancelled,Setup Chrome,https://github.com/DevExpress/DevExtreme/actions/runs/36130497264/job/108057955998
"25.09.26, 11:43:55",108057956009,36130497264,1,TestCafe tests,material - compact,fix/chart-zoom-limit-5219,cancelled,Setup Chrome,https://github.com/DevExpress/DevExtreme/actions/runs/36130497264/job/108057956009
"25.09.26, 11:43:55",108057956013,36130497264,1,TestCafe tests,accessibility - fluent,fix/chart-zoom-limit-5219,cancelled,Use Node.js,https://github.com/DevExpress/DevExtreme/actions/runs/36130497264/job/108057956013
"25.09.26, 11:43:55",108057956020,36130497264,1,TestCafe tests,scheduler / common (3/3) - fluent,fix/chart-zoom-limit-5219,cancelled,Use Node.js,https://github.com/DevExpress/DevExtreme/actions/runs/36130497264/job/108057956020
"25.09.26, 11:43:55",108057956028,36130497264,1,TestCafe tests,navigation - fluent,fix/chart-zoom-limit-5219,cancelled,Use Node.js,https://github.com/DevExpress/DevExtreme/actions/runs/36130497264/job/108057956028
"25.09.26, 11:43:55",108057956049,36130497264,1,TestCafe tests,scheduler / common (1/3) - fluent,fix/chart-zoom-limit-5219,cancelled,Restore pnpm cache,https://github.com/DevExpress/DevExtreme/actions/runs/36130497264/job/108057956049
"25.09.26, 11:43:55",108057956064,36130497264,1,TestCafe tests,scheduler / viewOffset (2/2) - fluent,fix/chart-zoom-limit-5219,cancelled,Use Node.js,https://github.com/DevExpress/DevExtreme/actions/runs/36130497264/job/108057956064
"25.09.26, 11:43:55",108057956066,36130497264,1,TestCafe tests,scheduler / timezones (America/Los_Angeles) - fluent,fix/chart-zoom-limit-5219,cancelled,Use Node.js,https://github.com/DevExpress/DevExtreme/actions/runs/36130497264/job/108057956066
"25.09.26, 11:43:55",108057956081,36130497264,1,TestCafe tests,common - fluent,fix/chart-zoom-limit-5219,cancelled,Restore pnpm cache,https://github.com/DevExpress/DevExtreme/actions/runs/36130497264/job/108057956081
"25.09.26, 11:43:55",108057956094,36130497264,1,TestCafe tests,dataGrid (4/4) - fluent,fix/chart-zoom-limit-5219,cancelled,Setup Chrome,https://github.com/DevExpress/DevExtreme/actions/runs/36130497264/job/108057956094
"25.09.26, 11:43:55",108057956105,36130497264,1,TestCafe tests,generic,fix/chart-zoom-limit-5219,cancelled,,https://github.com/DevExpress/DevExtreme/actions/runs/36130497264/job/108057956105
"25.09.26, 11:43:55",108057956117,36130497264,1,TestCafe tests,scheduler / common (2/3) - fluent,fix/chart-zoom-limit-5219,cancelled,Setup Chrome,https://github.com/DevExpress/DevExtreme/actions/runs/36130497264/job/108057956117
"25.09.26, 11:43:55",108057956124,36130497264,1,TestCafe tests,scheduler / timezones (Europe/Berlin) - fluent,fix/chart-zoom-limit-5219,cancelled,,https://github.com/DevExpress/DevExtreme/actions/runs/36130497264/job/108057956124
"25.09.26, 11:43:55",108057956149,36130497264,1,TestCafe tests,dataGrid (2/4) - fluent,fix/chart-zoom-limit-5219,cancelled,,https://github.com/DevExpress/DevExtreme/actions/runs/36130497264/job/108057956149
"25.09.26, 11:43:55",108057956165,36130497264,1,TestCafe tests,scheduler / viewOffset (1/2) - fluent,fix/chart-zoom-limit-5219,cancelled,,https://github.com/DevExpress/DevExtreme/actions/runs/36130497264/job/108057956165
"25.09.26, 11:43:55",108057956167,36130497264,1,TestCafe tests,dataGrid (1/4) - fluent,fix/chart-zoom-limit-5219,cancelled,,https://github.com/DevExpress/DevExtreme/actions/runs/36130497264/job/108057956167
"25.09.26, 11:43:55",108057956169,36130497264,1,TestCafe tests,dataGrid (3/4) - fluent,fix/chart-zoom-limit-5219,cancelled,,https://github.com/DevExpress/DevExtreme/actions/runs/36130497264/job/108057956169
"25.09.26, 11:43:55",108057956170,36130497264,1,TestCafe tests,cardView - fluent,fix/chart-zoom-limit-5219,cancelled,,https://github.com/DevExpress/DevExtreme/actions/runs/36130497264/job/108057956170
"25.09.26, 11:45:31",108058422346,36130497264,1,TestCafe tests,quarantine,fix/chart-zoom-limit-5219,cancelled,,https://github.com/DevExpress/DevExtreme/actions/runs/36130497264/job/108058422346
"25.09.26, 11:45:32",108058422592,36130497264,1,TestCafe tests,Send notifications,fix/chart-zoom-limit-5219,cancelled,,https://github.com/DevExpress/DevExtreme/actions/runs/36130497264/job/108058422592
"25.09.26, 11:35:45",108055588572,36130217909,1,TestCafe tests,Build DevExtreme,fix/chart-zoom-limit-5219_26_1,cancelled,Build,https://github.com/DevExpress/DevExtreme/actions/runs/36130217909/job/108055588572
"25.09.26, 11:39:19",108056614712,36130217909,1,TestCafe tests,${{ matrix.name }}${{ ((!matrix.theme && ' - fluent') || '') }},fix/chart-zoom-limit-5219_26_1,cancelled,,https://github.com/DevExpress/DevExtreme/actions/runs/36130217909/job/108056614712
"25.09.26, 11:39:19",108056614735,36130217909,1,TestCafe tests,quarantine,fix/chart-zoom-limit-5219_26_1,cancelled,,https://github.com/DevExpress/DevExtreme/actions/runs/36130217909/job/108056614735
"25.09.26, 11:39:19",108056615963,36130217909,1,TestCafe tests,Send notifications,fix/chart-zoom-limit-5219_26_1,cancelled,,https://github.com/DevExpress/DevExtreme/actions/runs/36130217909/job/108056615963
"25.09.26, 11:35:17",108055453783,36130161770,1,TestCafe tests,Build DevExtreme,fix/chart-zoom-limit-5219,cancelled,Build,https://github.com/DevExpress/DevExtreme/actions/runs/36130161770/job/108055453783
"25.09.26, 11:38:48",108056467178,36130161770,1,TestCafe tests,${{ matrix.name }}${{ ((!matrix.theme && ' - fluent') || '') }},fix/chart-zoom-limit-5219,cancelled,,https://github.com/DevExpress/DevExtreme/actions/runs/36130161770/job/108056467178
"25.09.26, 11:38:48",108056467677,36130161770,1,TestCafe tests,quarantine,fix/chart-zoom-limit-5219,cancelled,,https://github.com/DevExpress/DevExtreme/actions/runs/36130161770/job/108056467677
"25.09.26, 11:38:48",108056468237,36130161770,1,TestCafe tests,Send notifications,fix/chart-zoom-limit-5219,cancelled,,https://github.com/DevExpress/DevExtreme/actions/runs/36130161770/job/108056468237
"25.09.26, 10:44:26",108040883675,36125567275,1,TestCafe tests,Build DevExtreme,feature/update-design-tokens-internal,failure,Show nx cache contents before save,https://github.com/DevExpress/DevExtreme/actions/runs/36125567275/job/108040883675
"25.09.26, 10:42:13",108040251223,36125368891,1,TestCafe tests,Build DevExtreme,feature/update-design-tokens-internal,failure,Show nx cache contents before save,https://github.com/DevExpress/DevExtreme/actions/runs/36125368891/job/108040251223
"25.09.26, 09:50:56",108025325657,36120270739,1,TestCafe tests,editors - fluent,refactor/columnscontroller-controller-types-26_1,failure,,https://github.com/DevExpress/DevExtreme/actions/runs/36120270739/job/108025325657
"25.09.26, 08:29:15",108001067669,36112539825,1,TestCafe tests,navigation - fluent,feature/viz-tokens-leftovers,failure,,https://github.com/DevExpress/DevExtreme/actions/runs/36112539825/job/108001067669
"25.09.26, 08:19:24",107998258748,36112242503,1,TestCafe tests,Build DevExtreme,feature/viz-tokens-leftovers,cancelled,Build,https://github.com/DevExpress/DevExtreme/actions/runs/36112242503/job/107998258748
"25.09.26, 08:22:44",107999194396,36112242503,1,TestCafe tests,${{ matrix.name }}${{ ((!matrix.theme && ' - fluent') || '') }},feature/viz-tokens-leftovers,cancelled,,https://github.com/DevExpress/DevExtreme/actions/runs/36112242503/job/107999194396
"25.09.26, 08:22:44",107999195303,36112242503,1,TestCafe tests,Send notifications,feature/viz-tokens-leftovers,cancelled,,https://github.com/DevExpress/DevExtreme/actions/runs/36112242503/job/107999195303
"25.09.26, 08:22:44",107999195344,36112242503,1,TestCafe tests,quarantine,feature/viz-tokens-leftovers,cancelled,,https://github.com/DevExpress/DevExtreme/actions/runs/36112242503/job/107999195344
"25.09.26, 08:13:47",107996659096,36111745859,1,TestCafe tests,Build DevExtreme,feature/viz-tokens-leftovers,cancelled,Post Setup nx cache,https://github.com/DevExpress/DevExtreme/actions/runs/36111745859/job/107996659096
"25.09.26, 08:18:56",107998127340,36111745859,1,TestCafe tests,quarantine,feature/viz-tokens-leftovers,cancelled,,https://github.com/DevExpress/DevExtreme/actions/runs/36111745859/job/107998127340
"25.09.26, 08:18:56",107998127565,36111745859,1,TestCafe tests,${{ matrix.name }}${{ ((!matrix.theme && ' - fluent') || '') }},feature/viz-tokens-leftovers,cancelled,,https://github.com/DevExpress/DevExtreme/actions/runs/36111745859/job/107998127565
"25.09.26, 08:18:56",107998127571,36111745859,1,TestCafe tests,Send notifications,feature/viz-tokens-leftovers,cancelled,,https://github.com/DevExpress/DevExtreme/actions/runs/36111745859/job/107998127571
"25.09.26, 07:36:58",107986531435,36108066996,1,TestCafe tests,common - fluent-next,feature/viz-tokens-leftovers,failure,Run TestCafe tests,https://github.com/DevExpress/DevExtreme/actions/runs/36108066996/job/107986531435
"25.09.26, 07:13:52",107980414995,36106087483,1,TestCafe tests,common - fluent-next,feature/viz-tokens-leftovers,failure,Run TestCafe tests,https://github.com/DevExpress/DevExtreme/actions/runs/36106087483/job/107980414995
"25.09.26, 13:23:58",108089523173,36140696122,1,Themebuilder and Styles tests,test,feature/viz-tokens-leftovers,cancelled,"Run themebuilder tests (full set, node)",https://github.com/DevExpress/DevExtreme/actions/runs/36140696122/job/108089523173
"25.09.26, 13:27:57",108090917658,36140696122,1,Themebuilder and Styles tests,Send notifications,feature/viz-tokens-leftovers,cancelled,,https://github.com/DevExpress/DevExtreme/actions/runs/36140696122/job/108090917658
"25.09.26, 11:55:39",108061361333,36132061856,1,Themebuilder and Styles tests,test,feature/update-design-tokens-internal,failure,Install dependencies,https://github.com/DevExpress/DevExtreme/actions/runs/36132061856/job/108061361333
"25.09.26, 11:44:22",108058083181,36131030494,1,Themebuilder and Styles tests,test,feature/update-design-tokens-internal,failure,Install dependencies,https://github.com/DevExpress/DevExtreme/actions/runs/36131030494/job/108058083181
"25.09.26, 11:35:29",108055512169,36130217948,1,Themebuilder and Styles tests,test,fix/chart-zoom-limit-5219_26_1,cancelled,"Run themebuilder tests (full set, node)",https://github.com/DevExpress/DevExtreme/actions/runs/36130217948/job/108055512169
"25.09.26, 11:39:12",108056581179,36130217948,1,Themebuilder and Styles tests,Send notifications,fix/chart-zoom-limit-5219_26_1,cancelled,,https://github.com/DevExpress/DevExtreme/actions/runs/36130217948/job/108056581179
"25.09.26, 11:34:54",108055344112,36130161761,1,Themebuilder and Styles tests,test,fix/chart-zoom-limit-5219,cancelled,"Run themebuilder tests (full set, node)",https://github.com/DevExpress/DevExtreme/actions/runs/36130161761/job/108055344112
"25.09.26, 11:38:48",108056467471,36130161761,1,Themebuilder and Styles tests,Send notifications,fix/chart-zoom-limit-5219,cancelled,,https://github.com/DevExpress/DevExtreme/actions/runs/36130161761/job/108056467471
"25.09.26, 10:44:02",108040771973,36125566677,1,Themebuilder and Styles tests,test,feature/update-design-tokens-internal,failure,Install dependencies,https://github.com/DevExpress/DevExtreme/actions/runs/36125566677/job/108040771973
"25.09.26, 10:41:50",108040142054,36125368946,1,Themebuilder and Styles tests,test,feature/update-design-tokens-internal,failure,Install dependencies,https://github.com/DevExpress/DevExtreme/actions/runs/36125368946/job/108040142054
"25.09.26, 13:23:58",108089523857,36140696097,1,TS Declarations,check-ts-bundle,feature/viz-tokens-leftovers,cancelled,Post Setup pnpm cache,https://github.com/DevExpress/DevExtreme/actions/runs/36140696097/job/108089523857
"25.09.26, 13:23:58",108089524281,36140696097,1,TS Declarations,validate-declarations,feature/viz-tokens-leftovers,cancelled,Install dependencies,https://github.com/DevExpress/DevExtreme/actions/runs/36140696097/job/108089524281
"25.09.26, 13:28:01",108090938978,36140696097,1,TS Declarations,Send notifications,feature/viz-tokens-leftovers,cancelled,,https://github.com/DevExpress/DevExtreme/actions/runs/36140696097/job/108090938978
"25.09.26, 11:55:40",108061361685,36132061892,1,TS Declarations,check-ts-bundle,feature/update-design-tokens-internal,failure,Install dependencies,https://github.com/DevExpress/DevExtreme/actions/runs/36132061892/job/108061361685
"25.09.26, 11:55:40",108061361753,36132061892,1,TS Declarations,validate-declarations,feature/update-design-tokens-internal,failure,Install dependencies,https://github.com/DevExpress/DevExtreme/actions/runs/36132061892/job/108061361753
"25.09.26, 11:44:22",108058081133,36131030378,1,TS Declarations,check-ts-bundle,feature/update-design-tokens-internal,failure,Install dependencies,https://github.com/DevExpress/DevExtreme/actions/runs/36131030378/job/108058081133
"25.09.26, 11:44:22",108058081426,36131030378,1,TS Declarations,validate-declarations,feature/update-design-tokens-internal,failure,Install dependencies,https://github.com/DevExpress/DevExtreme/actions/runs/36131030378/job/108058081426
"25.09.26, 11:34:54",108055344225,36130161794,1,TS Declarations,validate-declarations,fix/chart-zoom-limit-5219,cancelled,Post Setup pnpm cache,https://github.com/DevExpress/DevExtreme/actions/runs/36130161794/job/108055344225
"25.09.26, 11:38:35",108056404430,36130161794,1,TS Declarations,Send notifications,fix/chart-zoom-limit-5219,cancelled,,https://github.com/DevExpress/DevExtreme/actions/runs/36130161794/job/108056404430
"25.09.26, 10:44:02",108040771414,36125566492,1,TS Declarations,validate-declarations,feature/update-design-tokens-internal,failure,Install dependencies,https://github.com/DevExpress/DevExtreme/actions/runs/36125566492/job/108040771414
"25.09.26, 10:44:02",108040771651,36125566492,1,TS Declarations,check-ts-bundle,feature/update-design-tokens-internal,failure,Install dependencies,https://github.com/DevExpress/DevExtreme/actions/runs/36125566492/job/108040771651
"25.09.26, 10:41:50",108040142027,36125368920,1,TS Declarations,check-ts-bundle,feature/update-design-tokens-internal,failure,Install dependencies,https://github.com/DevExpress/DevExtreme/actions/runs/36125368920/job/108040142027
"25.09.26, 10:41:50",108040142078,36125368920,1,TS Declarations,validate-declarations,feature/update-design-tokens-internal,failure,Install dependencies,https://github.com/DevExpress/DevExtreme/actions/runs/36125368920/job/108040142078
"25.09.26, 23:06:14",108283307909,36198723410,1,Demos Visual Tests,react-screenshots-fluent-next.blue.light,fluent-next/sync-main-35334,failure,Run TestCafe tests,https://github.com/DevExpress/DevExtreme/actions/runs/36198723410/job/108283307909
"25.09.26, 23:06:14",108283307932,36198723410,1,Demos Visual Tests,vue-screenshots-fluent-next.blue.light,fluent-next/sync-main-35334,failure,Run TestCafe tests,https://github.com/DevExpress/DevExtreme/actions/runs/36198723410/job/108283307932
"25.09.26, 23:06:14",108283307950,36198723410,1,Demos Visual Tests,angular-screenshots-fluent-next.blue.light,fluent-next/sync-main-35334,failure,Run TestCafe tests,https://github.com/DevExpress/DevExtreme/actions/runs/36198723410/job/108283307950
"25.09.26, 23:06:14",108283308243,36198723410,1,Demos Visual Tests,react(2/3)-screenshots-fluent-next.blue.light,fluent-next/sync-main-35334,failure,Run TestCafe tests,https://github.com/DevExpress/DevExtreme/actions/runs/36198723410/job/108283308243
"25.09.26, 23:06:14",108283308247,36198723410,1,Demos Visual Tests,react(1/3)-screenshots-fluent-next.blue.light,fluent-next/sync-main-35334,failure,Run TestCafe tests,https://github.com/DevExpress/DevExtreme/actions/runs/36198723410/job/108283308247
"25.09.26, 23:06:14",108283308314,36198723410,1,Demos Visual Tests,vue(5/5)-screenshots-fluent-next.blue.light,fluent-next/sync-main-35334,failure,Run TestCafe tests,https://github.com/DevExpress/DevExtreme/actions/runs/36198723410/job/108283308314
"25.09.26, 23:06:14",108283308323,36198723410,1,Demos Visual Tests,vue(1/5)-screenshots-fluent-next.blue.light,fluent-next/sync-main-35334,failure,Run TestCafe tests,https://github.com/DevExpress/DevExtreme/actions/runs/36198723410/job/108283308323
"25.09.26, 23:06:14",108283308337,36198723410,1,Demos Visual Tests,angular(6/10)-screenshots-fluent-next.blue.light,fluent-next/sync-main-35334,failure,Run TestCafe tests,https://github.com/DevExpress/DevExtreme/actions/runs/36198723410/job/108283308337
"25.09.26, 23:06:14",108283308363,36198723410,1,Demos Visual Tests,angular(9/10)-screenshots-fluent-next.blue.light,fluent-next/sync-main-35334,failure,Run TestCafe tests,https://github.com/DevExpress/DevExtreme/actions/runs/36198723410/job/108283308363
"25.09.26, 23:06:14",108283308403,36198723410,1,Demos Visual Tests,vue(2/5)-screenshots-fluent-next.blue.light,fluent-next/sync-main-35334,failure,Run TestCafe tests,https://github.com/DevExpress/DevExtreme/actions/runs/36198723410/job/108283308403
"25.09.26, 23:06:14",108283308418,36198723410,1,Demos Visual Tests,angular(5/10)-screenshots-fluent-next.blue.light,fluent-next/sync-main-35334,failure,Run TestCafe tests,https://github.com/DevExpress/DevExtreme/actions/runs/36198723410/job/108283308418
"25.09.26, 23:06:14",108283308455,36198723410,1,Demos Visual Tests,angular(10/10)-screenshots-fluent-next.blue.light,fluent-next/sync-main-35334,failure,Run TestCafe tests,https://github.com/DevExpress/DevExtreme/actions/runs/36198723410/job/108283308455
"25.09.26, 14:52:23",108121869897,36149787242,1,Demos Visual Tests,CSP check (Angular 3/3),feature/viz-tokens-leftovers,failure,,https://github.com/DevExpress/DevExtreme/actions/runs/36149787242/job/108121869897
"25.09.26, 14:52:23",108121869906,36149787242,1,Demos Visual Tests,jquery-accessibility-material.blue.light,feature/viz-tokens-leftovers,failure,,https://github.com/DevExpress/DevExtreme/actions/runs/36149787242/job/108121869906
"25.09.26, 15:52:20",108144123567,36149787242,2,Demos Visual Tests,CSP check (Angular 3/3),feature/viz-tokens-leftovers,failure,,https://github.com/DevExpress/DevExtreme/actions/runs/36149787242/job/108144123567
"25.09.26, 14:22:06",108110541099,36145948760,1,Demos Visual Tests,Check TS and lint code base,demos-angular-fix-change-detection,failure,Check TS and lint results,https://github.com/DevExpress/DevExtreme/actions/runs/36145948760/job/108110541099
"25.09.26, 15:37:28",108138657018,36145948760,2,Demos Visual Tests,Check TS and lint code base,demos-angular-fix-change-detection,failure,Check TS and lint results,https://github.com/DevExpress/DevExtreme/actions/runs/36145948760/job/108138657018
"25.09.26, 16:06:59",108149473960,36145948760,3,Demos Visual Tests,Check TS and lint code base,demos-angular-fix-change-detection,failure,Check TS and lint results,https://github.com/DevExpress/DevExtreme/actions/runs/36145948760/job/108149473960
"25.09.26, 14:08:27",108105479989,36143609448,1,Demos Visual Tests,vue(2/5)-screenshots-fluent-next.blue.light,feature/viz-tokens-leftovers,failure,Run TestCafe tests,https://github.com/DevExpress/DevExtreme/actions/runs/36143609448/job/108105479989
"25.09.26, 14:08:27",108105480007,36143609448,1,Demos Visual Tests,angular(3/10)-screenshots-fluent-next.blue.light,feature/viz-tokens-leftovers,failure,Run TestCafe tests,https://github.com/DevExpress/DevExtreme/actions/runs/36143609448/job/108105480007
"25.09.26, 14:08:27",108105480010,36143609448,1,Demos Visual Tests,vue(5/5)-screenshots-fluent-next.blue.light,feature/viz-tokens-leftovers,failure,Run TestCafe tests,https://github.com/DevExpress/DevExtreme/actions/runs/36143609448/job/108105480010
"25.09.26, 14:08:27",108105480020,36143609448,1,Demos Visual Tests,vue(4/5)-screenshots-fluent-next.blue.light,feature/viz-tokens-leftovers,failure,Run TestCafe tests,https://github.com/DevExpress/DevExtreme/actions/runs/36143609448/job/108105480020
"25.09.26, 14:08:27",108105480060,36143609448,1,Demos Visual Tests,react(1/3)-screenshots-fluent-next.blue.light,feature/viz-tokens-leftovers,failure,Run TestCafe tests,https://github.com/DevExpress/DevExtreme/actions/runs/36143609448/job/108105480060
"25.09.26, 14:08:27",108105480102,36143609448,1,Demos Visual Tests,angular(5/10)-screenshots-fluent-next.blue.light,feature/viz-tokens-leftovers,failure,Run TestCafe tests,https://github.com/DevExpress/DevExtreme/actions/runs/36143609448/job/108105480102
"25.09.26, 14:08:27",108105480115,36143609448,1,Demos Visual Tests,vue(1/5)-screenshots-fluent-next.blue.light,feature/viz-tokens-leftovers,failure,Run TestCafe tests,https://github.com/DevExpress/DevExtreme/actions/runs/36143609448/job/108105480115
"25.09.26, 14:08:27",108105480147,36143609448,1,Demos Visual Tests,angular(1/10)-screenshots-fluent-next.blue.light,feature/viz-tokens-leftovers,failure,Run TestCafe tests,https://github.com/DevExpress/DevExtreme/actions/runs/36143609448/job/108105480147
"25.09.26, 14:08:27",108105480161,36143609448,1,Demos Visual Tests,react(3/3)-screenshots-fluent-next.blue.light,feature/viz-tokens-leftovers,failure,Run TestCafe tests,https://github.com/DevExpress/DevExtreme/actions/runs/36143609448/job/108105480161
"25.09.26, 14:08:27",108105480168,36143609448,1,Demos Visual Tests,react(2/3)-screenshots-fluent-next.blue.light,feature/viz-tokens-leftovers,failure,Run TestCafe tests,https://github.com/DevExpress/DevExtreme/actions/runs/36143609448/job/108105480168
"25.09.26, 14:08:27",108105480187,36143609448,1,Demos Visual Tests,angular(4/10)-screenshots-fluent-next.blue.light,feature/viz-tokens-leftovers,failure,Run TestCafe tests,https://github.com/DevExpress/DevExtreme/actions/runs/36143609448/job/108105480187
"25.09.26, 14:08:27",108105480201,36143609448,1,Demos Visual Tests,vue(3/5)-screenshots-fluent-next.blue.light,feature/viz-tokens-leftovers,failure,Run TestCafe tests,https://github.com/DevExpress/DevExtreme/actions/runs/36143609448/job/108105480201
"25.09.26, 14:08:27",108105480224,36143609448,1,Demos Visual Tests,angular(2/10)-screenshots-fluent-next.blue.light,feature/viz-tokens-leftovers,failure,Run TestCafe tests,https://github.com/DevExpress/DevExtreme/actions/runs/36143609448/job/108105480224
"25.09.26, 14:08:27",108105480309,36143609448,1,Demos Visual Tests,angular(8/10)-screenshots-fluent-next.blue.light,feature/viz-tokens-leftovers,failure,Run TestCafe tests,https://github.com/DevExpress/DevExtreme/actions/runs/36143609448/job/108105480309
"25.09.26, 14:08:27",108105480430,36143609448,1,Demos Visual Tests,angular(10/10)-screenshots-fluent-next.blue.light,feature/viz-tokens-leftovers,failure,Run TestCafe tests,https://github.com/DevExpress/DevExtreme/actions/runs/36143609448/job/108105480430
"25.09.26, 14:08:27",108105480472,36143609448,1,Demos Visual Tests,angular(6/10)-screenshots-fluent-next.blue.light,feature/viz-tokens-leftovers,failure,Run TestCafe tests,https://github.com/DevExpress/DevExtreme/actions/runs/36143609448/job/108105480472
"25.09.26, 14:08:27",108105480481,36143609448,1,Demos Visual Tests,angular(9/10)-screenshots-fluent-next.blue.light,feature/viz-tokens-leftovers,failure,Run TestCafe tests,https://github.com/DevExpress/DevExtreme/actions/runs/36143609448/job/108105480481
"25.09.26, 14:08:27",108105480704,36143609448,1,Demos Visual Tests,angular(7/10)-screenshots-fluent-next.blue.light,feature/viz-tokens-leftovers,failure,Run TestCafe tests,https://github.com/DevExpress/DevExtreme/actions/runs/36143609448/job/108105480704
"25.09.26, 13:36:49",108094046834,36141087660,1,Demos Visual Tests,CSP check (jQuery),type_columns_utils_4_main,cancelled,Run CSP Check,https://github.com/DevExpress/DevExtreme/actions/runs/36141087660/job/108094046834
"25.09.26, 13:36:49",108094047019,36141087660,1,Demos Visual Tests,CSP check (Vue 2/2),type_columns_utils_4_main,cancelled,,https://github.com/DevExpress/DevExtreme/actions/runs/36141087660/job/108094047019
"25.09.26, 13:41:54",108095822116,36141087660,1,Demos Visual Tests,vue(2/5)-screenshots-fluent.blue.light,type_columns_utils_4_main,cancelled,Run TestCafe tests,https://github.com/DevExpress/DevExtreme/actions/runs/36141087660/job/108095822116
"25.09.26, 13:41:54",108095822151,36141087660,1,Demos Visual Tests,react(1/3)-screenshots-fluent.blue.light,type_columns_utils_4_main,cancelled,,https://github.com/DevExpress/DevExtreme/actions/runs/36141087660/job/108095822151
"25.09.26, 13:41:54",108095822182,36141087660,1,Demos Visual Tests,react(2/3)-screenshots-fluent.blue.light,type_columns_utils_4_main,cancelled,,https://github.com/DevExpress/DevExtreme/actions/runs/36141087660/job/108095822182
"25.09.26, 13:41:54",108095822193,36141087660,1,Demos Visual Tests,vue(5/5)-screenshots-fluent.blue.light,type_columns_utils_4_main,cancelled,Run TestCafe tests,https://github.com/DevExpress/DevExtreme/actions/runs/36141087660/job/108095822193
"25.09.26, 13:41:54",108095822276,36141087660,1,Demos Visual Tests,vue(3/5)-screenshots-fluent.blue.light,type_columns_utils_4_main,cancelled,Run TestCafe tests,https://github.com/DevExpress/DevExtreme/actions/runs/36141087660/job/108095822276
"25.09.26, 13:41:54",108095822299,36141087660,1,Demos Visual Tests,vue(4/5)-screenshots-fluent.blue.light,type_columns_utils_4_main,cancelled,Run TestCafe tests,https://github.com/DevExpress/DevExtreme/actions/runs/36141087660/job/108095822299
"25.09.26, 13:41:54",108095822325,36141087660,1,Demos Visual Tests,angular(1/10)-screenshots-fluent.blue.light,type_columns_utils_4_main,cancelled,Run TestCafe tests,https://github.com/DevExpress/DevExtreme/actions/runs/36141087660/job/108095822325
"25.09.26, 13:41:54",108095822326,36141087660,1,Demos Visual Tests,vue(1/5)-screenshots-fluent.blue.light,type_columns_utils_4_main,cancelled,Run TestCafe tests,https://github.com/DevExpress/DevExtreme/actions/runs/36141087660/job/108095822326
"25.09.26, 13:41:54",108095822361,36141087660,1,Demos Visual Tests,angular(2/10)-screenshots-fluent.blue.light,type_columns_utils_4_main,cancelled,Run TestCafe tests,https://github.com/DevExpress/DevExtreme/actions/runs/36141087660/job/108095822361
"25.09.26, 13:41:54",108095822414,36141087660,1,Demos Visual Tests,angular(4/10)-screenshots-fluent.blue.light,type_columns_utils_4_main,cancelled,,https://github.com/DevExpress/DevExtreme/actions/runs/36141087660/job/108095822414
"25.09.26, 13:41:54",108095822427,36141087660,1,Demos Visual Tests,angular(7/10)-screenshots-fluent.blue.light,type_columns_utils_4_main,cancelled,Run TestCafe tests,https://github.com/DevExpress/DevExtreme/actions/runs/36141087660/job/108095822427
"25.09.26, 13:41:54",108095822456,36141087660,1,Demos Visual Tests,angular(3/10)-screenshots-fluent.blue.light,type_columns_utils_4_main,cancelled,Run TestCafe tests,https://github.com/DevExpress/DevExtreme/actions/runs/36141087660/job/108095822456
"25.09.26, 13:41:54",108095822521,36141087660,1,Demos Visual Tests,react(3/3)-screenshots-fluent.blue.light,type_columns_utils_4_main,cancelled,Run TestCafe tests,https://github.com/DevExpress/DevExtreme/actions/runs/36141087660/job/108095822521
"25.09.26, 13:41:54",108095822866,36141087660,1,Demos Visual Tests,angular(6/10)-screenshots-fluent.blue.light,type_columns_utils_4_main,cancelled,Run TestCafe tests,https://github.com/DevExpress/DevExtreme/actions/runs/36141087660/job/108095822866
"25.09.26, 13:46:50",108097595439,36141087660,1,Demos Visual Tests,CSP Violations Summary,type_columns_utils_4_main,cancelled,,https://github.com/DevExpress/DevExtreme/actions/runs/36141087660/job/108097595439
"25.09.26, 13:50:56",108099070886,36141087660,1,Demos Visual Tests,merge-artifacts,type_columns_utils_4_main,cancelled,,https://github.com/DevExpress/DevExtreme/actions/runs/36141087660/job/108099070886
"25.09.26, 13:38:21",108094582331,36141017812,1,Demos Visual Tests,CSP check (jQuery),feature/viz-tokens-leftovers,cancelled,,https://github.com/DevExpress/DevExtreme/actions/runs/36141017812/job/108094582331
"25.09.26, 13:38:21",108094582565,36141017812,1,Demos Visual Tests,jquery(2/3)-screenshots-fluent.blue.light,feature/viz-tokens-leftovers,cancelled,,https://github.com/DevExpress/DevExtreme/actions/runs/36141017812/job/108094582565
"25.09.26, 13:38:21",108094582644,36141017812,1,Demos Visual Tests,jquery-accessibility-fluent.blue.dark,feature/viz-tokens-leftovers,cancelled,,https://github.com/DevExpress/DevExtreme/actions/runs/36141017812/job/108094582644
"25.09.26, 13:38:21",108094582682,36141017812,1,Demos Visual Tests,jquery(2/3)-screenshots-material.blue.light,feature/viz-tokens-leftovers,cancelled,,https://github.com/DevExpress/DevExtreme/actions/runs/36141017812/job/108094582682
"25.09.26, 13:43:37",108096435128,36141017812,1,Demos Visual Tests,react(3/3)-screenshots-fluent-next.blue.light,feature/viz-tokens-leftovers,cancelled,Run TestCafe tests,https://github.com/DevExpress/DevExtreme/actions/runs/36141017812/job/108096435128
"25.09.26, 13:43:37",108096435184,36141017812,1,Demos Visual Tests,react(1/3)-screenshots-fluent-next.blue.light,feature/viz-tokens-leftovers,cancelled,Run TestCafe tests,https://github.com/DevExpress/DevExtreme/actions/runs/36141017812/job/108096435184
"25.09.26, 13:43:37",108096435190,36141017812,1,Demos Visual Tests,vue(1/5)-screenshots-fluent-next.blue.light,feature/viz-tokens-leftovers,cancelled,Run TestCafe tests,https://github.com/DevExpress/DevExtreme/actions/runs/36141017812/job/108096435190
"25.09.26, 13:43:37",108096435264,36141017812,1,Demos Visual Tests,vue(4/5)-screenshots-fluent-next.blue.light,feature/viz-tokens-leftovers,cancelled,Run TestCafe tests,https://github.com/DevExpress/DevExtreme/actions/runs/36141017812/job/108096435264
"25.09.26, 13:43:37",108096435271,36141017812,1,Demos Visual Tests,vue(3/5)-screenshots-fluent-next.blue.light,feature/viz-tokens-leftovers,cancelled,Run TestCafe tests,https://github.com/DevExpress/DevExtreme/actions/runs/36141017812/job/108096435271
"25.09.26, 13:43:37",108096435293,36141017812,1,Demos Visual Tests,react(2/3)-screenshots-fluent-next.blue.light,feature/viz-tokens-leftovers,cancelled,Run TestCafe tests,https://github.com/DevExpress/DevExtreme/actions/runs/36141017812/job/108096435293
"25.09.26, 13:43:37",108096435300,36141017812,1,Demos Visual Tests,angular(1/10)-screenshots-fluent-next.blue.light,feature/viz-tokens-leftovers,failure,Run TestCafe tests,https://github.com/DevExpress/DevExtreme/actions/runs/36141017812/job/108096435300
"25.09.26, 13:43:37",108096435303,36141017812,1,Demos Visual Tests,vue(5/5)-screenshots-fluent-next.blue.light,feature/viz-tokens-leftovers,cancelled,Run TestCafe tests,https://github.com/DevExpress/DevExtreme/actions/runs/36141017812/job/108096435303
"25.09.26, 13:43:37",108096435305,36141017812,1,Demos Visual Tests,angular(4/10)-screenshots-fluent-next.blue.light,feature/viz-tokens-leftovers,failure,Run TestCafe tests,https://github.com/DevExpress/DevExtreme/actions/runs/36141017812/job/108096435305
"25.09.26, 13:43:37",108096435353,36141017812,1,Demos Visual Tests,vue(2/5)-screenshots-fluent-next.blue.light,feature/viz-tokens-leftovers,cancelled,Run TestCafe tests,https://github.com/DevExpress/DevExtreme/actions/runs/36141017812/job/108096435353
"25.09.26, 13:43:37",108096435373,36141017812,1,Demos Visual Tests,angular(9/10)-screenshots-fluent-next.blue.light,feature/viz-tokens-leftovers,failure,Run TestCafe tests,https://github.com/DevExpress/DevExtreme/actions/runs/36141017812/job/108096435373
"25.09.26, 13:43:37",108096435379,36141017812,1,Demos Visual Tests,angular(3/10)-screenshots-fluent-next.blue.light,feature/viz-tokens-leftovers,failure,Run TestCafe tests,https://github.com/DevExpress/DevExtreme/actions/runs/36141017812/job/108096435379
"25.09.26, 13:43:37",108096435466,36141017812,1,Demos Visual Tests,angular(8/10)-screenshots-fluent-next.blue.light,feature/viz-tokens-leftovers,failure,Run TestCafe tests,https://github.com/DevExpress/DevExtreme/actions/runs/36141017812/job/108096435466
"25.09.26, 13:43:37",108096435470,36141017812,1,Demos Visual Tests,angular(7/10)-screenshots-fluent-next.blue.light,feature/viz-tokens-leftovers,failure,Run TestCafe tests,https://github.com/DevExpress/DevExtreme/actions/runs/36141017812/job/108096435470
"25.09.26, 13:43:37",108096435482,36141017812,1,Demos Visual Tests,angular(10/10)-screenshots-fluent-next.blue.light,feature/viz-tokens-leftovers,cancelled,Run TestCafe tests,https://github.com/DevExpress/DevExtreme/actions/runs/36141017812/job/108096435482
"25.09.26, 13:43:37",108096435507,36141017812,1,Demos Visual Tests,angular(5/10)-screenshots-fluent-next.blue.light,feature/viz-tokens-leftovers,failure,Run TestCafe tests,https://github.com/DevExpress/DevExtreme/actions/runs/36141017812/job/108096435507
"25.09.26, 13:43:37",108096435524,36141017812,1,Demos Visual Tests,angular(6/10)-screenshots-fluent-next.blue.light,feature/viz-tokens-leftovers,failure,Run TestCafe tests,https://github.com/DevExpress/DevExtreme/actions/runs/36141017812/job/108096435524
"25.09.26, 13:43:37",108096435688,36141017812,1,Demos Visual Tests,angular(2/10)-screenshots-fluent-next.blue.light,feature/viz-tokens-leftovers,failure,Run TestCafe tests,https://github.com/DevExpress/DevExtreme/actions/runs/36141017812/job/108096435688
"25.09.26, 13:56:17",108101005390,36141017812,1,Demos Visual Tests,CSP Violations Summary,feature/viz-tokens-leftovers,cancelled,,https://github.com/DevExpress/DevExtreme/actions/runs/36141017812/job/108101005390
"25.09.26, 13:56:17",108101007023,36141017812,1,Demos Visual Tests,merge-artifacts,feature/viz-tokens-leftovers,cancelled,,https://github.com/DevExpress/DevExtreme/actions/runs/36141017812/job/108101007023
"25.09.26, 13:24:35",108089737283,36140696078,1,Demos Visual Tests,Build DevExtreme,feature/viz-tokens-leftovers,cancelled,DevExtreme - Build-all,https://github.com/DevExpress/DevExtreme/actions/runs/36140696078/job/108089737283
"25.09.26, 13:27:53",108090893622,36140696078,1,Demos Visual Tests,CSP check (jQuery),feature/viz-tokens-leftovers,cancelled,,https://github.com/DevExpress/DevExtreme/actions/runs/36140696078/job/108090893622
"25.09.26, 13:27:53",108090893653,36140696078,1,Demos Visual Tests,${{ matrix.CONSTEL }}-${{ matrix.STRATEGY }}-${{ matrix.THEME }},feature/viz-tokens-leftovers,cancelled,,https://github.com/DevExpress/DevExtreme/actions/runs/36140696078/job/108090893653
"25.09.26, 13:27:53",108090893820,36140696078,1,Demos Visual Tests,Check generated demos,feature/viz-tokens-leftovers,cancelled,,https://github.com/DevExpress/DevExtreme/actions/runs/36140696078/job/108090893820
"25.09.26, 13:27:53",108090893874,36140696078,1,Demos Visual Tests,"matrix.SHARD_TOTAL == 1 && format('CSP check ({0})', matrix.FRAMEWORK) || format('CSP check ({0} {1}/{2})', matrix.FRAMEWORK, matrix.SHARD_INDEX, matrix.SHARD_TOTAL)",feature/viz-tokens-leftovers,cancelled,,https://github.com/DevExpress/DevExtreme/actions/runs/36140696078/job/108090893874
"25.09.26, 13:27:53",108090894115,36140696078,1,Demos Visual Tests,"Build vendor bundles (React, Vue)",feature/viz-tokens-leftovers,cancelled,,https://github.com/DevExpress/DevExtreme/actions/runs/36140696078/job/108090894115
"25.09.26, 13:27:53",108090894245,36140696078,1,Demos Visual Tests,CSP Violations Summary,feature/viz-tokens-leftovers,cancelled,,https://github.com/DevExpress/DevExtreme/actions/runs/36140696078/job/108090894245
"25.09.26, 13:27:53",108090894261,36140696078,1,Demos Visual Tests,Check TS and lint code base,feature/viz-tokens-leftovers,cancelled,,https://github.com/DevExpress/DevExtreme/actions/runs/36140696078/job/108090894261
"25.09.26, 13:27:53",108090894275,36140696078,1,Demos Visual Tests,"matrix.SHARD_TOTAL == 1 && format('Build demos ({0})', matrix.FRAMEWORK) || format('Build demos ({0} {1}/{2})', matrix.FRAMEWORK, matrix.SHARD_INDEX, matrix.SHARD_TOTAL)",feature/viz-tokens-leftovers,cancelled,,https://github.com/DevExpress/DevExtreme/actions/runs/36140696078/job/108090894275
"25.09.26, 13:27:54",108090895150,36140696078,1,Demos Visual Tests,${{ matrix.CONSTEL }}-screenshots-${{ matrix.THEME }},feature/viz-tokens-leftovers,cancelled,,https://github.com/DevExpress/DevExtreme/actions/runs/36140696078/job/108090895150
"25.09.26, 13:27:54",108090895553,36140696078,1,Demos Visual Tests,${{ matrix.CONSTEL }}-screenshots-${{ matrix.THEME }},feature/viz-tokens-leftovers,cancelled,,https://github.com/DevExpress/DevExtreme/actions/runs/36140696078/job/108090895553
"25.09.26, 13:27:54",108090896104,36140696078,1,Demos Visual Tests,merge-artifacts,feature/viz-tokens-leftovers,cancelled,,https://github.com/DevExpress/DevExtreme/actions/runs/36140696078/job/108090896104
"25.09.26, 13:09:14",108084457381,36138140608,1,Demos Visual Tests,CSP check (Vue 2/2),gridcore_extract_user_state_applier_26_2,failure,,https://github.com/DevExpress/DevExtreme/actions/runs/36138140608/job/108084457381
"25.09.26, 13:07:11",108083766642,36137421908,1,Demos Visual Tests,react(2/3)-screenshots-fluent.blue.light,type_columns_utils_4_main,failure,,https://github.com/DevExpress/DevExtreme/actions/runs/36137421908/job/108083766642
"25.09.26, 13:08:31",108084215139,36137361287,1,Demos Visual Tests,vue(4/5)-screenshots-fluent-next.blue.light,new-fluent-next_finalize-pulbic-vars,failure,,https://github.com/DevExpress/DevExtreme/actions/runs/36137361287/job/108084215139
"25.09.26, 12:02:36",108063387992,36132635217,1,Demos Visual Tests,Build DevExtreme,chore/26_1_chrome_153_update,cancelled,,https://github.com/DevExpress/DevExtreme/actions/runs/36132635217/job/108063387992
"25.09.26, 12:05:57",108064391378,36132635217,1,Demos Visual Tests,${{ matrix.CONSTEL }}-${{ matrix.STRATEGY }}-${{ matrix.THEME }},chore/26_1_chrome_153_update,cancelled,,https://github.com/DevExpress/DevExtreme/actions/runs/36132635217/job/108064391378
"25.09.26, 12:05:57",108064391557,36132635217,1,Demos Visual Tests,Check generated demos,chore/26_1_chrome_153_update,cancelled,,https://github.com/DevExpress/DevExtreme/actions/runs/36132635217/job/108064391557
"25.09.26, 12:05:57",108064391620,36132635217,1,Demos Visual Tests,"Build vendor bundles (React, Vue)",chore/26_1_chrome_153_update,cancelled,,https://github.com/DevExpress/DevExtreme/actions/runs/36132635217/job/108064391620
"25.09.26, 12:05:57",108064391653,36132635217,1,Demos Visual Tests,"matrix.SHARD_TOTAL == 1 && format('CSP check ({0})', matrix.FRAMEWORK) || format('CSP check ({0} {1}/{2})', matrix.FRAMEWORK, matrix.SHARD_INDEX, matrix.SHARD_TOTAL)",chore/26_1_chrome_153_update,cancelled,,https://github.com/DevExpress/DevExtreme/actions/runs/36132635217/job/108064391653
"25.09.26, 12:05:57",108064391679,36132635217,1,Demos Visual Tests,Check TS and lint code base,chore/26_1_chrome_153_update,cancelled,,https://github.com/DevExpress/DevExtreme/actions/runs/36132635217/job/108064391679
"25.09.26, 12:05:57",108064391709,36132635217,1,Demos Visual Tests,Check generated demos (changed only),chore/26_1_chrome_153_update,cancelled,,https://github.com/DevExpress/DevExtreme/actions/runs/36132635217/job/108064391709
"25.09.26, 12:05:57",108064391765,36132635217,1,Demos Visual Tests,"matrix.SHARD_TOTAL == 1 && format('Build demos ({0})', matrix.FRAMEWORK) || format('Build demos ({0} {1}/{2})', matrix.FRAMEWORK, matrix.SHARD_INDEX, matrix.SHARD_TOTAL)",chore/26_1_chrome_153_update,cancelled,,https://github.com/DevExpress/DevExtreme/actions/runs/36132635217/job/108064391765
"25.09.26, 12:05:57",108064392008,36132635217,1,Demos Visual Tests,CSP check (jQuery),chore/26_1_chrome_153_update,cancelled,,https://github.com/DevExpress/DevExtreme/actions/runs/36132635217/job/108064392008
"25.09.26, 12:05:57",108064392111,36132635217,1,Demos Visual Tests,CSP Violations Summary,chore/26_1_chrome_153_update,cancelled,,https://github.com/DevExpress/DevExtreme/actions/runs/36132635217/job/108064392111
"25.09.26, 12:05:57",108064393158,36132635217,1,Demos Visual Tests,${{ matrix.CONSTEL }}-screenshots-${{ matrix.THEME }},chore/26_1_chrome_153_update,cancelled,,https://github.com/DevExpress/DevExtreme/actions/runs/36132635217/job/108064393158
"25.09.26, 12:05:57",108064393169,36132635217,1,Demos Visual Tests,${{ matrix.CONSTEL }}-screenshots-${{ matrix.THEME }},chore/26_1_chrome_153_update,cancelled,,https://github.com/DevExpress/DevExtreme/actions/runs/36132635217/job/108064393169
"25.09.26, 12:05:57",108064393297,36132635217,1,Demos Visual Tests,merge-artifacts,chore/26_1_chrome_153_update,cancelled,,https://github.com/DevExpress/DevExtreme/actions/runs/36132635217/job/108064393297
"25.09.26, 12:09:06",108065326330,36132352159,1,Demos Visual Tests,jquery(2/3)-screenshots-material.blue.light,new-fluent-next_finalize-pulbic-vars,failure,Run TestCafe tests (jQuery),https://github.com/DevExpress/DevExtreme/actions/runs/36132352159/job/108065326330
"25.09.26, 12:09:06",108065326473,36132352159,1,Demos Visual Tests,jquery(2/3)-screenshots-fluent.blue.light,new-fluent-next_finalize-pulbic-vars,failure,Run TestCafe tests (jQuery),https://github.com/DevExpress/DevExtreme/actions/runs/36132352159/job/108065326473
"25.09.26, 12:18:34",108068181141,36132352159,1,Demos Visual Tests,vue-screenshots-fluent.blue.light,new-fluent-next_finalize-pulbic-vars,failure,Run TestCafe tests,https://github.com/DevExpress/DevExtreme/actions/runs/36132352159/job/108068181141
"25.09.26, 12:18:34",108068181255,36132352159,1,Demos Visual Tests,angular-screenshots-fluent.blue.light,new-fluent-next_finalize-pulbic-vars,failure,Run TestCafe tests,https://github.com/DevExpress/DevExtreme/actions/runs/36132352159/job/108068181255
"25.09.26, 12:18:34",108068181288,36132352159,1,Demos Visual Tests,react-screenshots-fluent.blue.light,new-fluent-next_finalize-pulbic-vars,failure,Run TestCafe tests,https://github.com/DevExpress/DevExtreme/actions/runs/36132352159/job/108068181288
"25.09.26, 12:18:35",108068182028,36132352159,1,Demos Visual Tests,react(2/3)-screenshots-fluent.blue.light,new-fluent-next_finalize-pulbic-vars,failure,Run TestCafe tests,https://github.com/DevExpress/DevExtreme/actions/runs/36132352159/job/108068182028
"25.09.26, 12:18:35",108068182048,36132352159,1,Demos Visual Tests,vue(2/5)-screenshots-fluent.blue.light,new-fluent-next_finalize-pulbic-vars,failure,Run TestCafe tests,https://github.com/DevExpress/DevExtreme/actions/runs/36132352159/job/108068182048
"25.09.26, 12:18:35",108068182186,36132352159,1,Demos Visual Tests,vue(1/5)-screenshots-fluent.blue.light,new-fluent-next_finalize-pulbic-vars,failure,Run TestCafe tests,https://github.com/DevExpress/DevExtreme/actions/runs/36132352159/job/108068182186
"25.09.26, 12:18:35",108068182322,36132352159,1,Demos Visual Tests,angular(6/10)-screenshots-fluent.blue.light,new-fluent-next_finalize-pulbic-vars,failure,Run TestCafe tests,https://github.com/DevExpress/DevExtreme/actions/runs/36132352159/job/108068182322
"25.09.26, 12:18:35",108068182547,36132352159,1,Demos Visual Tests,angular(10/10)-screenshots-fluent.blue.light,new-fluent-next_finalize-pulbic-vars,failure,Run TestCafe tests,https://github.com/DevExpress/DevExtreme/actions/runs/36132352159/job/108068182547
"25.09.26, 12:01:43",108063120424,36132153210,1,Demos Visual Tests,CSP check (jQuery),chore/26_1_chrome_153_update,cancelled,,https://github.com/DevExpress/DevExtreme/actions/runs/36132153210/job/108063120424
"25.09.26, 12:01:43",108063120598,36132153210,1,Demos Visual Tests,jquery(2/3)-screenshots-fluent.blue.light,chore/26_1_chrome_153_update,cancelled,,https://github.com/DevExpress/DevExtreme/actions/runs/36132153210/job/108063120598
"25.09.26, 12:01:43",108063120657,36132153210,1,Demos Visual Tests,jquery(3/3)-screenshots-fluent.blue.light,chore/26_1_chrome_153_update,cancelled,,https://github.com/DevExpress/DevExtreme/actions/runs/36132153210/job/108063120657
"25.09.26, 12:01:43",108063120662,36132153210,1,Demos Visual Tests,jquery-accessibility-fluent.blue.light,chore/26_1_chrome_153_update,cancelled,,https://github.com/DevExpress/DevExtreme/actions/runs/36132153210/job/108063120662
"25.09.26, 12:01:43",108063120669,36132153210,1,Demos Visual Tests,jquery(1/3)-screenshots-fluent.blue.light,chore/26_1_chrome_153_update,cancelled,,https://github.com/DevExpress/DevExtreme/actions/runs/36132153210/job/108063120669
"25.09.26, 12:01:43",108063120671,36132153210,1,Demos Visual Tests,jquery(2/3)-screenshots-material.blue.light,chore/26_1_chrome_153_update,cancelled,,https://github.com/DevExpress/DevExtreme/actions/runs/36132153210/job/108063120671
"25.09.26, 12:01:43",108063120699,36132153210,1,Demos Visual Tests,jquery(3/3)-screenshots-material.blue.light,chore/26_1_chrome_153_update,cancelled,,https://github.com/DevExpress/DevExtreme/actions/runs/36132153210/job/108063120699
"25.09.26, 12:01:43",108063120720,36132153210,1,Demos Visual Tests,jquery-accessibility-material.blue.light,chore/26_1_chrome_153_update,cancelled,,https://github.com/DevExpress/DevExtreme/actions/runs/36132153210/job/108063120720
"25.09.26, 12:01:43",108063120741,36132153210,1,Demos Visual Tests,jquery(1/3)-screenshots-material.blue.light,chore/26_1_chrome_153_update,cancelled,,https://github.com/DevExpress/DevExtreme/actions/runs/36132153210/job/108063120741
"25.09.26, 12:02:01",108063209565,36132153210,1,Demos Visual Tests,CSP Violations Summary,chore/26_1_chrome_153_update,cancelled,,https://github.com/DevExpress/DevExtreme/actions/runs/36132153210/job/108063209565
"25.09.26, 12:02:01",108063210451,36132153210,1,Demos Visual Tests,merge-artifacts,chore/26_1_chrome_153_update,cancelled,,https://github.com/DevExpress/DevExtreme/actions/runs/36132153210/job/108063210451
"25.09.26, 11:56:29",108061597712,36132061982,1,Demos Visual Tests,Build DevExtreme,feature/update-design-tokens-internal,failure,Install dependencies,https://github.com/DevExpress/DevExtreme/actions/runs/36132061982/job/108061597712
"25.09.26, 11:45:08",108058303055,36131030353,1,Demos Visual Tests,Build DevExtreme,feature/update-design-tokens-internal,failure,Install dependencies,https://github.com/DevExpress/DevExtreme/actions/runs/36131030353/job/108058303055
"25.09.26, 11:44:59",108058260311,36130525143,1,Demos Visual Tests,CSP check (jQuery),fix/chart-zoom-limit-5219_26_1,cancelled,,https://github.com/DevExpress/DevExtreme/actions/runs/36130525143/job/108058260311
"25.09.26, 11:44:59",108058260406,36130525143,1,Demos Visual Tests,jquery(2/3)-screenshots-fluent.blue.light,fix/chart-zoom-limit-5219_26_1,cancelled,,https://github.com/DevExpress/DevExtreme/actions/runs/36130525143/job/108058260406
"25.09.26, 11:44:59",108058260424,36130525143,1,Demos Visual Tests,jquery(3/3)-screenshots-fluent.blue.light,fix/chart-zoom-limit-5219_26_1,cancelled,,https://github.com/DevExpress/DevExtreme/actions/runs/36130525143/job/108058260424
"25.09.26, 11:44:59",108058260441,36130525143,1,Demos Visual Tests,jquery-accessibility-material.blue.light,fix/chart-zoom-limit-5219_26_1,cancelled,,https://github.com/DevExpress/DevExtreme/actions/runs/36130525143/job/108058260441
"25.09.26, 11:44:59",108058260459,36130525143,1,Demos Visual Tests,jquery(1/3)-screenshots-fluent.blue.light,fix/chart-zoom-limit-5219_26_1,cancelled,,https://github.com/DevExpress/DevExtreme/actions/runs/36130525143/job/108058260459
"25.09.26, 11:44:59",108058260503,36130525143,1,Demos Visual Tests,jquery(1/3)-screenshots-material.blue.light,fix/chart-zoom-limit-5219_26_1,cancelled,,https://github.com/DevExpress/DevExtreme/actions/runs/36130525143/job/108058260503
"25.09.26, 11:44:59",108058260508,36130525143,1,Demos Visual Tests,jquery(3/3)-screenshots-material.blue.light,fix/chart-zoom-limit-5219_26_1,cancelled,,https://github.com/DevExpress/DevExtreme/actions/runs/36130525143/job/108058260508
"25.09.26, 11:44:59",108058260509,36130525143,1,Demos Visual Tests,jquery-accessibility-fluent.blue.light,fix/chart-zoom-limit-5219_26_1,cancelled,,https://github.com/DevExpress/DevExtreme/actions/runs/36130525143/job/108058260509
"25.09.26, 11:44:59",108058260525,36130525143,1,Demos Visual Tests,jquery(2/3)-screenshots-material.blue.light,fix/chart-zoom-limit-5219_26_1,cancelled,,https://github.com/DevExpress/DevExtreme/actions/runs/36130525143/job/108058260525
"25.09.26, 11:45:18",108058357161,36130525143,1,Demos Visual Tests,CSP Violations Summary,fix/chart-zoom-limit-5219_26_1,cancelled,,https://github.com/DevExpress/DevExtreme/actions/runs/36130525143/job/108058357161
"25.09.26, 11:45:18",108058358020,36130525143,1,Demos Visual Tests,merge-artifacts,fix/chart-zoom-limit-5219_26_1,cancelled,,https://github.com/DevExpress/DevExtreme/actions/runs/36130525143/job/108058358020
"25.09.26, 11:38:57",108056508189,36130497258,1,Demos Visual Tests,Build DevExtreme,fix/chart-zoom-limit-5219,cancelled,DevExtreme - Build-all,https://github.com/DevExpress/DevExtreme/actions/runs/36130497258/job/108056508189
"25.09.26, 11:45:17",108058351275,36130497258,1,Demos Visual Tests,"Build vendor bundles (React, Vue)",fix/chart-zoom-limit-5219,cancelled,,https://github.com/DevExpress/DevExtreme/actions/runs/36130497258/job/108058351275
"25.09.26, 11:45:17",108058351366,36130497258,1,Demos Visual Tests,Check generated demos,fix/chart-zoom-limit-5219,cancelled,,https://github.com/DevExpress/DevExtreme/actions/runs/36130497258/job/108058351366
"25.09.26, 11:45:17",108058351383,36130497258,1,Demos Visual Tests,"matrix.SHARD_TOTAL == 1 && format('CSP check ({0})', matrix.FRAMEWORK) || format('CSP check ({0} {1}/{2})', matrix.FRAMEWORK, matrix.SHARD_INDEX, matrix.SHARD_TOTAL)",fix/chart-zoom-limit-5219,cancelled,,https://github.com/DevExpress/DevExtreme/actions/runs/36130497258/job/108058351383
"25.09.26, 11:45:17",108058351501,36130497258,1,Demos Visual Tests,Check TS and lint code base,fix/chart-zoom-limit-5219,cancelled,,https://github.com/DevExpress/DevExtreme/actions/runs/36130497258/job/108058351501
"25.09.26, 11:45:17",108058351555,36130497258,1,Demos Visual Tests,CSP check (jQuery),fix/chart-zoom-limit-5219,cancelled,,https://github.com/DevExpress/DevExtreme/actions/runs/36130497258/job/108058351555
"25.09.26, 11:45:17",108058351645,36130497258,1,Demos Visual Tests,${{ matrix.CONSTEL }}-${{ matrix.STRATEGY }}-${{ matrix.THEME }},fix/chart-zoom-limit-5219,cancelled,,https://github.com/DevExpress/DevExtreme/actions/runs/36130497258/job/108058351645
"25.09.26, 11:45:17",108058352142,36130497258,1,Demos Visual Tests,"matrix.SHARD_TOTAL == 1 && format('Build demos ({0})', matrix.FRAMEWORK) || format('Build demos ({0} {1}/{2})', matrix.FRAMEWORK, matrix.SHARD_INDEX, matrix.SHARD_TOTAL)",fix/chart-zoom-limit-5219,cancelled,,https://github.com/DevExpress/DevExtreme/actions/runs/36130497258/job/108058352142
"25.09.26, 11:45:17",108058352165,36130497258,1,Demos Visual Tests,CSP Violations Summary,fix/chart-zoom-limit-5219,cancelled,,https://github.com/DevExpress/DevExtreme/actions/runs/36130497258/job/108058352165
"25.09.26, 11:45:17",108058352498,36130497258,1,Demos Visual Tests,merge-artifacts,fix/chart-zoom-limit-5219,cancelled,,https://github.com/DevExpress/DevExtreme/actions/runs/36130497258/job/108058352498
"25.09.26, 11:45:17",108058352617,36130497258,1,Demos Visual Tests,${{ matrix.CONSTEL }}-screenshots-${{ matrix.THEME }},fix/chart-zoom-limit-5219,cancelled,,https://github.com/DevExpress/DevExtreme/actions/runs/36130497258/job/108058352617
"25.09.26, 11:36:05",108055688662,36130217878,1,Demos Visual Tests,Build DevExtreme,fix/chart-zoom-limit-5219_26_1,cancelled,DevExtreme - Build,https://github.com/DevExpress/DevExtreme/actions/runs/36130217878/job/108055688662
"25.09.26, 11:39:21",108056625040,36130217878,1,Demos Visual Tests,"matrix.SHARD_TOTAL == 1 && format('CSP check ({0})', matrix.FRAMEWORK) || format('CSP check ({0} {1}/{2})', matrix.FRAMEWORK, matrix.SHARD_INDEX, matrix.SHARD_TOTAL)",fix/chart-zoom-limit-5219_26_1,cancelled,,https://github.com/DevExpress/DevExtreme/actions/runs/36130217878/job/108056625040
"25.09.26, 11:39:21",108056625147,36130217878,1,Demos Visual Tests,CSP check (jQuery),fix/chart-zoom-limit-5219_26_1,cancelled,,https://github.com/DevExpress/DevExtreme/actions/runs/36130217878/job/108056625147
"25.09.26, 11:39:21",108056625403,36130217878,1,Demos Visual Tests,${{ matrix.CONSTEL }}-${{ matrix.STRATEGY }}-${{ matrix.THEME }},fix/chart-zoom-limit-5219_26_1,cancelled,,https://github.com/DevExpress/DevExtreme/actions/runs/36130217878/job/108056625403
"25.09.26, 11:39:21",108056625526,36130217878,1,Demos Visual Tests,Check TS and lint code base,fix/chart-zoom-limit-5219_26_1,cancelled,,https://github.com/DevExpress/DevExtreme/actions/runs/36130217878/job/108056625526
"25.09.26, 11:39:21",108056625573,36130217878,1,Demos Visual Tests,"Build vendor bundles (React, Vue)",fix/chart-zoom-limit-5219_26_1,cancelled,,https://github.com/DevExpress/DevExtreme/actions/runs/36130217878/job/108056625573
"25.09.26, 11:39:21",108056625687,36130217878,1,Demos Visual Tests,Check generated demos (changed only),fix/chart-zoom-limit-5219_26_1,cancelled,,https://github.com/DevExpress/DevExtreme/actions/runs/36130217878/job/108056625687
"25.09.26, 11:39:21",108056625706,36130217878,1,Demos Visual Tests,Check generated demos,fix/chart-zoom-limit-5219_26_1,cancelled,,https://github.com/DevExpress/DevExtreme/actions/runs/36130217878/job/108056625706
"25.09.26, 11:39:21",108056626688,36130217878,1,Demos Visual Tests,CSP Violations Summary,fix/chart-zoom-limit-5219_26_1,cancelled,,https://github.com/DevExpress/DevExtreme/actions/runs/36130217878/job/108056626688
"25.09.26, 11:39:21",108056626712,36130217878,1,Demos Visual Tests,"matrix.SHARD_TOTAL == 1 && format('Build demos ({0})', matrix.FRAMEWORK) || format('Build demos ({0} {1}/{2})', matrix.FRAMEWORK, matrix.SHARD_INDEX, matrix.SHARD_TOTAL)",fix/chart-zoom-limit-5219_26_1,cancelled,,https://github.com/DevExpress/DevExtreme/actions/runs/36130217878/job/108056626712
"25.09.26, 11:39:21",108056627459,36130217878,1,Demos Visual Tests,${{ matrix.CONSTEL }}-screenshots-${{ matrix.THEME }},fix/chart-zoom-limit-5219_26_1,cancelled,,https://github.com/DevExpress/DevExtreme/actions/runs/36130217878/job/108056627459
"25.09.26, 11:39:21",108056627617,36130217878,1,Demos Visual Tests,${{ matrix.CONSTEL }}-screenshots-${{ matrix.THEME }},fix/chart-zoom-limit-5219_26_1,cancelled,,https://github.com/DevExpress/DevExtreme/actions/runs/36130217878/job/108056627617
"25.09.26, 11:39:21",108056628729,36130217878,1,Demos Visual Tests,merge-artifacts,fix/chart-zoom-limit-5219_26_1,cancelled,,https://github.com/DevExpress/DevExtreme/actions/runs/36130217878/job/108056628729
"25.09.26, 11:35:03",108055389092,36130161718,1,Demos Visual Tests,Build DevExtreme,fix/chart-zoom-limit-5219,cancelled,DevExtreme - Build-all,https://github.com/DevExpress/DevExtreme/actions/runs/36130161718/job/108055389092
"25.09.26, 11:38:48",108056469439,36130161718,1,Demos Visual Tests,"Build vendor bundles (React, Vue)",fix/chart-zoom-limit-5219,cancelled,,https://github.com/DevExpress/DevExtreme/actions/runs/36130161718/job/108056469439
"25.09.26, 11:38:48",108056469522,36130161718,1,Demos Visual Tests,${{ matrix.CONSTEL }}-${{ matrix.STRATEGY }}-${{ matrix.THEME }},fix/chart-zoom-limit-5219,cancelled,,https://github.com/DevExpress/DevExtreme/actions/runs/36130161718/job/108056469522
"25.09.26, 11:38:48",108056469580,36130161718,1,Demos Visual Tests,Check generated demos,fix/chart-zoom-limit-5219,cancelled,,https://github.com/DevExpress/DevExtreme/actions/runs/36130161718/job/108056469580
"25.09.26, 11:38:48",108056469699,36130161718,1,Demos Visual Tests,"matrix.SHARD_TOTAL == 1 && format('CSP check ({0})', matrix.FRAMEWORK) || format('CSP check ({0} {1}/{2})', matrix.FRAMEWORK, matrix.SHARD_INDEX, matrix.SHARD_TOTAL)",fix/chart-zoom-limit-5219,cancelled,,https://github.com/DevExpress/DevExtreme/actions/runs/36130161718/job/108056469699
"25.09.26, 11:38:49",108056470072,36130161718,1,Demos Visual Tests,CSP check (jQuery),fix/chart-zoom-limit-5219,cancelled,,https://github.com/DevExpress/DevExtreme/actions/runs/36130161718/job/108056470072
"25.09.26, 11:38:49",108056470406,36130161718,1,Demos Visual Tests,Check TS and lint code base,fix/chart-zoom-limit-5219,cancelled,,https://github.com/DevExpress/DevExtreme/actions/runs/36130161718/job/108056470406
"25.09.26, 11:38:49",108056470572,36130161718,1,Demos Visual Tests,CSP Violations Summary,fix/chart-zoom-limit-5219,cancelled,,https://github.com/DevExpress/DevExtreme/actions/runs/36130161718/job/108056470572
"25.09.26, 11:38:49",108056470966,36130161718,1,Demos Visual Tests,"matrix.SHARD_TOTAL == 1 && format('Build demos ({0})', matrix.FRAMEWORK) || format('Build demos ({0} {1}/{2})', matrix.FRAMEWORK, matrix.SHARD_INDEX, matrix.SHARD_TOTAL)",fix/chart-zoom-limit-5219,cancelled,,https://github.com/DevExpress/DevExtreme/actions/runs/36130161718/job/108056470966
"25.09.26, 11:38:49",108056471571,36130161718,1,Demos Visual Tests,${{ matrix.CONSTEL }}-screenshots-${{ matrix.THEME }},fix/chart-zoom-limit-5219,cancelled,,https://github.com/DevExpress/DevExtreme/actions/runs/36130161718/job/108056471571
"25.09.26, 11:38:49",108056471755,36130161718,1,Demos Visual Tests,merge-artifacts,fix/chart-zoom-limit-5219,cancelled,,https://github.com/DevExpress/DevExtreme/actions/runs/36130161718/job/108056471755
"25.09.26, 10:44:37",108040935725,36125566585,1,Demos Visual Tests,Build DevExtreme,feature/update-design-tokens-internal,failure,Install dependencies,https://github.com/DevExpress/DevExtreme/actions/runs/36125566585/job/108040935725
"25.09.26, 10:42:33",108040343423,36125368777,1,Demos Visual Tests,Build DevExtreme,feature/update-design-tokens-internal,failure,Install dependencies,https://github.com/DevExpress/DevExtreme/actions/runs/36125368777/job/108040343423
"25.09.26, 10:43:35",108040639905,36124721184,1,Demos Visual Tests,Check TS and lint code base,feature/demo_custom_AI_assistant_Angular,failure,Check TS and lint results,https://github.com/DevExpress/DevExtreme/actions/runs/36124721184/job/108040639905
"25.09.26, 11:15:24",108049716404,36124721184,2,Demos Visual Tests,Check TS and lint code base,feature/demo_custom_AI_assistant_Angular,failure,Check TS and lint results,https://github.com/DevExpress/DevExtreme/actions/runs/36124721184/job/108049716404
"25.09.26, 09:52:12",108025693190,36120066430,1,Demos Visual Tests,jquery(1/3)-screenshots-material.blue.light,refactor/columnscontroller-controller-types-main,failure,,https://github.com/DevExpress/DevExtreme/actions/runs/36120066430/job/108025693190
"25.09.26, 09:51:59",108025630147,36119965510,1,Demos Visual Tests,CSP check (React 1/2),new-fluent-next_finalize-pulbic-vars,failure,,https://github.com/DevExpress/DevExtreme/actions/runs/36119965510/job/108025630147
"25.09.26, 09:51:59",108025630224,36119965510,1,Demos Visual Tests,CSP check (React 2/2),new-fluent-next_finalize-pulbic-vars,failure,,https://github.com/DevExpress/DevExtreme/actions/runs/36119965510/job/108025630224
"25.09.26, 09:51:59",108025630346,36119965510,1,Demos Visual Tests,jquery(2/3)-screenshots-fluent.blue.light,new-fluent-next_finalize-pulbic-vars,failure,Run TestCafe tests (jQuery),https://github.com/DevExpress/DevExtreme/actions/runs/36119965510/job/108025630346
"25.09.26, 09:51:59",108025630379,36119965510,1,Demos Visual Tests,jquery(2/3)-screenshots-material.blue.light,new-fluent-next_finalize-pulbic-vars,failure,Run TestCafe tests (jQuery),https://github.com/DevExpress/DevExtreme/actions/runs/36119965510/job/108025630379
"25.09.26, 09:57:32",108027256593,36119965510,1,Demos Visual Tests,angular-screenshots-fluent.blue.light,new-fluent-next_finalize-pulbic-vars,failure,Run TestCafe tests,https://github.com/DevExpress/DevExtreme/actions/runs/36119965510/job/108027256593
"25.09.26, 09:57:32",108027256606,36119965510,1,Demos Visual Tests,react-screenshots-fluent.blue.light,new-fluent-next_finalize-pulbic-vars,failure,Run TestCafe tests,https://github.com/DevExpress/DevExtreme/actions/runs/36119965510/job/108027256606
"25.09.26, 09:57:32",108027256628,36119965510,1,Demos Visual Tests,vue-screenshots-fluent.blue.light,new-fluent-next_finalize-pulbic-vars,failure,Run TestCafe tests,https://github.com/DevExpress/DevExtreme/actions/runs/36119965510/job/108027256628
"25.09.26, 09:57:32",108027257461,36119965510,1,Demos Visual Tests,vue(2/5)-screenshots-fluent.blue.light,new-fluent-next_finalize-pulbic-vars,failure,Run TestCafe tests,https://github.com/DevExpress/DevExtreme/actions/runs/36119965510/job/108027257461
"25.09.26, 09:57:32",108027257505,36119965510,1,Demos Visual Tests,react(2/3)-screenshots-fluent.blue.light,new-fluent-next_finalize-pulbic-vars,failure,Run TestCafe tests,https://github.com/DevExpress/DevExtreme/actions/runs/36119965510/job/108027257505
"25.09.26, 09:57:32",108027257550,36119965510,1,Demos Visual Tests,vue(1/5)-screenshots-fluent.blue.light,new-fluent-next_finalize-pulbic-vars,failure,Run TestCafe tests,https://github.com/DevExpress/DevExtreme/actions/runs/36119965510/job/108027257550
"25.09.26, 09:57:32",108027257747,36119965510,1,Demos Visual Tests,angular(6/10)-screenshots-fluent.blue.light,new-fluent-next_finalize-pulbic-vars,failure,Run TestCafe tests,https://github.com/DevExpress/DevExtreme/actions/runs/36119965510/job/108027257747
"25.09.26, 09:57:32",108027257765,36119965510,1,Demos Visual Tests,angular(10/10)-screenshots-fluent.blue.light,new-fluent-next_finalize-pulbic-vars,failure,Run TestCafe tests,https://github.com/DevExpress/DevExtreme/actions/runs/36119965510/job/108027257765
"25.09.26, 08:35:03",108002764513,36112539833,1,Demos Visual Tests,react(2/3)-screenshots-fluent-next.blue.light,feature/viz-tokens-leftovers,failure,Run TestCafe tests,https://github.com/DevExpress/DevExtreme/actions/runs/36112539833/job/108002764513
"25.09.26, 08:35:03",108002764539,36112539833,1,Demos Visual Tests,react(1/3)-screenshots-fluent-next.blue.light,feature/viz-tokens-leftovers,failure,Run TestCafe tests,https://github.com/DevExpress/DevExtreme/actions/runs/36112539833/job/108002764539
"25.09.26, 08:35:03",108002764572,36112539833,1,Demos Visual Tests,vue(3/5)-screenshots-fluent-next.blue.light,feature/viz-tokens-leftovers,failure,Run TestCafe tests,https://github.com/DevExpress/DevExtreme/actions/runs/36112539833/job/108002764572
"25.09.26, 08:35:03",108002764630,36112539833,1,Demos Visual Tests,vue(4/5)-screenshots-fluent-next.blue.light,feature/viz-tokens-leftovers,failure,Run TestCafe tests,https://github.com/DevExpress/DevExtreme/actions/runs/36112539833/job/108002764630
"25.09.26, 08:35:03",108002764645,36112539833,1,Demos Visual Tests,vue(2/5)-screenshots-fluent-next.blue.light,feature/viz-tokens-leftovers,failure,Run TestCafe tests,https://github.com/DevExpress/DevExtreme/actions/runs/36112539833/job/108002764645
"25.09.26, 08:35:03",108002764646,36112539833,1,Demos Visual Tests,react(3/3)-screenshots-fluent-next.blue.light,feature/viz-tokens-leftovers,failure,Run TestCafe tests,https://github.com/DevExpress/DevExtreme/actions/runs/36112539833/job/108002764646
"25.09.26, 08:35:03",108002764697,36112539833,1,Demos Visual Tests,vue(1/5)-screenshots-fluent-next.blue.light,feature/viz-tokens-leftovers,failure,Run TestCafe tests,https://github.com/DevExpress/DevExtreme/actions/runs/36112539833/job/108002764697
"25.09.26, 08:35:03",108002764710,36112539833,1,Demos Visual Tests,angular(2/10)-screenshots-fluent-next.blue.light,feature/viz-tokens-leftovers,failure,Run TestCafe tests,https://github.com/DevExpress/DevExtreme/actions/runs/36112539833/job/108002764710
"25.09.26, 08:35:03",108002764770,36112539833,1,Demos Visual Tests,angular(1/10)-screenshots-fluent-next.blue.light,feature/viz-tokens-leftovers,failure,Run TestCafe tests,https://github.com/DevExpress/DevExtreme/actions/runs/36112539833/job/108002764770
"25.09.26, 08:35:03",108002764776,36112539833,1,Demos Visual Tests,angular(9/10)-screenshots-fluent-next.blue.light,feature/viz-tokens-leftovers,failure,Run TestCafe tests,https://github.com/DevExpress/DevExtreme/actions/runs/36112539833/job/108002764776
"25.09.26, 08:35:03",108002764807,36112539833,1,Demos Visual Tests,angular(10/10)-screenshots-fluent-next.blue.light,feature/viz-tokens-leftovers,failure,Run TestCafe tests,https://github.com/DevExpress/DevExtreme/actions/runs/36112539833/job/108002764807
"25.09.26, 08:35:03",108002764817,36112539833,1,Demos Visual Tests,angular(8/10)-screenshots-fluent-next.blue.light,feature/viz-tokens-leftovers,failure,Run TestCafe tests,https://github.com/DevExpress/DevExtreme/actions/runs/36112539833/job/108002764817
"25.09.26, 08:35:03",108002764832,36112539833,1,Demos Visual Tests,vue(5/5)-screenshots-fluent-next.blue.light,feature/viz-tokens-leftovers,failure,Run TestCafe tests,https://github.com/DevExpress/DevExtreme/actions/runs/36112539833/job/108002764832
"25.09.26, 08:35:03",108002764839,36112539833,1,Demos Visual Tests,angular(3/10)-screenshots-fluent-next.blue.light,feature/viz-tokens-leftovers,failure,Run TestCafe tests,https://github.com/DevExpress/DevExtreme/actions/runs/36112539833/job/108002764839
"25.09.26, 08:35:03",108002764851,36112539833,1,Demos Visual Tests,angular(6/10)-screenshots-fluent-next.blue.light,feature/viz-tokens-leftovers,failure,Run TestCafe tests,https://github.com/DevExpress/DevExtreme/actions/runs/36112539833/job/108002764851
"25.09.26, 08:35:03",108002764869,36112539833,1,Demos Visual Tests,angular(5/10)-screenshots-fluent-next.blue.light,feature/viz-tokens-leftovers,failure,Run TestCafe tests,https://github.com/DevExpress/DevExtreme/actions/runs/36112539833/job/108002764869
"25.09.26, 08:35:03",108002764942,36112539833,1,Demos Visual Tests,angular(7/10)-screenshots-fluent-next.blue.light,feature/viz-tokens-leftovers,failure,Run TestCafe tests,https://github.com/DevExpress/DevExtreme/actions/runs/36112539833/job/108002764942
"25.09.26, 08:35:04",108002765042,36112539833,1,Demos Visual Tests,angular(4/10)-screenshots-fluent-next.blue.light,feature/viz-tokens-leftovers,failure,Run TestCafe tests,https://github.com/DevExpress/DevExtreme/actions/runs/36112539833/job/108002765042
"25.09.26, 08:19:45",107998353238,36112242424,1,Demos Visual Tests,Build DevExtreme,feature/viz-tokens-leftovers,cancelled,DevExtreme - Build-all,https://github.com/DevExpress/DevExtreme/actions/runs/36112242424/job/107998353238
"25.09.26, 08:22:42",107999186640,36112242424,1,Demos Visual Tests,CSP check (jQuery),feature/viz-tokens-leftovers,cancelled,,https://github.com/DevExpress/DevExtreme/actions/runs/36112242424/job/107999186640
"25.09.26, 08:22:42",107999187021,36112242424,1,Demos Visual Tests,"matrix.SHARD_TOTAL == 1 && format('CSP check ({0})', matrix.FRAMEWORK) || format('CSP check ({0} {1}/{2})', matrix.FRAMEWORK, matrix.SHARD_INDEX, matrix.SHARD_TOTAL)",feature/viz-tokens-leftovers,cancelled,,https://github.com/DevExpress/DevExtreme/actions/runs/36112242424/job/107999187021
"25.09.26, 08:22:42",107999187103,36112242424,1,Demos Visual Tests,"Build vendor bundles (React, Vue)",feature/viz-tokens-leftovers,cancelled,,https://github.com/DevExpress/DevExtreme/actions/runs/36112242424/job/107999187103
"25.09.26, 08:22:42",107999187199,36112242424,1,Demos Visual Tests,${{ matrix.CONSTEL }}-${{ matrix.STRATEGY }}-${{ matrix.THEME }},feature/viz-tokens-leftovers,cancelled,,https://github.com/DevExpress/DevExtreme/actions/runs/36112242424/job/107999187199
"25.09.26, 08:22:42",107999187469,36112242424,1,Demos Visual Tests,Check TS and lint code base,feature/viz-tokens-leftovers,cancelled,,https://github.com/DevExpress/DevExtreme/actions/runs/36112242424/job/107999187469
"25.09.26, 08:22:42",107999187594,36112242424,1,Demos Visual Tests,CSP Violations Summary,feature/viz-tokens-leftovers,cancelled,,https://github.com/DevExpress/DevExtreme/actions/runs/36112242424/job/107999187594
"25.09.26, 08:22:42",107999187801,36112242424,1,Demos Visual Tests,Check generated demos,feature/viz-tokens-leftovers,cancelled,,https://github.com/DevExpress/DevExtreme/actions/runs/36112242424/job/107999187801
"25.09.26, 08:22:42",107999188158,36112242424,1,Demos Visual Tests,"matrix.SHARD_TOTAL == 1 && format('Build demos ({0})', matrix.FRAMEWORK) || format('Build demos ({0} {1}/{2})', matrix.FRAMEWORK, matrix.SHARD_INDEX, matrix.SHARD_TOTAL)",feature/viz-tokens-leftovers,cancelled,,https://github.com/DevExpress/DevExtreme/actions/runs/36112242424/job/107999188158
"25.09.26, 08:22:42",107999188199,36112242424,1,Demos Visual Tests,${{ matrix.CONSTEL }}-screenshots-${{ matrix.THEME }},feature/viz-tokens-leftovers,cancelled,,https://github.com/DevExpress/DevExtreme/actions/runs/36112242424/job/107999188199
"25.09.26, 08:22:42",107999188659,36112242424,1,Demos Visual Tests,${{ matrix.CONSTEL }}-screenshots-${{ matrix.THEME }},feature/viz-tokens-leftovers,cancelled,,https://github.com/DevExpress/DevExtreme/actions/runs/36112242424/job/107999188659
"25.09.26, 08:22:42",107999189293,36112242424,1,Demos Visual Tests,merge-artifacts,feature/viz-tokens-leftovers,cancelled,,https://github.com/DevExpress/DevExtreme/actions/runs/36112242424/job/107999189293
"25.09.26, 08:14:14",107996789335,36111745904,1,Demos Visual Tests,Build DevExtreme,feature/viz-tokens-leftovers,cancelled,DevExtreme - Build-all,https://github.com/DevExpress/DevExtreme/actions/runs/36111745904/job/107996789335
"25.09.26, 08:19:09",107998185223,36111745904,1,Demos Visual Tests,Check generated demos,feature/viz-tokens-leftovers,cancelled,,https://github.com/DevExpress/DevExtreme/actions/runs/36111745904/job/107998185223
"25.09.26, 08:19:09",107998185232,36111745904,1,Demos Visual Tests,Check TS and lint code base,feature/viz-tokens-leftovers,cancelled,,https://github.com/DevExpress/DevExtreme/actions/runs/36111745904/job/107998185232
"25.09.26, 08:19:09",107998185667,36111745904,1,Demos Visual Tests,"Build vendor bundles (React, Vue)",feature/viz-tokens-leftovers,cancelled,,https://github.com/DevExpress/DevExtreme/actions/runs/36111745904/job/107998185667
"25.09.26, 08:19:09",107998185742,36111745904,1,Demos Visual Tests,CSP check (jQuery),feature/viz-tokens-leftovers,cancelled,,https://github.com/DevExpress/DevExtreme/actions/runs/36111745904/job/107998185742
"25.09.26, 08:19:09",107998185809,36111745904,1,Demos Visual Tests,"matrix.SHARD_TOTAL == 1 && format('CSP check ({0})', matrix.FRAMEWORK) || format('CSP check ({0} {1}/{2})', matrix.FRAMEWORK, matrix.SHARD_INDEX, matrix.SHARD_TOTAL)",feature/viz-tokens-leftovers,cancelled,,https://github.com/DevExpress/DevExtreme/actions/runs/36111745904/job/107998185809
"25.09.26, 08:19:09",107998186129,36111745904,1,Demos Visual Tests,${{ matrix.CONSTEL }}-${{ matrix.STRATEGY }}-${{ matrix.THEME }},feature/viz-tokens-leftovers,cancelled,,https://github.com/DevExpress/DevExtreme/actions/runs/36111745904/job/107998186129
"25.09.26, 08:19:09",107998186538,36111745904,1,Demos Visual Tests,CSP Violations Summary,feature/viz-tokens-leftovers,cancelled,,https://github.com/DevExpress/DevExtreme/actions/runs/36111745904/job/107998186538
"25.09.26, 08:19:09",107998186642,36111745904,1,Demos Visual Tests,"matrix.SHARD_TOTAL == 1 && format('Build demos ({0})', matrix.FRAMEWORK) || format('Build demos ({0} {1}/{2})', matrix.FRAMEWORK, matrix.SHARD_INDEX, matrix.SHARD_TOTAL)",feature/viz-tokens-leftovers,cancelled,,https://github.com/DevExpress/DevExtreme/actions/runs/36111745904/job/107998186642
"25.09.26, 08:19:09",107998186673,36111745904,1,Demos Visual Tests,${{ matrix.CONSTEL }}-screenshots-${{ matrix.THEME }},feature/viz-tokens-leftovers,cancelled,,https://github.com/DevExpress/DevExtreme/actions/runs/36111745904/job/107998186673
"25.09.26, 08:19:09",107998186947,36111745904,1,Demos Visual Tests,${{ matrix.CONSTEL }}-screenshots-${{ matrix.THEME }},feature/viz-tokens-leftovers,cancelled,,https://github.com/DevExpress/DevExtreme/actions/runs/36111745904/job/107998186947
"25.09.26, 08:19:09",107998187871,36111745904,1,Demos Visual Tests,merge-artifacts,feature/viz-tokens-leftovers,cancelled,,https://github.com/DevExpress/DevExtreme/actions/runs/36111745904/job/107998187871
"25.09.26, 08:17:46",107997809175,36111499978,1,Demos Visual Tests,jquery(2/3)-screenshots-material.blue.light,type_columns_utils_2_main,failure,Run TestCafe tests (jQuery),https://github.com/DevExpress/DevExtreme/actions/runs/36111499978/job/107997809175
"25.09.26, 08:07:59",107995003685,36110342038,1,Demos Visual Tests,Check generated demos,feature/viz-tokens-leftovers,cancelled,Check generated JS demos,https://github.com/DevExpress/DevExtreme/actions/runs/36110342038/job/107995003685
"25.09.26, 08:07:59",107995003701,36110342038,1,Demos Visual Tests,CSP check (jQuery),feature/viz-tokens-leftovers,cancelled,Run CSP Check,https://github.com/DevExpress/DevExtreme/actions/runs/36110342038/job/107995003701
"25.09.26, 08:07:59",107995003899,36110342038,1,Demos Visual Tests,CSP check (React 1/2),feature/viz-tokens-leftovers,cancelled,Run CSP Check,https://github.com/DevExpress/DevExtreme/actions/runs/36110342038/job/107995003899
"25.09.26, 08:07:59",107995003900,36110342038,1,Demos Visual Tests,CSP check (Angular 1/3),feature/viz-tokens-leftovers,cancelled,Run CSP Check,https://github.com/DevExpress/DevExtreme/actions/runs/36110342038/job/107995003900
"25.09.26, 08:07:59",107995003906,36110342038,1,Demos Visual Tests,CSP check (Angular 2/3),feature/viz-tokens-leftovers,cancelled,Run CSP Check,https://github.com/DevExpress/DevExtreme/actions/runs/36110342038/job/107995003906
"25.09.26, 08:07:59",107995003940,36110342038,1,Demos Visual Tests,CSP check (Angular 3/3),feature/viz-tokens-leftovers,cancelled,Run CSP Check,https://github.com/DevExpress/DevExtreme/actions/runs/36110342038/job/107995003940
"25.09.26, 08:07:59",107995003948,36110342038,1,Demos Visual Tests,CSP check (Vue 2/2),feature/viz-tokens-leftovers,cancelled,Run CSP Check,https://github.com/DevExpress/DevExtreme/actions/runs/36110342038/job/107995003948
"25.09.26, 08:07:59",107995003967,36110342038,1,Demos Visual Tests,jquery(3/3)-screenshots-fluent.blue.light,feature/viz-tokens-leftovers,cancelled,Run TestCafe tests (jQuery),https://github.com/DevExpress/DevExtreme/actions/runs/36110342038/job/107995003967
"25.09.26, 08:07:59",107995004009,36110342038,1,Demos Visual Tests,jquery(2/3)-screenshots-material.blue.light,feature/viz-tokens-leftovers,cancelled,Run TestCafe tests (jQuery),https://github.com/DevExpress/DevExtreme/actions/runs/36110342038/job/107995004009
"25.09.26, 08:07:59",107995004046,36110342038,1,Demos Visual Tests,CSP check (Vue 1/2),feature/viz-tokens-leftovers,cancelled,Run CSP Check,https://github.com/DevExpress/DevExtreme/actions/runs/36110342038/job/107995004046
"25.09.26, 08:07:59",107995004071,36110342038,1,Demos Visual Tests,jquery(3/3)-screenshots-material.blue.light,feature/viz-tokens-leftovers,cancelled,Run TestCafe tests (jQuery),https://github.com/DevExpress/DevExtreme/actions/runs/36110342038/job/107995004071
"25.09.26, 08:07:59",107995004095,36110342038,1,Demos Visual Tests,jquery(1/3)-screenshots-fluent.blue.light,feature/viz-tokens-leftovers,cancelled,Run TestCafe tests (jQuery),https://github.com/DevExpress/DevExtreme/actions/runs/36110342038/job/107995004095
"25.09.26, 08:07:59",107995004141,36110342038,1,Demos Visual Tests,CSP check (React 2/2),feature/viz-tokens-leftovers,cancelled,Run CSP Check,https://github.com/DevExpress/DevExtreme/actions/runs/36110342038/job/107995004141
"25.09.26, 08:07:59",107995004239,36110342038,1,Demos Visual Tests,jquery(1/3)-screenshots-material.blue.light,feature/viz-tokens-leftovers,cancelled,Run TestCafe tests (jQuery),https://github.com/DevExpress/DevExtreme/actions/runs/36110342038/job/107995004239
"25.09.26, 08:11:31",107996019973,36110342038,1,Demos Visual Tests,react(3/3)-screenshots-fluent-next.blue.light,feature/viz-tokens-leftovers,cancelled,Run TestCafe tests,https://github.com/DevExpress/DevExtreme/actions/runs/36110342038/job/107996019973
"25.09.26, 08:11:31",107996019989,36110342038,1,Demos Visual Tests,react(1/3)-screenshots-fluent-next.blue.light,feature/viz-tokens-leftovers,cancelled,Run TestCafe tests,https://github.com/DevExpress/DevExtreme/actions/runs/36110342038/job/107996019989
"25.09.26, 08:11:31",107996019991,36110342038,1,Demos Visual Tests,react(2/3)-screenshots-fluent-next.blue.light,feature/viz-tokens-leftovers,cancelled,Run pnpm/action-setup@v6,https://github.com/DevExpress/DevExtreme/actions/runs/36110342038/job/107996019991
"25.09.26, 08:11:31",107996019998,36110342038,1,Demos Visual Tests,react(3/3)-screenshots-fluent.blue.light,feature/viz-tokens-leftovers,cancelled,Run pnpm/action-setup@v6,https://github.com/DevExpress/DevExtreme/actions/runs/36110342038/job/107996019998
"25.09.26, 08:11:31",107996020016,36110342038,1,Demos Visual Tests,vue(4/5)-screenshots-fluent.blue.light,feature/viz-tokens-leftovers,cancelled,Run TestCafe tests,https://github.com/DevExpress/DevExtreme/actions/runs/36110342038/job/107996020016
"25.09.26, 08:11:31",107996020032,36110342038,1,Demos Visual Tests,vue(2/5)-screenshots-fluent.blue.light,feature/viz-tokens-leftovers,cancelled,Run TestCafe tests,https://github.com/DevExpress/DevExtreme/actions/runs/36110342038/job/107996020032
"25.09.26, 08:11:31",107996020039,36110342038,1,Demos Visual Tests,react(1/3)-screenshots-fluent.blue.light,feature/viz-tokens-leftovers,cancelled,Run TestCafe tests,https://github.com/DevExpress/DevExtreme/actions/runs/36110342038/job/107996020039
"25.09.26, 08:11:31",107996020042,36110342038,1,Demos Visual Tests,vue(3/5)-screenshots-fluent.blue.light,feature/viz-tokens-leftovers,cancelled,Run TestCafe tests,https://github.com/DevExpress/DevExtreme/actions/runs/36110342038/job/107996020042
"25.09.26, 08:11:31",107996020044,36110342038,1,Demos Visual Tests,vue(1/5)-screenshots-fluent-next.blue.light,feature/viz-tokens-leftovers,cancelled,Run TestCafe tests,https://github.com/DevExpress/DevExtreme/actions/runs/36110342038/job/107996020044
"25.09.26, 08:11:31",107996020046,36110342038,1,Demos Visual Tests,vue(3/5)-screenshots-fluent-next.blue.light,feature/viz-tokens-leftovers,cancelled,Run pnpm/action-setup@v6,https://github.com/DevExpress/DevExtreme/actions/runs/36110342038/job/107996020046
"25.09.26, 08:11:31",107996020047,36110342038,1,Demos Visual Tests,vue(1/5)-screenshots-fluent.blue.light,feature/viz-tokens-leftovers,cancelled,Run TestCafe tests,https://github.com/DevExpress/DevExtreme/actions/runs/36110342038/job/107996020047
"25.09.26, 08:11:31",107996020067,36110342038,1,Demos Visual Tests,react(2/3)-screenshots-fluent.blue.light,feature/viz-tokens-leftovers,cancelled,Run pnpm/action-setup@v6,https://github.com/DevExpress/DevExtreme/actions/runs/36110342038/job/107996020067
"25.09.26, 08:11:31",107996020074,36110342038,1,Demos Visual Tests,vue(2/5)-screenshots-fluent-next.blue.light,feature/viz-tokens-leftovers,cancelled,Run pnpm/action-setup@v6,https://github.com/DevExpress/DevExtreme/actions/runs/36110342038/job/107996020074
"25.09.26, 08:11:31",107996020098,36110342038,1,Demos Visual Tests,angular(1/10)-screenshots-fluent-next.blue.light,feature/viz-tokens-leftovers,cancelled,Restore pnpm cache,https://github.com/DevExpress/DevExtreme/actions/runs/36110342038/job/107996020098
"25.09.26, 08:11:31",107996020104,36110342038,1,Demos Visual Tests,vue(5/5)-screenshots-fluent-next.blue.light,feature/viz-tokens-leftovers,cancelled,Run TestCafe tests,https://github.com/DevExpress/DevExtreme/actions/runs/36110342038/job/107996020104
"25.09.26, 08:11:31",107996020105,36110342038,1,Demos Visual Tests,angular(6/10)-screenshots-fluent-next.blue.light,feature/viz-tokens-leftovers,cancelled,Run TestCafe tests,https://github.com/DevExpress/DevExtreme/actions/runs/36110342038/job/107996020105
"25.09.26, 08:11:31",107996020114,36110342038,1,Demos Visual Tests,angular(2/10)-screenshots-fluent.blue.light,feature/viz-tokens-leftovers,cancelled,Get pnpm store directory,https://github.com/DevExpress/DevExtreme/actions/runs/36110342038/job/107996020114
"25.09.26, 08:11:31",107996020119,36110342038,1,Demos Visual Tests,angular(6/10)-screenshots-fluent.blue.light,feature/viz-tokens-leftovers,cancelled,Run TestCafe tests,https://github.com/DevExpress/DevExtreme/actions/runs/36110342038/job/107996020119
"25.09.26, 08:11:31",107996020121,36110342038,1,Demos Visual Tests,angular(4/10)-screenshots-fluent.blue.light,feature/viz-tokens-leftovers,cancelled,Run TestCafe tests,https://github.com/DevExpress/DevExtreme/actions/runs/36110342038/job/107996020121
"25.09.26, 08:11:31",107996020127,36110342038,1,Demos Visual Tests,angular(5/10)-screenshots-fluent.blue.light,feature/viz-tokens-leftovers,cancelled,Run TestCafe tests,https://github.com/DevExpress/DevExtreme/actions/runs/36110342038/job/107996020127
"25.09.26, 08:11:31",107996020130,36110342038,1,Demos Visual Tests,angular(2/10)-screenshots-fluent-next.blue.light,feature/viz-tokens-leftovers,cancelled,Run TestCafe tests,https://github.com/DevExpress/DevExtreme/actions/runs/36110342038/job/107996020130
"25.09.26, 08:11:31",107996020134,36110342038,1,Demos Visual Tests,angular(1/10)-screenshots-fluent.blue.light,feature/viz-tokens-leftovers,cancelled,Run TestCafe tests,https://github.com/DevExpress/DevExtreme/actions/runs/36110342038/job/107996020134
"25.09.26, 08:11:31",107996020137,36110342038,1,Demos Visual Tests,angular(8/10)-screenshots-fluent-next.blue.light,feature/viz-tokens-leftovers,cancelled,Restore pnpm cache,https://github.com/DevExpress/DevExtreme/actions/runs/36110342038/job/107996020137
"25.09.26, 08:11:31",107996020155,36110342038,1,Demos Visual Tests,angular(8/10)-screenshots-fluent.blue.light,feature/viz-tokens-leftovers,cancelled,Restore pnpm cache,https://github.com/DevExpress/DevExtreme/actions/runs/36110342038/job/107996020155
"25.09.26, 08:11:31",107996020163,36110342038,1,Demos Visual Tests,vue(4/5)-screenshots-fluent-next.blue.light,feature/viz-tokens-leftovers,cancelled,Restore pnpm cache,https://github.com/DevExpress/DevExtreme/actions/runs/36110342038/job/107996020163
"25.09.26, 08:11:31",107996020165,36110342038,1,Demos Visual Tests,angular(3/10)-screenshots-fluent-next.blue.light,feature/viz-tokens-leftovers,cancelled,Restore pnpm cache,https://github.com/DevExpress/DevExtreme/actions/runs/36110342038/job/107996020165
"25.09.26, 08:11:31",107996020168,36110342038,1,Demos Visual Tests,angular(4/10)-screenshots-fluent-next.blue.light,feature/viz-tokens-leftovers,cancelled,Restore pnpm cache,https://github.com/DevExpress/DevExtreme/actions/runs/36110342038/job/107996020168
"25.09.26, 08:11:31",107996020174,36110342038,1,Demos Visual Tests,angular(10/10)-screenshots-fluent.blue.light,feature/viz-tokens-leftovers,cancelled,Run TestCafe tests,https://github.com/DevExpress/DevExtreme/actions/runs/36110342038/job/107996020174
"25.09.26, 08:11:31",107996020176,36110342038,1,Demos Visual Tests,angular(9/10)-screenshots-fluent.blue.light,feature/viz-tokens-leftovers,cancelled,Restore pnpm cache,https://github.com/DevExpress/DevExtreme/actions/runs/36110342038/job/107996020176
"25.09.26, 08:11:31",107996020180,36110342038,1,Demos Visual Tests,angular(3/10)-screenshots-fluent.blue.light,feature/viz-tokens-leftovers,cancelled,Restore pnpm cache,https://github.com/DevExpress/DevExtreme/actions/runs/36110342038/job/107996020180
"25.09.26, 08:11:31",107996020206,36110342038,1,Demos Visual Tests,vue(5/5)-screenshots-fluent.blue.light,feature/viz-tokens-leftovers,cancelled,Get pnpm store directory,https://github.com/DevExpress/DevExtreme/actions/runs/36110342038/job/107996020206
"25.09.26, 08:11:31",107996020208,36110342038,1,Demos Visual Tests,angular(7/10)-screenshots-fluent.blue.light,feature/viz-tokens-leftovers,cancelled,Restore pnpm cache,https://github.com/DevExpress/DevExtreme/actions/runs/36110342038/job/107996020208
"25.09.26, 08:11:31",107996020214,36110342038,1,Demos Visual Tests,angular(5/10)-screenshots-fluent-next.blue.light,feature/viz-tokens-leftovers,cancelled,Restore pnpm cache,https://github.com/DevExpress/DevExtreme/actions/runs/36110342038/job/107996020214
"25.09.26, 08:11:31",107996020219,36110342038,1,Demos Visual Tests,angular(7/10)-screenshots-fluent-next.blue.light,feature/viz-tokens-leftovers,cancelled,Restore pnpm cache,https://github.com/DevExpress/DevExtreme/actions/runs/36110342038/job/107996020219
"25.09.26, 08:11:31",107996020238,36110342038,1,Demos Visual Tests,angular(9/10)-screenshots-fluent-next.blue.light,feature/viz-tokens-leftovers,cancelled,Restore pnpm cache,https://github.com/DevExpress/DevExtreme/actions/runs/36110342038/job/107996020238
"25.09.26, 08:11:31",107996020442,36110342038,1,Demos Visual Tests,angular(10/10)-screenshots-fluent-next.blue.light,feature/viz-tokens-leftovers,cancelled,Restore pnpm cache,https://github.com/DevExpress/DevExtreme/actions/runs/36110342038/job/107996020442
"25.09.26, 08:13:41",107996632097,36110342038,1,Demos Visual Tests,CSP Violations Summary,feature/viz-tokens-leftovers,cancelled,,https://github.com/DevExpress/DevExtreme/actions/runs/36110342038/job/107996632097
"25.09.26, 08:13:42",107996637722,36110342038,1,Demos Visual Tests,merge-artifacts,feature/viz-tokens-leftovers,cancelled,,https://github.com/DevExpress/DevExtreme/actions/runs/36110342038/job/107996637722
"25.09.26, 07:45:42",107988854108,36108067008,1,Demos Visual Tests,react(2/3)-screenshots-fluent-next.blue.light,feature/viz-tokens-leftovers,cancelled,Run TestCafe tests,https://github.com/DevExpress/DevExtreme/actions/runs/36108067008/job/107988854108
"25.09.26, 07:45:42",107988854110,36108067008,1,Demos Visual Tests,react(3/3)-screenshots-fluent-next.blue.light,feature/viz-tokens-leftovers,cancelled,Run TestCafe tests,https://github.com/DevExpress/DevExtreme/actions/runs/36108067008/job/107988854110
"25.09.26, 07:45:42",107988854128,36108067008,1,Demos Visual Tests,vue(1/5)-screenshots-fluent-next.blue.light,feature/viz-tokens-leftovers,failure,Run TestCafe tests,https://github.com/DevExpress/DevExtreme/actions/runs/36108067008/job/107988854128
"25.09.26, 07:45:42",107988854136,36108067008,1,Demos Visual Tests,vue(2/5)-screenshots-fluent-next.blue.light,feature/viz-tokens-leftovers,failure,Run TestCafe tests,https://github.com/DevExpress/DevExtreme/actions/runs/36108067008/job/107988854136
"25.09.26, 07:45:42",107988854189,36108067008,1,Demos Visual Tests,vue(3/5)-screenshots-fluent-next.blue.light,feature/viz-tokens-leftovers,failure,Run TestCafe tests,https://github.com/DevExpress/DevExtreme/actions/runs/36108067008/job/107988854189
"25.09.26, 07:45:42",107988854197,36108067008,1,Demos Visual Tests,vue(5/5)-screenshots-fluent-next.blue.light,feature/viz-tokens-leftovers,cancelled,Copy screenshots artifacts,https://github.com/DevExpress/DevExtreme/actions/runs/36108067008/job/107988854197
"25.09.26, 07:45:42",107988854215,36108067008,1,Demos Visual Tests,react(1/3)-screenshots-fluent-next.blue.light,feature/viz-tokens-leftovers,cancelled,Run TestCafe tests,https://github.com/DevExpress/DevExtreme/actions/runs/36108067008/job/107988854215
"25.09.26, 07:45:42",107988854251,36108067008,1,Demos Visual Tests,vue(4/5)-screenshots-fluent-next.blue.light,feature/viz-tokens-leftovers,failure,Run TestCafe tests,https://github.com/DevExpress/DevExtreme/actions/runs/36108067008/job/107988854251
"25.09.26, 07:45:42",107988854272,36108067008,1,Demos Visual Tests,angular(3/10)-screenshots-fluent-next.blue.light,feature/viz-tokens-leftovers,failure,Run TestCafe tests,https://github.com/DevExpress/DevExtreme/actions/runs/36108067008/job/107988854272
"25.09.26, 07:45:42",107988854279,36108067008,1,Demos Visual Tests,angular(4/10)-screenshots-fluent-next.blue.light,feature/viz-tokens-leftovers,failure,Run TestCafe tests,https://github.com/DevExpress/DevExtreme/actions/runs/36108067008/job/107988854279
"25.09.26, 07:45:42",107988854289,36108067008,1,Demos Visual Tests,angular(1/10)-screenshots-fluent-next.blue.light,feature/viz-tokens-leftovers,failure,Run TestCafe tests,https://github.com/DevExpress/DevExtreme/actions/runs/36108067008/job/107988854289
"25.09.26, 07:45:42",107988854337,36108067008,1,Demos Visual Tests,angular(7/10)-screenshots-fluent-next.blue.light,feature/viz-tokens-leftovers,failure,Run TestCafe tests,https://github.com/DevExpress/DevExtreme/actions/runs/36108067008/job/107988854337
"25.09.26, 07:45:42",107988854346,36108067008,1,Demos Visual Tests,angular(5/10)-screenshots-fluent-next.blue.light,feature/viz-tokens-leftovers,failure,Run TestCafe tests,https://github.com/DevExpress/DevExtreme/actions/runs/36108067008/job/107988854346
"25.09.26, 07:45:42",107988854373,36108067008,1,Demos Visual Tests,angular(6/10)-screenshots-fluent-next.blue.light,feature/viz-tokens-leftovers,failure,Run TestCafe tests,https://github.com/DevExpress/DevExtreme/actions/runs/36108067008/job/107988854373
"25.09.26, 07:45:42",107988854405,36108067008,1,Demos Visual Tests,angular(9/10)-screenshots-fluent-next.blue.light,feature/viz-tokens-leftovers,failure,Run TestCafe tests,https://github.com/DevExpress/DevExtreme/actions/runs/36108067008/job/107988854405
"25.09.26, 07:45:42",107988854415,36108067008,1,Demos Visual Tests,angular(10/10)-screenshots-fluent-next.blue.light,feature/viz-tokens-leftovers,failure,Run TestCafe tests,https://github.com/DevExpress/DevExtreme/actions/runs/36108067008/job/107988854415
"25.09.26, 07:45:42",107988854428,36108067008,1,Demos Visual Tests,angular(2/10)-screenshots-fluent-next.blue.light,feature/viz-tokens-leftovers,failure,Run TestCafe tests,https://github.com/DevExpress/DevExtreme/actions/runs/36108067008/job/107988854428
"25.09.26, 07:45:42",107988854456,36108067008,1,Demos Visual Tests,angular(8/10)-screenshots-fluent-next.blue.light,feature/viz-tokens-leftovers,failure,Run TestCafe tests,https://github.com/DevExpress/DevExtreme/actions/runs/36108067008/job/107988854456
"25.09.26, 07:58:01",107992227822,36108067008,1,Demos Visual Tests,merge-artifacts,feature/viz-tokens-leftovers,cancelled,,https://github.com/DevExpress/DevExtreme/actions/runs/36108067008/job/107992227822
"25.09.26, 07:16:50",107981190916,36106087534,1,Demos Visual Tests,jquery(2/3)-screenshots-material.blue.light,feature/viz-tokens-leftovers,failure,Run TestCafe tests (jQuery),https://github.com/DevExpress/DevExtreme/actions/runs/36106087534/job/107981190916
"25.09.26, 07:20:24",107982123521,36106087534,1,Demos Visual Tests,vue(2/5)-screenshots-fluent-next.blue.light,feature/viz-tokens-leftovers,failure,Run TestCafe tests,https://github.com/DevExpress/DevExtreme/actions/runs/36106087534/job/107982123521
"25.09.26, 07:20:24",107982123528,36106087534,1,Demos Visual Tests,react(1/3)-screenshots-fluent-next.blue.light,feature/viz-tokens-leftovers,cancelled,Run TestCafe tests,https://github.com/DevExpress/DevExtreme/actions/runs/36106087534/job/107982123528
"25.09.26, 07:20:24",107982123566,36106087534,1,Demos Visual Tests,vue(4/5)-screenshots-fluent-next.blue.light,feature/viz-tokens-leftovers,failure,Run TestCafe tests,https://github.com/DevExpress/DevExtreme/actions/runs/36106087534/job/107982123566
"25.09.26, 07:20:24",107982123583,36106087534,1,Demos Visual Tests,react(2/3)-screenshots-fluent-next.blue.light,feature/viz-tokens-leftovers,cancelled,Run TestCafe tests,https://github.com/DevExpress/DevExtreme/actions/runs/36106087534/job/107982123583
"25.09.26, 07:20:24",107982123597,36106087534,1,Demos Visual Tests,vue(5/5)-screenshots-fluent-next.blue.light,feature/viz-tokens-leftovers,failure,Run TestCafe tests,https://github.com/DevExpress/DevExtreme/actions/runs/36106087534/job/107982123597
"25.09.26, 07:20:24",107982123624,36106087534,1,Demos Visual Tests,angular(1/10)-screenshots-fluent-next.blue.light,feature/viz-tokens-leftovers,failure,Run TestCafe tests,https://github.com/DevExpress/DevExtreme/actions/runs/36106087534/job/107982123624
"25.09.26, 07:20:24",107982123627,36106087534,1,Demos Visual Tests,angular(6/10)-screenshots-fluent-next.blue.light,feature/viz-tokens-leftovers,failure,Run TestCafe tests,https://github.com/DevExpress/DevExtreme/actions/runs/36106087534/job/107982123627
"25.09.26, 07:20:24",107982123628,36106087534,1,Demos Visual Tests,react(3/3)-screenshots-fluent-next.blue.light,feature/viz-tokens-leftovers,cancelled,Run TestCafe tests,https://github.com/DevExpress/DevExtreme/actions/runs/36106087534/job/107982123628
"25.09.26, 07:20:24",107982123644,36106087534,1,Demos Visual Tests,angular(3/10)-screenshots-fluent-next.blue.light,feature/viz-tokens-leftovers,failure,Run TestCafe tests,https://github.com/DevExpress/DevExtreme/actions/runs/36106087534/job/107982123644
"25.09.26, 07:20:24",107982123661,36106087534,1,Demos Visual Tests,angular(5/10)-screenshots-fluent-next.blue.light,feature/viz-tokens-leftovers,failure,Run TestCafe tests,https://github.com/DevExpress/DevExtreme/actions/runs/36106087534/job/107982123661
"25.09.26, 07:20:24",107982123671,36106087534,1,Demos Visual Tests,angular(4/10)-screenshots-fluent-next.blue.light,feature/viz-tokens-leftovers,failure,Run TestCafe tests,https://github.com/DevExpress/DevExtreme/actions/runs/36106087534/job/107982123671
"25.09.26, 07:20:24",107982123682,36106087534,1,Demos Visual Tests,vue(3/5)-screenshots-fluent-next.blue.light,feature/viz-tokens-leftovers,failure,Run TestCafe tests,https://github.com/DevExpress/DevExtreme/actions/runs/36106087534/job/107982123682
"25.09.26, 07:20:24",107982123692,36106087534,1,Demos Visual Tests,vue(1/5)-screenshots-fluent-next.blue.light,feature/viz-tokens-leftovers,cancelled,Run TestCafe tests,https://github.com/DevExpress/DevExtreme/actions/runs/36106087534/job/107982123692
"25.09.26, 07:20:24",107982123777,36106087534,1,Demos Visual Tests,angular(2/10)-screenshots-fluent-next.blue.light,feature/viz-tokens-leftovers,failure,Run TestCafe tests,https://github.com/DevExpress/DevExtreme/actions/runs/36106087534/job/107982123777
"25.09.26, 07:20:24",107982123785,36106087534,1,Demos Visual Tests,angular(10/10)-screenshots-fluent-next.blue.light,feature/viz-tokens-leftovers,failure,Run TestCafe tests,https://github.com/DevExpress/DevExtreme/actions/runs/36106087534/job/107982123785
"25.09.26, 07:20:24",107982123786,36106087534,1,Demos Visual Tests,angular(7/10)-screenshots-fluent-next.blue.light,feature/viz-tokens-leftovers,failure,Run TestCafe tests,https://github.com/DevExpress/DevExtreme/actions/runs/36106087534/job/107982123786
"25.09.26, 07:20:24",107982123816,36106087534,1,Demos Visual Tests,angular(9/10)-screenshots-fluent-next.blue.light,feature/viz-tokens-leftovers,failure,Run TestCafe tests,https://github.com/DevExpress/DevExtreme/actions/runs/36106087534/job/107982123816
"25.09.26, 07:20:24",107982123837,36106087534,1,Demos Visual Tests,angular(8/10)-screenshots-fluent-next.blue.light,feature/viz-tokens-leftovers,failure,Run TestCafe tests,https://github.com/DevExpress/DevExtreme/actions/runs/36106087534/job/107982123837
"25.09.26, 07:31:42",107985120598,36106087534,1,Demos Visual Tests,merge-artifacts,feature/viz-tokens-leftovers,cancelled,,https://github.com/DevExpress/DevExtreme/actions/runs/36106087534/job/107985120598
"25.09.26, 13:24:01",108089540057,36140696217,1,Wrappers Tests,check-regenerate,feature/viz-tokens-leftovers,cancelled,Post Setup pnpm cache,https://github.com/DevExpress/DevExtreme/actions/runs/36140696217/job/108089540057
"25.09.26, 13:24:01",108089540337,36140696217,1,Wrappers Tests,build,feature/viz-tokens-leftovers,cancelled,Install dependencies,https://github.com/DevExpress/DevExtreme/actions/runs/36140696217/job/108089540337
"25.09.26, 13:28:03",108090954041,36140696217,1,Wrappers Tests,test,feature/viz-tokens-leftovers,cancelled,,https://github.com/DevExpress/DevExtreme/actions/runs/36140696217/job/108090954041
"25.09.26, 12:07:55",108064979708,36132993152,1,Wrappers Tests,test (vue),chore/26_1_chrome_153_update,failure,,https://github.com/DevExpress/DevExtreme/actions/runs/36132993152/job/108064979708
"25.09.26, 12:07:55",108064979820,36132993152,1,Wrappers Tests,test (angular),chore/26_1_chrome_153_update,failure,,https://github.com/DevExpress/DevExtreme/actions/runs/36132993152/job/108064979820
"25.09.26, 12:04:46",108064036594,36132635355,1,Wrappers Tests,test (react),chore/26_1_chrome_153_update,cancelled,Install dependencies,https://github.com/DevExpress/DevExtreme/actions/runs/36132635355/job/108064036594
"25.09.26, 12:04:46",108064036622,36132635355,1,Wrappers Tests,test (angular),chore/26_1_chrome_153_update,cancelled,Setup pnpm cache,https://github.com/DevExpress/DevExtreme/actions/runs/36132635355/job/108064036622
"25.09.26, 12:04:46",108064036646,36132635355,1,Wrappers Tests,test (vue),chore/26_1_chrome_153_update,cancelled,Setup pnpm cache,https://github.com/DevExpress/DevExtreme/actions/runs/36132635355/job/108064036646
"25.09.26, 11:58:38",108062208649,36132153218,1,Wrappers Tests,test (angular),chore/26_1_chrome_153_update,cancelled,Test angular,https://github.com/DevExpress/DevExtreme/actions/runs/36132153218/job/108062208649
"25.09.26, 11:58:38",108062208701,36132153218,1,Wrappers Tests,test (vue),chore/26_1_chrome_153_update,cancelled,Test vue,https://github.com/DevExpress/DevExtreme/actions/runs/36132153218/job/108062208701
"25.09.26, 11:58:38",108062208731,36132153218,1,Wrappers Tests,test (react),chore/26_1_chrome_153_update,cancelled,Test react,https://github.com/DevExpress/DevExtreme/actions/runs/36132153218/job/108062208731
"25.09.26, 11:55:40",108061361879,36132061917,1,Wrappers Tests,check-regenerate,feature/update-design-tokens-internal,failure,Install dependencies,https://github.com/DevExpress/DevExtreme/actions/runs/36132061917/job/108061361879
"25.09.26, 11:55:40",108061362095,36132061917,1,Wrappers Tests,build,feature/update-design-tokens-internal,failure,Install dependencies,https://github.com/DevExpress/DevExtreme/actions/runs/36132061917/job/108061362095
"25.09.26, 11:44:22",108058081265,36131030457,1,Wrappers Tests,check-regenerate,feature/update-design-tokens-internal,failure,Install dependencies,https://github.com/DevExpress/DevExtreme/actions/runs/36131030457/job/108058081265
"25.09.26, 11:44:22",108058081601,36131030457,1,Wrappers Tests,build,feature/update-design-tokens-internal,failure,Install dependencies,https://github.com/DevExpress/DevExtreme/actions/runs/36131030457/job/108058081601
"25.09.26, 11:43:51",108057932728,36130525142,1,Wrappers Tests,test (vue),fix/chart-zoom-limit-5219_26_1,cancelled,Install dependencies,https://github.com/DevExpress/DevExtreme/actions/runs/36130525142/job/108057932728
"25.09.26, 11:43:51",108057932729,36130525142,1,Wrappers Tests,test (react),fix/chart-zoom-limit-5219_26_1,cancelled,Install dependencies,https://github.com/DevExpress/DevExtreme/actions/runs/36130525142/job/108057932729
"25.09.26, 11:43:51",108057932855,36130525142,1,Wrappers Tests,test (angular),fix/chart-zoom-limit-5219_26_1,cancelled,Install dependencies,https://github.com/DevExpress/DevExtreme/actions/runs/36130525142/job/108057932855
"25.09.26, 11:43:26",108057812658,36130497287,1,Wrappers Tests,test (vue),fix/chart-zoom-limit-5219,cancelled,Run pnpm/action-setup@v6,https://github.com/DevExpress/DevExtreme/actions/runs/36130497287/job/108057812658
"25.09.26, 11:43:26",108057812686,36130497287,1,Wrappers Tests,test (angular),fix/chart-zoom-limit-5219,cancelled,Run pnpm/action-setup@v6,https://github.com/DevExpress/DevExtreme/actions/runs/36130497287/job/108057812686
"25.09.26, 11:43:26",108057812713,36130497287,1,Wrappers Tests,test (react),fix/chart-zoom-limit-5219,cancelled,Setup pnpm cache,https://github.com/DevExpress/DevExtreme/actions/runs/36130497287/job/108057812713
"25.09.26, 11:35:29",108055512806,36130217931,1,Wrappers Tests,build,fix/chart-zoom-limit-5219_26_1,cancelled,Build devextreme package,https://github.com/DevExpress/DevExtreme/actions/runs/36130217931/job/108055512806
"25.09.26, 11:39:13",108056586397,36130217931,1,Wrappers Tests,test,fix/chart-zoom-limit-5219_26_1,cancelled,,https://github.com/DevExpress/DevExtreme/actions/runs/36130217931/job/108056586397
"25.09.26, 11:34:54",108055343715,36130161692,1,Wrappers Tests,check-regenerate,fix/chart-zoom-limit-5219,cancelled,Post Setup pnpm cache,https://github.com/DevExpress/DevExtreme/actions/runs/36130161692/job/108055343715
"25.09.26, 11:34:54",108055343937,36130161692,1,Wrappers Tests,build,fix/chart-zoom-limit-5219,cancelled,Build devextreme package,https://github.com/DevExpress/DevExtreme/actions/runs/36130161692/job/108055343937
"25.09.26, 11:38:47",108056464432,36130161692,1,Wrappers Tests,test,fix/chart-zoom-limit-5219,cancelled,,https://github.com/DevExpress/DevExtreme/actions/runs/36130161692/job/108056464432
"25.09.26, 10:44:02",108040771663,36125566584,1,Wrappers Tests,build,feature/update-design-tokens-internal,failure,Install dependencies,https://github.com/DevExpress/DevExtreme/actions/runs/36125566584/job/108040771663
"25.09.26, 10:44:02",108040771854,36125566584,1,Wrappers Tests,check-regenerate,feature/update-design-tokens-internal,failure,Install dependencies,https://github.com/DevExpress/DevExtreme/actions/runs/36125566584/job/108040771854
"25.09.26, 10:41:50",108040141841,36125368860,1,Wrappers Tests,check-regenerate,feature/update-design-tokens-internal,failure,Install dependencies,https://github.com/DevExpress/DevExtreme/actions/runs/36125368860/job/108040141841
"25.09.26, 10:41:50",108040142031,36125368860,1,Wrappers Tests,build,feature/update-design-tokens-internal,failure,Install dependencies,https://github.com/DevExpress/DevExtreme/actions/runs/36125368860/job/108040142031
"25.09.26, 08:18:59",107998142106,36112242402,1,Wrappers Tests,build,feature/viz-tokens-leftovers,cancelled,Build devextreme package,https://github.com/DevExpress/DevExtreme/actions/runs/36112242402/job/107998142106
"25.09.26, 08:22:33",107999141235,36112242402,1,Wrappers Tests,test,feature/viz-tokens-leftovers,cancelled,,https://github.com/DevExpress/DevExtreme/actions/runs/36112242402/job/107999141235
"25.09.26, 08:18:28",107997997454,36111745983,1,Wrappers Tests,build,feature/viz-tokens-leftovers,cancelled,Use Node.js,https://github.com/DevExpress/DevExtreme/actions/runs/36111745983/job/107997997454
"25.09.26, 08:18:28",107997997643,36111745983,1,Wrappers Tests,check-regenerate,feature/viz-tokens-leftovers,cancelled,Run pnpm/action-setup@v6,https://github.com/DevExpress/DevExtreme/actions/runs/36111745983/job/107997997643
"25.09.26, 08:18:55",107998125096,36111745983,1,Wrappers Tests,test,feature/viz-tokens-leftovers,cancelled,,https://github.com/DevExpress/DevExtreme/actions/runs/36111745983/job/107998125096
"25.09.26, 08:03:55",107993859218,36110342111,1,Wrappers Tests,test (react),feature/viz-tokens-leftovers,cancelled,,https://github.com/DevExpress/DevExtreme/actions/runs/36110342111/job/107993859218
"25.09.26, 13:39:58",108095135584,36142393176,1,Wrappers E2E Tests,Build DevExtreme and Wrappers,gh-readonly-queue/main/pr-35332-016f583ef9ab95b958f6c28a4ad81b1eb12c00a4,failure,,https://github.com/DevExpress/DevExtreme/actions/runs/36142393176/job/108095135584
"25.09.26, 13:23:58",108089523947,36140696082,1,Wrappers E2E Tests,Build DevExtreme and Wrappers,feature/viz-tokens-leftovers,cancelled,Build all DevExtreme packages,https://github.com/DevExpress/DevExtreme/actions/runs/36140696082/job/108089523947
"25.09.26, 13:28:00",108090936133,36140696082,1,Wrappers E2E Tests,Test ${{ matrix.framework }},feature/viz-tokens-leftovers,cancelled,,https://github.com/DevExpress/DevExtreme/actions/runs/36140696082/job/108090936133
"25.09.26, 12:02:21",108063311213,36132635433,1,Wrappers E2E Tests,Build DevExtreme and Wrappers,chore/26_1_chrome_153_update,cancelled,Build all DevExtreme packages,https://github.com/DevExpress/DevExtreme/actions/runs/36132635433/job/108063311213
"25.09.26, 12:06:07",108064443077,36132635433,1,Wrappers E2E Tests,Test ${{ matrix.framework }},chore/26_1_chrome_153_update,cancelled,,https://github.com/DevExpress/DevExtreme/actions/runs/36132635433/job/108064443077
"25.09.26, 11:56:42",108061659830,36132153277,1,Wrappers E2E Tests,Build DevExtreme and Wrappers,chore/26_1_chrome_153_update,cancelled,Build all DevExtreme packages,https://github.com/DevExpress/DevExtreme/actions/runs/36132153277/job/108061659830
"25.09.26, 12:02:20",108063309654,36132153277,1,Wrappers E2E Tests,Test ${{ matrix.framework }},chore/26_1_chrome_153_update,cancelled,,https://github.com/DevExpress/DevExtreme/actions/runs/36132153277/job/108063309654
"25.09.26, 11:55:39",108061361325,36132061854,1,Wrappers E2E Tests,Build DevExtreme and Wrappers,feature/update-design-tokens-internal,failure,Install dependencies,https://github.com/DevExpress/DevExtreme/actions/runs/36132061854/job/108061361325
"25.09.26, 11:44:22",108058080926,36131030374,1,Wrappers E2E Tests,Build DevExtreme and Wrappers,feature/update-design-tokens-internal,failure,Install dependencies,https://github.com/DevExpress/DevExtreme/actions/runs/36131030374/job/108058080926
"25.09.26, 11:39:12",108056583442,36130525109,1,Wrappers E2E Tests,Build DevExtreme and Wrappers,fix/chart-zoom-limit-5219_26_1,cancelled,Build all DevExtreme packages,https://github.com/DevExpress/DevExtreme/actions/runs/36130525109/job/108056583442
"25.09.26, 11:45:37",108058446528,36130525109,1,Wrappers E2E Tests,Test ${{ matrix.framework }},fix/chart-zoom-limit-5219_26_1,cancelled,,https://github.com/DevExpress/DevExtreme/actions/runs/36130525109/job/108058446528
"25.09.26, 11:38:50",108056478578,36130497289,1,Wrappers E2E Tests,Build DevExtreme and Wrappers,fix/chart-zoom-limit-5219,cancelled,Build all DevExtreme packages,https://github.com/DevExpress/DevExtreme/actions/runs/36130497289/job/108056478578
"25.09.26, 11:45:18",108058354923,36130497289,1,Wrappers E2E Tests,Test ${{ matrix.framework }},fix/chart-zoom-limit-5219,cancelled,,https://github.com/DevExpress/DevExtreme/actions/runs/36130497289/job/108058354923
"25.09.26, 11:35:29",108055513131,36130217961,1,Wrappers E2E Tests,Build DevExtreme and Wrappers,fix/chart-zoom-limit-5219_26_1,cancelled,Build all DevExtreme packages,https://github.com/DevExpress/DevExtreme/actions/runs/36130217961/job/108055513131
"25.09.26, 11:39:12",108056581975,36130217961,1,Wrappers E2E Tests,Test ${{ matrix.framework }},fix/chart-zoom-limit-5219_26_1,cancelled,,https://github.com/DevExpress/DevExtreme/actions/runs/36130217961/job/108056581975
"25.09.26, 11:34:54",108055344233,36130161772,1,Wrappers E2E Tests,Build DevExtreme and Wrappers,fix/chart-zoom-limit-5219,cancelled,Build all DevExtreme packages,https://github.com/DevExpress/DevExtreme/actions/runs/36130161772/job/108055344233
"25.09.26, 11:38:50",108056477267,36130161772,1,Wrappers E2E Tests,Test ${{ matrix.framework }},fix/chart-zoom-limit-5219,cancelled,,https://github.com/DevExpress/DevExtreme/actions/runs/36130161772/job/108056477267
"25.09.26, 10:44:02",108040771075,36125566433,1,Wrappers E2E Tests,Build DevExtreme and Wrappers,feature/update-design-tokens-internal,failure,Install dependencies,https://github.com/DevExpress/DevExtreme/actions/runs/36125566433/job/108040771075
"25.09.26, 10:41:50",108040142101,36125368938,1,Wrappers E2E Tests,Build DevExtreme and Wrappers,feature/update-design-tokens-internal,failure,Install dependencies,https://github.com/DevExpress/DevExtreme/actions/runs/36125368938/job/108040142101
"25.09.26, 08:19:23",107998252947,36112242473,1,Wrappers E2E Tests,Build DevExtreme and Wrappers,feature/viz-tokens-leftovers,cancelled,Build all DevExtreme packages,https://github.com/DevExpress/DevExtreme/actions/runs/36112242473/job/107998252947
"25.09.26, 08:22:29",107999122584,36112242473,1,Wrappers E2E Tests,Test ${{ matrix.framework }},feature/viz-tokens-leftovers,cancelled,,https://github.com/DevExpress/DevExtreme/actions/runs/36112242473/job/107999122584
"25.09.26, 08:13:21",107996540875,36111745921,1,Wrappers E2E Tests,Build DevExtreme and Wrappers,feature/viz-tokens-leftovers,cancelled,Build all DevExtreme packages,https://github.com/DevExpress/DevExtreme/actions/runs/36111745921/job/107996540875
"25.09.26, 08:19:23",107998251707,36111745921,1,Wrappers E2E Tests,Test ${{ matrix.framework }},feature/viz-tokens-leftovers,cancelled,,https://github.com/DevExpress/DevExtreme/actions/runs/36111745921/job/107998251707
