created at,id,run id,run attempt,workflow name,name,head branch,conclusion,step,html url
"03.08.26, 19:15:22",91790889987,30844962536,1,Build and pack DevExtreme npm packages,build,feature/scheduler-multilevel-grouping/demo,cancelled,Build npm packages,https://github.com/DevExpress/DevExtreme/actions/runs/30844962536/job/91790889987
"03.08.26, 19:19:45",91791945896,30844962536,1,Build and pack DevExtreme npm packages,custom_bundles,feature/scheduler-multilevel-grouping/demo,cancelled,,https://github.com/DevExpress/DevExtreme/actions/runs/30844962536/job/91791945896
"03.08.26, 19:13:41",91790484161,30844048042,1,Build and pack DevExtreme npm packages,custom_bundles,pivotgrid-field-focus-outline-4825,cancelled,,https://github.com/DevExpress/DevExtreme/actions/runs/30844048042/job/91790484161
"03.08.26, 17:17:23",91761425412,30836068052,1,Build and pack DevExtreme npm packages,build,dependabot/npm_and_yarn/angular/compiler-22.1.0,failure,Build npm packages,https://github.com/DevExpress/DevExtreme/actions/runs/30836068052/job/91761425412
"03.08.26, 16:47:48",91753884128,30833789635,1,Build and pack DevExtreme npm packages,build,dependabot/npm_and_yarn/angular/common-22.1.0,failure,Build npm packages,https://github.com/DevExpress/DevExtreme/actions/runs/30833789635/job/91753884128
"03.08.26, 13:45:55",91705398305,30819469383,1,Build and pack DevExtreme npm packages,build,feature/26_2_popover_support_content_reading,cancelled,Install dependencies,https://github.com/DevExpress/DevExtreme/actions/runs/30819469383/job/91705398305
"03.08.26, 13:48:04",91705965389,30819469383,1,Build and pack DevExtreme npm packages,custom_bundles,feature/26_2_popover_support_content_reading,cancelled,,https://github.com/DevExpress/DevExtreme/actions/runs/30819469383/job/91705965389
"03.08.26, 13:06:15",91695099725,30816391361,1,Build and pack DevExtreme npm packages,build,feature/demos-remove-system-js,cancelled,Get sources,https://github.com/DevExpress/DevExtreme/actions/runs/30816391361/job/91695099725
"03.08.26, 13:06:26",91695147884,30816391361,1,Build and pack DevExtreme npm packages,custom_bundles,feature/demos-remove-system-js,cancelled,,https://github.com/DevExpress/DevExtreme/actions/runs/30816391361/job/91695147884
"03.08.26, 12:01:19",91680168576,30811832301,1,Build and pack DevExtreme npm packages,build,26_1,failure,,https://github.com/DevExpress/DevExtreme/actions/runs/30811832301/job/91680168576
"03.08.26, 11:46:14",91676928911,30810842228,1,Build and pack DevExtreme npm packages,build,qunit_fluent_part_4_26_2,cancelled,Build npm packages,https://github.com/DevExpress/DevExtreme/actions/runs/30810842228/job/91676928911
"03.08.26, 11:50:41",91677858606,30810842228,1,Build and pack DevExtreme npm packages,custom_bundles,qunit_fluent_part_4_26_2,cancelled,,https://github.com/DevExpress/DevExtreme/actions/runs/30810842228/job/91677858606
"03.08.26, 11:12:39",91669740351,30808620357,1,Build and pack DevExtreme npm packages,build,26_1,cancelled,Get sources,https://github.com/DevExpress/DevExtreme/actions/runs/30808620357/job/91669740351
"03.08.26, 11:12:52",91669788397,30808620357,1,Build and pack DevExtreme npm packages,custom_bundles,26_1,cancelled,,https://github.com/DevExpress/DevExtreme/actions/runs/30808620357/job/91669788397
"03.08.26, 09:20:48",91645278569,30799450767,1,Build and pack DevExtreme npm packages,custom_bundles,feature/26_2_popover_support_content_reading,cancelled,Get sources,https://github.com/DevExpress/DevExtreme/actions/runs/30799450767/job/91645278569
"03.08.26, 08:46:25",91638042994,30798694341,1,Build and pack DevExtreme npm packages,build,26_1,cancelled,Build npm packages,https://github.com/DevExpress/DevExtreme/actions/runs/30798694341/job/91638042994
"03.08.26, 08:49:45",91638694772,30798694341,1,Build and pack DevExtreme npm packages,custom_bundles,26_1,cancelled,,https://github.com/DevExpress/DevExtreme/actions/runs/30798694341/job/91638694772
"03.08.26, 19:15:22",91790889377,30844962387,1,Default Workflow,main,feature/scheduler-multilevel-grouping/demo,cancelled,Run targets,https://github.com/DevExpress/DevExtreme/actions/runs/30844962387/job/91790889377
"03.08.26, 16:47:48",91753884647,30833789757,1,Default Workflow,main,dependabot/npm_and_yarn/angular/common-22.1.0,failure,Run targets,https://github.com/DevExpress/DevExtreme/actions/runs/30833789757/job/91753884647
"03.08.26, 13:45:55",91705397054,30819468899,1,Default Workflow,main,feature/26_2_popover_support_content_reading,cancelled,Install dependencies,https://github.com/DevExpress/DevExtreme/actions/runs/30819468899/job/91705397054
"03.08.26, 13:06:16",91695102506,30816392197,1,Default Workflow,main,feature/demos-remove-system-js,cancelled,Get sources,https://github.com/DevExpress/DevExtreme/actions/runs/30816392197/job/91695102506
"03.08.26, 11:46:14",91676929454,30810842418,1,Default Workflow,main,qunit_fluent_part_4_26_2,cancelled,Run targets,https://github.com/DevExpress/DevExtreme/actions/runs/30810842418/job/91676929454
"03.08.26, 11:12:39",91669741640,30808620658,1,Default Workflow,main,26_1,cancelled,Get sources,https://github.com/DevExpress/DevExtreme/actions/runs/30808620658/job/91669741640
"03.08.26, 09:19:53",91645064115,30800931560,1,Default Workflow,main,gh-readonly-queue/main/pr-34599-831236be28af2b3b97d5446e15737f69b5f971fd,failure,,https://github.com/DevExpress/DevExtreme/actions/runs/30800931560/job/91645064115
"03.08.26, 14:13:36",91712869965,30821669433,1,Demos unit tests,Run unit tests,issue-2567_26_2,failure,Install dependencies,https://github.com/DevExpress/DevExtreme/actions/runs/30821669433/job/91712869965
"03.08.26, 13:06:14",91695095619,30816390146,1,Demos unit tests,Check if tests should run,feature/demos-remove-system-js,cancelled,,https://github.com/DevExpress/DevExtreme/actions/runs/30816390146/job/91695095619
"03.08.26, 13:06:26",91695146093,30816390146,1,Demos unit tests,Run unit tests,feature/demos-remove-system-js,cancelled,,https://github.com/DevExpress/DevExtreme/actions/runs/30816390146/job/91695146093
"03.08.26, 11:12:45",91669765388,30808620521,1,Demos unit tests,Run unit tests,26_1,cancelled,,https://github.com/DevExpress/DevExtreme/actions/runs/30808620521/job/91669765388
"03.08.26, 14:43:35",91721048026,30822388069,1,Demos Visual Tests,merge-artifacts,qunit_fluent_part_4_25_2,cancelled,,https://github.com/DevExpress/DevExtreme/actions/runs/30822388069/job/91721048026
"03.08.26, 09:10:44",91643050777,30798889064,1,Demos Visual Tests,vue(1/5)-screenshots-fluent.blue.light,25_2,failure,,https://github.com/DevExpress/DevExtreme/actions/runs/30798889064/job/91643050777
"03.08.26, 19:15:22",91790889800,30844962474,1,Lint,TS,feature/scheduler-multilevel-grouping/demo,cancelled,Build,https://github.com/DevExpress/DevExtreme/actions/runs/30844962474/job/91790889800
"03.08.26, 19:15:22",91790889812,30844962474,1,Lint,JS,feature/scheduler-multilevel-grouping/demo,cancelled,Build,https://github.com/DevExpress/DevExtreme/actions/runs/30844962474/job/91790889812
"03.08.26, 19:19:45",91791948417,30844962474,1,Lint,Send notifications,feature/scheduler-multilevel-grouping/demo,cancelled,,https://github.com/DevExpress/DevExtreme/actions/runs/30844962474/job/91791948417
"03.08.26, 13:45:54",91705395899,30819468605,1,Lint,TS,feature/26_2_popover_support_content_reading,cancelled,Build,https://github.com/DevExpress/DevExtreme/actions/runs/30819468605/job/91705395899
"03.08.26, 13:45:54",91705395908,30819468605,1,Lint,texts,feature/26_2_popover_support_content_reading,cancelled,Post Setup pnpm cache,https://github.com/DevExpress/DevExtreme/actions/runs/30819468605/job/91705395908
"03.08.26, 13:45:54",91705395915,30819468605,1,Lint,wrappers,feature/26_2_popover_support_content_reading,cancelled,Install dependencies,https://github.com/DevExpress/DevExtreme/actions/runs/30819468605/job/91705395915
"03.08.26, 13:45:54",91705395970,30819468605,1,Lint,JS,feature/26_2_popover_support_content_reading,cancelled,Build,https://github.com/DevExpress/DevExtreme/actions/runs/30819468605/job/91705395970
"03.08.26, 13:48:05",91705968509,30819468605,1,Lint,Send notifications,feature/26_2_popover_support_content_reading,cancelled,,https://github.com/DevExpress/DevExtreme/actions/runs/30819468605/job/91705968509
"03.08.26, 13:06:14",91695095434,30816390058,1,Lint,JS,feature/demos-remove-system-js,cancelled,Get sources,https://github.com/DevExpress/DevExtreme/actions/runs/30816390058/job/91695095434
"03.08.26, 13:06:14",91695095466,30816390058,1,Lint,wrappers,feature/demos-remove-system-js,cancelled,Get sources,https://github.com/DevExpress/DevExtreme/actions/runs/30816390058/job/91695095466
"03.08.26, 13:06:14",91695095475,30816390058,1,Lint,TS,feature/demos-remove-system-js,cancelled,Get sources,https://github.com/DevExpress/DevExtreme/actions/runs/30816390058/job/91695095475
"03.08.26, 13:06:14",91695095486,30816390058,1,Lint,texts,feature/demos-remove-system-js,cancelled,Get sources,https://github.com/DevExpress/DevExtreme/actions/runs/30816390058/job/91695095486
"03.08.26, 13:06:14",91695095718,30816390058,1,Lint,component_exports,feature/demos-remove-system-js,cancelled,Get sources,https://github.com/DevExpress/DevExtreme/actions/runs/30816390058/job/91695095718
"03.08.26, 13:06:28",91695153429,30816390058,1,Lint,Send notifications,feature/demos-remove-system-js,cancelled,,https://github.com/DevExpress/DevExtreme/actions/runs/30816390058/job/91695153429
"03.08.26, 11:46:14",91676929747,30810842372,1,Lint,JS,qunit_fluent_part_4_26_2,cancelled,Install dependencies,https://github.com/DevExpress/DevExtreme/actions/runs/30810842372/job/91676929747
"03.08.26, 11:46:14",91676929769,30810842372,1,Lint,TS,qunit_fluent_part_4_26_2,cancelled,Build,https://github.com/DevExpress/DevExtreme/actions/runs/30810842372/job/91676929769
"03.08.26, 11:46:14",91676929834,30810842372,1,Lint,texts,qunit_fluent_part_4_26_2,cancelled,Post Setup pnpm cache,https://github.com/DevExpress/DevExtreme/actions/runs/30810842372/job/91676929834
"03.08.26, 11:50:40",91677856867,30810842372,1,Lint,Send notifications,qunit_fluent_part_4_26_2,cancelled,,https://github.com/DevExpress/DevExtreme/actions/runs/30810842372/job/91677856867
"03.08.26, 11:12:39",91669741141,30808620453,1,Lint,wrappers,26_1,cancelled,Get sources,https://github.com/DevExpress/DevExtreme/actions/runs/30808620453/job/91669741141
"03.08.26, 11:12:39",91669741149,30808620453,1,Lint,texts,26_1,cancelled,Get sources,https://github.com/DevExpress/DevExtreme/actions/runs/30808620453/job/91669741149
"03.08.26, 11:12:39",91669741168,30808620453,1,Lint,component_exports,26_1,cancelled,Get sources,https://github.com/DevExpress/DevExtreme/actions/runs/30808620453/job/91669741168
"03.08.26, 11:12:39",91669741201,30808620453,1,Lint,TS,26_1,cancelled,Get sources,https://github.com/DevExpress/DevExtreme/actions/runs/30808620453/job/91669741201
"03.08.26, 11:12:39",91669741346,30808620453,1,Lint,JS,26_1,cancelled,Get sources,https://github.com/DevExpress/DevExtreme/actions/runs/30808620453/job/91669741346
"03.08.26, 11:12:52",91669789361,30808620453,1,Lint,Send notifications,26_1,cancelled,,https://github.com/DevExpress/DevExtreme/actions/runs/30808620453/job/91669789361
"03.08.26, 19:15:22",91790889264,30844962446,1,Playgrounds tests,build,feature/scheduler-multilevel-grouping/demo,cancelled,Build,https://github.com/DevExpress/DevExtreme/actions/runs/30844962446/job/91790889264
"03.08.26, 19:19:47",91791953828,30844962446,1,Playgrounds tests,matrix.ARGS.platform,feature/scheduler-multilevel-grouping/demo,cancelled,,https://github.com/DevExpress/DevExtreme/actions/runs/30844962446/job/91791953828
"03.08.26, 17:26:46",91763754465,30836343741,1,Playgrounds tests,angular,dependabot/npm_and_yarn/angular/core-22.1.0,failure,Check sources compilation,https://github.com/DevExpress/DevExtreme/actions/runs/30836343741/job/91763754465
"03.08.26, 17:24:25",91763163868,30836068221,1,Playgrounds tests,angular,dependabot/npm_and_yarn/angular/compiler-22.1.0,failure,Build,https://github.com/DevExpress/DevExtreme/actions/runs/30836068221/job/91763163868
"03.08.26, 16:53:01",91755212486,30833789234,1,Playgrounds tests,angular,dependabot/npm_and_yarn/angular/common-22.1.0,failure,Build,https://github.com/DevExpress/DevExtreme/actions/runs/30833789234/job/91755212486
"03.08.26, 14:17:31",91713925963,30821991461,1,Playgrounds tests,build,qunit_fluent_treelist_25_2,cancelled,Zip artifacts,https://github.com/DevExpress/DevExtreme/actions/runs/30821991461/job/91713925963
"03.08.26, 13:45:54",91705396137,30819468689,1,Playgrounds tests,build,feature/26_2_popover_support_content_reading,cancelled,Install dependencies,https://github.com/DevExpress/DevExtreme/actions/runs/30819468689/job/91705396137
"03.08.26, 13:48:03",91705959403,30819468689,1,Playgrounds tests,matrix.ARGS.platform,feature/26_2_popover_support_content_reading,cancelled,,https://github.com/DevExpress/DevExtreme/actions/runs/30819468689/job/91705959403
"03.08.26, 13:06:14",91695096073,30816390216,1,Playgrounds tests,build,feature/demos-remove-system-js,cancelled,Get sources,https://github.com/DevExpress/DevExtreme/actions/runs/30816390216/job/91695096073
"03.08.26, 13:06:26",91695144121,30816390216,1,Playgrounds tests,matrix.ARGS.platform,feature/demos-remove-system-js,cancelled,,https://github.com/DevExpress/DevExtreme/actions/runs/30816390216/job/91695144121
"03.08.26, 11:46:14",91676929274,30810842278,1,Playgrounds tests,build,qunit_fluent_part_4_26_2,cancelled,Build,https://github.com/DevExpress/DevExtreme/actions/runs/30810842278/job/91676929274
"03.08.26, 11:50:40",91677856114,30810842278,1,Playgrounds tests,matrix.ARGS.platform,qunit_fluent_part_4_26_2,cancelled,,https://github.com/DevExpress/DevExtreme/actions/runs/30810842278/job/91677856114
"03.08.26, 11:12:39",91669740595,30808620280,1,Playgrounds tests,build,26_1,cancelled,Get sources,https://github.com/DevExpress/DevExtreme/actions/runs/30808620280/job/91669740595
"03.08.26, 11:12:51",91669786292,30808620280,1,Playgrounds tests,matrix.ARGS.platform,26_1,cancelled,,https://github.com/DevExpress/DevExtreme/actions/runs/30808620280/job/91669786292
"03.08.26, 19:15:22",91790889384,30844962384,1,PR Filter Stubs,Changes Segregation Check,feature/scheduler-multilevel-grouping/demo,failure,Show warning for .md files,https://github.com/DevExpress/DevExtreme/actions/runs/30844962384/job/91790889384
"03.08.26, 19:59:15",91801437845,30847892543,1,QUnit tests,ui.grid-shadow-dom,feature/scheduler-multilevel-grouping/demo,failure,Run QUnit tests,https://github.com/DevExpress/DevExtreme/actions/runs/30847892543/job/91801437845
"03.08.26, 19:59:15",91801437959,30847892543,1,QUnit tests,Constel ui.grid,feature/scheduler-multilevel-grouping/demo,failure,Run QUnit tests,https://github.com/DevExpress/DevExtreme/actions/runs/30847892543/job/91801437959
"03.08.26, 20:29:34",91808849658,30847892543,2,QUnit tests,ui.grid-shadow-dom,feature/scheduler-multilevel-grouping/demo,failure,Run QUnit tests,https://github.com/DevExpress/DevExtreme/actions/runs/30847892543/job/91808849658
"03.08.26, 20:29:34",91808850007,30847892543,2,QUnit tests,Constel ui.grid,feature/scheduler-multilevel-grouping/demo,failure,Run QUnit tests,https://github.com/DevExpress/DevExtreme/actions/runs/30847892543/job/91808850007
"03.08.26, 19:25:27",91793321299,30845260530,1,QUnit tests,Constel ui.grid,feature/scheduler-multilevel-grouping/demo,failure,Run QUnit tests,https://github.com/DevExpress/DevExtreme/actions/runs/30845260530/job/91793321299
"03.08.26, 19:25:27",91793321302,30845260530,1,QUnit tests,ui.grid-shadow-dom,feature/scheduler-multilevel-grouping/demo,failure,Run QUnit tests,https://github.com/DevExpress/DevExtreme/actions/runs/30845260530/job/91793321302
"03.08.26, 19:15:22",91790889516,30844962413,1,QUnit tests,Build,feature/scheduler-multilevel-grouping/demo,cancelled,Build,https://github.com/DevExpress/DevExtreme/actions/runs/30844962413/job/91790889516
"03.08.26, 19:19:45",91791947515,30844962413,1,QUnit tests,"Constel ${{ matrix.CONSTEL }}${{ (((matrix.TIMEZONE != '') && format('-{0}', matrix.TIMEZONE)) || '') }}${{ (((matrix.CSP == 'false') && '-no-csp') || '') }}",feature/scheduler-multilevel-grouping/demo,cancelled,,https://github.com/DevExpress/DevExtreme/actions/runs/30844962413/job/91791947515
"03.08.26, 19:19:45",91791948046,30844962413,1,QUnit tests,${{ matrix.constel }}-shadow-dom,feature/scheduler-multilevel-grouping/demo,cancelled,,https://github.com/DevExpress/DevExtreme/actions/runs/30844962413/job/91791948046
"03.08.26, 19:19:45",91791948166,30844962413,1,QUnit tests,Send notifications,feature/scheduler-multilevel-grouping/demo,cancelled,,https://github.com/DevExpress/DevExtreme/actions/runs/30844962413/job/91791948166
"03.08.26, 19:08:41",91789260222,30844051191,1,QUnit tests,ui.widgets-shadow-dom,pivotgrid-field-focus-outline-4825,cancelled,Post Run QUnit tests,https://github.com/DevExpress/DevExtreme/actions/runs/30844051191/job/91789260222
"03.08.26, 19:08:41",91789260266,30844051191,1,QUnit tests,ui.grid-shadow-dom,pivotgrid-field-focus-outline-4825,cancelled,Post Run QUnit tests,https://github.com/DevExpress/DevExtreme/actions/runs/30844051191/job/91789260266
"03.08.26, 19:13:56",91790542047,30844051191,1,QUnit tests,Send notifications,pivotgrid-field-focus-outline-4825,cancelled,,https://github.com/DevExpress/DevExtreme/actions/runs/30844051191/job/91790542047
"03.08.26, 18:40:06",91782039645,30841819515,1,QUnit tests,ui.editors-shadow-dom,gh-readonly-queue/main/pr-34533-8a8d3a95d2a243fccffabef6c028eb6d29be6837,failure,,https://github.com/DevExpress/DevExtreme/actions/runs/30841819515/job/91782039645
"03.08.26, 15:03:10",91726413386,30825175412,1,QUnit tests,Constel misc-no-csp,feature/aspnet-template-compiler-csp-nonce,failure,Run QUnit tests,https://github.com/DevExpress/DevExtreme/actions/runs/30825175412/job/91726413386
"03.08.26, 14:44:53",91721406019,30823933195,1,QUnit tests,ui.grid-shadow-dom,qunit_fluent_part_4_25_2,failure,Run QUnit tests,https://github.com/DevExpress/DevExtreme/actions/runs/30823933195/job/91721406019
"03.08.26, 14:44:53",91721406114,30823933195,1,QUnit tests,Constel ui.grid,qunit_fluent_part_4_25_2,failure,Run QUnit tests,https://github.com/DevExpress/DevExtreme/actions/runs/30823933195/job/91721406114
"03.08.26, 14:43:26",91721005250,30823537673,1,QUnit tests,ui.editors-shadow-dom,feature/26_2_popover_support_content_reading,cancelled,Post Run QUnit tests,https://github.com/DevExpress/DevExtreme/actions/runs/30823537673/job/91721005250
"03.08.26, 14:43:26",91721005412,30823537673,1,QUnit tests,Constel misc-no-csp,feature/26_2_popover_support_content_reading,cancelled,,https://github.com/DevExpress/DevExtreme/actions/runs/30823537673/job/91721005412
"03.08.26, 14:43:26",91721005415,30823537673,1,QUnit tests,ui.scheduler-shadow-dom,feature/26_2_popover_support_content_reading,failure,Run QUnit tests,https://github.com/DevExpress/DevExtreme/actions/runs/30823537673/job/91721005415
"03.08.26, 14:43:26",91721005425,30823537673,1,QUnit tests,Constel ui.scheduler,feature/26_2_popover_support_content_reading,failure,Run QUnit tests,https://github.com/DevExpress/DevExtreme/actions/runs/30823537673/job/91721005425
"03.08.26, 14:43:26",91721005500,30823537673,1,QUnit tests,Constel ui.scheduler-US/Pacific,feature/26_2_popover_support_content_reading,failure,Run QUnit tests,https://github.com/DevExpress/DevExtreme/actions/runs/30823537673/job/91721005500
"03.08.26, 14:55:08",91724197657,30823537673,1,QUnit tests,Send notifications,feature/26_2_popover_support_content_reading,cancelled,,https://github.com/DevExpress/DevExtreme/actions/runs/30823537673/job/91724197657
"03.08.26, 14:27:59",91716772698,30822388045,1,QUnit tests,ui.scheduler-shadow-dom,qunit_fluent_part_4_25_2,cancelled,Run QUnit tests,https://github.com/DevExpress/DevExtreme/actions/runs/30822388045/job/91716772698
"03.08.26, 14:27:59",91716772788,30822388045,1,QUnit tests,Constel ui.grid,qunit_fluent_part_4_25_2,failure,Run QUnit tests,https://github.com/DevExpress/DevExtreme/actions/runs/30822388045/job/91716772788
"03.08.26, 14:27:59",91716772812,30822388045,1,QUnit tests,ui.grid-shadow-dom,qunit_fluent_part_4_25_2,failure,Run QUnit tests,https://github.com/DevExpress/DevExtreme/actions/runs/30822388045/job/91716772812
"03.08.26, 14:27:59",91716772831,30822388045,1,QUnit tests,Constel misc-no-csp,qunit_fluent_part_4_25_2,cancelled,Post Run QUnit tests,https://github.com/DevExpress/DevExtreme/actions/runs/30822388045/job/91716772831
"03.08.26, 14:42:01",91720616955,30822388045,1,QUnit tests,Send notifications,qunit_fluent_part_4_25_2,cancelled,,https://github.com/DevExpress/DevExtreme/actions/runs/30822388045/job/91720616955
"03.08.26, 14:21:20",91714960979,30822035306,1,QUnit tests,ui.scheduler-shadow-dom,feature/26_2_popover_support_content_reading,failure,Run QUnit tests,https://github.com/DevExpress/DevExtreme/actions/runs/30822035306/job/91714960979
"03.08.26, 14:21:20",91714961001,30822035306,1,QUnit tests,Constel ui.scheduler-US/Pacific,feature/26_2_popover_support_content_reading,failure,Run QUnit tests,https://github.com/DevExpress/DevExtreme/actions/runs/30822035306/job/91714961001
"03.08.26, 14:21:20",91714961197,30822035306,1,QUnit tests,Constel ui.scheduler,feature/26_2_popover_support_content_reading,failure,Run QUnit tests,https://github.com/DevExpress/DevExtreme/actions/runs/30822035306/job/91714961197
"03.08.26, 14:12:21",91712532684,30821103241,1,QUnit tests,ui.grid-shadow-dom,qunit_fluent_part_4_26_2,failure,Run QUnit tests,https://github.com/DevExpress/DevExtreme/actions/runs/30821103241/job/91712532684
"03.08.26, 14:12:21",91712532761,30821103241,1,QUnit tests,Constel ui.grid,qunit_fluent_part_4_26_2,failure,Run QUnit tests,https://github.com/DevExpress/DevExtreme/actions/runs/30821103241/job/91712532761
"03.08.26, 14:12:21",91712532762,30821103241,1,QUnit tests,Constel ui.scheduler-US/Pacific,qunit_fluent_part_4_26_2,cancelled,Run QUnit tests,https://github.com/DevExpress/DevExtreme/actions/runs/30821103241/job/91712532762
"03.08.26, 14:12:21",91712532791,30821103241,1,QUnit tests,Constel ui.editors,qunit_fluent_part_4_26_2,cancelled,Run QUnit tests,https://github.com/DevExpress/DevExtreme/actions/runs/30821103241/job/91712532791
"03.08.26, 14:19:26",91714440839,30821103241,1,QUnit tests,Send notifications,qunit_fluent_part_4_26_2,cancelled,,https://github.com/DevExpress/DevExtreme/actions/runs/30821103241/job/91714440839
"03.08.26, 13:53:29",91707409911,30819613154,1,QUnit tests,Constel ui.scheduler-US/Pacific,feature/26_2_popover_support_content_reading,failure,Run QUnit tests,https://github.com/DevExpress/DevExtreme/actions/runs/30819613154/job/91707409911
"03.08.26, 13:53:29",91707409924,30819613154,1,QUnit tests,ui.scheduler-shadow-dom,feature/26_2_popover_support_content_reading,failure,Run QUnit tests,https://github.com/DevExpress/DevExtreme/actions/runs/30819613154/job/91707409924
"03.08.26, 13:53:29",91707409937,30819613154,1,QUnit tests,Constel ui.scheduler,feature/26_2_popover_support_content_reading,failure,Run QUnit tests,https://github.com/DevExpress/DevExtreme/actions/runs/30819613154/job/91707409937
"03.08.26, 13:45:55",91705396478,30819468710,1,QUnit tests,Build,feature/26_2_popover_support_content_reading,cancelled,Install dependencies,https://github.com/DevExpress/DevExtreme/actions/runs/30819468710/job/91705396478
"03.08.26, 13:48:04",91705962902,30819468710,1,QUnit tests,"Constel ${{ matrix.CONSTEL }}${{ (((matrix.TIMEZONE != '') && format('-{0}', matrix.TIMEZONE)) || '') }}${{ (((matrix.CSP == 'false') && '-no-csp') || '') }}",feature/26_2_popover_support_content_reading,cancelled,,https://github.com/DevExpress/DevExtreme/actions/runs/30819468710/job/91705962902
"03.08.26, 13:48:04",91705963639,30819468710,1,QUnit tests,${{ matrix.constel }}-shadow-dom,feature/26_2_popover_support_content_reading,cancelled,,https://github.com/DevExpress/DevExtreme/actions/runs/30819468710/job/91705963639
"03.08.26, 13:48:04",91705963768,30819468710,1,QUnit tests,Send notifications,feature/26_2_popover_support_content_reading,cancelled,,https://github.com/DevExpress/DevExtreme/actions/runs/30819468710/job/91705963768
"03.08.26, 13:19:03",91698383739,30816727950,1,QUnit tests,ui.widgets-shadow-dom,mock-network,cancelled,Run QUnit tests,https://github.com/DevExpress/DevExtreme/actions/runs/30816727950/job/91698383739
"03.08.26, 13:19:03",91698383742,30816727950,1,QUnit tests,ui-shadow-dom,mock-network,cancelled,Post Run QUnit tests,https://github.com/DevExpress/DevExtreme/actions/runs/30816727950/job/91698383742
"03.08.26, 13:19:03",91698383753,30816727950,1,QUnit tests,ui.grid-shadow-dom,mock-network,cancelled,Run QUnit tests,https://github.com/DevExpress/DevExtreme/actions/runs/30816727950/job/91698383753
"03.08.26, 13:19:03",91698383776,30816727950,1,QUnit tests,ui.editors-shadow-dom,mock-network,cancelled,Run QUnit tests,https://github.com/DevExpress/DevExtreme/actions/runs/30816727950/job/91698383776
"03.08.26, 13:19:03",91698383812,30816727950,1,QUnit tests,Constel misc,mock-network,cancelled,,https://github.com/DevExpress/DevExtreme/actions/runs/30816727950/job/91698383812
"03.08.26, 13:19:03",91698383826,30816727950,1,QUnit tests,ui.scheduler-shadow-dom,mock-network,cancelled,Run QUnit tests,https://github.com/DevExpress/DevExtreme/actions/runs/30816727950/job/91698383826
"03.08.26, 13:19:03",91698383857,30816727950,1,QUnit tests,Constel ui.scheduler,mock-network,cancelled,Run QUnit tests,https://github.com/DevExpress/DevExtreme/actions/runs/30816727950/job/91698383857
"03.08.26, 13:19:03",91698383872,30816727950,1,QUnit tests,Constel ui,mock-network,cancelled,Run QUnit tests,https://github.com/DevExpress/DevExtreme/actions/runs/30816727950/job/91698383872
"03.08.26, 13:19:03",91698383893,30816727950,1,QUnit tests,Constel ui.scheduler-US/Pacific,mock-network,cancelled,Run QUnit tests,https://github.com/DevExpress/DevExtreme/actions/runs/30816727950/job/91698383893
"03.08.26, 13:19:03",91698383894,30816727950,1,QUnit tests,Constel misc-no-csp,mock-network,cancelled,Run QUnit tests,https://github.com/DevExpress/DevExtreme/actions/runs/30816727950/job/91698383894
"03.08.26, 13:19:03",91698383961,30816727950,1,QUnit tests,Constel ui.grid,mock-network,cancelled,Run QUnit tests,https://github.com/DevExpress/DevExtreme/actions/runs/30816727950/job/91698383961
"03.08.26, 13:19:03",91698383995,30816727950,1,QUnit tests,Constel ui.widgets-no-csp,mock-network,cancelled,Run QUnit tests,https://github.com/DevExpress/DevExtreme/actions/runs/30816727950/job/91698383995
"03.08.26, 13:19:03",91698384036,30816727950,1,QUnit tests,Constel ui.editors,mock-network,cancelled,Run QUnit tests,https://github.com/DevExpress/DevExtreme/actions/runs/30816727950/job/91698384036
"03.08.26, 13:22:19",91699232624,30816727950,1,QUnit tests,Send notifications,mock-network,cancelled,,https://github.com/DevExpress/DevExtreme/actions/runs/30816727950/job/91699232624
"03.08.26, 13:06:16",91695102546,30816392281,1,QUnit tests,Build,feature/demos-remove-system-js,cancelled,Get sources,https://github.com/DevExpress/DevExtreme/actions/runs/30816392281/job/91695102546
"03.08.26, 13:06:25",91695143133,30816392281,1,QUnit tests,${{ matrix.constel }}-shadow-dom,feature/demos-remove-system-js,cancelled,,https://github.com/DevExpress/DevExtreme/actions/runs/30816392281/job/91695143133
"03.08.26, 13:06:25",91695143168,30816392281,1,QUnit tests,"Constel ${{ matrix.CONSTEL }}${{ (((matrix.TIMEZONE != '') && format('-{0}', matrix.TIMEZONE)) || '') }}${{ (((matrix.CSP == 'false') && '-no-csp') || '') }}",feature/demos-remove-system-js,cancelled,,https://github.com/DevExpress/DevExtreme/actions/runs/30816392281/job/91695143168
"03.08.26, 13:06:26",91695143950,30816392281,1,QUnit tests,Send notifications,feature/demos-remove-system-js,cancelled,,https://github.com/DevExpress/DevExtreme/actions/runs/30816392281/job/91695143950
"03.08.26, 12:47:19",91690537688,30814738896,1,QUnit tests,Constel ui.scheduler,feature/26_2_popover_support_content_reading,failure,Run QUnit tests,https://github.com/DevExpress/DevExtreme/actions/runs/30814738896/job/91690537688
"03.08.26, 12:47:19",91690537711,30814738896,1,QUnit tests,Constel ui.scheduler-US/Pacific,feature/26_2_popover_support_content_reading,failure,Run QUnit tests,https://github.com/DevExpress/DevExtreme/actions/runs/30814738896/job/91690537711
"03.08.26, 12:47:19",91690537730,30814738896,1,QUnit tests,ui.scheduler-shadow-dom,feature/26_2_popover_support_content_reading,failure,Run QUnit tests,https://github.com/DevExpress/DevExtreme/actions/runs/30814738896/job/91690537730
"03.08.26, 13:28:09",91700748177,30814738896,2,QUnit tests,ui.scheduler-shadow-dom,feature/26_2_popover_support_content_reading,failure,Run QUnit tests,https://github.com/DevExpress/DevExtreme/actions/runs/30814738896/job/91700748177
"03.08.26, 13:28:09",91700748545,30814738896,2,QUnit tests,Constel ui.scheduler,feature/26_2_popover_support_content_reading,failure,Run QUnit tests,https://github.com/DevExpress/DevExtreme/actions/runs/30814738896/job/91700748545
"03.08.26, 13:28:09",91700748582,30814738896,2,QUnit tests,Constel ui.scheduler-US/Pacific,feature/26_2_popover_support_content_reading,failure,Run QUnit tests,https://github.com/DevExpress/DevExtreme/actions/runs/30814738896/job/91700748582
"03.08.26, 12:49:22",91691017900,30814714681,1,QUnit tests,Constel misc-no-csp,feature/aspnet-template-compiler-csp-nonce,failure,Run QUnit tests,https://github.com/DevExpress/DevExtreme/actions/runs/30814714681/job/91691017900
"03.08.26, 12:42:49",91689489152,30814426796,1,QUnit tests,ui.grid-shadow-dom,feature/scheduler-multilevel-grouping/template-header-rendering2,failure,Run QUnit tests,https://github.com/DevExpress/DevExtreme/actions/runs/30814426796/job/91689489152
"03.08.26, 12:42:49",91689489292,30814426796,1,QUnit tests,Constel ui.grid,feature/scheduler-multilevel-grouping/template-header-rendering2,failure,Run QUnit tests,https://github.com/DevExpress/DevExtreme/actions/runs/30814426796/job/91689489292
"03.08.26, 12:04:14",91680816626,30811608887,1,QUnit tests,ui.grid-shadow-dom,feature/scheduler-multilevel-grouping/template-header-rendering2,failure,Run QUnit tests,https://github.com/DevExpress/DevExtreme/actions/runs/30811608887/job/91680816626
"03.08.26, 12:04:14",91680816705,30811608887,1,QUnit tests,Constel ui.grid,feature/scheduler-multilevel-grouping/template-header-rendering2,failure,Run QUnit tests,https://github.com/DevExpress/DevExtreme/actions/runs/30811608887/job/91680816705
"03.08.26, 11:56:13",91679059024,30811107031,1,QUnit tests,ui.grid-shadow-dom,qunit_fluent_part_4_26_2,failure,Run QUnit tests,https://github.com/DevExpress/DevExtreme/actions/runs/30811107031/job/91679059024
"03.08.26, 11:56:13",91679059105,30811107031,1,QUnit tests,Constel ui.grid,qunit_fluent_part_4_26_2,failure,Run QUnit tests,https://github.com/DevExpress/DevExtreme/actions/runs/30811107031/job/91679059105
"03.08.26, 11:46:14",91676929456,30810842283,1,QUnit tests,Build,qunit_fluent_part_4_26_2,cancelled,Build,https://github.com/DevExpress/DevExtreme/actions/runs/30810842283/job/91676929456
"03.08.26, 11:50:40",91677854385,30810842283,1,QUnit tests,${{ matrix.constel }}-shadow-dom,qunit_fluent_part_4_26_2,cancelled,,https://github.com/DevExpress/DevExtreme/actions/runs/30810842283/job/91677854385
"03.08.26, 11:50:40",91677854441,30810842283,1,QUnit tests,"Constel ${{ matrix.CONSTEL }}${{ (((matrix.TIMEZONE != '') && format('-{0}', matrix.TIMEZONE)) || '') }}${{ (((matrix.CSP == 'false') && '-no-csp') || '') }}",qunit_fluent_part_4_26_2,cancelled,,https://github.com/DevExpress/DevExtreme/actions/runs/30810842283/job/91677854441
"03.08.26, 11:50:40",91677854661,30810842283,1,QUnit tests,Send notifications,qunit_fluent_part_4_26_2,cancelled,,https://github.com/DevExpress/DevExtreme/actions/runs/30810842283/job/91677854661
"03.08.26, 11:12:39",91669740894,30808620397,1,QUnit tests,Build,26_1,cancelled,Get sources,https://github.com/DevExpress/DevExtreme/actions/runs/30808620397/job/91669740894
"03.08.26, 11:12:51",91669787437,30808620397,1,QUnit tests,"Constel ${{ matrix.CONSTEL }}${{ (((matrix.TIMEZONE != '') && format('-{0}', matrix.TIMEZONE)) || '') }}${{ (((matrix.CSP == 'false') && '-no-csp') || '') }}",26_1,cancelled,,https://github.com/DevExpress/DevExtreme/actions/runs/30808620397/job/91669787437
"03.08.26, 11:12:51",91669787530,30808620397,1,QUnit tests,${{ matrix.constel }}-shadow-dom,26_1,cancelled,,https://github.com/DevExpress/DevExtreme/actions/runs/30808620397/job/91669787530
"03.08.26, 11:12:51",91669787913,30808620397,1,QUnit tests,Send notifications,26_1,cancelled,,https://github.com/DevExpress/DevExtreme/actions/runs/30808620397/job/91669787913
"03.08.26, 11:13:16",91669877557,30808277574,1,QUnit tests,ui.widgets-shadow-dom,qunit_fluent_treelist_main,failure,Run QUnit tests,https://github.com/DevExpress/DevExtreme/actions/runs/30808277574/job/91669877557
"03.08.26, 11:13:16",91669877593,30808277574,1,QUnit tests,Constel ui.widgets-no-csp,qunit_fluent_treelist_main,failure,Run QUnit tests,https://github.com/DevExpress/DevExtreme/actions/runs/30808277574/job/91669877593
"03.08.26, 10:11:29",91656796709,30804049971,1,QUnit tests,Constel ui.scheduler,25_2,failure,,https://github.com/DevExpress/DevExtreme/actions/runs/30804049971/job/91656796709
"03.08.26, 09:39:39",91649654734,30801962610,1,QUnit tests,ui.grid-shadow-dom,feature/scheduler-multilevel-grouping/template-header-rendering2,failure,Run QUnit tests,https://github.com/DevExpress/DevExtreme/actions/runs/30801962610/job/91649654734
"03.08.26, 09:39:39",91649654743,30801962610,1,QUnit tests,Constel ui.grid,feature/scheduler-multilevel-grouping/template-header-rendering2,failure,Run QUnit tests,https://github.com/DevExpress/DevExtreme/actions/runs/30801962610/job/91649654743
"03.08.26, 09:26:00",91646468233,30801086113,1,QUnit tests,ui.widgets-shadow-dom,feature/26_2_popover_support_content_reading,failure,,https://github.com/DevExpress/DevExtreme/actions/runs/30801086113/job/91646468233
"03.08.26, 09:27:49",91646880790,30800932424,1,QUnit tests,ui.widgets-shadow-dom,gh-readonly-queue/main/pr-34599-831236be28af2b3b97d5446e15737f69b5f971fd,failure,Run QUnit tests,https://github.com/DevExpress/DevExtreme/actions/runs/30800932424/job/91646880790
"03.08.26, 09:05:48",91641997185,30799526411,1,QUnit tests,ui.grid-shadow-dom,feature/scheduler-multilevel-grouping/template-header-rendering2,failure,Run QUnit tests,https://github.com/DevExpress/DevExtreme/actions/runs/30799526411/job/91641997185
"03.08.26, 09:05:48",91641997250,30799526411,1,QUnit tests,Constel ui.grid,feature/scheduler-multilevel-grouping/template-header-rendering2,failure,Run QUnit tests,https://github.com/DevExpress/DevExtreme/actions/runs/30799526411/job/91641997250
"03.08.26, 09:10:46",91643058203,30799450746,1,QUnit tests,ui.widgets-shadow-dom,feature/26_2_popover_support_content_reading,cancelled,Run QUnit tests,https://github.com/DevExpress/DevExtreme/actions/runs/30799450746/job/91643058203
"03.08.26, 09:10:46",91643058283,30799450746,1,QUnit tests,Constel misc-no-csp,feature/26_2_popover_support_content_reading,cancelled,Run QUnit tests,https://github.com/DevExpress/DevExtreme/actions/runs/30799450746/job/91643058283
"03.08.26, 09:10:46",91643058290,30799450746,1,QUnit tests,Constel ui.scheduler,feature/26_2_popover_support_content_reading,cancelled,,https://github.com/DevExpress/DevExtreme/actions/runs/30799450746/job/91643058290
"03.08.26, 09:10:46",91643058348,30799450746,1,QUnit tests,Constel ui.grid,feature/26_2_popover_support_content_reading,cancelled,Run QUnit tests,https://github.com/DevExpress/DevExtreme/actions/runs/30799450746/job/91643058348
"03.08.26, 09:10:46",91643058355,30799450746,1,QUnit tests,Constel ui.widgets-no-csp,feature/26_2_popover_support_content_reading,cancelled,Run QUnit tests,https://github.com/DevExpress/DevExtreme/actions/runs/30799450746/job/91643058355
"03.08.26, 09:22:15",91645609283,30799450746,1,QUnit tests,Send notifications,feature/26_2_popover_support_content_reading,cancelled,,https://github.com/DevExpress/DevExtreme/actions/runs/30799450746/job/91645609283
"03.08.26, 08:52:03",91639151621,30798275785,1,QUnit tests,ui.widgets-shadow-dom,feature/scheduler-multilevel-grouping/template-header-rendering2,cancelled,Post Run QUnit tests,https://github.com/DevExpress/DevExtreme/actions/runs/30798275785/job/91639151621
"03.08.26, 08:52:03",91639151715,30798275785,1,QUnit tests,Constel ui.grid,feature/scheduler-multilevel-grouping/template-header-rendering2,cancelled,Run QUnit tests,https://github.com/DevExpress/DevExtreme/actions/runs/30798275785/job/91639151715
"03.08.26, 08:52:03",91639151746,30798275785,1,QUnit tests,Constel ui.scheduler,feature/scheduler-multilevel-grouping/template-header-rendering2,cancelled,Post Run QUnit tests,https://github.com/DevExpress/DevExtreme/actions/runs/30798275785/job/91639151746
"03.08.26, 08:52:03",91639151762,30798275785,1,QUnit tests,ui.grid-shadow-dom,feature/scheduler-multilevel-grouping/template-header-rendering2,failure,Run QUnit tests,https://github.com/DevExpress/DevExtreme/actions/runs/30798275785/job/91639151762
"03.08.26, 08:59:46",91640698341,30798275785,1,QUnit tests,Send notifications,feature/scheduler-multilevel-grouping/template-header-rendering2,cancelled,,https://github.com/DevExpress/DevExtreme/actions/runs/30798275785/job/91640698341
"03.08.26, 08:33:52",91635485607,30797511305,1,QUnit tests,ui.grid-shadow-dom,qunit_fluent_virtual_scrolling_26_1,failure,,https://github.com/DevExpress/DevExtreme/actions/runs/30797511305/job/91635485607
"03.08.26, 19:15:22",91790889335,30844962381,1,Jest tests,jest-tests,feature/scheduler-multilevel-grouping/demo,cancelled,Jest tests,https://github.com/DevExpress/DevExtreme/actions/runs/30844962381/job/91790889335
"03.08.26, 19:19:46",91791950532,30844962381,1,Jest tests,Send notifications,feature/scheduler-multilevel-grouping/demo,cancelled,,https://github.com/DevExpress/DevExtreme/actions/runs/30844962381/job/91791950532
"03.08.26, 14:45:15",91721506415,30824209497,1,Jest tests,jest-tests,mock-network,cancelled,Post Setup pnpm cache,https://github.com/DevExpress/DevExtreme/actions/runs/30824209497/job/91721506415
"03.08.26, 15:01:47",91726031286,30824209497,1,Jest tests,Send notifications,mock-network,cancelled,,https://github.com/DevExpress/DevExtreme/actions/runs/30824209497/job/91726031286
"03.08.26, 13:45:55",91705396742,30819468804,1,Jest tests,jest-tests,feature/26_2_popover_support_content_reading,cancelled,Check test types,https://github.com/DevExpress/DevExtreme/actions/runs/30819468804/job/91705396742
"03.08.26, 13:47:55",91705925514,30819468804,1,Jest tests,Send notifications,feature/26_2_popover_support_content_reading,cancelled,,https://github.com/DevExpress/DevExtreme/actions/runs/30819468804/job/91705925514
"03.08.26, 13:06:16",91695102689,30816392242,1,Jest tests,jest-tests,feature/demos-remove-system-js,cancelled,Get sources,https://github.com/DevExpress/DevExtreme/actions/runs/30816392242/job/91695102689
"03.08.26, 13:06:26",91695145396,30816392242,1,Jest tests,Send notifications,feature/demos-remove-system-js,cancelled,,https://github.com/DevExpress/DevExtreme/actions/runs/30816392242/job/91695145396
"03.08.26, 11:46:14",91676929693,30810842472,1,Jest tests,jest-tests,qunit_fluent_part_4_26_2,cancelled,Jest tests,https://github.com/DevExpress/DevExtreme/actions/runs/30810842472/job/91676929693
"03.08.26, 11:50:40",91677855881,30810842472,1,Jest tests,Send notifications,qunit_fluent_part_4_26_2,cancelled,,https://github.com/DevExpress/DevExtreme/actions/runs/30810842472/job/91677855881
"03.08.26, 11:12:39",91669742995,30808621065,1,Jest tests,jest-tests,26_1,cancelled,Get sources,https://github.com/DevExpress/DevExtreme/actions/runs/30808621065/job/91669742995
"03.08.26, 11:12:51",91669787568,30808621065,1,Jest tests,Send notifications,26_1,cancelled,,https://github.com/DevExpress/DevExtreme/actions/runs/30808621065/job/91669787568
"03.08.26, 09:46:46",91651275891,30802854900,1,Jest tests,jest-tests,pivotgrid-field-focus-outline-4825,failure,,https://github.com/DevExpress/DevExtreme/actions/runs/30802854900/job/91651275891
"03.08.26, 13:45:55",91705397556,30819469259,1,Styles tests,Tests,feature/26_2_popover_support_content_reading,cancelled,Install dependencies,https://github.com/DevExpress/DevExtreme/actions/runs/30819469259/job/91705397556
"03.08.26, 13:48:05",91705969530,30819469259,1,Styles tests,Send notifications,feature/26_2_popover_support_content_reading,cancelled,,https://github.com/DevExpress/DevExtreme/actions/runs/30819469259/job/91705969530
"03.08.26, 13:06:15",91695099084,30816391241,1,Styles tests,Tests,feature/demos-remove-system-js,cancelled,Get sources,https://github.com/DevExpress/DevExtreme/actions/runs/30816391241/job/91695099084
"03.08.26, 13:06:26",91695144659,30816391241,1,Styles tests,Send notifications,feature/demos-remove-system-js,cancelled,,https://github.com/DevExpress/DevExtreme/actions/runs/30816391241/job/91695144659
"03.08.26, 11:12:39",91669740637,30808620199,1,Styles tests,Tests,26_1,cancelled,Get sources,https://github.com/DevExpress/DevExtreme/actions/runs/30808620199/job/91669740637
"03.08.26, 11:12:51",91669786749,30808620199,1,Styles tests,Send notifications,26_1,cancelled,,https://github.com/DevExpress/DevExtreme/actions/runs/30808620199/job/91669786749
"03.08.26, 20:00:10",91801656744,30847892544,1,TestCafe tests,scheduler / common (3/3) - fluent,feature/scheduler-multilevel-grouping/demo,failure,Run TestCafe tests,https://github.com/DevExpress/DevExtreme/actions/runs/30847892544/job/91801656744
"03.08.26, 19:25:41",91793381024,30845260545,1,TestCafe tests,dataGrid (4/4) - fluent,feature/scheduler-multilevel-grouping/demo,failure,Run TestCafe tests,https://github.com/DevExpress/DevExtreme/actions/runs/30845260545/job/91793381024
"03.08.26, 19:25:41",91793381078,30845260545,1,TestCafe tests,scheduler / common (2/3) - fluent,feature/scheduler-multilevel-grouping/demo,failure,Run TestCafe tests,https://github.com/DevExpress/DevExtreme/actions/runs/30845260545/job/91793381078
"03.08.26, 19:15:43",91790975770,30844962491,1,TestCafe tests,Build DevExtreme,feature/scheduler-multilevel-grouping/demo,cancelled,Build,https://github.com/DevExpress/DevExtreme/actions/runs/30844962491/job/91790975770
"03.08.26, 19:19:46",91791949176,30844962491,1,TestCafe tests,${{ matrix.name }}${{ ((!matrix.theme && ' - fluent') || '') }},feature/scheduler-multilevel-grouping/demo,cancelled,,https://github.com/DevExpress/DevExtreme/actions/runs/30844962491/job/91791949176
"03.08.26, 19:19:46",91791949493,30844962491,1,TestCafe tests,Send notifications,feature/scheduler-multilevel-grouping/demo,cancelled,,https://github.com/DevExpress/DevExtreme/actions/runs/30844962491/job/91791949493
"03.08.26, 19:09:16",91789403800,30844048208,1,TestCafe tests,common - fluent,pivotgrid-field-focus-outline-4825,cancelled,Run TestCafe tests,https://github.com/DevExpress/DevExtreme/actions/runs/30844048208/job/91789403800
"03.08.26, 19:09:16",91789403827,30844048208,1,TestCafe tests,navigation - fluent,pivotgrid-field-focus-outline-4825,cancelled,Run TestCafe tests,https://github.com/DevExpress/DevExtreme/actions/runs/30844048208/job/91789403827
"03.08.26, 19:09:16",91789403863,30844048208,1,TestCafe tests,accessibility - material.light,pivotgrid-field-focus-outline-4825,cancelled,Run TestCafe tests,https://github.com/DevExpress/DevExtreme/actions/runs/30844048208/job/91789403863
"03.08.26, 19:09:16",91789403866,30844048208,1,TestCafe tests,dataGrid (2/4) - fluent,pivotgrid-field-focus-outline-4825,cancelled,Run TestCafe tests,https://github.com/DevExpress/DevExtreme/actions/runs/30844048208/job/91789403866
"03.08.26, 19:09:16",91789403868,30844048208,1,TestCafe tests,dataGrid (3/4) - fluent,pivotgrid-field-focus-outline-4825,cancelled,Run TestCafe tests,https://github.com/DevExpress/DevExtreme/actions/runs/30844048208/job/91789403868
"03.08.26, 19:09:16",91789403880,30844048208,1,TestCafe tests,scheduler / common (3/3) - fluent,pivotgrid-field-focus-outline-4825,cancelled,Run TestCafe tests,https://github.com/DevExpress/DevExtreme/actions/runs/30844048208/job/91789403880
"03.08.26, 19:09:16",91789403890,30844048208,1,TestCafe tests,dataGrid (1/4) - fluent,pivotgrid-field-focus-outline-4825,cancelled,Run TestCafe tests,https://github.com/DevExpress/DevExtreme/actions/runs/30844048208/job/91789403890
"03.08.26, 19:09:16",91789403892,30844048208,1,TestCafe tests,scheduler / common (2/3) - fluent,pivotgrid-field-focus-outline-4825,cancelled,Run TestCafe tests,https://github.com/DevExpress/DevExtreme/actions/runs/30844048208/job/91789403892
"03.08.26, 19:09:16",91789403918,30844048208,1,TestCafe tests,editors - fluent,pivotgrid-field-focus-outline-4825,cancelled,Run TestCafe tests,https://github.com/DevExpress/DevExtreme/actions/runs/30844048208/job/91789403918
"03.08.26, 19:09:16",91789403931,30844048208,1,TestCafe tests,scheduler / viewOffset (1/2) - fluent,pivotgrid-field-focus-outline-4825,cancelled,Run TestCafe tests,https://github.com/DevExpress/DevExtreme/actions/runs/30844048208/job/91789403931
"03.08.26, 19:09:16",91789403963,30844048208,1,TestCafe tests,scheduler / viewOffset (2/2) - fluent,pivotgrid-field-focus-outline-4825,cancelled,Run TestCafe tests,https://github.com/DevExpress/DevExtreme/actions/runs/30844048208/job/91789403963
"03.08.26, 19:09:16",91789404014,30844048208,1,TestCafe tests,dataGrid (4/4) - fluent,pivotgrid-field-focus-outline-4825,cancelled,Run TestCafe tests,https://github.com/DevExpress/DevExtreme/actions/runs/30844048208/job/91789404014
"03.08.26, 19:14:10",91790601457,30844048208,1,TestCafe tests,quarantine,pivotgrid-field-focus-outline-4825,cancelled,,https://github.com/DevExpress/DevExtreme/actions/runs/30844048208/job/91790601457
"03.08.26, 19:14:10",91790601878,30844048208,1,TestCafe tests,Send notifications,pivotgrid-field-focus-outline-4825,cancelled,,https://github.com/DevExpress/DevExtreme/actions/runs/30844048208/job/91790601878
"03.08.26, 18:40:40",91782188561,30841818145,1,TestCafe tests,scheduler / viewOffset (1/2) - fluent,gh-readonly-queue/main/pr-34533-8a8d3a95d2a243fccffabef6c028eb6d29be6837,failure,,https://github.com/DevExpress/DevExtreme/actions/runs/30841818145/job/91782188561
"03.08.26, 16:54:14",91755524883,30833788762,1,TestCafe tests,scheduler / common (2/3) - fluent,dependabot/npm_and_yarn/angular/common-22.1.0,failure,Run TestCafe tests,https://github.com/DevExpress/DevExtreme/actions/runs/30833788762/job/91755524883
"03.08.26, 16:23:16",91747720925,30831462965,1,TestCafe tests,dataGrid (2/4) - fluent,dependabot/npm_and_yarn/angular/platform-server-22.0.7,failure,Run TestCafe tests,https://github.com/DevExpress/DevExtreme/actions/runs/30831462965/job/91747720925
"03.08.26, 15:01:21",91725910590,30824209330,1,TestCafe tests,quarantine,mock-network,cancelled,Use Node.js,https://github.com/DevExpress/DevExtreme/actions/runs/30824209330/job/91725910590
"03.08.26, 15:01:46",91726027491,30824209330,1,TestCafe tests,Send notifications,mock-network,cancelled,,https://github.com/DevExpress/DevExtreme/actions/runs/30824209330/job/91726027491
"03.08.26, 14:44:14",91721224694,30823537588,1,TestCafe tests,scheduler / common (1/3) - fluent,feature/26_2_popover_support_content_reading,cancelled,,https://github.com/DevExpress/DevExtreme/actions/runs/30823537588/job/91721224694
"03.08.26, 14:44:14",91721224744,30823537588,1,TestCafe tests,dataGrid (2/4) - fluent,feature/26_2_popover_support_content_reading,cancelled,Run TestCafe tests,https://github.com/DevExpress/DevExtreme/actions/runs/30823537588/job/91721224744
"03.08.26, 14:44:14",91721224758,30823537588,1,TestCafe tests,common - fluent,feature/26_2_popover_support_content_reading,cancelled,Run TestCafe tests,https://github.com/DevExpress/DevExtreme/actions/runs/30823537588/job/91721224758
"03.08.26, 14:44:14",91721224769,30823537588,1,TestCafe tests,dataGrid (1/4) - fluent,feature/26_2_popover_support_content_reading,cancelled,,https://github.com/DevExpress/DevExtreme/actions/runs/30823537588/job/91721224769
"03.08.26, 14:44:14",91721224813,30823537588,1,TestCafe tests,scheduler / viewOffset (2/2) - fluent,feature/26_2_popover_support_content_reading,cancelled,Run TestCafe tests,https://github.com/DevExpress/DevExtreme/actions/runs/30823537588/job/91721224813
"03.08.26, 14:50:24",91722909808,30823537588,1,TestCafe tests,quarantine,feature/26_2_popover_support_content_reading,cancelled,,https://github.com/DevExpress/DevExtreme/actions/runs/30823537588/job/91722909808
"03.08.26, 14:50:24",91722909903,30823537588,1,TestCafe tests,Send notifications,feature/26_2_popover_support_content_reading,cancelled,,https://github.com/DevExpress/DevExtreme/actions/runs/30823537588/job/91722909903
"03.08.26, 14:35:24",91718812187,30822390999,1,TestCafe tests,dataGrid (2/4) - fluent,qunit_fluent_part_4_25_2,cancelled,Run TestCafe tests,https://github.com/DevExpress/DevExtreme/actions/runs/30822390999/job/91718812187
"03.08.26, 14:35:24",91718812217,30822390999,1,TestCafe tests,cardView - fluent,qunit_fluent_part_4_25_2,cancelled,Run TestCafe tests,https://github.com/DevExpress/DevExtreme/actions/runs/30822390999/job/91718812217
"03.08.26, 14:35:24",91718812233,30822390999,1,TestCafe tests,dataGrid (4/4) - fluent,qunit_fluent_part_4_25_2,cancelled,Run TestCafe tests,https://github.com/DevExpress/DevExtreme/actions/runs/30822390999/job/91718812233
"03.08.26, 14:35:24",91718812240,30822390999,1,TestCafe tests,dataGrid (1/4) - fluent,qunit_fluent_part_4_25_2,cancelled,Run TestCafe tests,https://github.com/DevExpress/DevExtreme/actions/runs/30822390999/job/91718812240
"03.08.26, 14:35:24",91718812253,30822390999,1,TestCafe tests,scheduler / viewOffset (2/2) - fluent,qunit_fluent_part_4_25_2,cancelled,Run TestCafe tests,https://github.com/DevExpress/DevExtreme/actions/runs/30822390999/job/91718812253
"03.08.26, 14:35:24",91718812265,30822390999,1,TestCafe tests,navigation - fluent,qunit_fluent_part_4_25_2,cancelled,Run TestCafe tests,https://github.com/DevExpress/DevExtreme/actions/runs/30822390999/job/91718812265
"03.08.26, 14:35:24",91718812278,30822390999,1,TestCafe tests,scheduler / common (1/3) - fluent,qunit_fluent_part_4_25_2,cancelled,Run TestCafe tests,https://github.com/DevExpress/DevExtreme/actions/runs/30822390999/job/91718812278
"03.08.26, 14:35:24",91718812302,30822390999,1,TestCafe tests,accessibility - fluent,qunit_fluent_part_4_25_2,cancelled,Run TestCafe tests,https://github.com/DevExpress/DevExtreme/actions/runs/30822390999/job/91718812302
"03.08.26, 14:35:24",91718812322,30822390999,1,TestCafe tests,editors - fluent,qunit_fluent_part_4_25_2,cancelled,Run TestCafe tests,https://github.com/DevExpress/DevExtreme/actions/runs/30822390999/job/91718812322
"03.08.26, 14:35:24",91718812345,30822390999,1,TestCafe tests,scheduler / common (3/3) - fluent,qunit_fluent_part_4_25_2,cancelled,Run TestCafe tests,https://github.com/DevExpress/DevExtreme/actions/runs/30822390999/job/91718812345
"03.08.26, 14:35:24",91718812360,30822390999,1,TestCafe tests,scheduler / timezones (America/Los_Angeles) - fluent,qunit_fluent_part_4_25_2,cancelled,,https://github.com/DevExpress/DevExtreme/actions/runs/30822390999/job/91718812360
"03.08.26, 14:35:24",91718812366,30822390999,1,TestCafe tests,scheduler / common (2/3) - fluent,qunit_fluent_part_4_25_2,cancelled,Run TestCafe tests,https://github.com/DevExpress/DevExtreme/actions/runs/30822390999/job/91718812366
"03.08.26, 14:35:24",91718812425,30822390999,1,TestCafe tests,dataGrid (3/4) - fluent,qunit_fluent_part_4_25_2,cancelled,Run TestCafe tests,https://github.com/DevExpress/DevExtreme/actions/runs/30822390999/job/91718812425
"03.08.26, 14:35:24",91718812426,30822390999,1,TestCafe tests,scheduler / viewOffset (1/2) - fluent,qunit_fluent_part_4_25_2,cancelled,Run TestCafe tests,https://github.com/DevExpress/DevExtreme/actions/runs/30822390999/job/91718812426
"03.08.26, 14:35:24",91718812459,30822390999,1,TestCafe tests,material,qunit_fluent_part_4_25_2,cancelled,Run TestCafe tests,https://github.com/DevExpress/DevExtreme/actions/runs/30822390999/job/91718812459
"03.08.26, 14:42:09",91720652710,30822390999,1,TestCafe tests,quarantine,qunit_fluent_part_4_25_2,cancelled,,https://github.com/DevExpress/DevExtreme/actions/runs/30822390999/job/91720652710
"03.08.26, 14:42:09",91720653189,30822390999,1,TestCafe tests,Send notifications,qunit_fluent_part_4_25_2,cancelled,,https://github.com/DevExpress/DevExtreme/actions/runs/30822390999/job/91720653189
"03.08.26, 14:24:20",91715775708,30822117703,1,TestCafe tests,dataGrid (3/4) - fluent,qunit_fluent_part_4_26_2,failure,Run TestCafe tests,https://github.com/DevExpress/DevExtreme/actions/runs/30822117703/job/91715775708
"03.08.26, 14:36:40",91719159236,30822034989,1,TestCafe tests,quarantine,feature/26_2_popover_support_content_reading,cancelled,,https://github.com/DevExpress/DevExtreme/actions/runs/30822034989/job/91719159236
"03.08.26, 14:36:50",91719206934,30822034989,1,TestCafe tests,Send notifications,feature/26_2_popover_support_content_reading,cancelled,,https://github.com/DevExpress/DevExtreme/actions/runs/30822034989/job/91719206934
"03.08.26, 14:12:40",91712620841,30821103251,1,TestCafe tests,navigation - fluent,qunit_fluent_part_4_26_2,cancelled,Run TestCafe tests,https://github.com/DevExpress/DevExtreme/actions/runs/30821103251/job/91712620841
"03.08.26, 14:12:40",91712620930,30821103251,1,TestCafe tests,dataGrid (4/4) - fluent,qunit_fluent_part_4_26_2,cancelled,Run TestCafe tests,https://github.com/DevExpress/DevExtreme/actions/runs/30821103251/job/91712620930
"03.08.26, 14:12:40",91712621010,30821103251,1,TestCafe tests,editors - fluent,qunit_fluent_part_4_26_2,cancelled,Run TestCafe tests,https://github.com/DevExpress/DevExtreme/actions/runs/30821103251/job/91712621010
"03.08.26, 14:12:41",91712621098,30821103251,1,TestCafe tests,dataGrid (3/4) - fluent,qunit_fluent_part_4_26_2,cancelled,Run TestCafe tests,https://github.com/DevExpress/DevExtreme/actions/runs/30821103251/job/91712621098
"03.08.26, 14:19:28",91714446470,30821103251,1,TestCafe tests,quarantine,qunit_fluent_part_4_26_2,cancelled,,https://github.com/DevExpress/DevExtreme/actions/runs/30821103251/job/91714446470
"03.08.26, 14:19:28",91714447077,30821103251,1,TestCafe tests,Send notifications,qunit_fluent_part_4_26_2,cancelled,,https://github.com/DevExpress/DevExtreme/actions/runs/30821103251/job/91714447077
"03.08.26, 14:10:55",91712154321,30820530058,1,TestCafe tests,scheduler / viewOffset (1/2) - fluent,qunit_fluent_treelist_25_2,cancelled,Run TestCafe tests,https://github.com/DevExpress/DevExtreme/actions/runs/30820530058/job/91712154321
"03.08.26, 14:17:51",91714013734,30820530058,1,TestCafe tests,quarantine,qunit_fluent_treelist_25_2,cancelled,,https://github.com/DevExpress/DevExtreme/actions/runs/30820530058/job/91714013734
"03.08.26, 14:17:51",91714014505,30820530058,1,TestCafe tests,Send notifications,qunit_fluent_treelist_25_2,cancelled,,https://github.com/DevExpress/DevExtreme/actions/runs/30820530058/job/91714014505
"03.08.26, 13:54:03",91707559550,30819612993,1,TestCafe tests,scheduler / common (1/3) - fluent,feature/26_2_popover_support_content_reading,failure,Run TestCafe tests,https://github.com/DevExpress/DevExtreme/actions/runs/30819612993/job/91707559550
"03.08.26, 13:54:03",91707559649,30819612993,1,TestCafe tests,scheduler / common (3/3) - fluent,feature/26_2_popover_support_content_reading,failure,Run TestCafe tests,https://github.com/DevExpress/DevExtreme/actions/runs/30819612993/job/91707559649
"03.08.26, 13:54:03",91707559787,30819612993,1,TestCafe tests,scheduler / common (2/3) - fluent,feature/26_2_popover_support_content_reading,failure,Run TestCafe tests,https://github.com/DevExpress/DevExtreme/actions/runs/30819612993/job/91707559787
"03.08.26, 13:46:16",91705492848,30819468896,1,TestCafe tests,Build DevExtreme,feature/26_2_popover_support_content_reading,cancelled,Show nx cache contents before save,https://github.com/DevExpress/DevExtreme/actions/runs/30819468896/job/91705492848
"03.08.26, 13:48:04",91705963024,30819468896,1,TestCafe tests,${{ matrix.name }}${{ ((!matrix.theme && ' - fluent') || '') }},feature/26_2_popover_support_content_reading,cancelled,,https://github.com/DevExpress/DevExtreme/actions/runs/30819468896/job/91705963024
"03.08.26, 13:48:04",91705963892,30819468896,1,TestCafe tests,quarantine,feature/26_2_popover_support_content_reading,cancelled,,https://github.com/DevExpress/DevExtreme/actions/runs/30819468896/job/91705963892
"03.08.26, 13:48:04",91705964514,30819468896,1,TestCafe tests,Send notifications,feature/26_2_popover_support_content_reading,cancelled,,https://github.com/DevExpress/DevExtreme/actions/runs/30819468896/job/91705964514
"03.08.26, 13:17:45",91698042436,30816724105,1,TestCafe tests,editors - fluent,mock-network,cancelled,Run TestCafe tests,https://github.com/DevExpress/DevExtreme/actions/runs/30816724105/job/91698042436
"03.08.26, 13:17:45",91698042439,30816724105,1,TestCafe tests,common - fluent,mock-network,cancelled,Run TestCafe tests,https://github.com/DevExpress/DevExtreme/actions/runs/30816724105/job/91698042439
"03.08.26, 13:17:45",91698042470,30816724105,1,TestCafe tests,scheduler / viewOffset (1/2) - fluent,mock-network,cancelled,Run TestCafe tests,https://github.com/DevExpress/DevExtreme/actions/runs/30816724105/job/91698042470
"03.08.26, 13:17:45",91698042472,30816724105,1,TestCafe tests,dataGrid (4/4) - fluent,mock-network,cancelled,Run TestCafe tests,https://github.com/DevExpress/DevExtreme/actions/runs/30816724105/job/91698042472
"03.08.26, 13:17:45",91698042487,30816724105,1,TestCafe tests,generic,mock-network,cancelled,Run TestCafe tests,https://github.com/DevExpress/DevExtreme/actions/runs/30816724105/job/91698042487
"03.08.26, 13:17:45",91698042488,30816724105,1,TestCafe tests,dataGrid (1/4) - fluent,mock-network,cancelled,Run TestCafe tests,https://github.com/DevExpress/DevExtreme/actions/runs/30816724105/job/91698042488
"03.08.26, 13:17:45",91698042496,30816724105,1,TestCafe tests,scheduler / viewOffset (2/2) - fluent,mock-network,cancelled,Run TestCafe tests,https://github.com/DevExpress/DevExtreme/actions/runs/30816724105/job/91698042496
"03.08.26, 13:17:45",91698042517,30816724105,1,TestCafe tests,scheduler / common (3/3) - fluent,mock-network,cancelled,Run TestCafe tests,https://github.com/DevExpress/DevExtreme/actions/runs/30816724105/job/91698042517
"03.08.26, 13:17:45",91698042519,30816724105,1,TestCafe tests,dataGrid (2/4) - fluent,mock-network,cancelled,Run TestCafe tests,https://github.com/DevExpress/DevExtreme/actions/runs/30816724105/job/91698042519
"03.08.26, 13:17:45",91698042533,30816724105,1,TestCafe tests,scheduler / common (2/3) - fluent,mock-network,cancelled,Run TestCafe tests,https://github.com/DevExpress/DevExtreme/actions/runs/30816724105/job/91698042533
"03.08.26, 13:17:45",91698042558,30816724105,1,TestCafe tests,navigation - fluent,mock-network,cancelled,Run TestCafe tests,https://github.com/DevExpress/DevExtreme/actions/runs/30816724105/job/91698042558
"03.08.26, 13:17:45",91698042565,30816724105,1,TestCafe tests,scheduler / common (1/3) - fluent,mock-network,cancelled,Run TestCafe tests,https://github.com/DevExpress/DevExtreme/actions/runs/30816724105/job/91698042565
"03.08.26, 13:17:45",91698042864,30816724105,1,TestCafe tests,dataGrid (3/4) - fluent,mock-network,cancelled,Run TestCafe tests,https://github.com/DevExpress/DevExtreme/actions/runs/30816724105/job/91698042864
"03.08.26, 13:22:18",91699225907,30816724105,1,TestCafe tests,quarantine,mock-network,cancelled,,https://github.com/DevExpress/DevExtreme/actions/runs/30816724105/job/91699225907
"03.08.26, 13:22:18",91699226017,30816724105,1,TestCafe tests,Send notifications,mock-network,cancelled,,https://github.com/DevExpress/DevExtreme/actions/runs/30816724105/job/91699226017
"03.08.26, 13:06:14",91695095499,30816390048,1,TestCafe tests,Check if tests should run,feature/demos-remove-system-js,cancelled,Set up job,https://github.com/DevExpress/DevExtreme/actions/runs/30816390048/job/91695095499
"03.08.26, 13:06:25",91695143649,30816390048,1,TestCafe tests,Build DevExtreme,feature/demos-remove-system-js,cancelled,,https://github.com/DevExpress/DevExtreme/actions/runs/30816390048/job/91695143649
"03.08.26, 13:06:26",91695144236,30816390048,1,TestCafe tests,Determine TestCafe matrix,feature/demos-remove-system-js,cancelled,,https://github.com/DevExpress/DevExtreme/actions/runs/30816390048/job/91695144236
"03.08.26, 13:06:26",91695144787,30816390048,1,TestCafe tests,${{ matrix.name }}${{ ((!matrix.theme && ' - fluent') || '') }},feature/demos-remove-system-js,cancelled,,https://github.com/DevExpress/DevExtreme/actions/runs/30816390048/job/91695144787
"03.08.26, 13:06:26",91695144848,30816390048,1,TestCafe tests,quarantine,feature/demos-remove-system-js,cancelled,,https://github.com/DevExpress/DevExtreme/actions/runs/30816390048/job/91695144848
"03.08.26, 13:06:26",91695145173,30816390048,1,TestCafe tests,Send notifications,feature/demos-remove-system-js,cancelled,,https://github.com/DevExpress/DevExtreme/actions/runs/30816390048/job/91695145173
"03.08.26, 12:48:27",91690803012,30814738950,1,TestCafe tests,scheduler / common (2/3) - fluent,feature/26_2_popover_support_content_reading,failure,Run TestCafe tests,https://github.com/DevExpress/DevExtreme/actions/runs/30814738950/job/91690803012
"03.08.26, 12:48:27",91690803040,30814738950,1,TestCafe tests,scheduler / common (3/3) - fluent,feature/26_2_popover_support_content_reading,failure,Run TestCafe tests,https://github.com/DevExpress/DevExtreme/actions/runs/30814738950/job/91690803040
"03.08.26, 12:48:27",91690803153,30814738950,1,TestCafe tests,scheduler / common (1/3) - fluent,feature/26_2_popover_support_content_reading,failure,Run TestCafe tests,https://github.com/DevExpress/DevExtreme/actions/runs/30814738950/job/91690803153
"03.08.26, 12:41:11",91689124740,30814426762,1,TestCafe tests,cardView - fluent,feature/scheduler-multilevel-grouping/template-header-rendering2,failure,Run TestCafe tests,https://github.com/DevExpress/DevExtreme/actions/runs/30814426762/job/91689124740
"03.08.26, 12:04:30",91680878892,30811608819,1,TestCafe tests,scheduler / common (2/3) - fluent,feature/scheduler-multilevel-grouping/template-header-rendering2,failure,Run TestCafe tests,https://github.com/DevExpress/DevExtreme/actions/runs/30811608819/job/91680878892
"03.08.26, 12:04:30",91680878904,30811608819,1,TestCafe tests,scheduler / common (3/3) - fluent,feature/scheduler-multilevel-grouping/template-header-rendering2,failure,Run TestCafe tests,https://github.com/DevExpress/DevExtreme/actions/runs/30811608819/job/91680878904
"03.08.26, 12:04:30",91680879053,30811608819,1,TestCafe tests,scheduler / common (1/3) - fluent,feature/scheduler-multilevel-grouping/template-header-rendering2,failure,Run TestCafe tests,https://github.com/DevExpress/DevExtreme/actions/runs/30811608819/job/91680879053
"03.08.26, 11:46:37",91677008394,30810842287,1,TestCafe tests,Build DevExtreme,qunit_fluent_part_4_26_2,cancelled,Show nx cache contents before save,https://github.com/DevExpress/DevExtreme/actions/runs/30810842287/job/91677008394
"03.08.26, 11:50:41",91677859633,30810842287,1,TestCafe tests,${{ matrix.name }}${{ ((!matrix.theme && ' - fluent') || '') }},qunit_fluent_part_4_26_2,cancelled,,https://github.com/DevExpress/DevExtreme/actions/runs/30810842287/job/91677859633
"03.08.26, 11:50:41",91677860160,30810842287,1,TestCafe tests,quarantine,qunit_fluent_part_4_26_2,cancelled,,https://github.com/DevExpress/DevExtreme/actions/runs/30810842287/job/91677860160
"03.08.26, 11:50:42",91677860661,30810842287,1,TestCafe tests,Send notifications,qunit_fluent_part_4_26_2,cancelled,,https://github.com/DevExpress/DevExtreme/actions/runs/30810842287/job/91677860661
"03.08.26, 11:12:39",91669742828,30808620454,1,TestCafe tests,Check if tests should run,26_1,cancelled,,https://github.com/DevExpress/DevExtreme/actions/runs/30808620454/job/91669742828
"03.08.26, 11:12:49",91669777934,30808620454,1,TestCafe tests,Build DevExtreme,26_1,cancelled,,https://github.com/DevExpress/DevExtreme/actions/runs/30808620454/job/91669777934
"03.08.26, 11:12:49",91669778227,30808620454,1,TestCafe tests,Determine TestCafe matrix,26_1,cancelled,,https://github.com/DevExpress/DevExtreme/actions/runs/30808620454/job/91669778227
"03.08.26, 11:12:49",91669778391,30808620454,1,TestCafe tests,${{ matrix.name }}${{ ((!matrix.theme && ' - fluent') || '') }},26_1,cancelled,,https://github.com/DevExpress/DevExtreme/actions/runs/30808620454/job/91669778391
"03.08.26, 11:12:49",91669778497,30808620454,1,TestCafe tests,quarantine,26_1,cancelled,,https://github.com/DevExpress/DevExtreme/actions/runs/30808620454/job/91669778497
"03.08.26, 11:12:49",91669778925,30808620454,1,TestCafe tests,Send notifications,26_1,cancelled,,https://github.com/DevExpress/DevExtreme/actions/runs/30808620454/job/91669778925
"03.08.26, 11:13:14",91669870470,30808277590,1,TestCafe tests,dataGrid (2/4) - fluent,qunit_fluent_treelist_main,failure,Run TestCafe tests,https://github.com/DevExpress/DevExtreme/actions/runs/30808277590/job/91669870470
"03.08.26, 11:15:39",91670401934,30807855655,1,TestCafe tests,quarantine,feature/26_2_popover_support_content_reading,failure,Run quarantined tests,https://github.com/DevExpress/DevExtreme/actions/runs/30807855655/job/91670401934
"03.08.26, 11:29:21",91673366922,30807855655,2,TestCafe tests,quarantine,feature/26_2_popover_support_content_reading,failure,Run quarantined tests,https://github.com/DevExpress/DevExtreme/actions/runs/30807855655/job/91673366922
"03.08.26, 11:36:23",91674861452,30807855655,3,TestCafe tests,quarantine,feature/26_2_popover_support_content_reading,failure,Run quarantined tests,https://github.com/DevExpress/DevExtreme/actions/runs/30807855655/job/91674861452
"03.08.26, 11:55:32",91678908603,30807855655,4,TestCafe tests,quarantine,feature/26_2_popover_support_content_reading,failure,Run quarantined tests,https://github.com/DevExpress/DevExtreme/actions/runs/30807855655/job/91678908603
"03.08.26, 12:16:09",91683527880,30807855655,5,TestCafe tests,quarantine,feature/26_2_popover_support_content_reading,failure,Run quarantined tests,https://github.com/DevExpress/DevExtreme/actions/runs/30807855655/job/91683527880
"03.08.26, 10:02:18",91654731515,30803533442,1,TestCafe tests,cardView - fluent,datagrid_ai_assistant_imporve_pom_26_1,cancelled,Run TestCafe tests,https://github.com/DevExpress/DevExtreme/actions/runs/30803533442/job/91654731515
"03.08.26, 10:02:18",91654731522,30803533442,1,TestCafe tests,dataGrid (4/4) - fluent,datagrid_ai_assistant_imporve_pom_26_1,cancelled,Run TestCafe tests,https://github.com/DevExpress/DevExtreme/actions/runs/30803533442/job/91654731522
"03.08.26, 09:11:14",91643158728,30799526446,1,TestCafe tests,scheduler / common (2/3) - fluent,feature/scheduler-multilevel-grouping/template-header-rendering2,failure,Run TestCafe tests,https://github.com/DevExpress/DevExtreme/actions/runs/30799526446/job/91643158728
"03.08.26, 09:11:14",91643158738,30799526446,1,TestCafe tests,scheduler / common (3/3) - fluent,feature/scheduler-multilevel-grouping/template-header-rendering2,failure,Run TestCafe tests,https://github.com/DevExpress/DevExtreme/actions/runs/30799526446/job/91643158738
"03.08.26, 09:11:14",91643158796,30799526446,1,TestCafe tests,scheduler / common (1/3) - fluent,feature/scheduler-multilevel-grouping/template-header-rendering2,failure,Run TestCafe tests,https://github.com/DevExpress/DevExtreme/actions/runs/30799526446/job/91643158796
"03.08.26, 09:07:28",91642347089,30799450873,1,TestCafe tests,common - fluent,feature/26_2_popover_support_content_reading,cancelled,Run TestCafe tests,https://github.com/DevExpress/DevExtreme/actions/runs/30799450873/job/91642347089
"03.08.26, 09:07:28",91642347132,30799450873,1,TestCafe tests,dataGrid (4/4) - fluent,feature/26_2_popover_support_content_reading,cancelled,Run TestCafe tests,https://github.com/DevExpress/DevExtreme/actions/runs/30799450873/job/91642347132
"03.08.26, 09:22:14",91645606823,30799450873,1,TestCafe tests,quarantine,feature/26_2_popover_support_content_reading,cancelled,,https://github.com/DevExpress/DevExtreme/actions/runs/30799450873/job/91645606823
"03.08.26, 09:22:14",91645607683,30799450873,1,TestCafe tests,Send notifications,feature/26_2_popover_support_content_reading,cancelled,,https://github.com/DevExpress/DevExtreme/actions/runs/30799450873/job/91645607683
"03.08.26, 08:58:36",91640463709,30798900668,1,TestCafe tests,cardView - fluent,gh-readonly-queue/main/pr-34576-d9c652889854a5e9635b5170a335f12ef9410710,failure,Run TestCafe tests,https://github.com/DevExpress/DevExtreme/actions/runs/30798900668/job/91640463709
"03.08.26, 08:58:36",91640463787,30798900668,1,TestCafe tests,dataGrid (1/4) - fluent,gh-readonly-queue/main/pr-34576-d9c652889854a5e9635b5170a335f12ef9410710,failure,,https://github.com/DevExpress/DevExtreme/actions/runs/30798900668/job/91640463787
"03.08.26, 08:58:36",91640463822,30798900668,1,TestCafe tests,scheduler / common (2/3) - fluent,gh-readonly-queue/main/pr-34576-d9c652889854a5e9635b5170a335f12ef9410710,failure,,https://github.com/DevExpress/DevExtreme/actions/runs/30798900668/job/91640463822
"03.08.26, 08:48:11",91638392437,30798275690,1,TestCafe tests,scheduler / common (3/3) - fluent,feature/scheduler-multilevel-grouping/template-header-rendering2,failure,Run TestCafe tests,https://github.com/DevExpress/DevExtreme/actions/runs/30798275690/job/91638392437
"03.08.26, 08:48:11",91638392482,30798275690,1,TestCafe tests,scheduler / common (1/3) - fluent,feature/scheduler-multilevel-grouping/template-header-rendering2,failure,Run TestCafe tests,https://github.com/DevExpress/DevExtreme/actions/runs/30798275690/job/91638392482
"03.08.26, 08:48:11",91638392493,30798275690,1,TestCafe tests,scheduler / common (2/3) - fluent,feature/scheduler-multilevel-grouping/template-header-rendering2,failure,Run TestCafe tests,https://github.com/DevExpress/DevExtreme/actions/runs/30798275690/job/91638392493
"03.08.26, 08:39:09",91636550786,30797756672,1,TestCafe tests,scheduler / timezones (America/Los_Angeles) - fluent,gh-readonly-queue/main/pr-34512-7312618160a98ea792c082b6853b9cc92f05da7b,failure,Run TestCafe tests,https://github.com/DevExpress/DevExtreme/actions/runs/30797756672/job/91636550786
"03.08.26, 07:46:07",91626003007,30794348028,1,TestCafe tests,editors - fluent,datagrid_ai_assistant_imporve_pom_26_2,failure,,https://github.com/DevExpress/DevExtreme/actions/runs/30794348028/job/91626003007
"03.08.26, 19:15:22",91790889939,30844962440,1,Themebuilder and Styles tests,test,feature/scheduler-multilevel-grouping/demo,cancelled,Check styles for duplicate rules (generic),https://github.com/DevExpress/DevExtreme/actions/runs/30844962440/job/91790889939
"03.08.26, 19:19:33",91791900446,30844962440,1,Themebuilder and Styles tests,Send notifications,feature/scheduler-multilevel-grouping/demo,cancelled,,https://github.com/DevExpress/DevExtreme/actions/runs/30844962440/job/91791900446
"03.08.26, 13:45:55",91705398904,30819469614,1,Themebuilder and Styles tests,test,feature/26_2_popover_support_content_reading,cancelled,Install dependencies,https://github.com/DevExpress/DevExtreme/actions/runs/30819469614/job/91705398904
"03.08.26, 13:48:04",91705963018,30819469614,1,Themebuilder and Styles tests,Send notifications,feature/26_2_popover_support_content_reading,cancelled,,https://github.com/DevExpress/DevExtreme/actions/runs/30819469614/job/91705963018
"03.08.26, 13:06:15",91695099232,30816391269,1,Themebuilder and Styles tests,test,feature/demos-remove-system-js,cancelled,Get sources,https://github.com/DevExpress/DevExtreme/actions/runs/30816391269/job/91695099232
"03.08.26, 13:06:26",91695144119,30816391269,1,Themebuilder and Styles tests,Send notifications,feature/demos-remove-system-js,cancelled,,https://github.com/DevExpress/DevExtreme/actions/runs/30816391269/job/91695144119
"03.08.26, 11:46:14",91676929381,30810842276,1,Themebuilder and Styles tests,test,qunit_fluent_part_4_26_2,cancelled,"Run themebuilder tests (full set, node)",https://github.com/DevExpress/DevExtreme/actions/runs/30810842276/job/91676929381
"03.08.26, 11:50:41",91677857195,30810842276,1,Themebuilder and Styles tests,Send notifications,qunit_fluent_part_4_26_2,cancelled,,https://github.com/DevExpress/DevExtreme/actions/runs/30810842276/job/91677857195
"03.08.26, 11:12:39",91669741927,30808620641,1,Themebuilder and Styles tests,test,26_1,cancelled,Get sources,https://github.com/DevExpress/DevExtreme/actions/runs/30808620641/job/91669741927
"03.08.26, 11:13:06",91669842000,30808620641,1,Themebuilder and Styles tests,Send notifications,26_1,cancelled,,https://github.com/DevExpress/DevExtreme/actions/runs/30808620641/job/91669842000
"03.08.26, 19:15:22",91790889388,30844962409,1,TS Declarations,check-ts-bundle,feature/scheduler-multilevel-grouping/demo,cancelled,Post Setup pnpm cache,https://github.com/DevExpress/DevExtreme/actions/runs/30844962409/job/91790889388
"03.08.26, 19:15:22",91790889447,30844962409,1,TS Declarations,validate-declarations,feature/scheduler-multilevel-grouping/demo,cancelled,Post Setup pnpm cache,https://github.com/DevExpress/DevExtreme/actions/runs/30844962409/job/91790889447
"03.08.26, 19:19:33",91791898544,30844962409,1,TS Declarations,Send notifications,feature/scheduler-multilevel-grouping/demo,cancelled,,https://github.com/DevExpress/DevExtreme/actions/runs/30844962409/job/91791898544
"03.08.26, 13:45:55",91705399102,30819469593,1,TS Declarations,validate-declarations,feature/26_2_popover_support_content_reading,cancelled,Install dependencies,https://github.com/DevExpress/DevExtreme/actions/runs/30819469593/job/91705399102
"03.08.26, 13:45:55",91705399304,30819469593,1,TS Declarations,check-ts-bundle,feature/26_2_popover_support_content_reading,cancelled,Install dependencies,https://github.com/DevExpress/DevExtreme/actions/runs/30819469593/job/91705399304
"03.08.26, 13:48:04",91705964928,30819469593,1,TS Declarations,Send notifications,feature/26_2_popover_support_content_reading,cancelled,,https://github.com/DevExpress/DevExtreme/actions/runs/30819469593/job/91705964928
"03.08.26, 13:06:14",91695095123,30816389995,1,TS Declarations,validate-declarations,feature/demos-remove-system-js,cancelled,Get sources,https://github.com/DevExpress/DevExtreme/actions/runs/30816389995/job/91695095123
"03.08.26, 13:06:14",91695095208,30816389995,1,TS Declarations,check-ts-bundle,feature/demos-remove-system-js,cancelled,Get sources,https://github.com/DevExpress/DevExtreme/actions/runs/30816389995/job/91695095208
"03.08.26, 13:06:27",91695152142,30816389995,1,TS Declarations,Send notifications,feature/demos-remove-system-js,cancelled,,https://github.com/DevExpress/DevExtreme/actions/runs/30816389995/job/91695152142
"03.08.26, 11:46:14",91676929947,30810842529,1,TS Declarations,validate-declarations,qunit_fluent_part_4_26_2,cancelled,Set up job,https://github.com/DevExpress/DevExtreme/actions/runs/30810842529/job/91676929947
"03.08.26, 11:46:14",91676930005,30810842529,1,TS Declarations,check-ts-bundle,qunit_fluent_part_4_26_2,cancelled,,https://github.com/DevExpress/DevExtreme/actions/runs/30810842529/job/91676930005
"03.08.26, 11:50:27",91677808536,30810842529,1,TS Declarations,Send notifications,qunit_fluent_part_4_26_2,cancelled,,https://github.com/DevExpress/DevExtreme/actions/runs/30810842529/job/91677808536
"03.08.26, 11:12:39",91669742472,30808620887,1,TS Declarations,check-ts-bundle,26_1,cancelled,Get sources,https://github.com/DevExpress/DevExtreme/actions/runs/30808620887/job/91669742472
"03.08.26, 11:12:41",91669748360,30808620887,1,TS Declarations,validate-declarations,26_1,cancelled,,https://github.com/DevExpress/DevExtreme/actions/runs/30808620887/job/91669748360
"03.08.26, 11:12:51",91669785833,30808620887,1,TS Declarations,Send notifications,26_1,cancelled,,https://github.com/DevExpress/DevExtreme/actions/runs/30808620887/job/91669785833
"03.08.26, 20:06:19",91803205221,30847892546,1,Demos Visual Tests,CSP check (Angular 3/3),feature/scheduler-multilevel-grouping/demo,failure,,https://github.com/DevExpress/DevExtreme/actions/runs/30847892546/job/91803205221
"03.08.26, 20:06:19",91803205309,30847892546,1,Demos Visual Tests,jquery-accessibility-material.blue.dark,feature/scheduler-multilevel-grouping/demo,failure,Run TestCafe tests (jQuery),https://github.com/DevExpress/DevExtreme/actions/runs/30847892546/job/91803205309
"03.08.26, 20:06:19",91803205334,30847892546,1,Demos Visual Tests,jquery-accessibility-material.blue.light,feature/scheduler-multilevel-grouping/demo,failure,Run TestCafe tests (jQuery),https://github.com/DevExpress/DevExtreme/actions/runs/30847892546/job/91803205334
"03.08.26, 20:06:19",91803205373,30847892546,1,Demos Visual Tests,jquery-accessibility-fluent.blue.dark,feature/scheduler-multilevel-grouping/demo,failure,Run TestCafe tests (jQuery),https://github.com/DevExpress/DevExtreme/actions/runs/30847892546/job/91803205373
"03.08.26, 20:06:19",91803205397,30847892546,1,Demos Visual Tests,jquery-accessibility-fluent.blue.light,feature/scheduler-multilevel-grouping/demo,failure,Run TestCafe tests (jQuery),https://github.com/DevExpress/DevExtreme/actions/runs/30847892546/job/91803205397
"03.08.26, 19:42:20",91797409623,30845260513,1,Demos Visual Tests,Check generated demos (changed only),feature/scheduler-multilevel-grouping/demo,failure,Check generated JS demos,https://github.com/DevExpress/DevExtreme/actions/runs/30845260513/job/91797409623
"03.08.26, 19:42:20",91797409967,30845260513,1,Demos Visual Tests,jquery-accessibility-material.blue.light,feature/scheduler-multilevel-grouping/demo,failure,Run TestCafe tests (jQuery),https://github.com/DevExpress/DevExtreme/actions/runs/30845260513/job/91797409967
"03.08.26, 19:42:20",91797409970,30845260513,1,Demos Visual Tests,jquery-accessibility-fluent.blue.dark,feature/scheduler-multilevel-grouping/demo,failure,Run TestCafe tests (jQuery),https://github.com/DevExpress/DevExtreme/actions/runs/30845260513/job/91797409970
"03.08.26, 19:42:20",91797409971,30845260513,1,Demos Visual Tests,jquery(1/3)-screenshots-material.blue.light,feature/scheduler-multilevel-grouping/demo,failure,Run TestCafe tests (jQuery),https://github.com/DevExpress/DevExtreme/actions/runs/30845260513/job/91797409971
"03.08.26, 19:42:20",91797409987,30845260513,1,Demos Visual Tests,jquery-accessibility-fluent.blue.light,feature/scheduler-multilevel-grouping/demo,failure,Run TestCafe tests (jQuery),https://github.com/DevExpress/DevExtreme/actions/runs/30845260513/job/91797409987
"03.08.26, 19:42:20",91797410016,30845260513,1,Demos Visual Tests,jquery-accessibility-material.blue.dark,feature/scheduler-multilevel-grouping/demo,failure,Run TestCafe tests (jQuery),https://github.com/DevExpress/DevExtreme/actions/runs/30845260513/job/91797410016
"03.08.26, 19:42:20",91797410220,30845260513,1,Demos Visual Tests,jquery(1/3)-screenshots-fluent.blue.light,feature/scheduler-multilevel-grouping/demo,failure,Run TestCafe tests (jQuery),https://github.com/DevExpress/DevExtreme/actions/runs/30845260513/job/91797410220
"03.08.26, 19:52:47",91799881827,30845260513,1,Demos Visual Tests,react-screenshots-fluent.blue.light,feature/scheduler-multilevel-grouping/demo,failure,Run TestCafe tests,https://github.com/DevExpress/DevExtreme/actions/runs/30845260513/job/91799881827
"03.08.26, 19:52:47",91799881831,30845260513,1,Demos Visual Tests,angular-screenshots-fluent.blue.light,feature/scheduler-multilevel-grouping/demo,failure,Run TestCafe tests,https://github.com/DevExpress/DevExtreme/actions/runs/30845260513/job/91799881831
"03.08.26, 19:52:47",91799881859,30845260513,1,Demos Visual Tests,vue-screenshots-fluent.blue.light,feature/scheduler-multilevel-grouping/demo,failure,Run TestCafe tests,https://github.com/DevExpress/DevExtreme/actions/runs/30845260513/job/91799881859
"03.08.26, 19:24:56",91793196100,30844962484,1,Demos Visual Tests,Check generated demos (changed only),feature/scheduler-multilevel-grouping/demo,failure,Check generated JS demos,https://github.com/DevExpress/DevExtreme/actions/runs/30844962484/job/91793196100
"03.08.26, 19:24:56",91793196277,30844962484,1,Demos Visual Tests,jquery-accessibility-fluent.blue.dark,feature/scheduler-multilevel-grouping/demo,failure,Run TestCafe tests (jQuery),https://github.com/DevExpress/DevExtreme/actions/runs/30844962484/job/91793196277
"03.08.26, 19:24:56",91793196289,30844962484,1,Demos Visual Tests,jquery-accessibility-fluent.blue.light,feature/scheduler-multilevel-grouping/demo,failure,Run TestCafe tests (jQuery),https://github.com/DevExpress/DevExtreme/actions/runs/30844962484/job/91793196289
"03.08.26, 19:24:56",91793196352,30844962484,1,Demos Visual Tests,jquery-accessibility-material.blue.dark,feature/scheduler-multilevel-grouping/demo,failure,Run TestCafe tests (jQuery),https://github.com/DevExpress/DevExtreme/actions/runs/30844962484/job/91793196352
"03.08.26, 19:24:56",91793196359,30844962484,1,Demos Visual Tests,jquery-accessibility-material.blue.light,feature/scheduler-multilevel-grouping/demo,failure,Run TestCafe tests (jQuery),https://github.com/DevExpress/DevExtreme/actions/runs/30844962484/job/91793196359
"03.08.26, 19:24:56",91793196360,30844962484,1,Demos Visual Tests,jquery(1/3)-screenshots-material.blue.light,feature/scheduler-multilevel-grouping/demo,failure,Run TestCafe tests (jQuery),https://github.com/DevExpress/DevExtreme/actions/runs/30844962484/job/91793196360
"03.08.26, 19:24:56",91793196425,30844962484,1,Demos Visual Tests,jquery(1/3)-screenshots-fluent.blue.light,feature/scheduler-multilevel-grouping/demo,failure,Run TestCafe tests (jQuery),https://github.com/DevExpress/DevExtreme/actions/runs/30844962484/job/91793196425
"03.08.26, 19:24:56",91793197007,30844962484,1,Demos Visual Tests,Check generated demos,feature/scheduler-multilevel-grouping/demo,cancelled,,https://github.com/DevExpress/DevExtreme/actions/runs/30844962484/job/91793197007
"03.08.26, 19:29:56",91794396440,30844962484,1,Demos Visual Tests,react-screenshots-fluent.blue.light,feature/scheduler-multilevel-grouping/demo,failure,Run TestCafe tests,https://github.com/DevExpress/DevExtreme/actions/runs/30844962484/job/91794396440
"03.08.26, 19:29:56",91794396503,30844962484,1,Demos Visual Tests,vue-screenshots-fluent.blue.light,feature/scheduler-multilevel-grouping/demo,failure,Run TestCafe tests,https://github.com/DevExpress/DevExtreme/actions/runs/30844962484/job/91794396503
"03.08.26, 19:29:56",91794396513,30844962484,1,Demos Visual Tests,angular-screenshots-fluent.blue.light,feature/scheduler-multilevel-grouping/demo,failure,Run TestCafe tests,https://github.com/DevExpress/DevExtreme/actions/runs/30844962484/job/91794396513
"03.08.26, 19:29:56",91794397394,30844962484,1,Demos Visual Tests,${{ matrix.CONSTEL }}-screenshots-${{ matrix.THEME }},feature/scheduler-multilevel-grouping/demo,cancelled,,https://github.com/DevExpress/DevExtreme/actions/runs/30844962484/job/91794397394
"03.08.26, 19:15:06",91790824479,30844051160,1,Demos Visual Tests,merge-artifacts,pivotgrid-field-focus-outline-4825,cancelled,,https://github.com/DevExpress/DevExtreme/actions/runs/30844051160/job/91790824479
"03.08.26, 15:15:35",91729856755,30824208536,1,Demos Visual Tests,merge-artifacts,mock-network,cancelled,,https://github.com/DevExpress/DevExtreme/actions/runs/30824208536/job/91729856755
"03.08.26, 14:55:53",91724401768,30823537437,1,Demos Visual Tests,merge-artifacts,feature/26_2_popover_support_content_reading,cancelled,,https://github.com/DevExpress/DevExtreme/actions/runs/30823537437/job/91724401768
"03.08.26, 14:39:11",91719845550,30822036763,1,Demos Visual Tests,merge-artifacts,feature/26_2_popover_support_content_reading,cancelled,,https://github.com/DevExpress/DevExtreme/actions/runs/30822036763/job/91719845550
"03.08.26, 14:22:56",91715391477,30821103245,1,Demos Visual Tests,jquery(3/3)-screenshots-material.blue.light,qunit_fluent_part_4_26_2,failure,,https://github.com/DevExpress/DevExtreme/actions/runs/30821103245/job/91715391477
"03.08.26, 14:22:56",91715392029,30821103245,1,Demos Visual Tests,Build Demos Bundles,qunit_fluent_part_4_26_2,cancelled,,https://github.com/DevExpress/DevExtreme/actions/runs/30821103245/job/91715392029
"03.08.26, 14:22:56",91715392070,30821103245,1,Demos Visual Tests,Check generated demos,qunit_fluent_part_4_26_2,cancelled,,https://github.com/DevExpress/DevExtreme/actions/runs/30821103245/job/91715392070
"03.08.26, 14:22:56",91715392116,30821103245,1,Demos Visual Tests,Check TS and lint code base,qunit_fluent_part_4_26_2,cancelled,,https://github.com/DevExpress/DevExtreme/actions/runs/30821103245/job/91715392116
"03.08.26, 14:22:56",91715392207,30821103245,1,Demos Visual Tests,Check generated demos (changed only),qunit_fluent_part_4_26_2,cancelled,,https://github.com/DevExpress/DevExtreme/actions/runs/30821103245/job/91715392207
"03.08.26, 14:22:56",91715392508,30821103245,1,Demos Visual Tests,"matrix.SHARD_TOTAL == 1 && format('CSP check ({0})', matrix.FRAMEWORK) || format('CSP check ({0} {1}/{2})', matrix.FRAMEWORK, matrix.SHARD_INDEX, matrix.SHARD_TOTAL)",qunit_fluent_part_4_26_2,cancelled,,https://github.com/DevExpress/DevExtreme/actions/runs/30821103245/job/91715392508
"03.08.26, 14:22:56",91715392934,30821103245,1,Demos Visual Tests,${{ matrix.CONSTEL }}-screenshots-${{ matrix.THEME }},qunit_fluent_part_4_26_2,cancelled,,https://github.com/DevExpress/DevExtreme/actions/runs/30821103245/job/91715392934
"03.08.26, 14:22:56",91715393030,30821103245,1,Demos Visual Tests,${{ matrix.CONSTEL }}-screenshots-${{ matrix.THEME }},qunit_fluent_part_4_26_2,cancelled,,https://github.com/DevExpress/DevExtreme/actions/runs/30821103245/job/91715393030
"03.08.26, 13:52:46",91707216400,30819468691,1,Demos Visual Tests,Check generated demos,feature/26_2_popover_support_content_reading,cancelled,,https://github.com/DevExpress/DevExtreme/actions/runs/30819468691/job/91707216400
"03.08.26, 13:52:46",91707216760,30819468691,1,Demos Visual Tests,Build Demos Bundles,feature/26_2_popover_support_content_reading,cancelled,,https://github.com/DevExpress/DevExtreme/actions/runs/30819468691/job/91707216760
"03.08.26, 13:52:46",91707216882,30819468691,1,Demos Visual Tests,Check generated demos (changed only),feature/26_2_popover_support_content_reading,cancelled,,https://github.com/DevExpress/DevExtreme/actions/runs/30819468691/job/91707216882
"03.08.26, 13:52:46",91707217264,30819468691,1,Demos Visual Tests,"matrix.SHARD_TOTAL == 1 && format('CSP check ({0})', matrix.FRAMEWORK) || format('CSP check ({0} {1}/{2})', matrix.FRAMEWORK, matrix.SHARD_INDEX, matrix.SHARD_TOTAL)",feature/26_2_popover_support_content_reading,cancelled,,https://github.com/DevExpress/DevExtreme/actions/runs/30819468691/job/91707217264
"03.08.26, 13:52:46",91707217289,30819468691,1,Demos Visual Tests,Check TS and lint code base,feature/26_2_popover_support_content_reading,cancelled,,https://github.com/DevExpress/DevExtreme/actions/runs/30819468691/job/91707217289
"03.08.26, 13:52:46",91707217321,30819468691,1,Demos Visual Tests,${{ matrix.CONSTEL }}-screenshots-${{ matrix.THEME }},feature/26_2_popover_support_content_reading,cancelled,,https://github.com/DevExpress/DevExtreme/actions/runs/30819468691/job/91707217321
"03.08.26, 13:52:46",91707217748,30819468691,1,Demos Visual Tests,${{ matrix.CONSTEL }}-screenshots-${{ matrix.THEME }},feature/26_2_popover_support_content_reading,cancelled,,https://github.com/DevExpress/DevExtreme/actions/runs/30819468691/job/91707217748
"03.08.26, 13:58:11",91708686919,30819468691,1,Demos Visual Tests,merge-artifacts,feature/26_2_popover_support_content_reading,cancelled,,https://github.com/DevExpress/DevExtreme/actions/runs/30819468691/job/91708686919
"03.08.26, 13:20:59",91698884224,30816723995,1,Demos Visual Tests,Build Demos Bundles,mock-network,failure,,https://github.com/DevExpress/DevExtreme/actions/runs/30816723995/job/91698884224
"03.08.26, 13:34:02",91702288534,30816723995,1,Demos Visual Tests,${{ matrix.CONSTEL }}-screenshots-${{ matrix.THEME }},mock-network,cancelled,,https://github.com/DevExpress/DevExtreme/actions/runs/30816723995/job/91702288534
"03.08.26, 13:34:02",91702288550,30816723995,1,Demos Visual Tests,${{ matrix.CONSTEL }}-screenshots-${{ matrix.THEME }},mock-network,cancelled,,https://github.com/DevExpress/DevExtreme/actions/runs/30816723995/job/91702288550
"03.08.26, 13:34:02",91702288979,30816723995,1,Demos Visual Tests,merge-artifacts,mock-network,cancelled,,https://github.com/DevExpress/DevExtreme/actions/runs/30816723995/job/91702288979
"03.08.26, 13:21:27",91699006229,30816401973,1,Demos Visual Tests,CSP check (Angular 2/3),feature/demos-remove-system-js,cancelled,Run CSP Check,https://github.com/DevExpress/DevExtreme/actions/runs/30816401973/job/91699006229
"03.08.26, 13:21:27",91699006233,30816401973,1,Demos Visual Tests,CSP check (React 2/2),feature/demos-remove-system-js,cancelled,Run CSP Check,https://github.com/DevExpress/DevExtreme/actions/runs/30816401973/job/91699006233
"03.08.26, 13:21:27",91699006235,30816401973,1,Demos Visual Tests,CSP check (Angular 3/3),feature/demos-remove-system-js,cancelled,Run CSP Check,https://github.com/DevExpress/DevExtreme/actions/runs/30816401973/job/91699006235
"03.08.26, 13:21:27",91699006264,30816401973,1,Demos Visual Tests,CSP check (React 1/2),feature/demos-remove-system-js,cancelled,Run CSP Check,https://github.com/DevExpress/DevExtreme/actions/runs/30816401973/job/91699006264
"03.08.26, 13:21:27",91699006290,30816401973,1,Demos Visual Tests,CSP check (Vue 1/2),feature/demos-remove-system-js,cancelled,Run CSP Check,https://github.com/DevExpress/DevExtreme/actions/runs/30816401973/job/91699006290
"03.08.26, 13:21:27",91699006300,30816401973,1,Demos Visual Tests,CSP check (Vue 2/2),feature/demos-remove-system-js,cancelled,Run CSP Check,https://github.com/DevExpress/DevExtreme/actions/runs/30816401973/job/91699006300
"03.08.26, 13:21:27",91699006521,30816401973,1,Demos Visual Tests,CSP check (Angular 1/3),feature/demos-remove-system-js,cancelled,Run CSP Check,https://github.com/DevExpress/DevExtreme/actions/runs/30816401973/job/91699006521
"03.08.26, 13:28:05",91700730690,30816401973,1,Demos Visual Tests,vue-screenshots-fluent.blue.light,feature/demos-remove-system-js,cancelled,Run TestCafe tests,https://github.com/DevExpress/DevExtreme/actions/runs/30816401973/job/91700730690
"03.08.26, 13:28:05",91700730701,30816401973,1,Demos Visual Tests,react-screenshots-fluent.blue.light,feature/demos-remove-system-js,cancelled,Run TestCafe tests,https://github.com/DevExpress/DevExtreme/actions/runs/30816401973/job/91700730701
"03.08.26, 13:28:05",91700730782,30816401973,1,Demos Visual Tests,angular-screenshots-fluent.blue.light,feature/demos-remove-system-js,cancelled,Run TestCafe tests,https://github.com/DevExpress/DevExtreme/actions/runs/30816401973/job/91700730782
"03.08.26, 13:06:16",91695103090,30816392238,1,Demos Visual Tests,Check if tests should run,feature/demos-remove-system-js,cancelled,,https://github.com/DevExpress/DevExtreme/actions/runs/30816392238/job/91695103090
"03.08.26, 13:06:26",91695143891,30816392238,1,Demos Visual Tests,Get changed demos,feature/demos-remove-system-js,cancelled,,https://github.com/DevExpress/DevExtreme/actions/runs/30816392238/job/91695143891
"03.08.26, 13:06:26",91695144902,30816392238,1,Demos Visual Tests,Determine scope for framework tests,feature/demos-remove-system-js,cancelled,,https://github.com/DevExpress/DevExtreme/actions/runs/30816392238/job/91695144902
"03.08.26, 13:06:26",91695145058,30816392238,1,Demos Visual Tests,Build DevExtreme,feature/demos-remove-system-js,cancelled,,https://github.com/DevExpress/DevExtreme/actions/runs/30816392238/job/91695145058
"03.08.26, 13:06:26",91695145089,30816392238,1,Demos Visual Tests,Determine jQuery test matrix,feature/demos-remove-system-js,cancelled,,https://github.com/DevExpress/DevExtreme/actions/runs/30816392238/job/91695145089
"03.08.26, 13:06:26",91695145663,30816392238,1,Demos Visual Tests,CSP check (jQuery),feature/demos-remove-system-js,cancelled,,https://github.com/DevExpress/DevExtreme/actions/runs/30816392238/job/91695145663
"03.08.26, 13:06:26",91695145690,30816392238,1,Demos Visual Tests,Check generated demos (changed only),feature/demos-remove-system-js,cancelled,,https://github.com/DevExpress/DevExtreme/actions/runs/30816392238/job/91695145690
"03.08.26, 13:06:26",91695145727,30816392238,1,Demos Visual Tests,Check TS and lint code base,feature/demos-remove-system-js,cancelled,,https://github.com/DevExpress/DevExtreme/actions/runs/30816392238/job/91695145727
"03.08.26, 13:06:26",91695145853,30816392238,1,Demos Visual Tests,Check generated demos,feature/demos-remove-system-js,cancelled,,https://github.com/DevExpress/DevExtreme/actions/runs/30816392238/job/91695145853
"03.08.26, 13:06:26",91695145859,30816392238,1,Demos Visual Tests,${{ matrix.CONSTEL }}-${{ matrix.STRATEGY }}-${{ matrix.THEME }},feature/demos-remove-system-js,cancelled,,https://github.com/DevExpress/DevExtreme/actions/runs/30816392238/job/91695145859
"03.08.26, 13:06:26",91695145908,30816392238,1,Demos Visual Tests,"matrix.SHARD_TOTAL == 1 && format('CSP check ({0})', matrix.FRAMEWORK) || format('CSP check ({0} {1}/{2})', matrix.FRAMEWORK, matrix.SHARD_INDEX, matrix.SHARD_TOTAL)",feature/demos-remove-system-js,cancelled,,https://github.com/DevExpress/DevExtreme/actions/runs/30816392238/job/91695145908
"03.08.26, 13:06:26",91695146072,30816392238,1,Demos Visual Tests,"matrix.SHARD_TOTAL == 1 && format('Build demos ({0})', matrix.FRAMEWORK) || format('Build demos ({0} {1}/{2})', matrix.FRAMEWORK, matrix.SHARD_INDEX, matrix.SHARD_TOTAL)",feature/demos-remove-system-js,cancelled,,https://github.com/DevExpress/DevExtreme/actions/runs/30816392238/job/91695146072
"03.08.26, 13:06:26",91695146629,30816392238,1,Demos Visual Tests,${{ matrix.CONSTEL }}-screenshots-${{ matrix.THEME }},feature/demos-remove-system-js,cancelled,,https://github.com/DevExpress/DevExtreme/actions/runs/30816392238/job/91695146629
"03.08.26, 13:06:26",91695146941,30816392238,1,Demos Visual Tests,${{ matrix.CONSTEL }}-screenshots-${{ matrix.THEME }},feature/demos-remove-system-js,cancelled,,https://github.com/DevExpress/DevExtreme/actions/runs/30816392238/job/91695146941
"03.08.26, 13:06:26",91695147205,30816392238,1,Demos Visual Tests,merge-artifacts,feature/demos-remove-system-js,cancelled,,https://github.com/DevExpress/DevExtreme/actions/runs/30816392238/job/91695147205
"03.08.26, 12:59:14",91693335384,30815161084,1,Demos Visual Tests,CSP check (Vue 1/2),26_1,failure,,https://github.com/DevExpress/DevExtreme/actions/runs/30815161084/job/91693335384
"03.08.26, 12:57:06",91692831528,30814558670,1,Demos Visual Tests,angular(7/10)-screenshots-fluent.blue.light,mock-network,failure,Run TestCafe tests,https://github.com/DevExpress/DevExtreme/actions/runs/30814558670/job/91692831528
"03.08.26, 11:59:58",91679852072,30810842519,1,Demos Visual Tests,Build Demos Bundles,qunit_fluent_part_4_26_2,cancelled,,https://github.com/DevExpress/DevExtreme/actions/runs/30810842519/job/91679852072
"03.08.26, 11:59:58",91679852112,30810842519,1,Demos Visual Tests,Check TS and lint code base,qunit_fluent_part_4_26_2,cancelled,,https://github.com/DevExpress/DevExtreme/actions/runs/30810842519/job/91679852112
"03.08.26, 11:59:58",91679852138,30810842519,1,Demos Visual Tests,Check generated demos,qunit_fluent_part_4_26_2,cancelled,,https://github.com/DevExpress/DevExtreme/actions/runs/30810842519/job/91679852138
"03.08.26, 11:59:58",91679852203,30810842519,1,Demos Visual Tests,Check generated demos (changed only),qunit_fluent_part_4_26_2,cancelled,,https://github.com/DevExpress/DevExtreme/actions/runs/30810842519/job/91679852203
"03.08.26, 11:59:58",91679852374,30810842519,1,Demos Visual Tests,"matrix.SHARD_TOTAL == 1 && format('CSP check ({0})', matrix.FRAMEWORK) || format('CSP check ({0} {1}/{2})', matrix.FRAMEWORK, matrix.SHARD_INDEX, matrix.SHARD_TOTAL)",qunit_fluent_part_4_26_2,cancelled,,https://github.com/DevExpress/DevExtreme/actions/runs/30810842519/job/91679852374
"03.08.26, 11:59:58",91679852669,30810842519,1,Demos Visual Tests,${{ matrix.CONSTEL }}-screenshots-${{ matrix.THEME }},qunit_fluent_part_4_26_2,cancelled,,https://github.com/DevExpress/DevExtreme/actions/runs/30810842519/job/91679852669
"03.08.26, 11:59:58",91679852751,30810842519,1,Demos Visual Tests,${{ matrix.CONSTEL }}-screenshots-${{ matrix.THEME }},qunit_fluent_part_4_26_2,cancelled,,https://github.com/DevExpress/DevExtreme/actions/runs/30810842519/job/91679852751
"03.08.26, 12:05:56",91681197509,30810842519,1,Demos Visual Tests,merge-artifacts,qunit_fluent_part_4_26_2,cancelled,,https://github.com/DevExpress/DevExtreme/actions/runs/30810842519/job/91681197509
"03.08.26, 12:03:03",91680554033,30810794420,1,Demos Visual Tests,angular(7/10)-screenshots-fluent.blue.light,mock-network,failure,Run TestCafe tests,https://github.com/DevExpress/DevExtreme/actions/runs/30810794420/job/91680554033
"03.08.26, 12:40:07",91688887807,30810794420,2,Demos Visual Tests,angular(7/10)-screenshots-fluent.blue.light,mock-network,failure,Run TestCafe tests,https://github.com/DevExpress/DevExtreme/actions/runs/30810794420/job/91688887807
"03.08.26, 11:42:25",91676123790,30808630906,1,Demos Visual Tests,CSP check (Angular 2/3),26_1,failure,,https://github.com/DevExpress/DevExtreme/actions/runs/30808630906/job/91676123790
"03.08.26, 11:19:49",91671294164,30808620456,1,Demos Visual Tests,Check generated demos (changed only),26_1,cancelled,,https://github.com/DevExpress/DevExtreme/actions/runs/30808620456/job/91671294164
"03.08.26, 11:24:53",91672396097,30808620456,1,Demos Visual Tests,${{ matrix.CONSTEL }}-screenshots-${{ matrix.THEME }},26_1,cancelled,,https://github.com/DevExpress/DevExtreme/actions/runs/30808620456/job/91672396097
"03.08.26, 11:32:19",91673996368,30808620456,1,Demos Visual Tests,merge-artifacts,26_1,cancelled,,https://github.com/DevExpress/DevExtreme/actions/runs/30808620456/job/91673996368
"03.08.26, 09:48:43",91651717746,30802291834,1,Demos Visual Tests,Check generated demos,gh-readonly-queue/main/pr-34576-9cc9c2e8f6ac702256c6f15e7e988124f49509de,failure,,https://github.com/DevExpress/DevExtreme/actions/runs/30802291834/job/91651717746
"03.08.26, 09:43:42",91650577115,30801961861,1,Demos Visual Tests,jquery(1/3)-screenshots-material.blue.light,feature/scheduler-multilevel-grouping/template-header-rendering2,failure,,https://github.com/DevExpress/DevExtreme/actions/runs/30801961861/job/91650577115
"03.08.26, 09:39:39",91649656825,30801834180,1,Demos Visual Tests,jquery(1/3)-screenshots-fluent.blue.light,mock-network,failure,Run TestCafe tests (jQuery),https://github.com/DevExpress/DevExtreme/actions/runs/30801834180/job/91649656825
"03.08.26, 09:39:39",91649656846,30801834180,1,Demos Visual Tests,jquery(3/3)-screenshots-material.blue.light,mock-network,failure,Run TestCafe tests (jQuery),https://github.com/DevExpress/DevExtreme/actions/runs/30801834180/job/91649656846
"03.08.26, 09:39:39",91649656859,30801834180,1,Demos Visual Tests,jquery(2/3)-screenshots-fluent.blue.light,mock-network,failure,Run TestCafe tests (jQuery),https://github.com/DevExpress/DevExtreme/actions/runs/30801834180/job/91649656859
"03.08.26, 09:39:39",91649656881,30801834180,1,Demos Visual Tests,jquery-accessibility-fluent.blue.light,mock-network,failure,Run TestCafe tests (jQuery),https://github.com/DevExpress/DevExtreme/actions/runs/30801834180/job/91649656881
"03.08.26, 09:39:39",91649656901,30801834180,1,Demos Visual Tests,jquery(1/3)-screenshots-material.blue.light,mock-network,failure,Run TestCafe tests (jQuery),https://github.com/DevExpress/DevExtreme/actions/runs/30801834180/job/91649656901
"03.08.26, 09:39:39",91649656903,30801834180,1,Demos Visual Tests,jquery(2/3)-screenshots-material.blue.light,mock-network,failure,Run TestCafe tests (jQuery),https://github.com/DevExpress/DevExtreme/actions/runs/30801834180/job/91649656903
"03.08.26, 09:39:39",91649656924,30801834180,1,Demos Visual Tests,jquery(3/3)-screenshots-fluent.blue.light,mock-network,failure,Run TestCafe tests (jQuery),https://github.com/DevExpress/DevExtreme/actions/runs/30801834180/job/91649656924
"03.08.26, 09:39:39",91649657011,30801834180,1,Demos Visual Tests,jquery-accessibility-material.blue.light,mock-network,failure,Run TestCafe tests (jQuery),https://github.com/DevExpress/DevExtreme/actions/runs/30801834180/job/91649657011
"03.08.26, 09:41:14",91650022551,30800932710,1,Demos Visual Tests,CSP check (Angular 3/3),gh-readonly-queue/main/pr-34599-831236be28af2b3b97d5446e15737f69b5f971fd,failure,,https://github.com/DevExpress/DevExtreme/actions/runs/30800932710/job/91650022551
"03.08.26, 09:21:58",91645547214,30799450828,1,Demos Visual Tests,merge-artifacts,feature/26_2_popover_support_content_reading,cancelled,,https://github.com/DevExpress/DevExtreme/actions/runs/30799450828/job/91645547214
"03.08.26, 09:15:30",91644094035,30798900615,1,Demos Visual Tests,angular(5/10)-screenshots-fluent.blue.light,gh-readonly-queue/main/pr-34576-d9c652889854a5e9635b5170a335f12ef9410710,failure,,https://github.com/DevExpress/DevExtreme/actions/runs/30798900615/job/91644094035
"03.08.26, 08:58:28",91640437876,30798885093,1,Demos Visual Tests,jquery-accessibility-material.blue.dark,26_1,failure,,https://github.com/DevExpress/DevExtreme/actions/runs/30798885093/job/91640437876
"03.08.26, 09:08:27",91642556516,30798803005,1,Demos Visual Tests,angular(6/10)-screenshots-fluent.blue.light,gh-readonly-queue/main/pr-34550-7312618160a98ea792c082b6853b9cc92f05da7b,failure,,https://github.com/DevExpress/DevExtreme/actions/runs/30798803005/job/91642556516
"03.08.26, 19:15:22",91790889573,30844962428,1,Wrappers Tests,build,feature/scheduler-multilevel-grouping/demo,cancelled,Build devextreme package,https://github.com/DevExpress/DevExtreme/actions/runs/30844962428/job/91790889573
"03.08.26, 19:19:45",91791944802,30844962428,1,Wrappers Tests,test,feature/scheduler-multilevel-grouping/demo,cancelled,,https://github.com/DevExpress/DevExtreme/actions/runs/30844962428/job/91791944802
"03.08.26, 19:08:40",91789255565,30844051245,1,Wrappers Tests,test (angular),pivotgrid-field-focus-outline-4825,cancelled,Test angular,https://github.com/DevExpress/DevExtreme/actions/runs/30844051245/job/91789255565
"03.08.26, 17:32:45",91765271164,30836343351,1,Wrappers Tests,test (angular),dependabot/npm_and_yarn/angular/core-22.1.0,failure,Test angular,https://github.com/DevExpress/DevExtreme/actions/runs/30836343351/job/91765271164
"03.08.26, 17:24:21",91763147396,30836068690,1,Wrappers Tests,test (angular),dependabot/npm_and_yarn/angular/compiler-22.1.0,failure,Test angular,https://github.com/DevExpress/DevExtreme/actions/runs/30836068690/job/91763147396
"03.08.26, 16:53:36",91755358165,30833789590,1,Wrappers Tests,test (angular),dependabot/npm_and_yarn/angular/common-22.1.0,failure,Test angular,https://github.com/DevExpress/DevExtreme/actions/runs/30833789590/job/91755358165
"03.08.26, 14:41:49",91720564599,30823931232,1,Wrappers Tests,build,qunit_fluent_part_4_25_2,failure,,https://github.com/DevExpress/DevExtreme/actions/runs/30823931232/job/91720564599
"03.08.26, 14:43:39",91721069268,30823537748,1,Wrappers Tests,test (react),feature/26_2_popover_support_content_reading,cancelled,Post Setup nx cache,https://github.com/DevExpress/DevExtreme/actions/runs/30823537748/job/91721069268
"03.08.26, 14:43:39",91721069288,30823537748,1,Wrappers Tests,test (angular),feature/26_2_popover_support_content_reading,cancelled,Test angular,https://github.com/DevExpress/DevExtreme/actions/runs/30823537748/job/91721069288
"03.08.26, 14:43:39",91721069321,30823537748,1,Wrappers Tests,test (vue),feature/26_2_popover_support_content_reading,cancelled,Pack vue,https://github.com/DevExpress/DevExtreme/actions/runs/30823537748/job/91721069321
"03.08.26, 14:12:17",91712518433,30821103261,1,Wrappers Tests,test (vue),qunit_fluent_part_4_26_2,cancelled,Test vue,https://github.com/DevExpress/DevExtreme/actions/runs/30821103261/job/91712518433
"03.08.26, 14:12:17",91712518739,30821103261,1,Wrappers Tests,test (angular),qunit_fluent_part_4_26_2,cancelled,Test angular,https://github.com/DevExpress/DevExtreme/actions/runs/30821103261/job/91712518739
"03.08.26, 13:45:55",91705398509,30819469493,1,Wrappers Tests,check-regenerate,feature/26_2_popover_support_content_reading,cancelled,Install dependencies,https://github.com/DevExpress/DevExtreme/actions/runs/30819469493/job/91705398509
"03.08.26, 13:45:55",91705398597,30819469493,1,Wrappers Tests,build,feature/26_2_popover_support_content_reading,cancelled,Install dependencies,https://github.com/DevExpress/DevExtreme/actions/runs/30819469493/job/91705398597
"03.08.26, 13:48:03",91705962322,30819469493,1,Wrappers Tests,test,feature/26_2_popover_support_content_reading,cancelled,,https://github.com/DevExpress/DevExtreme/actions/runs/30819469493/job/91705962322
"03.08.26, 13:06:27",91695150923,30816402197,1,Wrappers Tests,check-regenerate,feature/demos-remove-system-js,failure,Check generated code,https://github.com/DevExpress/DevExtreme/actions/runs/30816402197/job/91695150923
"03.08.26, 13:06:16",91695103332,30816392385,1,Wrappers Tests,check-regenerate,feature/demos-remove-system-js,cancelled,Get sources,https://github.com/DevExpress/DevExtreme/actions/runs/30816392385/job/91695103332
"03.08.26, 13:06:16",91695103415,30816392385,1,Wrappers Tests,build,feature/demos-remove-system-js,cancelled,Get sources,https://github.com/DevExpress/DevExtreme/actions/runs/30816392385/job/91695103415
"03.08.26, 13:06:27",91695148464,30816392385,1,Wrappers Tests,test,feature/demos-remove-system-js,cancelled,,https://github.com/DevExpress/DevExtreme/actions/runs/30816392385/job/91695148464
"03.08.26, 12:06:21",91681291432,30811832242,1,Wrappers Tests,test (react),26_1,failure,,https://github.com/DevExpress/DevExtreme/actions/runs/30811832242/job/91681291432
"03.08.26, 11:46:14",91676929434,30810842363,1,Wrappers Tests,check-regenerate,qunit_fluent_part_4_26_2,cancelled,Install dependencies,https://github.com/DevExpress/DevExtreme/actions/runs/30810842363/job/91676929434
"03.08.26, 11:46:14",91676929487,30810842363,1,Wrappers Tests,build,qunit_fluent_part_4_26_2,cancelled,Install dependencies,https://github.com/DevExpress/DevExtreme/actions/runs/30810842363/job/91676929487
"03.08.26, 11:50:41",91677857651,30810842363,1,Wrappers Tests,test,qunit_fluent_part_4_26_2,cancelled,,https://github.com/DevExpress/DevExtreme/actions/runs/30810842363/job/91677857651
"03.08.26, 11:40:13",91675660144,30809990058,1,Wrappers Tests,test (angular),25_2,cancelled,Test angular,https://github.com/DevExpress/DevExtreme/actions/runs/30809990058/job/91675660144
"03.08.26, 11:12:39",91669742382,30808620982,1,Wrappers Tests,check-regenerate,26_1,cancelled,Get sources,https://github.com/DevExpress/DevExtreme/actions/runs/30808620982/job/91669742382
"03.08.26, 11:12:39",91669742455,30808620982,1,Wrappers Tests,build,26_1,cancelled,Get sources,https://github.com/DevExpress/DevExtreme/actions/runs/30808620982/job/91669742455
"03.08.26, 11:12:51",91669785502,30808620982,1,Wrappers Tests,test,26_1,cancelled,,https://github.com/DevExpress/DevExtreme/actions/runs/30808620982/job/91669785502
"03.08.26, 10:11:42",91656844586,30804585657,1,Wrappers Tests,build,T1326786_26_1,failure,,https://github.com/DevExpress/DevExtreme/actions/runs/30804585657/job/91656844586
"03.08.26, 10:21:52",91659058977,30804049885,1,Wrappers Tests,test (angular),25_2,cancelled,Test angular,https://github.com/DevExpress/DevExtreme/actions/runs/30804049885/job/91659058977
"03.08.26, 08:46:25",91638043273,30798694436,1,Wrappers Tests,build,26_1,cancelled,Build devextreme package,https://github.com/DevExpress/DevExtreme/actions/runs/30798694436/job/91638043273
"03.08.26, 08:49:45",91638696242,30798694436,1,Wrappers Tests,test,26_1,cancelled,,https://github.com/DevExpress/DevExtreme/actions/runs/30798694436/job/91638696242
"03.08.26, 19:15:22",91790889444,30844962417,1,Wrappers E2E Tests,Build DevExtreme and Wrappers,feature/scheduler-multilevel-grouping/demo,cancelled,Build all DevExtreme packages,https://github.com/DevExpress/DevExtreme/actions/runs/30844962417/job/91790889444
"03.08.26, 19:19:46",91791950189,30844962417,1,Wrappers E2E Tests,Test ${{ matrix.framework }},feature/scheduler-multilevel-grouping/demo,cancelled,,https://github.com/DevExpress/DevExtreme/actions/runs/30844962417/job/91791950189
"03.08.26, 19:11:56",91790060460,30844048615,1,Wrappers E2E Tests,Test vue3,pivotgrid-field-focus-outline-4825,cancelled,Post Setup pnpm cache,https://github.com/DevExpress/DevExtreme/actions/runs/30844048615/job/91790060460
"03.08.26, 17:21:06",91762341386,30836342750,1,Wrappers E2E Tests,Build DevExtreme and Wrappers,dependabot/npm_and_yarn/angular/core-22.1.0,failure,Build wrappers apps,https://github.com/DevExpress/DevExtreme/actions/runs/30836342750/job/91762341386
"03.08.26, 17:17:24",91761430160,30836069071,1,Wrappers E2E Tests,Build DevExtreme and Wrappers,dependabot/npm_and_yarn/angular/compiler-22.1.0,failure,Build all DevExtreme packages,https://github.com/DevExpress/DevExtreme/actions/runs/30836069071/job/91761430160
"03.08.26, 16:47:47",91753881306,30833788877,1,Wrappers E2E Tests,Build DevExtreme and Wrappers,dependabot/npm_and_yarn/angular/common-22.1.0,failure,Build all DevExtreme packages,https://github.com/DevExpress/DevExtreme/actions/runs/30833788877/job/91753881306
"03.08.26, 14:36:50",91719204487,30823537412,1,Wrappers E2E Tests,Build DevExtreme and Wrappers,feature/26_2_popover_support_content_reading,cancelled,Post Setup pnpm cache,https://github.com/DevExpress/DevExtreme/actions/runs/30823537412/job/91719204487
"03.08.26, 14:50:26",91722916364,30823537412,1,Wrappers E2E Tests,Test ${{ matrix.framework }},feature/26_2_popover_support_content_reading,cancelled,,https://github.com/DevExpress/DevExtreme/actions/runs/30823537412/job/91722916364
"03.08.26, 13:45:55",91705397596,30819469037,1,Wrappers E2E Tests,Build DevExtreme and Wrappers,feature/26_2_popover_support_content_reading,cancelled,Install dependencies,https://github.com/DevExpress/DevExtreme/actions/runs/30819469037/job/91705397596
"03.08.26, 13:48:05",91705967511,30819469037,1,Wrappers E2E Tests,Test ${{ matrix.framework }},feature/26_2_popover_support_content_reading,cancelled,,https://github.com/DevExpress/DevExtreme/actions/runs/30819469037/job/91705967511
"03.08.26, 13:06:14",91695095471,30816390102,1,Wrappers E2E Tests,Build DevExtreme and Wrappers,feature/demos-remove-system-js,cancelled,Get sources,https://github.com/DevExpress/DevExtreme/actions/runs/30816390102/job/91695095471
"03.08.26, 13:06:26",91695145012,30816390102,1,Wrappers E2E Tests,Test ${{ matrix.framework }},feature/demos-remove-system-js,cancelled,,https://github.com/DevExpress/DevExtreme/actions/runs/30816390102/job/91695145012
"03.08.26, 11:46:14",91676929665,30810842324,1,Wrappers E2E Tests,Build DevExtreme and Wrappers,qunit_fluent_part_4_26_2,cancelled,Build all DevExtreme packages,https://github.com/DevExpress/DevExtreme/actions/runs/30810842324/job/91676929665
"03.08.26, 11:50:41",91677857720,30810842324,1,Wrappers E2E Tests,Test ${{ matrix.framework }},qunit_fluent_part_4_26_2,cancelled,,https://github.com/DevExpress/DevExtreme/actions/runs/30810842324/job/91677857720
"03.08.26, 11:12:39",91669742491,30808620789,1,Wrappers E2E Tests,Build DevExtreme and Wrappers,26_1,cancelled,Get sources,https://github.com/DevExpress/DevExtreme/actions/runs/30808620789/job/91669742491
"03.08.26, 11:12:52",91669791669,30808620789,1,Wrappers E2E Tests,Test ${{ matrix.framework }},26_1,cancelled,,https://github.com/DevExpress/DevExtreme/actions/runs/30808620789/job/91669791669
