created at,id,run id,run attempt,workflow name,name,head branch,conclusion,step,html url
"27.08.26, 21:57:49",98685845203,33120486743,1,Build and pack DevExtreme npm packages,build,gh-readonly-queue/main/pr-34938-4e11ff93a3cd59ad2c902db02c8592f235a21a1e,failure,Build npm packages,https://github.com/DevExpress/DevExtreme/actions/runs/33120486743/job/98685845203
"27.08.26, 21:31:39",98679357759,33118549208,1,Build and pack DevExtreme npm packages,build,gh-readonly-queue/main/pr-34938-4e11ff93a3cd59ad2c902db02c8592f235a21a1e,failure,Build npm packages,https://github.com/DevExpress/DevExtreme/actions/runs/33118549208/job/98679357759
"27.08.26, 16:38:29",98594931567,33094231421,1,Build and pack DevExtreme npm packages,build,playwright-components-infra,cancelled,Install dependencies,https://github.com/DevExpress/DevExtreme/actions/runs/33094231421/job/98594931567
"27.08.26, 16:39:50",98595334819,33094231421,1,Build and pack DevExtreme npm packages,custom_bundles,playwright-components-infra,cancelled,,https://github.com/DevExpress/DevExtreme/actions/runs/33094231421/job/98595334819
"27.08.26, 16:34:50",98593838263,33093950383,1,Build and pack DevExtreme npm packages,build,playwright-components-infra,cancelled,Build npm packages,https://github.com/DevExpress/DevExtreme/actions/runs/33093950383/job/98593838263
"27.08.26, 16:38:29",98594931115,33093950383,1,Build and pack DevExtreme npm packages,custom_bundles,playwright-components-infra,cancelled,,https://github.com/DevExpress/DevExtreme/actions/runs/33093950383/job/98594931115
"27.08.26, 14:23:01",98551174458,33081927285,1,Build and pack DevExtreme npm packages,build,refactor/gridcore-datacontroller-merge-datahelper-mixin-26_2,cancelled,Build npm packages,https://github.com/DevExpress/DevExtreme/actions/runs/33081927285/job/98551174458
"27.08.26, 14:36:31",98555614013,33081927285,1,Build and pack DevExtreme npm packages,custom_bundles,refactor/gridcore-datacontroller-merge-datahelper-mixin-26_2,cancelled,,https://github.com/DevExpress/DevExtreme/actions/runs/33081927285/job/98555614013
"27.08.26, 13:45:14",98538928555,33078485972,1,Build and pack DevExtreme npm packages,build,test_CI_26_2,cancelled,,https://github.com/DevExpress/DevExtreme/actions/runs/33078485972/job/98538928555
"27.08.26, 13:45:26",98538987925,33078485972,1,Build and pack DevExtreme npm packages,custom_bundles,test_CI_26_2,cancelled,,https://github.com/DevExpress/DevExtreme/actions/runs/33078485972/job/98538987925
"27.08.26, 13:03:12",98526257135,33074828488,1,Build and pack DevExtreme npm packages,build,playwright-wrappers-e2e-stage1,cancelled,Build npm packages,https://github.com/DevExpress/DevExtreme/actions/runs/33074828488/job/98526257135
"27.08.26, 13:06:11",98527118774,33074828488,1,Build and pack DevExtreme npm packages,custom_bundles,playwright-wrappers-e2e-stage1,cancelled,,https://github.com/DevExpress/DevExtreme/actions/runs/33074828488/job/98527118774
"27.08.26, 12:55:14",98523961932,33074184031,1,Build and pack DevExtreme npm packages,build,playwright-wrappers-e2e-stage1,cancelled,Build npm packages,https://github.com/DevExpress/DevExtreme/actions/runs/33074184031/job/98523961932
"27.08.26, 13:03:12",98526257175,33074184031,1,Build and pack DevExtreme npm packages,custom_bundles,playwright-wrappers-e2e-stage1,cancelled,,https://github.com/DevExpress/DevExtreme/actions/runs/33074184031/job/98526257175
"27.08.26, 12:30:32",98517002787,33072187181,1,Build and pack DevExtreme npm packages,build,feature/remove-systemjs-from-demos,cancelled,Install dependencies,https://github.com/DevExpress/DevExtreme/actions/runs/33072187181/job/98517002787
"27.08.26, 12:32:43",98517611075,33072187181,1,Build and pack DevExtreme npm packages,custom_bundles,feature/remove-systemjs-from-demos,cancelled,,https://github.com/DevExpress/DevExtreme/actions/runs/33072187181/job/98517611075
"27.08.26, 09:56:52",98478983084,33060858531,1,Build and pack DevExtreme npm packages,build,fluent-next/unused-variable,cancelled,Use Node.js,https://github.com/DevExpress/DevExtreme/actions/runs/33060858531/job/98478983084
"27.08.26, 09:57:20",98479097980,33060858531,1,Build and pack DevExtreme npm packages,custom_bundles,fluent-next/unused-variable,cancelled,,https://github.com/DevExpress/DevExtreme/actions/runs/33060858531/job/98479097980
"27.08.26, 03:55:20",98404352381,33037810002,1,Build and pack DevExtreme npm packages,build,typescript/events/es6_emitters,cancelled,Build npm packages,https://github.com/DevExpress/DevExtreme/actions/runs/33037810002/job/98404352381
"27.08.26, 04:03:59",98405781901,33037810002,1,Build and pack DevExtreme npm packages,custom_bundles,typescript/events/es6_emitters,cancelled,,https://github.com/DevExpress/DevExtreme/actions/runs/33037810002/job/98405781901
"27.08.26, 02:52:17",98394513802,33033730171,1,CodeQL,Send notifications,25_1,failure,Set up job,https://github.com/DevExpress/DevExtreme/actions/runs/33033730171/job/98394513802
"27.08.26, 02:50:15",98394188789,33033729464,1,CodeQL,Send notifications,24_2,failure,Set up job,https://github.com/DevExpress/DevExtreme/actions/runs/33033729464/job/98394188789
"27.08.26, 21:57:49",98685845827,33120486928,1,Default Workflow,main,gh-readonly-queue/main/pr-34938-4e11ff93a3cd59ad2c902db02c8592f235a21a1e,failure,Run targets,https://github.com/DevExpress/DevExtreme/actions/runs/33120486928/job/98685845827
"27.08.26, 21:31:39",98679357716,33118549209,1,Default Workflow,main,gh-readonly-queue/main/pr-34938-4e11ff93a3cd59ad2c902db02c8592f235a21a1e,failure,Run targets,https://github.com/DevExpress/DevExtreme/actions/runs/33118549209/job/98679357716
"27.08.26, 16:38:29",98594930307,33094231449,1,Default Workflow,main,playwright-components-infra,cancelled,Install dependencies,https://github.com/DevExpress/DevExtreme/actions/runs/33094231449/job/98594930307
"27.08.26, 16:34:50",98593838317,33093950567,1,Default Workflow,main,playwright-components-infra,cancelled,Run targets,https://github.com/DevExpress/DevExtreme/actions/runs/33093950567/job/98593838317
"27.08.26, 13:45:14",98538927869,33078485815,1,Default Workflow,main,test_CI_26_2,cancelled,Install dependencies,https://github.com/DevExpress/DevExtreme/actions/runs/33078485815/job/98538927869
"27.08.26, 12:30:32",98517003062,33072187023,1,Default Workflow,main,feature/remove-systemjs-from-demos,cancelled,Install dependencies,https://github.com/DevExpress/DevExtreme/actions/runs/33072187023/job/98517003062
"27.08.26, 09:56:52",98478983685,33060858654,1,Default Workflow,main,fluent-next/unused-variable,cancelled,Use Node.js,https://github.com/DevExpress/DevExtreme/actions/runs/33060858654/job/98478983685
"27.08.26, 09:53:03",98478033899,33060572691,1,Default Workflow,main,fluent-next/calc-budget,failure,Run targets,https://github.com/DevExpress/DevExtreme/actions/runs/33060572691/job/98478033899
"27.08.26, 13:45:20",98538957882,33078485789,1,Demos unit tests,Run unit tests,test_CI_26_2,cancelled,Install dependencies,https://github.com/DevExpress/DevExtreme/actions/runs/33078485789/job/98538957882
"27.08.26, 09:56:59",98479011517,33060858651,1,Demos unit tests,Run unit tests,fluent-next/unused-variable,cancelled,Run pnpm/action-setup@v6,https://github.com/DevExpress/DevExtreme/actions/runs/33060858651/job/98479011517
"27.08.26, 09:04:45",98465817587,33055640616,1,Demos Visual Tests,vue(2/5)-screenshots-fluent.blue.light,25_2,failure,Run TestCafe tests,https://github.com/DevExpress/DevExtreme/actions/runs/33055640616/job/98465817587
"27.08.26, 21:57:49",98685845084,33120486742,1,Lint,JS,gh-readonly-queue/main/pr-34938-4e11ff93a3cd59ad2c902db02c8592f235a21a1e,failure,Build,https://github.com/DevExpress/DevExtreme/actions/runs/33120486742/job/98685845084
"27.08.26, 21:57:49",98685845215,33120486742,1,Lint,TS,gh-readonly-queue/main/pr-34938-4e11ff93a3cd59ad2c902db02c8592f235a21a1e,failure,Build,https://github.com/DevExpress/DevExtreme/actions/runs/33120486742/job/98685845215
"27.08.26, 21:31:39",98679357927,33118549230,1,Lint,JS,gh-readonly-queue/main/pr-34938-4e11ff93a3cd59ad2c902db02c8592f235a21a1e,failure,Build,https://github.com/DevExpress/DevExtreme/actions/runs/33118549230/job/98679357927
"27.08.26, 21:31:39",98679358228,33118549230,1,Lint,TS,gh-readonly-queue/main/pr-34938-4e11ff93a3cd59ad2c902db02c8592f235a21a1e,failure,Build,https://github.com/DevExpress/DevExtreme/actions/runs/33118549230/job/98679358228
"27.08.26, 16:38:30",98594935672,33094231544,1,Lint,wrappers,playwright-components-infra,cancelled,Lint wrappers,https://github.com/DevExpress/DevExtreme/actions/runs/33094231544/job/98594935672
"27.08.26, 16:38:30",98594936016,33094231544,1,Lint,JS,playwright-components-infra,cancelled,Setup nx cache,https://github.com/DevExpress/DevExtreme/actions/runs/33094231544/job/98594936016
"27.08.26, 16:38:30",98594936026,33094231544,1,Lint,TS,playwright-components-infra,cancelled,Install dependencies,https://github.com/DevExpress/DevExtreme/actions/runs/33094231544/job/98594936026
"27.08.26, 16:38:30",98594936161,33094231544,1,Lint,texts,playwright-components-infra,cancelled,Check texts,https://github.com/DevExpress/DevExtreme/actions/runs/33094231544/job/98594936161
"27.08.26, 16:38:30",98594936261,33094231544,1,Lint,component_exports,playwright-components-infra,cancelled,Install dependencies,https://github.com/DevExpress/DevExtreme/actions/runs/33094231544/job/98594936261
"27.08.26, 16:40:05",98595402948,33094231544,1,Lint,Send notifications,playwright-components-infra,cancelled,,https://github.com/DevExpress/DevExtreme/actions/runs/33094231544/job/98595402948
"27.08.26, 16:34:51",98593839578,33093950769,1,Lint,TS,playwright-components-infra,cancelled,Build,https://github.com/DevExpress/DevExtreme/actions/runs/33093950769/job/98593839578
"27.08.26, 16:34:51",98593839791,33093950769,1,Lint,JS,playwright-components-infra,cancelled,Build,https://github.com/DevExpress/DevExtreme/actions/runs/33093950769/job/98593839791
"27.08.26, 16:34:51",98593839812,33093950769,1,Lint,texts,playwright-components-infra,cancelled,Post Setup pnpm cache,https://github.com/DevExpress/DevExtreme/actions/runs/33093950769/job/98593839812
"27.08.26, 16:34:51",98593839824,33093950769,1,Lint,wrappers,playwright-components-infra,cancelled,Post Setup pnpm cache,https://github.com/DevExpress/DevExtreme/actions/runs/33093950769/job/98593839824
"27.08.26, 16:38:30",98594934850,33093950769,1,Lint,Send notifications,playwright-components-infra,cancelled,,https://github.com/DevExpress/DevExtreme/actions/runs/33093950769/job/98594934850
"27.08.26, 13:45:14",98538928626,33078485992,1,Lint,component_exports,test_CI_26_2,cancelled,Install dependencies,https://github.com/DevExpress/DevExtreme/actions/runs/33078485992/job/98538928626
"27.08.26, 13:45:14",98538928940,33078485992,1,Lint,texts,test_CI_26_2,cancelled,Install dependencies,https://github.com/DevExpress/DevExtreme/actions/runs/33078485992/job/98538928940
"27.08.26, 13:45:14",98538929050,33078485992,1,Lint,JS,test_CI_26_2,cancelled,Install dependencies,https://github.com/DevExpress/DevExtreme/actions/runs/33078485992/job/98538929050
"27.08.26, 13:45:14",98538929071,33078485992,1,Lint,wrappers,test_CI_26_2,cancelled,Install dependencies,https://github.com/DevExpress/DevExtreme/actions/runs/33078485992/job/98538929071
"27.08.26, 13:45:14",98538929121,33078485992,1,Lint,TS,test_CI_26_2,cancelled,Install dependencies,https://github.com/DevExpress/DevExtreme/actions/runs/33078485992/job/98538929121
"27.08.26, 13:46:23",98539289448,33078485992,1,Lint,Send notifications,test_CI_26_2,cancelled,,https://github.com/DevExpress/DevExtreme/actions/runs/33078485992/job/98539289448
"27.08.26, 13:02:57",98526183819,33074828428,1,Lint,TS,playwright-wrappers-e2e-stage1,cancelled,Lint TS,https://github.com/DevExpress/DevExtreme/actions/runs/33074828428/job/98526183819
"27.08.26, 13:06:11",98527121333,33074828428,1,Lint,Send notifications,playwright-wrappers-e2e-stage1,cancelled,,https://github.com/DevExpress/DevExtreme/actions/runs/33074828428/job/98527121333
"27.08.26, 12:30:32",98517002132,33072187069,1,Lint,texts,feature/remove-systemjs-from-demos,cancelled,Post Setup pnpm cache,https://github.com/DevExpress/DevExtreme/actions/runs/33072187069/job/98517002132
"27.08.26, 12:30:32",98517002290,33072187069,1,Lint,wrappers,feature/remove-systemjs-from-demos,cancelled,Post Setup pnpm cache,https://github.com/DevExpress/DevExtreme/actions/runs/33072187069/job/98517002290
"27.08.26, 12:30:32",98517002317,33072187069,1,Lint,TS,feature/remove-systemjs-from-demos,cancelled,Build,https://github.com/DevExpress/DevExtreme/actions/runs/33072187069/job/98517002317
"27.08.26, 12:30:32",98517002418,33072187069,1,Lint,JS,feature/remove-systemjs-from-demos,cancelled,Build,https://github.com/DevExpress/DevExtreme/actions/runs/33072187069/job/98517002418
"27.08.26, 12:32:55",98517664535,33072187069,1,Lint,Send notifications,feature/remove-systemjs-from-demos,cancelled,,https://github.com/DevExpress/DevExtreme/actions/runs/33072187069/job/98517664535
"27.08.26, 09:58:03",98479277149,33060944962,1,Lint,texts,gh-readonly-queue/main/pr-34948-969d4c6202f56ecea266cc63561c2bd94ba3f758,failure,,https://github.com/DevExpress/DevExtreme/actions/runs/33060944962/job/98479277149
"27.08.26, 09:57:30",98479141652,33060886979,1,Lint,JS,fluent-next/unused-variable,failure,,https://github.com/DevExpress/DevExtreme/actions/runs/33060886979/job/98479141652
"27.08.26, 09:56:52",98478982863,33060858519,1,Lint,component_exports,fluent-next/unused-variable,cancelled,Run pnpm/action-setup@v6,https://github.com/DevExpress/DevExtreme/actions/runs/33060858519/job/98478982863
"27.08.26, 09:56:52",98478983099,33060858519,1,Lint,texts,fluent-next/unused-variable,cancelled,,https://github.com/DevExpress/DevExtreme/actions/runs/33060858519/job/98478983099
"27.08.26, 09:56:52",98478983133,33060858519,1,Lint,TS,fluent-next/unused-variable,cancelled,Use Node.js,https://github.com/DevExpress/DevExtreme/actions/runs/33060858519/job/98478983133
"27.08.26, 09:56:52",98478983136,33060858519,1,Lint,JS,fluent-next/unused-variable,cancelled,Use Node.js,https://github.com/DevExpress/DevExtreme/actions/runs/33060858519/job/98478983136
"27.08.26, 09:56:52",98478983222,33060858519,1,Lint,wrappers,fluent-next/unused-variable,cancelled,Use Node.js,https://github.com/DevExpress/DevExtreme/actions/runs/33060858519/job/98478983222
"27.08.26, 09:57:30",98479139970,33060858519,1,Lint,Send notifications,fluent-next/unused-variable,cancelled,,https://github.com/DevExpress/DevExtreme/actions/runs/33060858519/job/98479139970
"27.08.26, 03:55:20",98404352784,33037810031,1,Lint,TS,typescript/events/es6_emitters,cancelled,Post Setup pnpm cache,https://github.com/DevExpress/DevExtreme/actions/runs/33037810031/job/98404352784
"27.08.26, 04:03:47",98405746472,33037810031,1,Lint,Send notifications,typescript/events/es6_emitters,cancelled,,https://github.com/DevExpress/DevExtreme/actions/runs/33037810031/job/98405746472
"27.08.26, 21:57:49",98685845584,33120486855,1,Playgrounds tests,build,gh-readonly-queue/main/pr-34938-4e11ff93a3cd59ad2c902db02c8592f235a21a1e,failure,Build,https://github.com/DevExpress/DevExtreme/actions/runs/33120486855/job/98685845584
"27.08.26, 21:31:39",98679357574,33118549165,1,Playgrounds tests,build,gh-readonly-queue/main/pr-34938-4e11ff93a3cd59ad2c902db02c8592f235a21a1e,failure,Build,https://github.com/DevExpress/DevExtreme/actions/runs/33118549165/job/98679357574
"27.08.26, 16:38:29",98594932818,33094231480,1,Playgrounds tests,build,playwright-components-infra,cancelled,Install dependencies,https://github.com/DevExpress/DevExtreme/actions/runs/33094231480/job/98594932818
"27.08.26, 16:39:51",98595335915,33094231480,1,Playgrounds tests,matrix.ARGS.platform,playwright-components-infra,cancelled,,https://github.com/DevExpress/DevExtreme/actions/runs/33094231480/job/98595335915
"27.08.26, 16:34:51",98593838642,33093950643,1,Playgrounds tests,build,playwright-components-infra,cancelled,Build,https://github.com/DevExpress/DevExtreme/actions/runs/33093950643/job/98593838642
"27.08.26, 16:38:29",98594931765,33093950643,1,Playgrounds tests,matrix.ARGS.platform,playwright-components-infra,cancelled,,https://github.com/DevExpress/DevExtreme/actions/runs/33093950643/job/98594931765
"27.08.26, 13:45:14",98538927655,33078485787,1,Playgrounds tests,build,test_CI_26_2,cancelled,Install dependencies,https://github.com/DevExpress/DevExtreme/actions/runs/33078485787/job/98538927655
"27.08.26, 13:46:09",98539215098,33078485787,1,Playgrounds tests,matrix.ARGS.platform,test_CI_26_2,cancelled,,https://github.com/DevExpress/DevExtreme/actions/runs/33078485787/job/98539215098
"27.08.26, 13:05:16",98526850578,33074828429,1,Playgrounds tests,vue,playwright-wrappers-e2e-stage1,cancelled,Setup pnpm cache,https://github.com/DevExpress/DevExtreme/actions/runs/33074828429/job/98526850578
"27.08.26, 13:05:16",98526850639,33074828429,1,Playgrounds tests,react,playwright-wrappers-e2e-stage1,cancelled,Setup pnpm cache,https://github.com/DevExpress/DevExtreme/actions/runs/33074828429/job/98526850639
"27.08.26, 13:05:16",98526850662,33074828429,1,Playgrounds tests,angular,playwright-wrappers-e2e-stage1,cancelled,Setup pnpm cache,https://github.com/DevExpress/DevExtreme/actions/runs/33074828429/job/98526850662
"27.08.26, 13:01:01",98525626391,33074184028,1,Playgrounds tests,angular,playwright-wrappers-e2e-stage1,cancelled,Build,https://github.com/DevExpress/DevExtreme/actions/runs/33074184028/job/98525626391
"27.08.26, 13:01:01",98525626496,33074184028,1,Playgrounds tests,vue,playwright-wrappers-e2e-stage1,cancelled,Build,https://github.com/DevExpress/DevExtreme/actions/runs/33074184028/job/98525626496
"27.08.26, 13:01:01",98525626498,33074184028,1,Playgrounds tests,react,playwright-wrappers-e2e-stage1,cancelled,Check sources compilation,https://github.com/DevExpress/DevExtreme/actions/runs/33074184028/job/98525626498
"27.08.26, 12:30:32",98517002257,33072187011,1,Playgrounds tests,build,feature/remove-systemjs-from-demos,cancelled,Install dependencies,https://github.com/DevExpress/DevExtreme/actions/runs/33072187011/job/98517002257
"27.08.26, 12:32:44",98517613645,33072187011,1,Playgrounds tests,matrix.ARGS.platform,feature/remove-systemjs-from-demos,cancelled,,https://github.com/DevExpress/DevExtreme/actions/runs/33072187011/job/98517613645
"27.08.26, 09:56:52",98478983097,33060858595,1,Playgrounds tests,build,fluent-next/unused-variable,cancelled,Use Node.js,https://github.com/DevExpress/DevExtreme/actions/runs/33060858595/job/98478983097
"27.08.26, 09:57:20",98479101673,33060858595,1,Playgrounds tests,matrix.ARGS.platform,fluent-next/unused-variable,cancelled,,https://github.com/DevExpress/DevExtreme/actions/runs/33060858595/job/98479101673
"27.08.26, 04:02:26",98405517861,33037810084,1,Playgrounds tests,angular,typescript/events/es6_emitters,cancelled,Install dependencies,https://github.com/DevExpress/DevExtreme/actions/runs/33037810084/job/98405517861
"27.08.26, 04:02:26",98405517917,33037810084,1,Playgrounds tests,vue,typescript/events/es6_emitters,cancelled,Setup nx cache,https://github.com/DevExpress/DevExtreme/actions/runs/33037810084/job/98405517917
"27.08.26, 04:02:26",98405517956,33037810084,1,Playgrounds tests,react,typescript/events/es6_emitters,cancelled,Install dependencies,https://github.com/DevExpress/DevExtreme/actions/runs/33037810084/job/98405517956
"27.08.26, 21:57:49",98685846078,33120486954,1,QUnit tests,Build,gh-readonly-queue/main/pr-34938-4e11ff93a3cd59ad2c902db02c8592f235a21a1e,failure,Build,https://github.com/DevExpress/DevExtreme/actions/runs/33120486954/job/98685846078
"27.08.26, 21:31:39",98679357735,33118549172,1,QUnit tests,Build,gh-readonly-queue/main/pr-34938-4e11ff93a3cd59ad2c902db02c8592f235a21a1e,failure,Build,https://github.com/DevExpress/DevExtreme/actions/runs/33118549172/job/98679357735
"27.08.26, 16:46:42",98597417252,33094371241,1,QUnit tests,Constel ui.grid,playwright-components-infra,cancelled,Run QUnit tests,https://github.com/DevExpress/DevExtreme/actions/runs/33094371241/job/98597417252
"27.08.26, 16:53:52",98599534749,33094371241,1,QUnit tests,Send notifications,playwright-components-infra,cancelled,,https://github.com/DevExpress/DevExtreme/actions/runs/33094371241/job/98599534749
"27.08.26, 16:38:38",98594977104,33094231466,1,QUnit tests,Build,playwright-components-infra,cancelled,Install dependencies,https://github.com/DevExpress/DevExtreme/actions/runs/33094231466/job/98594977104
"27.08.26, 16:40:01",98595384745,33094231466,1,QUnit tests,"Constel ${{ matrix.CONSTEL }}${{ (((matrix.TIMEZONE != '') && format('-{0}', matrix.TIMEZONE)) || '') }}${{ (((matrix.CSP == 'false') && '-no-csp') || '') }}",playwright-components-infra,cancelled,,https://github.com/DevExpress/DevExtreme/actions/runs/33094231466/job/98595384745
"27.08.26, 16:40:01",98595385309,33094231466,1,QUnit tests,${{ matrix.constel }}-shadow-dom,playwright-components-infra,cancelled,,https://github.com/DevExpress/DevExtreme/actions/runs/33094231466/job/98595385309
"27.08.26, 16:40:01",98595385402,33094231466,1,QUnit tests,Send notifications,playwright-components-infra,cancelled,,https://github.com/DevExpress/DevExtreme/actions/runs/33094231466/job/98595385402
"27.08.26, 16:34:51",98593840636,33093950874,1,QUnit tests,Build,playwright-components-infra,cancelled,Build,https://github.com/DevExpress/DevExtreme/actions/runs/33093950874/job/98593840636
"27.08.26, 16:38:38",98594974312,33093950874,1,QUnit tests,"Constel ${{ matrix.CONSTEL }}${{ (((matrix.TIMEZONE != '') && format('-{0}', matrix.TIMEZONE)) || '') }}${{ (((matrix.CSP == 'false') && '-no-csp') || '') }}",playwright-components-infra,cancelled,,https://github.com/DevExpress/DevExtreme/actions/runs/33093950874/job/98594974312
"27.08.26, 16:38:38",98594974807,33093950874,1,QUnit tests,${{ matrix.constel }}-shadow-dom,playwright-components-infra,cancelled,,https://github.com/DevExpress/DevExtreme/actions/runs/33093950874/job/98594974807
"27.08.26, 16:38:38",98594975440,33093950874,1,QUnit tests,Send notifications,playwright-components-infra,cancelled,,https://github.com/DevExpress/DevExtreme/actions/runs/33093950874/job/98594975440
"27.08.26, 14:28:35",98552985041,33081927344,1,QUnit tests,ui.widgets-shadow-dom,refactor/gridcore-datacontroller-merge-datahelper-mixin-26_2,cancelled,Run QUnit tests,https://github.com/DevExpress/DevExtreme/actions/runs/33081927344/job/98552985041
"27.08.26, 14:36:25",98555580237,33081927344,1,QUnit tests,Send notifications,refactor/gridcore-datacontroller-merge-datahelper-mixin-26_2,cancelled,,https://github.com/DevExpress/DevExtreme/actions/runs/33081927344/job/98555580237
"27.08.26, 13:45:14",98538928005,33078485823,1,QUnit tests,Build,test_CI_26_2,cancelled,Install dependencies,https://github.com/DevExpress/DevExtreme/actions/runs/33078485823/job/98538928005
"27.08.26, 13:46:22",98539283249,33078485823,1,QUnit tests,${{ matrix.constel }}-shadow-dom,test_CI_26_2,cancelled,,https://github.com/DevExpress/DevExtreme/actions/runs/33078485823/job/98539283249
"27.08.26, 13:46:22",98539283311,33078485823,1,QUnit tests,"Constel ${{ matrix.CONSTEL }}${{ (((matrix.TIMEZONE != '') && format('-{0}', matrix.TIMEZONE)) || '') }}${{ (((matrix.CSP == 'false') && '-no-csp') || '') }}",test_CI_26_2,cancelled,,https://github.com/DevExpress/DevExtreme/actions/runs/33078485823/job/98539283311
"27.08.26, 13:46:22",98539284139,33078485823,1,QUnit tests,Send notifications,test_CI_26_2,cancelled,,https://github.com/DevExpress/DevExtreme/actions/runs/33078485823/job/98539284139
"27.08.26, 13:03:17",98526280464,33074828408,1,QUnit tests,Build,playwright-wrappers-e2e-stage1,cancelled,Build,https://github.com/DevExpress/DevExtreme/actions/runs/33074828408/job/98526280464
"27.08.26, 13:06:01",98527072480,33074828408,1,QUnit tests,"Constel ${{ matrix.CONSTEL }}${{ (((matrix.TIMEZONE != '') && format('-{0}', matrix.TIMEZONE)) || '') }}${{ (((matrix.CSP == 'false') && '-no-csp') || '') }}",playwright-wrappers-e2e-stage1,cancelled,,https://github.com/DevExpress/DevExtreme/actions/runs/33074828408/job/98527072480
"27.08.26, 13:06:01",98527072666,33074828408,1,QUnit tests,${{ matrix.constel }}-shadow-dom,playwright-wrappers-e2e-stage1,cancelled,,https://github.com/DevExpress/DevExtreme/actions/runs/33074828408/job/98527072666
"27.08.26, 13:06:02",98527073369,33074828408,1,QUnit tests,Send notifications,playwright-wrappers-e2e-stage1,cancelled,,https://github.com/DevExpress/DevExtreme/actions/runs/33074828408/job/98527073369
"27.08.26, 13:00:34",98525491146,33074184036,1,QUnit tests,ui.widgets-shadow-dom,playwright-wrappers-e2e-stage1,cancelled,Run QUnit tests,https://github.com/DevExpress/DevExtreme/actions/runs/33074184036/job/98525491146
"27.08.26, 13:00:34",98525491189,33074184036,1,QUnit tests,ui.grid-shadow-dom,playwright-wrappers-e2e-stage1,cancelled,Run QUnit tests,https://github.com/DevExpress/DevExtreme/actions/runs/33074184036/job/98525491189
"27.08.26, 13:00:34",98525491201,33074184036,1,QUnit tests,ui-shadow-dom,playwright-wrappers-e2e-stage1,cancelled,Run QUnit tests,https://github.com/DevExpress/DevExtreme/actions/runs/33074184036/job/98525491201
"27.08.26, 13:00:34",98525491217,33074184036,1,QUnit tests,Constel ui.scheduler-US/Pacific,playwright-wrappers-e2e-stage1,cancelled,Run QUnit tests,https://github.com/DevExpress/DevExtreme/actions/runs/33074184036/job/98525491217
"27.08.26, 13:00:34",98525491219,33074184036,1,QUnit tests,ui.editors-shadow-dom,playwright-wrappers-e2e-stage1,cancelled,Run QUnit tests,https://github.com/DevExpress/DevExtreme/actions/runs/33074184036/job/98525491219
"27.08.26, 13:00:34",98525491224,33074184036,1,QUnit tests,Constel ui,playwright-wrappers-e2e-stage1,cancelled,Run QUnit tests,https://github.com/DevExpress/DevExtreme/actions/runs/33074184036/job/98525491224
"27.08.26, 13:00:34",98525491277,33074184036,1,QUnit tests,ui.scheduler-shadow-dom,playwright-wrappers-e2e-stage1,cancelled,Run QUnit tests,https://github.com/DevExpress/DevExtreme/actions/runs/33074184036/job/98525491277
"27.08.26, 13:00:35",98525491315,33074184036,1,QUnit tests,Constel ui.scheduler,playwright-wrappers-e2e-stage1,cancelled,Run QUnit tests,https://github.com/DevExpress/DevExtreme/actions/runs/33074184036/job/98525491315
"27.08.26, 13:00:35",98525491325,33074184036,1,QUnit tests,Constel ui.widgets-no-csp,playwright-wrappers-e2e-stage1,cancelled,Run QUnit tests,https://github.com/DevExpress/DevExtreme/actions/runs/33074184036/job/98525491325
"27.08.26, 13:00:35",98525491327,33074184036,1,QUnit tests,Constel misc-no-csp,playwright-wrappers-e2e-stage1,cancelled,Run QUnit tests,https://github.com/DevExpress/DevExtreme/actions/runs/33074184036/job/98525491327
"27.08.26, 13:00:35",98525491328,33074184036,1,QUnit tests,Constel ui.grid,playwright-wrappers-e2e-stage1,cancelled,Run QUnit tests,https://github.com/DevExpress/DevExtreme/actions/runs/33074184036/job/98525491328
"27.08.26, 13:00:35",98525491335,33074184036,1,QUnit tests,Constel ui.editors,playwright-wrappers-e2e-stage1,cancelled,Run QUnit tests,https://github.com/DevExpress/DevExtreme/actions/runs/33074184036/job/98525491335
"27.08.26, 13:00:35",98525491352,33074184036,1,QUnit tests,Constel misc,playwright-wrappers-e2e-stage1,cancelled,Run QUnit tests,https://github.com/DevExpress/DevExtreme/actions/runs/33074184036/job/98525491352
"27.08.26, 13:03:17",98526278751,33074184036,1,QUnit tests,Send notifications,playwright-wrappers-e2e-stage1,cancelled,,https://github.com/DevExpress/DevExtreme/actions/runs/33074184036/job/98526278751
"27.08.26, 12:30:32",98517002174,33072187014,1,QUnit tests,Build,feature/remove-systemjs-from-demos,cancelled,Install dependencies,https://github.com/DevExpress/DevExtreme/actions/runs/33072187014/job/98517002174
"27.08.26, 12:32:45",98517619767,33072187014,1,QUnit tests,"Constel ${{ matrix.CONSTEL }}${{ (((matrix.TIMEZONE != '') && format('-{0}', matrix.TIMEZONE)) || '') }}${{ (((matrix.CSP == 'false') && '-no-csp') || '') }}",feature/remove-systemjs-from-demos,cancelled,,https://github.com/DevExpress/DevExtreme/actions/runs/33072187014/job/98517619767
"27.08.26, 12:32:45",98517620209,33072187014,1,QUnit tests,${{ matrix.constel }}-shadow-dom,feature/remove-systemjs-from-demos,cancelled,,https://github.com/DevExpress/DevExtreme/actions/runs/33072187014/job/98517620209
"27.08.26, 12:32:45",98517620281,33072187014,1,QUnit tests,Send notifications,feature/remove-systemjs-from-demos,cancelled,,https://github.com/DevExpress/DevExtreme/actions/runs/33072187014/job/98517620281
"27.08.26, 12:05:58",98510502640,33069896435,1,QUnit tests,ui.grid-shadow-dom,refactor/gridcore-datacontroller-merge-datahelper-mixin-26_2,failure,Run QUnit tests,https://github.com/DevExpress/DevExtreme/actions/runs/33069896435/job/98510502640
"27.08.26, 12:05:58",98510502712,33069896435,1,QUnit tests,Constel ui.grid,refactor/gridcore-datacontroller-merge-datahelper-mixin-26_2,failure,Run QUnit tests,https://github.com/DevExpress/DevExtreme/actions/runs/33069896435/job/98510502712
"27.08.26, 09:58:03",98479277415,33060944957,1,QUnit tests,Build,gh-readonly-queue/main/pr-34948-969d4c6202f56ecea266cc63561c2bd94ba3f758,failure,,https://github.com/DevExpress/DevExtreme/actions/runs/33060944957/job/98479277415
"27.08.26, 09:56:52",98478983117,33060858643,1,QUnit tests,Build,fluent-next/unused-variable,cancelled,Use Node.js,https://github.com/DevExpress/DevExtreme/actions/runs/33060858643/job/98478983117
"27.08.26, 09:57:18",98479090244,33060858643,1,QUnit tests,${{ matrix.constel }}-shadow-dom,fluent-next/unused-variable,cancelled,,https://github.com/DevExpress/DevExtreme/actions/runs/33060858643/job/98479090244
"27.08.26, 09:57:18",98479090314,33060858643,1,QUnit tests,"Constel ${{ matrix.CONSTEL }}${{ (((matrix.TIMEZONE != '') && format('-{0}', matrix.TIMEZONE)) || '') }}${{ (((matrix.CSP == 'false') && '-no-csp') || '') }}",fluent-next/unused-variable,cancelled,,https://github.com/DevExpress/DevExtreme/actions/runs/33060858643/job/98479090314
"27.08.26, 09:57:18",98479090953,33060858643,1,QUnit tests,Send notifications,fluent-next/unused-variable,cancelled,,https://github.com/DevExpress/DevExtreme/actions/runs/33060858643/job/98479090953
"27.08.26, 09:58:39",98479424941,33060572685,1,QUnit tests,ui.widgets-shadow-dom,fluent-next/calc-budget,cancelled,,https://github.com/DevExpress/DevExtreme/actions/runs/33060572685/job/98479424941
"27.08.26, 09:58:39",98479424947,33060572685,1,QUnit tests,ui.scheduler-shadow-dom,fluent-next/calc-budget,cancelled,,https://github.com/DevExpress/DevExtreme/actions/runs/33060572685/job/98479424947
"27.08.26, 09:58:39",98479424989,33060572685,1,QUnit tests,ui.grid-shadow-dom,fluent-next/calc-budget,cancelled,,https://github.com/DevExpress/DevExtreme/actions/runs/33060572685/job/98479424989
"27.08.26, 10:13:41",98483158246,33060572685,1,QUnit tests,Send notifications,fluent-next/calc-budget,cancelled,,https://github.com/DevExpress/DevExtreme/actions/runs/33060572685/job/98483158246
"27.08.26, 08:23:09",98455464662,33053228037,1,QUnit tests,ui.grid-shadow-dom,refactor_apply_changes_only_main,failure,Run QUnit tests,https://github.com/DevExpress/DevExtreme/actions/runs/33053228037/job/98455464662
"27.08.26, 08:23:09",98455464689,33053228037,1,QUnit tests,Constel ui.grid,refactor_apply_changes_only_main,failure,Run QUnit tests,https://github.com/DevExpress/DevExtreme/actions/runs/33053228037/job/98455464689
"27.08.26, 04:02:07",98405462877,33037809979,1,QUnit tests,ui-shadow-dom,typescript/events/es6_emitters,cancelled,Run QUnit tests,https://github.com/DevExpress/DevExtreme/actions/runs/33037809979/job/98405462877
"27.08.26, 04:02:07",98405462892,33037809979,1,QUnit tests,ui.grid-shadow-dom,typescript/events/es6_emitters,cancelled,Run QUnit tests,https://github.com/DevExpress/DevExtreme/actions/runs/33037809979/job/98405462892
"27.08.26, 04:02:07",98405462926,33037809979,1,QUnit tests,Constel ui.scheduler-US/Pacific,typescript/events/es6_emitters,cancelled,Run QUnit tests,https://github.com/DevExpress/DevExtreme/actions/runs/33037809979/job/98405462926
"27.08.26, 04:02:07",98405462927,33037809979,1,QUnit tests,Constel ui.grid,typescript/events/es6_emitters,cancelled,Run QUnit tests,https://github.com/DevExpress/DevExtreme/actions/runs/33037809979/job/98405462927
"27.08.26, 04:02:07",98405462936,33037809979,1,QUnit tests,Constel ui.scheduler,typescript/events/es6_emitters,cancelled,Run QUnit tests,https://github.com/DevExpress/DevExtreme/actions/runs/33037809979/job/98405462936
"27.08.26, 04:02:07",98405462942,33037809979,1,QUnit tests,ui.widgets-shadow-dom,typescript/events/es6_emitters,cancelled,,https://github.com/DevExpress/DevExtreme/actions/runs/33037809979/job/98405462942
"27.08.26, 04:02:07",98405462943,33037809979,1,QUnit tests,Constel ui,typescript/events/es6_emitters,cancelled,Run QUnit tests,https://github.com/DevExpress/DevExtreme/actions/runs/33037809979/job/98405462943
"27.08.26, 04:02:07",98405462959,33037809979,1,QUnit tests,ui.scheduler-shadow-dom,typescript/events/es6_emitters,cancelled,Run QUnit tests,https://github.com/DevExpress/DevExtreme/actions/runs/33037809979/job/98405462959
"27.08.26, 04:02:07",98405462962,33037809979,1,QUnit tests,Constel misc-no-csp,typescript/events/es6_emitters,cancelled,Run QUnit tests,https://github.com/DevExpress/DevExtreme/actions/runs/33037809979/job/98405462962
"27.08.26, 04:02:07",98405462973,33037809979,1,QUnit tests,Constel ui.editors,typescript/events/es6_emitters,cancelled,Run QUnit tests,https://github.com/DevExpress/DevExtreme/actions/runs/33037809979/job/98405462973
"27.08.26, 04:02:07",98405462989,33037809979,1,QUnit tests,Constel misc,typescript/events/es6_emitters,cancelled,Run QUnit tests,https://github.com/DevExpress/DevExtreme/actions/runs/33037809979/job/98405462989
"27.08.26, 04:02:07",98405463006,33037809979,1,QUnit tests,Constel ui.widgets-no-csp,typescript/events/es6_emitters,cancelled,Run QUnit tests,https://github.com/DevExpress/DevExtreme/actions/runs/33037809979/job/98405463006
"27.08.26, 04:02:07",98405463029,33037809979,1,QUnit tests,ui.editors-shadow-dom,typescript/events/es6_emitters,cancelled,Run QUnit tests,https://github.com/DevExpress/DevExtreme/actions/runs/33037809979/job/98405463029
"27.08.26, 04:08:44",98406551700,33037809979,1,QUnit tests,Send notifications,typescript/events/es6_emitters,cancelled,,https://github.com/DevExpress/DevExtreme/actions/runs/33037809979/job/98406551700
"27.08.26, 21:57:49",98685845300,33120486779,1,Jest tests,jest-tests,gh-readonly-queue/main/pr-34938-4e11ff93a3cd59ad2c902db02c8592f235a21a1e,failure,Check test types,https://github.com/DevExpress/DevExtreme/actions/runs/33120486779/job/98685845300
"27.08.26, 21:31:39",98679357372,33118549163,1,Jest tests,jest-tests,gh-readonly-queue/main/pr-34938-4e11ff93a3cd59ad2c902db02c8592f235a21a1e,failure,Check test types,https://github.com/DevExpress/DevExtreme/actions/runs/33118549163/job/98679357372
"27.08.26, 16:38:32",98594946599,33094231420,1,Jest tests,jest-tests,playwright-components-infra,cancelled,Install dependencies,https://github.com/DevExpress/DevExtreme/actions/runs/33094231420/job/98594946599
"27.08.26, 16:40:01",98595384382,33094231420,1,Jest tests,Send notifications,playwright-components-infra,cancelled,,https://github.com/DevExpress/DevExtreme/actions/runs/33094231420/job/98595384382
"27.08.26, 16:34:51",98593839037,33093950704,1,Jest tests,jest-tests,playwright-components-infra,cancelled,Jest tests,https://github.com/DevExpress/DevExtreme/actions/runs/33093950704/job/98593839037
"27.08.26, 16:38:32",98594944714,33093950704,1,Jest tests,Send notifications,playwright-components-infra,cancelled,,https://github.com/DevExpress/DevExtreme/actions/runs/33093950704/job/98594944714
"27.08.26, 13:45:14",98538928529,33078485861,1,Jest tests,jest-tests,test_CI_26_2,cancelled,,https://github.com/DevExpress/DevExtreme/actions/runs/33078485861/job/98538928529
"27.08.26, 13:45:26",98538988712,33078485861,1,Jest tests,Send notifications,test_CI_26_2,cancelled,,https://github.com/DevExpress/DevExtreme/actions/runs/33078485861/job/98538988712
"27.08.26, 13:02:57",98526183042,33074828464,1,Jest tests,jest-tests,playwright-wrappers-e2e-stage1,cancelled,Jest tests,https://github.com/DevExpress/DevExtreme/actions/runs/33074828464/job/98526183042
"27.08.26, 13:06:12",98527123462,33074828464,1,Jest tests,Send notifications,playwright-wrappers-e2e-stage1,cancelled,,https://github.com/DevExpress/DevExtreme/actions/runs/33074828464/job/98527123462
"27.08.26, 12:30:32",98517003819,33072186996,1,Jest tests,jest-tests,feature/remove-systemjs-from-demos,cancelled,Build localization,https://github.com/DevExpress/DevExtreme/actions/runs/33072186996/job/98517003819
"27.08.26, 12:32:54",98517658825,33072186996,1,Jest tests,Send notifications,feature/remove-systemjs-from-demos,cancelled,,https://github.com/DevExpress/DevExtreme/actions/runs/33072186996/job/98517658825
"27.08.26, 09:56:52",98478982352,33060858509,1,Jest tests,jest-tests,fluent-next/unused-variable,cancelled,Use Node.js,https://github.com/DevExpress/DevExtreme/actions/runs/33060858509/job/98478982352
"27.08.26, 09:57:18",98479090092,33060858509,1,Jest tests,Send notifications,fluent-next/unused-variable,cancelled,,https://github.com/DevExpress/DevExtreme/actions/runs/33060858509/job/98479090092
"27.08.26, 16:38:17",98594872131,33094231497,1,Styles tests,Tests,playwright-components-infra,cancelled,Install dependencies,https://github.com/DevExpress/DevExtreme/actions/runs/33094231497/job/98594872131
"27.08.26, 16:39:55",98595357303,33094231497,1,Styles tests,Send notifications,playwright-components-infra,cancelled,,https://github.com/DevExpress/DevExtreme/actions/runs/33094231497/job/98595357303
"27.08.26, 16:34:51",98593839779,33093950867,1,Styles tests,Tests,playwright-components-infra,cancelled,Post Setup pnpm cache,https://github.com/DevExpress/DevExtreme/actions/runs/33093950867/job/98593839779
"27.08.26, 16:38:17",98594870756,33093950867,1,Styles tests,Send notifications,playwright-components-infra,cancelled,,https://github.com/DevExpress/DevExtreme/actions/runs/33093950867/job/98594870756
"27.08.26, 13:45:14",98538928066,33078485820,1,Styles tests,Tests,test_CI_26_2,cancelled,,https://github.com/DevExpress/DevExtreme/actions/runs/33078485820/job/98538928066
"27.08.26, 13:45:26",98538988989,33078485820,1,Styles tests,Send notifications,test_CI_26_2,cancelled,,https://github.com/DevExpress/DevExtreme/actions/runs/33078485820/job/98538988989
"27.08.26, 12:30:32",98517002259,33072187024,1,Styles tests,Tests,feature/remove-systemjs-from-demos,cancelled,Install dependencies,https://github.com/DevExpress/DevExtreme/actions/runs/33072187024/job/98517002259
"27.08.26, 12:32:49",98517637113,33072187024,1,Styles tests,Send notifications,feature/remove-systemjs-from-demos,cancelled,,https://github.com/DevExpress/DevExtreme/actions/runs/33072187024/job/98517637113
"27.08.26, 09:58:03",98479277017,33060944967,1,Styles tests,Tests,gh-readonly-queue/main/pr-34948-969d4c6202f56ecea266cc63561c2bd94ba3f758,failure,,https://github.com/DevExpress/DevExtreme/actions/runs/33060944967/job/98479277017
"27.08.26, 09:56:52",98478983674,33060858678,1,Styles tests,Tests,fluent-next/unused-variable,cancelled,Use Node.js,https://github.com/DevExpress/DevExtreme/actions/runs/33060858678/job/98478983674
"27.08.26, 09:57:18",98479090587,33060858678,1,Styles tests,Send notifications,fluent-next/unused-variable,cancelled,,https://github.com/DevExpress/DevExtreme/actions/runs/33060858678/job/98479090587
"27.08.26, 21:58:07",98685917260,33120486784,1,TestCafe tests,Build DevExtreme,gh-readonly-queue/main/pr-34938-4e11ff93a3cd59ad2c902db02c8592f235a21a1e,failure,Build,https://github.com/DevExpress/DevExtreme/actions/runs/33120486784/job/98685917260
"27.08.26, 21:31:58",98679435840,33118549296,1,TestCafe tests,Build DevExtreme,gh-readonly-queue/main/pr-34938-4e11ff93a3cd59ad2c902db02c8592f235a21a1e,failure,Build,https://github.com/DevExpress/DevExtreme/actions/runs/33118549296/job/98679435840
"27.08.26, 21:38:27",98681103995,33118535031,1,TestCafe tests,navigation - fluent,26_1,failure,Run TestCafe tests,https://github.com/DevExpress/DevExtreme/actions/runs/33118535031/job/98681103995
"27.08.26, 19:51:15",98651554905,33109857785,1,TestCafe tests,accessibility - fluent.dark,test_CI_26_2,failure,Run TestCafe tests,https://github.com/DevExpress/DevExtreme/actions/runs/33109857785/job/98651554905
"27.08.26, 19:06:53",98638878307,33106295411,1,TestCafe tests,common - fluent,feature/remove-systemjs-from-demos,failure,,https://github.com/DevExpress/DevExtreme/actions/runs/33106295411/job/98638878307
"27.08.26, 17:34:23",98611675740,33098887575,1,TestCafe tests,navigation - fluent,playwright-components-infra,failure,,https://github.com/DevExpress/DevExtreme/actions/runs/33098887575/job/98611675740
"27.08.26, 16:53:16",98599355916,33094371175,1,TestCafe tests,quarantine,playwright-components-infra,cancelled,Use Node.js,https://github.com/DevExpress/DevExtreme/actions/runs/33094371175/job/98599355916
"27.08.26, 16:53:47",98599512858,33094371175,1,TestCafe tests,Send notifications,playwright-components-infra,cancelled,,https://github.com/DevExpress/DevExtreme/actions/runs/33094371175/job/98599512858
"27.08.26, 16:38:54",98595056236,33094231479,1,TestCafe tests,Build DevExtreme,playwright-components-infra,cancelled,Show nx cache contents before save,https://github.com/DevExpress/DevExtreme/actions/runs/33094231479/job/98595056236
"27.08.26, 16:40:02",98595388561,33094231479,1,TestCafe tests,${{ matrix.name }}${{ ((!matrix.theme && ' - fluent') || '') }},playwright-components-infra,cancelled,,https://github.com/DevExpress/DevExtreme/actions/runs/33094231479/job/98595388561
"27.08.26, 16:40:02",98595389079,33094231479,1,TestCafe tests,quarantine,playwright-components-infra,cancelled,,https://github.com/DevExpress/DevExtreme/actions/runs/33094231479/job/98595389079
"27.08.26, 16:40:02",98595389639,33094231479,1,TestCafe tests,Send notifications,playwright-components-infra,cancelled,,https://github.com/DevExpress/DevExtreme/actions/runs/33094231479/job/98595389639
"27.08.26, 16:35:30",98594040057,33093950673,1,TestCafe tests,Build DevExtreme,playwright-components-infra,cancelled,Build,https://github.com/DevExpress/DevExtreme/actions/runs/33093950673/job/98594040057
"27.08.26, 16:38:27",98594922164,33093950673,1,TestCafe tests,${{ matrix.name }}${{ ((!matrix.theme && ' - fluent') || '') }},playwright-components-infra,cancelled,,https://github.com/DevExpress/DevExtreme/actions/runs/33093950673/job/98594922164
"27.08.26, 16:38:27",98594922423,33093950673,1,TestCafe tests,quarantine,playwright-components-infra,cancelled,,https://github.com/DevExpress/DevExtreme/actions/runs/33093950673/job/98594922423
"27.08.26, 16:38:27",98594923255,33093950673,1,TestCafe tests,Send notifications,playwright-components-infra,cancelled,,https://github.com/DevExpress/DevExtreme/actions/runs/33093950673/job/98594923255
"27.08.26, 14:56:55",98562414230,33084051829,1,TestCafe tests,quarantine,test_CI_26_2,failure,Run quarantined tests,https://github.com/DevExpress/DevExtreme/actions/runs/33084051829/job/98562414230
"27.08.26, 14:41:38",98557283397,33083128655,1,TestCafe tests,scheduler / common (3/3) - fluent,refactor/gridcore-datacontroller-merge-datahelper-mixin-26_2,failure,Run TestCafe tests,https://github.com/DevExpress/DevExtreme/actions/runs/33083128655/job/98557283397
"27.08.26, 14:28:54",98553089156,33081927314,1,TestCafe tests,scheduler / common (2/3) - fluent,refactor/gridcore-datacontroller-merge-datahelper-mixin-26_2,cancelled,Run TestCafe tests,https://github.com/DevExpress/DevExtreme/actions/runs/33081927314/job/98553089156
"27.08.26, 14:36:55",98555743943,33081927314,1,TestCafe tests,quarantine,refactor/gridcore-datacontroller-merge-datahelper-mixin-26_2,cancelled,,https://github.com/DevExpress/DevExtreme/actions/runs/33081927314/job/98555743943
"27.08.26, 14:36:56",98555744945,33081927314,1,TestCafe tests,Send notifications,refactor/gridcore-datacontroller-merge-datahelper-mixin-26_2,cancelled,,https://github.com/DevExpress/DevExtreme/actions/runs/33081927314/job/98555744945
"27.08.26, 13:45:14",98538928135,33078485867,1,TestCafe tests,Check if tests should run,test_CI_26_2,cancelled,,https://github.com/DevExpress/DevExtreme/actions/runs/33078485867/job/98538928135
"27.08.26, 13:45:34",98539028164,33078485867,1,TestCafe tests,Build DevExtreme,test_CI_26_2,cancelled,,https://github.com/DevExpress/DevExtreme/actions/runs/33078485867/job/98539028164
"27.08.26, 13:45:34",98539028372,33078485867,1,TestCafe tests,Determine TestCafe matrix,test_CI_26_2,cancelled,,https://github.com/DevExpress/DevExtreme/actions/runs/33078485867/job/98539028372
"27.08.26, 13:45:34",98539028384,33078485867,1,TestCafe tests,${{ matrix.name }}${{ ((!matrix.theme && ' - fluent') || '') }},test_CI_26_2,cancelled,,https://github.com/DevExpress/DevExtreme/actions/runs/33078485867/job/98539028384
"27.08.26, 13:45:34",98539028958,33078485867,1,TestCafe tests,quarantine,test_CI_26_2,cancelled,,https://github.com/DevExpress/DevExtreme/actions/runs/33078485867/job/98539028958
"27.08.26, 13:45:34",98539029866,33078485867,1,TestCafe tests,Send notifications,test_CI_26_2,cancelled,,https://github.com/DevExpress/DevExtreme/actions/runs/33078485867/job/98539029866
"27.08.26, 13:03:46",98526420621,33074828498,1,TestCafe tests,Build DevExtreme,playwright-wrappers-e2e-stage1,cancelled,Zip artifacts,https://github.com/DevExpress/DevExtreme/actions/runs/33074828498/job/98526420621
"27.08.26, 13:06:07",98527100540,33074828498,1,TestCafe tests,${{ matrix.name }}${{ ((!matrix.theme && ' - fluent') || '') }},playwright-wrappers-e2e-stage1,cancelled,,https://github.com/DevExpress/DevExtreme/actions/runs/33074828498/job/98527100540
"27.08.26, 13:06:07",98527100822,33074828498,1,TestCafe tests,quarantine,playwright-wrappers-e2e-stage1,cancelled,,https://github.com/DevExpress/DevExtreme/actions/runs/33074828498/job/98527100822
"27.08.26, 13:06:07",98527102048,33074828498,1,TestCafe tests,Send notifications,playwright-wrappers-e2e-stage1,cancelled,,https://github.com/DevExpress/DevExtreme/actions/runs/33074828498/job/98527102048
"27.08.26, 13:01:53",98525879770,33074184021,1,TestCafe tests,dataGrid (2/4) - fluent,playwright-wrappers-e2e-stage1,cancelled,Install dependencies,https://github.com/DevExpress/DevExtreme/actions/runs/33074184021/job/98525879770
"27.08.26, 13:01:53",98525879776,33074184021,1,TestCafe tests,accessibility - fluent,playwright-wrappers-e2e-stage1,cancelled,Install dependencies,https://github.com/DevExpress/DevExtreme/actions/runs/33074184021/job/98525879776
"27.08.26, 13:01:53",98525879777,33074184021,1,TestCafe tests,dataGrid (4/4) - fluent,playwright-wrappers-e2e-stage1,cancelled,Install dependencies,https://github.com/DevExpress/DevExtreme/actions/runs/33074184021/job/98525879777
"27.08.26, 13:01:53",98525879780,33074184021,1,TestCafe tests,dataGrid (1/4) - fluent,playwright-wrappers-e2e-stage1,cancelled,Install dependencies,https://github.com/DevExpress/DevExtreme/actions/runs/33074184021/job/98525879780
"27.08.26, 13:01:53",98525879786,33074184021,1,TestCafe tests,editors - fluent,playwright-wrappers-e2e-stage1,cancelled,Install dependencies,https://github.com/DevExpress/DevExtreme/actions/runs/33074184021/job/98525879786
"27.08.26, 13:01:53",98525879790,33074184021,1,TestCafe tests,material,playwright-wrappers-e2e-stage1,cancelled,Install dependencies,https://github.com/DevExpress/DevExtreme/actions/runs/33074184021/job/98525879790
"27.08.26, 13:01:53",98525879811,33074184021,1,TestCafe tests,scheduler / common (2/3) - fluent,playwright-wrappers-e2e-stage1,cancelled,Install dependencies,https://github.com/DevExpress/DevExtreme/actions/runs/33074184021/job/98525879811
"27.08.26, 13:01:53",98525879817,33074184021,1,TestCafe tests,navigation - fluent,playwright-wrappers-e2e-stage1,cancelled,Install dependencies,https://github.com/DevExpress/DevExtreme/actions/runs/33074184021/job/98525879817
"27.08.26, 13:01:53",98525879821,33074184021,1,TestCafe tests,generic,playwright-wrappers-e2e-stage1,cancelled,Install dependencies,https://github.com/DevExpress/DevExtreme/actions/runs/33074184021/job/98525879821
"27.08.26, 13:01:53",98525879825,33074184021,1,TestCafe tests,scheduler / common (1/3) - fluent,playwright-wrappers-e2e-stage1,cancelled,Install dependencies,https://github.com/DevExpress/DevExtreme/actions/runs/33074184021/job/98525879825
"27.08.26, 13:01:53",98525879866,33074184021,1,TestCafe tests,material - compact,playwright-wrappers-e2e-stage1,cancelled,Install dependencies,https://github.com/DevExpress/DevExtreme/actions/runs/33074184021/job/98525879866
"27.08.26, 13:01:53",98525879877,33074184021,1,TestCafe tests,cardView - fluent,playwright-wrappers-e2e-stage1,cancelled,Install dependencies,https://github.com/DevExpress/DevExtreme/actions/runs/33074184021/job/98525879877
"27.08.26, 13:01:53",98525879878,33074184021,1,TestCafe tests,scheduler / common (3/3) - fluent,playwright-wrappers-e2e-stage1,cancelled,Install dependencies,https://github.com/DevExpress/DevExtreme/actions/runs/33074184021/job/98525879878
"27.08.26, 13:01:53",98525879881,33074184021,1,TestCafe tests,dataGrid (3/4) - fluent,playwright-wrappers-e2e-stage1,cancelled,Install dependencies,https://github.com/DevExpress/DevExtreme/actions/runs/33074184021/job/98525879881
"27.08.26, 13:01:53",98525879902,33074184021,1,TestCafe tests,common - fluent,playwright-wrappers-e2e-stage1,cancelled,Install dependencies,https://github.com/DevExpress/DevExtreme/actions/runs/33074184021/job/98525879902
"27.08.26, 13:01:53",98525879971,33074184021,1,TestCafe tests,scheduler / viewOffset (2/2) - fluent,playwright-wrappers-e2e-stage1,cancelled,Install dependencies,https://github.com/DevExpress/DevExtreme/actions/runs/33074184021/job/98525879971
"27.08.26, 13:01:53",98525880014,33074184021,1,TestCafe tests,scheduler / viewOffset (1/2) - fluent,playwright-wrappers-e2e-stage1,cancelled,Install dependencies,https://github.com/DevExpress/DevExtreme/actions/runs/33074184021/job/98525880014
"27.08.26, 13:01:53",98525880099,33074184021,1,TestCafe tests,scheduler / timezones (Europe/Berlin) - fluent,playwright-wrappers-e2e-stage1,cancelled,Install dependencies,https://github.com/DevExpress/DevExtreme/actions/runs/33074184021/job/98525880099
"27.08.26, 13:01:53",98525880139,33074184021,1,TestCafe tests,scheduler / timezones (America/Los_Angeles) - fluent,playwright-wrappers-e2e-stage1,cancelled,Install dependencies,https://github.com/DevExpress/DevExtreme/actions/runs/33074184021/job/98525880139
"27.08.26, 13:03:19",98526290698,33074184021,1,TestCafe tests,quarantine,playwright-wrappers-e2e-stage1,cancelled,,https://github.com/DevExpress/DevExtreme/actions/runs/33074184021/job/98526290698
"27.08.26, 13:03:19",98526291301,33074184021,1,TestCafe tests,Send notifications,playwright-wrappers-e2e-stage1,cancelled,,https://github.com/DevExpress/DevExtreme/actions/runs/33074184021/job/98526291301
"27.08.26, 12:31:02",98517141977,33072187047,1,TestCafe tests,Build DevExtreme,feature/remove-systemjs-from-demos,cancelled,Show nx cache contents before save,https://github.com/DevExpress/DevExtreme/actions/runs/33072187047/job/98517141977
"27.08.26, 12:32:53",98517654686,33072187047,1,TestCafe tests,${{ matrix.name }}${{ ((!matrix.theme && ' - fluent') || '') }},feature/remove-systemjs-from-demos,cancelled,,https://github.com/DevExpress/DevExtreme/actions/runs/33072187047/job/98517654686
"27.08.26, 12:32:53",98517655077,33072187047,1,TestCafe tests,quarantine,feature/remove-systemjs-from-demos,cancelled,,https://github.com/DevExpress/DevExtreme/actions/runs/33072187047/job/98517655077
"27.08.26, 12:32:53",98517655973,33072187047,1,TestCafe tests,Send notifications,feature/remove-systemjs-from-demos,cancelled,,https://github.com/DevExpress/DevExtreme/actions/runs/33072187047/job/98517655973
"27.08.26, 11:03:07",98495002955,33064478017,1,TestCafe tests,quarantine,feature/26_2_new_fluent_theme_with_design_tokens,cancelled,Install dependencies,https://github.com/DevExpress/DevExtreme/actions/runs/33064478017/job/98495002955
"27.08.26, 11:05:00",98495459521,33064478017,1,TestCafe tests,Send notifications,feature/26_2_new_fluent_theme_with_design_tokens,cancelled,,https://github.com/DevExpress/DevExtreme/actions/runs/33064478017/job/98495459521
"27.08.26, 10:51:37",98492258848,33064398912,1,TestCafe tests,accessibility - fluent.dark,fluent-next/px-markers,failure,Run TestCafe tests,https://github.com/DevExpress/DevExtreme/actions/runs/33064398912/job/98492258848
"27.08.26, 10:26:59",98486407068,33062877028,1,TestCafe tests,accessibility - fluent.dark,fluent-next/unused-variable,failure,Run TestCafe tests,https://github.com/DevExpress/DevExtreme/actions/runs/33062877028/job/98486407068
"27.08.26, 09:58:19",98479346796,33060944963,1,TestCafe tests,Build DevExtreme,gh-readonly-queue/main/pr-34948-969d4c6202f56ecea266cc63561c2bd94ba3f758,failure,,https://github.com/DevExpress/DevExtreme/actions/runs/33060944963/job/98479346796
"27.08.26, 09:57:15",98479078647,33060858641,1,TestCafe tests,Build DevExtreme,fluent-next/unused-variable,cancelled,,https://github.com/DevExpress/DevExtreme/actions/runs/33060858641/job/98479078647
"27.08.26, 09:57:15",98479078816,33060858641,1,TestCafe tests,Determine TestCafe matrix,fluent-next/unused-variable,cancelled,,https://github.com/DevExpress/DevExtreme/actions/runs/33060858641/job/98479078816
"27.08.26, 09:57:16",98479083948,33060858641,1,TestCafe tests,${{ matrix.name }}${{ ((!matrix.theme && ' - fluent') || '') }},fluent-next/unused-variable,cancelled,,https://github.com/DevExpress/DevExtreme/actions/runs/33060858641/job/98479083948
"27.08.26, 09:57:16",98479084583,33060858641,1,TestCafe tests,quarantine,fluent-next/unused-variable,cancelled,,https://github.com/DevExpress/DevExtreme/actions/runs/33060858641/job/98479084583
"27.08.26, 09:57:16",98479084908,33060858641,1,TestCafe tests,Send notifications,fluent-next/unused-variable,cancelled,,https://github.com/DevExpress/DevExtreme/actions/runs/33060858641/job/98479084908
"27.08.26, 09:59:28",98479628422,33060572572,1,TestCafe tests,scheduler / viewOffset (2/2) - fluent-next,fluent-next/calc-budget,cancelled,Run TestCafe tests,https://github.com/DevExpress/DevExtreme/actions/runs/33060572572/job/98479628422
"27.08.26, 09:59:28",98479628590,33060572572,1,TestCafe tests,scheduler / viewOffset (1/2) - fluent-next,fluent-next/calc-budget,cancelled,Run TestCafe tests,https://github.com/DevExpress/DevExtreme/actions/runs/33060572572/job/98479628590
"27.08.26, 10:08:50",98481962465,33060572572,1,TestCafe tests,quarantine,fluent-next/calc-budget,cancelled,,https://github.com/DevExpress/DevExtreme/actions/runs/33060572572/job/98481962465
"27.08.26, 10:08:51",98481963226,33060572572,1,TestCafe tests,Send notifications,fluent-next/calc-budget,cancelled,,https://github.com/DevExpress/DevExtreme/actions/runs/33060572572/job/98481963226
"27.08.26, 08:15:09",98453509758,33052714356,1,TestCafe tests,scheduler / common (3/3) - fluent-next,fluent-next/unused-variable,failure,Run TestCafe tests,https://github.com/DevExpress/DevExtreme/actions/runs/33052714356/job/98453509758
"27.08.26, 08:11:02",98452516954,33052461172,1,TestCafe tests,editors - fluent-next,feature/26_2_new_fluent_theme_with_design_tokens,failure,,https://github.com/DevExpress/DevExtreme/actions/runs/33052461172/job/98452516954
"27.08.26, 08:11:02",98452517012,33052461172,1,TestCafe tests,dataGrid (4/4) - fluent-next,feature/26_2_new_fluent_theme_with_design_tokens,failure,,https://github.com/DevExpress/DevExtreme/actions/runs/33052461172/job/98452517012
"27.08.26, 08:11:02",98452517037,33052461172,1,TestCafe tests,scheduler / common (1/3) - fluent-next,feature/26_2_new_fluent_theme_with_design_tokens,failure,,https://github.com/DevExpress/DevExtreme/actions/runs/33052461172/job/98452517037
"27.08.26, 08:11:02",98452517052,33052461172,1,TestCafe tests,dataGrid (2/4) - fluent-next,feature/26_2_new_fluent_theme_with_design_tokens,failure,,https://github.com/DevExpress/DevExtreme/actions/runs/33052461172/job/98452517052
"27.08.26, 09:55:29",98478638699,33052461172,2,TestCafe tests,editors - fluent-next,feature/26_2_new_fluent_theme_with_design_tokens,failure,,https://github.com/DevExpress/DevExtreme/actions/runs/33052461172/job/98478638699
"27.08.26, 09:55:29",98478638704,33052461172,2,TestCafe tests,scheduler / common (1/3) - fluent-next,feature/26_2_new_fluent_theme_with_design_tokens,failure,,https://github.com/DevExpress/DevExtreme/actions/runs/33052461172/job/98478638704
"27.08.26, 09:55:29",98478638790,33052461172,2,TestCafe tests,dataGrid (2/4) - fluent-next,feature/26_2_new_fluent_theme_with_design_tokens,failure,,https://github.com/DevExpress/DevExtreme/actions/runs/33052461172/job/98478638790
"27.08.26, 07:07:25",98437832187,33048004953,1,TestCafe tests,scheduler / common (3/3) - fluent,fix/stabilize-ci-on-systemjs-removal,failure,,https://github.com/DevExpress/DevExtreme/actions/runs/33048004953/job/98437832187
"27.08.26, 04:02:25",98405516148,33037810082,1,TestCafe tests,common - fluent,typescript/events/es6_emitters,cancelled,Run TestCafe tests,https://github.com/DevExpress/DevExtreme/actions/runs/33037810082/job/98405516148
"27.08.26, 04:02:25",98405516158,33037810082,1,TestCafe tests,dataGrid (2/4) - fluent,typescript/events/es6_emitters,cancelled,Install dependencies,https://github.com/DevExpress/DevExtreme/actions/runs/33037810082/job/98405516158
"27.08.26, 04:02:25",98405516182,33037810082,1,TestCafe tests,dataGrid (1/4) - fluent,typescript/events/es6_emitters,cancelled,Install dependencies,https://github.com/DevExpress/DevExtreme/actions/runs/33037810082/job/98405516182
"27.08.26, 04:02:25",98405516184,33037810082,1,TestCafe tests,scheduler / common (2/3) - fluent,typescript/events/es6_emitters,cancelled,Run TestCafe tests,https://github.com/DevExpress/DevExtreme/actions/runs/33037810082/job/98405516184
"27.08.26, 04:02:25",98405516185,33037810082,1,TestCafe tests,generic,typescript/events/es6_emitters,cancelled,Install dependencies,https://github.com/DevExpress/DevExtreme/actions/runs/33037810082/job/98405516185
"27.08.26, 04:02:25",98405516195,33037810082,1,TestCafe tests,dataGrid (3/4) - fluent,typescript/events/es6_emitters,cancelled,Install dependencies,https://github.com/DevExpress/DevExtreme/actions/runs/33037810082/job/98405516195
"27.08.26, 04:02:25",98405516196,33037810082,1,TestCafe tests,material - compact,typescript/events/es6_emitters,cancelled,Run TestCafe tests,https://github.com/DevExpress/DevExtreme/actions/runs/33037810082/job/98405516196
"27.08.26, 04:02:25",98405516199,33037810082,1,TestCafe tests,navigation - fluent,typescript/events/es6_emitters,cancelled,Install dependencies,https://github.com/DevExpress/DevExtreme/actions/runs/33037810082/job/98405516199
"27.08.26, 04:02:25",98405516202,33037810082,1,TestCafe tests,accessibility - fluent,typescript/events/es6_emitters,cancelled,Install dependencies,https://github.com/DevExpress/DevExtreme/actions/runs/33037810082/job/98405516202
"27.08.26, 04:02:25",98405516213,33037810082,1,TestCafe tests,cardView - fluent,typescript/events/es6_emitters,cancelled,Run TestCafe tests,https://github.com/DevExpress/DevExtreme/actions/runs/33037810082/job/98405516213
"27.08.26, 04:02:25",98405516214,33037810082,1,TestCafe tests,scheduler / common (1/3) - fluent,typescript/events/es6_emitters,cancelled,Restore pnpm cache,https://github.com/DevExpress/DevExtreme/actions/runs/33037810082/job/98405516214
"27.08.26, 04:02:25",98405516218,33037810082,1,TestCafe tests,material,typescript/events/es6_emitters,cancelled,Restore pnpm cache,https://github.com/DevExpress/DevExtreme/actions/runs/33037810082/job/98405516218
"27.08.26, 04:02:25",98405516227,33037810082,1,TestCafe tests,dataGrid (4/4) - fluent,typescript/events/es6_emitters,cancelled,Run TestCafe tests,https://github.com/DevExpress/DevExtreme/actions/runs/33037810082/job/98405516227
"27.08.26, 04:02:25",98405516237,33037810082,1,TestCafe tests,editors - fluent,typescript/events/es6_emitters,cancelled,Restore pnpm cache,https://github.com/DevExpress/DevExtreme/actions/runs/33037810082/job/98405516237
"27.08.26, 04:02:25",98405516258,33037810082,1,TestCafe tests,scheduler / timezones (Europe/Berlin) - fluent,typescript/events/es6_emitters,cancelled,Run TestCafe tests,https://github.com/DevExpress/DevExtreme/actions/runs/33037810082/job/98405516258
"27.08.26, 04:02:25",98405516265,33037810082,1,TestCafe tests,scheduler / timezones (America/Los_Angeles) - fluent,typescript/events/es6_emitters,cancelled,Install dependencies,https://github.com/DevExpress/DevExtreme/actions/runs/33037810082/job/98405516265
"27.08.26, 04:02:25",98405516278,33037810082,1,TestCafe tests,scheduler / viewOffset (1/2) - fluent,typescript/events/es6_emitters,cancelled,Install dependencies,https://github.com/DevExpress/DevExtreme/actions/runs/33037810082/job/98405516278
"27.08.26, 04:02:25",98405516288,33037810082,1,TestCafe tests,scheduler / viewOffset (2/2) - fluent,typescript/events/es6_emitters,cancelled,Run TestCafe tests,https://github.com/DevExpress/DevExtreme/actions/runs/33037810082/job/98405516288
"27.08.26, 04:02:25",98405516309,33037810082,1,TestCafe tests,scheduler / common (3/3) - fluent,typescript/events/es6_emitters,cancelled,Run TestCafe tests,https://github.com/DevExpress/DevExtreme/actions/runs/33037810082/job/98405516309
"27.08.26, 04:08:44",98406552121,33037810082,1,TestCafe tests,quarantine,typescript/events/es6_emitters,cancelled,,https://github.com/DevExpress/DevExtreme/actions/runs/33037810082/job/98406552121
"27.08.26, 04:08:44",98406552831,33037810082,1,TestCafe tests,Send notifications,typescript/events/es6_emitters,cancelled,,https://github.com/DevExpress/DevExtreme/actions/runs/33037810082/job/98406552831
"27.08.26, 17:37:50",98612689017,33098887507,1,Playwright tests,generic,playwright-components-infra,failure,,https://github.com/DevExpress/DevExtreme/actions/runs/33098887507/job/98612689017
"27.08.26, 16:46:13",98597276747,33094371018,1,Playwright tests,material,playwright-components-infra,failure,Run Playwright tests,https://github.com/DevExpress/DevExtreme/actions/runs/33094371018/job/98597276747
"27.08.26, 16:46:13",98597276788,33094371018,1,Playwright tests,material - compact,playwright-components-infra,failure,Run Playwright tests,https://github.com/DevExpress/DevExtreme/actions/runs/33094371018/job/98597276788
"27.08.26, 16:46:13",98597276807,33094371018,1,Playwright tests,generic,playwright-components-infra,failure,Run Playwright tests,https://github.com/DevExpress/DevExtreme/actions/runs/33094371018/job/98597276807
"27.08.26, 16:39:39",98595279431,33094231455,1,Playwright tests,Build DevExtreme,playwright-components-infra,cancelled,Get sources,https://github.com/DevExpress/DevExtreme/actions/runs/33094231455/job/98595279431
"27.08.26, 16:39:39",98595279573,33094231455,1,Playwright tests,Determine Playwright matrix,playwright-components-infra,cancelled,,https://github.com/DevExpress/DevExtreme/actions/runs/33094231455/job/98595279573
"27.08.26, 16:39:48",98595321505,33094231455,1,Playwright tests,${{ matrix.name }}${{ ((!matrix.theme && ' - fluent') || '') }},playwright-components-infra,cancelled,,https://github.com/DevExpress/DevExtreme/actions/runs/33094231455/job/98595321505
"27.08.26, 16:35:36",98594075100,33093950790,1,Playwright tests,Build DevExtreme,playwright-components-infra,cancelled,Build,https://github.com/DevExpress/DevExtreme/actions/runs/33093950790/job/98594075100
"27.08.26, 16:38:36",98594965826,33093950790,1,Playwright tests,${{ matrix.name }}${{ ((!matrix.theme && ' - fluent') || '') }},playwright-components-infra,cancelled,,https://github.com/DevExpress/DevExtreme/actions/runs/33093950790/job/98594965826
"27.08.26, 16:38:14",98594857265,33094231440,1,Themebuilder and Styles tests,test,playwright-components-infra,cancelled,Install dependencies,https://github.com/DevExpress/DevExtreme/actions/runs/33094231440/job/98594857265
"27.08.26, 16:39:56",98595363970,33094231440,1,Themebuilder and Styles tests,Send notifications,playwright-components-infra,cancelled,,https://github.com/DevExpress/DevExtreme/actions/runs/33094231440/job/98595363970
"27.08.26, 16:34:51",98593838637,33093950507,1,Themebuilder and Styles tests,test,playwright-components-infra,cancelled,Post Setup pnpm cache,https://github.com/DevExpress/DevExtreme/actions/runs/33093950507/job/98593838637
"27.08.26, 16:38:14",98594856022,33093950507,1,Themebuilder and Styles tests,Send notifications,playwright-components-infra,cancelled,,https://github.com/DevExpress/DevExtreme/actions/runs/33093950507/job/98594856022
"27.08.26, 13:45:14",98538928058,33078485889,1,Themebuilder and Styles tests,test,test_CI_26_2,cancelled,Get sources,https://github.com/DevExpress/DevExtreme/actions/runs/33078485889/job/98538928058
"27.08.26, 13:45:28",98538998412,33078485889,1,Themebuilder and Styles tests,Send notifications,test_CI_26_2,cancelled,,https://github.com/DevExpress/DevExtreme/actions/runs/33078485889/job/98538998412
"27.08.26, 12:30:32",98517002645,33072187043,1,Themebuilder and Styles tests,test,feature/remove-systemjs-from-demos,cancelled,Build,https://github.com/DevExpress/DevExtreme/actions/runs/33072187043/job/98517002645
"27.08.26, 12:32:54",98517660449,33072187043,1,Themebuilder and Styles tests,Send notifications,feature/remove-systemjs-from-demos,cancelled,,https://github.com/DevExpress/DevExtreme/actions/runs/33072187043/job/98517660449
"27.08.26, 09:58:03",98479277817,33060944960,1,Themebuilder and Styles tests,test,gh-readonly-queue/main/pr-34948-969d4c6202f56ecea266cc63561c2bd94ba3f758,failure,,https://github.com/DevExpress/DevExtreme/actions/runs/33060944960/job/98479277817
"27.08.26, 09:57:31",98479146453,33060887017,1,Themebuilder and Styles tests,test,fluent-next/unused-variable,failure,,https://github.com/DevExpress/DevExtreme/actions/runs/33060887017/job/98479146453
"27.08.26, 09:56:52",98478983038,33060858602,1,Themebuilder and Styles tests,test,fluent-next/unused-variable,cancelled,Setup pnpm cache,https://github.com/DevExpress/DevExtreme/actions/runs/33060858602/job/98478983038
"27.08.26, 09:57:31",98479146346,33060858602,1,Themebuilder and Styles tests,Send notifications,fluent-next/unused-variable,cancelled,,https://github.com/DevExpress/DevExtreme/actions/runs/33060858602/job/98479146346
"27.08.26, 16:38:26",98594914294,33094231394,1,TS Declarations,validate-declarations,playwright-components-infra,cancelled,Validate declarations,https://github.com/DevExpress/DevExtreme/actions/runs/33094231394/job/98594914294
"27.08.26, 16:38:26",98594914435,33094231394,1,TS Declarations,check-ts-bundle,playwright-components-infra,cancelled,Post Setup pnpm cache,https://github.com/DevExpress/DevExtreme/actions/runs/33094231394/job/98594914435
"27.08.26, 16:39:57",98595368220,33094231394,1,TS Declarations,Send notifications,playwright-components-infra,cancelled,,https://github.com/DevExpress/DevExtreme/actions/runs/33094231394/job/98595368220
"27.08.26, 16:34:51",98593838963,33093950666,1,TS Declarations,validate-declarations,playwright-components-infra,cancelled,Post Setup pnpm cache,https://github.com/DevExpress/DevExtreme/actions/runs/33093950666/job/98593838963
"27.08.26, 16:34:51",98593839082,33093950666,1,TS Declarations,check-ts-bundle,playwright-components-infra,cancelled,Post Setup pnpm cache,https://github.com/DevExpress/DevExtreme/actions/runs/33093950666/job/98593839082
"27.08.26, 16:38:25",98594913367,33093950666,1,TS Declarations,Send notifications,playwright-components-infra,cancelled,,https://github.com/DevExpress/DevExtreme/actions/runs/33093950666/job/98594913367
"27.08.26, 13:45:14",98538929153,33078485837,1,TS Declarations,validate-declarations,test_CI_26_2,cancelled,,https://github.com/DevExpress/DevExtreme/actions/runs/33078485837/job/98538929153
"27.08.26, 13:45:14",98538929270,33078485837,1,TS Declarations,check-ts-bundle,test_CI_26_2,cancelled,,https://github.com/DevExpress/DevExtreme/actions/runs/33078485837/job/98538929270
"27.08.26, 13:45:27",98538993263,33078485837,1,TS Declarations,Send notifications,test_CI_26_2,cancelled,,https://github.com/DevExpress/DevExtreme/actions/runs/33078485837/job/98538993263
"27.08.26, 12:30:32",98517002219,33072186988,1,TS Declarations,check-ts-bundle,feature/remove-systemjs-from-demos,cancelled,Post Setup pnpm cache,https://github.com/DevExpress/DevExtreme/actions/runs/33072186988/job/98517002219
"27.08.26, 12:30:32",98517002506,33072186988,1,TS Declarations,validate-declarations,feature/remove-systemjs-from-demos,cancelled,Post Setup pnpm cache,https://github.com/DevExpress/DevExtreme/actions/runs/33072186988/job/98517002506
"27.08.26, 12:32:41",98517601199,33072186988,1,TS Declarations,Send notifications,feature/remove-systemjs-from-demos,cancelled,,https://github.com/DevExpress/DevExtreme/actions/runs/33072186988/job/98517601199
"27.08.26, 09:56:52",98478983263,33060858652,1,TS Declarations,check-ts-bundle,fluent-next/unused-variable,cancelled,Install dependencies,https://github.com/DevExpress/DevExtreme/actions/runs/33060858652/job/98478983263
"27.08.26, 09:56:52",98478983443,33060858652,1,TS Declarations,validate-declarations,fluent-next/unused-variable,cancelled,Use Node.js,https://github.com/DevExpress/DevExtreme/actions/runs/33060858652/job/98478983443
"27.08.26, 09:57:54",98479240308,33060858652,1,TS Declarations,Send notifications,fluent-next/unused-variable,cancelled,,https://github.com/DevExpress/DevExtreme/actions/runs/33060858652/job/98479240308
"27.08.26, 21:58:00",98685888970,33120486801,1,Demos Visual Tests,Build DevExtreme,gh-readonly-queue/main/pr-34938-4e11ff93a3cd59ad2c902db02c8592f235a21a1e,failure,DevExtreme - Build-all,https://github.com/DevExpress/DevExtreme/actions/runs/33120486801/job/98685888970
"27.08.26, 21:31:53",98679413960,33118549211,1,Demos Visual Tests,Build DevExtreme,gh-readonly-queue/main/pr-34938-4e11ff93a3cd59ad2c902db02c8592f235a21a1e,failure,DevExtreme - Build-all,https://github.com/DevExpress/DevExtreme/actions/runs/33118549211/job/98679413960
"27.08.26, 19:09:58",98639780718,33106295362,1,Demos Visual Tests,CSP check (Vue 2/2),feature/remove-systemjs-from-demos,failure,,https://github.com/DevExpress/DevExtreme/actions/runs/33106295362/job/98639780718
"27.08.26, 19:09:58",98639780740,33106295362,1,Demos Visual Tests,CSP check (Angular 1/3),feature/remove-systemjs-from-demos,failure,,https://github.com/DevExpress/DevExtreme/actions/runs/33106295362/job/98639780740
"27.08.26, 18:09:48",98622160267,33100881861,1,Demos Visual Tests,angular(4/10)-screenshots-fluent.blue.light,26_1,failure,,https://github.com/DevExpress/DevExtreme/actions/runs/33100881861/job/98622160267
"27.08.26, 17:35:17",98611942960,33098887372,1,Demos Visual Tests,jquery(1/3)-screenshots-material.blue.light,playwright-components-infra,failure,,https://github.com/DevExpress/DevExtreme/actions/runs/33098887372/job/98611942960
"27.08.26, 16:46:43",98597423139,33094371702,1,Demos Visual Tests,CSP check (jQuery),playwright-components-infra,cancelled,Run CSP Check,https://github.com/DevExpress/DevExtreme/actions/runs/33094371702/job/98597423139
"27.08.26, 16:54:01",98599577474,33094371702,1,Demos Visual Tests,CSP Violations Summary,playwright-components-infra,cancelled,,https://github.com/DevExpress/DevExtreme/actions/runs/33094371702/job/98599577474
"27.08.26, 16:39:03",98595098882,33094231392,1,Demos Visual Tests,Build DevExtreme,playwright-components-infra,cancelled,Install dependencies,https://github.com/DevExpress/DevExtreme/actions/runs/33094231392/job/98595098882
"27.08.26, 16:40:02",98595392476,33094231392,1,Demos Visual Tests,CSP check (jQuery),playwright-components-infra,cancelled,,https://github.com/DevExpress/DevExtreme/actions/runs/33094231392/job/98595392476
"27.08.26, 16:40:02",98595392591,33094231392,1,Demos Visual Tests,"matrix.SHARD_TOTAL == 1 && format('CSP check ({0})', matrix.FRAMEWORK) || format('CSP check ({0} {1}/{2})', matrix.FRAMEWORK, matrix.SHARD_INDEX, matrix.SHARD_TOTAL)",playwright-components-infra,cancelled,,https://github.com/DevExpress/DevExtreme/actions/runs/33094231392/job/98595392591
"27.08.26, 16:40:02",98595392630,33094231392,1,Demos Visual Tests,Check generated demos (changed only),playwright-components-infra,cancelled,,https://github.com/DevExpress/DevExtreme/actions/runs/33094231392/job/98595392630
"27.08.26, 16:40:02",98595392724,33094231392,1,Demos Visual Tests,Build Demos Bundles,playwright-components-infra,cancelled,,https://github.com/DevExpress/DevExtreme/actions/runs/33094231392/job/98595392724
"27.08.26, 16:40:03",98595393080,33094231392,1,Demos Visual Tests,Check generated demos,playwright-components-infra,cancelled,,https://github.com/DevExpress/DevExtreme/actions/runs/33094231392/job/98595393080
"27.08.26, 16:40:03",98595393160,33094231392,1,Demos Visual Tests,${{ matrix.CONSTEL }}-${{ matrix.STRATEGY }}-${{ matrix.THEME }},playwright-components-infra,cancelled,,https://github.com/DevExpress/DevExtreme/actions/runs/33094231392/job/98595393160
"27.08.26, 16:40:03",98595393193,33094231392,1,Demos Visual Tests,Check TS and lint code base,playwright-components-infra,cancelled,,https://github.com/DevExpress/DevExtreme/actions/runs/33094231392/job/98595393193
"27.08.26, 16:40:03",98595393468,33094231392,1,Demos Visual Tests,CSP Violations Summary,playwright-components-infra,cancelled,,https://github.com/DevExpress/DevExtreme/actions/runs/33094231392/job/98595393468
"27.08.26, 16:40:03",98595393874,33094231392,1,Demos Visual Tests,${{ matrix.CONSTEL }}-screenshots-${{ matrix.THEME }},playwright-components-infra,cancelled,,https://github.com/DevExpress/DevExtreme/actions/runs/33094231392/job/98595393874
"27.08.26, 16:40:03",98595394109,33094231392,1,Demos Visual Tests,${{ matrix.CONSTEL }}-screenshots-${{ matrix.THEME }},playwright-components-infra,cancelled,,https://github.com/DevExpress/DevExtreme/actions/runs/33094231392/job/98595394109
"27.08.26, 16:40:03",98595394440,33094231392,1,Demos Visual Tests,merge-artifacts,playwright-components-infra,cancelled,,https://github.com/DevExpress/DevExtreme/actions/runs/33094231392/job/98595394440
"27.08.26, 16:35:22",98594000698,33093950603,1,Demos Visual Tests,Build DevExtreme,playwright-components-infra,cancelled,DevExtreme - Build,https://github.com/DevExpress/DevExtreme/actions/runs/33093950603/job/98594000698
"27.08.26, 16:38:31",98594940420,33093950603,1,Demos Visual Tests,Check TS and lint code base,playwright-components-infra,cancelled,,https://github.com/DevExpress/DevExtreme/actions/runs/33093950603/job/98594940420
"27.08.26, 16:38:31",98594940464,33093950603,1,Demos Visual Tests,${{ matrix.CONSTEL }}-${{ matrix.STRATEGY }}-${{ matrix.THEME }},playwright-components-infra,cancelled,,https://github.com/DevExpress/DevExtreme/actions/runs/33093950603/job/98594940464
"27.08.26, 16:38:31",98594940725,33093950603,1,Demos Visual Tests,Check generated demos (changed only),playwright-components-infra,cancelled,,https://github.com/DevExpress/DevExtreme/actions/runs/33093950603/job/98594940725
"27.08.26, 16:38:31",98594940931,33093950603,1,Demos Visual Tests,Check generated demos,playwright-components-infra,cancelled,,https://github.com/DevExpress/DevExtreme/actions/runs/33093950603/job/98594940931
"27.08.26, 16:38:31",98594941144,33093950603,1,Demos Visual Tests,CSP check (jQuery),playwright-components-infra,cancelled,,https://github.com/DevExpress/DevExtreme/actions/runs/33093950603/job/98594941144
"27.08.26, 16:38:31",98594941152,33093950603,1,Demos Visual Tests,Build Demos Bundles,playwright-components-infra,cancelled,,https://github.com/DevExpress/DevExtreme/actions/runs/33093950603/job/98594941152
"27.08.26, 16:38:31",98594941356,33093950603,1,Demos Visual Tests,CSP Violations Summary,playwright-components-infra,cancelled,,https://github.com/DevExpress/DevExtreme/actions/runs/33093950603/job/98594941356
"27.08.26, 16:38:31",98594941433,33093950603,1,Demos Visual Tests,"matrix.SHARD_TOTAL == 1 && format('CSP check ({0})', matrix.FRAMEWORK) || format('CSP check ({0} {1}/{2})', matrix.FRAMEWORK, matrix.SHARD_INDEX, matrix.SHARD_TOTAL)",playwright-components-infra,cancelled,,https://github.com/DevExpress/DevExtreme/actions/runs/33093950603/job/98594941433
"27.08.26, 16:38:31",98594941559,33093950603,1,Demos Visual Tests,${{ matrix.CONSTEL }}-screenshots-${{ matrix.THEME }},playwright-components-infra,cancelled,,https://github.com/DevExpress/DevExtreme/actions/runs/33093950603/job/98594941559
"27.08.26, 16:38:31",98594941922,33093950603,1,Demos Visual Tests,${{ matrix.CONSTEL }}-screenshots-${{ matrix.THEME }},playwright-components-infra,cancelled,,https://github.com/DevExpress/DevExtreme/actions/runs/33093950603/job/98594941922
"27.08.26, 16:38:31",98594942669,33093950603,1,Demos Visual Tests,merge-artifacts,playwright-components-infra,cancelled,,https://github.com/DevExpress/DevExtreme/actions/runs/33093950603/job/98594942669
"27.08.26, 14:54:33",98561619103,33083474640,1,Demos Visual Tests,angular(3/10)-screenshots-fluent.blue.light,feature/26_2_new_fluent_theme_with_design_tokens,failure,Run TestCafe tests,https://github.com/DevExpress/DevExtreme/actions/runs/33083474640/job/98561619103
"27.08.26, 14:32:14",98554204594,33081927283,1,Demos Visual Tests,CSP check (jQuery),refactor/gridcore-datacontroller-merge-datahelper-mixin-26_2,cancelled,Run CSP Check,https://github.com/DevExpress/DevExtreme/actions/runs/33081927283/job/98554204594
"27.08.26, 14:32:14",98554204871,33081927283,1,Demos Visual Tests,jquery(3/3)-screenshots-fluent.blue.light,refactor/gridcore-datacontroller-merge-datahelper-mixin-26_2,cancelled,Run TestCafe tests (jQuery),https://github.com/DevExpress/DevExtreme/actions/runs/33081927283/job/98554204871
"27.08.26, 14:32:14",98554204915,33081927283,1,Demos Visual Tests,jquery(2/3)-screenshots-material.blue.light,refactor/gridcore-datacontroller-merge-datahelper-mixin-26_2,cancelled,Run TestCafe tests (jQuery),https://github.com/DevExpress/DevExtreme/actions/runs/33081927283/job/98554204915
"27.08.26, 14:32:14",98554204917,33081927283,1,Demos Visual Tests,jquery-accessibility-material.blue.light,refactor/gridcore-datacontroller-merge-datahelper-mixin-26_2,cancelled,Run TestCafe tests (jQuery),https://github.com/DevExpress/DevExtreme/actions/runs/33081927283/job/98554204917
"27.08.26, 14:32:14",98554204947,33081927283,1,Demos Visual Tests,jquery(2/3)-screenshots-fluent.blue.light,refactor/gridcore-datacontroller-merge-datahelper-mixin-26_2,cancelled,Run TestCafe tests (jQuery),https://github.com/DevExpress/DevExtreme/actions/runs/33081927283/job/98554204947
"27.08.26, 14:32:14",98554204967,33081927283,1,Demos Visual Tests,jquery-accessibility-fluent.blue.light,refactor/gridcore-datacontroller-merge-datahelper-mixin-26_2,cancelled,Run TestCafe tests (jQuery),https://github.com/DevExpress/DevExtreme/actions/runs/33081927283/job/98554204967
"27.08.26, 14:32:14",98554204989,33081927283,1,Demos Visual Tests,jquery(1/3)-screenshots-material.blue.light,refactor/gridcore-datacontroller-merge-datahelper-mixin-26_2,cancelled,Run TestCafe tests (jQuery),https://github.com/DevExpress/DevExtreme/actions/runs/33081927283/job/98554204989
"27.08.26, 14:32:14",98554205006,33081927283,1,Demos Visual Tests,jquery(1/3)-screenshots-fluent.blue.light,refactor/gridcore-datacontroller-merge-datahelper-mixin-26_2,cancelled,Run TestCafe tests (jQuery),https://github.com/DevExpress/DevExtreme/actions/runs/33081927283/job/98554205006
"27.08.26, 14:32:14",98554205053,33081927283,1,Demos Visual Tests,jquery(3/3)-screenshots-material.blue.light,refactor/gridcore-datacontroller-merge-datahelper-mixin-26_2,cancelled,Run TestCafe tests (jQuery),https://github.com/DevExpress/DevExtreme/actions/runs/33081927283/job/98554205053
"27.08.26, 14:36:33",98555621930,33081927283,1,Demos Visual Tests,CSP Violations Summary,refactor/gridcore-datacontroller-merge-datahelper-mixin-26_2,cancelled,,https://github.com/DevExpress/DevExtreme/actions/runs/33081927283/job/98555621930
"27.08.26, 14:36:35",98555635888,33081927283,1,Demos Visual Tests,merge-artifacts,refactor/gridcore-datacontroller-merge-datahelper-mixin-26_2,cancelled,,https://github.com/DevExpress/DevExtreme/actions/runs/33081927283/job/98555635888
"27.08.26, 14:45:43",98558646808,33078503525,2,Demos Visual Tests,Build Demos Bundles,test_CI_26_2,cancelled,,https://github.com/DevExpress/DevExtreme/actions/runs/33078503525/job/98558646808
"27.08.26, 14:45:43",98558646882,33078503525,2,Demos Visual Tests,Check TS and lint code base,test_CI_26_2,cancelled,Download devextreme sources,https://github.com/DevExpress/DevExtreme/actions/runs/33078503525/job/98558646882
"27.08.26, 14:45:43",98558646890,33078503525,2,Demos Visual Tests,Check generated demos,test_CI_26_2,cancelled,,https://github.com/DevExpress/DevExtreme/actions/runs/33078503525/job/98558646890
"27.08.26, 14:45:43",98558647126,33078503525,2,Demos Visual Tests,jquery(3/3)-screenshots-fluent.blue.light,test_CI_26_2,cancelled,,https://github.com/DevExpress/DevExtreme/actions/runs/33078503525/job/98558647126
"27.08.26, 14:45:43",98558647127,33078503525,2,Demos Visual Tests,jquery(1/3)-screenshots-fluent.blue.light,test_CI_26_2,cancelled,,https://github.com/DevExpress/DevExtreme/actions/runs/33078503525/job/98558647127
"27.08.26, 14:45:43",98558647133,33078503525,2,Demos Visual Tests,CSP check (React 1/2),test_CI_26_2,cancelled,,https://github.com/DevExpress/DevExtreme/actions/runs/33078503525/job/98558647133
"27.08.26, 14:45:43",98558647164,33078503525,2,Demos Visual Tests,CSP check (jQuery),test_CI_26_2,cancelled,,https://github.com/DevExpress/DevExtreme/actions/runs/33078503525/job/98558647164
"27.08.26, 14:45:43",98558647167,33078503525,2,Demos Visual Tests,jquery-accessibility-fluent.blue.dark,test_CI_26_2,cancelled,,https://github.com/DevExpress/DevExtreme/actions/runs/33078503525/job/98558647167
"27.08.26, 14:45:43",98558647182,33078503525,2,Demos Visual Tests,jquery(1/3)-screenshots-material.blue.light,test_CI_26_2,cancelled,,https://github.com/DevExpress/DevExtreme/actions/runs/33078503525/job/98558647182
"27.08.26, 14:45:43",98558647196,33078503525,2,Demos Visual Tests,jquery-accessibility-material.blue.dark,test_CI_26_2,cancelled,,https://github.com/DevExpress/DevExtreme/actions/runs/33078503525/job/98558647196
"27.08.26, 14:45:43",98558647207,33078503525,2,Demos Visual Tests,jquery(3/3)-screenshots-material.blue.light,test_CI_26_2,cancelled,,https://github.com/DevExpress/DevExtreme/actions/runs/33078503525/job/98558647207
"27.08.26, 14:45:43",98558647217,33078503525,2,Demos Visual Tests,CSP check (Angular 3/3),test_CI_26_2,cancelled,,https://github.com/DevExpress/DevExtreme/actions/runs/33078503525/job/98558647217
"27.08.26, 14:45:43",98558647222,33078503525,2,Demos Visual Tests,CSP check (Angular 1/3),test_CI_26_2,cancelled,,https://github.com/DevExpress/DevExtreme/actions/runs/33078503525/job/98558647222
"27.08.26, 14:45:43",98558647231,33078503525,2,Demos Visual Tests,CSP check (Angular 2/3),test_CI_26_2,cancelled,,https://github.com/DevExpress/DevExtreme/actions/runs/33078503525/job/98558647231
"27.08.26, 14:45:43",98558647243,33078503525,2,Demos Visual Tests,jquery-accessibility-fluent.blue.light,test_CI_26_2,cancelled,,https://github.com/DevExpress/DevExtreme/actions/runs/33078503525/job/98558647243
"27.08.26, 14:45:43",98558647252,33078503525,2,Demos Visual Tests,jquery(2/3)-screenshots-fluent.blue.light,test_CI_26_2,cancelled,,https://github.com/DevExpress/DevExtreme/actions/runs/33078503525/job/98558647252
"27.08.26, 14:45:43",98558647257,33078503525,2,Demos Visual Tests,jquery-accessibility-material.blue.light,test_CI_26_2,cancelled,,https://github.com/DevExpress/DevExtreme/actions/runs/33078503525/job/98558647257
"27.08.26, 14:45:43",98558647294,33078503525,2,Demos Visual Tests,CSP check (Vue 2/2),test_CI_26_2,cancelled,,https://github.com/DevExpress/DevExtreme/actions/runs/33078503525/job/98558647294
"27.08.26, 14:45:43",98558647298,33078503525,2,Demos Visual Tests,jquery(2/3)-screenshots-material.blue.light,test_CI_26_2,cancelled,,https://github.com/DevExpress/DevExtreme/actions/runs/33078503525/job/98558647298
"27.08.26, 14:45:43",98558647321,33078503525,2,Demos Visual Tests,CSP check (React 2/2),test_CI_26_2,cancelled,,https://github.com/DevExpress/DevExtreme/actions/runs/33078503525/job/98558647321
"27.08.26, 14:45:43",98558647790,33078503525,2,Demos Visual Tests,CSP check (Vue 1/2),test_CI_26_2,cancelled,,https://github.com/DevExpress/DevExtreme/actions/runs/33078503525/job/98558647790
"27.08.26, 14:45:57",98558728270,33078503525,2,Demos Visual Tests,${{ matrix.CONSTEL }}-screenshots-${{ matrix.THEME }},test_CI_26_2,cancelled,,https://github.com/DevExpress/DevExtreme/actions/runs/33078503525/job/98558728270
"27.08.26, 14:45:57",98558728631,33078503525,2,Demos Visual Tests,${{ matrix.CONSTEL }}-screenshots-${{ matrix.THEME }},test_CI_26_2,cancelled,,https://github.com/DevExpress/DevExtreme/actions/runs/33078503525/job/98558728631
"27.08.26, 14:45:57",98558729843,33078503525,2,Demos Visual Tests,CSP Violations Summary,test_CI_26_2,cancelled,,https://github.com/DevExpress/DevExtreme/actions/runs/33078503525/job/98558729843
"27.08.26, 14:45:57",98558730474,33078503525,2,Demos Visual Tests,merge-artifacts,test_CI_26_2,cancelled,,https://github.com/DevExpress/DevExtreme/actions/runs/33078503525/job/98558730474
"27.08.26, 13:45:23",98538972730,33078485809,1,Demos Visual Tests,Get changed demos,test_CI_26_2,cancelled,,https://github.com/DevExpress/DevExtreme/actions/runs/33078485809/job/98538972730
"27.08.26, 13:45:26",98538988685,33078485809,1,Demos Visual Tests,Determine scope for framework tests,test_CI_26_2,cancelled,,https://github.com/DevExpress/DevExtreme/actions/runs/33078485809/job/98538988685
"27.08.26, 13:45:26",98538989965,33078485809,1,Demos Visual Tests,Check generated demos (changed only),test_CI_26_2,cancelled,,https://github.com/DevExpress/DevExtreme/actions/runs/33078485809/job/98538989965
"27.08.26, 13:45:26",98538990078,33078485809,1,Demos Visual Tests,CSP check (jQuery),test_CI_26_2,cancelled,,https://github.com/DevExpress/DevExtreme/actions/runs/33078485809/job/98538990078
"27.08.26, 13:45:26",98538990165,33078485809,1,Demos Visual Tests,Build DevExtreme,test_CI_26_2,cancelled,,https://github.com/DevExpress/DevExtreme/actions/runs/33078485809/job/98538990165
"27.08.26, 13:45:26",98538990195,33078485809,1,Demos Visual Tests,Determine jQuery test matrix,test_CI_26_2,cancelled,,https://github.com/DevExpress/DevExtreme/actions/runs/33078485809/job/98538990195
"27.08.26, 13:45:26",98538990230,33078485809,1,Demos Visual Tests,Check generated demos,test_CI_26_2,cancelled,,https://github.com/DevExpress/DevExtreme/actions/runs/33078485809/job/98538990230
"27.08.26, 13:45:26",98538990307,33078485809,1,Demos Visual Tests,Build Demos Bundles,test_CI_26_2,cancelled,,https://github.com/DevExpress/DevExtreme/actions/runs/33078485809/job/98538990307
"27.08.26, 13:45:26",98538990549,33078485809,1,Demos Visual Tests,${{ matrix.CONSTEL }}-${{ matrix.STRATEGY }}-${{ matrix.THEME }},test_CI_26_2,cancelled,,https://github.com/DevExpress/DevExtreme/actions/runs/33078485809/job/98538990549
"27.08.26, 13:45:26",98538990631,33078485809,1,Demos Visual Tests,Check TS and lint code base,test_CI_26_2,cancelled,,https://github.com/DevExpress/DevExtreme/actions/runs/33078485809/job/98538990631
"27.08.26, 13:45:26",98538990687,33078485809,1,Demos Visual Tests,"matrix.SHARD_TOTAL == 1 && format('CSP check ({0})', matrix.FRAMEWORK) || format('CSP check ({0} {1}/{2})', matrix.FRAMEWORK, matrix.SHARD_INDEX, matrix.SHARD_TOTAL)",test_CI_26_2,cancelled,,https://github.com/DevExpress/DevExtreme/actions/runs/33078485809/job/98538990687
"27.08.26, 13:45:26",98538991492,33078485809,1,Demos Visual Tests,${{ matrix.CONSTEL }}-screenshots-${{ matrix.THEME }},test_CI_26_2,cancelled,,https://github.com/DevExpress/DevExtreme/actions/runs/33078485809/job/98538991492
"27.08.26, 13:45:26",98538991682,33078485809,1,Demos Visual Tests,CSP Violations Summary,test_CI_26_2,cancelled,,https://github.com/DevExpress/DevExtreme/actions/runs/33078485809/job/98538991682
"27.08.26, 13:45:26",98538991737,33078485809,1,Demos Visual Tests,${{ matrix.CONSTEL }}-screenshots-${{ matrix.THEME }},test_CI_26_2,cancelled,,https://github.com/DevExpress/DevExtreme/actions/runs/33078485809/job/98538991737
"27.08.26, 13:45:27",98538992566,33078485809,1,Demos Visual Tests,merge-artifacts,test_CI_26_2,cancelled,,https://github.com/DevExpress/DevExtreme/actions/runs/33078485809/job/98538992566
"27.08.26, 13:40:15",98537369256,33077426464,1,Demos Visual Tests,jquery-accessibility-fluent-next.blue.dark,fluent-next/px-markers,failure,Run TestCafe tests (jQuery),https://github.com/DevExpress/DevExtreme/actions/runs/33077426464/job/98537369256
"27.08.26, 13:33:54",98535378857,33076628249,1,Demos Visual Tests,CSP check (jQuery),feature/remove-systemjs-from-demos,cancelled,Run CSP Check,https://github.com/DevExpress/DevExtreme/actions/runs/33076628249/job/98535378857
"27.08.26, 13:46:10",98539221190,33076628249,1,Demos Visual Tests,CSP Violations Summary,feature/remove-systemjs-from-demos,cancelled,,https://github.com/DevExpress/DevExtreme/actions/runs/33076628249/job/98539221190
"27.08.26, 13:03:49",98526435752,33074828509,1,Demos Visual Tests,Build DevExtreme,playwright-wrappers-e2e-stage1,cancelled,DevExtreme - Build,https://github.com/DevExpress/DevExtreme/actions/runs/33074828509/job/98526435752
"27.08.26, 13:06:04",98527086984,33074828509,1,Demos Visual Tests,Check TS and lint code base,playwright-wrappers-e2e-stage1,cancelled,,https://github.com/DevExpress/DevExtreme/actions/runs/33074828509/job/98527086984
"27.08.26, 13:06:04",98527087615,33074828509,1,Demos Visual Tests,Check generated demos (changed only),playwright-wrappers-e2e-stage1,cancelled,,https://github.com/DevExpress/DevExtreme/actions/runs/33074828509/job/98527087615
"27.08.26, 13:06:04",98527087628,33074828509,1,Demos Visual Tests,CSP Violations Summary,playwright-wrappers-e2e-stage1,cancelled,,https://github.com/DevExpress/DevExtreme/actions/runs/33074828509/job/98527087628
"27.08.26, 13:06:04",98527087703,33074828509,1,Demos Visual Tests,CSP check (jQuery),playwright-wrappers-e2e-stage1,cancelled,,https://github.com/DevExpress/DevExtreme/actions/runs/33074828509/job/98527087703
"27.08.26, 13:06:04",98527087722,33074828509,1,Demos Visual Tests,Build Demos Bundles,playwright-wrappers-e2e-stage1,cancelled,,https://github.com/DevExpress/DevExtreme/actions/runs/33074828509/job/98527087722
"27.08.26, 13:06:04",98527087729,33074828509,1,Demos Visual Tests,${{ matrix.CONSTEL }}-${{ matrix.STRATEGY }}-${{ matrix.THEME }},playwright-wrappers-e2e-stage1,cancelled,,https://github.com/DevExpress/DevExtreme/actions/runs/33074828509/job/98527087729
"27.08.26, 13:06:04",98527087861,33074828509,1,Demos Visual Tests,"matrix.SHARD_TOTAL == 1 && format('CSP check ({0})', matrix.FRAMEWORK) || format('CSP check ({0} {1}/{2})', matrix.FRAMEWORK, matrix.SHARD_INDEX, matrix.SHARD_TOTAL)",playwright-wrappers-e2e-stage1,cancelled,,https://github.com/DevExpress/DevExtreme/actions/runs/33074828509/job/98527087861
"27.08.26, 13:06:05",98527087962,33074828509,1,Demos Visual Tests,Check generated demos,playwright-wrappers-e2e-stage1,cancelled,,https://github.com/DevExpress/DevExtreme/actions/runs/33074828509/job/98527087962
"27.08.26, 13:06:05",98527088077,33074828509,1,Demos Visual Tests,${{ matrix.CONSTEL }}-screenshots-${{ matrix.THEME }},playwright-wrappers-e2e-stage1,cancelled,,https://github.com/DevExpress/DevExtreme/actions/runs/33074828509/job/98527088077
"27.08.26, 13:06:05",98527088207,33074828509,1,Demos Visual Tests,${{ matrix.CONSTEL }}-screenshots-${{ matrix.THEME }},playwright-wrappers-e2e-stage1,cancelled,,https://github.com/DevExpress/DevExtreme/actions/runs/33074828509/job/98527088207
"27.08.26, 13:06:05",98527088365,33074828509,1,Demos Visual Tests,merge-artifacts,playwright-wrappers-e2e-stage1,cancelled,,https://github.com/DevExpress/DevExtreme/actions/runs/33074828509/job/98527088365
"27.08.26, 13:02:00",98525912354,33074184035,1,Demos Visual Tests,CSP check (jQuery),playwright-wrappers-e2e-stage1,cancelled,Install dependencies,https://github.com/DevExpress/DevExtreme/actions/runs/33074184035/job/98525912354
"27.08.26, 13:02:00",98525912547,33074184035,1,Demos Visual Tests,jquery(2/3)-screenshots-material.blue.light,playwright-wrappers-e2e-stage1,cancelled,Install dependencies,https://github.com/DevExpress/DevExtreme/actions/runs/33074184035/job/98525912547
"27.08.26, 13:02:00",98525912577,33074184035,1,Demos Visual Tests,jquery(3/3)-screenshots-material.blue.light,playwright-wrappers-e2e-stage1,cancelled,Install dependencies,https://github.com/DevExpress/DevExtreme/actions/runs/33074184035/job/98525912577
"27.08.26, 13:02:00",98525912584,33074184035,1,Demos Visual Tests,jquery(3/3)-screenshots-fluent.blue.light,playwright-wrappers-e2e-stage1,cancelled,Install dependencies,https://github.com/DevExpress/DevExtreme/actions/runs/33074184035/job/98525912584
"27.08.26, 13:02:00",98525912592,33074184035,1,Demos Visual Tests,jquery(1/3)-screenshots-fluent.blue.light,playwright-wrappers-e2e-stage1,cancelled,Install dependencies,https://github.com/DevExpress/DevExtreme/actions/runs/33074184035/job/98525912592
"27.08.26, 13:02:00",98525912611,33074184035,1,Demos Visual Tests,jquery(2/3)-screenshots-fluent.blue.light,playwright-wrappers-e2e-stage1,cancelled,Install dependencies,https://github.com/DevExpress/DevExtreme/actions/runs/33074184035/job/98525912611
"27.08.26, 13:02:00",98525912626,33074184035,1,Demos Visual Tests,jquery(1/3)-screenshots-material.blue.light,playwright-wrappers-e2e-stage1,cancelled,Install dependencies,https://github.com/DevExpress/DevExtreme/actions/runs/33074184035/job/98525912626
"27.08.26, 13:02:00",98525912628,33074184035,1,Demos Visual Tests,jquery-accessibility-fluent.blue.light,playwright-wrappers-e2e-stage1,cancelled,Install dependencies,https://github.com/DevExpress/DevExtreme/actions/runs/33074184035/job/98525912628
"27.08.26, 13:02:00",98525912648,33074184035,1,Demos Visual Tests,jquery-accessibility-material.blue.light,playwright-wrappers-e2e-stage1,cancelled,Install dependencies,https://github.com/DevExpress/DevExtreme/actions/runs/33074184035/job/98525912648
"27.08.26, 13:03:15",98526269068,33074184035,1,Demos Visual Tests,CSP Violations Summary,playwright-wrappers-e2e-stage1,cancelled,,https://github.com/DevExpress/DevExtreme/actions/runs/33074184035/job/98526269068
"27.08.26, 13:03:16",98526272974,33074184035,1,Demos Visual Tests,merge-artifacts,playwright-wrappers-e2e-stage1,cancelled,,https://github.com/DevExpress/DevExtreme/actions/runs/33074184035/job/98526272974
"27.08.26, 12:31:29",98517271048,33072187048,1,Demos Visual Tests,Build DevExtreme,feature/remove-systemjs-from-demos,cancelled,Install dependencies,https://github.com/DevExpress/DevExtreme/actions/runs/33072187048/job/98517271048
"27.08.26, 12:32:51",98517647164,33072187048,1,Demos Visual Tests,"Build vendor bundles (React, Vue)",feature/remove-systemjs-from-demos,cancelled,,https://github.com/DevExpress/DevExtreme/actions/runs/33072187048/job/98517647164
"27.08.26, 12:32:51",98517647565,33072187048,1,Demos Visual Tests,Check TS and lint code base,feature/remove-systemjs-from-demos,cancelled,,https://github.com/DevExpress/DevExtreme/actions/runs/33072187048/job/98517647565
"27.08.26, 12:32:51",98517647693,33072187048,1,Demos Visual Tests,"matrix.SHARD_TOTAL == 1 && format('CSP check ({0})', matrix.FRAMEWORK) || format('CSP check ({0} {1}/{2})', matrix.FRAMEWORK, matrix.SHARD_INDEX, matrix.SHARD_TOTAL)",feature/remove-systemjs-from-demos,cancelled,,https://github.com/DevExpress/DevExtreme/actions/runs/33072187048/job/98517647693
"27.08.26, 12:32:51",98517647959,33072187048,1,Demos Visual Tests,Check generated demos,feature/remove-systemjs-from-demos,cancelled,,https://github.com/DevExpress/DevExtreme/actions/runs/33072187048/job/98517647959
"27.08.26, 12:32:51",98517647971,33072187048,1,Demos Visual Tests,CSP check (jQuery),feature/remove-systemjs-from-demos,cancelled,,https://github.com/DevExpress/DevExtreme/actions/runs/33072187048/job/98517647971
"27.08.26, 12:32:51",98517648246,33072187048,1,Demos Visual Tests,"matrix.SHARD_TOTAL == 1 && format('Build demos ({0})', matrix.FRAMEWORK) || format('Build demos ({0} {1}/{2})', matrix.FRAMEWORK, matrix.SHARD_INDEX, matrix.SHARD_TOTAL)",feature/remove-systemjs-from-demos,cancelled,,https://github.com/DevExpress/DevExtreme/actions/runs/33072187048/job/98517648246
"27.08.26, 12:32:52",98517648342,33072187048,1,Demos Visual Tests,Check generated demos (changed only),feature/remove-systemjs-from-demos,cancelled,,https://github.com/DevExpress/DevExtreme/actions/runs/33072187048/job/98517648342
"27.08.26, 12:32:52",98517648452,33072187048,1,Demos Visual Tests,${{ matrix.CONSTEL }}-${{ matrix.STRATEGY }}-${{ matrix.THEME }},feature/remove-systemjs-from-demos,cancelled,,https://github.com/DevExpress/DevExtreme/actions/runs/33072187048/job/98517648452
"27.08.26, 12:32:52",98517648645,33072187048,1,Demos Visual Tests,CSP Violations Summary,feature/remove-systemjs-from-demos,cancelled,,https://github.com/DevExpress/DevExtreme/actions/runs/33072187048/job/98517648645
"27.08.26, 12:32:52",98517648694,33072187048,1,Demos Visual Tests,${{ matrix.CONSTEL }}-screenshots-${{ matrix.THEME }},feature/remove-systemjs-from-demos,cancelled,,https://github.com/DevExpress/DevExtreme/actions/runs/33072187048/job/98517648694
"27.08.26, 12:32:52",98517649040,33072187048,1,Demos Visual Tests,${{ matrix.CONSTEL }}-screenshots-${{ matrix.THEME }},feature/remove-systemjs-from-demos,cancelled,,https://github.com/DevExpress/DevExtreme/actions/runs/33072187048/job/98517649040
"27.08.26, 12:32:52",98517649940,33072187048,1,Demos Visual Tests,merge-artifacts,feature/remove-systemjs-from-demos,cancelled,,https://github.com/DevExpress/DevExtreme/actions/runs/33072187048/job/98517649940
"27.08.26, 10:56:15",98493349015,33064478025,1,Demos Visual Tests,CSP check (jQuery),feature/26_2_new_fluent_theme_with_design_tokens,cancelled,Run CSP Check,https://github.com/DevExpress/DevExtreme/actions/runs/33064478025/job/98493349015
"27.08.26, 10:56:15",98493349151,33064478025,1,Demos Visual Tests,CSP check (Angular 3/3),feature/26_2_new_fluent_theme_with_design_tokens,cancelled,Run CSP Check,https://github.com/DevExpress/DevExtreme/actions/runs/33064478025/job/98493349151
"27.08.26, 10:56:15",98493349180,33064478025,1,Demos Visual Tests,CSP check (Angular 1/3),feature/26_2_new_fluent_theme_with_design_tokens,cancelled,Run CSP Check,https://github.com/DevExpress/DevExtreme/actions/runs/33064478025/job/98493349180
"27.08.26, 10:56:15",98493349186,33064478025,1,Demos Visual Tests,CSP check (React 1/2),feature/26_2_new_fluent_theme_with_design_tokens,cancelled,,https://github.com/DevExpress/DevExtreme/actions/runs/33064478025/job/98493349186
"27.08.26, 10:56:15",98493349190,33064478025,1,Demos Visual Tests,CSP check (Angular 2/3),feature/26_2_new_fluent_theme_with_design_tokens,cancelled,Run CSP Check,https://github.com/DevExpress/DevExtreme/actions/runs/33064478025/job/98493349190
"27.08.26, 10:56:15",98493349215,33064478025,1,Demos Visual Tests,CSP check (React 2/2),feature/26_2_new_fluent_theme_with_design_tokens,cancelled,Run CSP Check,https://github.com/DevExpress/DevExtreme/actions/runs/33064478025/job/98493349215
"27.08.26, 11:00:56",98494470070,33064478025,1,Demos Visual Tests,react(3/3)-screenshots-fluent-next.blue.light,feature/26_2_new_fluent_theme_with_design_tokens,cancelled,Run TestCafe tests,https://github.com/DevExpress/DevExtreme/actions/runs/33064478025/job/98494470070
"27.08.26, 11:00:56",98494470073,33064478025,1,Demos Visual Tests,react(1/3)-screenshots-fluent.blue.light,feature/26_2_new_fluent_theme_with_design_tokens,cancelled,Run TestCafe tests,https://github.com/DevExpress/DevExtreme/actions/runs/33064478025/job/98494470073
"27.08.26, 11:00:56",98494470076,33064478025,1,Demos Visual Tests,react(1/3)-screenshots-fluent-next.blue.light,feature/26_2_new_fluent_theme_with_design_tokens,cancelled,Run TestCafe tests,https://github.com/DevExpress/DevExtreme/actions/runs/33064478025/job/98494470076
"27.08.26, 11:00:56",98494470079,33064478025,1,Demos Visual Tests,vue(1/5)-screenshots-fluent-next.blue.light,feature/26_2_new_fluent_theme_with_design_tokens,cancelled,Run TestCafe tests,https://github.com/DevExpress/DevExtreme/actions/runs/33064478025/job/98494470079
"27.08.26, 11:00:56",98494470080,33064478025,1,Demos Visual Tests,react(3/3)-screenshots-fluent.blue.light,feature/26_2_new_fluent_theme_with_design_tokens,cancelled,Run TestCafe tests,https://github.com/DevExpress/DevExtreme/actions/runs/33064478025/job/98494470080
"27.08.26, 11:00:56",98494470100,33064478025,1,Demos Visual Tests,vue(3/5)-screenshots-fluent.blue.light,feature/26_2_new_fluent_theme_with_design_tokens,cancelled,Run TestCafe tests,https://github.com/DevExpress/DevExtreme/actions/runs/33064478025/job/98494470100
"27.08.26, 11:00:56",98494470106,33064478025,1,Demos Visual Tests,vue(2/5)-screenshots-fluent.blue.light,feature/26_2_new_fluent_theme_with_design_tokens,cancelled,Run TestCafe tests,https://github.com/DevExpress/DevExtreme/actions/runs/33064478025/job/98494470106
"27.08.26, 11:00:56",98494470115,33064478025,1,Demos Visual Tests,react(2/3)-screenshots-fluent-next.blue.light,feature/26_2_new_fluent_theme_with_design_tokens,cancelled,Run TestCafe tests,https://github.com/DevExpress/DevExtreme/actions/runs/33064478025/job/98494470115
"27.08.26, 11:00:56",98494470119,33064478025,1,Demos Visual Tests,angular(2/10)-screenshots-fluent.blue.light,feature/26_2_new_fluent_theme_with_design_tokens,cancelled,Run TestCafe tests,https://github.com/DevExpress/DevExtreme/actions/runs/33064478025/job/98494470119
"27.08.26, 11:00:56",98494470120,33064478025,1,Demos Visual Tests,angular(4/10)-screenshots-fluent.blue.light,feature/26_2_new_fluent_theme_with_design_tokens,cancelled,Run TestCafe tests,https://github.com/DevExpress/DevExtreme/actions/runs/33064478025/job/98494470120
"27.08.26, 11:00:56",98494470140,33064478025,1,Demos Visual Tests,vue(3/5)-screenshots-fluent-next.blue.light,feature/26_2_new_fluent_theme_with_design_tokens,cancelled,Run TestCafe tests,https://github.com/DevExpress/DevExtreme/actions/runs/33064478025/job/98494470140
"27.08.26, 11:00:56",98494470149,33064478025,1,Demos Visual Tests,angular(1/10)-screenshots-fluent.blue.light,feature/26_2_new_fluent_theme_with_design_tokens,cancelled,Run TestCafe tests,https://github.com/DevExpress/DevExtreme/actions/runs/33064478025/job/98494470149
"27.08.26, 11:00:56",98494470158,33064478025,1,Demos Visual Tests,vue(5/5)-screenshots-fluent-next.blue.light,feature/26_2_new_fluent_theme_with_design_tokens,cancelled,Run TestCafe tests,https://github.com/DevExpress/DevExtreme/actions/runs/33064478025/job/98494470158
"27.08.26, 11:00:56",98494470161,33064478025,1,Demos Visual Tests,vue(4/5)-screenshots-fluent.blue.light,feature/26_2_new_fluent_theme_with_design_tokens,cancelled,Run TestCafe tests,https://github.com/DevExpress/DevExtreme/actions/runs/33064478025/job/98494470161
"27.08.26, 11:00:56",98494470172,33064478025,1,Demos Visual Tests,vue(4/5)-screenshots-fluent-next.blue.light,feature/26_2_new_fluent_theme_with_design_tokens,cancelled,Run TestCafe tests,https://github.com/DevExpress/DevExtreme/actions/runs/33064478025/job/98494470172
"27.08.26, 11:00:56",98494470174,33064478025,1,Demos Visual Tests,vue(1/5)-screenshots-fluent.blue.light,feature/26_2_new_fluent_theme_with_design_tokens,cancelled,Run TestCafe tests,https://github.com/DevExpress/DevExtreme/actions/runs/33064478025/job/98494470174
"27.08.26, 11:00:56",98494470175,33064478025,1,Demos Visual Tests,angular(5/10)-screenshots-fluent-next.blue.light,feature/26_2_new_fluent_theme_with_design_tokens,cancelled,Run TestCafe tests,https://github.com/DevExpress/DevExtreme/actions/runs/33064478025/job/98494470175
"27.08.26, 11:00:56",98494470191,33064478025,1,Demos Visual Tests,vue(2/5)-screenshots-fluent-next.blue.light,feature/26_2_new_fluent_theme_with_design_tokens,cancelled,Run TestCafe tests,https://github.com/DevExpress/DevExtreme/actions/runs/33064478025/job/98494470191
"27.08.26, 11:00:56",98494470193,33064478025,1,Demos Visual Tests,react(2/3)-screenshots-fluent.blue.light,feature/26_2_new_fluent_theme_with_design_tokens,cancelled,Run TestCafe tests,https://github.com/DevExpress/DevExtreme/actions/runs/33064478025/job/98494470193
"27.08.26, 11:00:56",98494470196,33064478025,1,Demos Visual Tests,angular(3/10)-screenshots-fluent-next.blue.light,feature/26_2_new_fluent_theme_with_design_tokens,cancelled,Run TestCafe tests,https://github.com/DevExpress/DevExtreme/actions/runs/33064478025/job/98494470196
"27.08.26, 11:00:56",98494470200,33064478025,1,Demos Visual Tests,angular(7/10)-screenshots-fluent-next.blue.light,feature/26_2_new_fluent_theme_with_design_tokens,cancelled,Run TestCafe tests,https://github.com/DevExpress/DevExtreme/actions/runs/33064478025/job/98494470200
"27.08.26, 11:00:56",98494470213,33064478025,1,Demos Visual Tests,angular(3/10)-screenshots-fluent.blue.light,feature/26_2_new_fluent_theme_with_design_tokens,cancelled,Run TestCafe tests,https://github.com/DevExpress/DevExtreme/actions/runs/33064478025/job/98494470213
"27.08.26, 11:00:56",98494470232,33064478025,1,Demos Visual Tests,angular(8/10)-screenshots-fluent-next.blue.light,feature/26_2_new_fluent_theme_with_design_tokens,cancelled,Run TestCafe tests,https://github.com/DevExpress/DevExtreme/actions/runs/33064478025/job/98494470232
"27.08.26, 11:00:56",98494470244,33064478025,1,Demos Visual Tests,angular(9/10)-screenshots-fluent-next.blue.light,feature/26_2_new_fluent_theme_with_design_tokens,cancelled,Run TestCafe tests,https://github.com/DevExpress/DevExtreme/actions/runs/33064478025/job/98494470244
"27.08.26, 11:00:56",98494470247,33064478025,1,Demos Visual Tests,angular(10/10)-screenshots-fluent.blue.light,feature/26_2_new_fluent_theme_with_design_tokens,cancelled,Run TestCafe tests,https://github.com/DevExpress/DevExtreme/actions/runs/33064478025/job/98494470247
"27.08.26, 11:00:56",98494470250,33064478025,1,Demos Visual Tests,angular(6/10)-screenshots-fluent-next.blue.light,feature/26_2_new_fluent_theme_with_design_tokens,cancelled,Run TestCafe tests,https://github.com/DevExpress/DevExtreme/actions/runs/33064478025/job/98494470250
"27.08.26, 11:00:56",98494470253,33064478025,1,Demos Visual Tests,angular(1/10)-screenshots-fluent-next.blue.light,feature/26_2_new_fluent_theme_with_design_tokens,cancelled,Run TestCafe tests,https://github.com/DevExpress/DevExtreme/actions/runs/33064478025/job/98494470253
"27.08.26, 11:00:56",98494470257,33064478025,1,Demos Visual Tests,vue(5/5)-screenshots-fluent.blue.light,feature/26_2_new_fluent_theme_with_design_tokens,cancelled,Run TestCafe tests,https://github.com/DevExpress/DevExtreme/actions/runs/33064478025/job/98494470257
"27.08.26, 11:00:56",98494470259,33064478025,1,Demos Visual Tests,angular(5/10)-screenshots-fluent.blue.light,feature/26_2_new_fluent_theme_with_design_tokens,cancelled,Run TestCafe tests,https://github.com/DevExpress/DevExtreme/actions/runs/33064478025/job/98494470259
"27.08.26, 11:00:56",98494470281,33064478025,1,Demos Visual Tests,angular(10/10)-screenshots-fluent-next.blue.light,feature/26_2_new_fluent_theme_with_design_tokens,cancelled,Run TestCafe tests,https://github.com/DevExpress/DevExtreme/actions/runs/33064478025/job/98494470281
"27.08.26, 11:00:56",98494470284,33064478025,1,Demos Visual Tests,angular(6/10)-screenshots-fluent.blue.light,feature/26_2_new_fluent_theme_with_design_tokens,cancelled,Run TestCafe tests,https://github.com/DevExpress/DevExtreme/actions/runs/33064478025/job/98494470284
"27.08.26, 11:00:56",98494470287,33064478025,1,Demos Visual Tests,angular(2/10)-screenshots-fluent-next.blue.light,feature/26_2_new_fluent_theme_with_design_tokens,cancelled,Run TestCafe tests,https://github.com/DevExpress/DevExtreme/actions/runs/33064478025/job/98494470287
"27.08.26, 11:00:56",98494470335,33064478025,1,Demos Visual Tests,angular(9/10)-screenshots-fluent.blue.light,feature/26_2_new_fluent_theme_with_design_tokens,cancelled,Run TestCafe tests,https://github.com/DevExpress/DevExtreme/actions/runs/33064478025/job/98494470335
"27.08.26, 11:00:56",98494470357,33064478025,1,Demos Visual Tests,angular(4/10)-screenshots-fluent-next.blue.light,feature/26_2_new_fluent_theme_with_design_tokens,cancelled,Run TestCafe tests,https://github.com/DevExpress/DevExtreme/actions/runs/33064478025/job/98494470357
"27.08.26, 11:00:56",98494470377,33064478025,1,Demos Visual Tests,angular(8/10)-screenshots-fluent.blue.light,feature/26_2_new_fluent_theme_with_design_tokens,cancelled,Run TestCafe tests,https://github.com/DevExpress/DevExtreme/actions/runs/33064478025/job/98494470377
"27.08.26, 11:00:56",98494470383,33064478025,1,Demos Visual Tests,angular(7/10)-screenshots-fluent.blue.light,feature/26_2_new_fluent_theme_with_design_tokens,cancelled,Run TestCafe tests,https://github.com/DevExpress/DevExtreme/actions/runs/33064478025/job/98494470383
"27.08.26, 11:05:12",98495504698,33064478025,1,Demos Visual Tests,CSP Violations Summary,feature/26_2_new_fluent_theme_with_design_tokens,cancelled,,https://github.com/DevExpress/DevExtreme/actions/runs/33064478025/job/98495504698
"27.08.26, 11:05:13",98495509157,33064478025,1,Demos Visual Tests,merge-artifacts,feature/26_2_new_fluent_theme_with_design_tokens,cancelled,,https://github.com/DevExpress/DevExtreme/actions/runs/33064478025/job/98495509157
"27.08.26, 10:06:39",98481430382,33060887014,1,Demos Visual Tests,jquery-accessibility-fluent-next.blue.dark,fluent-next/unused-variable,failure,Run TestCafe tests (jQuery),https://github.com/DevExpress/DevExtreme/actions/runs/33060887014/job/98481430382
"27.08.26, 10:11:21",98482579992,33060887014,1,Demos Visual Tests,vue(5/5)-screenshots-fluent.blue.light,fluent-next/unused-variable,failure,Run TestCafe tests,https://github.com/DevExpress/DevExtreme/actions/runs/33060887014/job/98482579992
"27.08.26, 10:11:21",98482580098,33060887014,1,Demos Visual Tests,vue(5/5)-screenshots-fluent-next.blue.light,fluent-next/unused-variable,failure,Run TestCafe tests,https://github.com/DevExpress/DevExtreme/actions/runs/33060887014/job/98482580098
"27.08.26, 09:56:53",98478989125,33060858611,1,Demos Visual Tests,Check if tests should run,fluent-next/unused-variable,cancelled,,https://github.com/DevExpress/DevExtreme/actions/runs/33060858611/job/98478989125
"27.08.26, 09:57:18",98479093018,33060858611,1,Demos Visual Tests,Get changed demos,fluent-next/unused-variable,cancelled,,https://github.com/DevExpress/DevExtreme/actions/runs/33060858611/job/98479093018
"27.08.26, 09:57:18",98479093461,33060858611,1,Demos Visual Tests,Determine scope for framework tests,fluent-next/unused-variable,cancelled,,https://github.com/DevExpress/DevExtreme/actions/runs/33060858611/job/98479093461
"27.08.26, 09:57:19",98479094377,33060858611,1,Demos Visual Tests,Determine jQuery test matrix,fluent-next/unused-variable,cancelled,,https://github.com/DevExpress/DevExtreme/actions/runs/33060858611/job/98479094377
"27.08.26, 09:57:19",98479094729,33060858611,1,Demos Visual Tests,Build Demos Bundles,fluent-next/unused-variable,cancelled,,https://github.com/DevExpress/DevExtreme/actions/runs/33060858611/job/98479094729
"27.08.26, 09:57:19",98479094790,33060858611,1,Demos Visual Tests,Build DevExtreme,fluent-next/unused-variable,cancelled,,https://github.com/DevExpress/DevExtreme/actions/runs/33060858611/job/98479094790
"27.08.26, 09:57:19",98479094977,33060858611,1,Demos Visual Tests,Check TS and lint code base,fluent-next/unused-variable,cancelled,,https://github.com/DevExpress/DevExtreme/actions/runs/33060858611/job/98479094977
"27.08.26, 09:57:19",98479095068,33060858611,1,Demos Visual Tests,${{ matrix.CONSTEL }}-${{ matrix.STRATEGY }}-${{ matrix.THEME }},fluent-next/unused-variable,cancelled,,https://github.com/DevExpress/DevExtreme/actions/runs/33060858611/job/98479095068
"27.08.26, 09:57:19",98479095523,33060858611,1,Demos Visual Tests,Check generated demos,fluent-next/unused-variable,cancelled,,https://github.com/DevExpress/DevExtreme/actions/runs/33060858611/job/98479095523
"27.08.26, 09:57:19",98479095535,33060858611,1,Demos Visual Tests,Check generated demos (changed only),fluent-next/unused-variable,cancelled,,https://github.com/DevExpress/DevExtreme/actions/runs/33060858611/job/98479095535
"27.08.26, 09:57:19",98479095612,33060858611,1,Demos Visual Tests,CSP check (jQuery),fluent-next/unused-variable,cancelled,,https://github.com/DevExpress/DevExtreme/actions/runs/33060858611/job/98479095612
"27.08.26, 09:57:19",98479095651,33060858611,1,Demos Visual Tests,"matrix.SHARD_TOTAL == 1 && format('CSP check ({0})', matrix.FRAMEWORK) || format('CSP check ({0} {1}/{2})', matrix.FRAMEWORK, matrix.SHARD_INDEX, matrix.SHARD_TOTAL)",fluent-next/unused-variable,cancelled,,https://github.com/DevExpress/DevExtreme/actions/runs/33060858611/job/98479095651
"27.08.26, 09:57:19",98479096105,33060858611,1,Demos Visual Tests,${{ matrix.CONSTEL }}-screenshots-${{ matrix.THEME }},fluent-next/unused-variable,cancelled,,https://github.com/DevExpress/DevExtreme/actions/runs/33060858611/job/98479096105
"27.08.26, 09:57:19",98479096131,33060858611,1,Demos Visual Tests,${{ matrix.CONSTEL }}-screenshots-${{ matrix.THEME }},fluent-next/unused-variable,cancelled,,https://github.com/DevExpress/DevExtreme/actions/runs/33060858611/job/98479096131
"27.08.26, 09:57:19",98479097008,33060858611,1,Demos Visual Tests,merge-artifacts,fluent-next/unused-variable,cancelled,,https://github.com/DevExpress/DevExtreme/actions/runs/33060858611/job/98479097008
"27.08.26, 09:49:14",98477078688,33059250514,1,Demos Visual Tests,vue-screenshots-fluent-next.blue.light,fluent-next/unused-variable,failure,Run TestCafe tests,https://github.com/DevExpress/DevExtreme/actions/runs/33059250514/job/98477078688
"27.08.26, 09:49:14",98477078735,33059250514,1,Demos Visual Tests,vue-screenshots-fluent.blue.light,fluent-next/unused-variable,failure,Run TestCafe tests,https://github.com/DevExpress/DevExtreme/actions/runs/33059250514/job/98477078735
"27.08.26, 08:24:30",98455791051,33053489630,1,Demos Visual Tests,CSP check (jQuery),typescript/events/es6_emitters,failure,,https://github.com/DevExpress/DevExtreme/actions/runs/33053489630/job/98455791051
"27.08.26, 08:24:30",98455791180,33053489630,1,Demos Visual Tests,jquery(3/3)-screenshots-fluent.blue.light,typescript/events/es6_emitters,failure,,https://github.com/DevExpress/DevExtreme/actions/runs/33053489630/job/98455791180
"27.08.26, 08:24:30",98455791188,33053489630,1,Demos Visual Tests,jquery(1/3)-screenshots-material.blue.light,typescript/events/es6_emitters,failure,,https://github.com/DevExpress/DevExtreme/actions/runs/33053489630/job/98455791188
"27.08.26, 08:24:30",98455791261,33053489630,1,Demos Visual Tests,jquery-accessibility-material.blue.light,typescript/events/es6_emitters,failure,,https://github.com/DevExpress/DevExtreme/actions/runs/33053489630/job/98455791261
"27.08.26, 08:17:24",98454061386,33052724585,1,Demos Visual Tests,angular(3/10)-screenshots-fluent.blue.light,fix/stabilize-ci-on-systemjs-removal,failure,Run TestCafe tests,https://github.com/DevExpress/DevExtreme/actions/runs/33052724585/job/98454061386
"27.08.26, 08:18:00",98454207586,33052714307,1,Demos Visual Tests,jquery-accessibility-fluent.blue.dark,fluent-next/unused-variable,failure,Run TestCafe tests (jQuery),https://github.com/DevExpress/DevExtreme/actions/runs/33052714307/job/98454207586
"27.08.26, 08:18:00",98454207592,33052714307,1,Demos Visual Tests,jquery-accessibility-material.blue.dark,fluent-next/unused-variable,failure,Run TestCafe tests (jQuery),https://github.com/DevExpress/DevExtreme/actions/runs/33052714307/job/98454207592
"27.08.26, 08:18:00",98454207622,33052714307,1,Demos Visual Tests,jquery-accessibility-fluent.blue.light,fluent-next/unused-variable,failure,Run TestCafe tests (jQuery),https://github.com/DevExpress/DevExtreme/actions/runs/33052714307/job/98454207622
"27.08.26, 08:20:02",98454691319,33052461107,1,Demos Visual Tests,angular(4/10)-screenshots-fluent.blue.light,feature/26_2_new_fluent_theme_with_design_tokens,failure,,https://github.com/DevExpress/DevExtreme/actions/runs/33052461107/job/98454691319
"27.08.26, 08:20:02",98454691326,33052461107,1,Demos Visual Tests,angular(3/10)-screenshots-fluent-next.blue.light,feature/26_2_new_fluent_theme_with_design_tokens,failure,,https://github.com/DevExpress/DevExtreme/actions/runs/33052461107/job/98454691326
"27.08.26, 08:20:02",98454691350,33052461107,1,Demos Visual Tests,angular(5/10)-screenshots-fluent-next.blue.light,feature/26_2_new_fluent_theme_with_design_tokens,failure,,https://github.com/DevExpress/DevExtreme/actions/runs/33052461107/job/98454691350
"27.08.26, 08:20:02",98454691359,33052461107,1,Demos Visual Tests,vue(4/5)-screenshots-fluent.blue.light,feature/26_2_new_fluent_theme_with_design_tokens,failure,,https://github.com/DevExpress/DevExtreme/actions/runs/33052461107/job/98454691359
"27.08.26, 08:20:02",98454691390,33052461107,1,Demos Visual Tests,angular(10/10)-screenshots-fluent-next.blue.light,feature/26_2_new_fluent_theme_with_design_tokens,failure,,https://github.com/DevExpress/DevExtreme/actions/runs/33052461107/job/98454691390
"27.08.26, 08:20:02",98454691401,33052461107,1,Demos Visual Tests,angular(5/10)-screenshots-fluent.blue.light,feature/26_2_new_fluent_theme_with_design_tokens,failure,,https://github.com/DevExpress/DevExtreme/actions/runs/33052461107/job/98454691401
"27.08.26, 07:43:06",98445847258,33050566844,1,Demos Visual Tests,CSP check (Angular 1/3),fix/stabilize-ci-on-systemjs-removal,failure,Bundle demos for CSP check,https://github.com/DevExpress/DevExtreme/actions/runs/33050566844/job/98445847258
"27.08.26, 07:44:36",98446198956,33050566844,1,Demos Visual Tests,Build demos (Angular 1/3),fix/stabilize-ci-on-systemjs-removal,failure,Build demo bundles,https://github.com/DevExpress/DevExtreme/actions/runs/33050566844/job/98446198956
"27.08.26, 07:10:05",98438405132,33048005176,1,Demos Visual Tests,CSP check (Vue 2/2),fix/stabilize-ci-on-systemjs-removal,failure,Run CSP Check,https://github.com/DevExpress/DevExtreme/actions/runs/33048005176/job/98438405132
"27.08.26, 07:13:41",98439184752,33048005176,1,Demos Visual Tests,angular(3/10)-screenshots-fluent.blue.light,fix/stabilize-ci-on-systemjs-removal,failure,Run TestCafe tests,https://github.com/DevExpress/DevExtreme/actions/runs/33048005176/job/98439184752
"27.08.26, 04:02:01",98405447133,33037809931,1,Demos Visual Tests,CSP check (jQuery),typescript/events/es6_emitters,cancelled,Run CSP Check,https://github.com/DevExpress/DevExtreme/actions/runs/33037809931/job/98405447133
"27.08.26, 04:02:01",98405447167,33037809931,1,Demos Visual Tests,jquery(2/3)-screenshots-material.blue.light,typescript/events/es6_emitters,cancelled,Run TestCafe tests (jQuery),https://github.com/DevExpress/DevExtreme/actions/runs/33037809931/job/98405447167
"27.08.26, 04:02:01",98405447168,33037809931,1,Demos Visual Tests,jquery(3/3)-screenshots-material.blue.light,typescript/events/es6_emitters,cancelled,,https://github.com/DevExpress/DevExtreme/actions/runs/33037809931/job/98405447168
"27.08.26, 04:02:01",98405447190,33037809931,1,Demos Visual Tests,jquery(1/3)-screenshots-material.blue.light,typescript/events/es6_emitters,cancelled,Run TestCafe tests (jQuery),https://github.com/DevExpress/DevExtreme/actions/runs/33037809931/job/98405447190
"27.08.26, 04:02:01",98405447194,33037809931,1,Demos Visual Tests,jquery-accessibility-material.blue.light,typescript/events/es6_emitters,cancelled,Run TestCafe tests (jQuery),https://github.com/DevExpress/DevExtreme/actions/runs/33037809931/job/98405447194
"27.08.26, 04:02:01",98405447231,33037809931,1,Demos Visual Tests,jquery(1/3)-screenshots-fluent.blue.light,typescript/events/es6_emitters,cancelled,Run TestCafe tests (jQuery),https://github.com/DevExpress/DevExtreme/actions/runs/33037809931/job/98405447231
"27.08.26, 04:02:01",98405447232,33037809931,1,Demos Visual Tests,jquery(2/3)-screenshots-fluent.blue.light,typescript/events/es6_emitters,cancelled,Run TestCafe tests (jQuery),https://github.com/DevExpress/DevExtreme/actions/runs/33037809931/job/98405447232
"27.08.26, 04:02:01",98405447235,33037809931,1,Demos Visual Tests,jquery(3/3)-screenshots-fluent.blue.light,typescript/events/es6_emitters,cancelled,Run TestCafe tests (jQuery),https://github.com/DevExpress/DevExtreme/actions/runs/33037809931/job/98405447235
"27.08.26, 04:02:01",98405447316,33037809931,1,Demos Visual Tests,jquery-accessibility-fluent.blue.light,typescript/events/es6_emitters,cancelled,,https://github.com/DevExpress/DevExtreme/actions/runs/33037809931/job/98405447316
"27.08.26, 04:04:00",98405784819,33037809931,1,Demos Visual Tests,CSP Violations Summary,typescript/events/es6_emitters,cancelled,,https://github.com/DevExpress/DevExtreme/actions/runs/33037809931/job/98405784819
"27.08.26, 04:08:44",98406552743,33037809931,1,Demos Visual Tests,merge-artifacts,typescript/events/es6_emitters,cancelled,,https://github.com/DevExpress/DevExtreme/actions/runs/33037809931/job/98406552743
"27.08.26, 21:57:49",98685845735,33120486846,1,Wrappers Tests,build,gh-readonly-queue/main/pr-34938-4e11ff93a3cd59ad2c902db02c8592f235a21a1e,failure,Build devextreme package,https://github.com/DevExpress/DevExtreme/actions/runs/33120486846/job/98685845735
"27.08.26, 21:31:39",98679358206,33118549162,1,Wrappers Tests,build,gh-readonly-queue/main/pr-34938-4e11ff93a3cd59ad2c902db02c8592f235a21a1e,failure,Build devextreme package,https://github.com/DevExpress/DevExtreme/actions/runs/33118549162/job/98679358206
"27.08.26, 16:48:53",98598058614,33094371378,1,Wrappers Tests,test (angular),playwright-components-infra,cancelled,Test angular,https://github.com/DevExpress/DevExtreme/actions/runs/33094371378/job/98598058614
"27.08.26, 16:38:31",98594938407,33094231431,1,Wrappers Tests,build,playwright-components-infra,cancelled,,https://github.com/DevExpress/DevExtreme/actions/runs/33094231431/job/98594938407
"27.08.26, 16:38:31",98594938607,33094231431,1,Wrappers Tests,check-regenerate,playwright-components-infra,cancelled,Install dependencies,https://github.com/DevExpress/DevExtreme/actions/runs/33094231431/job/98594938607
"27.08.26, 16:44:45",98596821861,33094231431,1,Wrappers Tests,test,playwright-components-infra,cancelled,,https://github.com/DevExpress/DevExtreme/actions/runs/33094231431/job/98596821861
"27.08.26, 16:34:51",98593839093,33093950556,1,Wrappers Tests,check-regenerate,playwright-components-infra,cancelled,Post Setup pnpm cache,https://github.com/DevExpress/DevExtreme/actions/runs/33093950556/job/98593839093
"27.08.26, 16:34:51",98593839284,33093950556,1,Wrappers Tests,build,playwright-components-infra,cancelled,Install dependencies,https://github.com/DevExpress/DevExtreme/actions/runs/33093950556/job/98593839284
"27.08.26, 16:38:30",98594937348,33093950556,1,Wrappers Tests,test,playwright-components-infra,cancelled,,https://github.com/DevExpress/DevExtreme/actions/runs/33093950556/job/98594937348
"27.08.26, 14:28:29",98552953558,33081927294,1,Wrappers Tests,test (angular),refactor/gridcore-datacontroller-merge-datahelper-mixin-26_2,cancelled,Pack angular,https://github.com/DevExpress/DevExtreme/actions/runs/33081927294/job/98552953558
"27.08.26, 13:45:14",98538928456,33078485959,1,Wrappers Tests,check-regenerate,test_CI_26_2,cancelled,Install dependencies,https://github.com/DevExpress/DevExtreme/actions/runs/33078485959/job/98538928456
"27.08.26, 13:45:14",98538928891,33078485959,1,Wrappers Tests,build,test_CI_26_2,cancelled,Get sources,https://github.com/DevExpress/DevExtreme/actions/runs/33078485959/job/98538928891
"27.08.26, 13:45:29",98539003457,33078485959,1,Wrappers Tests,test,test_CI_26_2,cancelled,,https://github.com/DevExpress/DevExtreme/actions/runs/33078485959/job/98539003457
"27.08.26, 13:05:32",98526930065,33074828471,1,Wrappers Tests,test (vue),playwright-wrappers-e2e-stage1,cancelled,Setup pnpm cache,https://github.com/DevExpress/DevExtreme/actions/runs/33074828471/job/98526930065
"27.08.26, 13:05:32",98526930077,33074828471,1,Wrappers Tests,test (angular),playwright-wrappers-e2e-stage1,cancelled,Setup pnpm cache,https://github.com/DevExpress/DevExtreme/actions/runs/33074828471/job/98526930077
"27.08.26, 13:05:32",98526930159,33074828471,1,Wrappers Tests,test (react),playwright-wrappers-e2e-stage1,cancelled,Setup pnpm cache,https://github.com/DevExpress/DevExtreme/actions/runs/33074828471/job/98526930159
"27.08.26, 13:00:43",98525534739,33074184025,1,Wrappers Tests,test (angular),playwright-wrappers-e2e-stage1,cancelled,Test angular,https://github.com/DevExpress/DevExtreme/actions/runs/33074184025/job/98525534739
"27.08.26, 13:00:43",98525534762,33074184025,1,Wrappers Tests,test (vue),playwright-wrappers-e2e-stage1,cancelled,Test vue,https://github.com/DevExpress/DevExtreme/actions/runs/33074184025/job/98525534762
"27.08.26, 13:00:43",98525534779,33074184025,1,Wrappers Tests,test (react),playwright-wrappers-e2e-stage1,cancelled,Test react,https://github.com/DevExpress/DevExtreme/actions/runs/33074184025/job/98525534779
"27.08.26, 12:30:32",98517002286,33072186970,1,Wrappers Tests,check-regenerate,feature/remove-systemjs-from-demos,cancelled,Post Setup pnpm cache,https://github.com/DevExpress/DevExtreme/actions/runs/33072186970/job/98517002286
"27.08.26, 12:30:32",98517002519,33072186970,1,Wrappers Tests,build,feature/remove-systemjs-from-demos,cancelled,Build devextreme package,https://github.com/DevExpress/DevExtreme/actions/runs/33072186970/job/98517002519
"27.08.26, 12:32:55",98517665989,33072186970,1,Wrappers Tests,test,feature/remove-systemjs-from-demos,cancelled,,https://github.com/DevExpress/DevExtreme/actions/runs/33072186970/job/98517665989
"27.08.26, 09:58:03",98479277248,33060944952,1,Wrappers Tests,build,gh-readonly-queue/main/pr-34948-969d4c6202f56ecea266cc63561c2bd94ba3f758,failure,,https://github.com/DevExpress/DevExtreme/actions/runs/33060944952/job/98479277248
"27.08.26, 09:56:52",98478984108,33060858640,1,Wrappers Tests,build,fluent-next/unused-variable,cancelled,Use Node.js,https://github.com/DevExpress/DevExtreme/actions/runs/33060858640/job/98478984108
"27.08.26, 09:56:52",98478984375,33060858640,1,Wrappers Tests,check-regenerate,fluent-next/unused-variable,cancelled,Use Node.js,https://github.com/DevExpress/DevExtreme/actions/runs/33060858640/job/98478984375
"27.08.26, 09:57:22",98479106642,33060858640,1,Wrappers Tests,test,fluent-next/unused-variable,cancelled,,https://github.com/DevExpress/DevExtreme/actions/runs/33060858640/job/98479106642
"27.08.26, 08:24:21",98455755254,33053228075,1,Wrappers Tests,test (vue),refactor_apply_changes_only_main,failure,,https://github.com/DevExpress/DevExtreme/actions/runs/33053228075/job/98455755254
"27.08.26, 08:24:21",98455755386,33053228075,1,Wrappers Tests,test (react),refactor_apply_changes_only_main,failure,,https://github.com/DevExpress/DevExtreme/actions/runs/33053228075/job/98455755386
"27.08.26, 04:02:23",98405510343,33037809978,1,Wrappers Tests,test (angular),typescript/events/es6_emitters,cancelled,Test angular,https://github.com/DevExpress/DevExtreme/actions/runs/33037809978/job/98405510343
"27.08.26, 04:02:23",98405510351,33037809978,1,Wrappers Tests,test (react),typescript/events/es6_emitters,cancelled,Test react,https://github.com/DevExpress/DevExtreme/actions/runs/33037809978/job/98405510351
"27.08.26, 04:02:23",98405510423,33037809978,1,Wrappers Tests,test (vue),typescript/events/es6_emitters,cancelled,Install dependencies,https://github.com/DevExpress/DevExtreme/actions/runs/33037809978/job/98405510423
"27.08.26, 21:57:49",98685845370,33120486796,1,Wrappers E2E Tests,Build DevExtreme and Wrappers,gh-readonly-queue/main/pr-34938-4e11ff93a3cd59ad2c902db02c8592f235a21a1e,failure,Build all DevExtreme packages,https://github.com/DevExpress/DevExtreme/actions/runs/33120486796/job/98685845370
"27.08.26, 21:31:39",98679357982,33118549309,1,Wrappers E2E Tests,Build DevExtreme and Wrappers,gh-readonly-queue/main/pr-34938-4e11ff93a3cd59ad2c902db02c8592f235a21a1e,failure,Build all DevExtreme packages,https://github.com/DevExpress/DevExtreme/actions/runs/33118549309/job/98679357982
"27.08.26, 16:38:30",98594933801,33094231453,1,Wrappers E2E Tests,Build DevExtreme and Wrappers,playwright-components-infra,cancelled,Build all DevExtreme packages,https://github.com/DevExpress/DevExtreme/actions/runs/33094231453/job/98594933801
"27.08.26, 16:40:26",98595514343,33094231453,1,Wrappers E2E Tests,Test ${{ matrix.framework }},playwright-components-infra,cancelled,,https://github.com/DevExpress/DevExtreme/actions/runs/33094231453/job/98595514343
"27.08.26, 16:34:51",98593839000,33093950635,1,Wrappers E2E Tests,Build DevExtreme and Wrappers,playwright-components-infra,cancelled,Build all DevExtreme packages,https://github.com/DevExpress/DevExtreme/actions/runs/33093950635/job/98593839000
"27.08.26, 16:38:29",98594932979,33093950635,1,Wrappers E2E Tests,Test ${{ matrix.framework }},playwright-components-infra,cancelled,,https://github.com/DevExpress/DevExtreme/actions/runs/33093950635/job/98594932979
"27.08.26, 13:45:14",98538928061,33078485805,1,Wrappers E2E Tests,Build DevExtreme and Wrappers,test_CI_26_2,cancelled,Install dependencies,https://github.com/DevExpress/DevExtreme/actions/runs/33078485805/job/98538928061
"27.08.26, 13:46:21",98539278211,33078485805,1,Wrappers E2E Tests,Test ${{ matrix.framework }},test_CI_26_2,cancelled,,https://github.com/DevExpress/DevExtreme/actions/runs/33078485805/job/98539278211
"27.08.26, 13:03:00",98526200630,33074828441,1,Wrappers E2E Tests,Build DevExtreme and Wrappers,playwright-wrappers-e2e-stage1,cancelled,Build all DevExtreme packages,https://github.com/DevExpress/DevExtreme/actions/runs/33074828441/job/98526200630
"27.08.26, 13:06:12",98527124567,33074828441,1,Wrappers E2E Tests,Test ${{ matrix.framework }},playwright-wrappers-e2e-stage1,cancelled,,https://github.com/DevExpress/DevExtreme/actions/runs/33074828441/job/98527124567
"27.08.26, 12:55:14",98523962636,33074184102,1,Wrappers E2E Tests,Build DevExtreme and Wrappers,playwright-wrappers-e2e-stage1,cancelled,Post Setup pnpm cache,https://github.com/DevExpress/DevExtreme/actions/runs/33074184102/job/98523962636
"27.08.26, 13:03:00",98526199154,33074184102,1,Wrappers E2E Tests,Test ${{ matrix.framework }},playwright-wrappers-e2e-stage1,cancelled,,https://github.com/DevExpress/DevExtreme/actions/runs/33074184102/job/98526199154
"27.08.26, 12:30:32",98517002216,33072186990,1,Wrappers E2E Tests,Build DevExtreme and Wrappers,feature/remove-systemjs-from-demos,cancelled,Install dependencies,https://github.com/DevExpress/DevExtreme/actions/runs/33072186990/job/98517002216
"27.08.26, 12:32:50",98517642363,33072186990,1,Wrappers E2E Tests,Test ${{ matrix.framework }},feature/remove-systemjs-from-demos,cancelled,,https://github.com/DevExpress/DevExtreme/actions/runs/33072186990/job/98517642363
"27.08.26, 09:56:52",98478982649,33060858557,1,Wrappers E2E Tests,Build DevExtreme and Wrappers,fluent-next/unused-variable,cancelled,Use Node.js,https://github.com/DevExpress/DevExtreme/actions/runs/33060858557/job/98478982649
"27.08.26, 09:57:18",98479091882,33060858557,1,Wrappers E2E Tests,Test ${{ matrix.framework }},fluent-next/unused-variable,cancelled,,https://github.com/DevExpress/DevExtreme/actions/runs/33060858557/job/98479091882
"27.08.26, 03:55:20",98404352172,33037809930,1,Wrappers E2E Tests,Build DevExtreme and Wrappers,typescript/events/es6_emitters,cancelled,Build all DevExtreme packages,https://github.com/DevExpress/DevExtreme/actions/runs/33037809930/job/98404352172
"27.08.26, 04:04:02",98405789694,33037809930,1,Wrappers E2E Tests,Test ${{ matrix.framework }},typescript/events/es6_emitters,cancelled,,https://github.com/DevExpress/DevExtreme/actions/runs/33037809930/job/98405789694
