date,workflow name,job name,main success runs,main failure runs,main cancelled runs,main skipped runs,main retries,main min duration,main avg duration,main max duration,pr success runs,pr failure runs,pr cancelled runs,pr skipped runs,pr retries,pr min duration,pr avg duration,pr max duration
2026-10-07,Send dependabot new vulnerability alerts,Fetch analysis,0,0,0,0,0,0,0,0,1,0,0,0,0,"0,0000462962963","0,0000462962963","0,0000462962963"
2026-10-07,Send dependabot new vulnerability alerts,Send notifications,0,0,0,0,0,0,0,0,1,0,0,0,0,"0,0001041666667","0,0001041666667","0,0001041666667"
2026-10-07,Build and pack DevExtreme npm packages,build,14,1,4,0,0,"0,0002314814815","0,006731846979","0,02023148148",90,8,11,0,1,"0,00001157407407","0,006970990486","0,01946759259"
2026-10-07,Build and pack DevExtreme npm packages,custom_bundles,14,0,4,1,0,"-0,00001157407407","0,0007084551657","0,001539351852",84,1,13,8,1,"-0,00001157407407","0,0007595213138","0,001944444444"
2026-10-07,CodeQL,Analyze JavaScript,4,0,0,0,0,"0,008645833333","0,01094328704","0,01216435185",1,0,0,0,0,"0,02381944444","0,02381944444","0,02381944444"
2026-10-07,CodeQL,Fetch analysis,4,0,0,0,0,"0,00002314814815","0,0000318287037","0,00003472222222",1,0,0,0,0,"0,0000462962963","0,0000462962963","0,0000462962963"
2026-10-07,CodeQL,Send notifications,2,2,0,0,0,"0,00002314814815","0,00003761574074","0,00005787037037",1,0,0,0,0,"0,00008101851852","0,00008101851852","0,00008101851852"
2026-10-07,CodeQL,Analyze C#,1,0,0,0,0,"0,001365740741","0,001365740741","0,001365740741",0,0,0,0,0,0,0,0
2026-10-07,CodeQL (scheduler),Run CodeQL workflow (25_2),0,0,0,0,0,0,0,0,1,0,0,0,0,"0,00005787037037","0,00005787037037","0,00005787037037"
2026-10-07,CodeQL (scheduler),Run CodeQL workflow (main),0,0,0,0,0,0,0,0,1,0,0,0,0,"0,00009259259259","0,00009259259259","0,00009259259259"
2026-10-07,CodeQL (scheduler),Run CodeQL workflow (24_2),0,0,0,0,0,0,0,0,1,0,0,0,0,"0,00008101851852","0,00008101851852","0,00008101851852"
2026-10-07,CodeQL (scheduler),Run CodeQL workflow (26_1),0,0,0,0,0,0,0,0,1,0,0,0,0,"0,00006944444444","0,00006944444444","0,00006944444444"
2026-10-07,CodeQL (scheduler),Run CodeQL workflow (25_1),0,0,0,0,0,0,0,0,1,0,0,0,0,"0,00009259259259","0,00009259259259","0,00009259259259"
2026-10-07,Default Workflow,main,19,0,0,0,0,"0,003391203704","0,004647904483","0,009988425926",91,6,12,0,0,"0,00001157407407","0,004380309208","0,01263888889"
2026-10-07,Demos unit tests,Check if tests should run,19,0,0,0,0,"0,00002314814815","0,00003411306043","0,0000462962963",108,0,1,0,0,"0,00001157407407","0,00004544682297","0,0004398148148"
2026-10-07,Demos unit tests,Run unit tests,19,0,0,0,0,"0,0008564814815","0,001134868421","0,00130787037",103,1,5,0,0,"-0,00001157407407","0,001065133367","0,001412037037"
2026-10-07,Demos Visual Tests,Check if tests should run,19,0,0,0,0,"0,00002314814815","0,00003472222222","0,00005787037037",115,0,2,0,8,0,"0,00004510921178","0,0001388888889"
2026-10-07,Demos Visual Tests,Determine scope for framework tests,19,0,0,0,0,"0,00002314814815","0,00003594054581","0,00005787037037",43,0,1,0,2,0,"0,00003498526936","0,00006944444444"
2026-10-07,Demos Visual Tests,Get changed demos,0,0,0,19,0,0,"-0,00000182748538",0,43,0,1,0,2,"0,0001388888889","0,0002072811448","0,0004513888889"
2026-10-07,Demos Visual Tests,Build DevExtreme,17,2,0,0,0,"0,004826388889","0,006357821637","0,01400462963",100,6,11,0,8,"-0,00001157407407","0,004813924501","0,01459490741"
2026-10-07,Demos Visual Tests,Check generated demos (changed only),0,0,0,19,0,0,"-0,000003045808967",0,1,2,5,36,2,"-0,00001157407407","-0,001485690236","0,003356481481"
2026-10-07,Demos Visual Tests,Check generated demos (${{ matrix.CONSTEL }}),0,0,0,1,0,0,0,0,0,0,1,3,0,"-0,00001157407407","-0,000008680555556",0
2026-10-07,Demos Visual Tests,Check TS,4,0,0,1,0,"0,001215277778","0,001268518519","0,002453703704",0,0,1,3,0,"-0,00001157407407","-0,000008680555556",0
2026-10-07,Demos Visual Tests,${{ matrix.CONSTEL }}-${{ matrix.STRATEGY }}-${{ matrix.THEME }},0,0,0,2,0,0,0,0,0,0,11,6,0,"-0,00001157407407","-0,000008169934641",0
2026-10-07,Demos Visual Tests,Lint code base,4,0,0,1,0,"0,002881944444","0,002773148148","0,004791666667",0,0,1,3,0,"-0,00001157407407","-0,000008680555556",0
2026-10-07,Demos Visual Tests,Build Demos Bundles,4,0,0,1,0,"0,003240740741","0,002689814815","0,003506944444",2,0,2,3,0,"-0,00001157407407","0,001273148148","0,003032407407"
2026-10-07,Demos Visual Tests,${{ matrix.CONSTEL }}-screenshots-${{ matrix.THEME }},0,0,0,21,0,0,"-0,000003858024691",0,0,0,21,82,4,"-0,00001157407407","-0,001452040633",0
2026-10-07,Demos Visual Tests,merge-artifacts,2,0,0,17,0,"0,0000462962963","0,000003045808967","0,00008101851852",13,0,21,82,8,"-0,00001157407407","-0,0001477689974","0,0002314814815"
2026-10-07,Demos Visual Tests,Check generated demos (1/2),4,0,0,0,0,"0,003298611111","0,003486689815","0,00375",0,0,0,0,0,0,0,0
2026-10-07,Demos Visual Tests,Check generated demos (2/2),4,0,0,0,0,"0,00337962963","0,003781828704","0,004143518519",0,0,0,0,0,0,0,0
2026-10-07,Demos Visual Tests,jquery(1/3)-screenshots-fluent.blue.light,17,0,0,0,0,"0,003206018519","0,003774509804","0,006099537037",87,3,7,0,8,"0,000474537037","0,00412717163","0,01166666667"
2026-10-07,Demos Visual Tests,jquery(2/3)-screenshots-fluent.blue.light,17,0,0,0,0,"0,003472222222","0,003863017429","0,004803240741",92,0,5,0,8,"0,000474537037","0,00388232627","0,006805555556"
2026-10-07,Demos Visual Tests,jquery(2/3)-screenshots-material.blue.light,17,0,0,0,0,"0,003576388889","0,004163262527","0,006770833333",91,1,5,0,8,"0,000474537037","0,004224656357","0,0125"
2026-10-07,Demos Visual Tests,jquery(3/3)-screenshots-material.blue.light,17,0,0,0,0,"0,003368055556","0,003540305011","0,004166666667",91,0,6,0,8,"0,000474537037","0,003815745514","0,01225694444"
2026-10-07,Demos Visual Tests,jquery-accessibility-fluent.blue.light,17,0,0,0,0,"0,002118055556","0,002732162309","0,003055555556",92,1,4,0,8,"0,000474537037","0,003201484345","0,01251157407"
2026-10-07,Demos Visual Tests,jquery(3/3)-screenshots-fluent.blue.light,17,0,0,0,0,"0,003425925926","0,003616557734","0,004097222222",91,0,6,0,8,"0,000474537037","0,003779114166","0,01163194444"
2026-10-07,Demos Visual Tests,jquery-accessibility-material.blue.light,17,0,0,0,0,"0,002199074074","0,003242783224","0,006597222222",90,2,5,0,8,"0,000474537037","0,003387743414","0,009027777778"
2026-10-07,Demos Visual Tests,jquery(1/3)-screenshots-material.blue.light,17,0,0,0,0,"0,002766203704","0,004205473856","0,006875",90,2,5,0,8,"0,000462962963","0,004000453417","0,007060185185"
2026-10-07,Demos Visual Tests,vue(4/5)-screenshots-fluent.blue.light,17,0,0,0,0,"0,002465277778","0,004731753813","0,01614583333",52,0,4,0,6,"0,002708333333","0,003173156415","0,004918981481"
2026-10-07,Demos Visual Tests,angular(4/10)-screenshots-fluent.blue.light,17,0,0,0,0,"0,00244212963","0,004689542484","0,01640046296",50,2,4,0,6,"0,002256944444","0,002860656415","0,006458333333"
2026-10-07,Demos Visual Tests,vue(1/5)-screenshots-fluent.blue.light,17,0,0,0,0,"0,003032407407","0,005705337691","0,01671296296",52,0,4,0,6,"0,002708333333","0,003487929894","0,005648148148"
2026-10-07,Demos Visual Tests,vue(2/5)-screenshots-fluent.blue.light,17,0,0,0,0,"0,002881944444","0,004869961874","0,01244212963",51,1,4,0,6,"0,002291666667","0,003568741733","0,008344907407"
2026-10-07,Demos Visual Tests,react(3/3)-screenshots-fluent.blue.light,17,0,0,0,0,"0,003530092593","0,004156454248","0,007662037037",51,1,4,0,6,"0,002708333333","0,003845692791","0,007638888889"
2026-10-07,Demos Visual Tests,vue(3/5)-screenshots-fluent.blue.light,17,0,0,0,0,"0,003101851852","0,004876770153","0,01256944444",52,0,4,0,6,"0,002708333333","0,003443080357","0,005381944444"
2026-10-07,Demos Visual Tests,angular(2/10)-screenshots-fluent.blue.light,17,0,0,0,0,"0,002534722222","0,004697712418","0,01746527778",51,0,5,0,6,"0,002268518519","0,002992724868","0,004699074074"
2026-10-07,Demos Visual Tests,vue(5/5)-screenshots-fluent.blue.light,16,1,0,0,0,"0,002731481481","0,004897194989","0,01038194444",49,2,5,0,6,"0,002708333333","0,003449900794","0,005439814815"
2026-10-07,Demos Visual Tests,angular(3/10)-screenshots-fluent.blue.light,17,0,0,0,0,"0,002534722222","0,00415577342","0,01605324074",52,0,4,0,6,"0,0025","0,003077050265","0,004976851852"
2026-10-07,Demos Visual Tests,react(1/3)-screenshots-fluent.blue.light,17,0,0,0,0,"0,003773148148","0,004274918301","0,006365740741",52,0,4,0,6,"0,002291666667","0,004032738095","0,006180555556"
2026-10-07,Demos Visual Tests,react(2/3)-screenshots-fluent.blue.light,16,1,0,0,0,"0,003912037037","0,004925108932","0,01251157407",50,2,4,0,6,"0,002268518519","0,00396412037","0,006539351852"
2026-10-07,Demos Visual Tests,angular(7/10)-screenshots-fluent.blue.light,17,0,0,0,0,"0,00244212963","0,004183687364","0,01644675926",52,0,4,0,6,"0,002291666667","0,002911292989","0,006909722222"
2026-10-07,Demos Visual Tests,angular(1/10)-screenshots-fluent.blue.light,17,0,0,0,0,"0,002835648148","0,004200708061","0,011875",51,1,4,0,6,"0,0002083333333","0,002908812831","0,003761574074"
2026-10-07,Demos Visual Tests,angular(5/10)-screenshots-fluent.blue.light,17,0,0,0,0,"0,002511574074","0,003847358388","0,008784722222",52,0,4,0,6,"0,002268518519","0,002833581349","0,004398148148"
2026-10-07,Demos Visual Tests,angular(10/10)-screenshots-fluent.blue.light,17,0,0,0,0,"0,002291666667","0,003873229847","0,01194444444",52,0,4,0,6,"0,002326388889","0,002699032738","0,004155092593"
2026-10-07,Demos Visual Tests,angular(8/10)-screenshots-fluent.blue.light,17,0,0,0,0,"0,002476851852","0,003628131808","0,006319444444",52,0,4,0,6,"0,002233796296","0,002744295635","0,004108796296"
2026-10-07,Demos Visual Tests,angular(9/10)-screenshots-fluent.blue.light,17,0,0,0,0,"0,002546296296","0,003919526144","0,006990740741",51,1,4,0,6,"0,002291666667","0,002823040675","0,007638888889"
2026-10-07,Demos Visual Tests,angular(6/10)-screenshots-fluent.blue.light,17,0,0,0,0,"0,003125","0,004258578431","0,006990740741",52,0,4,0,6,"0,0008680555556","0,002913979828","0,01175925926"
2026-10-07,Label PR by changed files,label,0,0,0,0,0,0,0,0,103,0,0,0,0,"0,00003472222222","0,00007011866235","0,0006365740741"
2026-10-07,Lint,texts,19,0,0,0,0,"0,0007523148148","0,001092227096","0,001701388889",103,0,7,0,1,"0,00001157407407","0,001351957071","0,002928240741"
2026-10-07,Lint,TS,19,0,0,0,0,"0,00337962963","0,005213206628","0,007199074074",90,9,11,0,1,"0,00001157407407","0,005145412458","0,01459490741"
2026-10-07,Lint,JS,19,0,0,0,0,"0,002893518519","0,004119761209","0,006122685185",91,9,10,0,1,"0,00001157407407","0,00434469697","0,01575231481"
2026-10-07,Lint,component_exports,19,0,0,0,0,"0,0008333333333","0,001220760234","0,0028125",105,0,5,0,1,"0,00001157407407","0,0009863215488","0,001828703704"
2026-10-07,Lint,wrappers,19,0,0,0,0,"0,0009722222222","0,001181773879","0,001747685185",102,0,8,0,1,"0,00001157407407","0,001431397306","0,003101851852"
2026-10-07,Lint,Send notifications,0,0,0,19,0,0,"-0,000006700779727",0,0,0,12,97,1,"-0,00001157407407","-0,00008059378186",0
2026-10-07,Publishing to GitHub Packages,Build packages,4,0,0,0,0,"0,0096875","0,01452835648","0,01863425926",1,0,0,0,0,"0,01378472222","0,01378472222","0,01378472222"
2026-10-07,Publishing to GitHub Packages,Publish package (devextreme-angular-25.1.15-build-26280-1827),1,0,0,0,0,"0,0007175925926","0,0007175925926","0,0007175925926",0,0,0,0,0,0,0,0
2026-10-07,Publishing to GitHub Packages,Publish package (devextreme-artifacts-25.1.15-build-26280-1827),1,0,0,0,0,"0,0008680555556","0,0008680555556","0,0008680555556",0,0,0,0,0,0,0,0
2026-10-07,Publishing to GitHub Packages,Publish package (devextreme-25.1.15-build-26280-1827),1,0,0,0,0,"0,001041666667","0,001041666667","0,001041666667",0,0,0,0,0,0,0,0
2026-10-07,Publishing to GitHub Packages,Publish package (devextreme-monorepo-tools-25.1.15-build-26280-1827),1,0,0,0,0,"0,0006597222222","0,0006597222222","0,0006597222222",0,0,0,0,0,0,0,0
2026-10-07,Publishing to GitHub Packages,Publish package (devextreme-internal-25.1.15-build-26280-1827),1,0,0,0,0,"0,0008217592593","0,0008217592593","0,0008217592593",0,0,0,0,0,0,0,0
2026-10-07,Publishing to GitHub Packages,Publish package (devextreme-dist-25.1.15-build-26280-1827),1,0,0,0,0,"0,0008449074074","0,0008449074074","0,0008449074074",0,0,0,0,0,0,0,0
2026-10-07,Publishing to GitHub Packages,Publish package (devextreme-react-25.1.15-build-26280-1827),1,0,0,0,0,"0,0006828703704","0,0006828703704","0,0006828703704",0,0,0,0,0,0,0,0
2026-10-07,Publishing to GitHub Packages,Publish package (devextreme-dist-internal-25.1.15-build-26280-1827),1,0,0,0,0,"0,0007523148148","0,0007523148148","0,0007523148148",0,0,0,0,0,0,0,0
2026-10-07,Publishing to GitHub Packages,Publish package (devextreme-vue-25.1.15-build-26280-1827),1,0,0,0,0,"0,0008333333333","0,0008333333333","0,0008333333333",0,0,0,0,0,0,0,0
2026-10-07,Publishing to GitHub Packages,Publish package (devextreme-themebuilder-25.1.15-build-26280-1827),1,0,0,0,0,"0,0008564814815","0,0008564814815","0,0008564814815",0,0,0,0,0,0,0,0
2026-10-07,Publishing to GitHub Packages,Send notifications,1,0,0,3,0,"0,000162037037","0,00003761574074","0,000162037037",0,0,0,1,0,0,0,0
2026-10-07,Publishing to GitHub Packages,Publish package (devextreme-dist-25.2.11-build-26280-1825),1,0,0,0,0,"0,0008333333333","0,0008333333333","0,0008333333333",0,0,0,0,0,0,0,0
2026-10-07,Publishing to GitHub Packages,Publish package (devextreme-dist-internal-25.2.11-build-26280-1825),1,0,0,0,0,"0,001006944444","0,001006944444","0,001006944444",0,0,0,0,0,0,0,0
2026-10-07,Publishing to GitHub Packages,Publish package (devextreme-angular-25.2.11-build-26280-1825),1,0,0,0,0,"0,0008449074074","0,0008449074074","0,0008449074074",0,0,0,0,0,0,0,0
2026-10-07,Publishing to GitHub Packages,Publish package (devextreme-internal-25.2.11-build-26280-1825),1,0,0,0,0,"0,0009953703704","0,0009953703704","0,0009953703704",0,0,0,0,0,0,0,0
2026-10-07,Publishing to GitHub Packages,Publish package (devextreme-25.2.11-build-26280-1825),1,0,0,0,0,"0,0009490740741","0,0009490740741","0,0009490740741",0,0,0,0,0,0,0,0
2026-10-07,Publishing to GitHub Packages,Publish package (devextreme-artifacts-25.2.11-build-26280-1825),1,0,0,0,0,"0,0009375","0,0009375","0,0009375",0,0,0,0,0,0,0,0
2026-10-07,Publishing to GitHub Packages,Publish package (devextreme-react-25.2.11-build-26280-1825),1,0,0,0,0,"0,0007986111111","0,0007986111111","0,0007986111111",0,0,0,0,0,0,0,0
2026-10-07,Publishing to GitHub Packages,Publish package (devextreme-themebuilder-25.2.11-build-26280-1825),1,0,0,0,0,"0,000775462963","0,000775462963","0,000775462963",0,0,0,0,0,0,0,0
2026-10-07,Publishing to GitHub Packages,Publish package (devextreme-vue-25.2.11-build-26280-1825),1,0,0,0,0,"0,0008333333333","0,0008333333333","0,0008333333333",0,0,0,0,0,0,0,0
2026-10-07,Publishing to GitHub Packages,Publish package (devextreme-monorepo-tools-25.2.11-build-26280-1825),1,0,0,0,0,"0,0009490740741","0,0009490740741","0,0009490740741",0,0,0,0,0,0,0,0
2026-10-07,Publishing to GitHub Packages,Publish package (devextreme-artifacts-24.2.17-build-26280-1827),1,0,0,0,0,"0,001215277778","0,001215277778","0,001215277778",0,0,0,0,0,0,0,0
2026-10-07,Publishing to GitHub Packages,Publish package (devextreme-dist-internal-24.2.17-build-26280-1827),1,0,0,0,0,"0,0009606481481","0,0009606481481","0,0009606481481",0,0,0,0,0,0,0,0
2026-10-07,Publishing to GitHub Packages,Publish package (devextreme-internal-24.2.17-build-26280-1827),1,0,0,0,0,"0,0009953703704","0,0009953703704","0,0009953703704",0,0,0,0,0,0,0,0
2026-10-07,Publishing to GitHub Packages,Publish package (devextreme-vue-24.2.17-build-26280-1827),1,0,0,0,0,"0,001053240741","0,001053240741","0,001053240741",0,0,0,0,0,0,0,0
2026-10-07,Publishing to GitHub Packages,Publish package (devextreme-monorepo-tools-24.2.17-build-26280-1827),1,0,0,0,0,"0,001018518519","0,001018518519","0,001018518519",0,0,0,0,0,0,0,0
2026-10-07,Publishing to GitHub Packages,Publish package (devextreme-dist-24.2.17-build-26280-1827),1,0,0,0,0,"0,001134259259","0,001134259259","0,001134259259",0,0,0,0,0,0,0,0
2026-10-07,Publishing to GitHub Packages,Publish package (devextreme-themebuilder-24.2.17-build-26280-1827),1,0,0,0,0,"0,001342592593","0,001342592593","0,001342592593",0,0,0,0,0,0,0,0
2026-10-07,Publishing to GitHub Packages,Publish package (devextreme-24.2.17-build-26280-1827),1,0,0,0,0,"0,001226851852","0,001226851852","0,001226851852",0,0,0,0,0,0,0,0
2026-10-07,Publishing to GitHub Packages,Publish package (devextreme-angular-24.2.17-build-26280-1827),1,0,0,0,0,"0,001215277778","0,001215277778","0,001215277778",0,0,0,0,0,0,0,0
2026-10-07,Publishing to GitHub Packages,Publish package (devextreme-react-24.2.17-build-26280-1827),1,0,0,0,0,"0,001446759259","0,001446759259","0,001446759259",0,0,0,0,0,0,0,0
2026-10-07,Publishing to GitHub Packages,Publish package (devextreme-dist-internal-26.1.6-build-26280-1825),0,1,0,0,0,"0,001921296296","0,001921296296","0,001921296296",0,0,0,0,0,0,0,0
2026-10-07,Publishing to GitHub Packages,Publish package (devextreme-angular-26.1.6-build-26280-1825),1,0,0,0,0,"0,004421296296","0,004421296296","0,004421296296",0,0,0,0,0,0,0,0
2026-10-07,Publishing to GitHub Packages,Publish package (devextreme-artifacts-26.1.6-build-26280-1825),1,0,0,0,0,"0,002546296296","0,002546296296","0,002546296296",0,0,0,0,0,0,0,0
2026-10-07,Publishing to GitHub Packages,Publish package (devextreme-26.1.6-build-26280-1825),1,0,0,0,0,"0,002337962963","0,002337962963","0,002337962963",0,0,0,0,0,0,0,0
2026-10-07,Publishing to GitHub Packages,Publish package (devextreme-internal-26.1.6-build-26280-1825),1,0,0,0,0,"0,002789351852","0,002789351852","0,002789351852",0,0,0,0,0,0,0,0
2026-10-07,Publishing to GitHub Packages,Publish package (devextreme-dist-26.1.6-build-26280-1825),1,0,0,0,0,"0,002627314815","0,002627314815","0,002627314815",0,0,0,0,0,0,0,0
2026-10-07,Publishing to GitHub Packages,Publish package (devextreme-vue-26.1.6-build-26280-1825),1,0,0,0,0,"0,002256944444","0,002256944444","0,002256944444",0,0,0,0,0,0,0,0
2026-10-07,Publishing to GitHub Packages,Publish package (devextreme-monorepo-tools-26.1.6-build-26280-1825),1,0,0,0,0,"0,002418981481","0,002418981481","0,002418981481",0,0,0,0,0,0,0,0
2026-10-07,Publishing to GitHub Packages,Publish package (devextreme-react-26.1.6-build-26280-1825),1,0,0,0,0,"0,002326388889","0,002326388889","0,002326388889",0,0,0,0,0,0,0,0
2026-10-07,Publishing to GitHub Packages,Publish package (devextreme-themebuilder-26.1.6-build-26280-1825),1,0,0,0,0,"0,006145833333","0,006145833333","0,006145833333",0,0,0,0,0,0,0,0
2026-10-07,Publishing to GitHub Packages,Publish package (devextreme-dist-internal-26.2.1-alpha-26280-1825),0,0,0,0,0,0,0,0,1,0,0,0,0,"0,002037037037","0,002037037037","0,002037037037"
2026-10-07,Publishing to GitHub Packages,Publish package (devextreme-monorepo-tools-26.2.1-alpha-26280-1825),0,0,0,0,0,0,0,0,1,0,0,0,0,"0,00275462963","0,00275462963","0,00275462963"
2026-10-07,Publishing to GitHub Packages,Publish package (devextreme-angular-26.2.1-alpha-26280-1825),0,0,0,0,0,0,0,0,1,0,0,0,0,"0,002650462963","0,002650462963","0,002650462963"
2026-10-07,Publishing to GitHub Packages,Publish package (devextreme-vue-26.2.1-alpha-26280-1825),0,0,0,0,0,0,0,0,1,0,0,0,0,"0,002152777778","0,002152777778","0,002152777778"
2026-10-07,Publishing to GitHub Packages,Publish package (devextreme-internal-26.2.1-alpha-26280-1825),0,0,0,0,0,0,0,0,1,0,0,0,0,"0,002662037037","0,002662037037","0,002662037037"
2026-10-07,Publishing to GitHub Packages,Publish package (devextreme-react-26.2.1-alpha-26280-1825),0,0,0,0,0,0,0,0,1,0,0,0,0,"0,002314814815","0,002314814815","0,002314814815"
2026-10-07,Publishing to GitHub Packages,Publish package (devextreme-themebuilder-26.2.1-alpha-26280-1825),0,0,0,0,0,0,0,0,1,0,0,0,0,"0,00681712963","0,00681712963","0,00681712963"
2026-10-07,Publishing to GitHub Packages,Publish package (devextreme-artifacts-26.2.1-alpha-26280-1825),0,0,0,0,0,0,0,0,1,0,0,0,0,"0,005844907407","0,005844907407","0,005844907407"
2026-10-07,Publishing to GitHub Packages,Publish package (devextreme-26.2.1-alpha-26280-1825),0,0,0,0,0,0,0,0,1,0,0,0,0,"0,002847222222","0,002847222222","0,002847222222"
2026-10-07,Publishing to GitHub Packages,Publish package (devextreme-dist-26.2.1-alpha-26280-1825),0,0,0,0,0,0,0,0,1,0,0,0,0,"0,00287037037","0,00287037037","0,00287037037"
2026-10-07,Publishing to GitHub Packages (scheduler),Run Packages Publishing workflow (main),0,0,0,0,0,0,0,0,1,0,0,0,0,"0,00006944444444","0,00006944444444","0,00006944444444"
2026-10-07,Publishing to GitHub Packages (scheduler),Run Packages Publishing workflow (24_2),0,0,0,0,0,0,0,0,1,0,0,0,0,"0,00008101851852","0,00008101851852","0,00008101851852"
2026-10-07,Publishing to GitHub Packages (scheduler),Run Packages Publishing workflow (25_1),0,0,0,0,0,0,0,0,1,0,0,0,0,"0,00009259259259","0,00009259259259","0,00009259259259"
2026-10-07,Publishing to GitHub Packages (scheduler),Run Packages Publishing workflow (25_2),0,0,0,0,0,0,0,0,1,0,0,0,0,"0,00009259259259","0,00009259259259","0,00009259259259"
2026-10-07,Publishing to GitHub Packages (scheduler),Run Packages Publishing workflow (26_1),0,0,0,0,0,0,0,0,1,0,0,0,0,"0,00006944444444","0,00006944444444","0,00006944444444"
2026-10-07,Playgrounds tests,build,19,0,0,0,0,"0,002858796296","0,00351912768","0,004837962963",94,6,9,0,1,"0,00001157407407","0,003545914033","0,01388888889"
2026-10-07,Playgrounds tests,react,19,0,0,0,0,"0,001099537037","0,001615497076","0,002407407407",88,0,3,0,1,"-20.733,70887","-225,3646325","0,003935185185"
2026-10-07,Playgrounds tests,vue,19,0,0,0,0,"0,001215277778","0,001672149123","0,003599537037",86,2,3,0,1,"-20.733,70889","-225,3644641","0,009039351852"
2026-10-07,Playgrounds tests,angular,18,1,0,0,0,"0,0002083333333","0,002106481481","0,004884259259",86,2,3,0,1,"-20.733,70894","-225,3638963","0,008333333333"
2026-10-07,Playgrounds tests,matrix.ARGS.platform,0,0,0,0,0,0,0,0,0,0,9,6,0,"-0,00001157407407","-0,000008487654321",0
2026-10-07,Playwright tests,Check if tests should run,0,0,0,0,0,0,0,0,64,1,2,0,0,"0,00001157407407","0,0002121337756","0,001851851852"
2026-10-07,Playwright tests,Determine Playwright matrix,0,0,0,0,0,0,0,0,63,0,3,1,0,0,"-0,00002314814815","0,00006944444444"
2026-10-07,Playwright tests,Build DevExtreme,0,0,0,0,0,0,0,0,57,4,5,1,0,"-0,00001157407407","0,003394313156","0,00849537037"
2026-10-07,Playwright tests,cardView - fluent,0,0,0,0,0,0,0,0,55,0,1,0,0,"0,0006481481481","0,001008391204","0,001701388889"
2026-10-07,Playwright tests,common - fluent,0,0,0,0,0,0,0,0,55,0,1,0,0,"0,0006481481481","0,001085896164","0,001851851852"
2026-10-07,Playwright tests,dataGrid (1/4) - fluent,0,0,0,0,0,0,0,0,55,0,1,0,0,"0,0006481481481","0,001028232474","0,001851851852"
2026-10-07,Playwright tests,generic,0,0,0,0,0,0,0,0,55,0,1,0,0,"0,0006481481481","0,001104290675","0,001863425926"
2026-10-07,Playwright tests,material,0,0,0,0,0,0,0,0,55,0,1,0,0,"0,0006481481481","0,001098090278","0,003761574074"
2026-10-07,Playwright tests,scheduler / common (2/3) - fluent,0,0,0,0,0,0,0,0,55,0,1,0,0,"0,0006481481481","0,001061714616","0,001851851852"
2026-10-07,Playwright tests,editors - fluent,0,0,0,0,0,0,0,0,55,0,1,0,0,"0,0006481481481","0,001019345238","0,001712962963"
2026-10-07,Playwright tests,accessibility - fluent,0,0,0,0,0,0,0,0,55,0,1,0,0,"0,0006481481481","0,00111255787","0,003645833333"
2026-10-07,Playwright tests,material - compact,0,0,0,0,0,0,0,0,55,0,1,0,0,"0,0006481481481","0,001066881614","0,001886574074"
2026-10-07,Playwright tests,scheduler / viewOffset (2/2) - fluent,0,0,0,0,0,0,0,0,54,1,1,0,0,"0,0006481481481","0,001126818783","0,008344907407"
2026-10-07,Playwright tests,dataGrid (2/4) - fluent,0,0,0,0,0,0,0,0,55,0,1,0,0,"0,0006481481481","0,00105489418","0,002013888889"
2026-10-07,Playwright tests,scheduler / common (1/3) - fluent,0,0,0,0,0,0,0,0,55,0,1,0,0,"0,0006481481481","0,001007977844","0,001724537037"
2026-10-07,Playwright tests,dataGrid (4/4) - fluent,0,0,0,0,0,0,0,0,55,0,1,0,0,"0,0006481481481","0,001019551918","0,001793981481"
2026-10-07,Playwright tests,dataGrid (3/4) - fluent,0,0,0,0,0,0,0,0,55,0,1,0,0,"0,0006481481481","0,001010871362","0,001782407407"
2026-10-07,Playwright tests,navigation - fluent,0,0,0,0,0,0,0,0,55,0,1,0,0,"0,0006481481481","0,0009910300926","0,001770833333"
2026-10-07,Playwright tests,scheduler / common (3/3) - fluent,0,0,0,0,0,0,0,0,55,0,1,0,0,"0,0006481481481","0,001038566468","0,001805555556"
2026-10-07,Playwright tests,scheduler / timezones (America/Los_Angeles) - fluent,0,0,0,0,0,0,0,0,55,0,1,0,0,"0,0006481481481","0,001058821098","0,001921296296"
2026-10-07,Playwright tests,scheduler / viewOffset (1/2) - fluent,0,0,0,0,0,0,0,0,55,0,1,0,0,"0,0006481481481","0,001060474537","0,001793981481"
2026-10-07,Playwright tests,scheduler / timezones (Europe/Berlin) - fluent,0,0,0,0,0,0,0,0,55,0,1,0,0,"0,0006481481481","0,001025752315","0,00181712963"
2026-10-07,Playwright tests,merge-artifacts,0,0,0,0,0,0,0,0,64,0,0,0,0,"0,00003472222222","0,00008825231481","0,00150462963"
2026-10-07,Playwright tests,${{ matrix.name }}${{ ((!matrix.theme && ' - fluent') || '') }},0,0,0,0,0,0,0,0,0,0,5,5,0,"-0,00001157407407","-0,0004143518519",0
2026-10-07,Playwright tests,accessibility - material.light,0,0,0,0,0,0,0,0,7,0,0,0,0,"0,0008564814815","0,001000330688","0,001087962963"
2026-10-07,Playwright tests,accessibility - fluent.dark,0,0,0,0,0,0,0,0,7,0,0,0,0,"0,0009143518519","0,001207010582","0,001747685185"
2026-10-07,Playwright tests,accessibility - material.dark,0,0,0,0,0,0,0,0,7,0,0,0,0,"0,0009259259259","0,001124338624","0,001759259259"
2026-10-07,PR Filter Stubs,MD-only filter,0,0,0,0,0,0,0,0,4,0,0,0,0,"0,000162037037","0,0001996527778","0,0002199074074"
2026-10-07,PR Filter Stubs,Stub checks ready,0,0,0,0,0,0,0,0,1,0,0,3,0,"0,0000462962963","0,000008680555556","0,0000462962963"
2026-10-07,PR Filter Stubs,test (react),0,0,0,0,0,0,0,0,0,0,0,4,0,0,"-0,000008680555556",0
2026-10-07,PR Filter Stubs,check-regenerate,0,0,0,0,0,0,0,0,0,0,0,4,0,0,"-0,000008680555556",0
2026-10-07,PR Filter Stubs,TS,0,0,0,0,0,0,0,0,0,0,0,4,0,0,"-0,000008680555556",0
2026-10-07,PR Filter Stubs,JS,0,0,0,0,0,0,0,0,0,0,0,4,0,0,"-0,000008680555556",0
2026-10-07,PR Filter Stubs,Constel misc-no-csp,0,0,0,0,0,0,0,0,0,0,0,4,0,0,"-0,000008680555556",0
2026-10-07,PR Filter Stubs,ui.scheduler-shadow-dom,0,0,0,0,0,0,0,0,0,0,0,4,0,0,"-0,000008680555556",0
2026-10-07,PR Filter Stubs,test (vue),0,0,0,0,0,0,0,0,0,0,0,4,0,0,"-0,000008680555556",0
2026-10-07,PR Filter Stubs,Constel misc,0,0,0,0,0,0,0,0,0,0,0,4,0,0,"-0,000008680555556",0
2026-10-07,PR Filter Stubs,ui.editors-shadow-dom,0,0,0,0,0,0,0,0,0,0,0,4,0,0,"-0,000008680555556",0
2026-10-07,PR Filter Stubs,Constel ui.widgets-no-csp,0,0,0,0,0,0,0,0,0,0,0,4,0,0,"-0,000008680555556",0
2026-10-07,PR Filter Stubs,build,0,0,0,0,0,0,0,0,0,0,0,4,0,0,"-0,000008680555556",0
2026-10-07,PR Filter Stubs,jquery(2/3)-screenshots-fluent.blue.light,0,0,0,0,0,0,0,0,0,0,0,4,0,0,"-0,000005787037037",0
2026-10-07,PR Filter Stubs,ui.grid-shadow-dom,0,0,0,0,0,0,0,0,0,0,0,4,0,0,"-0,000008680555556",0
2026-10-07,PR Filter Stubs,Renovation,0,0,0,0,0,0,0,0,0,0,0,4,0,0,"-0,000008680555556",0
2026-10-07,PR Filter Stubs,main,0,0,0,0,0,0,0,0,0,0,0,4,0,0,"-0,000008680555556",0
2026-10-07,PR Filter Stubs,jquery(1/3)-screenshots-material.blue.light,0,0,0,0,0,0,0,0,0,0,0,4,0,0,"-0,000008680555556",0
2026-10-07,PR Filter Stubs,test (angular),0,0,0,0,0,0,0,0,0,0,0,4,0,0,"-0,000008680555556",0
2026-10-07,PR Filter Stubs,Constel ui,0,0,0,0,0,0,0,0,0,0,0,4,0,0,"-0,000008680555556",0
2026-10-07,PR Filter Stubs,CSS,0,0,0,0,0,0,0,0,0,0,0,4,0,0,"-0,000008680555556",0
2026-10-07,PR Filter Stubs,jest-tests,0,0,0,0,0,0,0,0,0,0,0,4,0,0,"-0,000008680555556",0
2026-10-07,PR Filter Stubs,scheduler / common (3/3) - fluent,0,0,0,0,0,0,0,0,0,0,0,4,0,0,"-0,000008680555556",0
2026-10-07,PR Filter Stubs,jquery(1/3)-screenshots-fluent.blue.light,0,0,0,0,0,0,0,0,0,0,0,4,0,0,"-0,000005787037037",0
2026-10-07,PR Filter Stubs,Constel ui.editors,0,0,0,0,0,0,0,0,0,0,0,4,0,0,"-0,000008680555556",0
2026-10-07,PR Filter Stubs,Constel ui.scheduler,0,0,0,0,0,0,0,0,0,0,0,4,0,0,"-0,000005787037037",0
2026-10-07,PR Filter Stubs,Constel export,0,0,0,0,0,0,0,0,0,0,0,4,0,0,"-0,000008680555556",0
2026-10-07,PR Filter Stubs,Tests,0,0,0,0,0,0,0,0,0,0,0,4,0,0,"-0,000008680555556",0
2026-10-07,PR Filter Stubs,dataGrid (3/4) - fluent,0,0,0,0,0,0,0,0,0,0,0,4,0,0,"-0,000008680555556",0
2026-10-07,PR Filter Stubs,Constel ui.grid,0,0,0,0,0,0,0,0,0,0,0,4,0,0,"-0,000008680555556",0
2026-10-07,PR Filter Stubs,material,0,0,0,0,0,0,0,0,0,0,0,4,0,0,"-0,000008680555556",0
2026-10-07,PR Filter Stubs,ui.widgets-shadow-dom,0,0,0,0,0,0,0,0,0,0,0,4,0,0,"-0,000005787037037",0
2026-10-07,PR Filter Stubs,jquery-accessibility-fluent.blue.light,0,0,0,0,0,0,0,0,0,0,0,4,0,0,"-0,000008680555556",0
2026-10-07,PR Filter Stubs,jquery(2/3)-screenshots-material.blue.light,0,0,0,0,0,0,0,0,0,0,0,4,0,0,"-0,000008680555556",0
2026-10-07,PR Filter Stubs,dataGrid (4/4) - fluent,0,0,0,0,0,0,0,0,0,0,0,4,0,0,"-0,000008680555556",0
2026-10-07,PR Filter Stubs,navigation - fluent,0,0,0,0,0,0,0,0,0,0,0,4,0,0,"-0,000005787037037",0
2026-10-07,PR Filter Stubs,ui-shadow-dom,0,0,0,0,0,0,0,0,0,0,0,4,0,0,"-0,000008680555556",0
2026-10-07,PR Filter Stubs,scheduler / common (1/3) - fluent,0,0,0,0,0,0,0,0,0,0,0,4,0,0,"-0,000005787037037",0
2026-10-07,PR Filter Stubs,Constel ui.scheduler-US/Pacific,0,0,0,0,0,0,0,0,0,0,0,4,0,0,"-0,000008680555556",0
2026-10-07,PR Filter Stubs,scheduler / viewOffset (2/2) - fluent,0,0,0,0,0,0,0,0,0,0,0,4,0,0,"-0,00001157407407",0
2026-10-07,PR Filter Stubs,accessibility - fluent,0,0,0,0,0,0,0,0,0,0,0,4,0,0,"-0,000008680555556",0
2026-10-07,PR Filter Stubs,cardView - fluent,0,0,0,0,0,0,0,0,0,0,0,4,0,0,"-0,000008680555556",0
2026-10-07,PR Filter Stubs,editors - fluent,0,0,0,0,0,0,0,0,0,0,0,4,0,0,"-0,000008680555556",0
2026-10-07,PR Filter Stubs,jquery(3/3)-screenshots-fluent.blue.light,0,0,0,0,0,0,0,0,0,0,0,4,0,0,"-0,000008680555556",0
2026-10-07,PR Filter Stubs,dataGrid (1/4) - fluent,0,0,0,0,0,0,0,0,0,0,0,4,0,0,"-0,000008680555556",0
2026-10-07,PR Filter Stubs,dataGrid (2/4) - fluent,0,0,0,0,0,0,0,0,0,0,0,4,0,0,"-0,000008680555556",0
2026-10-07,PR Filter Stubs,scheduler / timezones (Europe/Berlin) - fluent,0,0,0,0,0,0,0,0,0,0,0,4,0,0,"-0,00001157407407",0
2026-10-07,PR Filter Stubs,common - fluent,0,0,0,0,0,0,0,0,0,0,0,4,0,0,"-0,000008680555556",0
2026-10-07,PR Filter Stubs,material - compact,0,0,0,0,0,0,0,0,0,0,0,4,0,0,"-0,000005787037037",0
2026-10-07,PR Filter Stubs,generic,0,0,0,0,0,0,0,0,0,0,0,4,0,0,"-0,000008680555556",0
2026-10-07,PR Filter Stubs,scheduler / timezones (America/Los_Angeles) - fluent,0,0,0,0,0,0,0,0,0,0,0,4,0,0,"-0,000008680555556",0
2026-10-07,PR Filter Stubs,scheduler / viewOffset (1/2) - fluent,0,0,0,0,0,0,0,0,0,0,0,4,0,0,"-0,000008680555556",0
2026-10-07,PR Filter Stubs,scheduler / common (2/3) - fluent,0,0,0,0,0,0,0,0,0,0,0,4,0,0,"-0,000008680555556",0
2026-10-07,PR Filter Stubs,jquery(3/3)-screenshots-material.blue.light,0,0,0,0,0,0,0,0,0,0,0,4,0,0,"-0,000008680555556",0
2026-10-07,PR #35552: chore(security): Fix nx cache and couple overrides,Remove storybook,0,0,0,0,0,0,0,0,0,0,0,3,0,0,"-0,000003858024691",0
2026-10-07,PR #35552: chore(security): Fix nx cache and couple overrides,Build & Deploy,0,0,0,0,0,0,0,0,0,0,0,3,0,0,0,0
2026-10-07,PR #35526: chore(security): Add overrides to get rid of audit alerts,Build & Deploy,0,0,0,0,0,0,0,0,0,0,0,11,0,0,"-0,00004945286195",0
2026-10-07,PR #35526: chore(security): Add overrides to get rid of audit alerts,Remove storybook,0,0,0,0,0,0,0,0,0,0,0,11,0,0,"-0,00001052188552",0
2026-10-07,"PR #35505: Core(utils): type 6 m_ files ahead of the rename, part 2 (26_1)",Build & Deploy,0,0,0,0,0,0,0,0,0,0,0,8,0,0,"-0,00003616898148",0
2026-10-07,"PR #35505: Core(utils): type 6 m_ files ahead of the rename, part 2 (26_1)",Remove storybook,0,0,0,0,0,0,0,0,0,0,0,8,0,0,"-0,00004774305556",0
2026-10-07,"PR #35504: Core(utils): type 6 m_ files ahead of the rename, part 2",Build & Deploy,0,0,0,0,0,0,0,0,0,0,0,8,0,0,"-0,000004340277778",0
2026-10-07,"PR #35504: Core(utils): type 6 m_ files ahead of the rename, part 2",Remove storybook,0,0,0,0,0,0,0,0,0,0,0,8,0,0,"-0,00003472222222",0
2026-10-07,PR #35545: New Demo: Chat - Page-Level AI Assistant,Build & Deploy,0,0,0,0,0,0,0,0,0,0,0,4,0,0,0,0
2026-10-07,PR #35545: New Demo: Chat - Page-Level AI Assistant,Remove storybook,0,0,0,0,0,0,0,0,0,0,0,4,0,0,"-0,000002893518519",0
2026-10-07,PR #35549: Animation: remove the m_ prefix from the presets module,Remove storybook,0,0,0,0,0,0,0,0,0,0,0,2,0,0,"-0,000005787037037",0
2026-10-07,PR #35549: Animation: remove the m_ prefix from the presets module,Build & Deploy,0,0,0,0,0,0,0,0,0,0,0,2,0,0,"-0,0000462962963",0
2026-10-07,PR #35550: Animation: remove the m_ prefix from the presets module (26_1),Build & Deploy,0,0,0,0,0,0,0,0,0,0,0,2,0,0,0,0
2026-10-07,PR #35550: Animation: remove the m_ prefix from the presets module (26_1),Remove storybook,0,0,0,0,0,0,0,0,0,0,0,2,0,0,"-0,00002893518519",0
2026-10-07,"PR #35532: Animation, Diagram, Knockout: convert the Class.inherit leftovers into ES6 classes and improve typing",Remove storybook,0,0,0,0,0,0,0,0,0,0,0,2,0,0,"-0,00005787037037",0
2026-10-07,"PR #35532: Animation, Diagram, Knockout: convert the Class.inherit leftovers into ES6 classes and improve typing",Build & Deploy,0,0,0,0,0,0,0,0,0,0,0,2,0,0,"-0,00006365740741",0
2026-10-07,"PR #35548: Data source adapter, virtual data loader, TreeList data controller and data source adapter - type TreeList data source adapter",Remove storybook,0,0,0,0,0,0,0,0,0,0,0,3,0,0,"-0,00003086419753",0
2026-10-07,"PR #35548: Data source adapter, virtual data loader, TreeList data controller and data source adapter - type TreeList data source adapter",Build & Deploy,0,0,0,0,0,0,0,0,0,0,0,3,0,0,"-0,00002700617284",0
2026-10-07,"PR #35547: Data source adapter, virtual data loader, TreeList data controller and data source adapter - type TreeList data source adapter",Build & Deploy,0,0,0,0,0,0,0,0,0,0,0,3,0,0,"-0,00006558641975",0
2026-10-07,"PR #35547: Data source adapter, virtual data loader, TreeList data controller and data source adapter - type TreeList data source adapter",Remove storybook,0,0,0,0,0,0,0,0,0,0,0,3,0,0,"-0,00007716049383",0
2026-10-07,PR #35413: DataGrid/TreeList: The click area on the separator must be at least 24 x 24 px,Remove storybook,0,0,0,0,0,0,0,0,0,0,0,1,0,0,"-0,00001157407407",0
2026-10-07,PR #35413: DataGrid/TreeList: The click area on the separator must be at least 24 x 24 px,Build & Deploy,0,0,0,0,0,0,0,0,0,0,0,1,0,0,"-0,00009259259259",0
2026-10-07,PR #35538: Themes: align the icon font attribution with the DevExtreme EULA,Remove storybook,0,0,0,0,0,0,0,0,0,0,0,3,0,0,"-0,000003858024691",0
2026-10-07,PR #35538: Themes: align the icon font attribution with the DevExtreme EULA,Build & Deploy,0,0,0,0,0,0,0,0,0,0,0,3,0,0,"-0,00003086419753",0
2026-10-07,"PR #35533: Animation, Diagram, Knockout: convert the Class.inherit leftovers into ES6 classes and improve typing (26_1)",Remove storybook,0,0,0,0,0,0,0,0,0,0,0,2,0,0,"-0,00005787037037",0
2026-10-07,"PR #35533: Animation, Diagram, Knockout: convert the Class.inherit leftovers into ES6 classes and improve typing (26_1)",Build & Deploy,0,0,0,0,0,0,0,0,0,0,0,2,0,0,0,0
2026-10-07,"PR #35536: FilterBuilder, Draggable, Sortable: fix the follow-up bugs and improve typing (26_1)",Remove storybook,0,0,0,0,0,0,0,0,0,0,0,4,0,0,"-0,00001736111111",0
2026-10-07,"PR #35536: FilterBuilder, Draggable, Sortable: fix the follow-up bugs and improve typing (26_1)",Build & Deploy,0,0,0,0,0,0,0,0,0,0,0,4,0,0,"-0,00004918981481",0
2026-10-07,"PR #35535: FilterBuilder, Draggable, Sortable: fix the follow-up bugs and improve typing",Remove storybook,0,0,0,0,0,0,0,0,0,0,0,6,0,0,"-0,00001929012346",0
2026-10-07,"PR #35535: FilterBuilder, Draggable, Sortable: fix the follow-up bugs and improve typing",Build & Deploy,0,0,0,0,0,0,0,0,0,0,0,6,0,0,"-0,00003472222222",0
2026-10-07,PR #35511: Demo - remove redundant accessibility exceptions,Remove storybook,0,0,0,0,0,0,0,0,0,0,0,1,0,0,"-0,00001157407407",0
2026-10-07,PR #35511: Demo - remove redundant accessibility exceptions,Build & Deploy,0,0,0,0,0,0,0,0,0,0,0,1,0,0,"-0,0001041666667",0
2026-10-07,"PR #35465: GridCore - Fix eslint and add types to leaf helpers (m_aggregate_calculator, m_utils, m_accessibility, m_export)",Remove storybook,0,0,0,0,0,0,0,0,0,0,0,1,0,0,"-0,00001157407407",0
2026-10-07,"PR #35465: GridCore - Fix eslint and add types to leaf helpers (m_aggregate_calculator, m_utils, m_accessibility, m_export)",Build & Deploy,0,0,0,0,0,0,0,0,0,0,0,1,0,0,"-0,00009259259259",0
2026-10-07,PR #35539: Themes: align the icon font attribution with the DevExtreme EULA (26_1),Remove storybook,0,0,0,0,0,0,0,0,0,0,0,3,0,0,"-0,0000424382716",0
2026-10-07,PR #35539: Themes: align the icon font attribution with the DevExtreme EULA (26_1),Build & Deploy,0,0,0,0,0,0,0,0,0,0,0,3,0,0,"-0,00005401234568",0
2026-10-07,"PR #35464: GridCore - Fix eslint and add types to leaf helpers (m_aggregate_calculator, m_utils, m_accessibility, m_export)",Remove storybook,0,0,0,0,0,0,0,0,0,0,0,2,0,0,"-0,000005787037037",0
2026-10-07,"PR #35464: GridCore - Fix eslint and add types to leaf helpers (m_aggregate_calculator, m_utils, m_accessibility, m_export)",Build & Deploy,0,0,0,0,0,0,0,0,0,0,0,2,0,0,"-0,00004050925926",0
2026-10-07,PR #35513: Fix anti-forgery request handling in demos,Remove storybook,0,0,0,0,0,0,0,0,0,0,0,4,0,0,"-0,000002893518519",0
2026-10-07,PR #35513: Fix anti-forgery request handling in demos,Build & Deploy,0,0,0,0,0,0,0,0,0,0,0,4,0,0,"-0,000002893518519",0
2026-10-07,PR #35528: Core: replace Class.abstract() with abstract methods and drop the instanceof Class check in toComparable,Remove storybook,0,0,0,0,0,0,0,0,0,0,0,3,0,0,"-0,00003858024691",0
2026-10-07,PR #35528: Core: replace Class.abstract() with abstract methods and drop the instanceof Class check in toComparable,Build & Deploy,0,0,0,0,0,0,0,0,0,0,0,3,0,0,"-0,00007330246914",0
2026-10-07,PR #35540: Grids: deduplicate CSS class constants used in ColumnsView,Build & Deploy,0,0,0,0,0,0,0,0,0,0,0,3,0,0,"-0,000003858024691",0
2026-10-07,PR #35540: Grids: deduplicate CSS class constants used in ColumnsView,Remove storybook,0,0,0,0,0,0,0,0,0,0,0,3,0,0,"-0,00003472222222",0
2026-10-07,PR #35544: GridCore - FilterPanel & FilterBuilder - Fix eslint & ts,Build & Deploy,0,0,0,0,0,0,0,0,0,0,0,3,0,0,"-0,000003858024691",0
2026-10-07,PR #35544: GridCore - FilterPanel & FilterBuilder - Fix eslint & ts,Remove storybook,0,0,0,0,0,0,0,0,0,0,0,3,0,0,"-0,00006944444444",0
2026-10-07,PR #35542: GridCore - FilterPanel & FilterBuilder - Fix eslint & ts,Build & Deploy,0,0,0,0,0,0,0,0,0,0,0,3,0,0,"-0,00005401234568",0
2026-10-07,PR #35542: GridCore - FilterPanel & FilterBuilder - Fix eslint & ts,Remove storybook,0,0,0,0,0,0,0,0,0,0,0,3,0,0,"-0,000003858024691",0
2026-10-07,PR #35543: DataGrid: Fix the filter row editor losing its aria-label when a column has editorOptions,Build & Deploy,0,0,0,0,0,0,0,0,0,0,0,2,0,0,0,0
2026-10-07,PR #35543: DataGrid: Fix the filter row editor losing its aria-label when a column has editorOptions,Remove storybook,0,0,0,0,0,0,0,0,0,0,0,2,0,0,"-0,00004050925926",0
2026-10-07,PR #35512: Fix anti-forgery request handling in demos,Remove storybook,0,0,0,0,0,0,0,0,0,0,0,4,0,0,"-0,000005787037037",0
2026-10-07,PR #35512: Fix anti-forgery request handling in demos,Build & Deploy,0,0,0,0,0,0,0,0,0,0,0,4,0,0,"-0,00002893518519",0
2026-10-07,PR #35541: Grids: deduplicate CSS class constants used in ColumnsView,Remove storybook,0,0,0,0,0,0,0,0,0,0,0,4,0,0,"-0,000002893518519",0
2026-10-07,PR #35541: Grids: deduplicate CSS class constants used in ColumnsView,Build & Deploy,0,0,0,0,0,0,0,0,0,0,0,4,0,0,"-0,00004050925926",0
2026-10-07,"PR #35491: Data source adapter, virtual data loader, TreeList data controller and data source adapter - type grid_core data source adapter and utils",Remove storybook,0,0,0,0,0,0,0,0,0,0,0,3,0,0,"-0,000003858024691",0
2026-10-07,"PR #35491: Data source adapter, virtual data loader, TreeList data controller and data source adapter - type grid_core data source adapter and utils",Build & Deploy,0,0,0,0,0,0,0,0,0,0,0,3,0,0,"-0,00006172839506",0
2026-10-07,"PR #35490: Data source adapter, virtual data loader, TreeList data controller and data source adapter - type grid_core data source adapter and utils",Remove storybook,0,0,0,0,0,0,0,0,0,0,0,3,0,0,"-0,000003858024691",0
2026-10-07,"PR #35490: Data source adapter, virtual data loader, TreeList data controller and data source adapter - type grid_core data source adapter and utils",Build & Deploy,0,0,0,0,0,0,0,0,0,0,0,3,0,0,"-0,00006172839506",0
2026-10-07,PR #35537: Grids: Type part 1 of grid_core m_utils,Build & Deploy,0,0,0,0,0,0,0,0,0,0,0,2,0,0,"-0,000005787037037",0
2026-10-07,PR #35537: Grids: Type part 1 of grid_core m_utils,Remove storybook,0,0,0,0,0,0,0,0,0,0,0,2,0,0,"-0,00009259259259",0
2026-10-07,PR #35497: Wrappers: verify the published React and Vue declarations with the consumer floor compiler,Remove storybook,0,0,0,0,0,0,0,0,0,0,0,1,0,0,0,0
2026-10-07,PR #35497: Wrappers: verify the published React and Vue declarations with the consumer floor compiler,Build & Deploy,0,0,0,0,0,0,0,0,0,0,0,1,0,0,"-0,00009259259259",0
2026-10-07,PR #35529: Core: replace Class.abstract() with abstract methods and drop the instanceof Class check in toComparable (26_1),Remove storybook,0,0,0,0,0,0,0,0,0,0,0,3,0,0,"-0,000007716049383",0
2026-10-07,PR #35529: Core: replace Class.abstract() with abstract methods and drop the instanceof Class check in toComparable (26_1),Build & Deploy,0,0,0,0,0,0,0,0,0,0,0,3,0,0,"-0,00003472222222",0
2026-10-07,PR #35499: Wrappers: verify the published React and Vue declarations with the consumer floor compiler (26_1),Build & Deploy,0,0,0,0,0,0,0,0,0,0,0,1,0,0,"-0,00001157407407",0
2026-10-07,PR #35499: Wrappers: verify the published React and Vue declarations with the consumer floor compiler (26_1),Remove storybook,0,0,0,0,0,0,0,0,0,0,0,1,0,0,"-0,0001041666667",0
2026-10-07,PR #35531: chore(security): Add overrides to get rid of audit alerts,Remove storybook,0,0,0,0,0,0,0,0,0,0,0,4,0,0,"-0,0000318287037",0
2026-10-07,PR #35531: chore(security): Add overrides to get rid of audit alerts,Build & Deploy,0,0,0,0,0,0,0,0,0,0,0,4,0,0,"-0,00002893518519",0
2026-10-07,PR #35511: Globalize demo - fix accessibility labels,Remove storybook,0,0,0,0,0,0,0,0,0,0,0,1,0,0,0,0
2026-10-07,PR #35511: Globalize demo - fix accessibility labels,Build & Deploy,0,0,0,0,0,0,0,0,0,0,0,1,0,0,0,0
2026-10-07,PR #35510: Grids: type m_column_state_mixin,Build & Deploy,0,0,0,0,0,0,0,0,0,0,0,2,0,0,"-0,000005787037037",0
2026-10-07,PR #35510: Grids: type m_column_state_mixin,Remove storybook,0,0,0,0,0,0,0,0,0,0,0,2,0,0,"-0,00005208333333",0
2026-10-07,PR #35371: T1335911 - DataGrid — Incorrect column resize separator position when resizing a column fixed to the right if another column is behind it,Remove storybook,0,0,0,0,0,0,0,0,0,0,0,1,0,0,0,0
2026-10-07,PR #35371: T1335911 - DataGrid — Incorrect column resize separator position when resizing a column fixed to the right if another column is behind it,Build & Deploy,0,0,0,0,0,0,0,0,0,0,0,1,0,0,0,0
2026-10-07,PR #35527: Grids: fix keyboard focus jumping back with async templates (T1336240),Remove storybook,0,0,0,0,0,0,0,0,0,0,0,3,0,0,"-0,0000424382716",0
2026-10-07,PR #35527: Grids: fix keyboard focus jumping back with async templates (T1336240),Build & Deploy,0,0,0,0,0,0,0,0,0,0,0,3,0,0,"-0,000003858024691",0
2026-10-07,"PR #35524: Data source adapter, virtual data loader, TreeList data controller and data source adapter - type virtual data loader",Remove storybook,0,0,0,0,0,0,0,0,0,0,0,1,0,0,"-0,00001157407407",0
2026-10-07,"PR #35524: Data source adapter, virtual data loader, TreeList data controller and data source adapter - type virtual data loader",Build & Deploy,0,0,0,0,0,0,0,0,0,0,0,1,0,0,"-0,00001157407407",0
2026-10-07,"PR #35523: Data source adapter, virtual data loader, TreeList data controller and data source adapter - type virtual data loader",Remove storybook,0,0,0,0,0,0,0,0,0,0,0,1,0,0,"-0,00001157407407",0
2026-10-07,"PR #35523: Data source adapter, virtual data loader, TreeList data controller and data source adapter - type virtual data loader",Build & Deploy,0,0,0,0,0,0,0,0,0,0,0,1,0,0,"-0,00001157407407",0
2026-10-07,"PR #35525: FilterBuilder, Draggable, Sortable: remove m_ prefix",Build & Deploy,0,0,0,0,0,0,0,0,0,0,0,1,0,0,"-0,00001157407407",0
2026-10-07,"PR #35525: FilterBuilder, Draggable, Sortable: remove m_ prefix",Remove storybook,0,0,0,0,0,0,0,0,0,0,0,1,0,0,"-0,00001157407407",0
2026-10-07,"PR #35514: FilterBuilder, Draggable, Sortable: remove m_ prefix (26_1)",Remove storybook,0,0,0,0,0,0,0,0,0,0,0,1,0,0,"-0,00001157407407",0
2026-10-07,"PR #35514: FilterBuilder, Draggable, Sortable: remove m_ prefix (26_1)",Build & Deploy,0,0,0,0,0,0,0,0,0,0,0,1,0,0,"-0,00006944444444",0
2026-10-07,PR #35519: DataGrid: Fix the column headers scroll position reset in RTL mode with native scrolling,Remove storybook,0,0,0,0,0,0,0,0,0,0,0,1,0,0,0,0
2026-10-07,PR #35519: DataGrid: Fix the column headers scroll position reset in RTL mode with native scrolling,Build & Deploy,0,0,0,0,0,0,0,0,0,0,0,1,0,0,0,0
2026-10-07,PR #35516: DataGrid: Fix the column separator position when resizing a column next to a fixed one (T1335911),Build & Deploy,0,0,0,0,0,0,0,0,0,0,0,1,0,0,0,0
2026-10-07,PR #35516: DataGrid: Fix the column separator position when resizing a column next to a fixed one (T1335911),Remove storybook,0,0,0,0,0,0,0,0,0,0,0,1,0,0,0,0
2026-10-07,PR #35441: Grids: fix keyboard focus jumping back with async templates (T1336240),Build & Deploy,0,0,0,0,0,0,0,0,0,0,0,1,0,0,0,0
2026-10-07,PR #35441: Grids: fix keyboard focus jumping back with async templates (T1336240),Remove storybook,0,0,0,0,0,0,0,0,0,0,0,1,0,0,"-0,00009259259259",0
2026-10-07,"PR #35521: T1336404 - ColorBox - Clearing the value with the delete/backspace key converts it to the HSV format when applyValueMode is set to ""instantly""",Build & Deploy,0,0,0,0,0,0,0,0,0,0,0,1,0,0,"-0,00001157407407",0
2026-10-07,"PR #35521: T1336404 - ColorBox - Clearing the value with the delete/backspace key converts it to the HSV format when applyValueMode is set to ""instantly""",Remove storybook,0,0,0,0,0,0,0,0,0,0,0,1,0,0,"-0,00001157407407",0
2026-10-07,PR #35456: Grid Demos - handle accessibility restrictions,Remove storybook,0,0,0,0,0,0,0,0,0,0,0,1,0,0,"-0,0001041666667",0
2026-10-07,PR #35456: Grid Demos - handle accessibility restrictions,Build & Deploy,0,0,0,0,0,0,0,0,0,0,0,1,0,0,"-0,0003356481481",0
2026-10-07,"PR #35453: chore: axios, angular/router, piscina overrides",Build & Deploy,0,0,0,0,0,0,0,0,0,0,0,1,0,0,0,0
2026-10-07,"PR #35453: chore: axios, angular/router, piscina overrides",Remove storybook,0,0,0,0,0,0,0,0,0,0,0,1,0,0,"-0,00006944444444",0
2026-10-07,QUnit tests,Check if all tests should run,19,0,0,0,0,"0,00002314814815","0,00003472222222","0,0000462962963",109,0,1,0,2,"0,00001157407407","0,0000422979798","0,000462962963"
2026-10-07,QUnit tests,Build,19,0,0,0,0,"0,001412037037","0,002543859649","0,004976851852",96,6,8,0,2,"0,00001157407407","0,002549558081","0,006388888889"
2026-10-07,QUnit tests,ui-shadow-dom,19,0,0,0,0,"0,001759259259","0,002565789474","0,003483796296",89,2,2,0,2,"0,001956018519","0,002959353843","0,006539351852"
2026-10-07,QUnit tests,Constel ui.editors,19,0,0,0,0,"0,002673611111","0,003538620858","0,006840277778",88,2,3,0,2,"0,0021875","0,003480436081","0,01042824074"
2026-10-07,QUnit tests,Constel ui,19,0,0,0,0,"0,002025462963","0,002729044834","0,005960648148",89,2,2,0,2,"0,001793981481","0,002857551772","0,006354166667"
2026-10-07,QUnit tests,ui.editors-shadow-dom,19,0,0,0,0,"0,003009259259","0,003765229045","0,007199074074",90,1,2,0,2,"0,0021875","0,003651931501","0,009722222222"
2026-10-07,QUnit tests,ui.grid-shadow-dom,19,0,0,0,0,"0,002731481481","0,003675682261","0,004340277778",89,0,4,0,2,"0,0021875","0,004549108921","0,01065972222"
2026-10-07,QUnit tests,Constel misc-no-csp,19,0,0,0,0,"0,001631944444","0,002595638402","0,005416666667",89,2,2,0,2,"0,001770833333","0,002726378933","0,005752314815"
2026-10-07,QUnit tests,ui.scheduler-shadow-dom,19,0,0,0,0,"0,003125","0,003842592593","0,006689814815",90,0,3,0,2,"0,0021875","0,003616462565","0,008518518519"
2026-10-07,QUnit tests,Constel ui.grid,19,0,0,0,0,"0,002523148148","0,003612329435","0,00587962963",89,1,3,0,2,"0,002013888889","0,004165048785","0,01042824074"
2026-10-07,QUnit tests,Constel ui.scheduler,19,0,0,0,0,"0,002731481481","0,003255360624","0,004131944444",90,0,3,0,2,"0,0021875","0,003457536838","0,007303240741"
2026-10-07,QUnit tests,Constel misc,19,0,0,0,0,"0,001782407407","0,002458576998","0,004027777778",89,2,2,0,2,"0,001423611111","0,002701115094","0,006041666667"
2026-10-07,QUnit tests,ui.widgets-shadow-dom,19,0,0,0,0,"0,002743055556","0,004131335283","0,008333333333",89,0,4,0,2,"0,0021875","0,004484144763","0,009548611111"
2026-10-07,QUnit tests,Constel ui.widgets-no-csp,19,0,0,0,0,"0,003125","0,003913255361","0,007743055556",89,1,3,0,2,"0,0021875","0,003975632218","0,01042824074"
2026-10-07,QUnit tests,Constel ui.scheduler-US/Pacific,19,0,0,0,0,"0,002407407407","0,003309576023","0,007025462963",90,0,3,0,2,"0,0021875","0,003504330944","0,008773148148"
2026-10-07,QUnit tests,Send notifications,0,0,0,19,0,0,"-0,000006091617934",0,0,0,12,97,2,"-0,00001157407407","-0,00007008154944",0
2026-10-07,QUnit tests,${{ matrix.constel }}-shadow-dom,0,0,0,0,0,0,0,0,0,0,8,6,0,"-0,00001157407407","-0,00000496031746",0
2026-10-07,QUnit tests,"Constel ${{ matrix.CONSTEL }}${{ (((matrix.TIMEZONE != '') && format('-{0}', matrix.TIMEZONE)) || '') }}${{ (((matrix.CSP == 'false') && '-no-csp') || '') }}",0,0,0,0,0,0,0,0,0,0,8,6,0,"-0,00001157407407","-0,000004133597884",0
2026-10-07,QUnit tests,Constel export,5,0,0,0,0,"0,001655092593","0,001798611111","0,002013888889",3,0,0,0,0,"0,001770833333","0,002067901235","0,00224537037"
2026-10-07,Auto approve renovate bot PR,auto-approve,0,0,0,0,0,0,0,0,103,0,0,0,0,"0,00002314814815","0,00004753236246","0,0004513888889"
2026-10-07,Jest tests,jest-tests,19,0,0,0,0,"0,002858796296","0,005256457115","0,01371527778",89,9,13,0,2,"0,00001157407407","0,00496882299","0,01528935185"
2026-10-07,Jest tests,Send notifications,0,0,0,19,0,0,"-0,000004264132554",0,0,0,13,97,2,"-0,00001157407407","-0,00003893097643",0
2026-10-07,Repository Check,Collect flaky reports,0,0,0,0,0,0,0,0,15,0,0,0,0,"0,0009490740741","0,001513117284","0,003472222222"
2026-10-07,Repository Check,Invoke / Repository Check,19,0,0,0,0,"0,0005092592593","0,0007230750487","0,001296296296",15,0,0,0,0,"0,0005787037037","0,0007183641975","0,001006944444"
2026-10-07,Styles tests,Tests,19,0,0,0,0,"0,000775462963","0,00116167154","0,001875",100,1,9,0,1,"0,00001157407407","0,00181891835","0,01203703704"
2026-10-07,Styles tests,Send notifications,0,0,0,19,0,0,"-0,00000548245614",0,0,0,9,101,1,"-0,00001157407407","-0,00004019360269",0
2026-10-07,TestCafe tests,Check if tests should run,19,0,0,0,0,"0,00002314814815","0,0002485380117","0,0003703703704",132,0,4,0,27,0,"0,0001991421569","0,0006712962963"
2026-10-07,TestCafe tests,Determine TestCafe matrix,14,0,0,0,0,"0,00002314814815","0,00003885582011","0,00006944444444",128,0,4,0,27,"-0,00001157407407","0,00003638818743","0,00006944444444"
2026-10-07,TestCafe tests,Build DevExtreme,14,5,0,0,0,"0,002476851852","0,004182504873","0,008287037037",87,39,10,0,27,"-0,00001157407407","0,003422436683","0,01388888889"
2026-10-07,TestCafe tests,material,14,0,0,0,0,"0,001793981481","0,001930390212","0,0021875",83,0,4,0,9,"0,0008796296296","0,001986217539","0,006296296296"
2026-10-07,TestCafe tests,dataGrid (1/4) - fluent,14,0,0,0,0,"0,003391203704","0,004233630952","0,006782407407",80,1,6,0,9,"0,0007407407407","0,004009951043","0,01320601852"
2026-10-07,TestCafe tests,common - fluent,14,0,0,0,0,"0,002615740741","0,003621031746","0,004803240741",80,1,6,0,9,"0,0008796296296","0,00387744785","0,01042824074"
2026-10-07,TestCafe tests,scheduler / common (3/3) - fluent,14,0,0,0,0,"0,002881944444","0,004497354497","0,006956018519",80,1,6,0,9,"0,0006597222222","0,00373204023","0,009027777778"
2026-10-07,TestCafe tests,generic,13,1,0,0,0,"0,0002893518519","0,001951884921","0,002465277778",82,0,5,0,9,"0,0008680555556","0,002317741592","0,006296296296"
2026-10-07,TestCafe tests,scheduler / timezones (America/Los_Angeles) - fluent,14,0,0,0,0,"0,001539351852","0,001982473545","0,00306712963",84,0,3,0,9,"0,0008796296296","0,00165003725","0,006296296296"
2026-10-07,TestCafe tests,scheduler / viewOffset (1/2) - fluent,14,0,0,0,0,"0,003530092593","0,004375","0,007384259259",80,1,6,0,9,"0,0007407407407","0,004112255215","0,01042824074"
2026-10-07,TestCafe tests,material - compact,14,0,0,0,0,"0,001319444444","0,001639384921","0,002615740741",84,0,3,0,9,"0,0008680555556","0,001651101533","0,002928240741"
2026-10-07,TestCafe tests,navigation - fluent,14,0,0,0,0,"0,002777777778","0,003645833333","0,005775462963",77,4,6,0,9,"0,0008680555556","0,003653682418","0,01181712963"
2026-10-07,TestCafe tests,cardView - fluent,13,1,0,0,0,"0,002037037037","0,003309358466","0,009733796296",82,1,4,0,9,"0,0007407407407","0,002568646232","0,007650462963"
2026-10-07,TestCafe tests,scheduler / timezones (Europe/Berlin) - fluent,14,0,0,0,0,"0,001493055556","0,001694775132","0,002986111111",84,0,3,0,9,"0,0008796296296","0,001710834398","0,00318287037"
2026-10-07,TestCafe tests,scheduler / common (2/3) - fluent,14,0,0,0,0,"0,002800925926","0,003793816138","0,006736111111",79,1,7,0,9,"0,0008796296296","0,004066091954","0,03148148148"
2026-10-07,TestCafe tests,dataGrid (2/4) - fluent,14,0,0,0,0,"0,003240740741","0,003940145503","0,006076388889",80,1,6,0,9,"0,0008680555556","0,00383753725","0,008333333333"
2026-10-07,TestCafe tests,accessibility - fluent,14,0,0,0,0,"0,002800925926","0,003287037037","0,0065625",81,2,4,0,9,"0,0002546296296","0,003084424223","0,006944444444"
2026-10-07,TestCafe tests,editors - fluent,14,0,0,0,0,"0,003125","0,003793816138","0,006736111111",80,2,5,0,9,"0,0003240740741","0,003438032141","0,01112268519"
2026-10-07,TestCafe tests,scheduler / common (1/3) - fluent,14,0,0,0,0,"0,002951388889","0,003637566138","0,003888888889",78,2,7,0,9,"0,0003240740741","0,003766496381","0,008344907407"
2026-10-07,TestCafe tests,dataGrid (3/4) - fluent,14,0,0,0,0,"0,003657407407","0,004391534392","0,006712962963",81,0,6,0,9,"0,0008796296296","0,003859088974","0,006828703704"
2026-10-07,TestCafe tests,dataGrid (4/4) - fluent,14,0,0,0,0,"0,003923611111","0,004146825397","0,005520833333",79,2,6,0,9,"0,0008796296296","0,004118507876","0,009722222222"
2026-10-07,TestCafe tests,scheduler / viewOffset (2/2) - fluent,14,0,0,0,0,"0,003252314815","0,004152612434","0,006678240741",81,0,6,0,9,"0,0008796296296","0,004075138357","0,007962962963"
2026-10-07,TestCafe tests,quarantine,13,1,0,5,0,"0,001412037037","0,00158625731","0,0028125",76,0,18,40,27,"-0,00001157407407","0,001009535655","0,003171296296"
2026-10-07,TestCafe tests,merge-artifacts,19,0,0,0,0,"0,0000462962963","0,00008040935673","0,0001273148148",134,0,0,0,27,"0,00003472222222","0,00006918532338","0,0003009259259"
2026-10-07,TestCafe tests,Send notifications,0,0,0,19,0,0,"-0,00000548245614",0,0,0,18,117,27,"-0,00001157407407","-0,00004921124829",0
2026-10-07,TestCafe tests,${{ matrix.name }}${{ ((!matrix.theme && ' - fluent') || '') }},0,0,0,5,0,0,"-0,000006944444444",0,0,0,9,39,18,"-0,00001157407407","-0,0001044077932",0
2026-10-07,TestCafe tests,accessibility - material.light,9,0,0,0,0,"0,002361111111","0,003355195473","0,006469907407",11,0,0,0,2,"0,002974537037","0,004101430976","0,007256944444"
2026-10-07,TestCafe tests,accessibility - fluent.dark,9,0,0,0,0,"0,00287037037","0,002960390947","0,003136574074",11,0,0,0,2,"0,002824074074","0,004075126263","0,00712962963"
2026-10-07,TestCafe tests,accessibility - material.dark,9,0,0,0,0,"0,002256944444","0,003555812757","0,006736111111",11,0,0,0,2,"0,002847222222","0,003000841751","0,003078703704"
2026-10-07,TestCafe tests,accessibility - fluent-next.dark,0,0,0,0,0,0,0,0,4,0,0,0,1,"0,002858796296","0,002936921296","0,003009259259"
2026-10-07,TestCafe tests,cardView - fluent-next,0,0,0,0,0,0,0,0,3,1,0,0,1,"0,002569444444","0,003188657407","0,004884259259"
2026-10-07,TestCafe tests,accessibility - fluent-next,0,0,0,0,0,0,0,0,4,0,0,0,1,"0,002858796296","0,003012152778","0,003113425926"
2026-10-07,TestCafe tests,common - fluent-next,0,0,0,0,0,0,0,0,4,0,0,0,1,"0,004490740741","0,004545717593","0,004618055556"
2026-10-07,TestCafe tests,navigation - fluent-next,0,0,0,0,0,0,0,0,2,2,0,0,1,"0,003229166667","0,00326099537","0,003356481481"
2026-10-07,TestCafe tests,dataGrid (3/4) - fluent-next,0,0,0,0,0,0,0,0,4,0,0,0,1,"0,003645833333","0,003677662037","0,003738425926"
2026-10-07,TestCafe tests,scheduler / timezones (Europe/Berlin) - fluent-next,0,0,0,0,0,0,0,0,4,0,0,0,1,"0,001597222222","0,001623263889","0,001631944444"
2026-10-07,TestCafe tests,dataGrid (4/4) - fluent-next,0,0,0,0,0,0,0,0,4,0,0,0,1,"0,003761574074","0,003773148148","0,003784722222"
2026-10-07,TestCafe tests,scheduler / common (1/3) - fluent-next,0,0,0,0,0,0,0,0,4,0,0,0,1,"0,003472222222","0,003518518519","0,003541666667"
2026-10-07,TestCafe tests,scheduler / common (3/3) - fluent-next,0,0,0,0,0,0,0,0,4,0,0,0,1,"0,003344907407","0,003645833333","0,003935185185"
2026-10-07,TestCafe tests,dataGrid (1/4) - fluent-next,0,0,0,0,0,0,0,0,4,0,0,0,1,"0,003703703704","0,00380787037","0,003900462963"
2026-10-07,TestCafe tests,scheduler / viewOffset (1/2) - fluent-next,0,0,0,0,0,0,0,0,4,0,0,0,1,"0,003599537037","0,003680555556","0,003761574074"
2026-10-07,TestCafe tests,scheduler / common (2/3) - fluent-next,0,0,0,0,0,0,0,0,4,0,0,0,1,"0,003414351852","0,005295138889","0,007164351852"
2026-10-07,TestCafe tests,dataGrid (2/4) - fluent-next,0,0,0,0,0,0,0,0,4,0,0,0,1,"0,003680555556","0,00375","0,00380787037"
2026-10-07,TestCafe tests,scheduler / viewOffset (2/2) - fluent-next,0,0,0,0,0,0,0,0,4,0,0,0,1,"0,003726851852","0,003761574074","0,003796296296"
2026-10-07,TestCafe tests,editors - fluent-next,0,0,0,0,0,0,0,0,2,2,0,0,1,"0,003935185185","0,004085648148","0,004305555556"
2026-10-07,TestCafe tests,scheduler / timezones (America/Los_Angeles) - fluent-next,0,0,0,0,0,0,0,0,4,0,0,0,1,"0,001597222222","0,001631944444","0,001643518519"
2026-10-07,TestCafe tests,${{ matrix.ARGS.name }}${{ ((!matrix.ARGS.theme && ' - fluent') || '') }},0,0,0,0,0,0,0,0,0,0,0,1,0,0,"-0,00001157407407",0
2026-10-07,Themebuilder and Styles tests,test,19,0,0,0,0,"0,001574074074","0,002423245614","0,003159722222",100,0,9,0,0,"0,00001157407407","0,002581443255","0,007604166667"
2026-10-07,Themebuilder and Styles tests,Send notifications,0,0,0,19,0,0,"-0,00000365497076",0,0,0,9,99,0,"-0,00001157407407","-0,00003429355281",0
2026-10-07,TS Declarations,check-ts-bundle,19,0,0,0,0,"0,0009259259259","0,001260964912","0,002939814815",101,0,8,0,0,"0,00001157407407","0,00132188668","0,003009259259"
2026-10-07,TS Declarations,validate-declarations,19,0,0,0,0,"0,0008449074074","0,001254264133","0,003090277778",101,0,8,0,0,"0,00001157407407","0,00138050034","0,002337962963"
2026-10-07,TS Declarations,Send notifications,0,0,0,19,0,0,"-0,000004264132554",0,0,0,8,101,0,"-0,00001157407407","-0,00004438498131",0
2026-10-07,Demos Visual Tests,Determine jQuery test matrix,14,0,0,0,0,"0,00002314814815","0,00006861772487","0,0004398148148",39,0,1,0,2,"-0,00001157407407","0,00003877314815","0,0001273148148"
2026-10-07,Demos Visual Tests,CSP check (jQuery),13,0,0,1,0,"0,0078125","0,007663690476","0,009641203704",85,1,18,6,8,"-0,00001157407407","0,00679598064","0,01048611111"
2026-10-07,Demos Visual Tests,Check generated demos,13,0,0,1,0,"0,004340277778","0,004375","0,005925925926",52,4,14,41,8,"-0,00001157407407","0,002061123624","0,01232638889"
2026-10-07,Demos Visual Tests,"Build vendor bundles (React, Vue)",13,0,0,1,0,"0,001006944444","0,001017691799","0,001226851852",58,0,12,38,8,"-0,00001157407407","-0,00002250514403","0,003738425926"
2026-10-07,Demos Visual Tests,"matrix.SHARD_TOTAL == 1 && format('CSP check ({0})', matrix.FRAMEWORK) || format('CSP check ({0} {1}/{2})', matrix.FRAMEWORK, matrix.SHARD_INDEX, matrix.SHARD_TOTAL)",0,0,0,1,0,0,0,0,0,0,10,38,2,"-0,00001157407407","-0,001500530478",0
2026-10-07,Demos Visual Tests,Check TS and lint code base,13,0,0,1,0,"0,002708333333","0,003227513228","0,004189814815",56,5,12,38,8,"-0,00001157407407","0,00139451952","0,004456018519"
2026-10-07,Demos Visual Tests,"matrix.SHARD_TOTAL == 1 && format('Build demos ({0})', matrix.FRAMEWORK) || format('Build demos ({0} {1}/{2})', matrix.FRAMEWORK, matrix.SHARD_INDEX, matrix.SHARD_TOTAL)",0,0,0,1,0,0,0,0,0,0,12,40,2,"-0,00001157407407","-0,001489271724",0
2026-10-07,Demos Visual Tests,CSP Violations Summary,14,0,0,0,0,"0,0001967592593","0,0002562830688","0,0003009259259",88,0,19,0,8,"-0,00001157407407","0,0002260730357","0,0006597222222"
2026-10-07,Demos Visual Tests,CSP check (Angular 1/3),12,1,0,0,0,"0,004814814815","0,005899216524","0,01042824074",57,1,5,0,6,"0,0008796296296","0,0050914903","0,009039351852"
2026-10-07,Demos Visual Tests,CSP check (Vue 2/2),12,1,0,0,0,"0,005138888889","0,006068376068","0,01112268519",58,0,5,0,6,"0,001574074074","0,005385251323","0,007268518519"
2026-10-07,Demos Visual Tests,CSP check (Angular 3/3),12,1,0,0,0,"0,004814814815","0,005719373219","0,01181712963",57,1,5,0,6,"0,0002199074074","0,005130254262","0,007847222222"
2026-10-07,Demos Visual Tests,CSP check (React 1/2),13,0,0,0,0,"0,005289351852","0,005562678063","0,007233796296",58,0,5,0,6,"0,001527777778","0,005520282187","0,007407407407"
2026-10-07,Demos Visual Tests,jquery-accessibility-fluent.blue.dark,13,0,0,0,0,"0,00212962963","0,002865918803","0,003078703704",60,0,3,0,6,"0,0007291666667","0,002976557907","0,004085648148"
2026-10-07,Demos Visual Tests,CSP check (Vue 1/2),13,0,0,0,0,"0,005381944444","0,005675747863","0,0071875",56,1,6,0,6,"0,0008680555556","0,005620774544","0,01225694444"
2026-10-07,Demos Visual Tests,jquery-accessibility-material.blue.dark,13,0,0,0,0,"0,003009259259","0,003267450142","0,003877314815",58,1,4,0,6,"0,0008680555556","0,003472957084","0,009039351852"
2026-10-07,Demos Visual Tests,CSP check (React 2/2),13,0,0,0,0,"0,005081018519","0,005534188034","0,006064814815",58,0,5,0,6,"0,0008796296296","0,005342813051","0,007303240741"
2026-10-07,Demos Visual Tests,CSP check (Angular 2/3),12,1,0,0,0,"0,005150462963","0,006233974359","0,01181712963",57,1,5,0,6,"0,0008796296296","0,005371472663","0,01111111111"
2026-10-07,Demos Visual Tests,Build demos (React),13,0,0,0,0,"0,0009837962963","0,001217058405","0,001956018519",57,0,1,0,6,"0,0009953703704","0,001158006066","0,00287037037"
2026-10-07,Demos Visual Tests,Build demos (Angular 2/3),13,0,0,0,0,"0,0009837962963","0,001336360399","0,002118055556",56,1,1,0,6,"0,001041666667","0,00141223659","0,007638888889"
2026-10-07,Demos Visual Tests,Build demos (Angular 3/3),13,0,0,0,0,"0,001064814815","0,001241987179","0,002152777778",57,0,1,0,6,"0,001018518519","0,00129988825","0,002881944444"
2026-10-07,Demos Visual Tests,Build demos (Angular 1/3),13,0,0,0,0,"0,001018518519","0,001331908832","0,002152777778",57,0,1,0,6,"0,001111111111","0,001344987229","0,003391203704"
2026-10-07,Demos Visual Tests,Build demos (Vue),13,0,0,0,0,"0,001006944444","0,001164529915","0,001921296296",57,0,1,0,6,"0,0009259259259","0,001192728289","0,00287037037"
2026-10-07,Demos Visual Tests,vue-screenshots-fluent.blue.light,0,0,0,0,0,0,0,0,2,0,0,0,0,"0,001770833333","0,001782407407","0,001793981481"
2026-10-07,Demos Visual Tests,react-screenshots-fluent.blue.light,0,0,0,0,0,0,0,0,2,0,0,0,0,"0,001701388889","0,001701388889","0,001701388889"
2026-10-07,Demos Visual Tests,angular-screenshots-fluent.blue.light,0,0,0,0,0,0,0,0,2,0,0,0,0,"0,001759259259","0,001765046296","0,001770833333"
2026-10-07,Demos Visual Tests,jquery-accessibility-fluent-next.blue.dark,0,0,0,0,0,0,0,0,3,0,0,0,0,"0,002685185185","0,002685185185","0,002685185185"
2026-10-07,Demos Visual Tests,jquery-accessibility-fluent-next.blue.light,0,0,0,0,0,0,0,0,3,0,0,0,0,"0,002627314815","0,00268132716","0,002777777778"
2026-10-07,Demos Visual Tests,jquery(1/3)-screenshots-fluent-next.blue.light,0,0,0,0,0,0,0,0,3,0,0,0,0,"0,004039351852","0,00412037037","0,004201388889"
2026-10-07,Demos Visual Tests,jquery(3/3)-screenshots-fluent-next.blue.light,0,0,0,0,0,0,0,0,1,2,0,0,0,"0,004270833333","0,004456018519","0,004733796296"
2026-10-07,Demos Visual Tests,jquery(2/3)-screenshots-fluent-next.blue.light,0,0,0,0,0,0,0,0,3,0,0,0,0,"0,004652777778","0,004691358025","0,004733796296"
2026-10-07,Demos Visual Tests,react(2/3)-screenshots-fluent-next.blue.light,0,0,0,0,0,0,0,0,3,0,0,0,0,"0,004710648148","0,004772376543","0,004814814815"
2026-10-07,Demos Visual Tests,react(1/3)-screenshots-fluent-next.blue.light,0,0,0,0,0,0,0,0,3,0,0,0,0,"0,003460648148","0,003923611111","0,004155092593"
2026-10-07,Demos Visual Tests,vue(4/5)-screenshots-fluent-next.blue.light,0,0,0,0,0,0,0,0,3,0,0,0,0,"0,003969907407","0,003981481481","0,003993055556"
2026-10-07,Demos Visual Tests,vue(5/5)-screenshots-fluent-next.blue.light,0,0,0,0,0,0,0,0,1,2,0,0,0,"0,003611111111","0,00375","0,003993055556"
2026-10-07,Demos Visual Tests,angular(1/10)-screenshots-fluent-next.blue.light,0,0,0,0,0,0,0,0,3,0,0,0,0,"0,002789351852","0,003082561728","0,003668981481"
2026-10-07,Demos Visual Tests,vue(2/5)-screenshots-fluent-next.blue.light,0,0,0,0,0,0,0,0,3,0,0,0,0,"0,003923611111","0,004826388889","0,006597222222"
2026-10-07,Demos Visual Tests,vue(1/5)-screenshots-fluent-next.blue.light,0,0,0,0,0,0,0,0,3,0,0,0,0,"0,003240740741","0,00325617284","0,003287037037"
2026-10-07,Demos Visual Tests,angular(3/10)-screenshots-fluent-next.blue.light,0,0,0,0,0,0,0,0,3,0,0,0,0,"0,002615740741","0,002920524691","0,003078703704"
2026-10-07,Demos Visual Tests,angular(7/10)-screenshots-fluent-next.blue.light,0,0,0,0,0,0,0,0,3,0,0,0,0,"0,003368055556","0,003730709877","0,004398148148"
2026-10-07,Demos Visual Tests,react(3/3)-screenshots-fluent-next.blue.light,0,0,0,0,0,0,0,0,1,2,0,0,0,"0,004375","0,004517746914","0,004722222222"
2026-10-07,Demos Visual Tests,angular(10/10)-screenshots-fluent-next.blue.light,0,0,0,0,0,0,0,0,3,0,0,0,0,"0,0028125","0,003074845679","0,003587962963"
2026-10-07,Demos Visual Tests,angular(8/10)-screenshots-fluent-next.blue.light,0,0,0,0,0,0,0,0,3,0,0,0,0,"0,003275462963","0,00331404321","0,003333333333"
2026-10-07,Demos Visual Tests,angular(2/10)-screenshots-fluent-next.blue.light,0,0,0,0,0,0,0,0,1,2,0,0,0,"0,00275462963","0,002820216049","0,002881944444"
2026-10-07,Demos Visual Tests,angular(5/10)-screenshots-fluent-next.blue.light,0,0,0,0,0,0,0,0,1,2,0,0,0,"0,003020833333","0,003194444444","0,003518518519"
2026-10-07,Demos Visual Tests,vue(3/5)-screenshots-fluent-next.blue.light,0,0,0,0,0,0,0,0,1,2,0,0,0,"0,003773148148","0,003831018519","0,003923611111"
2026-10-07,Demos Visual Tests,angular(9/10)-screenshots-fluent-next.blue.light,0,0,0,0,0,0,0,0,3,0,0,0,0,"0,002939814815","0,003279320988","0,003483796296"
2026-10-07,Demos Visual Tests,angular(4/10)-screenshots-fluent-next.blue.light,0,0,0,0,0,0,0,0,3,0,0,0,0,"0,003020833333","0,003040123457","0,00306712963"
2026-10-07,Demos Visual Tests,angular(6/10)-screenshots-fluent-next.blue.light,0,0,0,0,0,0,0,0,3,0,0,0,0,"0,002337962963","0,002635030864","0,002789351852"
2026-10-07,Wrappers Tests,check-regenerate,17,0,2,0,0,"0,0008333333333","0,001347465887","0,002083333333",103,0,9,0,3,0,"0,001646722057","0,00375"
2026-10-07,Wrappers Tests,build,16,0,3,0,0,"0,0008449074074","0,003540448343","0,008275462963",96,6,10,0,3,"0,00001157407407","0,003383039848","0,01065972222"
2026-10-07,Wrappers Tests,test (angular),14,0,2,0,0,"0,002476851852","0,008832465278","0,02105324074",87,1,5,0,3,"0,000787037037","0,006888191955","0,01707175926"
2026-10-07,Wrappers Tests,test (vue),15,0,1,0,0,"0,002476851852","0,003861400463","0,005694444444",87,3,3,0,3,"0,0007291666667","0,00383985464","0,01388888889"
2026-10-07,Wrappers Tests,test (react),15,0,1,0,0,"0,002476851852","0,003974247685","0,00630787037",88,1,4,0,3,"0,000787037037","0,003544529072","0,008726851852"
2026-10-07,Wrappers Tests,test,0,0,3,0,0,"-0,00001157407407","-0,000003858024691",0,0,0,10,6,0,"-0,00001157407407","-0,000007957175926",0
2026-10-07,Wrappers E2E Tests,Build DevExtreme and Wrappers,19,0,0,0,0,"0,00494212963","0,006534478558","0,01417824074",92,6,11,0,1,"0,00001157407407","0,005219588855","0,01777777778"
2026-10-07,Wrappers E2E Tests,Test angular,19,0,0,0,0,"0,0009606481481","0,001380360624","0,0021875",87,1,1,0,1,"-20.733,63652","-230,3724064","0,008333333333"
2026-10-07,Wrappers E2E Tests,Test vue3,19,0,0,0,0,"0,001145833333","0,001407772904","0,002256944444",88,0,1,0,1,"-20.733,63647","-230,3725166","0,002407407407"
2026-10-07,Wrappers E2E Tests,Test react19,19,0,0,0,0,"0,001087962963","0,001565545809","0,002418981481",88,0,1,0,1,"0,0008680555556","0,001308130462","0,00244212963"
2026-10-07,Wrappers E2E Tests,Test ${{ matrix.framework }},0,0,0,0,0,0,0,0,0,0,11,6,0,"-0,00001157407407","-0,00000612745098",0
2026-10-06,Send dependabot new vulnerability alerts,Fetch analysis,0,0,0,0,0,0,0,0,1,0,0,0,0,"0,00003472222222","0,00003472222222","0,00003472222222"
2026-10-06,Send dependabot new vulnerability alerts,Send notifications,0,0,0,0,0,0,0,0,1,0,0,0,0,"0,0001273148148","0,0001273148148","0,0001273148148"
2026-10-06,Build and pack DevExtreme npm packages,build,9,1,1,0,0,"0,003599537037","0,006560395623","0,008506944444",95,9,12,0,1,"0,000787037037","0,00678260696","0,01641203704"
2026-10-06,Build and pack DevExtreme npm packages,custom_bundles,8,0,2,1,0,"-0,00001157407407","0,0007680976431","0,00119212963",93,0,14,9,1,"-0,00001157407407","0,0007629909004","0,001643518519"
2026-10-06,CodeQL,Analyze JavaScript,4,0,0,0,0,"0,00744212963","0,01041087963","0,01232638889",1,0,0,0,0,"0,02400462963","0,02400462963","0,02400462963"
2026-10-06,CodeQL,Fetch analysis,4,0,0,0,0,"0,00002314814815","0,00002893518519","0,0000462962963",1,0,0,0,0,"0,00002314814815","0,00002314814815","0,00002314814815"
2026-10-06,CodeQL,Send notifications,2,2,0,0,0,"0,00002314814815","0,00004340277778","0,00008101851852",1,0,0,0,0,"0,00003472222222","0,00003472222222","0,00003472222222"
2026-10-06,CodeQL,Analyze C#,1,0,0,0,0,"0,001145833333","0,001145833333","0,001145833333",0,0,0,0,0,0,0,0
2026-10-06,CodeQL (scheduler),Run CodeQL workflow (25_2),0,0,0,0,0,0,0,0,1,0,0,0,0,"0,00008101851852","0,00008101851852","0,00008101851852"
2026-10-06,CodeQL (scheduler),Run CodeQL workflow (25_1),0,0,0,0,0,0,0,0,1,0,0,0,0,"0,00008101851852","0,00008101851852","0,00008101851852"
2026-10-06,CodeQL (scheduler),Run CodeQL workflow (main),0,0,0,0,0,0,0,0,1,0,0,0,0,"0,00006944444444","0,00006944444444","0,00006944444444"
2026-10-06,CodeQL (scheduler),Run CodeQL workflow (26_1),0,0,0,0,0,0,0,0,1,0,0,0,0,"0,00008101851852","0,00008101851852","0,00008101851852"
2026-10-06,CodeQL (scheduler),Run CodeQL workflow (24_2),0,0,0,0,0,0,0,0,1,0,0,0,0,"0,00008101851852","0,00008101851852","0,00008101851852"
2026-10-06,Default Workflow,main,10,1,0,0,0,"0,002002314815","0,003941498316","0,004907407407",101,8,6,0,0,"0,0008217592593","0,004298208535","0,009918981481"
2026-10-06,Demos unit tests,Check if tests should run,11,0,0,0,0,"0,00002314814815","0,00003577441077","0,0000462962963",115,0,0,0,0,"0,00002314814815","0,00003683574879","0,00006944444444"
2026-10-06,Demos unit tests,Run unit tests,11,0,0,0,0,"0,0008796296296","0,001026936027","0,00119212963",111,4,0,0,0,"0,0004861111111","0,001100140902","0,001354166667"
2026-10-06,Demos Visual Tests,Check if tests should run,11,0,0,0,0,"0,00002314814815","0,00003577441077","0,0000462962963",129,0,0,0,15,"0,00002314814815","0,00004539908125","0,0001041666667"
2026-10-06,Demos Visual Tests,Get changed demos,0,0,0,11,0,0,"-0,000005260942761",0,36,0,0,0,4,"0,0001388888889","0,0002150848765","0,0006481481481"
2026-10-06,Demos Visual Tests,Determine scope for framework tests,11,0,0,0,0,"0,00002314814815","0,00003367003367","0,0000462962963",36,0,0,0,4,"0,00003472222222","0,00004050925926","0,0001041666667"
2026-10-06,Demos Visual Tests,Build DevExtreme,10,1,0,0,0,"0,001365740741","0,005475589226","0,007106481481",113,8,8,0,15,"0,000775462963","0,005233993684","0,0146412037"
2026-10-06,Demos Visual Tests,jquery(3/3)-screenshots-fluent.blue.light,10,0,0,0,0,"0,003402777778","0,003512731481","0,003773148148",104,5,4,0,15,"0,001574074074","0,003873627499","0,01041666667"
2026-10-06,Demos Visual Tests,jquery(1/3)-screenshots-fluent.blue.light,10,0,0,0,0,"0,003668981481","0,004155092593","0,006412037037",104,4,5,0,15,"0,001585648148","0,004225663717","0,01018518519"
2026-10-06,Demos Visual Tests,jquery(2/3)-screenshots-material.blue.light,10,0,0,0,0,"0,003831018519","0,00408912037","0,005659722222",100,9,4,0,15,"0,0015625","0,004341711734","0,009027777778"
2026-10-06,Demos Visual Tests,jquery-accessibility-fluent.blue.light,10,0,0,0,0,"0,002766203704","0,003186342593","0,004814814815",105,5,3,0,15,"0,001585648148","0,003193727466","0,008287037037"
2026-10-06,Demos Visual Tests,jquery(1/3)-screenshots-material.blue.light,10,0,0,0,0,"0,003981481481","0,004056712963","0,00412037037",105,4,4,0,15,"0,001631944444","0,00412620862","0,01041666667"
2026-10-06,Demos Visual Tests,jquery(2/3)-screenshots-fluent.blue.light,10,0,0,0,0,"0,003842592593","0,003930555556","0,003993055556",103,6,4,0,15,"0,001574074074","0,004074893478","0,01041666667"
2026-10-06,Demos Visual Tests,jquery(3/3)-screenshots-material.blue.light,10,0,0,0,0,"0,003136574074","0,003646990741","0,005081018519",102,7,4,0,15,"0,0002314814815","0,003784619797","0,009733796296"
2026-10-06,Demos Visual Tests,jquery-accessibility-material.blue.light,10,0,0,0,0,"0,003043981481","0,003319444444","0,004907407407",105,4,4,0,15,"0,0015625","0,00329123648","0,008842592593"
2026-10-06,Demos Visual Tests,Lint code base,0,0,0,0,0,0,0,0,0,0,0,3,0,0,"-0,00001157407407",0
2026-10-06,Demos Visual Tests,Check generated demos (changed only),0,0,0,11,0,0,"-0,000005260942761",0,3,0,0,33,4,"0,001550925926","-0,00889531893","0,001631944444"
2026-10-06,Demos Visual Tests,Check generated demos (${{ matrix.CONSTEL }}),0,0,0,0,0,0,0,0,0,0,0,3,0,0,"-0,00001157407407",0
2026-10-06,Demos Visual Tests,Build Demos Bundles,0,0,0,0,0,0,0,0,3,0,0,3,0,"0,002951388889","0,001512345679","0,003159722222"
2026-10-06,Demos Visual Tests,Check TS,0,0,0,0,0,0,0,0,0,0,0,3,0,0,"-0,00001157407407",0
2026-10-06,Demos Visual Tests,${{ matrix.CONSTEL }}-screenshots-${{ matrix.THEME }},0,0,0,12,0,0,"-0,000005787037037",0,0,0,9,76,8,0,"-0,007649237473",0
2026-10-06,Demos Visual Tests,merge-artifacts,2,0,0,9,0,"0,0000462962963","0,000007365319865","0,00005787037037",22,0,13,94,15,"-0,00001157407407","-0,002601295579","0,0002083333333"
2026-10-06,Label PR by changed files,label,0,0,0,0,0,0,0,0,95,0,0,0,0,"0,00003472222222","0,00006700779727","0,0004976851852"
2026-10-06,Lint,texts,11,0,0,0,0,"0,0008912037037","0,001304713805","0,002835648148",115,1,0,0,1,"0,000775462963","0,001460927522","0,003009259259"
2026-10-06,Lint,TS,10,1,0,0,0,"0,001967592593","0,004776936027","0,005729166667",96,12,8,0,1,"0,0007986111111","0,005263709291","0,01459490741"
2026-10-06,Lint,component_exports,11,0,0,0,0,"0,0009143518519","0,001018518519","0,001099537037",115,1,0,0,1,"0,0006365740741","0,001040070243","0,001574074074"
2026-10-06,Lint,JS,10,1,0,0,0,"0,001203703704","0,003884680135","0,004907407407",100,10,6,0,1,"0,0007407407407","0,004532247765","0,01667824074"
2026-10-06,Lint,wrappers,11,0,0,0,0,"0,0009953703704","0,001397306397","0,003043981481",115,1,0,0,1,"0,0007523148148","0,001532167944","0,003287037037"
2026-10-06,Lint,Send notifications,0,0,0,11,0,0,"-0,000002104377104",0,0,0,9,107,1,"-0,00001157407407","-0,000005487707535",0
2026-10-06,Publishing to GitHub Packages,Build packages,3,0,0,0,0,"-20.732,76634","-5.183,181907","0,01809027778",2,1,0,0,0,"0,00002314814815","0,007901234568","0,01368055556"
2026-10-06,Publishing to GitHub Packages,Publish package (devextreme-internal-24.2.17-build-26279-1825),1,0,0,0,0,"0,001284722222","0,001284722222","0,001284722222",0,0,0,0,0,0,0,0
2026-10-06,Publishing to GitHub Packages,Publish package (devextreme-dist-internal-24.2.17-build-26279-1825),1,0,0,0,0,"0,001168981481","0,001168981481","0,001168981481",0,0,0,0,0,0,0,0
2026-10-06,Publishing to GitHub Packages,Publish package (devextreme-monorepo-tools-24.2.17-build-26279-1825),1,0,0,0,0,"0,0009375","0,0009375","0,0009375",0,0,0,0,0,0,0,0
2026-10-06,Publishing to GitHub Packages,Publish package (devextreme-artifacts-24.2.17-build-26279-1825),1,0,0,0,0,"0,001273148148","0,001273148148","0,001273148148",0,0,0,0,0,0,0,0
2026-10-06,Publishing to GitHub Packages,Publish package (devextreme-24.2.17-build-26279-1825),1,0,0,0,0,"0,00119212963","0,00119212963","0,00119212963",0,0,0,0,0,0,0,0
2026-10-06,Publishing to GitHub Packages,Publish package (devextreme-vue-24.2.17-build-26279-1825),1,0,0,0,0,"0,001319444444","0,001319444444","0,001319444444",0,0,0,0,0,0,0,0
2026-10-06,Publishing to GitHub Packages,Publish package (devextreme-angular-24.2.17-build-26279-1825),1,0,0,0,0,"0,001087962963","0,001087962963","0,001087962963",0,0,0,0,0,0,0,0
2026-10-06,Publishing to GitHub Packages,Publish package (devextreme-dist-24.2.17-build-26279-1825),1,0,0,0,0,"0,001435185185","0,001435185185","0,001435185185",0,0,0,0,0,0,0,0
2026-10-06,Publishing to GitHub Packages,Publish package (devextreme-react-24.2.17-build-26279-1825),1,0,0,0,0,"0,001053240741","0,001053240741","0,001053240741",0,0,0,0,0,0,0,0
2026-10-06,Publishing to GitHub Packages,Publish package (devextreme-themebuilder-24.2.17-build-26279-1825),1,0,0,0,0,"0,001122685185","0,001122685185","0,001122685185",0,0,0,0,0,0,0,0
2026-10-06,Publishing to GitHub Packages,Send notifications,0,0,0,3,0,0,0,0,1,0,0,2,0,"0,0002083333333","0,00006558641975","0,0002083333333"
2026-10-06,Publishing to GitHub Packages,Publish package (devextreme-26.1.6-build-26279-1824),1,0,0,0,0,"0,002511574074","0,002511574074","0,002511574074",0,0,0,0,0,0,0,0
2026-10-06,Publishing to GitHub Packages,Publish package (devextreme-dist-26.1.6-build-26279-1824),1,0,0,0,0,"0,002523148148","0,002523148148","0,002523148148",0,0,0,0,0,0,0,0
2026-10-06,Publishing to GitHub Packages,Publish package (devextreme-monorepo-tools-26.1.6-build-26279-1824),1,0,0,0,0,"0,004039351852","0,004039351852","0,004039351852",0,0,0,0,0,0,0,0
2026-10-06,Publishing to GitHub Packages,Publish package (devextreme-dist-internal-26.1.6-build-26279-1824),1,0,0,0,0,"0,003310185185","0,003310185185","0,003310185185",0,0,0,0,0,0,0,0
2026-10-06,Publishing to GitHub Packages,Publish package (devextreme-artifacts-26.1.6-build-26279-1824),1,0,0,0,0,"0,003125","0,003125","0,003125",0,0,0,0,0,0,0,0
2026-10-06,Publishing to GitHub Packages,Publish package (devextreme-themebuilder-26.1.6-build-26279-1824),1,0,0,0,0,"0,002465277778","0,002465277778","0,002465277778",0,0,0,0,0,0,0,0
2026-10-06,Publishing to GitHub Packages,Publish package (devextreme-internal-26.1.6-build-26279-1824),1,0,0,0,0,"0,004074074074","0,004074074074","0,004074074074",0,0,0,0,0,0,0,0
2026-10-06,Publishing to GitHub Packages,Publish package (devextreme-angular-26.1.6-build-26279-1824),1,0,0,0,0,"0,001875","0,001875","0,001875",0,0,0,0,0,0,0,0
2026-10-06,Publishing to GitHub Packages,Publish package (devextreme-react-26.1.6-build-26279-1824),1,0,0,0,0,"0,002638888889","0,002638888889","0,002638888889",0,0,0,0,0,0,0,0
2026-10-06,Publishing to GitHub Packages,Publish package (devextreme-vue-26.1.6-build-26279-1824),1,0,0,0,0,"0,002534722222","0,002534722222","0,002534722222",0,0,0,0,0,0,0,0
2026-10-06,Publishing to GitHub Packages,Publish package (devextreme-monorepo-tools-25.1.15-build-26279-1826),1,0,0,0,0,"0,000775462963","0,000775462963","0,000775462963",0,0,0,0,0,0,0,0
2026-10-06,Publishing to GitHub Packages,Publish package (devextreme-artifacts-25.1.15-build-26279-1826),1,0,0,0,0,"0,0008564814815","0,0008564814815","0,0008564814815",0,0,0,0,0,0,0,0
2026-10-06,Publishing to GitHub Packages,Publish package (devextreme-themebuilder-25.1.15-build-26279-1826),1,0,0,0,0,"0,0009375","0,0009375","0,0009375",0,0,0,0,0,0,0,0
2026-10-06,Publishing to GitHub Packages,Publish package (devextreme-react-25.1.15-build-26279-1826),1,0,0,0,0,"0,0008217592593","0,0008217592593","0,0008217592593",0,0,0,0,0,0,0,0
2026-10-06,Publishing to GitHub Packages,Publish package (devextreme-angular-25.1.15-build-26279-1826),1,0,0,0,0,"0,0007986111111","0,0007986111111","0,0007986111111",0,0,0,0,0,0,0,0
2026-10-06,Publishing to GitHub Packages,Publish package (devextreme-dist-internal-25.1.15-build-26279-1826),1,0,0,0,0,"0,0008333333333","0,0008333333333","0,0008333333333",0,0,0,0,0,0,0,0
2026-10-06,Publishing to GitHub Packages,Publish package (devextreme-25.1.15-build-26279-1826),1,0,0,0,0,"0,0009837962963","0,0009837962963","0,0009837962963",0,0,0,0,0,0,0,0
2026-10-06,Publishing to GitHub Packages,Publish package (devextreme-vue-25.1.15-build-26279-1826),1,0,0,0,0,"0,0008680555556","0,0008680555556","0,0008680555556",0,0,0,0,0,0,0,0
2026-10-06,Publishing to GitHub Packages,Publish package (devextreme-internal-25.1.15-build-26279-1826),1,0,0,0,0,"0,000787037037","0,000787037037","0,000787037037",0,0,0,0,0,0,0,0
2026-10-06,Publishing to GitHub Packages,Publish package (devextreme-dist-25.1.15-build-26279-1826),1,0,0,0,0,"0,0008796296296","0,0008796296296","0,0008796296296",0,0,0,0,0,0,0,0
2026-10-06,Publishing to GitHub Packages,Publish package (devextreme-artifacts-26.2.1-alpha-26279-1824),0,0,0,0,0,0,0,0,1,0,0,0,0,"0,002835648148","0,002835648148","0,002835648148"
2026-10-06,Publishing to GitHub Packages,Publish package (devextreme-angular-26.2.1-alpha-26279-1824),0,0,0,0,0,0,0,0,1,0,0,0,0,"0,002847222222","0,002847222222","0,002847222222"
2026-10-06,Publishing to GitHub Packages,Publish package (devextreme-monorepo-tools-26.2.1-alpha-26279-1824),0,0,0,0,0,0,0,0,1,0,0,0,0,"0,003472222222","0,003472222222","0,003472222222"
2026-10-06,Publishing to GitHub Packages,Publish package (devextreme-react-26.2.1-alpha-26279-1824),0,0,0,0,0,0,0,0,1,0,0,0,0,"0,002905092593","0,002905092593","0,002905092593"
2026-10-06,Publishing to GitHub Packages,Publish package (devextreme-dist-internal-26.2.1-alpha-26279-1824),0,0,0,0,0,0,0,0,1,0,0,0,0,"0,003819444444","0,003819444444","0,003819444444"
2026-10-06,Publishing to GitHub Packages,Publish package (devextreme-vue-26.2.1-alpha-26279-1824),0,0,0,0,0,0,0,0,1,0,0,0,0,"0,002893518519","0,002893518519","0,002893518519"
2026-10-06,Publishing to GitHub Packages,Publish package (devextreme-26.2.1-alpha-26279-1824),0,0,0,0,0,0,0,0,1,0,0,0,0,"0,002847222222","0,002847222222","0,002847222222"
2026-10-06,Publishing to GitHub Packages,Publish package (devextreme-dist-26.2.1-alpha-26279-1824),0,0,0,0,0,0,0,0,1,0,0,0,0,"0,002083333333","0,002083333333","0,002083333333"
2026-10-06,Publishing to GitHub Packages,Publish package (devextreme-themebuilder-26.2.1-alpha-26279-1824),0,0,0,0,0,0,0,0,1,0,0,0,0,"0,003530092593","0,003530092593","0,003530092593"
2026-10-06,Publishing to GitHub Packages,Publish package (devextreme-internal-26.2.1-alpha-26279-1824),0,0,0,0,0,0,0,0,1,0,0,0,0,"0,002835648148","0,002835648148","0,002835648148"
2026-10-06,Publishing to GitHub Packages,Publish package (devextreme-artifacts-26.2.1-alpha-26279-1002),0,0,0,0,0,0,0,0,1,0,0,0,0,"0,00380787037","0,00380787037","0,00380787037"
2026-10-06,Publishing to GitHub Packages,Publish package (devextreme-dist-26.2.1-alpha-26279-1002),0,0,0,0,0,0,0,0,1,0,0,0,0,"0,002118055556","0,002118055556","0,002118055556"
2026-10-06,Publishing to GitHub Packages,Publish package (devextreme-vue-26.2.1-alpha-26279-1002),0,0,0,0,0,0,0,0,1,0,0,0,0,"0,002384259259","0,002384259259","0,002384259259"
2026-10-06,Publishing to GitHub Packages,Publish package (devextreme-internal-26.2.1-alpha-26279-1002),0,0,0,0,0,0,0,0,1,0,0,0,0,"0,00474537037","0,00474537037","0,00474537037"
2026-10-06,Publishing to GitHub Packages,Publish package (devextreme-themebuilder-26.2.1-alpha-26279-1002),0,0,0,0,0,0,0,0,1,0,0,0,0,"0,002141203704","0,002141203704","0,002141203704"
2026-10-06,Publishing to GitHub Packages,Publish package (devextreme-monorepo-tools-26.2.1-alpha-26279-1002),0,0,0,0,0,0,0,0,1,0,0,0,0,"0,002372685185","0,002372685185","0,002372685185"
2026-10-06,Publishing to GitHub Packages,Publish package (devextreme-react-26.2.1-alpha-26279-1002),0,0,0,0,0,0,0,0,1,0,0,0,0,"0,00306712963","0,00306712963","0,00306712963"
2026-10-06,Publishing to GitHub Packages,Publish package (devextreme-26.2.1-alpha-26279-1002),0,0,0,0,0,0,0,0,1,0,0,0,0,"0,002650462963","0,002650462963","0,002650462963"
2026-10-06,Publishing to GitHub Packages,Publish package (devextreme-angular-26.2.1-alpha-26279-1002),0,0,0,0,0,0,0,0,1,0,0,0,0,"0,005949074074","0,005949074074","0,005949074074"
2026-10-06,Publishing to GitHub Packages,Publish package (devextreme-dist-internal-26.2.1-alpha-26279-1002),0,0,0,0,0,0,0,0,1,0,0,0,0,"0,002592592593","0,002592592593","0,002592592593"
2026-10-06,Publishing to GitHub Packages,Publish package,0,0,0,0,0,0,0,0,0,0,0,1,0,0,"-0,00001157407407",0
2026-10-06,Publishing to GitHub Packages (scheduler),Run Packages Publishing workflow (main),0,0,0,0,0,0,0,0,1,0,0,0,0,"0,00009259259259","0,00009259259259","0,00009259259259"
2026-10-06,Publishing to GitHub Packages (scheduler),Run Packages Publishing workflow (25_1),0,0,0,0,0,0,0,0,1,0,0,0,0,"0,0001041666667","0,0001041666667","0,0001041666667"
2026-10-06,Publishing to GitHub Packages (scheduler),Run Packages Publishing workflow (25_2),0,0,0,0,0,0,0,0,1,0,0,0,0,"0,00008101851852","0,00008101851852","0,00008101851852"
2026-10-06,Publishing to GitHub Packages (scheduler),Run Packages Publishing workflow (26_1),0,0,0,0,0,0,0,0,1,0,0,0,0,"0,00009259259259","0,00009259259259","0,00009259259259"
2026-10-06,Publishing to GitHub Packages (scheduler),Run Packages Publishing workflow (24_2),0,0,0,0,0,0,0,0,1,0,0,0,0,"0,00009259259259","0,00009259259259","0,00009259259259"
2026-10-06,Playgrounds tests,build,10,1,0,0,0,"0,001516203704","0,003337542088","0,004131944444",105,7,4,0,1,"0,000775462963","0,003637152778","0,008252314815"
2026-10-06,Playgrounds tests,react,10,0,0,0,0,"0,001539351852","0,001701388889","0,001886574074",98,0,7,0,1,"0,0001157407407","0,00191005291","0,004606481481"
2026-10-06,Playgrounds tests,angular,10,0,0,0,0,"0,001898148148","0,002291666667","0,002569444444",96,2,7,0,1,"0,0001157407407","0,002600859788","0,01042824074"
2026-10-06,Playgrounds tests,vue,10,0,0,0,0,"0,001516203704","0,001773148148","0,002233796296",98,0,7,0,1,"0,0001157407407","0,001857032628","0,004259259259"
2026-10-06,Playgrounds tests,matrix.ARGS.platform,0,0,0,1,0,0,0,0,0,0,4,7,0,"-0,00001157407407","-0,000003156565657",0
2026-10-06,Playwright tests,Check if tests should run,0,0,0,0,0,0,0,0,83,0,0,0,0,"0,000150462963","0,0002189312807","0,0003125"
2026-10-06,Playwright tests,Build DevExtreme,0,0,0,0,0,0,0,0,73,6,4,0,0,"0,0007291666667","0,003658662427","0,008333333333"
2026-10-06,Playwright tests,Determine Playwright matrix,0,0,0,0,0,0,0,0,83,0,0,0,0,"0,00002314814815","0,00003751115573","0,00005787037037"
2026-10-06,Playwright tests,accessibility - fluent,0,0,0,0,0,0,0,0,69,0,4,0,0,"0,0008101851852","0,001035483257","0,003009259259"
2026-10-06,Playwright tests,editors - fluent,0,0,0,0,0,0,0,0,69,0,4,0,0,"0,0008564814815","0,001078291476","0,003020833333"
2026-10-06,Playwright tests,scheduler / viewOffset (2/2) - fluent,0,0,0,0,0,0,0,0,69,0,4,0,0,"0,0008564814815","0,001055301877","0,003020833333"
2026-10-06,Playwright tests,scheduler / timezones (America/Los_Angeles) - fluent,0,0,0,0,0,0,0,0,69,0,4,0,0,"0,0008564814815","0,00105641172","0,003020833333"
2026-10-06,Playwright tests,common - fluent,0,0,0,0,0,0,0,0,69,0,4,0,0,"0,0008449074074","0,001134893455","0,003009259259"
2026-10-06,Playwright tests,material,0,0,0,0,0,0,0,0,69,0,4,0,0,"0,0008449074074","0,001106988838","0,002013888889"
2026-10-06,Playwright tests,navigation - fluent,0,0,0,0,0,0,0,0,69,0,4,0,0,"0,0008564814815","0,001049594115","0,003020833333"
2026-10-06,Playwright tests,cardView - fluent,0,0,0,0,0,0,0,0,69,0,4,0,0,"0,0008449074074","0,00127441654","0,01604166667"
2026-10-06,Playwright tests,dataGrid (2/4) - fluent,0,0,0,0,0,0,0,0,69,0,4,0,0,"0,0008333333333","0,001052447996","0,003009259259"
2026-10-06,Playwright tests,dataGrid (3/4) - fluent,0,0,0,0,0,0,0,0,69,0,4,0,0,"0,0008449074074","0,001006310249","0,001747685185"
2026-10-06,Playwright tests,scheduler / common (2/3) - fluent,0,0,0,0,0,0,0,0,69,0,4,0,0,"0,0008564814815","0,001067668696","0,003020833333"
2026-10-06,Playwright tests,generic,0,0,0,0,0,0,0,0,68,0,5,0,0,"0,0008449074074","0,001102866565","0,003009259259"
2026-10-06,Playwright tests,scheduler / common (1/3) - fluent,0,0,0,0,0,0,0,0,69,0,4,0,0,"0,0008564814815","0,001067193049","0,003020833333"
2026-10-06,Playwright tests,dataGrid (4/4) - fluent,0,0,0,0,0,0,0,0,69,0,4,0,0,"0,0008449074074","0,001049118468","0,001898148148"
2026-10-06,Playwright tests,scheduler / common (3/3) - fluent,0,0,0,0,0,0,0,0,69,0,4,0,0,"0,0008564814815","0,001046264587","0,003020833333"
2026-10-06,Playwright tests,material - compact,0,0,0,0,0,0,0,0,69,0,4,0,0,"0,0008449074074","0,00112189244","0,003009259259"
2026-10-06,Playwright tests,scheduler / timezones (Europe/Berlin) - fluent,0,0,0,0,0,0,0,0,69,0,4,0,0,"0,0008564814815","0,001051655251","0,003020833333"
2026-10-06,Playwright tests,scheduler / viewOffset (1/2) - fluent,0,0,0,0,0,0,0,0,69,0,4,0,0,"0,000787037037","0,001057680112","0,003020833333"
2026-10-06,Playwright tests,dataGrid (1/4) - fluent,0,0,0,0,0,0,0,0,69,0,4,0,0,"0,0008449074074","0,00103500761","0,003009259259"
2026-10-06,Playwright tests,merge-artifacts,0,0,0,0,0,0,0,0,83,0,0,0,0,"0,00003472222222","0,0000599620705","0,00009259259259"
2026-10-06,Playwright tests,accessibility - material.dark,0,0,0,0,0,0,0,0,6,0,0,0,0,"0,0009490740741","0,001124614198","0,001759259259"
2026-10-06,Playwright tests,accessibility - fluent.dark,0,0,0,0,0,0,0,0,6,0,0,0,0,"0,0008912037037","0,0009760802469","0,001053240741"
2026-10-06,Playwright tests,accessibility - material.light,0,0,0,0,0,0,0,0,6,0,0,0,0,"0,0009027777778","0,001001157407","0,001087962963"
2026-10-06,Playwright tests,${{ matrix.name }}${{ ((!matrix.theme && ' - fluent') || '') }},0,0,0,0,0,0,0,0,0,0,4,6,0,"-0,00001157407407","-0,000003472222222",0
2026-10-06,PR Filter Stubs,MD-only filter,0,0,0,0,0,0,0,0,2,0,0,0,0,"0,000150462963","0,000162037037","0,0001736111111"
2026-10-06,PR Filter Stubs,Stub checks ready,0,0,0,0,0,0,0,0,2,0,0,0,0,"0,00002314814815","0,00003472222222","0,0000462962963"
2026-10-06,PR Filter Stubs,main,0,0,0,0,0,0,0,0,0,0,0,2,0,0,0,0
2026-10-06,PR Filter Stubs,build,0,0,0,0,0,0,0,0,0,0,0,2,0,0,0,0
2026-10-06,PR Filter Stubs,Constel ui.scheduler-US/Pacific,0,0,0,0,0,0,0,0,0,0,0,2,0,0,0,0
2026-10-06,PR Filter Stubs,test (react),0,0,0,0,0,0,0,0,0,0,0,2,0,0,0,0
2026-10-06,PR Filter Stubs,JS,0,0,0,0,0,0,0,0,0,0,0,2,0,0,0,0
2026-10-06,PR Filter Stubs,Constel ui.grid,0,0,0,0,0,0,0,0,0,0,0,2,0,0,0,0
2026-10-06,PR Filter Stubs,test (angular),0,0,0,0,0,0,0,0,0,0,0,2,0,0,0,0
2026-10-06,PR Filter Stubs,test (vue),0,0,0,0,0,0,0,0,0,0,0,2,0,0,0,0
2026-10-06,PR Filter Stubs,ui.grid-shadow-dom,0,0,0,0,0,0,0,0,0,0,0,2,0,0,0,0
2026-10-06,PR Filter Stubs,check-regenerate,0,0,0,0,0,0,0,0,0,0,0,2,0,0,0,0
2026-10-06,PR Filter Stubs,Constel ui.editors,0,0,0,0,0,0,0,0,0,0,0,2,0,0,0,0
2026-10-06,PR Filter Stubs,Constel export,0,0,0,0,0,0,0,0,0,0,0,2,0,0,0,0
2026-10-06,PR Filter Stubs,Constel ui,0,0,0,0,0,0,0,0,0,0,0,2,0,0,0,0
2026-10-06,PR Filter Stubs,Renovation,0,0,0,0,0,0,0,0,0,0,0,2,0,0,0,0
2026-10-06,PR Filter Stubs,Constel misc,0,0,0,0,0,0,0,0,0,0,0,2,0,0,0,0
2026-10-06,PR Filter Stubs,TS,0,0,0,0,0,0,0,0,0,0,0,2,0,0,0,0
2026-10-06,PR Filter Stubs,scheduler / common (2/3) - fluent,0,0,0,0,0,0,0,0,0,0,0,2,0,0,0,0
2026-10-06,PR Filter Stubs,Constel ui.widgets-no-csp,0,0,0,0,0,0,0,0,0,0,0,2,0,0,0,0
2026-10-06,PR Filter Stubs,jquery(1/3)-screenshots-material.blue.light,0,0,0,0,0,0,0,0,0,0,0,2,0,0,0,0
2026-10-06,PR Filter Stubs,jquery(2/3)-screenshots-material.blue.light,0,0,0,0,0,0,0,0,0,0,0,2,0,0,0,0
2026-10-06,PR Filter Stubs,jquery(3/3)-screenshots-material.blue.light,0,0,0,0,0,0,0,0,0,0,0,2,0,0,0,0
2026-10-06,PR Filter Stubs,Constel ui.scheduler,0,0,0,0,0,0,0,0,0,0,0,2,0,0,0,0
2026-10-06,PR Filter Stubs,ui.scheduler-shadow-dom,0,0,0,0,0,0,0,0,0,0,0,2,0,0,0,0
2026-10-06,PR Filter Stubs,Constel misc-no-csp,0,0,0,0,0,0,0,0,0,0,0,2,0,0,0,0
2026-10-06,PR Filter Stubs,ui.widgets-shadow-dom,0,0,0,0,0,0,0,0,0,0,0,2,0,0,0,0
2026-10-06,PR Filter Stubs,material,0,0,0,0,0,0,0,0,0,0,0,2,0,0,0,0
2026-10-06,PR Filter Stubs,jquery-accessibility-fluent.blue.light,0,0,0,0,0,0,0,0,0,0,0,2,0,0,0,0
2026-10-06,PR Filter Stubs,generic,0,0,0,0,0,0,0,0,0,0,0,2,0,0,0,0
2026-10-06,PR Filter Stubs,ui.editors-shadow-dom,0,0,0,0,0,0,0,0,0,0,0,2,0,0,0,0
2026-10-06,PR Filter Stubs,dataGrid (3/4) - fluent,0,0,0,0,0,0,0,0,0,0,0,2,0,0,0,0
2026-10-06,PR Filter Stubs,Tests,0,0,0,0,0,0,0,0,0,0,0,2,0,0,0,0
2026-10-06,PR Filter Stubs,ui-shadow-dom,0,0,0,0,0,0,0,0,0,0,0,2,0,0,0,0
2026-10-06,PR Filter Stubs,material - compact,0,0,0,0,0,0,0,0,0,0,0,2,0,0,0,0
2026-10-06,PR Filter Stubs,cardView - fluent,0,0,0,0,0,0,0,0,0,0,0,2,0,0,0,0
2026-10-06,PR Filter Stubs,dataGrid (1/4) - fluent,0,0,0,0,0,0,0,0,0,0,0,2,0,0,0,0
2026-10-06,PR Filter Stubs,CSS,0,0,0,0,0,0,0,0,0,0,0,2,0,0,0,0
2026-10-06,PR Filter Stubs,editors - fluent,0,0,0,0,0,0,0,0,0,0,0,2,0,0,0,0
2026-10-06,PR Filter Stubs,scheduler / timezones (Europe/Berlin) - fluent,0,0,0,0,0,0,0,0,0,0,0,2,0,0,0,0
2026-10-06,PR Filter Stubs,dataGrid (4/4) - fluent,0,0,0,0,0,0,0,0,0,0,0,2,0,0,0,0
2026-10-06,PR Filter Stubs,jquery(1/3)-screenshots-fluent.blue.light,0,0,0,0,0,0,0,0,0,0,0,2,0,0,0,0
2026-10-06,PR Filter Stubs,scheduler / timezones (America/Los_Angeles) - fluent,0,0,0,0,0,0,0,0,0,0,0,2,0,0,0,0
2026-10-06,PR Filter Stubs,jquery(2/3)-screenshots-fluent.blue.light,0,0,0,0,0,0,0,0,0,0,0,2,0,0,0,0
2026-10-06,PR Filter Stubs,jest-tests,0,0,0,0,0,0,0,0,0,0,0,2,0,0,0,0
2026-10-06,PR Filter Stubs,scheduler / common (3/3) - fluent,0,0,0,0,0,0,0,0,0,0,0,2,0,0,0,0
2026-10-06,PR Filter Stubs,scheduler / viewOffset (2/2) - fluent,0,0,0,0,0,0,0,0,0,0,0,2,0,0,0,0
2026-10-06,PR Filter Stubs,scheduler / common (1/3) - fluent,0,0,0,0,0,0,0,0,0,0,0,2,0,0,"-0,000005787037037",0
2026-10-06,PR Filter Stubs,dataGrid (2/4) - fluent,0,0,0,0,0,0,0,0,0,0,0,2,0,0,0,0
2026-10-06,PR Filter Stubs,scheduler / viewOffset (1/2) - fluent,0,0,0,0,0,0,0,0,0,0,0,2,0,0,0,0
2026-10-06,PR Filter Stubs,accessibility - fluent,0,0,0,0,0,0,0,0,0,0,0,2,0,0,0,0
2026-10-06,PR Filter Stubs,jquery(3/3)-screenshots-fluent.blue.light,0,0,0,0,0,0,0,0,0,0,0,2,0,0,0,0
2026-10-06,PR Filter Stubs,common - fluent,0,0,0,0,0,0,0,0,0,0,0,2,0,0,0,0
2026-10-06,PR Filter Stubs,navigation - fluent,0,0,0,0,0,0,0,0,0,0,0,2,0,0,0,0
2026-10-06,"PR #35525: FilterBuilder, Draggable, Sortable: remove m_ prefix",Remove storybook,0,0,0,0,0,0,0,0,0,0,0,2,0,0,"-0,000005787037037",0
2026-10-06,"PR #35525: FilterBuilder, Draggable, Sortable: remove m_ prefix",Build & Deploy,0,0,0,0,0,0,0,0,0,0,0,2,0,0,"-0,00005787037037",0
2026-10-06,"PR #35505: Core(utils): type 6 m_ files ahead of the rename, part 2 (26_1)",Remove storybook,0,0,0,0,0,0,0,0,0,0,0,5,0,0,"-0,000006944444444",0
2026-10-06,"PR #35505: Core(utils): type 6 m_ files ahead of the rename, part 2 (26_1)",Build & Deploy,0,0,0,0,0,0,0,0,0,0,0,5,0,0,"-0,00007175925926",0
2026-10-06,"PR #35504: Core(utils): type 6 m_ files ahead of the rename, part 2",Remove storybook,0,0,0,0,0,0,0,0,0,0,0,7,0,0,"-0,00001653439153",0
2026-10-06,"PR #35504: Core(utils): type 6 m_ files ahead of the rename, part 2",Build & Deploy,0,0,0,0,0,0,0,0,0,0,0,7,0,0,"-0,00002810846561",0
2026-10-06,"PR #35514: FilterBuilder, Draggable, Sortable: remove m_ prefix (26_1)",Remove storybook,0,0,0,0,0,0,0,0,0,0,0,2,0,0,"-0,000005787037037",0
2026-10-06,"PR #35514: FilterBuilder, Draggable, Sortable: remove m_ prefix (26_1)",Build & Deploy,0,0,0,0,0,0,0,0,0,0,0,2,0,0,"-0,00006365740741",0
2026-10-06,"PR #35394: Templates, Options: align the public d.ts, type deprecated options, validateOptions and TemplateBase.render (26_1)",Build & Deploy,0,0,0,0,0,0,0,0,0,0,0,1,0,0,"-0,00001157407407",0
2026-10-06,"PR #35394: Templates, Options: align the public d.ts, type deprecated options, validateOptions and TemplateBase.render (26_1)",Remove storybook,0,0,0,0,0,0,0,0,0,0,0,1,0,0,"-0,00008101851852",0
2026-10-06,"PR #35481: Draggable, Sortable: fix errors and improve typing",Remove storybook,0,0,0,0,0,0,0,0,0,0,0,4,0,0,"-0,00003472222222",0
2026-10-06,"PR #35481: Draggable, Sortable: fix errors and improve typing",Build & Deploy,0,0,0,0,0,0,0,0,0,0,0,4,0,0,"-0,000008680555556",0
2026-10-06,"PR #35491: Data source adapter, virtual data loader, TreeList data controller and data source adapter - type grid_core data source adapter and utils",Build & Deploy,0,0,0,0,0,0,0,0,0,0,0,1,0,0,"-0,00001157407407",0
2026-10-06,"PR #35491: Data source adapter, virtual data loader, TreeList data controller and data source adapter - type grid_core data source adapter and utils",Remove storybook,0,0,0,0,0,0,0,0,0,0,0,1,0,0,"-0,00001157407407",0
2026-10-06,"PR #35490: Data source adapter, virtual data loader, TreeList data controller and data source adapter - type grid_core data source adapter and utils",Build & Deploy,0,0,0,0,0,0,0,0,0,0,0,1,0,0,"-0,00001157407407",0
2026-10-06,"PR #35490: Data source adapter, virtual data loader, TreeList data controller and data source adapter - type grid_core data source adapter and utils",Remove storybook,0,0,0,0,0,0,0,0,0,0,0,1,0,0,"-0,0001157407407",0
2026-10-06,"PR #35524: Data source adapter, virtual data loader, TreeList data controller and data source adapter - type virtual data loader",Build & Deploy,0,0,0,0,0,0,0,0,0,0,0,2,0,0,"-0,00001157407407",0
2026-10-06,"PR #35524: Data source adapter, virtual data loader, TreeList data controller and data source adapter - type virtual data loader",Remove storybook,0,0,0,0,0,0,0,0,0,0,0,2,0,0,"-0,0000462962963",0
2026-10-06,"PR #35523: Data source adapter, virtual data loader, TreeList data controller and data source adapter - type virtual data loader",Build & Deploy,0,0,0,0,0,0,0,0,0,0,0,2,0,0,0,0
2026-10-06,"PR #35523: Data source adapter, virtual data loader, TreeList data controller and data source adapter - type virtual data loader",Remove storybook,0,0,0,0,0,0,0,0,0,0,0,2,0,0,"-0,00004050925926",0
2026-10-06,"PR #35464: GridCore - Fix eslint and add types to leaf helpers (m_aggregate_calculator, m_utils, m_accessibility, m_export)",Build & Deploy,0,0,0,0,0,0,0,0,0,0,0,2,0,0,"-0,00001157407407",0
2026-10-06,"PR #35464: GridCore - Fix eslint and add types to leaf helpers (m_aggregate_calculator, m_utils, m_accessibility, m_export)",Remove storybook,0,0,0,0,0,0,0,0,0,0,0,2,0,0,"-0,00008680555556",0
2026-10-06,"PR #35521: T1336404 - ColorBox - Clearing the value with the delete/backspace key converts it to the HSV format when applyValueMode is set to ""instantly""",Build & Deploy,0,0,0,0,0,0,0,0,0,0,0,3,0,0,"-0,00007330246914",0
2026-10-06,"PR #35521: T1336404 - ColorBox - Clearing the value with the delete/backspace key converts it to the HSV format when applyValueMode is set to ""instantly""",Remove storybook,0,0,0,0,0,0,0,0,0,0,0,3,0,0,"-0,00002700617284",0
2026-10-06,PR #35519: DataGrid: Fix the column headers scroll position reset in RTL mode with native scrolling,Remove storybook,0,0,0,0,0,0,0,0,0,0,0,3,0,0,"-0,00003858024691",0
2026-10-06,PR #35519: DataGrid: Fix the column headers scroll position reset in RTL mode with native scrolling,Build & Deploy,0,0,0,0,0,0,0,0,0,0,0,3,0,0,"-0,00003086419753",0
2026-10-06,"PR #35501: T1336404 - ColorBox - Clearing the value with the delete/backspace key converts it to the HSV format when applyValueMode is set to ""instantly""",Remove storybook,0,0,0,0,0,0,0,0,0,0,0,4,0,0,"-0,0000318287037",0
2026-10-06,"PR #35501: T1336404 - ColorBox - Clearing the value with the delete/backspace key converts it to the HSV format when applyValueMode is set to ""instantly""",Build & Deploy,0,0,0,0,0,0,0,0,0,0,0,4,0,0,"-0,000008680555556",0
2026-10-06,PR #35516: DataGrid: Fix the column separator position when resizing a column next to a fixed one (T1335911),Build & Deploy,0,0,0,0,0,0,0,0,0,0,0,7,0,0,"-0,000003306878307",0
2026-10-06,PR #35516: DataGrid: Fix the column separator position when resizing a column next to a fixed one (T1335911),Remove storybook,0,0,0,0,0,0,0,0,0,0,0,7,0,0,"-0,00002810846561",0
2026-10-06,PR #35413: DataGrid/TreeList: The click area on the separator must be at least 24 x 24 px,Remove storybook,0,0,0,0,0,0,0,0,0,0,0,3,0,0,"-0,0000462962963",0
2026-10-06,PR #35413: DataGrid/TreeList: The click area on the separator must be at least 24 x 24 px,Build & Deploy,0,0,0,0,0,0,0,0,0,0,0,3,0,0,"-0,00003472222222",0
2026-10-06,PR #35511: Globalize demo - fix accessibility labels,Build & Deploy,0,0,0,0,0,0,0,0,0,0,0,4,0,0,"-0,00005208333333",0
2026-10-06,PR #35511: Globalize demo - fix accessibility labels,Remove storybook,0,0,0,0,0,0,0,0,0,0,0,4,0,0,"-0,000008680555556",0
2026-10-06,"PR #35395: Core: type the Options getters and integrationOptions, drop dead template code (26_1)",Build & Deploy,0,0,0,0,0,0,0,0,0,0,0,1,0,0,"-0,00001157407407",0
2026-10-06,"PR #35395: Core: type the Options getters and integrationOptions, drop dead template code (26_1)",Remove storybook,0,0,0,0,0,0,0,0,0,0,0,1,0,0,"-0,0001157407407",0
2026-10-06,PR #35512: Fix anti-forgery request handling in demos,Remove storybook,0,0,0,0,0,0,0,0,0,0,0,3,0,0,"-0,00002314814815",0
2026-10-06,PR #35512: Fix anti-forgery request handling in demos,Build & Deploy,0,0,0,0,0,0,0,0,0,0,0,3,0,0,"-0,00006558641975",0
2026-10-06,PR #35513: Fix anti-forgery request handling in demos,Build & Deploy,0,0,0,0,0,0,0,0,0,0,0,3,0,0,"-0,00003858024691",0
2026-10-06,PR #35513: Fix anti-forgery request handling in demos,Remove storybook,0,0,0,0,0,0,0,0,0,0,0,3,0,0,"-0,00003086419753",0
2026-10-06,"PR #35392: Core: type the Options getters and integrationOptions, drop dead template code",Remove storybook,0,0,0,0,0,0,0,0,0,0,0,2,0,0,"-0,000005787037037",0
2026-10-06,"PR #35392: Core: type the Options getters and integrationOptions, drop dead template code",Build & Deploy,0,0,0,0,0,0,0,0,0,0,0,2,0,0,"-0,00006365740741",0
2026-10-06,"PR #35391: Templates, Options: align the public d.ts, type deprecated options, validateOptions and TemplateBase.render",Build & Deploy,0,0,0,0,0,0,0,0,0,0,0,7,0,0,"-0,00001818783069",0
2026-10-06,"PR #35391: Templates, Options: align the public d.ts, type deprecated options, validateOptions and TemplateBase.render",Remove storybook,0,0,0,0,0,0,0,0,0,0,0,7,0,0,"-0,000006613756614",0
2026-10-06,PR #35503: DataGrid: Fix the column headers scroll position reset in RTL mode with native scrolling,Remove storybook,0,0,0,0,0,0,0,0,0,0,0,4,0,0,"-0,00002604166667",0
2026-10-06,PR #35503: DataGrid: Fix the column headers scroll position reset in RTL mode with native scrolling,Build & Deploy,0,0,0,0,0,0,0,0,0,0,0,4,0,0,"-0,000005787037037",0
2026-10-06,PR #35492: DataGrid: Fix the column separator position when resizing a column next to a fixed one (T1335911),Remove storybook,0,0,0,0,0,0,0,0,0,0,0,3,0,0,"-0,000007716049383",0
2026-10-06,PR #35492: DataGrid: Fix the column separator position when resizing a column next to a fixed one (T1335911),Build & Deploy,0,0,0,0,0,0,0,0,0,0,0,3,0,0,"-0,00007716049383",0
2026-10-06,"PR #35394: Templates, Options: type deprecated options, validateOptions and TemplateBase.render (26_1)",Remove storybook,0,0,0,0,0,0,0,0,0,0,0,2,0,0,"-0,000005787037037",0
2026-10-06,"PR #35394: Templates, Options: type deprecated options, validateOptions and TemplateBase.render (26_1)",Build & Deploy,0,0,0,0,0,0,0,0,0,0,0,2,0,0,"-0,00005208333333",0
2026-10-06,"PR #35487: Draggable, Sortable: fix errors and improve typing (26_1)",Build & Deploy,0,0,0,0,0,0,0,0,0,0,0,5,0,0,"-0,00002546296296",0
2026-10-06,"PR #35487: Draggable, Sortable: fix errors and improve typing (26_1)",Remove storybook,0,0,0,0,0,0,0,0,0,0,0,5,0,0,"-0,00006018518519",0
2026-10-06,PR #35509: Charts: import the transform event names from the internal module (26_1),Build & Deploy,0,0,0,0,0,0,0,0,0,0,0,2,0,0,"-0,00005208333333",0
2026-10-06,PR #35509: Charts: import the transform event names from the internal module (26_1),Remove storybook,0,0,0,0,0,0,0,0,0,0,0,2,0,0,0,0
2026-10-06,PR #35508: Charts: import the transform event names from the internal module,Remove storybook,0,0,0,0,0,0,0,0,0,0,0,2,0,0,0,0
2026-10-06,PR #35508: Charts: import the transform event names from the internal module,Build & Deploy,0,0,0,0,0,0,0,0,0,0,0,2,0,0,"-0,0000462962963",0
2026-10-06,PR #35510: Grids: type m_column_state_mixin,Remove storybook,0,0,0,0,0,0,0,0,0,0,0,2,0,0,"-0,00001157407407",0
2026-10-06,PR #35510: Grids: type m_column_state_mixin,Build & Deploy,0,0,0,0,0,0,0,0,0,0,0,2,0,0,"-0,00008680555556",0
2026-10-06,PR #35502: chore(deps): update Chrome to 154,Build & Deploy,0,0,0,0,0,0,0,0,0,0,0,2,0,0,0,0
2026-10-06,PR #35502: chore(deps): update Chrome to 154,Remove storybook,0,0,0,0,0,0,0,0,0,0,0,2,0,0,"-0,00004050925926",0
2026-10-06,PR #35507: Demo: Chat-Message Streaming and Chat-Prompt Suggestions imporved err…,Build & Deploy,0,0,0,0,0,0,0,0,0,0,0,2,0,0,"-0,000005787037037",0
2026-10-06,PR #35507: Demo: Chat-Message Streaming and Chat-Prompt Suggestions imporved err…,Remove storybook,0,0,0,0,0,0,0,0,0,0,0,2,0,0,"-0,0001099537037",0
2026-10-06,PR #35486: Pagination: ignore layout measurements taken before the theme CSS is applied,Build & Deploy,0,0,0,0,0,0,0,0,0,0,0,9,0,0,"-0,00001414609053",0
2026-10-06,PR #35486: Pagination: ignore layout measurements taken before the theme CSS is applied,Remove storybook,0,0,0,0,0,0,0,0,0,0,0,9,0,0,"-0,00004501028807",0
2026-10-06,PR #35477: FilterBuilder: fix errors and improve typing,Build & Deploy,0,0,0,0,0,0,0,0,0,0,0,4,0,0,"-0,000002893518519",0
2026-10-06,PR #35477: FilterBuilder: fix errors and improve typing,Remove storybook,0,0,0,0,0,0,0,0,0,0,0,4,0,0,"-0,000005787037037",0
2026-10-06,PR #35498: Charts: import the internal modules instead of their public re-exports,Build & Deploy,0,0,0,0,0,0,0,0,0,0,0,2,0,0,"-0,000005787037037",0
2026-10-06,PR #35498: Charts: import the internal modules instead of their public re-exports,Remove storybook,0,0,0,0,0,0,0,0,0,0,0,2,0,0,"-0,0000462962963",0
2026-10-06,PR #35478: FilterBuilder: fix errors and improve typing (26_1),Build & Deploy,0,0,0,0,0,0,0,0,0,0,0,5,0,0,"-0,00002083333333",0
2026-10-06,PR #35478: FilterBuilder: fix errors and improve typing (26_1),Remove storybook,0,0,0,0,0,0,0,0,0,0,0,5,0,0,"-0,0000162037037",0
2026-10-06,PR #35500: Charts: import the internal modules instead of their public re-exports (26_1),Remove storybook,0,0,0,0,0,0,0,0,0,0,0,4,0,0,"-0,000002893518519",0
2026-10-06,PR #35500: Charts: import the internal modules instead of their public re-exports (26_1),Build & Deploy,0,0,0,0,0,0,0,0,0,0,0,4,0,0,"-0,00006655092593",0
2026-10-06,PR #35430: fix(dxHttpModule): Fix devextreme angular http module total reporting (T1335942),Build & Deploy,0,0,0,0,0,0,0,0,0,0,0,1,0,0,"-0,00001157407407",0
2026-10-06,PR #35430: fix(dxHttpModule): Fix devextreme angular http module total reporting (T1335942),Remove storybook,0,0,0,0,0,0,0,0,0,0,0,1,0,0,"-0,00001157407407",0
2026-10-06,PR #35493: chore(deps): update sbom-toolkit,Remove storybook,0,0,0,0,0,0,0,0,0,0,0,3,0,0,"-0,000007716049383",0
2026-10-06,PR #35493: chore(deps): update sbom-toolkit,Build & Deploy,0,0,0,0,0,0,0,0,0,0,0,3,0,0,"-0,00005787037037",0
2026-10-06,PR #35499: Wrappers: verify the published React and Vue declarations with the consumer floor compiler (26_1),Build & Deploy,0,0,0,0,0,0,0,0,0,0,0,1,0,0,0,0
2026-10-06,PR #35499: Wrappers: verify the published React and Vue declarations with the consumer floor compiler (26_1),Remove storybook,0,0,0,0,0,0,0,0,0,0,0,1,0,0,0,0
2026-10-06,PR #35497: Wrappers: verify the published React and Vue declarations with the consumer floor compiler,Build & Deploy,0,0,0,0,0,0,0,0,0,0,0,2,0,0,0,0
2026-10-06,PR #35497: Wrappers: verify the published React and Vue declarations with the consumer floor compiler,Remove storybook,0,0,0,0,0,0,0,0,0,0,0,2,0,0,0,0
2026-10-06,PR #35496: Core(utils): fix the getNavigator typing error that TypeScript 5.9 reports (26_1),Remove storybook,0,0,0,0,0,0,0,0,0,0,0,2,0,0,"-0,000005787037037",0
2026-10-06,PR #35496: Core(utils): fix the getNavigator typing error that TypeScript 5.9 reports (26_1),Build & Deploy,0,0,0,0,0,0,0,0,0,0,0,2,0,0,"-0,00005208333333",0
2026-10-06,PR #35495: Core(utils): fix the getNavigator typing error that TypeScript 5.9 reports,Remove storybook,0,0,0,0,0,0,0,0,0,0,0,2,0,0,"-0,00001157407407",0
2026-10-06,PR #35495: Core(utils): fix the getNavigator typing error that TypeScript 5.9 reports,Build & Deploy,0,0,0,0,0,0,0,0,0,0,0,2,0,0,"-0,00004050925926",0
2026-10-06,"PR #35485: Core(utils): type 20 m_ files ahead of the rename, part 1 (26_1)",Remove storybook,0,0,0,0,0,0,0,0,0,0,0,5,0,0,"-0,00001851851852",0
2026-10-06,"PR #35485: Core(utils): type 20 m_ files ahead of the rename, part 1 (26_1)",Build & Deploy,0,0,0,0,0,0,0,0,0,0,0,5,0,0,"-0,00002546296296",0
2026-10-06,"PR #35484: Core(utils): type 20 m_ files ahead of the rename, part 1",Build & Deploy,0,0,0,0,0,0,0,0,0,0,0,4,0,0,"-0,0000462962963",0
2026-10-06,"PR #35484: Core(utils): type 20 m_ files ahead of the rename, part 1",Remove storybook,0,0,0,0,0,0,0,0,0,0,0,4,0,0,"-0,000005787037037",0
2026-10-06,PR #35439: CP: fix(dxHttpModule): Fix devextreme angular http module total reporting (T1335942),Remove storybook,0,0,0,0,0,0,0,0,0,0,0,1,0,0,"-0,00001157407407",0
2026-10-06,PR #35439: CP: fix(dxHttpModule): Fix devextreme angular http module total reporting (T1335942),Build & Deploy,0,0,0,0,0,0,0,0,0,0,0,1,0,0,"-0,00009259259259",0
2026-10-06,PR #35494: Bump nx from 23.0.2 to 23.2.1,Remove storybook,0,0,0,0,0,0,0,0,0,0,0,3,0,0,"-0,000003858024691",0
2026-10-06,PR #35494: Bump nx from 23.0.2 to 23.2.1,Build & Deploy,0,0,0,0,0,0,0,0,0,0,0,3,0,0,"-0,00005015432099",0
2026-10-06,PR #35428: chore(deps): update typescript to 5.9.3,Remove storybook,0,0,0,0,0,0,0,0,0,0,0,1,0,0,0,0
2026-10-06,PR #35428: chore(deps): update typescript to 5.9.3,Build & Deploy,0,0,0,0,0,0,0,0,0,0,0,1,0,0,"-0,00009259259259",0
2026-10-06,PR #35441: Grids: fix keyboard focus jumping back with async templates (T1336240),Remove storybook,0,0,0,0,0,0,0,0,0,0,0,2,0,0,"-0,000005787037037",0
2026-10-06,PR #35441: Grids: fix keyboard focus jumping back with async templates (T1336240),Build & Deploy,0,0,0,0,0,0,0,0,0,0,0,2,0,0,"-0,0000462962963",0
2026-10-06,PR #35475: chore(deps): update typescript to 5.9.3 (26_1),Build & Deploy,0,0,0,0,0,0,0,0,0,0,0,1,0,0,0,0
2026-10-06,PR #35475: chore(deps): update typescript to 5.9.3 (26_1),Remove storybook,0,0,0,0,0,0,0,0,0,0,0,1,0,0,0,0
2026-10-06,PR #35488: Charts: fix the bugs and clean up the code found during the ES6 conversion,Remove storybook,0,0,0,0,0,0,0,0,0,0,0,2,0,0,"-0,000005787037037",0
2026-10-06,PR #35488: Charts: fix the bugs and clean up the code found during the ES6 conversion,Build & Deploy,0,0,0,0,0,0,0,0,0,0,0,2,0,0,"-0,00005787037037",0
2026-10-06,PR #35489: Charts: fix the bugs and clean up the code found during the ES6 conversion (26_1),Build & Deploy,0,0,0,0,0,0,0,0,0,0,0,1,0,0,"-0,00001157407407",0
2026-10-06,PR #35489: Charts: fix the bugs and clean up the code found during the ES6 conversion (26_1),Remove storybook,0,0,0,0,0,0,0,0,0,0,0,1,0,0,"-0,0001041666667",0
2026-10-06,QUnit tests,Check if all tests should run,11,0,0,0,0,"0,00002314814815","0,00003261784512","0,0000462962963",119,0,0,0,4,"0,00002314814815","0,00004512916278","0,0008333333333"
2026-10-06,QUnit tests,Build,10,1,0,0,0,"0,001319444444","0,002513678451","0,005763888889",110,7,2,0,4,"0,0008101851852","0,002737803455","0,008333333333"
2026-10-06,QUnit tests,ui.grid-shadow-dom,10,0,0,0,0,"0,003819444444","0,004121527778","0,004490740741",94,6,10,0,4,"0,0006712962963","0,004372579966","0,01390046296"
2026-10-06,QUnit tests,ui.widgets-shadow-dom,10,0,0,0,0,"0,00369212963","0,004369212963","0,008368055556",101,0,9,0,4,"0,0006712962963","0,003999158249","0,006585648148"
2026-10-06,QUnit tests,Constel ui,10,0,0,0,0,"0,002604166667","0,003188657407","0,006354166667",101,0,9,0,4,"0,0006712962963","0,002795349327","0,006990740741"
2026-10-06,QUnit tests,Constel ui.grid,10,0,0,0,0,"0,003877314815","0,004519675926","0,008958333333",98,3,9,0,4,"0,0006712962963","0,003933606902","0,009016203704"
2026-10-06,QUnit tests,ui.scheduler-shadow-dom,10,0,0,0,0,"0,003275462963","0,003621527778","0,005231481481",100,1,9,0,4,"0,0006712962963","0,003593329125","0,008333333333"
2026-10-06,QUnit tests,ui-shadow-dom,10,0,0,0,0,"0,002777777778","0,003275462963","0,006076388889",101,1,8,0,4,"0,0006712962963","0,002965488215","0,009039351852"
2026-10-06,QUnit tests,ui.editors-shadow-dom,10,0,0,0,0,"0,003240740741","0,004290509259","0,007731481481",101,0,9,0,4,"0,0006712962963","0,003681607744","0,008587962963"
2026-10-06,QUnit tests,Constel ui.editors,10,0,0,0,0,"0,003101851852","0,00365625","0,007071759259",100,2,8,0,4,"0,0006712962963","0,003423505892","0,01390046296"
2026-10-06,QUnit tests,Constel ui.scheduler-US/Pacific,10,0,0,0,0,"0,00306712963","0,003287037037","0,003564814815",102,0,8,0,4,"0,0006712962963","0,003324494949","0,007337962963"
2026-10-06,QUnit tests,Constel misc,10,0,0,0,0,"0,002418981481","0,00271412037","0,003460648148",102,1,7,0,4,"0,0006712962963","0,002634574916","0,008333333333"
2026-10-06,QUnit tests,Constel ui.scheduler,10,0,0,0,0,"0,003148148148","0,004019675926","0,006979166667",102,0,8,0,4,"0,0006712962963","0,003434238215","0,007743055556"
2026-10-06,QUnit tests,Constel misc-no-csp,10,0,0,0,0,"0,002476851852","0,002935185185","0,005891203704",102,0,8,0,4,"0,0006712962963","0,002661826599","0,006539351852"
2026-10-06,QUnit tests,Constel ui.widgets-no-csp,10,0,0,0,0,"0,0034375","0,00425462963","0,007627314815",98,3,9,0,4,"0,0006712962963","0,003814288721","0,01112268519"
2026-10-06,QUnit tests,Send notifications,0,0,0,11,0,0,"-0,000004208754209",0,0,0,13,106,4,"-0,00001157407407","-0,00000379318394",0
2026-10-06,QUnit tests,Constel export,0,0,0,0,0,0,0,0,3,0,0,0,0,"0,001701388889","0,001732253086","0,001759259259"
2026-10-06,QUnit tests,${{ matrix.constel }}-shadow-dom,0,0,0,1,0,0,0,0,0,0,2,7,0,0,"-0,000003858024691",0
2026-10-06,QUnit tests,"Constel ${{ matrix.CONSTEL }}${{ (((matrix.TIMEZONE != '') && format('-{0}', matrix.TIMEZONE)) || '') }}${{ (((matrix.CSP == 'false') && '-no-csp') || '') }}",0,0,0,1,0,0,0,0,0,0,2,7,0,0,"-0,000003858024691",0
2026-10-06,Auto approve renovate bot PR,auto-approve,0,0,0,0,0,0,0,0,95,0,0,0,0,"0,00002314814815","0,00003898635478","0,00006944444444"
2026-10-06,Jest tests,jest-tests,10,1,0,0,0,"0,001342592593","0,005436658249","0,01340277778",100,9,6,0,0,"0,000775462963","0,00501147343","0,01179398148"
2026-10-06,Jest tests,Send notifications,0,0,0,11,0,0,"-0,000003156565657",0,0,0,6,109,0,"-0,00001157407407","-0,000004126409018",0
2026-10-06,Repository Check,Invoke / Repository Check,11,0,0,0,0,"0,0004976851852","0,0007407407407","0,001608796296",19,0,0,0,0,"0,0005555555556","0,0009240984405","0,001979166667"
2026-10-06,Repository Check,Collect flaky reports,0,0,0,0,0,0,0,0,19,0,0,0,0,"0,0009027777778","0,001194566277","0,001724537037"
2026-10-06,Styles tests,Tests,11,0,0,0,0,"0,0008680555556","0,001288930976","0,001851851852",113,1,1,0,0,"0,0008217592593","0,001810084541","0,007604166667"
2026-10-06,Styles tests,Send notifications,0,0,0,11,0,0,"-0,000004208754209",0,0,0,1,114,0,0,"-0,000005132850242",0
2026-10-06,TestCafe tests,Check if tests should run,11,0,0,0,0,"0,0002662037037","0,0003367003367","0,0004050925926",127,0,0,0,12,"0,00003472222222","0,0002208187518","0,0007291666667"
2026-10-06,TestCafe tests,Build DevExtreme,10,1,0,0,0,"0,001608796296","0,003311237374","0,003981481481",114,7,6,0,12,"0,0007638888889","0,003819900117","0,01390046296"
2026-10-06,TestCafe tests,Determine TestCafe matrix,11,0,0,0,0,"0,00002314814815","0,00003998316498","0,00005787037037",124,0,0,0,12,"0,00002314814815","0,00003780241935","0,00006944444444"
2026-10-06,TestCafe tests,cardView - fluent,10,0,0,0,0,"0,002303240741","0,002496527778","0,002881944444",105,2,7,0,12,"0,0002199074074","0,002516751949","0,004780092593"
2026-10-06,TestCafe tests,scheduler / timezones (America/Los_Angeles) - fluent,10,0,0,0,0,"0,00150462963","0,001571759259","0,001678240741",105,3,6,0,12,"0,0002199074074","0,001646056693","0,008333333333"
2026-10-06,TestCafe tests,editors - fluent,10,0,0,0,0,"0,00318287037","0,003311342593","0,003449074074",100,6,8,0,12,"0,0002199074074","0,003597506498","0,01181712963"
2026-10-06,TestCafe tests,material - compact,10,0,0,0,0,"0,001435185185","0,001612268519","0,002893518519",106,2,6,0,12,"0,0002199074074","0,001621791748","0,008333333333"
2026-10-06,TestCafe tests,dataGrid (2/4) - fluent,10,0,0,0,0,"0,00369212963","0,003782407407","0,003923611111",103,3,8,0,12,"0,0002199074074","0,003814469623","0,01041666667"
2026-10-06,TestCafe tests,scheduler / common (3/3) - fluent,9,1,0,0,0,"0,0034375","0,004063657407","0,008344907407",102,5,7,0,12,"0,0002199074074","0,003718120533","0,01113425926"
2026-10-06,TestCafe tests,generic,10,0,0,0,0,"0,002175925926","0,0024375","0,003958333333",106,1,7,0,12,"0,0002083333333","0,002356339344","0,006574074074"
2026-10-06,TestCafe tests,dataGrid (3/4) - fluent,10,0,0,0,0,"0,00369212963","0,003778935185","0,004178240741",99,7,8,0,12,"0,0002199074074","0,00400259909","0,01042824074"
2026-10-06,TestCafe tests,material,10,0,0,0,0,"0,001747685185","0,001844907407","0,001990740741",106,2,6,0,12,"0,0002083333333","0,001935103964","0,008344907407"
2026-10-06,TestCafe tests,scheduler / viewOffset (1/2) - fluent,10,0,0,0,0,"0,003877314815","0,003991898148","0,00431712963",105,1,8,0,12,"0,0002199074074","0,004153062053","0,0125"
2026-10-06,TestCafe tests,navigation - fluent,10,0,0,0,0,"0,00318287037","0,003325231481","0,003726851852",102,4,8,0,12,"0,0002199074074","0,003459632878","0,01041666667"
2026-10-06,TestCafe tests,scheduler / common (1/3) - fluent,10,0,0,0,0,"0,00349537037","0,003556712963","0,003634259259",102,3,9,0,12,"0,0002199074074","0,004014883853","0,03158564815"
2026-10-06,TestCafe tests,scheduler / timezones (Europe/Berlin) - fluent,10,0,0,0,0,"0,001516203704","0,001673611111","0,002361111111",106,2,6,0,12,"0,0002199074074","0,001671438434","0,008333333333"
2026-10-06,TestCafe tests,scheduler / common (2/3) - fluent,10,0,0,0,0,"0,003298611111","0,004563657407","0,01366898148",104,2,8,0,12,"0,0002199074074","0,003613344704","0,01112268519"
2026-10-06,TestCafe tests,common - fluent,10,0,0,0,0,"0,00369212963","0,003810185185","0,004178240741",103,3,8,0,12,"0,0002083333333","0,003807464263","0,009722222222"
2026-10-06,TestCafe tests,dataGrid (1/4) - fluent,10,0,0,0,0,"0,003402777778","0,003900462963","0,004375",101,4,9,0,12,"0,0002199074074","0,004193571313","0,03149305556"
2026-10-06,TestCafe tests,dataGrid (4/4) - fluent,10,0,0,0,0,"0,003877314815","0,004256944444","0,007141203704",104,2,8,0,12,"0,0002199074074","0,004081384016","0,007627314815"
2026-10-06,TestCafe tests,accessibility - fluent,10,0,0,0,0,"0,002858796296","0,00299537037","0,003240740741",105,2,7,0,12,"0,0002083333333","0,00339668616","0,02185185185"
2026-10-06,TestCafe tests,scheduler / viewOffset (2/2) - fluent,10,0,0,0,0,"0,003761574074","0,004358796296","0,007476851852",103,3,8,0,12,"0,0002199074074","0,004105547433","0,008333333333"
2026-10-06,TestCafe tests,quarantine,10,0,0,1,0,"0,001666666667","0,001885521886","0,004201388889",99,5,14,9,12,"-0,00001157407407","0,00150544984","0,003842592593"
2026-10-06,TestCafe tests,merge-artifacts,11,0,0,0,0,"0,0000462962963","0,000070496633","0,0001273148148",127,0,0,0,12,"0,00003472222222","0,00006853310003","0,0001736111111"
2026-10-06,TestCafe tests,Send notifications,0,0,0,11,0,0,"-0,000006313131313",0,0,0,14,113,12,"-0,00001157407407","-0,000003463108778",0
2026-10-06,TestCafe tests,accessibility - material.dark,10,0,0,0,0,"0,002916666667","0,002997685185","0,003078703704",6,0,0,0,0,"0,00306712963","0,003275462963","0,003819444444"
2026-10-06,TestCafe tests,accessibility - material.light,10,0,0,0,0,"0,00287037037","0,002965277778","0,00306712963",6,0,0,0,0,"0,002268518519","0,003557098765","0,00650462963"
2026-10-06,TestCafe tests,accessibility - fluent.dark,10,0,0,0,0,"0,002881944444","0,002993055556","0,003148148148",6,0,0,0,0,"0,003020833333","0,003846450617","0,006863425926"
2026-10-06,TestCafe tests,accessibility - fluent-next.dark,0,0,0,0,0,0,0,0,3,0,0,0,0,"0,002997685185","0,003090277778","0,003194444444"
2026-10-06,TestCafe tests,accessibility - fluent-next,0,0,0,0,0,0,0,0,3,0,0,0,0,"0,002361111111","0,00287037037","0,003229166667"
2026-10-06,TestCafe tests,scheduler / viewOffset (2/2) - fluent-next,0,0,0,0,0,0,0,0,3,0,0,0,0,"0,003043981481","0,003653549383","0,00400462963"
2026-10-06,TestCafe tests,scheduler / timezones (Europe/Berlin) - fluent-next,0,0,0,0,0,0,0,0,3,0,0,0,0,"0,001423611111","0,001643518519","0,001793981481"
2026-10-06,TestCafe tests,dataGrid (3/4) - fluent-next,0,0,0,0,0,0,0,0,3,0,0,0,0,"0,003055555556","0,0034375","0,003645833333"
2026-10-06,TestCafe tests,navigation - fluent-next,0,0,0,0,0,0,0,0,3,0,0,0,0,"0,003263888889","0,003441358025","0,003761574074"
2026-10-06,TestCafe tests,dataGrid (2/4) - fluent-next,0,0,0,0,0,0,0,0,3,0,0,0,0,"0,003738425926","0,003800154321","0,003900462963"
2026-10-06,TestCafe tests,dataGrid (1/4) - fluent-next,0,0,0,0,0,0,0,0,3,0,0,0,0,"0,003773148148","0,00399691358","0,004363425926"
2026-10-06,TestCafe tests,scheduler / timezones (America/Los_Angeles) - fluent-next,0,0,0,0,0,0,0,0,3,0,0,0,0,"0,001597222222","0,001635802469","0,001678240741"
2026-10-06,TestCafe tests,cardView - fluent-next,0,0,0,0,0,0,0,0,3,0,0,0,0,"0,0025","0,002608024691","0,002673611111"
2026-10-06,TestCafe tests,dataGrid (4/4) - fluent-next,0,0,0,0,0,0,0,0,3,0,0,0,0,"0,003819444444","0,00388117284","0,003923611111"
2026-10-06,TestCafe tests,scheduler / common (1/3) - fluent-next,0,0,0,0,0,0,0,0,3,0,0,0,0,"0,003634259259","0,003688271605","0,003738425926"
2026-10-06,TestCafe tests,common - fluent-next,0,0,0,0,0,0,0,0,3,0,0,0,0,"0,004548611111","0,004660493827","0,004756944444"
2026-10-06,TestCafe tests,scheduler / viewOffset (1/2) - fluent-next,0,0,0,0,0,0,0,0,3,0,0,0,0,"0,003773148148","0,004417438272","0,005671296296"
2026-10-06,TestCafe tests,scheduler / common (2/3) - fluent-next,0,0,0,0,0,0,0,0,3,0,0,0,0,"0,003518518519","0,003549382716","0,003599537037"
2026-10-06,TestCafe tests,scheduler / common (3/3) - fluent-next,0,0,0,0,0,0,0,0,3,0,0,0,0,"0,003472222222","0,003549382716","0,003680555556"
2026-10-06,TestCafe tests,editors - fluent-next,0,0,0,0,0,0,0,0,2,1,0,0,0,"0,00400462963","0,004382716049","0,005"
2026-10-06,TestCafe tests,${{ matrix.name }}${{ ((!matrix.theme && ' - fluent') || '') }},0,0,0,1,0,0,0,0,0,0,4,9,0,"-0,00001157407407","-0,000004451566952",0
2026-10-06,Themebuilder and Styles tests,test,11,0,0,0,0,"0,001574074074","0,002357954545","0,003252314815",112,2,2,0,1,"0,0007407407407","0,002641383301","0,008333333333"
2026-10-06,Themebuilder and Styles tests,Send notifications,0,0,0,11,0,0,"-0,000001052188552",0,0,0,2,114,1,0,"-0,000004390166028",0
2026-10-06,TS Declarations,validate-declarations,11,0,0,0,0,"0,0009953703704","0,001273148148","0,001701388889",114,1,0,0,0,"0,0008333333333","0,001514995974","0,00318287037"
2026-10-06,TS Declarations,check-ts-bundle,11,0,0,0,0,"0,0009606481481","0,00122790404","0,001898148148",114,1,0,0,0,"0,0008101851852","0,001420692432","0,002974537037"
2026-10-06,TS Declarations,Send notifications,0,0,0,11,0,0,"-0,000006313131313",0,0,0,0,115,0,0,"-0,00000422705314",0
2026-10-06,Demos Visual Tests,Check generated demos,10,0,0,1,0,"0,004328703704","0,004787457912","0,01229166667",71,5,10,40,15,"-0,00001157407407","0,0006600896531","0,01074074074"
2026-10-06,Demos Visual Tests,Check TS and lint code base,10,0,0,1,0,"0,002847222222","0,003476430976","0,004155092593",76,4,9,37,15,"-0,00001157407407","-0,0002154063786","0,005277777778"
2026-10-06,Demos Visual Tests,CSP check (jQuery),10,0,0,1,0,"0,008009259259","0,007518939394","0,008657407407",95,7,16,8,15,"-0,00001157407407","0,007479699442","0,0419212963"
2026-10-06,Demos Visual Tests,"Build vendor bundles (React, Vue)",10,0,0,1,0,"0,0009837962963","0,0009795875421","0,001296296296",78,0,8,37,15,"-0,00001157407407","-0,00194623231","0,00193287037"
2026-10-06,Demos Visual Tests,CSP check (Angular 3/3),10,0,0,0,0,"0,004826388889","0,005009259259","0,005208333333",78,1,2,0,11,"0,002268518519","0,005306927298","0,009039351852"
2026-10-06,Demos Visual Tests,CSP check (Vue 2/2),10,0,0,0,0,"0,005428240741","0,005579861111","0,006423611111",78,1,2,0,11,"0,002256944444","0,005687157064","0,01112268519"
2026-10-06,Demos Visual Tests,CSP check (Angular 1/3),10,0,0,0,0,"0,004872685185","0,005157407407","0,00619212963",79,0,2,0,11,"0,001597222222","0,005143604252","0,008148148148"
2026-10-06,Demos Visual Tests,CSP check (React 2/2),10,0,0,0,0,"0,005393518519","0,0055625","0,006099537037",80,0,1,0,11,"0,002256944444","0,005628143576","0,007546296296"
2026-10-06,Demos Visual Tests,CSP check (React 1/2),10,0,0,0,0,"0,00537037037","0,00578125","0,007083333333",79,0,2,0,11,"0,002291666667","0,00553769433","0,007256944444"
2026-10-06,Demos Visual Tests,CSP check (Angular 2/3),9,1,0,0,0,"0,005173611111","0,005813657407","0,009733796296",77,2,2,0,11,"0,002291666667","0,005275205761","0,01112268519"
2026-10-06,Demos Visual Tests,CSP check (Vue 1/2),10,0,0,0,0,"0,00537037037","0,0054375","0,005520833333",77,2,2,0,11,"0,002256944444","0,005656435757","0,01251157407"
2026-10-06,Demos Visual Tests,jquery-accessibility-fluent.blue.dark,10,0,0,0,0,"0,002824074074","0,003143518519","0,004618055556",76,3,2,0,11,"0,001585648148","0,003298754001","0,008333333333"
2026-10-06,Demos Visual Tests,jquery-accessibility-material.blue.dark,10,0,0,0,0,"0,003032407407","0,00371412037","0,006516203704",78,1,2,0,11,"0,002268518519","0,003474794239","0,0065625"
2026-10-06,Demos Visual Tests,Build demos (Angular 2/3),10,0,0,0,0,"0,001122685185","0,001232638889","0,001365740741",77,0,1,0,11,"0,0008564814815","0,001216168091","0,0021875"
2026-10-06,Demos Visual Tests,Build demos (Angular 3/3),10,0,0,0,0,"0,001099537037","0,0011875","0,001296296296",77,0,1,0,11,"0,0008680555556","0,001251929012","0,003414351852"
2026-10-06,Demos Visual Tests,Build demos (Angular 1/3),10,0,0,0,0,"0,001157407407","0,001240740741","0,001446759259",77,0,1,0,11,"0,0008680555556","0,00126038699","0,002222222222"
2026-10-06,Demos Visual Tests,Build demos (React),10,0,0,0,0,"0,0009953703704","0,001137731481","0,001446759259",77,0,1,0,11,"0,0008680555556","0,001154439696","0,001990740741"
2026-10-06,Demos Visual Tests,Build demos (Vue),10,0,0,0,0,"0,001030092593","0,001219907407","0,001990740741",77,0,1,0,11,"0,0008680555556","0,001194058642","0,002025462963"
2026-10-06,Demos Visual Tests,react(3/3)-screenshots-fluent.blue.light,10,0,0,0,0,"0,003541666667","0,003792824074","0,004861111111",73,4,0,0,11,"0,003368055556","0,003993957431","0,01251157407"
2026-10-06,Demos Visual Tests,vue(1/5)-screenshots-fluent.blue.light,10,0,0,0,0,"0,003530092593","0,003565972222","0,003599537037",72,5,0,0,11,"0,003009259259","0,003903018278","0,009722222222"
2026-10-06,Demos Visual Tests,angular(1/10)-screenshots-fluent.blue.light,10,0,0,0,0,"0,002789351852","0,002898148148","0,003136574074",74,3,0,0,11,"0,002581018519","0,003113726551","0,008344907407"
2026-10-06,Demos Visual Tests,vue(5/5)-screenshots-fluent.blue.light,10,0,0,0,0,"0,002766203704","0,003043981481","0,003240740741",74,3,0,0,11,"0,002766203704","0,003470869408","0,009722222222"
2026-10-06,Demos Visual Tests,vue(3/5)-screenshots-fluent.blue.light,10,0,0,0,0,"0,003136574074","0,003326388889","0,00369212963",77,0,0,0,11,"0,00275462963","0,003303120491","0,005300925926"
2026-10-06,Demos Visual Tests,react(2/3)-screenshots-fluent.blue.light,9,1,0,0,0,"0,003414351852","0,004537037037","0,009733796296",74,3,0,0,11,"0,003391203704","0,004165464165","0,009733796296"
2026-10-06,Demos Visual Tests,react(1/3)-screenshots-fluent.blue.light,10,0,0,0,0,"0,003738425926","0,004008101852","0,005069444444",73,3,1,0,11,"0,003506944444","0,0045627405","0,01931712963"
2026-10-06,Demos Visual Tests,angular(9/10)-screenshots-fluent.blue.light,9,0,1,0,0,"0,002523148148","0,006533564815","0,0419212963",75,2,0,0,11,"0,002534722222","0,002722462722","0,003761574074"
2026-10-06,Demos Visual Tests,angular(5/10)-screenshots-fluent.blue.light,8,2,0,0,0,"0,00255787037","0,003725694444","0,008344907407",75,2,0,0,11,"0,002604166667","0,002941317941","0,004618055556"
2026-10-06,Demos Visual Tests,angular(6/10)-screenshots-fluent.blue.light,10,0,0,0,0,"0,003125","0,003263888889","0,003414351852",74,3,0,0,11,"0,002569444444","0,002890512266","0,009722222222"
2026-10-06,Demos Visual Tests,angular(2/10)-screenshots-fluent.blue.light,10,0,0,0,0,"0,002708333333","0,002996527778","0,003287037037",76,1,0,0,11,"0,002673611111","0,003142135642","0,005289351852"
2026-10-06,Demos Visual Tests,angular(7/10)-screenshots-fluent.blue.light,10,0,0,0,0,"0,002430555556","0,002665509259","0,003842592593",74,3,0,0,11,"0,002430555556","0,002785143098","0,008333333333"
2026-10-06,Demos Visual Tests,vue(2/5)-screenshots-fluent.blue.light,10,0,0,0,0,"0,002893518519","0,003314814815","0,003599537037",75,2,0,0,11,"0,003032407407","0,003466059404","0,005497685185"
2026-10-06,Demos Visual Tests,vue(4/5)-screenshots-fluent.blue.light,10,0,0,0,0,"0,002777777778","0,002895833333","0,002997685185",73,4,0,0,11,"0,002650462963","0,00332236051","0,009733796296"
2026-10-06,Demos Visual Tests,angular(3/10)-screenshots-fluent.blue.light,10,0,0,0,0,"0,002581018519","0,002633101852","0,002731481481",74,3,0,0,11,"0,002650462963","0,002974386724","0,009722222222"
2026-10-06,Demos Visual Tests,angular(10/10)-screenshots-fluent.blue.light,9,1,0,0,0,"0,0025","0,003204861111","0,007650462963",77,0,0,0,11,"0,002256944444","0,002656174844","0,004652777778"
2026-10-06,Demos Visual Tests,angular(8/10)-screenshots-fluent.blue.light,10,0,0,0,0,"0,002233796296","0,002517361111","0,002685185185",73,4,0,0,11,"0,002233796296","0,002916666667","0,009039351852"
2026-10-06,Demos Visual Tests,angular(4/10)-screenshots-fluent.blue.light,10,0,0,0,0,"0,002372685185","0,002739583333","0,003912037037",75,2,0,0,11,"0,002303240741","0,002741702742","0,004270833333"
2026-10-06,Demos Visual Tests,CSP Violations Summary,11,0,0,0,0,"0,0002430555556","0,0002714646465","0,0003125",111,0,15,0,15,"-0,00001157407407","0,0002579365079","0,0005324074074"
2026-10-06,Demos Visual Tests,Determine jQuery test matrix,11,0,0,0,0,"0,00002314814815","0,00003682659933","0,0000462962963",33,0,0,0,4,"0,00002314814815","0,00004173681257","0,00008101851852"
2026-10-06,Demos Visual Tests,"matrix.SHARD_TOTAL == 1 && format('CSP check ({0})', matrix.FRAMEWORK) || format('CSP check ({0} {1}/{2})', matrix.FRAMEWORK, matrix.SHARD_INDEX, matrix.SHARD_TOTAL)",0,0,0,1,0,0,"-0,00001157407407",0,0,0,8,37,4,"-0,00001157407407","-0,007224279835",0
2026-10-06,Demos Visual Tests,"matrix.SHARD_TOTAL == 1 && format('Build demos ({0})', matrix.FRAMEWORK) || format('Build demos ({0} {1}/{2})', matrix.FRAMEWORK, matrix.SHARD_INDEX, matrix.SHARD_TOTAL)",0,0,0,1,0,0,"-0,00001157407407",0,0,0,8,37,4,"-0,00001157407407","-0,007222736626",0
2026-10-06,Demos Visual Tests,jquery-accessibility-fluent-next.blue.light,0,0,0,0,0,0,0,0,4,0,0,0,1,"0,00275462963","0,003666087963","0,004537037037"
2026-10-06,Demos Visual Tests,jquery(1/3)-screenshots-fluent-next.blue.light,0,0,0,0,0,0,0,0,4,0,0,0,1,"0,004097222222","0,004247685185","0,004606481481"
2026-10-06,Demos Visual Tests,jquery(3/3)-screenshots-fluent-next.blue.light,0,0,0,0,0,0,0,0,4,0,0,0,1,"0,004212962963","0,005966435185","0,007627314815"
2026-10-06,Demos Visual Tests,jquery(2/3)-screenshots-fluent-next.blue.light,0,0,0,0,0,0,0,0,4,0,0,0,1,"0,004606481481","0,004632523148","0,004664351852"
2026-10-06,Demos Visual Tests,jquery-accessibility-fluent-next.blue.dark,0,0,0,0,0,0,0,0,4,0,0,0,1,"0,002789351852","0,003318865741","0,003506944444"
2026-10-06,Demos Visual Tests,vue(4/5)-screenshots-fluent-next.blue.light,0,0,0,0,0,0,0,0,4,0,0,0,1,"0,003981481481","0,004146412037","0,004293981481"
2026-10-06,Demos Visual Tests,react(1/3)-screenshots-fluent-next.blue.light,0,0,0,0,0,0,0,0,4,0,0,0,1,"0,004155092593","0,004583333333","0,005011574074"
2026-10-06,Demos Visual Tests,vue(2/5)-screenshots-fluent-next.blue.light,0,0,0,0,0,0,0,0,4,0,0,0,1,"0,003900462963","0,003981481481","0,004050925926"
2026-10-06,Demos Visual Tests,vue(1/5)-screenshots-fluent-next.blue.light,0,0,0,0,0,0,0,0,4,0,0,0,1,"0,003206018519","0,00328125","0,003449074074"
2026-10-06,Demos Visual Tests,react(2/3)-screenshots-fluent-next.blue.light,0,0,0,0,0,0,0,0,4,0,0,0,1,"0,004722222222","0,004768518519","0,004814814815"
2026-10-06,Demos Visual Tests,vue(3/5)-screenshots-fluent-next.blue.light,0,0,0,0,0,0,0,0,4,0,0,0,1,"0,003796296296","0,004019097222","0,004236111111"
2026-10-06,Demos Visual Tests,angular(2/10)-screenshots-fluent-next.blue.light,0,0,0,0,0,0,0,0,4,0,0,0,1,"0,002673611111","0,002829861111","0,002939814815"
2026-10-06,Demos Visual Tests,vue(5/5)-screenshots-fluent-next.blue.light,0,0,0,0,0,0,0,0,4,0,0,0,1,"0,003611111111","0,003686342593","0,003842592593"
2026-10-06,Demos Visual Tests,react(3/3)-screenshots-fluent-next.blue.light,0,0,0,0,0,0,0,0,4,0,0,0,1,"0,004282407407","0,004525462963","0,004699074074"
2026-10-06,Demos Visual Tests,angular(5/10)-screenshots-fluent-next.blue.light,0,0,0,0,0,0,0,0,4,0,0,0,1,"0,003136574074","0,003538773148","0,004710648148"
2026-10-06,Demos Visual Tests,angular(8/10)-screenshots-fluent-next.blue.light,0,0,0,0,0,0,0,0,4,0,0,0,1,"0,003275462963","0,003414351852","0,003553240741"
2026-10-06,Demos Visual Tests,angular(7/10)-screenshots-fluent-next.blue.light,0,0,0,0,0,0,0,0,4,0,0,0,1,"0,003333333333","0,003518518519","0,003645833333"
2026-10-06,Demos Visual Tests,angular(1/10)-screenshots-fluent-next.blue.light,0,0,0,0,0,0,0,0,4,0,0,0,1,"0,002743055556","0,002763310185","0,002777777778"
2026-10-06,Demos Visual Tests,angular(9/10)-screenshots-fluent-next.blue.light,0,0,0,0,0,0,0,0,3,1,0,0,1,"0,003483796296","0,00502025463","0,009027777778"
2026-10-06,Demos Visual Tests,angular(3/10)-screenshots-fluent-next.blue.light,0,0,0,0,0,0,0,0,4,0,0,0,1,"0,003009259259","0,003093171296","0,003287037037"
2026-10-06,Demos Visual Tests,angular(6/10)-screenshots-fluent-next.blue.light,0,0,0,0,0,0,0,0,4,0,0,0,1,"0,002731481481","0,002777777778","0,00287037037"
2026-10-06,Demos Visual Tests,angular(4/10)-screenshots-fluent-next.blue.light,0,0,0,0,0,0,0,0,4,0,0,0,1,"0,003090277778","0,003139467593","0,00318287037"
2026-10-06,Demos Visual Tests,angular(10/10)-screenshots-fluent-next.blue.light,0,0,0,0,0,0,0,0,4,0,0,0,1,"0,002777777778","0,00279224537","0,002824074074"
2026-10-06,Demos Visual Tests,angular-screenshots-fluent.blue.light,0,0,0,0,0,0,0,0,1,1,1,0,0,"0,0008680555556","0,001547067901","0,002013888889"
2026-10-06,Demos Visual Tests,react-screenshots-fluent.blue.light,0,0,0,0,0,0,0,0,1,1,1,0,0,"0,0007407407407","0,001377314815","0,001701388889"
2026-10-06,Demos Visual Tests,vue-screenshots-fluent.blue.light,0,0,0,0,0,0,0,0,1,1,1,0,0,"0,0008680555556","0,001469907407","0,001793981481"
2026-10-06,Demos Visual Tests,${{ matrix.CONSTEL }}-${{ matrix.STRATEGY }}-${{ matrix.THEME }},0,0,0,1,0,0,"-0,00001157407407",0,0,0,8,8,0,"-0,00001157407407","-0,000006510416667",0
2026-10-06,Wrappers Tests,check-regenerate,11,0,0,0,0,"0,001203703704","0,001636153199","0,002766203704",116,1,0,0,2,"0,0007986111111","0,001768755935","0,003865740741"
2026-10-06,Wrappers Tests,build,9,1,1,0,0,"0,001747685185","0,003298611111","0,00400462963",103,9,5,0,2,"0,0007523148148","0,003723983064","0,01390046296"
2026-10-06,Wrappers Tests,test (react),8,1,0,0,0,"0,002418981481","0,003978909465","0,008333333333",96,1,6,0,2,"0,0008449074074","0,003579422869","0,01204861111"
2026-10-06,Wrappers Tests,test (angular),8,0,1,0,0,"0,004293981481","0,005945216049","0,007326388889",92,3,8,0,2,"0,000775462963","0,006151564186","0,01805555556"
2026-10-06,Wrappers Tests,test (vue),9,0,0,0,0,"0,003020833333","0,003832304527","0,007384259259",96,1,6,0,2,"0,0008217592593","0,003673476268","0,01208333333"
2026-10-06,Wrappers Tests,test,0,0,1,1,0,0,"-0,000005787037037",0,0,0,5,9,0,"-0,00001157407407","-0,000003306878307",0
2026-10-06,Wrappers E2E Tests,Build DevExtreme and Wrappers,10,1,0,0,0,"0,001331018519","0,005352483165","0,006736111111",100,9,8,0,2,"0,000787037037","0,005622427984","0,01459490741"
2026-10-06,Wrappers E2E Tests,Test vue3,10,0,0,0,0,"0,00125","0,00143287037","0,002534722222",95,1,4,0,2,"0,0003587962963","0,001328240741","0,007638888889"
2026-10-06,Wrappers E2E Tests,Test react19,10,0,0,0,0,"0,001331018519","0,001517361111","0,002430555556",95,1,4,0,2,"0,0003587962963","0,00140150463","0,008333333333"
2026-10-06,Wrappers E2E Tests,Test angular,10,0,0,0,0,"0,001180555556","0,00125462963","0,00130787037",95,1,4,0,2,"0,0003587962963","0,001299768519","0,008344907407"
2026-10-06,Wrappers E2E Tests,Test ${{ matrix.framework }},0,0,0,1,0,0,"-0,00001157407407",0,0,0,8,9,0,"-0,00001157407407","-0,000003404139434",0
2026-10-05,Send dependabot new vulnerability alerts,Fetch analysis,0,0,0,0,0,0,0,0,1,0,0,0,0,"0,00003472222222","0,00003472222222","0,00003472222222"
2026-10-05,Send dependabot new vulnerability alerts,Send notifications,0,0,0,0,0,0,0,0,1,0,0,0,0,"0,0001273148148","0,0001273148148","0,0001273148148"
2026-10-05,Build and pack DevExtreme npm packages,build,8,0,1,0,0,"0,005740740741","0,008073559671","0,01579861111",75,7,2,0,2,"0,002291666667","0,007469686949","0,01594907407"
2026-10-05,Build and pack DevExtreme npm packages,custom_bundles,8,0,1,0,0,"-0,00001157407407","0,0007947530864","0,0009953703704",75,0,2,7,2,0,"0,0008520723104","0,001608796296"
2026-10-05,CodeQL,Analyze JavaScript,4,0,0,0,0,"0,01013888889","0,01117476852","0,0121875",1,0,0,0,0,"0,02334490741","0,02334490741","0,02334490741"
2026-10-05,CodeQL,Analyze C#,1,0,0,0,0,"0,00130787037","0,00130787037","0,00130787037",0,0,0,0,0,0,0,0
2026-10-05,CodeQL,Fetch analysis,4,0,0,0,0,"0,00002314814815","0,00002893518519","0,00003472222222",1,0,0,0,0,"0,00003472222222","0,00003472222222","0,00003472222222"
2026-10-05,CodeQL,Send notifications,2,2,0,0,0,"0,00002314814815","0,00003761574074","0,00005787037037",1,0,0,0,0,"0,00005787037037","0,00005787037037","0,00005787037037"
2026-10-05,CodeQL (scheduler),Run CodeQL workflow (main),0,0,0,0,0,0,0,0,1,0,0,0,0,"0,00005787037037","0,00005787037037","0,00005787037037"
2026-10-05,CodeQL (scheduler),Run CodeQL workflow (25_1),0,0,0,0,0,0,0,0,1,0,0,0,0,"0,00006944444444","0,00006944444444","0,00006944444444"
2026-10-05,CodeQL (scheduler),Run CodeQL workflow (25_2),0,0,0,0,0,0,0,0,1,0,0,0,0,"0,00009259259259","0,00009259259259","0,00009259259259"
2026-10-05,CodeQL (scheduler),Run CodeQL workflow (24_2),0,0,0,0,0,0,0,0,1,0,0,0,0,"0,00009259259259","0,00009259259259","0,00009259259259"
2026-10-05,CodeQL (scheduler),Run CodeQL workflow (26_1),0,0,0,0,0,0,0,0,1,0,0,0,0,"0,00006944444444","0,00006944444444","0,00006944444444"
2026-10-05,Default Workflow,main,9,0,0,0,0,"0,003425925926","0,004875257202","0,007824074074",77,3,2,0,0,"0,002013888889","0,004484247967","0,009965277778"
2026-10-05,Demos unit tests,Check if tests should run,8,0,1,0,0,"0,00002314814815","0,00119212963","0,01045138889",74,0,10,0,2,"0,00002314814815","0,001279348545","0,01046296296"
2026-10-05,Demos unit tests,Run unit tests,8,0,0,1,0,"0,0009606481481","0,0009722222222","0,001168981481",67,0,7,10,2,"0,0007407407407","0,001657434965","0,01046296296"
2026-10-05,Demos Visual Tests,Check if tests should run,9,0,0,0,0,"0,00002314814815","0,00003729423868","0,0000462962963",82,0,9,0,9,"0,00002314814815","0,00107473545","0,01047453704"
2026-10-05,Demos Visual Tests,Determine scope for framework tests,9,0,0,0,0,"0,00002314814815","0,00003858024691","0,0000462962963",24,0,0,8,3,"0,00002314814815","0,00002712673611","0,00005787037037"
2026-10-05,Demos Visual Tests,Get changed demos,0,0,0,9,0,0,"-0,000005144032922",0,24,0,3,5,3,"0,0001388888889","0,001146918403","0,01045138889"
2026-10-05,Demos Visual Tests,Build DevExtreme,9,0,0,0,0,"0,005023148148","0,005716306584","0,007326388889",73,4,2,12,9,"0,001481481481","0,004438466626","0,01181712963"
2026-10-05,Demos Visual Tests,Check TS,1,0,0,0,0,"0,001747685185","0,001747685185","0,001747685185",0,0,0,0,0,0,0,0
2026-10-05,Demos Visual Tests,Lint code base,1,0,0,0,0,"0,003761574074","0,003761574074","0,003761574074",0,0,0,0,0,0,0,0
2026-10-05,Demos Visual Tests,Build Demos Bundles,1,0,0,0,0,"0,003668981481","0,003668981481","0,003668981481",0,0,0,0,0,0,0,0
2026-10-05,Demos Visual Tests,Check generated demos (1/2),1,0,0,0,0,"0,003854166667","0,003854166667","0,003854166667",0,0,0,0,0,0,0,0
2026-10-05,Demos Visual Tests,Check generated demos (2/2),1,0,0,0,0,"0,004074074074","0,004074074074","0,004074074074",0,0,0,0,0,0,0,0
2026-10-05,Demos Visual Tests,jquery-accessibility-fluent.blue.light,8,0,0,0,0,"0,002071759259","0,003070023148","0,004791666667",72,0,1,0,8,"0,002141203704","0,003101693303","0,006550925926"
2026-10-05,Demos Visual Tests,jquery(3/3)-screenshots-material.blue.light,8,0,0,0,0,"0,003368055556","0,004071180556","0,005925925926",72,0,1,0,8,"0,003472222222","0,003760464231","0,006412037037"
2026-10-05,Demos Visual Tests,jquery(2/3)-screenshots-fluent.blue.light,8,0,0,0,0,"0,003622685185","0,004171006944","0,005532407407",71,1,1,0,8,"0,003171296296","0,004017472095","0,009722222222"
2026-10-05,Demos Visual Tests,jquery-accessibility-material.blue.light,8,0,0,0,0,"0,003055555556","0,003609664352","0,005069444444",71,1,1,0,8,"0,002326388889","0,003401985033","0,009733796296"
2026-10-05,Demos Visual Tests,jquery(2/3)-screenshots-material.blue.light,8,0,0,0,0,"0,003761574074","0,004069733796","0,005150462963",72,0,1,0,8,"0,003321759259","0,004241026129","0,007175925926"
2026-10-05,Demos Visual Tests,jquery(3/3)-screenshots-fluent.blue.light,8,0,0,0,0,"0,002974537037","0,004142071759","0,007256944444",72,0,1,0,8,"0,003043981481","0,003751902588","0,006226851852"
2026-10-05,Demos Visual Tests,jquery(1/3)-screenshots-fluent.blue.light,7,1,0,0,0,"0,003726851852","0,004509548611","0,009722222222",71,1,1,0,8,"0,003310185185","0,0040929414","0,01041666667"
2026-10-05,Demos Visual Tests,jquery(1/3)-screenshots-material.blue.light,8,0,0,0,0,"0,003310185185","0,004327256944","0,006863425926",70,2,1,0,8,"0,003252314815","0,004280980467","0,01041666667"
2026-10-05,Demos Visual Tests,Check generated demos (changed only),0,0,0,9,0,0,"-0,000003858024691",0,0,0,0,32,3,0,"-0,000004340277778",0
2026-10-05,Demos Visual Tests,vue(2/5)-screenshots-fluent.blue.light,9,0,0,0,0,"0,003310185185","0,004049639918","0,008518518519",49,0,1,0,6,"0,0015625","0,003509722222","0,008599537037"
2026-10-05,Demos Visual Tests,angular(3/10)-screenshots-fluent.blue.light,9,0,0,0,0,"0,002581018519","0,003510802469","0,008842592593",49,0,1,0,6,"0,001574074074","0,002825925926","0,004293981481"
2026-10-05,Demos Visual Tests,vue(3/5)-screenshots-fluent.blue.light,9,0,0,0,0,"0,003159722222","0,0038593107","0,008553240741",46,2,2,0,6,"0,0015625","0,003599074074","0,008333333333"
2026-10-05,Demos Visual Tests,react(3/3)-screenshots-fluent.blue.light,9,0,0,0,0,"0,003564814815","0,004034207819","0,006006944444",49,0,1,0,6,"0,0015625","0,003848842593","0,006203703704"
2026-10-05,Demos Visual Tests,react(2/3)-screenshots-fluent.blue.light,9,0,0,0,0,"0,003888888889","0,004344135802","0,006724537037",48,1,1,0,6,"0,0015625","0,00405625","0,006793981481"
2026-10-05,Demos Visual Tests,angular(1/10)-screenshots-fluent.blue.light,9,0,0,0,0,"0,002858796296","0,004648919753","0,0103587963",49,0,1,0,6,"0,0015625","0,003178935185","0,00869212963"
2026-10-05,Demos Visual Tests,angular(2/10)-screenshots-fluent.blue.light,9,0,0,0,0,"0,002962962963","0,00379372428","0,009351851852",48,1,1,0,6,"0,001550925926","0,003090740741","0,007638888889"
2026-10-05,Demos Visual Tests,angular(7/10)-screenshots-fluent.blue.light,9,0,0,0,0,"0,002476851852","0,002934670782","0,006342592593",49,0,1,0,6,"0,001574074074","0,002605092593","0,00287037037"
2026-10-05,Demos Visual Tests,angular(6/10)-screenshots-fluent.blue.light,9,0,0,0,0,"0,003229166667","0,003935185185","0,009131944444",48,1,1,0,6,"0,0015625","0,002804398148","0,007650462963"
2026-10-05,Demos Visual Tests,react(1/3)-screenshots-fluent.blue.light,9,0,0,0,0,"0,003773148148","0,00444058642","0,006354166667",49,0,1,0,6,"0,001574074074","0,004255555556","0,006921296296"
2026-10-05,Demos Visual Tests,angular(9/10)-screenshots-fluent.blue.light,9,0,0,0,0,"0,002511574074","0,003074845679","0,007037037037",48,1,1,0,6,"0,0015625","0,002823611111","0,007650462963"
2026-10-05,Demos Visual Tests,vue(1/5)-screenshots-fluent.blue.light,9,0,0,0,0,"0,003078703704","0,004203960905","0,008645833333",49,0,1,0,6,"0,0015625","0,003416898148","0,003900462963"
2026-10-05,Demos Visual Tests,angular(10/10)-screenshots-fluent.blue.light,9,0,0,0,0,"0,002650462963","0,003134002058","0,006759259259",49,0,1,0,6,"0,001574074074","0,002625","0,003078703704"
2026-10-05,Demos Visual Tests,angular(4/10)-screenshots-fluent.blue.light,9,0,0,0,0,"0,002430555556","0,002939814815","0,006689814815",47,2,1,0,6,"0,0002546296296","0,002803240741","0,004479166667"
2026-10-05,Demos Visual Tests,vue(4/5)-screenshots-fluent.blue.light,9,0,0,0,0,"0,002858796296","0,003554526749","0,008668981481",49,0,1,0,6,"0,0015625","0,003112731481","0,003472222222"
2026-10-05,Demos Visual Tests,angular(5/10)-screenshots-fluent.blue.light,9,0,0,0,0,"0,002326388889","0,00325617284","0,006631944444",49,0,1,0,6,"0,0015625","0,002871759259","0,004918981481"
2026-10-05,Demos Visual Tests,angular(8/10)-screenshots-fluent.blue.light,9,0,0,0,0,"0,002511574074","0,003140432099","0,006273148148",48,1,1,0,6,"0,001574074074","0,00276712963","0,007638888889"
2026-10-05,Demos Visual Tests,vue(5/5)-screenshots-fluent.blue.light,9,0,0,0,0,"0,003020833333","0,003919753086","0,00875",47,2,1,0,6,"0,001574074074","0,003492592593","0,007650462963"
2026-10-05,Demos Visual Tests,${{ matrix.CONSTEL }}-screenshots-${{ matrix.THEME }},0,0,0,9,0,0,"-0,000005144032922",0,0,0,2,71,6,0,"-0,000004597919838",0
2026-10-05,Demos Visual Tests,merge-artifacts,1,0,0,8,0,"0,00005787037037","0,0000000000000000000003764590877","0,00005787037037",5,0,6,80,9,"-0,00001157407407","0,000009666259666","0,01046296296"
2026-10-05,Label PR by changed files,label,0,0,0,0,0,0,0,0,63,0,12,0,2,"0,0000462962963","0,00172345679","0,01046296296"
2026-10-05,Lint,wrappers,9,0,0,0,0,"0,001053240741","0,001190843621","0,001631944444",84,0,1,0,3,"0,0007291666667","0,001561955338","0,01041666667"
2026-10-05,Lint,JS,9,0,0,0,0,"0,003541666667","0,004501028807","0,006701388889",79,4,2,0,3,"0,001608796296","0,004485702614","0,01041666667"
2026-10-05,Lint,texts,9,0,0,0,0,"0,0009143518519","0,001107253086","0,00162037037",83,2,0,0,3,"0,0007638888889","0,001506399782","0,008344907407"
2026-10-05,Lint,component_exports,9,0,0,0,0,"0,000787037037","0,001073816872","0,001516203704",78,0,7,0,3,"0,0007175925926","0,001788671024","0,01046296296"
2026-10-05,Lint,TS,9,0,0,0,0,"0,004351851852","0,005214763374","0,006412037037",79,4,2,0,3,"0,001793981481","0,005556508715","0,009143518519"
2026-10-05,Lint,Send notifications,0,0,0,9,0,0,"-0,000006430041152",0,0,0,2,83,3,0,"-0,000003812636166",0
2026-10-05,Publishing to GitHub Packages,Build packages,4,0,0,0,0,"0,01331018519","0,01588831019","0,01824074074",1,0,0,0,0,"0,0116087963","0,0116087963","0,0116087963"
2026-10-05,Publishing to GitHub Packages,Publish package (devextreme-angular-25.1.15-build-26278-1828),1,0,0,0,0,"0,0008101851852","0,0008101851852","0,0008101851852",0,0,0,0,0,0,0,0
2026-10-05,Publishing to GitHub Packages,Publish package (devextreme-monorepo-tools-25.1.15-build-26278-1828),1,0,0,0,0,"0,0006481481481","0,0006481481481","0,0006481481481",0,0,0,0,0,0,0,0
2026-10-05,Publishing to GitHub Packages,Publish package (devextreme-25.1.15-build-26278-1828),1,0,0,0,0,"0,0009259259259","0,0009259259259","0,0009259259259",0,0,0,0,0,0,0,0
2026-10-05,Publishing to GitHub Packages,Publish package (devextreme-dist-internal-25.1.15-build-26278-1828),1,0,0,0,0,"0,0007523148148","0,0007523148148","0,0007523148148",0,0,0,0,0,0,0,0
2026-10-05,Publishing to GitHub Packages,Publish package (devextreme-internal-25.1.15-build-26278-1828),1,0,0,0,0,"0,0009722222222","0,0009722222222","0,0009722222222",0,0,0,0,0,0,0,0
2026-10-05,Publishing to GitHub Packages,Publish package (devextreme-artifacts-25.1.15-build-26278-1828),1,0,0,0,0,"0,0007986111111","0,0007986111111","0,0007986111111",0,0,0,0,0,0,0,0
2026-10-05,Publishing to GitHub Packages,Publish package (devextreme-dist-25.1.15-build-26278-1828),1,0,0,0,0,"0,0006828703704","0,0006828703704","0,0006828703704",0,0,0,0,0,0,0,0
2026-10-05,Publishing to GitHub Packages,Publish package (devextreme-vue-25.1.15-build-26278-1828),1,0,0,0,0,"0,000775462963","0,000775462963","0,000775462963",0,0,0,0,0,0,0,0
2026-10-05,Publishing to GitHub Packages,Publish package (devextreme-react-25.1.15-build-26278-1828),1,0,0,0,0,"0,0007060185185","0,0007060185185","0,0007060185185",0,0,0,0,0,0,0,0
2026-10-05,Publishing to GitHub Packages,Publish package (devextreme-themebuilder-25.1.15-build-26278-1828),1,0,0,0,0,"0,0006134259259","0,0006134259259","0,0006134259259",0,0,0,0,0,0,0,0
2026-10-05,Publishing to GitHub Packages,Send notifications,0,0,0,4,0,0,"-0,000008680555556",0,0,0,0,1,0,0,0,0
2026-10-05,Publishing to GitHub Packages,Publish package (devextreme-24.2.17-build-26278-1828),1,0,0,0,0,"0,00119212963","0,00119212963","0,00119212963",0,0,0,0,0,0,0,0
2026-10-05,Publishing to GitHub Packages,Publish package (devextreme-monorepo-tools-24.2.17-build-26278-1828),1,0,0,0,0,"0,001064814815","0,001064814815","0,001064814815",0,0,0,0,0,0,0,0
2026-10-05,Publishing to GitHub Packages,Publish package (devextreme-dist-internal-24.2.17-build-26278-1828),1,0,0,0,0,"0,0009837962963","0,0009837962963","0,0009837962963",0,0,0,0,0,0,0,0
2026-10-05,Publishing to GitHub Packages,Publish package (devextreme-dist-24.2.17-build-26278-1828),1,0,0,0,0,"0,0009837962963","0,0009837962963","0,0009837962963",0,0,0,0,0,0,0,0
2026-10-05,Publishing to GitHub Packages,Publish package (devextreme-themebuilder-24.2.17-build-26278-1828),1,0,0,0,0,"0,001226851852","0,001226851852","0,001226851852",0,0,0,0,0,0,0,0
2026-10-05,Publishing to GitHub Packages,Publish package (devextreme-angular-24.2.17-build-26278-1828),1,0,0,0,0,"0,001180555556","0,001180555556","0,001180555556",0,0,0,0,0,0,0,0
2026-10-05,Publishing to GitHub Packages,Publish package (devextreme-internal-24.2.17-build-26278-1828),1,0,0,0,0,"0,001238425926","0,001238425926","0,001238425926",0,0,0,0,0,0,0,0
2026-10-05,Publishing to GitHub Packages,Publish package (devextreme-react-24.2.17-build-26278-1828),1,0,0,0,0,"0,001122685185","0,001122685185","0,001122685185",0,0,0,0,0,0,0,0
2026-10-05,Publishing to GitHub Packages,Publish package (devextreme-artifacts-24.2.17-build-26278-1828),1,0,0,0,0,"0,00119212963","0,00119212963","0,00119212963",0,0,0,0,0,0,0,0
2026-10-05,Publishing to GitHub Packages,Publish package (devextreme-vue-24.2.17-build-26278-1828),1,0,0,0,0,"0,001041666667","0,001041666667","0,001041666667",0,0,0,0,0,0,0,0
2026-10-05,Publishing to GitHub Packages,Publish package (devextreme-artifacts-26.1.6-build-26278-1826),1,0,0,0,0,"0,002569444444","0,002569444444","0,002569444444",0,0,0,0,0,0,0,0
2026-10-05,Publishing to GitHub Packages,Publish package (devextreme-vue-26.1.6-build-26278-1826),1,0,0,0,0,"0,002314814815","0,002314814815","0,002314814815",0,0,0,0,0,0,0,0
2026-10-05,Publishing to GitHub Packages,Publish package (devextreme-react-26.1.6-build-26278-1826),1,0,0,0,0,"0,002326388889","0,002326388889","0,002326388889",0,0,0,0,0,0,0,0
2026-10-05,Publishing to GitHub Packages,Publish package (devextreme-monorepo-tools-26.1.6-build-26278-1826),1,0,0,0,0,"0,002384259259","0,002384259259","0,002384259259",0,0,0,0,0,0,0,0
2026-10-05,Publishing to GitHub Packages,Publish package (devextreme-26.1.6-build-26278-1826),1,0,0,0,0,"0,003541666667","0,003541666667","0,003541666667",0,0,0,0,0,0,0,0
2026-10-05,Publishing to GitHub Packages,Publish package (devextreme-internal-26.1.6-build-26278-1826),1,0,0,0,0,"0,003703703704","0,003703703704","0,003703703704",0,0,0,0,0,0,0,0
2026-10-05,Publishing to GitHub Packages,Publish package (devextreme-angular-26.1.6-build-26278-1826),1,0,0,0,0,"0,002719907407","0,002719907407","0,002719907407",0,0,0,0,0,0,0,0
2026-10-05,Publishing to GitHub Packages,Publish package (devextreme-themebuilder-26.1.6-build-26278-1826),1,0,0,0,0,"0,002048611111","0,002048611111","0,002048611111",0,0,0,0,0,0,0,0
2026-10-05,Publishing to GitHub Packages,Publish package (devextreme-dist-internal-26.1.6-build-26278-1826),1,0,0,0,0,"0,003009259259","0,003009259259","0,003009259259",0,0,0,0,0,0,0,0
2026-10-05,Publishing to GitHub Packages,Publish package (devextreme-dist-26.1.6-build-26278-1826),1,0,0,0,0,"0,001967592593","0,001967592593","0,001967592593",0,0,0,0,0,0,0,0
2026-10-05,Publishing to GitHub Packages,Publish package (devextreme-monorepo-tools-25.2.11-build-26278-1826),1,0,0,0,0,"0,0008564814815","0,0008564814815","0,0008564814815",0,0,0,0,0,0,0,0
2026-10-05,Publishing to GitHub Packages,Publish package (devextreme-angular-25.2.11-build-26278-1826),1,0,0,0,0,"0,0008333333333","0,0008333333333","0,0008333333333",0,0,0,0,0,0,0,0
2026-10-05,Publishing to GitHub Packages,Publish package (devextreme-dist-internal-25.2.11-build-26278-1826),1,0,0,0,0,"0,0008217592593","0,0008217592593","0,0008217592593",0,0,0,0,0,0,0,0
2026-10-05,Publishing to GitHub Packages,Publish package (devextreme-internal-25.2.11-build-26278-1826),1,0,0,0,0,"0,0009606481481","0,0009606481481","0,0009606481481",0,0,0,0,0,0,0,0
2026-10-05,Publishing to GitHub Packages,Publish package (devextreme-25.2.11-build-26278-1826),1,0,0,0,0,"0,0009490740741","0,0009490740741","0,0009490740741",0,0,0,0,0,0,0,0
2026-10-05,Publishing to GitHub Packages,Publish package (devextreme-dist-25.2.11-build-26278-1826),1,0,0,0,0,"0,0008912037037","0,0008912037037","0,0008912037037",0,0,0,0,0,0,0,0
2026-10-05,Publishing to GitHub Packages,Publish package (devextreme-artifacts-25.2.11-build-26278-1826),1,0,0,0,0,"0,0009375","0,0009375","0,0009375",0,0,0,0,0,0,0,0
2026-10-05,Publishing to GitHub Packages,Publish package (devextreme-vue-25.2.11-build-26278-1826),1,0,0,0,0,"0,0008912037037","0,0008912037037","0,0008912037037",0,0,0,0,0,0,0,0
2026-10-05,Publishing to GitHub Packages,Publish package (devextreme-themebuilder-25.2.11-build-26278-1826),1,0,0,0,0,"0,0008101851852","0,0008101851852","0,0008101851852",0,0,0,0,0,0,0,0
2026-10-05,Publishing to GitHub Packages,Publish package (devextreme-react-25.2.11-build-26278-1826),1,0,0,0,0,"0,0009027777778","0,0009027777778","0,0009027777778",0,0,0,0,0,0,0,0
2026-10-05,Publishing to GitHub Packages,Publish package (devextreme-angular-26.2.1-alpha-26278-1826),0,0,0,0,0,0,0,0,1,0,0,0,0,"0,002141203704","0,002141203704","0,002141203704"
2026-10-05,Publishing to GitHub Packages,Publish package (devextreme-monorepo-tools-26.2.1-alpha-26278-1826),0,0,0,0,0,0,0,0,1,0,0,0,0,"0,002638888889","0,002638888889","0,002638888889"
2026-10-05,Publishing to GitHub Packages,Publish package (devextreme-themebuilder-26.2.1-alpha-26278-1826),0,0,0,0,0,0,0,0,1,0,0,0,0,"0,002291666667","0,002291666667","0,002291666667"
2026-10-05,Publishing to GitHub Packages,Publish package (devextreme-react-26.2.1-alpha-26278-1826),0,0,0,0,0,0,0,0,1,0,0,0,0,"0,002361111111","0,002361111111","0,002361111111"
2026-10-05,Publishing to GitHub Packages,Publish package (devextreme-dist-26.2.1-alpha-26278-1826),0,0,0,0,0,0,0,0,1,0,0,0,0,"0,002523148148","0,002523148148","0,002523148148"
2026-10-05,Publishing to GitHub Packages,Publish package (devextreme-vue-26.2.1-alpha-26278-1826),0,0,0,0,0,0,0,0,1,0,0,0,0,"0,002094907407","0,002094907407","0,002094907407"
2026-10-05,Publishing to GitHub Packages,Publish package (devextreme-internal-26.2.1-alpha-26278-1826),0,0,0,0,0,0,0,0,1,0,0,0,0,"0,003148148148","0,003148148148","0,003148148148"
2026-10-05,Publishing to GitHub Packages,Publish package (devextreme-26.2.1-alpha-26278-1826),0,0,0,0,0,0,0,0,1,0,0,0,0,"0,002175925926","0,002175925926","0,002175925926"
2026-10-05,Publishing to GitHub Packages,Publish package (devextreme-artifacts-26.2.1-alpha-26278-1826),0,0,0,0,0,0,0,0,1,0,0,0,0,"0,003344907407","0,003344907407","0,003344907407"
2026-10-05,Publishing to GitHub Packages,Publish package (devextreme-dist-internal-26.2.1-alpha-26278-1826),0,0,0,0,0,0,0,0,1,0,0,0,0,"0,002094907407","0,002094907407","0,002094907407"
2026-10-05,Publishing to GitHub Packages (scheduler),Run Packages Publishing workflow (26_1),0,0,0,0,0,0,0,0,1,0,0,0,0,"0,00009259259259","0,00009259259259","0,00009259259259"
2026-10-05,Publishing to GitHub Packages (scheduler),Run Packages Publishing workflow (main),0,0,0,0,0,0,0,0,1,0,0,0,0,"0,00005787037037","0,00005787037037","0,00005787037037"
2026-10-05,Publishing to GitHub Packages (scheduler),Run Packages Publishing workflow (25_1),0,0,0,0,0,0,0,0,1,0,0,0,0,"0,00008101851852","0,00008101851852","0,00008101851852"
2026-10-05,Publishing to GitHub Packages (scheduler),Run Packages Publishing workflow (25_2),0,0,0,0,0,0,0,0,1,0,0,0,0,"0,00006944444444","0,00006944444444","0,00006944444444"
2026-10-05,Publishing to GitHub Packages (scheduler),Run Packages Publishing workflow (24_2),0,0,0,0,0,0,0,0,1,0,0,0,0,"0,0001041666667","0,0001041666667","0,0001041666667"
2026-10-05,Playgrounds tests,build,9,0,0,0,0,"0,002951388889","0,003518518519","0,004837962963",80,3,0,0,1,"0,001516203704","0,003781793842","0,008333333333"
2026-10-05,Playgrounds tests,vue,9,0,0,0,0,"0,001412037037","0,001836419753","0,002048611111",78,0,2,0,1,"0,00002314814815","0,002017216435","0,01184027778"
2026-10-05,Playgrounds tests,angular,9,0,0,0,0,"0,001921296296","0,002269804527","0,002835648148",78,0,2,0,1,"0,00002314814815","0,002358072917","0,003969907407"
2026-10-05,Playgrounds tests,react,9,0,0,0,0,"0,001365740741","0,001811985597","0,002013888889",78,0,2,0,1,"0,00002314814815","0,001826822917","0,003356481481"
2026-10-05,Playgrounds tests,matrix.ARGS.platform,0,0,0,0,0,0,0,0,0,0,0,3,0,0,"-0,000003858024691",0
2026-10-05,Playwright tests,Check if tests should run,0,0,0,0,0,0,0,0,50,0,6,0,3,"0,0001157407407","0,001323784722","0,01046296296"
2026-10-05,Playwright tests,Build DevExtreme,0,0,0,0,0,0,0,0,47,2,1,6,3,"0,001215277778","0,003451140873","0,00837962963"
2026-10-05,Playwright tests,Determine Playwright matrix,0,0,0,0,0,0,0,0,49,0,1,6,3,"0,00002314814815","0,0002170138889","0,01045138889"
2026-10-05,Playwright tests,generic,0,0,0,0,0,0,0,0,44,0,2,0,2,"0,00003472222222","0,001091737118","0,001458333333"
2026-10-05,Playwright tests,common - fluent,0,0,0,0,0,0,0,0,44,0,2,0,2,"0,0007291666667","0,001114382045","0,001365740741"
2026-10-05,Playwright tests,accessibility - fluent,0,0,0,0,0,0,0,0,43,1,2,0,2,"0,00003472222222","0,001168478261","0,006956018519"
2026-10-05,Playwright tests,material - compact,0,0,0,0,0,0,0,0,43,1,2,0,2,"0,00003472222222","0,001198168277","0,006944444444"
2026-10-05,Playwright tests,scheduler / common (1/3) - fluent,0,0,0,0,0,0,0,0,44,0,2,0,2,"0,0008680555556","0,001033111916","0,001284722222"
2026-10-05,Playwright tests,scheduler / timezones (Europe/Berlin) - fluent,0,0,0,0,0,0,0,0,44,0,2,0,2,"0,0003009259259","0,001012983092","0,001296296296"
2026-10-05,Playwright tests,scheduler / common (3/3) - fluent,0,0,0,0,0,0,0,0,44,0,2,0,2,"0,00003472222222","0,001006441224","0,001296296296"
2026-10-05,Playwright tests,scheduler / common (2/3) - fluent,0,0,0,0,0,0,0,0,44,0,2,0,2,"0,0008564814815","0,001033363527","0,001203703704"
2026-10-05,Playwright tests,cardView - fluent,0,0,0,0,0,0,0,0,44,0,2,0,2,"0,0004976851852","0,001041415056","0,001921296296"
2026-10-05,Playwright tests,scheduler / viewOffset (1/2) - fluent,0,0,0,0,0,0,0,0,44,0,2,0,2,"0,00003472222222","0,001018015298","0,001689814815"
2026-10-05,Playwright tests,editors - fluent,0,0,0,0,0,0,0,0,44,0,2,0,2,"0,0008217592593","0,001023802335","0,001168981481"
2026-10-05,Playwright tests,navigation - fluent,0,0,0,0,0,0,0,0,44,0,2,0,2,"0,0001041666667","0,001005434783","0,001180555556"
2026-10-05,Playwright tests,dataGrid (2/4) - fluent,0,0,0,0,0,0,0,0,44,0,2,0,2,"0,0007523148148","0,001024808776","0,001747685185"
2026-10-05,Playwright tests,dataGrid (1/4) - fluent,0,0,0,0,0,0,0,0,44,0,2,0,2,"0,00003472222222","0,001001409018","0,00119212963"
2026-10-05,Playwright tests,scheduler / viewOffset (2/2) - fluent,0,0,0,0,0,0,0,0,43,1,2,0,2,"0,0008564814815","0,001158413849","0,006944444444"
2026-10-05,Playwright tests,material,0,0,0,0,0,0,0,0,43,1,2,0,2,"0,0007291666667","0,001073369565","0,001226851852"
2026-10-05,Playwright tests,dataGrid (4/4) - fluent,0,0,0,0,0,0,0,0,44,0,2,0,2,"0,00003472222222","0,001002163849","0,001157407407"
2026-10-05,Playwright tests,dataGrid (3/4) - fluent,0,0,0,0,0,0,0,0,44,0,2,0,2,"0,0007291666667","0,001002415459","0,001168981481"
2026-10-05,Playwright tests,scheduler / timezones (America/Los_Angeles) - fluent,0,0,0,0,0,0,0,0,44,0,2,0,2,"0,00003472222222","0,001010718599","0,001365740741"
2026-10-05,Playwright tests,merge-artifacts,0,0,0,0,0,0,0,0,48,0,8,0,3,"0,00003472222222","0,001572833995","0,01046296296"
2026-10-05,Playwright tests,${{ matrix.name }}${{ ((!matrix.theme && ' - fluent') || '') }},0,0,0,0,0,0,0,0,0,0,1,9,1,0,"-0,00000462962963",0
2026-10-05,Playwright tests,accessibility - material.light,0,0,0,0,0,0,0,0,2,0,0,0,0,"0,001157407407","0,001168981481","0,001180555556"
2026-10-05,Playwright tests,accessibility - fluent.dark,0,0,0,0,0,0,0,0,2,0,0,0,0,"0,001111111111","0,001116898148","0,001122685185"
2026-10-05,Playwright tests,accessibility - material.dark,0,0,0,0,0,0,0,0,2,0,0,0,0,"0,001018518519","0,001059027778","0,001099537037"
2026-10-05,PR Storybook - Preview Cleanup,Delete stale PR storybook folders,0,0,0,0,0,0,0,0,1,0,0,0,0,"0,001377314815","0,001377314815","0,001377314815"
2026-10-05,"PR #35491: Data source adapter, virtual data loader, TreeList data controller and data source adapter - type grid_core data source adapter and utils",Build & Deploy,0,0,0,0,0,0,0,0,0,0,0,3,0,0,"-0,0000462962963",0
2026-10-05,"PR #35491: Data source adapter, virtual data loader, TreeList data controller and data source adapter - type grid_core data source adapter and utils",Remove storybook,0,0,0,0,0,0,0,0,0,0,0,3,0,0,"-0,00003858024691",0
2026-10-05,"PR #35490: Data source adapter, virtual data loader, TreeList data controller and data source adapter - type grid_core data source adapter and utils",Remove storybook,0,0,0,0,0,0,0,0,0,0,0,2,0,0,"-0,000005787037037",0
2026-10-05,"PR #35490: Data source adapter, virtual data loader, TreeList data controller and data source adapter - type grid_core data source adapter and utils",Build & Deploy,0,0,0,0,0,0,0,0,0,0,0,2,0,0,"-0,00001157407407",0
2026-10-05,PR #35489: Charts: fix the bugs and clean up the code found during the ES6 conversion (26_1),Remove storybook,0,0,0,0,0,0,0,0,0,0,0,1,0,0,"-0,00001157407407",0
2026-10-05,PR #35489: Charts: fix the bugs and clean up the code found during the ES6 conversion (26_1),Build & Deploy,0,0,0,0,0,0,0,0,0,0,0,1,0,0,"-0,00001157407407",0
2026-10-05,PR #35488: Charts: fix the bugs and clean up the code found during the ES6 conversion,Build & Deploy,0,0,0,0,0,0,0,0,0,0,0,1,0,0,"-0,00001157407407",0
2026-10-05,PR #35488: Charts: fix the bugs and clean up the code found during the ES6 conversion,Remove storybook,0,0,0,0,0,0,0,0,0,0,0,1,0,0,"-0,00001157407407",0
2026-10-05,"PR #35485: Core(utils): type 20 m_ files ahead of the rename, part 1 (26_1)",Build & Deploy,0,0,0,0,0,0,0,0,0,0,0,3,0,0,"-0,000007716049383",0
2026-10-05,"PR #35485: Core(utils): type 20 m_ files ahead of the rename, part 1 (26_1)",Remove storybook,0,0,0,0,0,0,0,0,0,0,0,3,0,0,"-0,00006944444444",0
2026-10-05,"PR #35484: Core(utils): type 20 m_ files ahead of the rename, part 1",Build & Deploy,0,0,0,0,0,0,0,0,0,0,0,3,0,0,"-0,000007716049383",0
2026-10-05,"PR #35484: Core(utils): type 20 m_ files ahead of the rename, part 1",Remove storybook,0,0,0,0,0,0,0,0,0,0,0,3,0,0,"-0,0000462962963",0
2026-10-05,PR #35477: FilterBuilder: fix errors and improve typing,Build & Deploy,0,0,0,0,0,0,0,0,0,0,0,7,0,0,"-0,00002810846561",0
2026-10-05,PR #35477: FilterBuilder: fix errors and improve typing,Remove storybook,0,0,0,0,0,0,0,0,0,0,0,7,0,0,"-0,00004464285714",0
2026-10-05,"PR #35474: Scheduler: remove the m_ prefix from the appointment, subscribes, drag and data source files (26_1)",Remove storybook,0,0,0,0,0,0,0,0,0,0,0,3,0,0,"-0,0000424382716",0
2026-10-05,"PR #35474: Scheduler: remove the m_ prefix from the appointment, subscribes, drag and data source files (26_1)",Build & Deploy,0,0,0,0,0,0,0,0,0,0,0,3,0,0,"-0,00006172839506",0
2026-10-05,"PR #35472: Scheduler: type the m_ files ahead of the rename, part 2 (26_1)",Remove storybook,0,0,0,0,0,0,0,0,0,0,0,3,0,0,"-0,000003858024691",0
2026-10-05,"PR #35472: Scheduler: type the m_ files ahead of the rename, part 2 (26_1)",Build & Deploy,0,0,0,0,0,0,0,0,0,0,0,3,0,0,"-0,00009259259259",0
2026-10-05,"PR #35473: Scheduler: remove the m_ prefix from the appointment, subscribes, drag and data source files",Build & Deploy,0,0,0,0,0,0,0,0,0,0,0,3,0,0,"-0,00003472222222",0
2026-10-05,"PR #35473: Scheduler: remove the m_ prefix from the appointment, subscribes, drag and data source files",Remove storybook,0,0,0,0,0,0,0,0,0,0,0,3,0,0,"-0,0001041666667",0
2026-10-05,"PR #35471: Scheduler: type the m_ files ahead of the rename, part 2",Build & Deploy,0,0,0,0,0,0,0,0,0,0,0,3,0,0,"-0,00002314814815",0
2026-10-05,"PR #35471: Scheduler: type the m_ files ahead of the rename, part 2",Remove storybook,0,0,0,0,0,0,0,0,0,0,0,3,0,0,"-0,00005401234568",0
2026-10-05,"PR #35487: Draggable, Sortable: fix errors and improve typing (26_1)",Remove storybook,0,0,0,0,0,0,0,0,0,0,0,1,0,0,"-0,00001157407407",0
2026-10-05,"PR #35487: Draggable, Sortable: fix errors and improve typing (26_1)",Build & Deploy,0,0,0,0,0,0,0,0,0,0,0,1,0,0,"-0,00001157407407",0
2026-10-05,PR #35486: Pagination: ignore layout measurements taken before the theme CSS is applied,Remove storybook,0,0,0,0,0,0,0,0,0,0,0,2,0,0,"-0,000005787037037",0
2026-10-05,PR #35486: Pagination: ignore layout measurements taken before the theme CSS is applied,Build & Deploy,0,0,0,0,0,0,0,0,0,0,0,2,0,0,"-0,00005787037037",0
2026-10-05,"PR #35481: Draggable, Sortable: fix errors and improve typing",Remove storybook,0,0,0,0,0,0,0,0,0,0,0,2,0,0,"-0,00003472222222",0
2026-10-05,"PR #35481: Draggable, Sortable: fix errors and improve typing",Build & Deploy,0,0,0,0,0,0,0,0,0,0,0,2,0,0,"-0,00004050925926",0
2026-10-05,PR #35478: FilterBuilder: fix errors and improve typing (26_1),Remove storybook,0,0,0,0,0,0,0,0,0,0,0,1,0,0,"-0,00001157407407",0
2026-10-05,PR #35478: FilterBuilder: fix errors and improve typing (26_1),Build & Deploy,0,0,0,0,0,0,0,0,0,0,0,1,0,0,"-0,0001041666667",0
2026-10-05,"PR #35394: Templates, Options: type deprecated options, validateOptions and TemplateBase.render (26_1)",Build & Deploy,0,0,0,0,0,0,0,0,0,0,0,2,0,0,"-0,000005787037037",0
2026-10-05,"PR #35394: Templates, Options: type deprecated options, validateOptions and TemplateBase.render (26_1)",Remove storybook,0,0,0,0,0,0,0,0,0,0,0,2,0,0,"-0,000005787037037",0
2026-10-05,"PR #35391: Templates, Options: align the public d.ts, type deprecated options, validateOptions and TemplateBase.render",Build & Deploy,0,0,0,0,0,0,0,0,0,0,0,1,0,0,0,0
2026-10-05,"PR #35391: Templates, Options: align the public d.ts, type deprecated options, validateOptions and TemplateBase.render",Remove storybook,0,0,0,0,0,0,0,0,0,0,0,1,0,0,"-0,00006944444444",0
2026-10-05,PR #35480: Charts: convert the renderer and animation into ES6 classes and improve typing,Remove storybook,0,0,0,0,0,0,0,0,0,0,0,3,0,0,"-0,000007716049383",0
2026-10-05,PR #35480: Charts: convert the renderer and animation into ES6 classes and improve typing,Build & Deploy,0,0,0,0,0,0,0,0,0,0,0,3,0,0,"-0,00007330246914",0
2026-10-05,PR #35479: Charts: convert the renderer and animation into ES6 classes and improve typing (26_1),Build & Deploy,0,0,0,0,0,0,0,0,0,0,0,3,0,0,"-0,00002700617284",0
2026-10-05,PR #35479: Charts: convert the renderer and animation into ES6 classes and improve typing (26_1),Remove storybook,0,0,0,0,0,0,0,0,0,0,0,3,0,0,"-0,00002314814815",0
2026-10-05,PR #35483: Grids: remove m_ prefix from m_modules (#35476),Build & Deploy,0,0,0,0,0,0,0,0,0,0,0,4,0,0,"-0,0000318287037",0
2026-10-05,PR #35483: Grids: remove m_ prefix from m_modules (#35476),Remove storybook,0,0,0,0,0,0,0,0,0,0,0,4,0,0,"-0,00002025462963",0
2026-10-05,PR #35441: Grids: fix keyboard focus jumping back with async templates (T1336240),Remove storybook,0,0,0,0,0,0,0,0,0,0,0,1,0,0,"-0,00001157407407",0
2026-10-05,PR #35441: Grids: fix keyboard focus jumping back with async templates (T1336240),Build & Deploy,0,0,0,0,0,0,0,0,0,0,0,1,0,0,"-0,00001157407407",0
2026-10-05,"PR #35464: GridCore - Fix eslint and add types to leaf helpers (m_aggregate_calculator, m_utils, m_accessibility, m_export)",Build & Deploy,0,0,0,0,0,0,0,0,0,0,0,5,0,0,"-0,00005324074074",0
2026-10-05,"PR #35464: GridCore - Fix eslint and add types to leaf helpers (m_aggregate_calculator, m_utils, m_accessibility, m_export)",Remove storybook,0,0,0,0,0,0,0,0,0,0,0,5,0,0,"-0,000009259259259",0
2026-10-05,"PR #35465: GridCore - Fix eslint and add types to leaf helpers (m_aggregate_calculator, m_utils, m_accessibility, m_export)",Build & Deploy,0,0,0,0,0,0,0,0,0,0,0,5,0,0,"-0,00002546296296",0
2026-10-05,"PR #35465: GridCore - Fix eslint and add types to leaf helpers (m_aggregate_calculator, m_utils, m_accessibility, m_export)",Remove storybook,0,0,0,0,0,0,0,0,0,0,0,5,0,0,"-0,00002546296296",0
2026-10-05,PR #35476: Grids: remove m_ prefix from m_modules,Remove storybook,0,0,0,0,0,0,0,0,0,0,0,4,0,0,"-0,00002025462963",0
2026-10-05,PR #35476: Grids: remove m_ prefix from m_modules,Build & Deploy,0,0,0,0,0,0,0,0,0,0,0,4,0,0,"-0,00002893518519",0
2026-10-05,PR #35418: update devexpress-gantt version to 4.1.71,Build & Deploy,0,0,0,0,0,0,0,0,0,0,0,1,0,0,"-0,00001157407407",0
2026-10-05,PR #35418: update devexpress-gantt version to 4.1.71,Remove storybook,0,0,0,0,0,0,0,0,0,0,0,1,0,0,"-0,00009259259259",0
2026-10-05,PR #35388: Core(utils): call_once and locker - remove m prefix and improve typing,Remove storybook,0,0,0,0,0,0,0,0,0,0,0,2,0,0,"-0,000005787037037",0
2026-10-05,PR #35388: Core(utils): call_once and locker - remove m prefix and improve typing,Build & Deploy,0,0,0,0,0,0,0,0,0,0,0,2,0,0,"-0,00005208333333",0
2026-10-05,PR #35399: Core(utils): call_once and locker - remove m prefix and improve typing,Build & Deploy,0,0,0,0,0,0,0,0,0,0,0,2,0,0,"-0,000005787037037",0
2026-10-05,PR #35399: Core(utils): call_once and locker - remove m prefix and improve typing,Remove storybook,0,0,0,0,0,0,0,0,0,0,0,2,0,0,"-0,000005787037037",0
2026-10-05,PR #35475: chore(deps): update typescript to 5.9.3 (26_1),Build & Deploy,0,0,0,0,0,0,0,0,0,0,0,3,0,0,"-0,000007716049383",0
2026-10-05,PR #35475: chore(deps): update typescript to 5.9.3 (26_1),Remove storybook,0,0,0,0,0,0,0,0,0,0,0,3,0,0,"-0,000007716049383",0
2026-10-05,PR #35428: chore(deps): update typescript to 5.9.3,Remove storybook,0,0,0,0,0,0,0,0,0,0,0,2,0,0,"-0,00001157407407",0
2026-10-05,PR #35428: chore(deps): update typescript to 5.9.3,Build & Deploy,0,0,0,0,0,0,0,0,0,0,0,2,0,0,"-0,0000462962963",0
2026-10-05,PR #35445: update devexpress-gantt version to 4.1.71 (26.1),Build & Deploy,0,0,0,0,0,0,0,0,0,0,0,1,0,0,0,0
2026-10-05,PR #35445: update devexpress-gantt version to 4.1.71 (26.1),Remove storybook,0,0,0,0,0,0,0,0,0,0,0,1,0,0,"-0,00009259259259",0
2026-10-05,PR #35466: update gantt version - 2,Remove storybook,0,0,0,0,0,0,0,0,0,0,0,2,0,0,"-0,00005208333333",0
2026-10-05,PR #35466: update gantt version - 2,Build & Deploy,0,0,0,0,0,0,0,0,0,0,0,2,0,0,"-0,000005787037037",0
2026-10-05,PR #35478: [26.1] FilterBuilder: fix errors and improve typing,Remove storybook,0,0,0,0,0,0,0,0,0,0,0,1,0,0,"-0,00001157407407",0
2026-10-05,PR #35478: [26.1] FilterBuilder: fix errors and improve typing,Build & Deploy,0,0,0,0,0,0,0,0,0,0,0,1,0,0,"-0,00008101851852",0
2026-10-05,PR #35455: Fix (CP) Demos: Use public API to detect the current theme,Remove storybook,0,0,0,0,0,0,0,0,0,0,0,1,0,0,0,0
2026-10-05,PR #35455: Fix (CP) Demos: Use public API to detect the current theme,Build & Deploy,0,0,0,0,0,0,0,0,0,0,0,1,0,0,0,0
2026-10-05,PR #35407: Charts: convert the prototype-based constructors into ES6 classes and improve typing,Remove storybook,0,0,0,0,0,0,0,0,0,0,0,3,0,0,"-0,00005015432099",0
2026-10-05,PR #35407: Charts: convert the prototype-based constructors into ES6 classes and improve typing,Build & Deploy,0,0,0,0,0,0,0,0,0,0,0,3,0,0,"-0,000003858024691",0
2026-10-05,PR #35470:  Grids: type core m_modules file,Remove storybook,0,0,0,0,0,0,0,0,0,0,0,1,0,0,0,0
2026-10-05,PR #35470:  Grids: type core m_modules file,Build & Deploy,0,0,0,0,0,0,0,0,0,0,0,1,0,0,0,0
2026-10-05,PR #35470:  Grids: type core m_modules file (#35458),Build & Deploy,0,0,0,0,0,0,0,0,0,0,0,2,0,0,"-0,000005787037037",0
2026-10-05,PR #35470:  Grids: type core m_modules file (#35458),Remove storybook,0,0,0,0,0,0,0,0,0,0,0,2,0,0,"-0,00003472222222",0
2026-10-05,PR #35467: Charts: convert the prototype-based constructors into ES6 classes and improve typing (26_1),Remove storybook,0,0,0,0,0,0,0,0,0,0,0,2,0,0,0,0
2026-10-05,PR #35467: Charts: convert the prototype-based constructors into ES6 classes and improve typing (26_1),Build & Deploy,0,0,0,0,0,0,0,0,0,0,0,2,0,0,"-0,00009837962963",0
2026-10-05,"PR #35469: Scheduler: type the m_ files ahead of the rename, part 1 (26_1)",Remove storybook,0,0,0,0,0,0,0,0,0,0,0,2,0,0,"-0,000005787037037",0
2026-10-05,"PR #35469: Scheduler: type the m_ files ahead of the rename, part 1 (26_1)",Build & Deploy,0,0,0,0,0,0,0,0,0,0,0,2,0,0,"-0,0000462962963",0
2026-10-05,"PR #35468: Scheduler: type the m_ files ahead of the rename, part 1",Build & Deploy,0,0,0,0,0,0,0,0,0,0,0,2,0,0,"-0,00003472222222",0
2026-10-05,"PR #35468: Scheduler: type the m_ files ahead of the rename, part 1",Remove storybook,0,0,0,0,0,0,0,0,0,0,0,2,0,0,0,0
2026-10-05,PR #35458:  Grids: type core m_modules file,Remove storybook,0,0,0,0,0,0,0,0,0,0,0,2,0,0,"-0,000005787037037",0
2026-10-05,PR #35458:  Grids: type core m_modules file,Build & Deploy,0,0,0,0,0,0,0,0,0,0,0,2,0,0,"-0,00004050925926",0
2026-10-05,PR #35462: Grids: remove m_ prefix from files in grid_core columns_controller module,Build & Deploy,0,0,0,0,0,0,0,0,0,0,0,1,0,0,0,0
2026-10-05,PR #35462: Grids: remove m_ prefix from files in grid_core columns_controller module,Remove storybook,0,0,0,0,0,0,0,0,0,0,0,1,0,0,"-0,0001041666667",0
2026-10-05,PR #35461: Grids: remove m_ prefix from files in grid_core columns_controller module,Remove storybook,0,0,0,0,0,0,0,0,0,0,0,1,0,0,"-0,00001157407407",0
2026-10-05,PR #35461: Grids: remove m_ prefix from files in grid_core columns_controller module,Build & Deploy,0,0,0,0,0,0,0,0,0,0,0,1,0,0,"-0,00006944444444",0
2026-10-05,"PR #35391: Templates, Options: type deprecated options, validateOptions and TemplateBase.render",Build & Deploy,0,0,0,0,0,0,0,0,0,0,0,2,0,0,"-0,0000462962963",0
2026-10-05,"PR #35391: Templates, Options: type deprecated options, validateOptions and TemplateBase.render",Remove storybook,0,0,0,0,0,0,0,0,0,0,0,2,0,0,"-0,000005787037037",0
2026-10-05,PR #35462: GridCore - ColumnsController - Add types to the controller state (Remove m_ prefix),Build & Deploy,0,0,0,0,0,0,0,0,0,0,0,1,0,0,0,0
2026-10-05,PR #35462: GridCore - ColumnsController - Add types to the controller state (Remove m_ prefix),Remove storybook,0,0,0,0,0,0,0,0,0,0,0,1,0,0,"-0,00009259259259",0
2026-10-05,PR #35461: GridCore - ColumnsController - Add types to the controller state (Remove m_ prefix),Remove storybook,0,0,0,0,0,0,0,0,0,0,0,1,0,0,"-0,00001157407407",0
2026-10-05,PR #35461: GridCore - ColumnsController - Add types to the controller state (Remove m_ prefix),Build & Deploy,0,0,0,0,0,0,0,0,0,0,0,1,0,0,"-0,0001041666667",0
2026-10-05,PR #35411: Grids: convert the pivot grid LocalStore into an ES6 class and remove the Class.inherit leftovers,Remove storybook,0,0,0,0,0,0,0,0,0,0,0,1,0,0,0,0
2026-10-05,PR #35411: Grids: convert the pivot grid LocalStore into an ES6 class and remove the Class.inherit leftovers,Build & Deploy,0,0,0,0,0,0,0,0,0,0,0,1,0,0,0,0
2026-10-05,"PR #35463: GridCore - Fix eslint and add types to leaf helpers (m_aggregate_calculator, m_utils, m_accessibility, m_export)",Remove storybook,0,0,0,0,0,0,0,0,0,0,0,2,0,0,"-0,000005787037037",0
2026-10-05,"PR #35463: GridCore - Fix eslint and add types to leaf helpers (m_aggregate_calculator, m_utils, m_accessibility, m_export)",Build & Deploy,0,0,0,0,0,0,0,0,0,0,0,2,0,0,"-0,000005787037037",0
2026-10-05,QUnit tests,Check if all tests should run,9,0,0,0,0,"0,00002314814815","0,00004115226337","0,00005787037037",76,0,11,0,5,"0,00002314814815","0,001352836313","0,01047453704"
2026-10-05,QUnit tests,Build,9,0,0,0,0,"0,001724537037","0,002436985597","0,003784722222",84,3,0,0,5,"0,0008912037037","0,002624255002","0,007650462963"
2026-10-05,QUnit tests,ui.grid-shadow-dom,9,0,0,0,0,"0,002743055556","0,004115226337","0,004803240741",69,3,2,0,5,"0,001481481481","0,004430837087","0,01111111111"
2026-10-05,QUnit tests,ui.editors-shadow-dom,9,0,0,0,0,"0,002986111111","0,003632973251","0,004386574074",72,0,2,0,5,"0,001469907407","0,003692286036","0,007824074074"
2026-10-05,QUnit tests,ui-shadow-dom,9,0,0,0,0,"0,002060185185","0,003231738683","0,004837962963",70,2,2,0,5,"0,001400462963","0,003238863864","0,008344907407"
2026-10-05,QUnit tests,ui.scheduler-shadow-dom,8,1,0,0,0,"0,003298611111","0,004047067901","0,006666666667",71,1,2,0,5,"0,00150462963","0,003739364364","0,008333333333"
2026-10-05,QUnit tests,Constel ui.editors,9,0,0,0,0,"0,002002314815","0,003132716049","0,003518518519",80,2,2,0,5,"0,001458333333","0,003458856922","0,008333333333"
2026-10-05,QUnit tests,Constel ui.widgets-no-csp,9,0,0,0,0,"0,002627314815","0,004148662551","0,007638888889",81,1,2,0,5,"0,001516203704","0,004060019841","0,008506944444"
2026-10-05,QUnit tests,Constel misc,9,0,0,0,0,"0,002141203704","0,002694187243","0,003425925926",79,3,2,0,5,"0,001574074074","0,002961309524","0,008333333333"
2026-10-05,QUnit tests,ui.widgets-shadow-dom,9,0,0,0,0,"0,003449074074","0,004237397119","0,006203703704",70,2,2,0,5,"0,001481481481","0,004266141141","0,01041666667"
2026-10-05,QUnit tests,Constel ui.scheduler-US/Pacific,9,0,0,0,0,"0,00275462963","0,003296039095","0,003530092593",82,0,2,0,5,"0,001574074074","0,003461474868","0,005381944444"
2026-10-05,QUnit tests,Constel ui.scheduler,9,0,0,0,0,"0,003287037037","0,003485082305","0,003854166667",81,1,2,0,5,"0,001574074074","0,003524167769","0,008344907407"
2026-10-05,QUnit tests,Constel ui.grid,8,1,0,0,0,"0,003888888889","0,004864969136","0,007696759259",80,2,2,0,5,"0,001493055556","0,004456707451","0,01010416667"
2026-10-05,QUnit tests,Constel ui,9,0,0,0,0,"0,002476851852","0,002799639918","0,002997685185",82,0,2,0,5,"0,001423611111","0,002994378307","0,00630787037"
2026-10-05,QUnit tests,Constel misc-no-csp,9,0,0,0,0,"0,00212962963","0,002663323045","0,002916666667",82,0,2,0,5,"0,001516203704","0,00285741843","0,006365740741"
2026-10-05,QUnit tests,Send notifications,0,0,0,9,0,0,"-0,000002572016461",0,0,0,2,85,5,"-0,00001157407407","-0,00000412409536",0
2026-10-05,QUnit tests,${{ matrix.constel }}-shadow-dom,0,0,0,0,0,0,0,0,0,0,0,13,0,0,"-0,000004451566952",0
2026-10-05,QUnit tests,"Constel ${{ matrix.CONSTEL }}${{ (((matrix.TIMEZONE != '') && format('-{0}', matrix.TIMEZONE)) || '') }}${{ (((matrix.CSP == 'false') && '-no-csp') || '') }}",0,0,0,0,0,0,0,0,0,0,0,3,0,0,0,0
2026-10-05,QUnit tests,Constel export,1,0,0,0,0,"0,001736111111","0,001736111111","0,001736111111",0,0,0,0,0,0,0,0
2026-10-05,Auto approve renovate bot PR,auto-approve,0,0,0,0,0,0,0,0,64,0,12,0,3,"0,00002314814815","0,00168128655","0,01046296296"
2026-10-05,Jest tests,jest-tests,8,1,0,0,0,"0,004606481481","0,005513117284","0,006956018519",78,4,2,0,2,"0,00130787037","0,005322558422","0,01246527778"
2026-10-05,Jest tests,Send notifications,0,0,0,9,0,0,"-0,000003858024691",0,0,0,2,82,2,"-0,00001157407407","-0,000005098104056",0
2026-10-05,Repository Check,Collect flaky reports,0,0,0,0,0,0,0,0,11,0,0,0,0,"0,0009143518519","0,001198442761","0,001979166667"
2026-10-05,Repository Check,Invoke / Repository Check,8,0,1,0,0,"0,0005324074074","0,001880144033","0,01045138889",11,0,0,0,0,"0,0005902777778","0,0008249158249","0,001689814815"
2026-10-05,Styles tests,Tests,9,0,0,0,0,"0,0009259259259","0,001261574074","0,001921296296",81,1,1,0,1,"0,0008912037037","0,001745593485","0,007800925926"
2026-10-05,Styles tests,Send notifications,0,0,0,9,0,0,"-0,000002572016461",0,0,0,1,82,1,0,"-0,000005717313699",0
2026-10-05,TestCafe tests,Check if tests should run,8,0,1,0,0,"0,0000462962963","0,001462191358","0,01045138889",77,0,12,0,7,"0,0001157407407","0,001602424053","0,01047453704"
2026-10-05,TestCafe tests,Determine TestCafe matrix,7,0,0,1,0,"0,00002314814815","0,00003038194444","0,0000462962963",73,0,4,12,7,"0,00002314814815","0,0004299313358","0,01045138889"
2026-10-05,TestCafe tests,Build DevExtreme,8,0,0,1,0,"0,002997685185","0,003661265432","0,006909722222",74,2,1,12,7,"0,001203703704","0,003037089055","0,008368055556"
2026-10-05,TestCafe tests,accessibility - fluent,8,0,0,0,0,"0,002881944444","0,003159722222","0,003819444444",69,0,1,0,7,"0,0007291666667","0,003169973545","0,004606481481"
2026-10-05,TestCafe tests,material,8,0,0,0,0,"0,001851851852","0,001954571759","0,002141203704",69,0,1,0,7,"0,0008912037037","0,001909887566","0,003263888889"
2026-10-05,TestCafe tests,dataGrid (4/4) - fluent,8,0,0,0,0,"0,003923611111","0,004228877315","0,004618055556",68,1,1,0,7,"0,0004976851852","0,004147156085","0,01041666667"
2026-10-05,TestCafe tests,scheduler / common (3/3) - fluent,8,0,0,0,0,"0,0034375","0,003677662037","0,003923611111",69,0,1,0,7,"0,0007407407407","0,003614583333","0,006840277778"
2026-10-05,TestCafe tests,dataGrid (1/4) - fluent,8,0,0,0,0,"0,003738425926","0,004050925926","0,004444444444",69,0,1,0,7,"0,0007291666667","0,004089451058","0,006782407407"
2026-10-05,TestCafe tests,cardView - fluent,7,1,0,0,0,"0,0004861111111","0,002310474537","0,003078703704",69,0,1,0,7,"0,000150462963","0,002551421958","0,004641203704"
2026-10-05,TestCafe tests,dataGrid (3/4) - fluent,8,0,0,0,0,"0,003715277778","0,003927951389","0,004328703704",68,1,1,0,7,"0,0003935185185","0,003864914021","0,005300925926"
2026-10-05,TestCafe tests,dataGrid (2/4) - fluent,8,0,0,0,0,"0,003761574074","0,003943865741","0,004710648148",69,0,1,0,7,"0,0004976851852","0,003915509259","0,006701388889"
2026-10-05,TestCafe tests,scheduler / common (2/3) - fluent,8,0,0,0,0,"0,003321759259","0,003577835648","0,003877314815",68,0,2,0,7,"0,0008912037037","0,004193948413","0,03148148148"
2026-10-05,TestCafe tests,material - compact,8,0,0,0,0,"0,001585648148","0,001676793981","0,002060185185",69,0,1,0,7,"0,0007291666667","0,001622850529","0,002997685185"
2026-10-05,TestCafe tests,navigation - fluent,8,0,0,0,0,"0,003263888889","0,0034375","0,003842592593",68,1,1,0,7,"0,0007523148148","0,003591765873","0,008344907407"
2026-10-05,TestCafe tests,scheduler / viewOffset (2/2) - fluent,8,0,0,0,0,"0,003877314815","0,004000289352","0,004328703704",68,1,1,0,7,"0,0006597222222","0,00423396164","0,008333333333"
2026-10-05,TestCafe tests,editors - fluent,8,0,0,0,0,"0,003206018519","0,003595196759","0,004282407407",68,0,2,0,7,"0,0008680555556","0,003826058201","0,03148148148"
2026-10-05,TestCafe tests,scheduler / timezones (Europe/Berlin) - fluent,8,0,0,0,0,"0,001527777778","0,001843171296","0,003043981481",68,1,1,0,7,"0,0007291666667","0,001709986772","0,007638888889"
2026-10-05,TestCafe tests,scheduler / viewOffset (1/2) - fluent,8,0,0,0,0,"0,003680555556","0,004066840278","0,004398148148",69,0,1,0,7,"0,0007291666667","0,004264715608","0,007766203704"
2026-10-05,TestCafe tests,scheduler / timezones (America/Los_Angeles) - fluent,8,0,0,0,0,"0,001493055556","0,001561053241","0,001608796296",69,0,1,0,7,"0,0007407407407","0,001706845238","0,00306712963"
2026-10-05,TestCafe tests,scheduler / common (1/3) - fluent,8,0,0,0,0,"0,00349537037","0,003680555556","0,004201388889",68,1,1,0,7,"0,0001736111111","0,003714285714","0,009733796296"
2026-10-05,TestCafe tests,common - fluent,8,0,0,0,0,"0,002581018519","0,003742766204","0,00412037037",69,0,1,0,7,"0,0008912037037","0,003913690476","0,006053240741"
2026-10-05,TestCafe tests,generic,8,0,0,0,0,"0,002002314815","0,002264178241","0,002361111111",69,0,1,0,7,"0,0007291666667","0,002319775132","0,003935185185"
2026-10-05,TestCafe tests,quarantine,8,0,0,1,0,"0,001689814815","0,002028034979","0,003055555556",71,0,4,14,7,"-0,00001157407407","0,001566921556","0,003356481481"
2026-10-05,TestCafe tests,merge-artifacts,8,0,1,0,0,"0,00003472222222","0,001231995885","0,01045138889",79,0,10,0,7,"0,00003472222222","0,001237515605","0,01046296296"
2026-10-05,TestCafe tests,Send notifications,0,0,0,9,0,0,"-0,000003858024691",0,0,0,4,85,7,"-0,00001157407407","-0,000003771327507",0
2026-10-05,TestCafe tests,${{ matrix.name }}${{ ((!matrix.theme && ' - fluent') || '') }},0,0,0,1,0,0,"-0,00001157407407",0,0,0,2,17,0,0,"-0,000004873294347",0
2026-10-05,TestCafe tests,accessibility - material.light,7,0,0,0,0,"0,002835648148","0,003090277778","0,003831018519",3,0,0,0,1,"0,003159722222","0,003202160494","0,003287037037"
2026-10-05,TestCafe tests,accessibility - material.dark,7,0,0,0,0,"0,002268518519","0,003005952381","0,003715277778",3,0,0,0,1,"0,003101851852","0,003132716049","0,003148148148"
2026-10-05,TestCafe tests,accessibility - fluent.dark,7,0,0,0,0,"0,00287037037","0,003711970899","0,006516203704",3,0,0,0,1,"0,003090277778","0,003097993827","0,003113425926"
2026-10-05,TestCafe tests,accessibility - fluent-next.dark,0,0,0,0,0,0,0,0,3,0,0,0,1,"0,002986111111","0,00299382716","0,002997685185"
2026-10-05,TestCafe tests,accessibility - fluent-next,0,0,0,0,0,0,0,0,3,0,0,0,1,"0,003298611111","0,003819444444","0,004861111111"
2026-10-05,TestCafe tests,navigation - fluent-next,0,0,0,0,0,0,0,0,3,0,0,0,1,"0,003553240741","0,00356095679","0,003564814815"
2026-10-05,TestCafe tests,scheduler / common (2/3) - fluent-next,0,0,0,0,0,0,0,0,3,0,0,0,1,"0,003530092593","0,003530092593","0,003530092593"
2026-10-05,TestCafe tests,cardView - fluent-next,0,0,0,0,0,0,0,0,3,0,0,0,1,"0,002627314815","0,002997685185","0,003738425926"
2026-10-05,TestCafe tests,scheduler / common (1/3) - fluent-next,0,0,0,0,0,0,0,0,2,1,0,0,1,"0,003611111111","0,004340277778","0,005659722222"
2026-10-05,TestCafe tests,dataGrid (3/4) - fluent-next,0,0,0,0,0,0,0,0,3,0,0,0,1,"0,003634259259","0,003649691358","0,003680555556"
2026-10-05,TestCafe tests,editors - fluent-next,0,0,0,0,0,0,0,0,3,0,0,0,1,"0,004085648148","0,004085648148","0,004085648148"
2026-10-05,TestCafe tests,dataGrid (4/4) - fluent-next,0,0,0,0,0,0,0,0,3,0,0,0,1,"0,003773148148","0,004706790123","0,006574074074"
2026-10-05,TestCafe tests,scheduler / timezones (Europe/Berlin) - fluent-next,0,0,0,0,0,0,0,0,3,0,0,0,1,"0,001655092593","0,001670524691","0,001678240741"
2026-10-05,TestCafe tests,dataGrid (1/4) - fluent-next,0,0,0,0,0,0,0,0,3,0,0,0,1,"0,003912037037","0,004043209877","0,004305555556"
2026-10-05,TestCafe tests,scheduler / viewOffset (2/2) - fluent-next,0,0,0,0,0,0,0,0,3,0,0,0,1,"0,003634259259","0,00368441358","0,003784722222"
2026-10-05,TestCafe tests,scheduler / viewOffset (1/2) - fluent-next,0,0,0,0,0,0,0,0,3,0,0,0,1,"0,003657407407","0,003742283951","0,003784722222"
2026-10-05,TestCafe tests,common - fluent-next,0,0,0,0,0,0,0,0,2,1,0,0,1,"0,004548611111","0,00543595679","0,007210648148"
2026-10-05,TestCafe tests,scheduler / timezones (America/Los_Angeles) - fluent-next,0,0,0,0,0,0,0,0,3,0,0,0,1,"0,001597222222","0,001670524691","0,00181712963"
2026-10-05,TestCafe tests,dataGrid (2/4) - fluent-next,0,0,0,0,0,0,0,0,3,0,0,0,1,"0,003715277778","0,003800154321","0,003842592593"
2026-10-05,TestCafe tests,scheduler / common (3/3) - fluent-next,0,0,0,0,0,0,0,0,3,0,0,0,1,"0,003460648148","0,003506944444","0,003530092593"
2026-10-05,Themebuilder and Styles tests,test,9,0,0,0,0,"0,001574074074","0,002291666667","0,00306712963",81,1,1,0,1,"0,0009259259259","0,00271516622","0,007638888889"
2026-10-05,Themebuilder and Styles tests,Send notifications,0,0,0,9,0,0,"-0,000003858024691",0,0,0,1,82,1,"-0,00001157407407","-0,000004880633646",0
2026-10-05,TS Declarations,validate-declarations,9,0,0,0,0,"0,001053240741","0,001212705761","0,001689814815",82,0,0,0,0,"0,0009027777778","0,001469201671","0,003101851852"
2026-10-05,TS Declarations,check-ts-bundle,9,0,0,0,0,"0,0009837962963","0,001287294239","0,002060185185",82,0,0,0,0,"0,0008101851852","0,001381408085","0,002048611111"
2026-10-05,TS Declarations,Send notifications,0,0,0,9,0,0,"-0,000003858024691",0,0,0,0,82,0,0,"-0,000004093270099",0
2026-10-05,Demos Visual Tests,Determine jQuery test matrix,7,0,1,0,0,"0,00002314814815","0,001335358796","0,01045138889",24,0,0,8,3,"0,00002314814815","0,00002459490741","0,0000462962963"
2026-10-05,Demos Visual Tests,CSP check (jQuery),8,0,0,0,0,"0,007997685185","0,008168402778","0,008275462963",68,0,7,16,9,0,"0,006538588726","0,0103125"
2026-10-05,Demos Visual Tests,Check generated demos,7,1,0,0,0,"0,004409722222","0,006775173611","0,01068287037",47,0,5,39,9,0,"0,002832977208","0,01736111111"
2026-10-05,Demos Visual Tests,"matrix.SHARD_TOTAL == 1 && format('CSP check ({0})', matrix.FRAMEWORK) || format('CSP check ({0} {1}/{2})', matrix.FRAMEWORK, matrix.SHARD_INDEX, matrix.SHARD_TOTAL)",0,0,0,0,0,0,0,0,0,0,2,39,3,0,"-0,000003669828365",0
2026-10-05,Demos Visual Tests,"Build vendor bundles (React, Vue)",8,0,0,0,0,"0,001018518519","0,001236979167","0,001921296296",50,0,2,39,9,0,"0,0006188949939","0,001909722222"
2026-10-05,Demos Visual Tests,Check TS and lint code base,8,0,0,0,0,"0,002731481481","0,003566261574","0,004085648148",45,0,7,39,9,0,"0,002421270859","0,01045138889"
2026-10-05,Demos Visual Tests,"matrix.SHARD_TOTAL == 1 && format('Build demos ({0})', matrix.FRAMEWORK) || format('Build demos ({0} {1}/{2})', matrix.FRAMEWORK, matrix.SHARD_INDEX, matrix.SHARD_TOTAL)",0,0,0,0,0,0,0,0,0,0,2,39,3,0,"-0,000002540650407",0
2026-10-05,Demos Visual Tests,CSP Violations Summary,7,0,1,0,0,"0,0002430555556","0,001563946759","0,01045138889",68,0,14,9,9,"-0,00001157407407","0,0009592490842","0,01046296296"
2026-10-05,Demos Visual Tests,CSP check (Angular 3/3),8,0,0,0,0,"0,004305555556","0,004992766204","0,00537037037",48,1,1,0,6,"0,003668981481","0,005289814815","0,009722222222"
2026-10-05,Demos Visual Tests,CSP check (Vue 2/2),7,1,0,0,0,"0,005428240741","0,006205150463","0,009027777778",49,0,1,0,6,"0,00369212963","0,005506944444","0,007384259259"
2026-10-05,Demos Visual Tests,CSP check (React 1/2),8,0,0,0,0,"0,005081018519","0,005503472222","0,00619212963",48,1,1,0,6,"0,003657407407","0,005662037037","0,009733796296"
2026-10-05,Demos Visual Tests,CSP check (React 2/2),8,0,0,0,0,"0,005486111111","0,005679976852","0,006284722222",49,0,1,0,6,"0,003657407407","0,005523842593","0,007141203704"
2026-10-05,Demos Visual Tests,CSP check (Vue 1/2),8,0,0,0,0,"0,005","0,005622106481","0,007326388889",47,2,1,0,6,"0,003668981481","0,00581087963","0,01042824074"
2026-10-05,Demos Visual Tests,CSP check (Angular 2/3),8,0,0,0,0,"0,005162037037","0,005329861111","0,005462962963",49,0,1,0,6,"0,003668981481","0,005182407407","0,006458333333"
2026-10-05,Demos Visual Tests,CSP check (Angular 1/3),8,0,0,0,0,"0,004849537037","0,005276331019","0,006388888889",49,0,1,0,6,"0,003645833333","0,005021064815","0,005625"
2026-10-05,Demos Visual Tests,jquery-accessibility-fluent.blue.dark,7,0,0,0,0,"0,002858796296","0,003389550265","0,006030092593",49,1,0,0,6,"0,002199074074","0,003167361111","0,009722222222"
2026-10-05,Demos Visual Tests,jquery-accessibility-material.blue.dark,7,0,0,0,0,"0,002997685185","0,003240740741","0,00400462963",48,1,1,0,6,"0,003043981481","0,003495833333","0,009722222222"
2026-10-05,Demos Visual Tests,Build demos (Angular 1/3),8,0,0,0,0,"0,001180555556","0,001245659722","0,001342592593",50,0,0,0,6,"0,001134259259","0,001308796296","0,002118055556"
2026-10-05,Demos Visual Tests,Build demos (Angular 2/3),8,0,0,0,0,"0,001111111111","0,001186342593","0,001354166667",50,0,0,0,6,"0,001087962963","0,001283564815","0,002280092593"
2026-10-05,Demos Visual Tests,Build demos (Vue),8,0,0,0,0,"0,001006944444","0,001154513889","0,001412037037",50,0,0,0,6,"0,001006944444","0,001166203704","0,002118055556"
2026-10-05,Demos Visual Tests,Build demos (Angular 3/3),8,0,0,0,0,"0,001180555556","0,001273148148","0,0015625",50,0,0,0,6,"0,001064814815","0,001220138889","0,001435185185"
2026-10-05,Demos Visual Tests,Build demos (React),8,0,0,0,0,"0,001087962963","0,001160300926","0,001296296296",50,0,0,0,6,"0,001006944444","0,001123148148","0,001365740741"
2026-10-05,Demos Visual Tests,${{ matrix.CONSTEL }}-${{ matrix.STRATEGY }}-${{ matrix.THEME }},0,0,0,1,0,0,0,0,0,0,2,16,1,0,"-0,000004501028807",0
2026-10-05,Demos Visual Tests,jquery(3/3)-screenshots-fluent-next.blue.light,0,0,0,0,0,0,0,0,2,0,0,0,0,"0,003541666667","0,004091435185","0,004641203704"
2026-10-05,Demos Visual Tests,jquery(1/3)-screenshots-fluent-next.blue.light,0,0,0,0,0,0,0,0,1,1,0,0,0,"0,004155092593","0,004230324074","0,004305555556"
2026-10-05,Demos Visual Tests,jquery-accessibility-fluent-next.blue.dark,0,0,0,0,0,0,0,0,2,0,0,0,0,"0,002685185185","0,00318287037","0,003680555556"
2026-10-05,Demos Visual Tests,jquery(2/3)-screenshots-fluent-next.blue.light,0,0,0,0,0,0,0,0,2,0,0,0,0,"0,004768518519","0,004924768519","0,005081018519"
2026-10-05,Demos Visual Tests,jquery-accessibility-fluent-next.blue.light,0,0,0,0,0,0,0,0,2,0,0,0,0,"0,002175925926","0,002540509259","0,002905092593"
2026-10-05,Demos Visual Tests,react(2/3)-screenshots-fluent-next.blue.light,0,0,0,0,0,0,0,0,2,0,0,0,0,"0,004837962963","0,004855324074","0,004872685185"
2026-10-05,Demos Visual Tests,vue(3/5)-screenshots-fluent-next.blue.light,0,0,0,0,0,0,0,0,2,0,0,0,0,"0,003888888889","0,00390625","0,003923611111"
2026-10-05,Demos Visual Tests,vue(2/5)-screenshots-fluent-next.blue.light,0,0,0,0,0,0,0,0,2,0,0,0,0,"0,004016203704","0,00421875","0,004421296296"
2026-10-05,Demos Visual Tests,vue(1/5)-screenshots-fluent-next.blue.light,0,0,0,0,0,0,0,0,1,1,0,0,0,"0,003344907407","0,003408564815","0,003472222222"
2026-10-05,Demos Visual Tests,react(3/3)-screenshots-fluent-next.blue.light,0,0,0,0,0,0,0,0,2,0,0,0,0,"0,004560185185","0,004623842593","0,0046875"
2026-10-05,Demos Visual Tests,angular(1/10)-screenshots-fluent-next.blue.light,0,0,0,0,0,0,0,0,2,0,0,0,0,"0,002766203704","0,0028125","0,002858796296"
2026-10-05,Demos Visual Tests,vue(5/5)-screenshots-fluent-next.blue.light,0,0,0,0,0,0,0,0,2,0,0,0,0,"0,00375","0,003877314815","0,00400462963"
2026-10-05,Demos Visual Tests,react(1/3)-screenshots-fluent-next.blue.light,0,0,0,0,0,0,0,0,1,1,0,0,0,"0,004351851852","0,004542824074","0,004733796296"
2026-10-05,Demos Visual Tests,angular(2/10)-screenshots-fluent-next.blue.light,0,0,0,0,0,0,0,0,2,0,0,0,0,"0,002800925926","0,0028125","0,002824074074"
2026-10-05,Demos Visual Tests,angular(4/10)-screenshots-fluent-next.blue.light,0,0,0,0,0,0,0,0,2,0,0,0,0,"0,003113425926","0,00318287037","0,003252314815"
2026-10-05,Demos Visual Tests,angular(6/10)-screenshots-fluent-next.blue.light,0,0,0,0,0,0,0,0,2,0,0,0,0,"0,002766203704","0,002818287037","0,00287037037"
2026-10-05,Demos Visual Tests,vue(4/5)-screenshots-fluent-next.blue.light,0,0,0,0,0,0,0,0,2,0,0,0,0,"0,004039351852","0,004045138889","0,004050925926"
2026-10-05,Demos Visual Tests,angular(7/10)-screenshots-fluent-next.blue.light,0,0,0,0,0,0,0,0,2,0,0,0,0,"0,003356481481","0,003420138889","0,003483796296"
2026-10-05,Demos Visual Tests,angular(5/10)-screenshots-fluent-next.blue.light,0,0,0,0,0,0,0,0,2,0,0,0,0,"0,003136574074","0,003153935185","0,003171296296"
2026-10-05,Demos Visual Tests,angular(3/10)-screenshots-fluent-next.blue.light,0,0,0,0,0,0,0,0,2,0,0,0,0,"0,00337962963","0,004195601852","0,005011574074"
2026-10-05,Demos Visual Tests,angular(10/10)-screenshots-fluent-next.blue.light,0,0,0,0,0,0,0,0,1,1,0,0,0,"0,002997685185","0,00302662037","0,003055555556"
2026-10-05,Demos Visual Tests,angular(8/10)-screenshots-fluent-next.blue.light,0,0,0,0,0,0,0,0,2,0,0,0,0,"0,003391203704","0,003460648148","0,003530092593"
2026-10-05,Demos Visual Tests,angular(9/10)-screenshots-fluent-next.blue.light,0,0,0,0,0,0,0,0,2,0,0,0,0,"0,003425925926","0,004565972222","0,005706018519"
2026-10-05,Wrappers Tests,build,9,0,0,0,0,"0,002939814815","0,003431069959","0,004664351852",81,3,0,0,2,"0,001168981481","0,003767912257","0,008425925926"
2026-10-05,Wrappers Tests,check-regenerate,9,0,0,0,0,"0,001215277778","0,001505915638","0,002106481481",83,0,1,0,2,"0,001030092593","0,00186852403","0,01042824074"
2026-10-05,Wrappers Tests,test (react),8,0,1,0,0,"0,000787037037","0,003378343621","0,005613425926",78,1,2,0,2,"0,0002662037037","0,003662122771","0,007847222222"
2026-10-05,Wrappers Tests,test (vue),8,0,1,0,0,"0,0008680555556","0,00379372428","0,007083333333",78,1,2,0,2,"0,0002777777778","0,00363354481","0,008344907407"
2026-10-05,Wrappers Tests,test (angular),8,0,1,0,0,"0,000775462963","0,00591563786","0,01274305556",77,2,2,0,2,"0,0002662037037","0,005994655921","0,01248842593"
2026-10-05,Wrappers Tests,test,0,0,0,0,0,0,0,0,0,0,0,3,0,0,0,0
2026-10-05,Wrappers E2E Tests,Build DevExtreme and Wrappers,9,0,0,0,0,"0,005034722222","0,006277006173","0,009456018519",76,6,2,0,2,"0,00181712963","0,006110697751","0,0159837963"
2026-10-05,Wrappers E2E Tests,Test angular,9,0,0,0,0,"0,001157407407","0,00137345679","0,001539351852",76,0,0,0,2,"0,001053240741","0,001274975634","0,002326388889"
2026-10-05,Wrappers E2E Tests,Test vue3,9,0,0,0,0,"0,001226851852","0,001367026749","0,001585648148",76,0,0,0,2,"0,001030092593","0,001269493177","0,002407407407"
2026-10-05,Wrappers E2E Tests,Test react19,9,0,0,0,0,"0,001203703704","0,00151877572","0,002453703704",76,0,0,0,2,"0,001099537037","0,001322947125","0,002604166667"
2026-10-05,Wrappers E2E Tests,Test ${{ matrix.framework }},0,0,0,0,0,0,0,0,0,0,2,6,0,0,"-0,000001446759259",0
2026-10-04,Send dependabot new vulnerability alerts,Fetch analysis,0,0,0,0,0,0,0,0,1,0,0,0,0,"0,00003472222222","0,00003472222222","0,00003472222222"
2026-10-04,Send dependabot new vulnerability alerts,Send notifications,0,0,0,0,0,0,0,0,1,0,0,0,0,"0,0001041666667","0,0001041666667","0,0001041666667"
2026-10-04,Build and pack DevExtreme npm packages,build,0,0,0,0,0,0,0,0,1,0,0,0,0,"0,008217592593","0,008217592593","0,008217592593"
2026-10-04,Build and pack DevExtreme npm packages,custom_bundles,0,0,0,0,0,0,0,0,1,0,0,0,0,"0,0008333333333","0,0008333333333","0,0008333333333"
2026-10-04,CodeQL,Analyze JavaScript,4,0,0,0,0,"0,007569444444","0,01014178241","0,01251157407",1,0,0,0,0,"0,02359953704","0,02359953704","0,02359953704"
2026-10-04,CodeQL,Analyze C#,1,0,0,0,0,"0,001365740741","0,001365740741","0,001365740741",0,0,0,0,0,0,0,0
2026-10-04,CodeQL,Fetch analysis,4,0,0,0,0,"0,00002314814815","0,00002893518519","0,00003472222222",1,0,0,0,0,"0,00002314814815","0,00002314814815","0,00002314814815"
2026-10-04,CodeQL,Send notifications,2,2,0,0,0,"0,00002314814815","0,00004050925926","0,00005787037037",1,0,0,0,0,"0,00006944444444","0,00006944444444","0,00006944444444"
2026-10-04,CodeQL (scheduler),Run CodeQL workflow (25_2),0,0,0,0,0,0,0,0,1,0,0,0,0,"0,00005787037037","0,00005787037037","0,00005787037037"
2026-10-04,CodeQL (scheduler),Run CodeQL workflow (24_2),0,0,0,0,0,0,0,0,1,0,0,0,0,"0,00006944444444","0,00006944444444","0,00006944444444"
2026-10-04,CodeQL (scheduler),Run CodeQL workflow (25_1),0,0,0,0,0,0,0,0,1,0,0,0,0,"0,00006944444444","0,00006944444444","0,00006944444444"
2026-10-04,CodeQL (scheduler),Run CodeQL workflow (main),0,0,0,0,0,0,0,0,1,0,0,0,0,"0,00008101851852","0,00008101851852","0,00008101851852"
2026-10-04,CodeQL (scheduler),Run CodeQL workflow (26_1),0,0,0,0,0,0,0,0,1,0,0,0,0,"0,00008101851852","0,00008101851852","0,00008101851852"
2026-10-04,Default Workflow,main,0,0,0,0,0,0,0,0,1,0,0,0,0,"0,005","0,005","0,005"
2026-10-04,Demos unit tests,Check if tests should run,0,0,0,0,0,0,0,0,1,0,0,0,0,"0,00002314814815","0,00002314814815","0,00002314814815"
2026-10-04,Demos unit tests,Run unit tests,0,0,0,0,0,0,0,0,1,0,0,0,0,"0,001157407407","0,001157407407","0,001157407407"
2026-10-04,Label PR by changed files,label,0,0,0,0,0,0,0,0,1,0,0,0,0,"0,00006944444444","0,00006944444444","0,00006944444444"
2026-10-04,Lint,texts,0,0,0,0,0,0,0,0,1,0,0,0,0,"0,001666666667","0,001666666667","0,001666666667"
2026-10-04,Lint,component_exports,0,0,0,0,0,0,0,0,1,0,0,0,0,"0,0007638888889","0,0007638888889","0,0007638888889"
2026-10-04,Lint,wrappers,0,0,0,0,0,0,0,0,1,0,0,0,0,"0,001678240741","0,001678240741","0,001678240741"
2026-10-04,Lint,JS,0,0,0,0,0,0,0,0,1,0,0,0,0,"0,005092592593","0,005092592593","0,005092592593"
2026-10-04,Lint,TS,0,0,0,0,0,0,0,0,1,0,0,0,0,"0,005520833333","0,005520833333","0,005520833333"
2026-10-04,Lint,Send notifications,0,0,0,0,0,0,0,0,0,0,0,1,0,0,0,0
2026-10-04,Publishing to GitHub Packages,Build packages,4,0,0,0,0,"0,01258101852","0,01326388889","0,01366898148",1,0,0,0,0,"0,009340277778","0,009340277778","0,009340277778"
2026-10-04,Publishing to GitHub Packages,Publish package (devextreme-dist-internal-24.2.17-build-26277-1910),1,0,0,0,0,"0,001134259259","0,001134259259","0,001134259259",0,0,0,0,0,0,0,0
2026-10-04,Publishing to GitHub Packages,Publish package (devextreme-angular-24.2.17-build-26277-1910),1,0,0,0,0,"0,001111111111","0,001111111111","0,001111111111",0,0,0,0,0,0,0,0
2026-10-04,Publishing to GitHub Packages,Publish package (devextreme-artifacts-24.2.17-build-26277-1910),1,0,0,0,0,"0,001006944444","0,001006944444","0,001006944444",0,0,0,0,0,0,0,0
2026-10-04,Publishing to GitHub Packages,Publish package (devextreme-dist-24.2.17-build-26277-1910),1,0,0,0,0,"0,001030092593","0,001030092593","0,001030092593",0,0,0,0,0,0,0,0
2026-10-04,Publishing to GitHub Packages,Publish package (devextreme-internal-24.2.17-build-26277-1910),1,0,0,0,0,"0,001006944444","0,001006944444","0,001006944444",0,0,0,0,0,0,0,0
2026-10-04,Publishing to GitHub Packages,Publish package (devextreme-react-24.2.17-build-26277-1910),1,0,0,0,0,"0,0009027777778","0,0009027777778","0,0009027777778",0,0,0,0,0,0,0,0
2026-10-04,Publishing to GitHub Packages,Publish package (devextreme-vue-24.2.17-build-26277-1910),1,0,0,0,0,"0,001006944444","0,001006944444","0,001006944444",0,0,0,0,0,0,0,0
2026-10-04,Publishing to GitHub Packages,Publish package (devextreme-themebuilder-24.2.17-build-26277-1910),1,0,0,0,0,"0,0008912037037","0,0008912037037","0,0008912037037",0,0,0,0,0,0,0,0
2026-10-04,Publishing to GitHub Packages,Publish package (devextreme-24.2.17-build-26277-1910),1,0,0,0,0,"0,0009490740741","0,0009490740741","0,0009490740741",0,0,0,0,0,0,0,0
2026-10-04,Publishing to GitHub Packages,Publish package (devextreme-monorepo-tools-24.2.17-build-26277-1910),1,0,0,0,0,"0,0008796296296","0,0008796296296","0,0008796296296",0,0,0,0,0,0,0,0
2026-10-04,Publishing to GitHub Packages,Send notifications,0,0,0,4,0,0,"-0,000008680555556",0,0,0,0,1,0,0,0,0
2026-10-04,Publishing to GitHub Packages,Publish package (devextreme-25.2.11-build-26277-1908),1,0,0,0,0,"0,0008564814815","0,0008564814815","0,0008564814815",0,0,0,0,0,0,0,0
2026-10-04,Publishing to GitHub Packages,Publish package (devextreme-dist-internal-25.2.11-build-26277-1908),1,0,0,0,0,"0,0008449074074","0,0008449074074","0,0008449074074",0,0,0,0,0,0,0,0
2026-10-04,Publishing to GitHub Packages,Publish package (devextreme-monorepo-tools-25.2.11-build-26277-1908),1,0,0,0,0,"0,0006828703704","0,0006828703704","0,0006828703704",0,0,0,0,0,0,0,0
2026-10-04,Publishing to GitHub Packages,Publish package (devextreme-dist-25.2.11-build-26277-1908),1,0,0,0,0,"0,0008449074074","0,0008449074074","0,0008449074074",0,0,0,0,0,0,0,0
2026-10-04,Publishing to GitHub Packages,Publish package (devextreme-artifacts-25.2.11-build-26277-1908),1,0,0,0,0,"0,0008101851852","0,0008101851852","0,0008101851852",0,0,0,0,0,0,0,0
2026-10-04,Publishing to GitHub Packages,Publish package (devextreme-internal-25.2.11-build-26277-1908),1,0,0,0,0,"0,0009375","0,0009375","0,0009375",0,0,0,0,0,0,0,0
2026-10-04,Publishing to GitHub Packages,Publish package (devextreme-themebuilder-25.2.11-build-26277-1908),1,0,0,0,0,"0,0008101851852","0,0008101851852","0,0008101851852",0,0,0,0,0,0,0,0
2026-10-04,Publishing to GitHub Packages,Publish package (devextreme-vue-25.2.11-build-26277-1908),1,0,0,0,0,"0,0008333333333","0,0008333333333","0,0008333333333",0,0,0,0,0,0,0,0
2026-10-04,Publishing to GitHub Packages,Publish package (devextreme-react-25.2.11-build-26277-1908),1,0,0,0,0,"0,001226851852","0,001226851852","0,001226851852",0,0,0,0,0,0,0,0
2026-10-04,Publishing to GitHub Packages,Publish package (devextreme-angular-25.2.11-build-26277-1908),1,0,0,0,0,"0,0007523148148","0,0007523148148","0,0007523148148",0,0,0,0,0,0,0,0
2026-10-04,Publishing to GitHub Packages,Publish package (devextreme-themebuilder-25.1.15-build-26277-1910),1,0,0,0,0,"0,0006481481481","0,0006481481481","0,0006481481481",0,0,0,0,0,0,0,0
2026-10-04,Publishing to GitHub Packages,Publish package (devextreme-dist-25.1.15-build-26277-1910),1,0,0,0,0,"0,0008449074074","0,0008449074074","0,0008449074074",0,0,0,0,0,0,0,0
2026-10-04,Publishing to GitHub Packages,Publish package (devextreme-internal-25.1.15-build-26277-1910),1,0,0,0,0,"0,001087962963","0,001087962963","0,001087962963",0,0,0,0,0,0,0,0
2026-10-04,Publishing to GitHub Packages,Publish package (devextreme-dist-internal-25.1.15-build-26277-1910),1,0,0,0,0,"0,0007986111111","0,0007986111111","0,0007986111111",0,0,0,0,0,0,0,0
2026-10-04,Publishing to GitHub Packages,Publish package (devextreme-angular-25.1.15-build-26277-1910),1,0,0,0,0,"0,0007638888889","0,0007638888889","0,0007638888889",0,0,0,0,0,0,0,0
2026-10-04,Publishing to GitHub Packages,Publish package (devextreme-25.1.15-build-26277-1910),1,0,0,0,0,"0,0008912037037","0,0008912037037","0,0008912037037",0,0,0,0,0,0,0,0
2026-10-04,Publishing to GitHub Packages,Publish package (devextreme-monorepo-tools-25.1.15-build-26277-1910),1,0,0,0,0,"0,0006134259259","0,0006134259259","0,0006134259259",0,0,0,0,0,0,0,0
2026-10-04,Publishing to GitHub Packages,Publish package (devextreme-artifacts-25.1.15-build-26277-1910),1,0,0,0,0,"0,0007291666667","0,0007291666667","0,0007291666667",0,0,0,0,0,0,0,0
2026-10-04,Publishing to GitHub Packages,Publish package (devextreme-react-25.1.15-build-26277-1910),1,0,0,0,0,"0,0006134259259","0,0006134259259","0,0006134259259",0,0,0,0,0,0,0,0
2026-10-04,Publishing to GitHub Packages,Publish package (devextreme-vue-25.1.15-build-26277-1910),1,0,0,0,0,"0,0007986111111","0,0007986111111","0,0007986111111",0,0,0,0,0,0,0,0
2026-10-04,Publishing to GitHub Packages,Publish package (devextreme-dist-internal-26.1.6-build-26277-1908),1,0,0,0,0,"0,002789351852","0,002789351852","0,002789351852",0,0,0,0,0,0,0,0
2026-10-04,Publishing to GitHub Packages,Publish package (devextreme-dist-26.1.6-build-26277-1908),1,0,0,0,0,"0,002384259259","0,002384259259","0,002384259259",0,0,0,0,0,0,0,0
2026-10-04,Publishing to GitHub Packages,Publish package (devextreme-artifacts-26.1.6-build-26277-1908),1,0,0,0,0,"0,002210648148","0,002210648148","0,002210648148",0,0,0,0,0,0,0,0
2026-10-04,Publishing to GitHub Packages,Publish package (devextreme-internal-26.1.6-build-26277-1908),1,0,0,0,0,"0,002222222222","0,002222222222","0,002222222222",0,0,0,0,0,0,0,0
2026-10-04,Publishing to GitHub Packages,Publish package (devextreme-26.1.6-build-26277-1908),1,0,0,0,0,"0,002997685185","0,002997685185","0,002997685185",0,0,0,0,0,0,0,0
2026-10-04,Publishing to GitHub Packages,Publish package (devextreme-vue-26.1.6-build-26277-1908),1,0,0,0,0,"0,002384259259","0,002384259259","0,002384259259",0,0,0,0,0,0,0,0
2026-10-04,Publishing to GitHub Packages,Publish package (devextreme-react-26.1.6-build-26277-1908),1,0,0,0,0,"0,001990740741","0,001990740741","0,001990740741",0,0,0,0,0,0,0,0
2026-10-04,Publishing to GitHub Packages,Publish package (devextreme-monorepo-tools-26.1.6-build-26277-1908),1,0,0,0,0,"0,001851851852","0,001851851852","0,001851851852",0,0,0,0,0,0,0,0
2026-10-04,Publishing to GitHub Packages,Publish package (devextreme-themebuilder-26.1.6-build-26277-1908),1,0,0,0,0,"0,001782407407","0,001782407407","0,001782407407",0,0,0,0,0,0,0,0
2026-10-04,Publishing to GitHub Packages,Publish package (devextreme-angular-26.1.6-build-26277-1908),1,0,0,0,0,"0,002314814815","0,002314814815","0,002314814815",0,0,0,0,0,0,0,0
2026-10-04,Publishing to GitHub Packages,Publish package (devextreme-26.2.1-alpha-26277-1908),0,0,0,0,0,0,0,0,1,0,0,0,0,"0,00224537037","0,00224537037","0,00224537037"
2026-10-04,Publishing to GitHub Packages,Publish package (devextreme-react-26.2.1-alpha-26277-1908),0,0,0,0,0,0,0,0,1,0,0,0,0,"0,002824074074","0,002824074074","0,002824074074"
2026-10-04,Publishing to GitHub Packages,Publish package (devextreme-artifacts-26.2.1-alpha-26277-1908),0,0,0,0,0,0,0,0,1,0,0,0,0,"0,001990740741","0,001990740741","0,001990740741"
2026-10-04,Publishing to GitHub Packages,Publish package (devextreme-dist-internal-26.2.1-alpha-26277-1908),0,0,0,0,0,0,0,0,1,0,0,0,0,"0,003333333333","0,003333333333","0,003333333333"
2026-10-04,Publishing to GitHub Packages,Publish package (devextreme-dist-26.2.1-alpha-26277-1908),0,0,0,0,0,0,0,0,1,0,0,0,0,"0,002106481481","0,002106481481","0,002106481481"
2026-10-04,Publishing to GitHub Packages,Publish package (devextreme-internal-26.2.1-alpha-26277-1908),0,0,0,0,0,0,0,0,1,0,0,0,0,"0,004675925926","0,004675925926","0,004675925926"
2026-10-04,Publishing to GitHub Packages,Publish package (devextreme-themebuilder-26.2.1-alpha-26277-1908),0,0,0,0,0,0,0,0,1,0,0,0,0,"0,002708333333","0,002708333333","0,002708333333"
2026-10-04,Publishing to GitHub Packages,Publish package (devextreme-angular-26.2.1-alpha-26277-1908),0,0,0,0,0,0,0,0,1,0,0,0,0,"0,002280092593","0,002280092593","0,002280092593"
2026-10-04,Publishing to GitHub Packages,Publish package (devextreme-vue-26.2.1-alpha-26277-1908),0,0,0,0,0,0,0,0,1,0,0,0,0,"0,002974537037","0,002974537037","0,002974537037"
2026-10-04,Publishing to GitHub Packages,Publish package (devextreme-monorepo-tools-26.2.1-alpha-26277-1908),0,0,0,0,0,0,0,0,1,0,0,0,0,"0,004675925926","0,004675925926","0,004675925926"
2026-10-04,Publishing to GitHub Packages (scheduler),Run Packages Publishing workflow (24_2),0,0,0,0,0,0,0,0,1,0,0,0,0,"0,00008101851852","0,00008101851852","0,00008101851852"
2026-10-04,Publishing to GitHub Packages (scheduler),Run Packages Publishing workflow (main),0,0,0,0,0,0,0,0,1,0,0,0,0,"0,00006944444444","0,00006944444444","0,00006944444444"
2026-10-04,Publishing to GitHub Packages (scheduler),Run Packages Publishing workflow (25_2),0,0,0,0,0,0,0,0,1,0,0,0,0,"0,00009259259259","0,00009259259259","0,00009259259259"
2026-10-04,Publishing to GitHub Packages (scheduler),Run Packages Publishing workflow (26_1),0,0,0,0,0,0,0,0,1,0,0,0,0,"0,00006944444444","0,00006944444444","0,00006944444444"
2026-10-04,Publishing to GitHub Packages (scheduler),Run Packages Publishing workflow (25_1),0,0,0,0,0,0,0,0,1,0,0,0,0,"0,00005787037037","0,00005787037037","0,00005787037037"
2026-10-04,Playgrounds tests,build,0,0,0,0,0,0,0,0,1,0,0,0,0,"0,004247685185","0,004247685185","0,004247685185"
2026-10-04,Playgrounds tests,angular,0,0,0,0,0,0,0,0,1,0,0,0,0,"0,002546296296","0,002546296296","0,002546296296"
2026-10-04,Playgrounds tests,react,0,0,0,0,0,0,0,0,1,0,0,0,0,"0,001770833333","0,001770833333","0,001770833333"
2026-10-04,Playgrounds tests,vue,0,0,0,0,0,0,0,0,1,0,0,0,0,"0,001666666667","0,001666666667","0,001666666667"
2026-10-04,Playwright tests,Check if tests should run,0,0,0,0,0,0,0,0,1,0,0,0,0,"0,0002083333333","0,0002083333333","0,0002083333333"
2026-10-04,Playwright tests,Build DevExtreme,0,0,0,0,0,0,0,0,1,0,0,0,0,"0,004282407407","0,004282407407","0,004282407407"
2026-10-04,Playwright tests,Determine Playwright matrix,0,0,0,0,0,0,0,0,1,0,0,0,0,"0,00002314814815","0,00002314814815","0,00002314814815"
2026-10-04,Playwright tests,material - compact,0,0,0,0,0,0,0,0,1,0,0,0,0,"0,001030092593","0,001030092593","0,001030092593"
2026-10-04,Playwright tests,material,0,0,0,0,0,0,0,0,1,0,0,0,0,"0,001145833333","0,001145833333","0,001145833333"
2026-10-04,Playwright tests,generic,0,0,0,0,0,0,0,0,1,0,0,0,0,"0,001134259259","0,001134259259","0,001134259259"
2026-10-04,Playwright tests,scheduler / viewOffset (1/2) - fluent,0,0,0,0,0,0,0,0,1,0,0,0,0,"0,001064814815","0,001064814815","0,001064814815"
2026-10-04,Playwright tests,scheduler / common (1/3) - fluent,0,0,0,0,0,0,0,0,1,0,0,0,0,"0,001076388889","0,001076388889","0,001076388889"
2026-10-04,Playwright tests,scheduler / timezones (America/Los_Angeles) - fluent,0,0,0,0,0,0,0,0,1,0,0,0,0,"0,001064814815","0,001064814815","0,001064814815"
2026-10-04,Playwright tests,scheduler / common (3/3) - fluent,0,0,0,0,0,0,0,0,1,0,0,0,0,"0,001053240741","0,001053240741","0,001053240741"
2026-10-04,Playwright tests,scheduler / common (2/3) - fluent,0,0,0,0,0,0,0,0,1,0,0,0,0,"0,001041666667","0,001041666667","0,001041666667"
2026-10-04,Playwright tests,common - fluent,0,0,0,0,0,0,0,0,1,0,0,0,0,"0,001111111111","0,001111111111","0,001111111111"
2026-10-04,Playwright tests,cardView - fluent,0,0,0,0,0,0,0,0,1,0,0,0,0,"0,001064814815","0,001064814815","0,001064814815"
2026-10-04,Playwright tests,dataGrid (2/4) - fluent,0,0,0,0,0,0,0,0,1,0,0,0,0,"0,001018518519","0,001018518519","0,001018518519"
2026-10-04,Playwright tests,dataGrid (1/4) - fluent,0,0,0,0,0,0,0,0,1,0,0,0,0,"0,001111111111","0,001111111111","0,001111111111"
2026-10-04,Playwright tests,editors - fluent,0,0,0,0,0,0,0,0,1,0,0,0,0,"0,001041666667","0,001041666667","0,001041666667"
2026-10-04,Playwright tests,dataGrid (4/4) - fluent,0,0,0,0,0,0,0,0,1,0,0,0,0,"0,001053240741","0,001053240741","0,001053240741"
2026-10-04,Playwright tests,scheduler / timezones (Europe/Berlin) - fluent,0,0,0,0,0,0,0,0,1,0,0,0,0,"0,001041666667","0,001041666667","0,001041666667"
2026-10-04,Playwright tests,dataGrid (3/4) - fluent,0,0,0,0,0,0,0,0,1,0,0,0,0,"0,001053240741","0,001053240741","0,001053240741"
2026-10-04,Playwright tests,scheduler / viewOffset (2/2) - fluent,0,0,0,0,0,0,0,0,1,0,0,0,0,"0,0009722222222","0,0009722222222","0,0009722222222"
2026-10-04,Playwright tests,accessibility - fluent,0,0,0,0,0,0,0,0,1,0,0,0,0,"0,0009837962963","0,0009837962963","0,0009837962963"
2026-10-04,Playwright tests,navigation - fluent,0,0,0,0,0,0,0,0,1,0,0,0,0,"0,0009606481481","0,0009606481481","0,0009606481481"
2026-10-04,Playwright tests,merge-artifacts,0,0,0,0,0,0,0,0,1,0,0,0,0,"0,0000462962963","0,0000462962963","0,0000462962963"
2026-10-04,"PR #35463: GridCore - Fix eslint and add types to leaf helpers (m_aggregate_calculator, m_utils, m_accessibility, m_export)",Remove storybook,0,0,0,0,0,0,0,0,0,0,0,2,0,0,"-0,00001157407407",0
2026-10-04,"PR #35463: GridCore - Fix eslint and add types to leaf helpers (m_aggregate_calculator, m_utils, m_accessibility, m_export)",Build & Deploy,0,0,0,0,0,0,0,0,0,0,0,2,0,0,"-0,00005208333333",0
2026-10-04,QUnit tests,Check if all tests should run,0,0,0,0,0,0,0,0,1,0,0,0,0,"0,00006944444444","0,00006944444444","0,00006944444444"
2026-10-04,QUnit tests,Build,0,0,0,0,0,0,0,0,1,0,0,0,0,"0,002893518519","0,002893518519","0,002893518519"
2026-10-04,QUnit tests,ui.scheduler-shadow-dom,0,0,0,0,0,0,0,0,1,0,0,0,0,"0,003449074074","0,003449074074","0,003449074074"
2026-10-04,QUnit tests,Constel ui,0,0,0,0,0,0,0,0,1,0,0,0,0,"0,003020833333","0,003020833333","0,003020833333"
2026-10-04,QUnit tests,ui.grid-shadow-dom,0,0,0,0,0,0,0,0,1,0,0,0,0,"0,004976851852","0,004976851852","0,004976851852"
2026-10-04,QUnit tests,Constel misc,0,0,0,0,0,0,0,0,1,0,0,0,0,"0,002916666667","0,002916666667","0,002916666667"
2026-10-04,QUnit tests,ui.widgets-shadow-dom,0,0,0,0,0,0,0,0,1,0,0,0,0,"0,00400462963","0,00400462963","0,00400462963"
2026-10-04,QUnit tests,ui.editors-shadow-dom,0,0,0,0,0,0,0,0,1,0,0,0,0,"0,003449074074","0,003449074074","0,003449074074"
2026-10-04,QUnit tests,ui-shadow-dom,0,0,0,0,0,0,0,0,1,0,0,0,0,"0,002916666667","0,002916666667","0,002916666667"
2026-10-04,QUnit tests,Constel ui.grid,0,0,0,0,0,0,0,0,1,0,0,0,0,"0,004768518519","0,004768518519","0,004768518519"
2026-10-04,QUnit tests,Constel misc-no-csp,0,0,0,0,0,0,0,0,1,0,0,0,0,"0,002638888889","0,002638888889","0,002638888889"
2026-10-04,QUnit tests,Constel ui.scheduler-US/Pacific,0,0,0,0,0,0,0,0,1,0,0,0,0,"0,004074074074","0,004074074074","0,004074074074"
2026-10-04,QUnit tests,Constel ui.editors,0,0,0,0,0,0,0,0,1,0,0,0,0,"0,003125","0,003125","0,003125"
2026-10-04,QUnit tests,Constel ui.scheduler,0,0,0,0,0,0,0,0,1,0,0,0,0,"0,003912037037","0,003912037037","0,003912037037"
2026-10-04,QUnit tests,Constel ui.widgets-no-csp,0,0,0,0,0,0,0,0,1,0,0,0,0,"0,003784722222","0,003784722222","0,003784722222"
2026-10-04,QUnit tests,Send notifications,0,0,0,0,0,0,0,0,0,0,0,1,0,0,"-0,00001157407407",0
2026-10-04,Auto approve renovate bot PR,auto-approve,0,0,0,0,0,0,0,0,1,0,0,0,0,"0,00003472222222","0,00003472222222","0,00003472222222"
2026-10-04,Jest tests,jest-tests,0,0,0,0,0,0,0,0,1,0,0,0,0,"0,005798611111","0,005798611111","0,005798611111"
2026-10-04,Jest tests,Send notifications,0,0,0,0,0,0,0,0,0,0,0,1,0,0,0,0
2026-10-04,Repository Check,Collect flaky reports,0,0,0,0,0,0,0,0,4,0,0,0,0,"0,0009259259259","0,001004050926","0,001134259259"
2026-10-04,Repository Check,Invoke / Repository Check,0,0,0,0,0,0,0,0,4,0,0,0,0,"0,0005555555556","0,0005873842593","0,0006134259259"
2026-10-04,Styles tests,Tests,0,0,0,0,0,0,0,0,1,0,0,0,0,"0,002025462963","0,002025462963","0,002025462963"
2026-10-04,Styles tests,Send notifications,0,0,0,0,0,0,0,0,0,0,0,1,0,0,0,0
2026-10-04,TestCafe tests,Check if tests should run,0,0,0,0,0,0,0,0,1,0,0,0,0,"0,0001967592593","0,0001967592593","0,0001967592593"
2026-10-04,TestCafe tests,Determine TestCafe matrix,0,0,0,0,0,0,0,0,1,0,0,0,0,"0,0000462962963","0,0000462962963","0,0000462962963"
2026-10-04,TestCafe tests,Build DevExtreme,0,0,0,0,0,0,0,0,1,0,0,0,0,"0,003865740741","0,003865740741","0,003865740741"
2026-10-04,TestCafe tests,dataGrid (2/4) - fluent,0,0,0,0,0,0,0,0,1,0,0,0,0,"0,003773148148","0,003773148148","0,003773148148"
2026-10-04,TestCafe tests,material - compact,0,0,0,0,0,0,0,0,1,0,0,0,0,"0,001666666667","0,001666666667","0,001666666667"
2026-10-04,TestCafe tests,scheduler / common (1/3) - fluent,0,0,0,0,0,0,0,0,1,0,0,0,0,"0,003483796296","0,003483796296","0,003483796296"
2026-10-04,TestCafe tests,material,0,0,0,0,0,0,0,0,1,0,0,0,0,"0,001956018519","0,001956018519","0,001956018519"
2026-10-04,TestCafe tests,accessibility - fluent,0,0,0,0,0,0,0,0,1,0,0,0,0,"0,002939814815","0,002939814815","0,002939814815"
2026-10-04,TestCafe tests,common - fluent,0,0,0,0,0,0,0,0,1,0,0,0,0,"0,004074074074","0,004074074074","0,004074074074"
2026-10-04,TestCafe tests,cardView - fluent,0,0,0,0,0,0,0,0,1,0,0,0,0,"0,0025","0,0025","0,0025"
2026-10-04,TestCafe tests,dataGrid (4/4) - fluent,0,0,0,0,0,0,0,0,1,0,0,0,0,"0,004189814815","0,004189814815","0,004189814815"
2026-10-04,TestCafe tests,scheduler / timezones (Europe/Berlin) - fluent,0,0,0,0,0,0,0,0,1,0,0,0,0,"0,001840277778","0,001840277778","0,001840277778"
2026-10-04,TestCafe tests,scheduler / viewOffset (2/2) - fluent,0,0,0,0,0,0,0,0,1,0,0,0,0,"0,003993055556","0,003993055556","0,003993055556"
2026-10-04,TestCafe tests,scheduler / common (2/3) - fluent,0,0,0,0,0,0,0,0,1,0,0,0,0,"0,003726851852","0,003726851852","0,003726851852"
2026-10-04,TestCafe tests,editors - fluent,0,0,0,0,0,0,0,0,1,0,0,0,0,"0,003657407407","0,003657407407","0,003657407407"
2026-10-04,TestCafe tests,dataGrid (3/4) - fluent,0,0,0,0,0,0,0,0,1,0,0,0,0,"0,003842592593","0,003842592593","0,003842592593"
2026-10-04,TestCafe tests,navigation - fluent,0,0,0,0,0,0,0,0,1,0,0,0,0,"0,003506944444","0,003506944444","0,003506944444"
2026-10-04,TestCafe tests,scheduler / viewOffset (1/2) - fluent,0,0,0,0,0,0,0,0,1,0,0,0,0,"0,004016203704","0,004016203704","0,004016203704"
2026-10-04,TestCafe tests,generic,0,0,0,0,0,0,0,0,1,0,0,0,0,"0,002407407407","0,002407407407","0,002407407407"
2026-10-04,TestCafe tests,scheduler / timezones (America/Los_Angeles) - fluent,0,0,0,0,0,0,0,0,1,0,0,0,0,"0,001643518519","0,001643518519","0,001643518519"
2026-10-04,TestCafe tests,scheduler / common (3/3) - fluent,0,0,0,0,0,0,0,0,1,0,0,0,0,"0,003784722222","0,003784722222","0,003784722222"
2026-10-04,TestCafe tests,dataGrid (1/4) - fluent,0,0,0,0,0,0,0,0,1,0,0,0,0,"0,004224537037","0,004224537037","0,004224537037"
2026-10-04,TestCafe tests,quarantine,0,0,0,0,0,0,0,0,1,0,0,0,0,"0,002048611111","0,002048611111","0,002048611111"
2026-10-04,TestCafe tests,merge-artifacts,0,0,0,0,0,0,0,0,1,0,0,0,0,"0,00008101851852","0,00008101851852","0,00008101851852"
2026-10-04,TestCafe tests,Send notifications,0,0,0,0,0,0,0,0,0,0,0,1,0,0,0,0
2026-10-04,Themebuilder and Styles tests,test,0,0,0,0,0,0,0,0,1,0,0,0,0,"0,003020833333","0,003020833333","0,003020833333"
2026-10-04,Themebuilder and Styles tests,Send notifications,0,0,0,0,0,0,0,0,0,0,0,1,0,0,0,0
2026-10-04,TS Declarations,validate-declarations,0,0,0,0,0,0,0,0,1,0,0,0,0,"0,001782407407","0,001782407407","0,001782407407"
2026-10-04,TS Declarations,check-ts-bundle,0,0,0,0,0,0,0,0,1,0,0,0,0,"0,00162037037","0,00162037037","0,00162037037"
2026-10-04,TS Declarations,Send notifications,0,0,0,0,0,0,0,0,0,0,0,1,0,0,"-0,00001157407407",0
2026-10-04,Demos Visual Tests,Check if tests should run,0,0,0,0,0,0,0,0,1,0,0,0,0,"0,0000462962963","0,0000462962963","0,0000462962963"
2026-10-04,Demos Visual Tests,Build DevExtreme,0,0,0,0,0,0,0,0,1,0,0,0,0,"0,006701388889","0,006701388889","0,006701388889"
2026-10-04,Demos Visual Tests,"Build vendor bundles (React, Vue)",0,0,0,0,0,0,0,0,1,0,0,0,0,"0,001064814815","0,001064814815","0,001064814815"
2026-10-04,Demos Visual Tests,CSP check (jQuery),0,0,0,0,0,0,0,0,1,0,0,0,0,"0,008020833333","0,008020833333","0,008020833333"
2026-10-04,Demos Visual Tests,Check TS and lint code base,0,0,0,0,0,0,0,0,1,0,0,0,0,"0,003240740741","0,003240740741","0,003240740741"
2026-10-04,Demos Visual Tests,CSP check (Vue 1/2),0,0,0,0,0,0,0,0,1,0,0,0,0,"0,005405092593","0,005405092593","0,005405092593"
2026-10-04,Demos Visual Tests,CSP check (React 2/2),0,0,0,0,0,0,0,0,1,0,0,0,0,"0,00556712963","0,00556712963","0,00556712963"
2026-10-04,Demos Visual Tests,Check generated demos,0,0,0,0,0,0,0,0,1,0,0,0,0,"0,004409722222","0,004409722222","0,004409722222"
2026-10-04,Demos Visual Tests,CSP check (Angular 1/3),0,0,0,0,0,0,0,0,1,0,0,0,0,"0,005034722222","0,005034722222","0,005034722222"
2026-10-04,Demos Visual Tests,jquery-accessibility-fluent.blue.dark,0,0,0,0,0,0,0,0,1,0,0,0,0,"0,003229166667","0,003229166667","0,003229166667"
2026-10-04,Demos Visual Tests,CSP check (React 1/2),0,0,0,0,0,0,0,0,1,0,0,0,0,"0,005532407407","0,005532407407","0,005532407407"
2026-10-04,Demos Visual Tests,CSP check (Angular 2/3),0,0,0,0,0,0,0,0,1,0,0,0,0,"0,00525462963","0,00525462963","0,00525462963"
2026-10-04,Demos Visual Tests,jquery(3/3)-screenshots-fluent.blue.light,0,0,0,0,0,0,0,0,1,0,0,0,0,"0,003611111111","0,003611111111","0,003611111111"
2026-10-04,Demos Visual Tests,CSP check (Angular 3/3),0,0,0,0,0,0,0,0,1,0,0,0,0,"0,005266203704","0,005266203704","0,005266203704"
2026-10-04,Demos Visual Tests,CSP check (Vue 2/2),0,0,0,0,0,0,0,0,1,0,0,0,0,"0,005381944444","0,005381944444","0,005381944444"
2026-10-04,Demos Visual Tests,jquery(1/3)-screenshots-fluent.blue.light,0,0,0,0,0,0,0,0,1,0,0,0,0,"0,004143518519","0,004143518519","0,004143518519"
2026-10-04,Demos Visual Tests,jquery-accessibility-material.blue.light,0,0,0,0,0,0,0,0,1,0,0,0,0,"0,003854166667","0,003854166667","0,003854166667"
2026-10-04,Demos Visual Tests,jquery-accessibility-material.blue.dark,0,0,0,0,0,0,0,0,1,0,0,0,0,"0,003229166667","0,003229166667","0,003229166667"
2026-10-04,Demos Visual Tests,jquery(2/3)-screenshots-material.blue.light,0,0,0,0,0,0,0,0,1,0,0,0,0,"0,004074074074","0,004074074074","0,004074074074"
2026-10-04,Demos Visual Tests,jquery(1/3)-screenshots-material.blue.light,0,0,0,0,0,0,0,0,1,0,0,0,0,"0,003865740741","0,003865740741","0,003865740741"
2026-10-04,Demos Visual Tests,jquery-accessibility-fluent.blue.light,0,0,0,0,0,0,0,0,1,0,0,0,0,"0,003356481481","0,003356481481","0,003356481481"
2026-10-04,Demos Visual Tests,jquery(2/3)-screenshots-fluent.blue.light,0,0,0,0,0,0,0,0,1,0,0,0,0,"0,003819444444","0,003819444444","0,003819444444"
2026-10-04,Demos Visual Tests,jquery(3/3)-screenshots-material.blue.light,0,0,0,0,0,0,0,0,1,0,0,0,0,"0,003645833333","0,003645833333","0,003645833333"
2026-10-04,Demos Visual Tests,Build demos (React),0,0,0,0,0,0,0,0,1,0,0,0,0,"0,001168981481","0,001168981481","0,001168981481"
2026-10-04,Demos Visual Tests,Build demos (Angular 1/3),0,0,0,0,0,0,0,0,1,0,0,0,0,"0,001168981481","0,001168981481","0,001168981481"
2026-10-04,Demos Visual Tests,Build demos (Angular 3/3),0,0,0,0,0,0,0,0,1,0,0,0,0,"0,001180555556","0,001180555556","0,001180555556"
2026-10-04,Demos Visual Tests,Build demos (Angular 2/3),0,0,0,0,0,0,0,0,1,0,0,0,0,"0,001226851852","0,001226851852","0,001226851852"
2026-10-04,Demos Visual Tests,Build demos (Vue),0,0,0,0,0,0,0,0,1,0,0,0,0,"0,001064814815","0,001064814815","0,001064814815"
2026-10-04,Demos Visual Tests,vue(1/5)-screenshots-fluent.blue.light,0,0,0,0,0,0,0,0,1,0,0,0,0,"0,0034375","0,0034375","0,0034375"
2026-10-04,Demos Visual Tests,react(1/3)-screenshots-fluent.blue.light,0,0,0,0,0,0,0,0,1,0,0,0,0,"0,004050925926","0,004050925926","0,004050925926"
2026-10-04,Demos Visual Tests,react(3/3)-screenshots-fluent.blue.light,0,0,0,0,0,0,0,0,1,0,0,0,0,"0,003773148148","0,003773148148","0,003773148148"
2026-10-04,Demos Visual Tests,vue(4/5)-screenshots-fluent.blue.light,0,0,0,0,0,0,0,0,1,0,0,0,0,"0,003090277778","0,003090277778","0,003090277778"
2026-10-04,Demos Visual Tests,angular(1/10)-screenshots-fluent.blue.light,0,0,0,0,0,0,0,0,1,0,0,0,0,"0,003101851852","0,003101851852","0,003101851852"
2026-10-04,Demos Visual Tests,react(2/3)-screenshots-fluent.blue.light,0,0,0,0,0,0,0,0,1,0,0,0,0,"0,004259259259","0,004259259259","0,004259259259"
2026-10-04,Demos Visual Tests,vue(3/5)-screenshots-fluent.blue.light,0,0,0,0,0,0,0,0,1,0,0,0,0,"0,003252314815","0,003252314815","0,003252314815"
2026-10-04,Demos Visual Tests,angular(2/10)-screenshots-fluent.blue.light,0,0,0,0,0,0,0,0,1,0,0,0,0,"0,002997685185","0,002997685185","0,002997685185"
2026-10-04,Demos Visual Tests,angular(3/10)-screenshots-fluent.blue.light,0,0,0,0,0,0,0,0,1,0,0,0,0,"0,003136574074","0,003136574074","0,003136574074"
2026-10-04,Demos Visual Tests,angular(9/10)-screenshots-fluent.blue.light,0,0,0,0,0,0,0,0,1,0,0,0,0,"0,002789351852","0,002789351852","0,002789351852"
2026-10-04,Demos Visual Tests,vue(2/5)-screenshots-fluent.blue.light,0,0,0,0,0,0,0,0,1,0,0,0,0,"0,003599537037","0,003599537037","0,003599537037"
2026-10-04,Demos Visual Tests,angular(7/10)-screenshots-fluent.blue.light,0,0,0,0,0,0,0,0,1,0,0,0,0,"0,002592592593","0,002592592593","0,002592592593"
2026-10-04,Demos Visual Tests,angular(10/10)-screenshots-fluent.blue.light,0,0,0,0,0,0,0,0,1,0,0,0,0,"0,002638888889","0,002638888889","0,002638888889"
2026-10-04,Demos Visual Tests,angular(4/10)-screenshots-fluent.blue.light,0,0,0,0,0,0,0,0,1,0,0,0,0,"0,002696759259","0,002696759259","0,002696759259"
2026-10-04,Demos Visual Tests,angular(6/10)-screenshots-fluent.blue.light,0,0,0,0,0,0,0,0,1,0,0,0,0,"0,002696759259","0,002696759259","0,002696759259"
2026-10-04,Demos Visual Tests,angular(8/10)-screenshots-fluent.blue.light,0,0,0,0,0,0,0,0,1,0,0,0,0,"0,002685185185","0,002685185185","0,002685185185"
2026-10-04,Demos Visual Tests,angular(5/10)-screenshots-fluent.blue.light,0,0,0,0,0,0,0,0,1,0,0,0,0,"0,002777777778","0,002777777778","0,002777777778"
2026-10-04,Demos Visual Tests,vue(5/5)-screenshots-fluent.blue.light,0,0,0,0,0,0,0,0,1,0,0,0,0,"0,003287037037","0,003287037037","0,003287037037"
2026-10-04,Demos Visual Tests,merge-artifacts,0,0,0,0,0,0,0,0,0,0,0,1,0,0,0,0
2026-10-04,Demos Visual Tests,CSP Violations Summary,0,0,0,0,0,0,0,0,1,0,0,0,0,"0,0003240740741","0,0003240740741","0,0003240740741"
2026-10-04,Wrappers Tests,check-regenerate,0,0,0,0,0,0,0,0,1,0,0,0,0,"0,001967592593","0,001967592593","0,001967592593"
2026-10-04,Wrappers Tests,build,0,0,0,0,0,0,0,0,1,0,0,0,0,"0,004305555556","0,004305555556","0,004305555556"
2026-10-04,Wrappers Tests,test (angular),0,0,0,0,0,0,0,0,1,0,0,0,0,"0,006226851852","0,006226851852","0,006226851852"
2026-10-04,Wrappers Tests,test (vue),0,0,0,0,0,0,0,0,1,0,0,0,0,"0,003460648148","0,003460648148","0,003460648148"
2026-10-04,Wrappers Tests,test (react),0,0,0,0,0,0,0,0,1,0,0,0,0,"0,003356481481","0,003356481481","0,003356481481"
2026-10-04,Wrappers E2E Tests,Build DevExtreme and Wrappers,0,0,0,0,0,0,0,0,1,0,0,0,0,"0,006666666667","0,006666666667","0,006666666667"
2026-10-04,Wrappers E2E Tests,Test angular,0,0,0,0,0,0,0,0,1,0,0,0,0,"0,001157407407","0,001157407407","0,001157407407"
2026-10-04,Wrappers E2E Tests,Test react19,0,0,0,0,0,0,0,0,1,0,0,0,0,"0,001273148148","0,001273148148","0,001273148148"
2026-10-04,Wrappers E2E Tests,Test vue3,0,0,0,0,0,0,0,0,1,0,0,0,0,"0,001157407407","0,001157407407","0,001157407407"
2026-10-03,Send dependabot new vulnerability alerts,Fetch analysis,0,0,0,0,0,0,0,0,1,0,0,0,0,"0,00002314814815","0,00002314814815","0,00002314814815"
2026-10-03,Send dependabot new vulnerability alerts,Send notifications,0,0,0,0,0,0,0,0,1,0,0,0,0,"0,0001273148148","0,0001273148148","0,0001273148148"
2026-10-03,CodeQL,Analyze JavaScript,4,0,0,0,0,"0,008055555556","0,01031828704","0,0125462963",1,0,0,0,0,"0,02498842593","0,02498842593","0,02498842593"
2026-10-03,CodeQL,Analyze C#,1,0,0,0,0,"0,001099537037","0,001099537037","0,001099537037",0,0,0,0,0,0,0,0
2026-10-03,CodeQL,Fetch analysis,4,0,0,0,0,"0,00002314814815","0,00002604166667","0,00003472222222",1,0,0,0,0,"0,00003472222222","0,00003472222222","0,00003472222222"
2026-10-03,CodeQL,Send notifications,2,2,0,0,0,"0,00002314814815","0,00004050925926","0,00005787037037",1,0,0,0,0,"0,00003472222222","0,00003472222222","0,00003472222222"
2026-10-03,CodeQL (scheduler),Run CodeQL workflow (main),0,0,0,0,0,0,0,0,1,0,0,0,0,"0,00008101851852","0,00008101851852","0,00008101851852"
2026-10-03,CodeQL (scheduler),Run CodeQL workflow (25_1),0,0,0,0,0,0,0,0,1,0,0,0,0,"0,00008101851852","0,00008101851852","0,00008101851852"
2026-10-03,CodeQL (scheduler),Run CodeQL workflow (25_2),0,0,0,0,0,0,0,0,1,0,0,0,0,"0,00006944444444","0,00006944444444","0,00006944444444"
2026-10-03,CodeQL (scheduler),Run CodeQL workflow (24_2),0,0,0,0,0,0,0,0,1,0,0,0,0,"0,00008101851852","0,00008101851852","0,00008101851852"
2026-10-03,CodeQL (scheduler),Run CodeQL workflow (26_1),0,0,0,0,0,0,0,0,1,0,0,0,0,"0,00009259259259","0,00009259259259","0,00009259259259"
2026-10-03,Publishing to GitHub Packages,Build packages,4,0,0,0,0,"0,008900462963","0,01479456019","0,01858796296",1,0,0,0,0,"0,01380787037","0,01380787037","0,01380787037"
2026-10-03,Publishing to GitHub Packages,Publish package (devextreme-dist-internal-24.2.17-build-26276-1853),1,0,0,0,0,"0,0008101851852","0,0008101851852","0,0008101851852",0,0,0,0,0,0,0,0
2026-10-03,Publishing to GitHub Packages,Publish package (devextreme-angular-24.2.17-build-26276-1853),1,0,0,0,0,"0,001099537037","0,001099537037","0,001099537037",0,0,0,0,0,0,0,0
2026-10-03,Publishing to GitHub Packages,Publish package (devextreme-24.2.17-build-26276-1853),1,0,0,0,0,"0,001111111111","0,001111111111","0,001111111111",0,0,0,0,0,0,0,0
2026-10-03,Publishing to GitHub Packages,Publish package (devextreme-dist-24.2.17-build-26276-1853),1,0,0,0,0,"0,000775462963","0,000775462963","0,000775462963",0,0,0,0,0,0,0,0
2026-10-03,Publishing to GitHub Packages,Publish package (devextreme-react-24.2.17-build-26276-1853),1,0,0,0,0,"0,0008912037037","0,0008912037037","0,0008912037037",0,0,0,0,0,0,0,0
2026-10-03,Publishing to GitHub Packages,Publish package (devextreme-artifacts-24.2.17-build-26276-1853),1,0,0,0,0,"0,001122685185","0,001122685185","0,001122685185",0,0,0,0,0,0,0,0
2026-10-03,Publishing to GitHub Packages,Publish package (devextreme-internal-24.2.17-build-26276-1853),1,0,0,0,0,"0,001157407407","0,001157407407","0,001157407407",0,0,0,0,0,0,0,0
2026-10-03,Publishing to GitHub Packages,Publish package (devextreme-themebuilder-24.2.17-build-26276-1853),1,0,0,0,0,"0,0009490740741","0,0009490740741","0,0009490740741",0,0,0,0,0,0,0,0
2026-10-03,Publishing to GitHub Packages,Publish package (devextreme-monorepo-tools-24.2.17-build-26276-1853),1,0,0,0,0,"0,001087962963","0,001087962963","0,001087962963",0,0,0,0,0,0,0,0
2026-10-03,Publishing to GitHub Packages,Publish package (devextreme-vue-24.2.17-build-26276-1853),1,0,0,0,0,"0,0008796296296","0,0008796296296","0,0008796296296",0,0,0,0,0,0,0,0
2026-10-03,Publishing to GitHub Packages,Send notifications,0,0,0,4,0,0,"-0,000005787037037",0,0,0,0,1,0,0,0,0
2026-10-03,Publishing to GitHub Packages,Publish package (devextreme-25.2.11-build-26276-1850),1,0,0,0,0,"0,0009953703704","0,0009953703704","0,0009953703704",0,0,0,0,0,0,0,0
2026-10-03,Publishing to GitHub Packages,Publish package (devextreme-monorepo-tools-25.2.11-build-26276-1850),1,0,0,0,0,"0,0007986111111","0,0007986111111","0,0007986111111",0,0,0,0,0,0,0,0
2026-10-03,Publishing to GitHub Packages,Publish package (devextreme-dist-25.2.11-build-26276-1850),1,0,0,0,0,"0,0008217592593","0,0008217592593","0,0008217592593",0,0,0,0,0,0,0,0
2026-10-03,Publishing to GitHub Packages,Publish package (devextreme-internal-25.2.11-build-26276-1850),1,0,0,0,0,"0,0009143518519","0,0009143518519","0,0009143518519",0,0,0,0,0,0,0,0
2026-10-03,Publishing to GitHub Packages,Publish package (devextreme-artifacts-25.2.11-build-26276-1850),1,0,0,0,0,"0,0009027777778","0,0009027777778","0,0009027777778",0,0,0,0,0,0,0,0
2026-10-03,Publishing to GitHub Packages,Publish package (devextreme-angular-25.2.11-build-26276-1850),1,0,0,0,0,"0,0008564814815","0,0008564814815","0,0008564814815",0,0,0,0,0,0,0,0
2026-10-03,Publishing to GitHub Packages,Publish package (devextreme-dist-internal-25.2.11-build-26276-1850),1,0,0,0,0,"0,000787037037","0,000787037037","0,000787037037",0,0,0,0,0,0,0,0
2026-10-03,Publishing to GitHub Packages,Publish package (devextreme-vue-25.2.11-build-26276-1850),1,0,0,0,0,"0,0008564814815","0,0008564814815","0,0008564814815",0,0,0,0,0,0,0,0
2026-10-03,Publishing to GitHub Packages,Publish package (devextreme-react-25.2.11-build-26276-1850),1,0,0,0,0,"0,0007638888889","0,0007638888889","0,0007638888889",0,0,0,0,0,0,0,0
2026-10-03,Publishing to GitHub Packages,Publish package (devextreme-themebuilder-25.2.11-build-26276-1850),1,0,0,0,0,"0,000787037037","0,000787037037","0,000787037037",0,0,0,0,0,0,0,0
2026-10-03,Publishing to GitHub Packages,Publish package (devextreme-angular-26.2.1-alpha-26276-1850),0,0,0,0,0,0,0,0,1,0,0,0,0,"0,004074074074","0,004074074074","0,004074074074"
2026-10-03,Publishing to GitHub Packages,Publish package (devextreme-react-26.2.1-alpha-26276-1850),0,0,0,0,0,0,0,0,1,0,0,0,0,"0,007199074074","0,007199074074","0,007199074074"
2026-10-03,Publishing to GitHub Packages,Publish package (devextreme-internal-26.2.1-alpha-26276-1850),0,0,0,0,0,0,0,0,1,0,0,0,0,"0,002013888889","0,002013888889","0,002013888889"
2026-10-03,Publishing to GitHub Packages,Publish package (devextreme-vue-26.2.1-alpha-26276-1850),0,0,0,0,0,0,0,0,1,0,0,0,0,"0,001967592593","0,001967592593","0,001967592593"
2026-10-03,Publishing to GitHub Packages,Publish package (devextreme-26.2.1-alpha-26276-1850),0,0,0,0,0,0,0,0,1,0,0,0,0,"0,002395833333","0,002395833333","0,002395833333"
2026-10-03,Publishing to GitHub Packages,Publish package (devextreme-dist-26.2.1-alpha-26276-1850),0,0,0,0,0,0,0,0,1,0,0,0,0,"0,002233796296","0,002233796296","0,002233796296"
2026-10-03,Publishing to GitHub Packages,Publish package (devextreme-dist-internal-26.2.1-alpha-26276-1850),0,0,0,0,0,0,0,0,1,0,0,0,0,"0,001863425926","0,001863425926","0,001863425926"
2026-10-03,Publishing to GitHub Packages,Publish package (devextreme-artifacts-26.2.1-alpha-26276-1850),0,0,0,0,0,0,0,0,1,0,0,0,0,"0,002037037037","0,002037037037","0,002037037037"
2026-10-03,Publishing to GitHub Packages,Publish package (devextreme-themebuilder-26.2.1-alpha-26276-1850),0,0,0,0,0,0,0,0,1,0,0,0,0,"0,002303240741","0,002303240741","0,002303240741"
2026-10-03,Publishing to GitHub Packages,Publish package (devextreme-monorepo-tools-26.2.1-alpha-26276-1850),0,0,0,0,0,0,0,0,1,0,0,0,0,"0,00193287037","0,00193287037","0,00193287037"
2026-10-03,Publishing to GitHub Packages,Publish package (devextreme-themebuilder-25.1.15-build-26276-1852),1,0,0,0,0,"0,0007291666667","0,0007291666667","0,0007291666667",0,0,0,0,0,0,0,0
2026-10-03,Publishing to GitHub Packages,Publish package (devextreme-angular-25.1.15-build-26276-1852),1,0,0,0,0,"0,0008912037037","0,0008912037037","0,0008912037037",0,0,0,0,0,0,0,0
2026-10-03,Publishing to GitHub Packages,Publish package (devextreme-dist-internal-25.1.15-build-26276-1852),1,0,0,0,0,"0,0007060185185","0,0007060185185","0,0007060185185",0,0,0,0,0,0,0,0
2026-10-03,Publishing to GitHub Packages,Publish package (devextreme-vue-25.1.15-build-26276-1852),1,0,0,0,0,"0,0006597222222","0,0006597222222","0,0006597222222",0,0,0,0,0,0,0,0
2026-10-03,Publishing to GitHub Packages,Publish package (devextreme-monorepo-tools-25.1.15-build-26276-1852),1,0,0,0,0,"0,0007175925926","0,0007175925926","0,0007175925926",0,0,0,0,0,0,0,0
2026-10-03,Publishing to GitHub Packages,Publish package (devextreme-25.1.15-build-26276-1852),1,0,0,0,0,"0,001018518519","0,001018518519","0,001018518519",0,0,0,0,0,0,0,0
2026-10-03,Publishing to GitHub Packages,Publish package (devextreme-internal-25.1.15-build-26276-1852),1,0,0,0,0,"0,0009722222222","0,0009722222222","0,0009722222222",0,0,0,0,0,0,0,0
2026-10-03,Publishing to GitHub Packages,Publish package (devextreme-react-25.1.15-build-26276-1852),1,0,0,0,0,"0,0007060185185","0,0007060185185","0,0007060185185",0,0,0,0,0,0,0,0
2026-10-03,Publishing to GitHub Packages,Publish package (devextreme-artifacts-25.1.15-build-26276-1852),1,0,0,0,0,"0,0007060185185","0,0007060185185","0,0007060185185",0,0,0,0,0,0,0,0
2026-10-03,Publishing to GitHub Packages,Publish package (devextreme-dist-25.1.15-build-26276-1852),1,0,0,0,0,"0,0007523148148","0,0007523148148","0,0007523148148",0,0,0,0,0,0,0,0
2026-10-03,Publishing to GitHub Packages,Publish package (devextreme-artifacts-26.1.6-build-26276-1850),1,0,0,0,0,"0,002118055556","0,002118055556","0,002118055556",0,0,0,0,0,0,0,0
2026-10-03,Publishing to GitHub Packages,Publish package (devextreme-dist-internal-26.1.6-build-26276-1850),1,0,0,0,0,"0,001851851852","0,001851851852","0,001851851852",0,0,0,0,0,0,0,0
2026-10-03,Publishing to GitHub Packages,Publish package (devextreme-dist-26.1.6-build-26276-1850),1,0,0,0,0,"0,002002314815","0,002002314815","0,002002314815",0,0,0,0,0,0,0,0
2026-10-03,Publishing to GitHub Packages,Publish package (devextreme-monorepo-tools-26.1.6-build-26276-1850),1,0,0,0,0,"0,002222222222","0,002222222222","0,002222222222",0,0,0,0,0,0,0,0
2026-10-03,Publishing to GitHub Packages,Publish package (devextreme-internal-26.1.6-build-26276-1850),1,0,0,0,0,"0,002199074074","0,002199074074","0,002199074074",0,0,0,0,0,0,0,0
2026-10-03,Publishing to GitHub Packages,Publish package (devextreme-26.1.6-build-26276-1850),1,0,0,0,0,"0,002037037037","0,002037037037","0,002037037037",0,0,0,0,0,0,0,0
2026-10-03,Publishing to GitHub Packages,Publish package (devextreme-vue-26.1.6-build-26276-1850),1,0,0,0,0,"0,003761574074","0,003761574074","0,003761574074",0,0,0,0,0,0,0,0
2026-10-03,Publishing to GitHub Packages,Publish package (devextreme-themebuilder-26.1.6-build-26276-1850),1,0,0,0,0,"0,001736111111","0,001736111111","0,001736111111",0,0,0,0,0,0,0,0
2026-10-03,Publishing to GitHub Packages,Publish package (devextreme-react-26.1.6-build-26276-1850),1,0,0,0,0,"0,0034375","0,0034375","0,0034375",0,0,0,0,0,0,0,0
2026-10-03,Publishing to GitHub Packages,Publish package (devextreme-angular-26.1.6-build-26276-1850),1,0,0,0,0,"0,003159722222","0,003159722222","0,003159722222",0,0,0,0,0,0,0,0
2026-10-03,Publishing to GitHub Packages (scheduler),Run Packages Publishing workflow (24_2),0,0,0,0,0,0,0,0,1,0,0,0,0,"0,00006944444444","0,00006944444444","0,00006944444444"
2026-10-03,Publishing to GitHub Packages (scheduler),Run Packages Publishing workflow (main),0,0,0,0,0,0,0,0,1,0,0,0,0,"0,00009259259259","0,00009259259259","0,00009259259259"
2026-10-03,Publishing to GitHub Packages (scheduler),Run Packages Publishing workflow (25_1),0,0,0,0,0,0,0,0,1,0,0,0,0,"0,00005787037037","0,00005787037037","0,00005787037037"
2026-10-03,Publishing to GitHub Packages (scheduler),Run Packages Publishing workflow (26_1),0,0,0,0,0,0,0,0,1,0,0,0,0,"0,00006944444444","0,00006944444444","0,00006944444444"
2026-10-03,Publishing to GitHub Packages (scheduler),Run Packages Publishing workflow (25_2),0,0,0,0,0,0,0,0,1,0,0,0,0,"0,00008101851852","0,00008101851852","0,00008101851852"
2026-10-03,Repository Check,Collect flaky reports,0,0,0,0,0,0,0,0,4,0,0,0,0,"0,0008912037037","0,001044560185","0,001400462963"
2026-10-03,Repository Check,Invoke / Repository Check,0,0,0,0,0,0,0,0,4,0,0,0,0,"0,0005787037037","0,0007320601852","0,001111111111"
2026-10-02,Send dependabot new vulnerability alerts,Fetch analysis,0,0,0,0,0,0,0,0,1,0,0,0,0,"0,00005787037037","0,00005787037037","0,00005787037037"
2026-10-02,Send dependabot new vulnerability alerts,Send notifications,0,0,0,0,0,0,0,0,0,1,0,0,0,"0,0001273148148","0,0001273148148","0,0001273148148"
2026-10-02,Build and pack DevExtreme npm packages,build,3,0,0,0,0,"0,003310185185","0,007584876543","0,01226851852",43,1,1,0,0,"0,0005902777778","0,006898148148","0,01243055556"
2026-10-02,Build and pack DevExtreme npm packages,custom_bundles,3,0,0,0,0,"0,0008796296296","0,0009259259259","0,0009837962963",43,0,1,1,0,"-0,00001157407407","0,0008942901235","0,001261574074"
2026-10-02,CodeQL,Analyze JavaScript,4,0,0,0,0,"0,009780092593","0,01071759259","0,01215277778",1,0,0,0,0,"0,0241087963","0,0241087963","0,0241087963"
2026-10-02,CodeQL,Analyze C#,1,0,0,0,0,"0,001215277778","0,001215277778","0,001215277778",0,0,0,0,0,0,0,0
2026-10-02,CodeQL,Fetch analysis,4,0,0,0,0,"0,00002314814815","0,0000318287037","0,00003472222222",1,0,0,0,0,"0,0000462962963","0,0000462962963","0,0000462962963"
2026-10-02,CodeQL,Send notifications,2,2,0,0,0,"0,00002314814815","0,00004050925926","0,00006944444444",1,0,0,0,0,"0,00005787037037","0,00005787037037","0,00005787037037"
2026-10-02,CodeQL (scheduler),Run CodeQL workflow (25_2),0,0,0,0,0,0,0,0,1,0,0,0,0,"0,00005787037037","0,00005787037037","0,00005787037037"
2026-10-02,CodeQL (scheduler),Run CodeQL workflow (25_1),0,0,0,0,0,0,0,0,1,0,0,0,0,"0,00008101851852","0,00008101851852","0,00008101851852"
2026-10-02,CodeQL (scheduler),Run CodeQL workflow (24_2),0,0,0,0,0,0,0,0,1,0,0,0,0,"0,00008101851852","0,00008101851852","0,00008101851852"
2026-10-02,CodeQL (scheduler),Run CodeQL workflow (26_1),0,0,0,0,0,0,0,0,1,0,0,0,0,"0,00005787037037","0,00005787037037","0,00005787037037"
2026-10-02,CodeQL (scheduler),Run CodeQL workflow (main),0,0,0,0,0,0,0,0,1,0,0,0,0,"0,00005787037037","0,00005787037037","0,00005787037037"
2026-10-02,Default Workflow,main,3,0,0,0,0,"0,001759259259","0,004367283951","0,005798611111",42,1,2,0,0,"0,0005902777778","0,00418287037","0,00837962963"
2026-10-02,Demos unit tests,Check if tests should run,3,0,0,0,0,"0,00002314814815","0,00003086419753","0,00003472222222",45,0,0,0,0,"0,00002314814815","0,0000362654321","0,00006944444444"
2026-10-02,Demos unit tests,Run unit tests,3,0,0,0,0,"0,001041666667","0,001084104938","0,001145833333",44,1,0,0,0,"0,0005902777778","0,001139917695","0,001666666667"
2026-10-02,Demos Visual Tests,Check if tests should run,3,0,0,0,0,"0,00002314814815","0,00003472222222","0,0000462962963",51,0,0,0,6,"0,00002314814815","0,00004901960784","0,0001157407407"
2026-10-02,Demos Visual Tests,Get changed demos,0,0,0,3,0,0,"-0,000003858024691",0,10,0,0,0,0,"0,0001388888889","0,0001840277778","0,0002662037037"
2026-10-02,Demos Visual Tests,Determine scope for framework tests,3,0,0,0,0,"0,00002314814815","0,0000462962963","0,00006944444444",10,0,0,0,0,"0,00003472222222","0,00003935185185","0,00005787037037"
2026-10-02,Demos Visual Tests,Build DevExtreme,3,0,0,0,0,"0,00287037037","0,004764660494","0,005717592593",48,1,2,0,6,"0,0005092592593","0,005138208061","0,00744212963"
2026-10-02,Demos Visual Tests,jquery(2/3)-screenshots-material.blue.light,3,0,0,0,0,"0,003888888889","0,003942901235","0,004016203704",46,2,0,0,6,"0,003449074074","0,004144241898","0,005393518519"
2026-10-02,Demos Visual Tests,jquery(2/3)-screenshots-fluent.blue.light,3,0,0,0,0,"0,003831018519","0,003846450617","0,003865740741",48,0,0,0,6,"0,003483796296","0,003868634259","0,005474537037"
2026-10-02,Demos Visual Tests,jquery-accessibility-material.blue.light,3,0,0,0,0,"0,002974537037","0,003148148148","0,003368055556",48,0,0,0,6,"0,002210648148","0,003207706404","0,004375"
2026-10-02,Demos Visual Tests,jquery(3/3)-screenshots-fluent.blue.light,3,0,0,0,0,"0,003460648148","0,003526234568","0,003587962963",47,1,0,0,6,"0,003391203704","0,003772665895","0,007638888889"
2026-10-02,Demos Visual Tests,jquery-accessibility-fluent.blue.light,3,0,0,0,0,"0,002881944444","0,003028549383","0,003240740741",47,1,0,0,6,"0,002048611111","0,00311101466","0,007638888889"
2026-10-02,Demos Visual Tests,jquery(1/3)-screenshots-material.blue.light,3,0,0,0,0,"0,003981481481","0,004016203704","0,004039351852",47,1,0,0,6,"0,003344907407","0,004215133102","0,007638888889"
2026-10-02,Demos Visual Tests,jquery(1/3)-screenshots-fluent.blue.light,3,0,0,0,0,"0,003668981481","0,003719135802","0,003773148148",47,1,0,0,6,"0,003298611111","0,004040557485","0,007638888889"
2026-10-02,Demos Visual Tests,jquery(3/3)-screenshots-material.blue.light,3,0,0,0,0,"0,003541666667","0,003557098765","0,003564814815",47,1,0,0,6,"0,003194444444","0,003714313272","0,004583333333"
2026-10-02,Demos Visual Tests,Check generated demos (${{ matrix.CONSTEL }}),0,0,0,0,0,0,0,0,0,0,1,1,0,0,"-0,000005787037037",0
2026-10-02,Demos Visual Tests,Lint code base,0,0,0,0,0,0,0,0,0,0,1,1,0,0,"-0,000005787037037",0
2026-10-02,Demos Visual Tests,Build Demos Bundles,0,0,0,0,0,0,0,0,0,0,1,1,0,0,"-0,000005787037037",0
2026-10-02,Demos Visual Tests,Check TS,0,0,0,0,0,0,0,0,0,0,1,1,0,0,"-0,000005787037037",0
2026-10-02,Demos Visual Tests,Check generated demos (changed only),0,0,0,3,0,0,"-0,00001157407407",0,2,3,1,4,0,0,"0,0006018518519","0,00130787037"
2026-10-02,Demos Visual Tests,${{ matrix.CONSTEL }}-screenshots-${{ matrix.THEME }},0,0,0,3,0,0,"-0,000007716049383",0,0,0,3,15,0,0,"-0,000008359053498",0
2026-10-02,Demos Visual Tests,merge-artifacts,0,0,0,3,0,0,"-0,000003858024691",0,5,0,3,43,6,"-0,00001157407407","-0,000110067175","0,0001041666667"
2026-10-02,Demos Visual Tests,${{ matrix.CONSTEL }}-${{ matrix.STRATEGY }}-${{ matrix.THEME }},0,0,0,0,0,0,0,0,0,0,2,1,0,0,0,0
2026-10-02,Label PR by changed files,label,0,0,0,0,0,0,0,0,37,0,0,0,0,"0,00003472222222","0,00007038288288","0,000462962963"
2026-10-02,Lint,JS,3,0,0,0,0,"0,002002314815","0,003680555556","0,004571759259",43,1,2,0,1,"0,0005787037037","0,004097725443","0,0059375"
2026-10-02,Lint,component_exports,3,0,0,0,0,"0,001006944444","0,001087962963","0,001134259259",45,1,0,0,1,"0,0005092592593","0,001086956522","0,0015625"
2026-10-02,Lint,wrappers,3,0,0,0,0,"0,001284722222","0,001539351852","0,001678240741",44,1,1,0,1,"0,0005787037037","0,001555706522","0,002824074074"
2026-10-02,Lint,texts,3,0,0,0,0,"0,00125","0,001520061728","0,001724537037",43,2,1,0,1,"0,0005208333333","0,001583886876","0,006956018519"
2026-10-02,Lint,TS,3,0,0,0,0,"0,002766203704","0,005023148148","0,006956018519",43,1,2,0,1,"0,0005671296296","0,005104418277","0,007939814815"
2026-10-02,Lint,Send notifications,0,0,0,3,0,0,0,0,0,0,2,44,1,"-0,00001157407407","-0,000005535426731",0
2026-10-02,Publishing to GitHub Packages,Build packages,4,0,0,0,0,"0,01319444444","0,0159375","0,0191087963",1,0,0,0,0,"0,01356481481","0,01356481481","0,01356481481"
2026-10-02,Publishing to GitHub Packages,Publish package (devextreme-dist-internal-26.1.6-build-26275-1826),1,0,0,0,0,"0,003020833333","0,003020833333","0,003020833333",0,0,0,0,0,0,0,0
2026-10-02,Publishing to GitHub Packages,Publish package (devextreme-vue-26.1.6-build-26275-1826),1,0,0,0,0,"0,002974537037","0,002974537037","0,002974537037",0,0,0,0,0,0,0,0
2026-10-02,Publishing to GitHub Packages,Publish package (devextreme-26.1.6-build-26275-1826),1,0,0,0,0,"0,002337962963","0,002337962963","0,002337962963",0,0,0,0,0,0,0,0
2026-10-02,Publishing to GitHub Packages,Publish package (devextreme-angular-26.1.6-build-26275-1826),1,0,0,0,0,"0,002569444444","0,002569444444","0,002569444444",0,0,0,0,0,0,0,0
2026-10-02,Publishing to GitHub Packages,Publish package (devextreme-themebuilder-26.1.6-build-26275-1826),1,0,0,0,0,"0,00318287037","0,00318287037","0,00318287037",0,0,0,0,0,0,0,0
2026-10-02,Publishing to GitHub Packages,Publish package (devextreme-monorepo-tools-26.1.6-build-26275-1826),1,0,0,0,0,"0,002199074074","0,002199074074","0,002199074074",0,0,0,0,0,0,0,0
2026-10-02,Publishing to GitHub Packages,Publish package (devextreme-dist-26.1.6-build-26275-1826),1,0,0,0,0,"0,002453703704","0,002453703704","0,002453703704",0,0,0,0,0,0,0,0
2026-10-02,Publishing to GitHub Packages,Publish package (devextreme-artifacts-26.1.6-build-26275-1826),1,0,0,0,0,"0,002291666667","0,002291666667","0,002291666667",0,0,0,0,0,0,0,0
2026-10-02,Publishing to GitHub Packages,Publish package (devextreme-internal-26.1.6-build-26275-1826),1,0,0,0,0,"0,002974537037","0,002974537037","0,002974537037",0,0,0,0,0,0,0,0
2026-10-02,Publishing to GitHub Packages,Publish package (devextreme-react-26.1.6-build-26275-1826),1,0,0,0,0,"0,002418981481","0,002418981481","0,002418981481",0,0,0,0,0,0,0,0
2026-10-02,Publishing to GitHub Packages,Send notifications,0,0,0,4,0,0,0,0,0,0,0,1,0,0,"-0,00001157407407",0
2026-10-02,Publishing to GitHub Packages,Publish package (devextreme-react-25.2.11-build-26275-1826),1,0,0,0,0,"0,0007523148148","0,0007523148148","0,0007523148148",0,0,0,0,0,0,0,0
2026-10-02,Publishing to GitHub Packages,Publish package (devextreme-dist-25.2.11-build-26275-1826),1,0,0,0,0,"0,0008680555556","0,0008680555556","0,0008680555556",0,0,0,0,0,0,0,0
2026-10-02,Publishing to GitHub Packages,Publish package (devextreme-dist-internal-25.2.11-build-26275-1826),1,0,0,0,0,"0,0009027777778","0,0009027777778","0,0009027777778",0,0,0,0,0,0,0,0
2026-10-02,Publishing to GitHub Packages,Publish package (devextreme-25.2.11-build-26275-1826),1,0,0,0,0,"0,0009953703704","0,0009953703704","0,0009953703704",0,0,0,0,0,0,0,0
2026-10-02,Publishing to GitHub Packages,Publish package (devextreme-artifacts-25.2.11-build-26275-1826),1,0,0,0,0,"0,0009259259259","0,0009259259259","0,0009259259259",0,0,0,0,0,0,0,0
2026-10-02,Publishing to GitHub Packages,Publish package (devextreme-monorepo-tools-25.2.11-build-26275-1826),1,0,0,0,0,"0,0007986111111","0,0007986111111","0,0007986111111",0,0,0,0,0,0,0,0
2026-10-02,Publishing to GitHub Packages,Publish package (devextreme-angular-25.2.11-build-26275-1826),1,0,0,0,0,"0,0008912037037","0,0008912037037","0,0008912037037",0,0,0,0,0,0,0,0
2026-10-02,Publishing to GitHub Packages,Publish package (devextreme-internal-25.2.11-build-26275-1826),1,0,0,0,0,"0,0009027777778","0,0009027777778","0,0009027777778",0,0,0,0,0,0,0,0
2026-10-02,Publishing to GitHub Packages,Publish package (devextreme-vue-25.2.11-build-26275-1826),1,0,0,0,0,"0,0009143518519","0,0009143518519","0,0009143518519",0,0,0,0,0,0,0,0
2026-10-02,Publishing to GitHub Packages,Publish package (devextreme-themebuilder-25.2.11-build-26275-1826),1,0,0,0,0,"0,0009837962963","0,0009837962963","0,0009837962963",0,0,0,0,0,0,0,0
2026-10-02,Publishing to GitHub Packages,Publish package (devextreme-artifacts-24.2.17-build-26275-1827),1,0,0,0,0,"0,001122685185","0,001122685185","0,001122685185",0,0,0,0,0,0,0,0
2026-10-02,Publishing to GitHub Packages,Publish package (devextreme-react-24.2.17-build-26275-1827),1,0,0,0,0,"0,00119212963","0,00119212963","0,00119212963",0,0,0,0,0,0,0,0
2026-10-02,Publishing to GitHub Packages,Publish package (devextreme-monorepo-tools-24.2.17-build-26275-1827),1,0,0,0,0,"0,001400462963","0,001400462963","0,001400462963",0,0,0,0,0,0,0,0
2026-10-02,Publishing to GitHub Packages,Publish package (devextreme-dist-24.2.17-build-26275-1827),1,0,0,0,0,"0,001296296296","0,001296296296","0,001296296296",0,0,0,0,0,0,0,0
2026-10-02,Publishing to GitHub Packages,Publish package (devextreme-24.2.17-build-26275-1827),1,0,0,0,0,"0,001238425926","0,001238425926","0,001238425926",0,0,0,0,0,0,0,0
2026-10-02,Publishing to GitHub Packages,Publish package (devextreme-internal-24.2.17-build-26275-1827),1,0,0,0,0,"0,001319444444","0,001319444444","0,001319444444",0,0,0,0,0,0,0,0
2026-10-02,Publishing to GitHub Packages,Publish package (devextreme-angular-24.2.17-build-26275-1827),1,0,0,0,0,"0,001261574074","0,001261574074","0,001261574074",0,0,0,0,0,0,0,0
2026-10-02,Publishing to GitHub Packages,Publish package (devextreme-vue-24.2.17-build-26275-1827),1,0,0,0,0,"0,001076388889","0,001076388889","0,001076388889",0,0,0,0,0,0,0,0
2026-10-02,Publishing to GitHub Packages,Publish package (devextreme-dist-internal-24.2.17-build-26275-1827),1,0,0,0,0,"0,001134259259","0,001134259259","0,001134259259",0,0,0,0,0,0,0,0
2026-10-02,Publishing to GitHub Packages,Publish package (devextreme-themebuilder-24.2.17-build-26275-1827),1,0,0,0,0,"0,0009722222222","0,0009722222222","0,0009722222222",0,0,0,0,0,0,0,0
2026-10-02,Publishing to GitHub Packages,Publish package (devextreme-react-26.2.1-alpha-26275-1826),0,0,0,0,0,0,0,0,1,0,0,0,0,"0,002361111111","0,002361111111","0,002361111111"
2026-10-02,Publishing to GitHub Packages,Publish package (devextreme-themebuilder-26.2.1-alpha-26275-1826),0,0,0,0,0,0,0,0,1,0,0,0,0,"0,002199074074","0,002199074074","0,002199074074"
2026-10-02,Publishing to GitHub Packages,Publish package (devextreme-26.2.1-alpha-26275-1826),0,0,0,0,0,0,0,0,1,0,0,0,0,"0,003622685185","0,003622685185","0,003622685185"
2026-10-02,Publishing to GitHub Packages,Publish package (devextreme-monorepo-tools-26.2.1-alpha-26275-1826),0,0,0,0,0,0,0,0,1,0,0,0,0,"0,002013888889","0,002013888889","0,002013888889"
2026-10-02,Publishing to GitHub Packages,Publish package (devextreme-vue-26.2.1-alpha-26275-1826),0,0,0,0,0,0,0,0,1,0,0,0,0,"0,002071759259","0,002071759259","0,002071759259"
2026-10-02,Publishing to GitHub Packages,Publish package (devextreme-angular-26.2.1-alpha-26275-1826),0,0,0,0,0,0,0,0,1,0,0,0,0,"0,002592592593","0,002592592593","0,002592592593"
2026-10-02,Publishing to GitHub Packages,Publish package (devextreme-internal-26.2.1-alpha-26275-1826),0,0,0,0,0,0,0,0,1,0,0,0,0,"0,005277777778","0,005277777778","0,005277777778"
2026-10-02,Publishing to GitHub Packages,Publish package (devextreme-artifacts-26.2.1-alpha-26275-1826),0,0,0,0,0,0,0,0,1,0,0,0,0,"0,002060185185","0,002060185185","0,002060185185"
2026-10-02,Publishing to GitHub Packages,Publish package (devextreme-dist-internal-26.2.1-alpha-26275-1826),0,0,0,0,0,0,0,0,1,0,0,0,0,"0,00556712963","0,00556712963","0,00556712963"
2026-10-02,Publishing to GitHub Packages,Publish package (devextreme-dist-26.2.1-alpha-26275-1826),0,0,0,0,0,0,0,0,1,0,0,0,0,"0,002337962963","0,002337962963","0,002337962963"
2026-10-02,Publishing to GitHub Packages,Publish package (devextreme-internal-25.1.15-build-26275-1827),1,0,0,0,0,"0,0009490740741","0,0009490740741","0,0009490740741",0,0,0,0,0,0,0,0
2026-10-02,Publishing to GitHub Packages,Publish package (devextreme-angular-25.1.15-build-26275-1827),1,0,0,0,0,"0,0009027777778","0,0009027777778","0,0009027777778",0,0,0,0,0,0,0,0
2026-10-02,Publishing to GitHub Packages,Publish package (devextreme-dist-internal-25.1.15-build-26275-1827),1,0,0,0,0,"0,0007986111111","0,0007986111111","0,0007986111111",0,0,0,0,0,0,0,0
2026-10-02,Publishing to GitHub Packages,Publish package (devextreme-artifacts-25.1.15-build-26275-1827),1,0,0,0,0,"0,0008101851852","0,0008101851852","0,0008101851852",0,0,0,0,0,0,0,0
2026-10-02,Publishing to GitHub Packages,Publish package (devextreme-monorepo-tools-25.1.15-build-26275-1827),1,0,0,0,0,"0,0007523148148","0,0007523148148","0,0007523148148",0,0,0,0,0,0,0,0
2026-10-02,Publishing to GitHub Packages,Publish package (devextreme-dist-25.1.15-build-26275-1827),1,0,0,0,0,"0,0006712962963","0,0006712962963","0,0006712962963",0,0,0,0,0,0,0,0
2026-10-02,Publishing to GitHub Packages,Publish package (devextreme-themebuilder-25.1.15-build-26275-1827),1,0,0,0,0,"0,0007638888889","0,0007638888889","0,0007638888889",0,0,0,0,0,0,0,0
2026-10-02,Publishing to GitHub Packages,Publish package (devextreme-react-25.1.15-build-26275-1827),1,0,0,0,0,"0,0007523148148","0,0007523148148","0,0007523148148",0,0,0,0,0,0,0,0
2026-10-02,Publishing to GitHub Packages,Publish package (devextreme-25.1.15-build-26275-1827),1,0,0,0,0,"0,001006944444","0,001006944444","0,001006944444",0,0,0,0,0,0,0,0
2026-10-02,Publishing to GitHub Packages,Publish package (devextreme-vue-25.1.15-build-26275-1827),1,0,0,0,0,"0,0007291666667","0,0007291666667","0,0007291666667",0,0,0,0,0,0,0,0
2026-10-02,Publishing to GitHub Packages (scheduler),Run Packages Publishing workflow (main),0,0,0,0,0,0,0,0,1,0,0,0,0,"0,00008101851852","0,00008101851852","0,00008101851852"
2026-10-02,Publishing to GitHub Packages (scheduler),Run Packages Publishing workflow (26_1),0,0,0,0,0,0,0,0,1,0,0,0,0,"0,00009259259259","0,00009259259259","0,00009259259259"
2026-10-02,Publishing to GitHub Packages (scheduler),Run Packages Publishing workflow (25_1),0,0,0,0,0,0,0,0,1,0,0,0,0,"0,00005787037037","0,00005787037037","0,00005787037037"
2026-10-02,Publishing to GitHub Packages (scheduler),Run Packages Publishing workflow (25_2),0,0,0,0,0,0,0,0,1,0,0,0,0,"0,00008101851852","0,00008101851852","0,00008101851852"
2026-10-02,Publishing to GitHub Packages (scheduler),Run Packages Publishing workflow (24_2),0,0,0,0,0,0,0,0,1,0,0,0,0,"0,00008101851852","0,00008101851852","0,00008101851852"
2026-10-02,Playgrounds tests,build,3,0,0,0,0,"0,001516203704","0,003125","0,003981481481",42,1,2,0,0,"0,0005208333333","0,003601337449","0,008391203704"
2026-10-02,Playgrounds tests,vue,3,0,0,0,0,"0,001585648148","0,001709104938","0,001793981481",42,0,0,0,0,"0,001458333333","0,001852127425","0,002604166667"
2026-10-02,Playgrounds tests,react,3,0,0,0,0,"0,001354166667","0,001543209877","0,001678240741",42,0,0,0,0,"0,001365740741","0,001827325838","0,003518518519"
2026-10-02,Playgrounds tests,angular,3,0,0,0,0,"0,001909722222","0,002029320988","0,002256944444",42,0,0,0,0,"0,00193287037","0,002479056437","0,003888888889"
2026-10-02,Playgrounds tests,matrix.ARGS.platform,0,0,0,0,0,0,0,0,0,0,2,1,0,"-0,00001157407407","-0,000003858024691",0
2026-10-02,Playwright tests,Check if tests should run,0,0,0,0,0,0,0,0,37,0,0,0,2,"0,0001273148148","0,0002130255255","0,0002893518519"
2026-10-02,Playwright tests,Determine Playwright matrix,0,0,0,0,0,0,0,0,37,0,0,0,2,"0,00002314814815","0,00005067567568","0,0004513888889"
2026-10-02,Playwright tests,Build DevExtreme,0,0,0,0,0,0,0,0,34,2,1,0,2,"0,0005092592593","0,003552302302","0,007638888889"
2026-10-02,Playwright tests,cardView - fluent,0,0,0,0,0,0,0,0,34,0,0,0,2,"0,0008912037037","0,001070942266","0,001736111111"
2026-10-02,Playwright tests,dataGrid (1/4) - fluent,0,0,0,0,0,0,0,0,34,0,0,0,2,"0,0008796296296","0,001019880174","0,001388888889"
2026-10-02,Playwright tests,common - fluent,0,0,0,0,0,0,0,0,34,0,0,0,2,"0,0009606481481","0,001124727669","0,001851851852"
2026-10-02,Playwright tests,dataGrid (2/4) - fluent,0,0,0,0,0,0,0,0,33,1,0,0,2,"0,0009259259259","0,001261914488","0,006944444444"
2026-10-02,Playwright tests,generic,0,0,0,0,0,0,0,0,34,0,0,0,2,"0,0009953703704","0,001098175381","0,001909722222"
2026-10-02,Playwright tests,dataGrid (4/4) - fluent,0,0,0,0,0,0,0,0,34,0,0,0,2,"0,0008333333333","0,001007284858","0,00119212963"
2026-10-02,Playwright tests,editors - fluent,0,0,0,0,0,0,0,0,34,0,0,0,2,"0,0009027777778","0,001018178105","0,001342592593"
2026-10-02,Playwright tests,scheduler / viewOffset (2/2) - fluent,0,0,0,0,0,0,0,0,34,0,0,0,2,"0,0008333333333","0,001004901961","0,001319444444"
2026-10-02,Playwright tests,material - compact,0,0,0,0,0,0,0,0,34,0,0,0,2,"0,0009490740741","0,001075027233","0,001782407407"
2026-10-02,Playwright tests,material,0,0,0,0,0,0,0,0,34,0,0,0,2,"0,0009375","0,001115876906","0,001770833333"
2026-10-02,Playwright tests,scheduler / common (2/3) - fluent,0,0,0,0,0,0,0,0,34,0,0,0,2,"0,0008101851852","0,001010688998","0,001331018519"
2026-10-02,Playwright tests,navigation - fluent,0,0,0,0,0,0,0,0,34,0,0,0,2,"0,0009143518519","0,001029752179","0,00125"
2026-10-02,Playwright tests,scheduler / viewOffset (1/2) - fluent,0,0,0,0,0,0,0,0,34,0,0,0,2,"0,0009143518519","0,001028390523","0,001527777778"
2026-10-02,Playwright tests,accessibility - fluent,0,0,0,0,0,0,0,0,34,0,0,0,2,"0,0008101851852","0,001024986383","0,001689814815"
2026-10-02,Playwright tests,dataGrid (3/4) - fluent,0,0,0,0,0,0,0,0,34,0,0,0,2,"0,0009143518519","0,001006263617","0,001215277778"
2026-10-02,Playwright tests,scheduler / common (1/3) - fluent,0,0,0,0,0,0,0,0,34,0,0,0,2,"0,000787037037","0,001011029412","0,001238425926"
2026-10-02,Playwright tests,scheduler / timezones (Europe/Berlin) - fluent,0,0,0,0,0,0,0,0,34,0,0,0,2,"0,0009027777778","0,001041666667","0,001724537037"
2026-10-02,Playwright tests,scheduler / timezones (America/Los_Angeles) - fluent,0,0,0,0,0,0,0,0,34,0,0,0,2,"0,0008564814815","0,001039624183","0,001793981481"
2026-10-02,Playwright tests,scheduler / common (3/3) - fluent,0,0,0,0,0,0,0,0,34,0,0,0,2,"0,000787037037","0,0009967320261","0,001215277778"
2026-10-02,Playwright tests,merge-artifacts,0,0,0,0,0,0,0,0,37,0,0,0,2,"0,00003472222222","0,00005161411411","0,00006944444444"
2026-10-02,Playwright tests,accessibility - fluent.dark,0,0,0,0,0,0,0,0,2,0,0,0,0,"0,0009143518519","0,001001157407","0,001087962963"
2026-10-02,Playwright tests,accessibility - material.dark,0,0,0,0,0,0,0,0,2,0,0,0,0,"0,0009606481481","0,001018518519","0,001076388889"
2026-10-02,Playwright tests,accessibility - material.light,0,0,0,0,0,0,0,0,2,0,0,0,0,"0,0009606481481","0,00103587963","0,001111111111"
2026-10-02,Playwright tests,${{ matrix.name }}${{ ((!matrix.theme && ' - fluent') || '') }},0,0,0,0,0,0,0,0,0,0,1,2,0,0,0,0
2026-10-02,PR Filter Stubs,MD-only filter,0,0,0,0,0,0,0,0,1,0,0,0,0,"0,000150462963","0,000150462963","0,000150462963"
2026-10-02,PR Filter Stubs,Stub checks ready,0,0,0,0,0,0,0,0,1,0,0,0,0,"0,00005787037037","0,00005787037037","0,00005787037037"
2026-10-02,PR Filter Stubs,test (angular),0,0,0,0,0,0,0,0,0,0,0,1,0,0,0,0
2026-10-02,PR Filter Stubs,main,0,0,0,0,0,0,0,0,0,0,0,1,0,0,0,0
2026-10-02,PR Filter Stubs,Tests,0,0,0,0,0,0,0,0,0,0,0,1,0,0,0,0
2026-10-02,PR Filter Stubs,ui-shadow-dom,0,0,0,0,0,0,0,0,0,0,0,1,0,0,0,0
2026-10-02,PR Filter Stubs,Constel misc,0,0,0,0,0,0,0,0,0,0,0,1,0,0,0,0
2026-10-02,PR Filter Stubs,build,0,0,0,0,0,0,0,0,0,0,0,1,0,0,0,0
2026-10-02,PR Filter Stubs,jest-tests,0,0,0,0,0,0,0,0,0,0,0,1,0,0,0,0
2026-10-02,PR Filter Stubs,Constel ui.grid,0,0,0,0,0,0,0,0,0,0,0,1,0,0,0,0
2026-10-02,PR Filter Stubs,ui.editors-shadow-dom,0,0,0,0,0,0,0,0,0,0,0,1,0,0,"-0,00001157407407",0
2026-10-02,PR Filter Stubs,Renovation,0,0,0,0,0,0,0,0,0,0,0,1,0,0,"-0,00001157407407",0
2026-10-02,PR Filter Stubs,test (vue),0,0,0,0,0,0,0,0,0,0,0,1,0,0,"-0,00001157407407",0
2026-10-02,PR Filter Stubs,TS,0,0,0,0,0,0,0,0,0,0,0,1,0,0,"-0,00001157407407",0
2026-10-02,PR Filter Stubs,test (react),0,0,0,0,0,0,0,0,0,0,0,1,0,0,"-0,00001157407407",0
2026-10-02,PR Filter Stubs,ui.grid-shadow-dom,0,0,0,0,0,0,0,0,0,0,0,1,0,0,"-0,00001157407407",0
2026-10-02,PR Filter Stubs,Constel misc-no-csp,0,0,0,0,0,0,0,0,0,0,0,1,0,0,"-0,00001157407407",0
2026-10-02,PR Filter Stubs,check-regenerate,0,0,0,0,0,0,0,0,0,0,0,1,0,0,"-0,00001157407407",0
2026-10-02,PR Filter Stubs,Constel export,0,0,0,0,0,0,0,0,0,0,0,1,0,0,"-0,00001157407407",0
2026-10-02,PR Filter Stubs,CSS,0,0,0,0,0,0,0,0,0,0,0,1,0,0,"-0,00001157407407",0
2026-10-02,PR Filter Stubs,Constel ui,0,0,0,0,0,0,0,0,0,0,0,1,0,0,"-0,00001157407407",0
2026-10-02,PR Filter Stubs,navigation - fluent,0,0,0,0,0,0,0,0,0,0,0,1,0,0,"-0,00001157407407",0
2026-10-02,PR Filter Stubs,scheduler / common (2/3) - fluent,0,0,0,0,0,0,0,0,0,0,0,1,0,0,"-0,00001157407407",0
2026-10-02,PR Filter Stubs,jquery(1/3)-screenshots-material.blue.light,0,0,0,0,0,0,0,0,0,0,0,1,0,0,"-0,00001157407407",0
2026-10-02,PR Filter Stubs,Constel ui.scheduler-US/Pacific,0,0,0,0,0,0,0,0,0,0,0,1,0,0,"-0,00001157407407",0
2026-10-02,PR Filter Stubs,dataGrid (2/4) - fluent,0,0,0,0,0,0,0,0,0,0,0,1,0,0,"-0,00001157407407",0
2026-10-02,PR Filter Stubs,Constel ui.widgets-no-csp,0,0,0,0,0,0,0,0,0,0,0,1,0,0,"-0,00001157407407",0
2026-10-02,PR Filter Stubs,material - compact,0,0,0,0,0,0,0,0,0,0,0,1,0,0,"-0,00001157407407",0
2026-10-02,PR Filter Stubs,scheduler / common (3/3) - fluent,0,0,0,0,0,0,0,0,0,0,0,1,0,0,"-0,00001157407407",0
2026-10-02,PR Filter Stubs,scheduler / timezones (America/Los_Angeles) - fluent,0,0,0,0,0,0,0,0,0,0,0,1,0,0,"-0,00001157407407",0
2026-10-02,PR Filter Stubs,scheduler / viewOffset (1/2) - fluent,0,0,0,0,0,0,0,0,0,0,0,1,0,0,"-0,00001157407407",0
2026-10-02,PR Filter Stubs,jquery(1/3)-screenshots-fluent.blue.light,0,0,0,0,0,0,0,0,0,0,0,1,0,0,"-0,00001157407407",0
2026-10-02,PR Filter Stubs,editors - fluent,0,0,0,0,0,0,0,0,0,0,0,1,0,0,"-0,00001157407407",0
2026-10-02,PR Filter Stubs,accessibility - fluent,0,0,0,0,0,0,0,0,0,0,0,1,0,0,"-0,00001157407407",0
2026-10-02,PR Filter Stubs,jquery-accessibility-fluent.blue.light,0,0,0,0,0,0,0,0,0,0,0,1,0,0,"-0,00001157407407",0
2026-10-02,PR Filter Stubs,ui.widgets-shadow-dom,0,0,0,0,0,0,0,0,0,0,0,1,0,0,"-0,00001157407407",0
2026-10-02,PR Filter Stubs,Constel ui.scheduler,0,0,0,0,0,0,0,0,0,0,0,1,0,0,"-0,00001157407407",0
2026-10-02,PR Filter Stubs,jquery(2/3)-screenshots-fluent.blue.light,0,0,0,0,0,0,0,0,0,0,0,1,0,0,"-0,00001157407407",0
2026-10-02,PR Filter Stubs,Constel ui.editors,0,0,0,0,0,0,0,0,0,0,0,1,0,0,"-0,00001157407407",0
2026-10-02,PR Filter Stubs,dataGrid (3/4) - fluent,0,0,0,0,0,0,0,0,0,0,0,1,0,0,"-0,00001157407407",0
2026-10-02,PR Filter Stubs,dataGrid (1/4) - fluent,0,0,0,0,0,0,0,0,0,0,0,1,0,0,"-0,00001157407407",0
2026-10-02,PR Filter Stubs,jquery(3/3)-screenshots-fluent.blue.light,0,0,0,0,0,0,0,0,0,0,0,1,0,0,"-0,00001157407407",0
2026-10-02,PR Filter Stubs,jquery(2/3)-screenshots-material.blue.light,0,0,0,0,0,0,0,0,0,0,0,1,0,0,"-0,00001157407407",0
2026-10-02,PR Filter Stubs,common - fluent,0,0,0,0,0,0,0,0,0,0,0,1,0,0,"-0,00001157407407",0
2026-10-02,PR Filter Stubs,material,0,0,0,0,0,0,0,0,0,0,0,1,0,0,"-0,00001157407407",0
2026-10-02,PR Filter Stubs,jquery(3/3)-screenshots-material.blue.light,0,0,0,0,0,0,0,0,0,0,0,1,0,0,"-0,00001157407407",0
2026-10-02,PR Filter Stubs,JS,0,0,0,0,0,0,0,0,0,0,0,1,0,0,"-0,00001157407407",0
2026-10-02,PR Filter Stubs,ui.scheduler-shadow-dom,0,0,0,0,0,0,0,0,0,0,0,1,0,0,"-0,00001157407407",0
2026-10-02,PR Filter Stubs,cardView - fluent,0,0,0,0,0,0,0,0,0,0,0,1,0,0,"-0,00001157407407",0
2026-10-02,PR Filter Stubs,generic,0,0,0,0,0,0,0,0,0,0,0,1,0,0,"-0,00001157407407",0
2026-10-02,PR Filter Stubs,scheduler / common (1/3) - fluent,0,0,0,0,0,0,0,0,0,0,0,1,0,0,"-0,00001157407407",0
2026-10-02,PR Filter Stubs,dataGrid (4/4) - fluent,0,0,0,0,0,0,0,0,0,0,0,1,0,0,"-0,00001157407407",0
2026-10-02,PR Filter Stubs,scheduler / timezones (Europe/Berlin) - fluent,0,0,0,0,0,0,0,0,0,0,0,1,0,0,"-0,00001157407407",0
2026-10-02,PR Filter Stubs,scheduler / viewOffset (2/2) - fluent,0,0,0,0,0,0,0,0,0,0,0,1,0,0,"-0,00001157407407",0
2026-10-02,PR #35462: GridCore - ColumnsController - Add types to the controller state,Remove storybook,0,0,0,0,0,0,0,0,0,0,0,3,0,0,"-0,0000424382716",0
2026-10-02,PR #35462: GridCore - ColumnsController - Add types to the controller state,Build & Deploy,0,0,0,0,0,0,0,0,0,0,0,3,0,0,"-0,00003086419753",0
2026-10-02,PR #35461: GridCore - ColumnsController - Add types to the controller state,Remove storybook,0,0,0,0,0,0,0,0,0,0,0,2,0,0,"-0,0000462962963",0
2026-10-02,PR #35461: GridCore - ColumnsController - Add types to the controller state,Build & Deploy,0,0,0,0,0,0,0,0,0,0,0,2,0,0,"-0,0000462962963",0
2026-10-02,PR #35454: Fix Demos: Use public API to detect the current theme,Remove storybook,0,0,0,0,0,0,0,0,0,0,0,10,0,0,"-0,00001273148148",0
2026-10-02,PR #35454: Fix Demos: Use public API to detect the current theme,Build & Deploy,0,0,0,0,0,0,0,0,0,0,0,10,0,0,"-0,00002199074074",0
2026-10-02,PR #35438: angular demos - fix ng-if,Remove storybook,0,0,0,0,0,0,0,0,0,0,0,1,0,0,"-0,00001157407407",0
2026-10-02,PR #35438: angular demos - fix ng-if,Build & Deploy,0,0,0,0,0,0,0,0,0,0,0,1,0,0,"-0,00001157407407",0
2026-10-02,PR #35429: angular demos - fix ng-if,Remove storybook,0,0,0,0,0,0,0,0,0,0,0,1,0,0,0,0
2026-10-02,PR #35429: angular demos - fix ng-if,Build & Deploy,0,0,0,0,0,0,0,0,0,0,0,1,0,0,0,0
2026-10-02,PR #35459: GridCore - ColumnsController - Add types to the controller state,Remove storybook,0,0,0,0,0,0,0,0,0,0,0,4,0,0,0,0
2026-10-02,PR #35459: GridCore - ColumnsController - Add types to the controller state,Build & Deploy,0,0,0,0,0,0,0,0,0,0,0,4,0,0,"-0,0000318287037",0
2026-10-02,PR #35455: Fix (CP) Demos: Use public API to detect the current theme,Remove storybook,0,0,0,0,0,0,0,0,0,0,0,7,0,0,"-0,00003141534392",0
2026-10-02,PR #35455: Fix (CP) Demos: Use public API to detect the current theme,Build & Deploy,0,0,0,0,0,0,0,0,0,0,0,7,0,0,"-0,00001818783069",0
2026-10-02,PR #35449: GridCore - ColumnsController - Add types to the controller state,Build & Deploy,0,0,0,0,0,0,0,0,0,0,0,6,0,0,"-0,00001929012346",0
2026-10-02,PR #35449: GridCore - ColumnsController - Add types to the controller state,Remove storybook,0,0,0,0,0,0,0,0,0,0,0,6,0,0,"-0,00003472222222",0
2026-10-02,PR #35458:  Grids: type core m_modules file,Remove storybook,0,0,0,0,0,0,0,0,0,0,0,4,0,0,"-0,00002314814815",0
2026-10-02,PR #35458:  Grids: type core m_modules file,Build & Deploy,0,0,0,0,0,0,0,0,0,0,0,4,0,0,"-0,00005787037037",0
2026-10-02,PR #35413: DataGrid/TreeList: The click area on the separator must be at least 24 x 24 px,Remove storybook,0,0,0,0,0,0,0,0,0,0,0,1,0,0,0,0
2026-10-02,PR #35413: DataGrid/TreeList: The click area on the separator must be at least 24 x 24 px,Build & Deploy,0,0,0,0,0,0,0,0,0,0,0,1,0,0,"-0,00005787037037",0
2026-10-02,PR #35437: Angular Demos - remove eager,Build & Deploy,0,0,0,0,0,0,0,0,0,0,0,1,0,0,"-0,00001157407407",0
2026-10-02,PR #35437: Angular Demos - remove eager,Remove storybook,0,0,0,0,0,0,0,0,0,0,0,1,0,0,"-0,00001157407407",0
2026-10-02,PR #35419: Angular Demos - remove eager,Remove storybook,0,0,0,0,0,0,0,0,0,0,0,1,0,0,0,0
2026-10-02,PR #35419: Angular Demos - remove eager,Build & Deploy,0,0,0,0,0,0,0,0,0,0,0,1,0,0,"-0,00009259259259",0
2026-10-02,PR #35456: Grid Demos - handle accessibility restrictions,Build & Deploy,0,0,0,0,0,0,0,0,0,0,0,2,0,0,0,0
2026-10-02,PR #35456: Grid Demos - handle accessibility restrictions,Remove storybook,0,0,0,0,0,0,0,0,0,0,0,2,0,0,"-0,000005787037037",0
2026-10-02,PR #35441: Grids: fix keyboard focus jumping back with async templates (T1336240),Build & Deploy,0,0,0,0,0,0,0,0,0,0,0,2,0,0,"-0,0000462962963",0
2026-10-02,PR #35441: Grids: fix keyboard focus jumping back with async templates (T1336240),Remove storybook,0,0,0,0,0,0,0,0,0,0,0,2,0,0,"-0,00006365740741",0
2026-10-02,"PR #35453: chore: axios, angular/router, piscina overrides",Build & Deploy,0,0,0,0,0,0,0,0,0,0,0,1,0,0,0,0
2026-10-02,"PR #35453: chore: axios, angular/router, piscina overrides",Remove storybook,0,0,0,0,0,0,0,0,0,0,0,1,0,0,0,0
2026-10-02,"PR #35451: chore: axios, angular/router, piscina overrides",Build & Deploy,0,0,0,0,0,0,0,0,0,0,0,4,0,0,"-0,0000318287037",0
2026-10-02,"PR #35451: chore: axios, angular/router, piscina overrides",Remove storybook,0,0,0,0,0,0,0,0,0,0,0,4,0,0,"-0,00005787037037",0
2026-10-02,PR #35442: fix(angular): remove loadPanel.indicatorOptions from legacy nested components,Build & Deploy,0,0,0,0,0,0,0,0,0,0,0,1,0,0,0,0
2026-10-02,PR #35442: fix(angular): remove loadPanel.indicatorOptions from legacy nested components,Remove storybook,0,0,0,0,0,0,0,0,0,0,0,1,0,0,0,0
2026-10-02,PR #35450: Bump @angular/router from 21.2.23 to 21.2.24,Remove storybook,0,0,0,0,0,0,0,0,0,0,0,3,0,0,"-0,000003858024691",0
2026-10-02,PR #35450: Bump @angular/router from 21.2.23 to 21.2.24,Build & Deploy,0,0,0,0,0,0,0,0,0,0,0,3,0,0,"-0,00003086419753",0
2026-10-02,"PR #35397: chore(deps): alert overrides, remove old overrides",Build & Deploy,0,0,0,0,0,0,0,0,0,0,0,1,0,0,0,0
2026-10-02,"PR #35397: chore(deps): alert overrides, remove old overrides",Remove storybook,0,0,0,0,0,0,0,0,0,0,0,1,0,0,"-0,00009259259259",0
2026-10-02,QUnit tests,Build,3,0,0,0,0,"0,001087962963","0,003260030864","0,005914351852",43,2,1,0,1,"0,0005902777778","0,002725442834","0,01181712963"
2026-10-02,QUnit tests,Check if all tests should run,3,0,0,0,0,"0,00003472222222","0,0000424382716","0,0000462962963",46,0,0,0,1,"0,00002314814815","0,00003572866345","0,0000462962963"
2026-10-02,QUnit tests,ui.grid-shadow-dom,3,0,0,0,0,"0,003981481481","0,004475308642","0,005300925926",39,2,2,0,1,"0,0008449074074","0,004228574505","0,006944444444"
2026-10-02,QUnit tests,Constel ui.scheduler-US/Pacific,3,0,0,0,0,"0,003194444444","0,003352623457","0,003506944444",42,0,1,0,1,"0,0008333333333","0,003410583549","0,004525462963"
2026-10-02,QUnit tests,Constel misc,3,0,0,0,0,"0,002627314815","0,002650462963","0,002673611111",42,0,1,0,1,"0,0008680555556","0,002659883721","0,00369212963"
2026-10-02,QUnit tests,Constel misc-no-csp,3,0,0,0,0,"0,002592592593","0,002719907407","0,002847222222",42,0,1,0,1,"0,0008796296296","0,002711832472","0,004479166667"
2026-10-02,QUnit tests,ui.widgets-shadow-dom,3,0,0,0,0,"0,003796296296","0,00393132716","0,0040625",42,0,1,0,1,"0,0008796296296","0,004131406115","0,008391203704"
2026-10-02,QUnit tests,ui.scheduler-shadow-dom,3,0,0,0,0,"0,003321759259","0,003499228395","0,003622685185",42,0,1,0,1,"0,000787037037","0,003593615418","0,008391203704"
2026-10-02,QUnit tests,Constel ui.editors,3,0,0,0,0,"0,003229166667","0,003260030864","0,003298611111",41,1,1,0,1,"0,0008680555556","0,003279231266","0,004872685185"
2026-10-02,QUnit tests,Constel ui.grid,3,0,0,0,0,"0,004027777778","0,004174382716","0,004398148148",40,2,1,0,1,"0,0008680555556","0,004080264858","0,007650462963"
2026-10-02,QUnit tests,ui-shadow-dom,3,0,0,0,0,"0,002847222222","0,002928240741","0,002997685185",42,0,1,0,1,"0,0008680555556","0,002898094315","0,004097222222"
2026-10-02,QUnit tests,Constel ui.scheduler,3,0,0,0,0,"0,003333333333","0,003591820988","0,003773148148",41,1,1,0,1,"0,0008796296296","0,003611918605","0,008344907407"
2026-10-02,QUnit tests,Constel ui,3,0,0,0,0,"0,002789351852","0,002916666667","0,002997685185",42,0,1,0,1,"0,0008564814815","0,002765127046","0,003321759259"
2026-10-02,QUnit tests,Constel ui.widgets-no-csp,3,0,0,0,0,"0,003726851852","0,003792438272","0,003912037037",41,1,1,0,1,"0,0008217592593","0,003972868217","0,008449074074"
2026-10-02,QUnit tests,ui.editors-shadow-dom,3,0,0,0,0,"0,003402777778","0,003537808642","0,003645833333",40,2,1,0,1,"0,0002546296296","0,00334625323","0,004386574074"
2026-10-02,QUnit tests,Send notifications,0,0,0,3,0,0,0,0,0,0,3,43,1,"-0,00001157407407","-0,000003522544283",0
2026-10-02,QUnit tests,"Constel ${{ matrix.CONSTEL }}${{ (((matrix.TIMEZONE != '') && format('-{0}', matrix.TIMEZONE)) || '') }}${{ (((matrix.CSP == 'false') && '-no-csp') || '') }}",0,0,0,0,0,0,0,0,0,0,1,2,0,0,0,0
2026-10-02,QUnit tests,${{ matrix.constel }}-shadow-dom,0,0,0,0,0,0,0,0,0,0,1,2,0,0,0,0
2026-10-02,QUnit tests,Constel export,0,0,0,0,0,0,0,0,1,0,1,0,0,"0,0008564814815","0,001325231481","0,001793981481"
2026-10-02,Auto approve renovate bot PR,auto-approve,0,0,0,0,0,0,0,0,37,0,0,0,0,"0,00002314814815","0,00003847597598","0,00005787037037"
2026-10-02,Jest tests,jest-tests,3,0,0,0,0,"0,004814814815","0,00555941358","0,006331018519",42,2,2,0,1,"0,0005787037037","0,005429750403","0,01296296296"
2026-10-02,Jest tests,Send notifications,0,0,0,3,0,0,"-0,000003858024691",0,0,0,2,44,1,0,"-0,000004277375201",0
2026-10-02,Repository Check,Collect flaky reports,0,0,0,0,0,0,0,0,10,0,0,0,0,"0,0009722222222","0,00144212963","0,003553240741"
2026-10-02,Repository Check,Invoke / Repository Check,3,0,0,0,0,"0,0006134259259","0,000625","0,0006365740741",10,0,0,0,0,"0,0006018518519","0,0009270833333","0,001782407407"
2026-10-02,Styles tests,Tests,3,0,0,0,0,"0,001296296296","0,001539351852","0,001678240741",43,1,1,0,0,"0,0004976851852","0,001913837449","0,01190972222"
2026-10-02,Styles tests,Send notifications,0,0,0,3,0,0,"-0,000007716049383",0,0,0,1,44,0,"-0,00001157407407","-0,000003858024691",0
2026-10-02,TestCafe tests,Check if tests should run,3,0,0,0,0,"0,0003356481481","0,0003510802469","0,0003587962963",46,0,0,0,1,"0,0000462962963","0,0002382749597","0,0005439814815"
2026-10-02,TestCafe tests,Build DevExtreme,3,0,0,0,0,"0,001435185185","0,00306712963","0,003993055556",43,1,2,0,1,"0,0005208333333","0,003450332126","0,006967592593"
2026-10-02,TestCafe tests,Determine TestCafe matrix,3,0,0,0,0,"0,00003472222222","0,00003472222222","0,00003472222222",44,0,0,0,1,"0,00002314814815","0,00004366582492","0,0004513888889"
2026-10-02,TestCafe tests,dataGrid (2/4) - fluent,3,0,0,0,0,"0,003773148148","0,003800154321","0,003831018519",42,0,1,0,1,"0,003645833333","0,004724106374","0,03819444444"
2026-10-02,TestCafe tests,common - fluent,3,0,0,0,0,"0,003773148148","0,003804012346","0,003831018519",42,1,0,0,1,"0,002615740741","0,00403504522","0,009039351852"
2026-10-02,TestCafe tests,scheduler / viewOffset (2/2) - fluent,3,0,0,0,0,"0,003900462963","0,003942901235","0,003969907407",42,1,0,0,1,"0,003449074074","0,004362080103","0,009039351852"
2026-10-02,TestCafe tests,scheduler / common (1/3) - fluent,2,1,0,0,0,"0,003518518519","0,005165895062","0,008333333333",43,0,0,0,1,"0,002881944444","0,003779069767","0,0071875"
2026-10-02,TestCafe tests,scheduler / common (3/3) - fluent,3,0,0,0,0,"0,003425925926","0,004081790123","0,005289351852",43,0,0,0,1,"0,002662037037","0,003596037898","0,004409722222"
2026-10-02,TestCafe tests,dataGrid (3/4) - fluent,3,0,0,0,0,"0,003784722222","0,003969907407","0,004328703704",42,0,1,0,1,"0,003125","0,004475936693","0,03149305556"
2026-10-02,TestCafe tests,dataGrid (1/4) - fluent,3,0,0,0,0,"0,003854166667","0,003946759259","0,004097222222",43,0,0,0,1,"0,00375","0,004132213609","0,006770833333"
2026-10-02,TestCafe tests,accessibility - fluent,3,0,0,0,0,"0,002777777778","0,003105709877","0,003680555556",42,1,0,0,1,"0,002789351852","0,003417312661","0,008333333333"
2026-10-02,TestCafe tests,material,3,0,0,0,0,"0,001759259259","0,001859567901","0,001921296296",43,0,0,0,1,"0,001493055556","0,001870155039","0,002210648148"
2026-10-02,TestCafe tests,material - compact,3,0,0,0,0,"0,001527777778","0,001604938272","0,001678240741",43,0,0,0,1,"0,001354166667","0,001637596899","0,002824074074"
2026-10-02,TestCafe tests,scheduler / timezones (America/Los_Angeles) - fluent,3,0,0,0,0,"0,001550925926","0,001593364198","0,00162037037",43,0,0,0,1,"0,001365740741","0,001691160637","0,002974537037"
2026-10-02,TestCafe tests,cardView - fluent,3,0,0,0,0,"0,002025462963","0,00224537037","0,002372685185",43,0,0,0,1,"0,00212962963","0,002532030577","0,003321759259"
2026-10-02,TestCafe tests,navigation - fluent,3,0,0,0,0,"0,003252314815","0,003271604938","0,003298611111",43,0,0,0,1,"0,002835648148","0,003384474591","0,003888888889"
2026-10-02,TestCafe tests,generic,3,0,0,0,0,"0,0021875","0,002218364198","0,00224537037",43,0,0,0,1,"0,001782407407","0,002380221792","0,003958333333"
2026-10-02,TestCafe tests,scheduler / timezones (Europe/Berlin) - fluent,3,0,0,0,0,"0,001550925926","0,001631944444","0,001770833333",43,0,0,0,1,"0,001215277778","0,001594799742","0,001875"
2026-10-02,TestCafe tests,editors - fluent,3,0,0,0,0,"0,00318287037","0,00350308642","0,003819444444",43,0,0,0,1,"0,003125","0,003358365633","0,003981481481"
2026-10-02,TestCafe tests,scheduler / viewOffset (1/2) - fluent,3,0,0,0,0,"0,003912037037","0,005142746914","0,007488425926",42,0,1,0,1,"0,003449074074","0,004273794143","0,007569444444"
2026-10-02,TestCafe tests,dataGrid (4/4) - fluent,3,0,0,0,0,"0,004074074074","0,004293981481","0,004675925926",42,1,0,0,1,"0,003368055556","0,004189276486","0,008333333333"
2026-10-02,TestCafe tests,scheduler / common (2/3) - fluent,3,0,0,0,0,"0,003391203704","0,003526234568","0,003703703704",41,2,0,0,1,"0,002789351852","0,004027777778","0,009027777778"
2026-10-02,TestCafe tests,quarantine,3,0,0,0,0,"0,001655092593","0,001902006173","0,002164351852",40,2,3,1,1,"-0,00001157407407","0,001714472625","0,004375"
2026-10-02,TestCafe tests,merge-artifacts,3,0,0,0,0,"0,0000462962963","0,00006558641975","0,00009259259259",46,0,0,0,1,"0,00003472222222","0,00006617351047","0,0001388888889"
2026-10-02,TestCafe tests,Send notifications,0,0,0,3,0,0,"-0,000003858024691",0,0,0,3,43,1,"-0,00001157407407","-0,000005535426731",0
2026-10-02,TestCafe tests,accessibility - fluent.dark,3,0,0,0,0,"0,002997685185","0,003294753086","0,003819444444",2,0,0,0,0,"0,002881944444","0,003287037037","0,00369212963"
2026-10-02,TestCafe tests,accessibility - material.light,3,0,0,0,0,"0,002905092593","0,004135802469","0,006388888889",2,0,0,0,0,"0,003032407407","0,003177083333","0,003321759259"
2026-10-02,TestCafe tests,accessibility - material.dark,3,0,0,0,0,"0,002916666667","0,003333333333","0,003680555556",2,0,0,0,0,"0,002905092593","0,003356481481","0,00380787037"
2026-10-02,TestCafe tests,common - fluent-next,0,0,0,0,0,0,0,0,1,0,0,0,0,"0,004791666667","0,004791666667","0,004791666667"
2026-10-02,TestCafe tests,dataGrid (2/4) - fluent-next,0,0,0,0,0,0,0,0,1,0,0,0,0,"0,003865740741","0,003865740741","0,003865740741"
2026-10-02,TestCafe tests,accessibility - fluent-next.dark,0,0,0,0,0,0,0,0,1,0,0,0,0,"0,003136574074","0,003136574074","0,003136574074"
2026-10-02,TestCafe tests,dataGrid (3/4) - fluent-next,0,0,0,0,0,0,0,0,1,0,0,0,0,"0,003969907407","0,003969907407","0,003969907407"
2026-10-02,TestCafe tests,scheduler / common (2/3) - fluent-next,0,0,0,0,0,0,0,0,1,0,0,0,0,"0,004016203704","0,004016203704","0,004016203704"
2026-10-02,TestCafe tests,accessibility - fluent-next,0,0,0,0,0,0,0,0,1,0,0,0,0,"0,00349537037","0,00349537037","0,00349537037"
2026-10-02,TestCafe tests,cardView - fluent-next,0,0,0,0,0,0,0,0,1,0,0,0,0,"0,002905092593","0,002905092593","0,002905092593"
2026-10-02,TestCafe tests,scheduler / common (1/3) - fluent-next,0,0,0,0,0,0,0,0,1,0,0,0,0,"0,00443287037","0,00443287037","0,00443287037"
2026-10-02,TestCafe tests,editors - fluent-next,0,0,0,0,0,0,0,0,1,0,0,0,0,"0,004155092593","0,004155092593","0,004155092593"
2026-10-02,TestCafe tests,dataGrid (1/4) - fluent-next,0,0,0,0,0,0,0,0,1,0,0,0,0,"0,003935185185","0,003935185185","0,003935185185"
2026-10-02,TestCafe tests,scheduler / common (3/3) - fluent-next,0,0,0,0,0,0,0,0,1,0,0,0,0,"0,003912037037","0,003912037037","0,003912037037"
2026-10-02,TestCafe tests,scheduler / viewOffset (2/2) - fluent-next,0,0,0,0,0,0,0,0,1,0,0,0,0,"0,003888888889","0,003888888889","0,003888888889"
2026-10-02,TestCafe tests,navigation - fluent-next,0,0,0,0,0,0,0,0,1,0,0,0,0,"0,003854166667","0,003854166667","0,003854166667"
2026-10-02,TestCafe tests,dataGrid (4/4) - fluent-next,0,0,0,0,0,0,0,0,1,0,0,0,0,"0,003900462963","0,003900462963","0,003900462963"
2026-10-02,TestCafe tests,scheduler / timezones (America/Los_Angeles) - fluent-next,0,0,0,0,0,0,0,0,1,0,0,0,0,"0,001886574074","0,001886574074","0,001886574074"
2026-10-02,TestCafe tests,scheduler / viewOffset (1/2) - fluent-next,0,0,0,0,0,0,0,0,1,0,0,0,0,"0,004803240741","0,004803240741","0,004803240741"
2026-10-02,TestCafe tests,scheduler / timezones (Europe/Berlin) - fluent-next,0,0,0,0,0,0,0,0,1,0,0,0,0,"0,001759259259","0,001759259259","0,001759259259"
2026-10-02,TestCafe tests,${{ matrix.ARGS.name }}${{ ((!matrix.ARGS.theme && ' - fluent') || '') }},0,0,0,0,0,0,0,0,0,0,1,0,0,0,0,0
2026-10-02,TestCafe tests,${{ matrix.name }}${{ ((!matrix.theme && ' - fluent') || '') }},0,0,0,0,0,0,0,0,0,0,1,1,0,0,"-0,000005787037037",0
2026-10-02,Themebuilder and Styles tests,test,3,0,0,0,0,"0,002453703704","0,002642746914","0,002743055556",43,1,1,0,0,"0,0004976851852","0,002697016461","0,007048611111"
2026-10-02,Themebuilder and Styles tests,Send notifications,0,0,0,3,0,0,0,0,0,0,1,44,0,0,"-0,000003858024691",0
2026-10-02,TS Declarations,validate-declarations,3,0,0,0,0,"0,001087962963","0,001477623457","0,001678240741",43,1,1,0,0,"0,0005902777778","0,001510030864","0,002094907407"
2026-10-02,TS Declarations,check-ts-bundle,3,0,0,0,0,"0,0009953703704","0,001412037037","0,001655092593",43,1,1,0,0,"0,0005902777778","0,001468364198","0,003009259259"
2026-10-02,TS Declarations,Send notifications,0,0,0,3,0,0,"-0,000003858024691",0,0,0,1,44,0,0,"-0,000005658436214",0
2026-10-02,Demos Visual Tests,Determine jQuery test matrix,3,0,0,0,0,"0,0000462962963","0,0001195987654","0,0002662037037",8,0,0,0,0,"0,00002314814815","0,00003472222222","0,0000462962963"
2026-10-02,Demos Visual Tests,CSP check (jQuery),3,0,0,0,0,"0,008043981481","0,008144290123","0,008206018519",42,1,5,1,6,0,"0,007770219199","0,009027777778"
2026-10-02,Demos Visual Tests,"Build vendor bundles (React, Vue)",3,0,0,0,0,"0,001018518519","0,001091820988","0,001180555556",44,0,1,4,6,0,"0,0009828514739","0,001377314815"
2026-10-02,Demos Visual Tests,Check TS and lint code base,3,0,0,0,0,"0,003564814815","0,003958333333","0,004201388889",38,5,2,4,6,0,"0,003147439531","0,004525462963"
2026-10-02,Demos Visual Tests,"matrix.SHARD_TOTAL == 1 && format('CSP check ({0})', matrix.FRAMEWORK) || format('CSP check ({0} {1}/{2})', matrix.FRAMEWORK, matrix.SHARD_INDEX, matrix.SHARD_TOTAL)",0,0,0,0,0,0,0,0,0,0,1,4,0,0,"-0,000002314814815",0
2026-10-02,Demos Visual Tests,Check generated demos,3,0,0,0,0,"0,004479166667","0,005019290123","0,006041666667",30,8,2,9,6,0,"0,003794642857","0,01039351852"
2026-10-02,Demos Visual Tests,"matrix.SHARD_TOTAL == 1 && format('Build demos ({0})', matrix.FRAMEWORK) || format('Build demos ({0} {1}/{2})', matrix.FRAMEWORK, matrix.SHARD_INDEX, matrix.SHARD_TOTAL)",0,0,0,0,0,0,0,0,0,0,1,4,0,0,"-0,000002314814815",0
2026-10-02,Demos Visual Tests,CSP Violations Summary,3,0,0,0,0,"0,0003009259259","0,0003356481481","0,0003587962963",44,0,5,0,6,"-0,00001157407407","0,0002704554044","0,000462962963"
2026-10-02,Demos Visual Tests,CSP check (React 1/2),3,0,0,0,0,"0,005405092593","0,005439814815","0,005474537037",41,2,1,0,6,"0,005405092593","0,005680765993","0,009027777778"
2026-10-02,Demos Visual Tests,CSP check (Vue 1/2),3,0,0,0,0,"0,005439814815","0,005489969136","0,005578703704",42,0,2,0,6,"0,005416666667","0,005595275673","0,006331018519"
2026-10-02,Demos Visual Tests,CSP check (Angular 3/3),3,0,0,0,0,"0,004826388889","0,005320216049","0,006168981481",43,0,1,0,6,"0,004560185185","0,00510206229","0,006342592593"
2026-10-02,Demos Visual Tests,CSP check (Vue 2/2),3,0,0,0,0,"0,005486111111","0,005513117284","0,00556712963",42,0,2,0,6,"0,00494212963","0,005506365741","0,005787037037"
2026-10-02,Demos Visual Tests,CSP check (React 2/2),3,0,0,0,0,"0,005428240741","0,005470679012","0,005532407407",41,1,2,0,6,"0,005092592593","0,005569760101","0,009027777778"
2026-10-02,Demos Visual Tests,CSP check (Angular 1/3),3,0,0,0,0,"0,004918981481","0,004976851852","0,00505787037",42,1,1,0,6,"0,004861111111","0,005144412879","0,007638888889"
2026-10-02,Demos Visual Tests,CSP check (Angular 2/3),3,0,0,0,0,"0,005266203704","0,00537808642","0,005486111111",41,1,2,0,6,"0,004513888889","0,005277514731","0,008344907407"
2026-10-02,Demos Visual Tests,jquery-accessibility-fluent.blue.dark,3,0,0,0,0,"0,002777777778","0,003020833333","0,003333333333",43,1,0,0,6,"0,002303240741","0,003243108165","0,006956018519"
2026-10-02,Demos Visual Tests,jquery-accessibility-material.blue.dark,3,0,0,0,0,"0,003043981481","0,003094135802","0,003159722222",44,0,0,0,6,"0,002546296296","0,003243897306","0,005081018519"
2026-10-02,Demos Visual Tests,Build demos (React),3,0,0,0,0,"0,001111111111","0,001130401235","0,001145833333",43,1,0,0,6,"0,0009027777778","0,001282617845","0,006944444444"
2026-10-02,Demos Visual Tests,Build demos (Angular 3/3),3,0,0,0,0,"0,001111111111","0,001527777778","0,002291666667",44,0,0,0,6,"0,0009606481481","0,001208438552","0,001689814815"
2026-10-02,Demos Visual Tests,Build demos (Vue),3,0,0,0,0,"0,001064814815","0,001199845679","0,001458333333",43,1,0,0,6,"0,0008796296296","0,001303661616","0,006944444444"
2026-10-02,Demos Visual Tests,Build demos (Angular 2/3),3,0,0,0,0,"0,001180555556","0,00130787037","0,001550925926",44,0,0,0,6,"0,001087962963","0,001294191919","0,002199074074"
2026-10-02,Demos Visual Tests,Build demos (Angular 1/3),3,0,0,0,0,"0,001203703704","0,001346450617","0,001493055556",44,0,0,0,6,"0,0009259259259","0,001245265152","0,001759259259"
2026-10-02,Demos Visual Tests,react(1/3)-screenshots-fluent.blue.light,3,0,0,0,0,"0,003796296296","0,003892746914","0,004074074074",37,0,1,0,6,"0,003564814815","0,004396016082","0,007048611111"
2026-10-02,Demos Visual Tests,vue(1/5)-screenshots-fluent.blue.light,3,0,0,0,0,"0,003506944444","0,003572530864","0,003622685185",37,0,1,0,6,"0,00306712963","0,003568774366","0,005138888889"
2026-10-02,Demos Visual Tests,angular(1/10)-screenshots-fluent.blue.light,3,0,0,0,0,"0,002847222222","0,002866512346","0,002881944444",38,0,0,0,6,"0,002546296296","0,00298580653","0,004328703704"
2026-10-02,Demos Visual Tests,vue(3/5)-screenshots-fluent.blue.light,3,0,0,0,0,"0,003148148148","0,003194444444","0,003217592593",38,0,0,0,6,"0,002824074074","0,003304398148","0,003680555556"
2026-10-02,Demos Visual Tests,vue(4/5)-screenshots-fluent.blue.light,3,0,0,0,0,"0,00287037037","0,00294367284","0,00306712963",38,0,0,0,6,"0,002766203704","0,003100328947","0,004050925926"
2026-10-02,Demos Visual Tests,vue(2/5)-screenshots-fluent.blue.light,3,0,0,0,0,"0,003310185185","0,003410493827","0,003599537037",37,0,1,0,6,"0,003043981481","0,003506944444","0,005162037037"
2026-10-02,Demos Visual Tests,angular(4/10)-screenshots-fluent.blue.light,3,0,0,0,0,"0,002476851852","0,002534722222","0,002650462963",38,0,0,0,6,"0,002638888889","0,002763767057","0,003159722222"
2026-10-02,Demos Visual Tests,angular(3/10)-screenshots-fluent.blue.light,3,0,0,0,0,"0,002638888889","0,002662037037","0,002685185185",38,0,0,0,6,"0,002418981481","0,002801839669","0,003518518519"
2026-10-02,Demos Visual Tests,react(2/3)-screenshots-fluent.blue.light,3,0,0,0,0,"0,003888888889","0,004050925926","0,004247685185",37,0,1,0,6,"0,003460648148","0,004007675439","0,005520833333"
2026-10-02,Demos Visual Tests,angular(2/10)-screenshots-fluent.blue.light,3,0,0,0,0,"0,003020833333","0,003163580247","0,0034375",38,0,0,0,6,"0,002638888889","0,00298915692","0,003298611111"
2026-10-02,Demos Visual Tests,angular(9/10)-screenshots-fluent.blue.light,3,0,0,0,0,"0,002534722222","0,002654320988","0,002824074074",38,0,0,0,6,"0,002280092593","0,002738486842","0,004305555556"
2026-10-02,Demos Visual Tests,react(3/3)-screenshots-fluent.blue.light,3,0,0,0,0,"0,003553240741","0,00361882716","0,003715277778",37,0,1,0,6,"0,003101851852","0,003771929825","0,004340277778"
2026-10-02,Demos Visual Tests,vue(5/5)-screenshots-fluent.blue.light,3,0,0,0,0,"0,002974537037","0,003082561728","0,003240740741",38,0,0,0,6,"0,003206018519","0,003472222222","0,005856481481"
2026-10-02,Demos Visual Tests,angular(5/10)-screenshots-fluent.blue.light,3,0,0,0,0,"0,002534722222","0,00268132716","0,002881944444",38,0,0,0,6,"0,002418981481","0,002835648148","0,003553240741"
2026-10-02,Demos Visual Tests,angular(8/10)-screenshots-fluent.blue.light,3,0,0,0,0,"0,002488425926","0,002496141975","0,0025",38,0,0,0,6,"0,002314814815","0,002592288012","0,00287037037"
2026-10-02,Demos Visual Tests,angular(7/10)-screenshots-fluent.blue.light,3,0,0,0,0,"0,002418981481","0,002472993827","0,002511574074",38,0,0,0,6,"0,002199074074","0,002647112573","0,003819444444"
2026-10-02,Demos Visual Tests,angular(6/10)-screenshots-fluent.blue.light,3,0,0,0,0,"0,003240740741","0,003290895062","0,003356481481",38,0,0,0,6,"0,002418981481","0,002757980019","0,0040625"
2026-10-02,Demos Visual Tests,angular(10/10)-screenshots-fluent.blue.light,3,0,0,0,0,"0,002650462963","0,00274691358","0,002928240741",36,1,1,0,6,"0,002511574074","0,002881030702","0,009027777778"
2026-10-02,Demos Visual Tests,react-screenshots-fluent.blue.light,0,0,0,0,0,0,0,0,5,0,0,0,0,"0,001481481481","0,001590277778","0,001886574074"
2026-10-02,Demos Visual Tests,angular-screenshots-fluent.blue.light,0,0,0,0,0,0,0,0,5,0,0,0,0,"0,001481481481","0,001664351852","0,00193287037"
2026-10-02,Demos Visual Tests,vue-screenshots-fluent.blue.light,0,0,0,0,0,0,0,0,5,0,0,0,0,"0,001400462963","0,001509259259","0,00162037037"
2026-10-02,Demos Visual Tests,jquery(2/3)-screenshots-fluent-next.blue.light,0,0,0,0,0,0,0,0,2,0,0,0,1,"0,005173611111","0,005173611111","0,005173611111"
2026-10-02,Demos Visual Tests,jquery(1/3)-screenshots-fluent-next.blue.light,0,0,0,0,0,0,0,0,2,0,0,0,1,"0,004282407407","0,004282407407","0,004282407407"
2026-10-02,Demos Visual Tests,jquery-accessibility-fluent-next.blue.light,0,0,0,0,0,0,0,0,2,0,0,0,1,"0,002766203704","0,002766203704","0,002766203704"
2026-10-02,Demos Visual Tests,jquery(3/3)-screenshots-fluent-next.blue.light,0,0,0,0,0,0,0,0,2,0,0,0,1,"0,004398148148","0,004398148148","0,004398148148"
2026-10-02,Demos Visual Tests,jquery-accessibility-fluent-next.blue.dark,0,0,0,0,0,0,0,0,2,0,0,0,1,"0,003460648148","0,003460648148","0,003460648148"
2026-10-02,Demos Visual Tests,react(3/3)-screenshots-fluent-next.blue.light,0,0,0,0,0,0,0,0,2,0,0,0,1,"0,004351851852","0,004351851852","0,004351851852"
2026-10-02,Demos Visual Tests,react(1/3)-screenshots-fluent-next.blue.light,0,0,0,0,0,0,0,0,2,0,0,0,1,"0,004849537037","0,004849537037","0,004849537037"
2026-10-02,Demos Visual Tests,vue(5/5)-screenshots-fluent-next.blue.light,0,0,0,0,0,0,0,0,2,0,0,0,1,"0,004247685185","0,004247685185","0,004247685185"
2026-10-02,Demos Visual Tests,react(2/3)-screenshots-fluent-next.blue.light,0,0,0,0,0,0,0,0,2,0,0,0,1,"0,004710648148","0,004710648148","0,004710648148"
2026-10-02,Demos Visual Tests,vue(1/5)-screenshots-fluent-next.blue.light,0,0,0,0,0,0,0,0,2,0,0,0,1,"0,003356481481","0,003356481481","0,003356481481"
2026-10-02,Demos Visual Tests,angular(1/10)-screenshots-fluent-next.blue.light,0,0,0,0,0,0,0,0,2,0,0,0,1,"0,002766203704","0,002766203704","0,002766203704"
2026-10-02,Demos Visual Tests,angular(4/10)-screenshots-fluent-next.blue.light,0,0,0,0,0,0,0,0,2,0,0,0,1,"0,003148148148","0,003148148148","0,003148148148"
2026-10-02,Demos Visual Tests,angular(5/10)-screenshots-fluent-next.blue.light,0,0,0,0,0,0,0,0,1,1,0,0,1,"0,003136574074","0,005740740741","0,008344907407"
2026-10-02,Demos Visual Tests,angular(3/10)-screenshots-fluent-next.blue.light,0,0,0,0,0,0,0,0,2,0,0,0,1,"0,003136574074","0,003136574074","0,003136574074"
2026-10-02,Demos Visual Tests,angular(7/10)-screenshots-fluent-next.blue.light,0,0,0,0,0,0,0,0,2,0,0,0,1,"0,003287037037","0,003287037037","0,003287037037"
2026-10-02,Demos Visual Tests,vue(4/5)-screenshots-fluent-next.blue.light,0,0,0,0,0,0,0,0,2,0,0,0,1,"0,006956018519","0,006956018519","0,006956018519"
2026-10-02,Demos Visual Tests,angular(2/10)-screenshots-fluent-next.blue.light,0,0,0,0,0,0,0,0,2,0,0,0,1,"0,002685185185","0,002685185185","0,002685185185"
2026-10-02,Demos Visual Tests,angular(8/10)-screenshots-fluent-next.blue.light,0,0,0,0,0,0,0,0,2,0,0,0,1,"0,003229166667","0,003229166667","0,003229166667"
2026-10-02,Demos Visual Tests,angular(10/10)-screenshots-fluent-next.blue.light,0,0,0,0,0,0,0,0,2,0,0,0,1,"0,00287037037","0,00287037037","0,00287037037"
2026-10-02,Demos Visual Tests,vue(2/5)-screenshots-fluent-next.blue.light,0,0,0,0,0,0,0,0,2,0,0,0,1,"0,004270833333","0,004270833333","0,004270833333"
2026-10-02,Demos Visual Tests,angular(6/10)-screenshots-fluent-next.blue.light,0,0,0,0,0,0,0,0,2,0,0,0,1,"0,004594907407","0,004594907407","0,004594907407"
2026-10-02,Demos Visual Tests,vue(3/5)-screenshots-fluent-next.blue.light,0,0,0,0,0,0,0,0,2,0,0,0,1,"0,004016203704","0,004016203704","0,004016203704"
2026-10-02,Demos Visual Tests,angular(9/10)-screenshots-fluent-next.blue.light,0,0,0,0,0,0,0,0,2,0,0,0,1,"0,0034375","0,0034375","0,0034375"
2026-10-02,Wrappers Tests,build,3,0,0,0,0,"0,001319444444","0,00300154321","0,003854166667",43,1,1,0,0,"0,0005092592593","0,00329372428","0,00525462963"
2026-10-02,Wrappers Tests,check-regenerate,3,0,0,0,0,"0,001273148148","0,001678240741","0,001898148148",43,1,1,0,0,"0,0005902777778","0,001720936214","0,002326388889"
2026-10-02,Wrappers Tests,test (angular),3,0,0,0,0,"0,002094907407","0,004533179012","0,006921296296",42,1,0,0,0,"0,001944444444","0,005626345823","0,01181712963"
2026-10-02,Wrappers Tests,test (react),3,0,0,0,0,"0,001736111111","0,002542438272","0,003391203704",43,0,0,0,0,"0,001770833333","0,003324720069","0,005069444444"
2026-10-02,Wrappers Tests,test (vue),3,0,0,0,0,"0,001736111111","0,002696759259","0,003773148148",42,1,0,0,0,"0,001712962963","0,003425925926","0,007650462963"
2026-10-02,Wrappers Tests,test,0,0,0,0,0,0,0,0,0,0,1,1,0,"-0,00001157407407","-0,00001157407407",0
2026-10-02,Wrappers E2E Tests,Build DevExtreme and Wrappers,3,0,0,0,0,"0,002893518519","0,00487654321","0,005949074074",42,2,2,0,1,"0,000625","0,005398299114","0,007638888889"
2026-10-02,Wrappers E2E Tests,Test angular,3,0,0,0,0,"0,001215277778","0,001257716049","0,00130787037",42,0,0,0,1,"0,0009143518519","0,00119047619","0,001481481481"
2026-10-02,Wrappers E2E Tests,Test react19,3,0,0,0,0,"0,001342592593","0,001396604938","0,001493055556",42,0,0,0,1,"0,001087962963","0,001271494709","0,002152777778"
2026-10-02,Wrappers E2E Tests,Test vue3,3,0,0,0,0,"0,001261574074","0,001331018519","0,001365740741",42,0,0,0,1,"0,001041666667","0,001247519841","0,002314814815"
2026-10-02,Wrappers E2E Tests,Test ${{ matrix.framework }},0,0,0,0,0,0,0,0,0,0,2,2,0,"-0,00001157407407","-0,000008680555556",0
2026-10-01,Send dependabot new vulnerability alerts,Fetch analysis,0,0,0,0,0,0,0,0,1,0,0,0,0,"0,0000462962963","0,0000462962963","0,0000462962963"
2026-10-01,Send dependabot new vulnerability alerts,Send notifications,0,0,0,0,0,0,0,0,0,1,0,0,0,"0,00009259259259","0,00009259259259","0,00009259259259"
2026-10-01,Build and pack DevExtreme npm packages,build,6,0,1,0,0,"0,0008564814815","0,006481481481","0,008460648148",52,0,3,0,0,"0,00001157407407","0,006727272727","0,0165625"
2026-10-01,Build and pack DevExtreme npm packages,custom_bundles,6,0,1,0,0,0,"0,0008250661376","0,001574074074",52,0,3,0,0,"-0,00001157407407","0,0008505892256","0,00150462963"
2026-10-01,CodeQL,Analyze JavaScript,4,0,0,0,0,"0,01012731481","0,01103587963","0,01246527778",1,0,0,0,0,"0,02319444444","0,02319444444","0,02319444444"
2026-10-01,CodeQL,Fetch analysis,4,0,0,0,0,"0,00002314814815","0,00002893518519","0,0000462962963",1,0,0,0,0,"0,00003472222222","0,00003472222222","0,00003472222222"
2026-10-01,CodeQL,Send notifications,2,2,0,0,0,"0,00002314814815","0,00003761574074","0,00005787037037",1,0,0,0,0,"0,00005787037037","0,00005787037037","0,00005787037037"
2026-10-01,CodeQL,Analyze C#,1,0,0,0,0,"0,00130787037","0,00130787037","0,00130787037",0,0,0,0,0,0,0,0
2026-10-01,CodeQL (scheduler),Run CodeQL workflow (25_1),0,0,0,0,0,0,0,0,1,0,0,0,0,"0,00006944444444","0,00006944444444","0,00006944444444"
2026-10-01,CodeQL (scheduler),Run CodeQL workflow (24_2),0,0,0,0,0,0,0,0,1,0,0,0,0,"0,00006944444444","0,00006944444444","0,00006944444444"
2026-10-01,CodeQL (scheduler),Run CodeQL workflow (25_2),0,0,0,0,0,0,0,0,1,0,0,0,0,"0,00009259259259","0,00009259259259","0,00009259259259"
2026-10-01,CodeQL (scheduler),Run CodeQL workflow (main),0,0,0,0,0,0,0,0,1,0,0,0,0,"0,00006944444444","0,00006944444444","0,00006944444444"
2026-10-01,CodeQL (scheduler),Run CodeQL workflow (26_1),0,0,0,0,0,0,0,0,1,0,0,0,0,"0,00008101851852","0,00008101851852","0,00008101851852"
2026-10-01,Default Workflow,main,7,0,0,0,0,"0,003900462963","0,004417989418","0,004976851852",52,2,2,0,1,"0,00001157407407","0,00406332672","0,009039351852"
2026-10-01,Demos unit tests,Check if tests should run,7,0,0,0,0,"0,00002314814815","0,00003637566138","0,0000462962963",54,0,1,0,0,"0,00001157407407","0,00003640572391","0,00006944444444"
2026-10-01,Demos unit tests,Run unit tests,7,0,0,0,0,"0,0009490740741","0,001144179894","0,001400462963",54,0,1,0,0,0,"0,001092592593","0,001793981481"
2026-10-01,Demos Visual Tests,Check if tests should run,7,0,0,0,0,"0,00002314814815","0,00003306878307","0,0000462962963",59,0,1,0,5,"0,00001157407407","0,00004282407407","0,00008101851852"
2026-10-01,Demos Visual Tests,Get changed demos,0,0,0,7,0,0,"-0,000003306878307",0,20,0,0,0,1,"0,0001388888889","0,0002112268519","0,0003819444444"
2026-10-01,Demos Visual Tests,Determine scope for framework tests,7,0,0,0,0,"0,00002314814815","0,00003306878307","0,0000462962963",20,0,0,0,1,"0,00002314814815","0,00003356481481","0,00005787037037"
2026-10-01,Demos Visual Tests,Build DevExtreme,7,0,0,0,0,"0,003958333333","0,005810185185","0,008043981481",58,0,2,0,5,"-0,00001157407407","0,004920138889","0,008275462963"
2026-10-01,Demos Visual Tests,jquery(3/3)-screenshots-material.blue.light,7,0,0,0,0,"0,00349537037","0,003913690476","0,005960648148",54,4,0,0,5,"0,003009259259","0,003764966475","0,005891203704"
2026-10-01,Demos Visual Tests,jquery(2/3)-screenshots-material.blue.light,7,0,0,0,0,"0,003622685185","0,00435515873","0,00662037037",58,0,0,0,5,"0,003240740741","0,00402857599","0,004826388889"
2026-10-01,Demos Visual Tests,jquery-accessibility-material.blue.light,7,0,0,0,0,"0,0021875","0,003455687831","0,006284722222",57,1,0,0,5,"0,002175925926","0,003224976054","0,006400462963"
2026-10-01,Demos Visual Tests,jquery(2/3)-screenshots-fluent.blue.light,7,0,0,0,0,"0,003472222222","0,003857473545","0,003946759259",58,0,0,0,5,"0,003368055556","0,003953743614","0,006655092593"
2026-10-01,Demos Visual Tests,jquery(1/3)-screenshots-material.blue.light,7,0,0,0,0,"0,003344907407","0,004404761905","0,00693287037",58,0,0,0,5,"0,003298611111","0,003988465837","0,005949074074"
2026-10-01,Demos Visual Tests,jquery(3/3)-screenshots-fluent.blue.light,7,0,0,0,0,"0,003020833333","0,003442460317","0,003611111111",58,0,0,0,5,"0,003414351852","0,003750798212","0,005868055556"
2026-10-01,Demos Visual Tests,jquery-accessibility-fluent.blue.light,7,0,0,0,0,"0,002094907407","0,002924933862","0,003564814815",58,0,0,0,5,"0,002037037037","0,002941810345","0,006122685185"
2026-10-01,Demos Visual Tests,jquery(1/3)-screenshots-fluent.blue.light,7,0,0,0,0,"0,003217592593","0,003604497354","0,003784722222",57,1,0,0,5,"0,003159722222","0,004025383142","0,006944444444"
2026-10-01,Demos Visual Tests,Check TS,1,0,0,0,0,"0,001354166667","0,001354166667","0,001354166667",0,0,0,4,0,0,0,0
2026-10-01,Demos Visual Tests,Check generated demos (${{ matrix.CONSTEL }}),0,0,0,0,0,0,0,0,0,0,0,4,0,0,0,0
2026-10-01,Demos Visual Tests,Build Demos Bundles,1,0,0,0,0,"0,003043981481","0,003043981481","0,003043981481",0,0,0,4,0,0,0,0
2026-10-01,Demos Visual Tests,Lint code base,1,0,0,0,0,"0,002743055556","0,002743055556","0,002743055556",0,0,0,4,0,0,0,0
2026-10-01,Demos Visual Tests,Check generated demos (changed only),0,0,0,7,0,0,"-0,000003306878307",0,2,0,1,17,1,0,"-0,0008900462963","0,0002314814815"
2026-10-01,Demos Visual Tests,${{ matrix.CONSTEL }}-screenshots-${{ matrix.THEME }},0,0,0,7,0,0,"-0,00000496031746",0,0,0,3,36,2,0,"-0,0009360161443",0
2026-10-01,Demos Visual Tests,merge-artifacts,0,0,0,7,0,0,"-0,000008267195767",0,9,0,2,49,5,0,"0,000003665123457","0,00008101851852"
2026-10-01,Demos Visual Tests,Check generated demos (2/2),1,0,0,0,0,"0,003287037037","0,003287037037","0,003287037037",0,0,0,0,0,0,0,0
2026-10-01,Demos Visual Tests,Check generated demos (1/2),1,0,0,0,0,"0,00431712963","0,00431712963","0,00431712963",0,0,0,0,0,0,0,0
2026-10-01,Demos Visual Tests,vue(2/5)-screenshots-fluent.blue.light,7,0,0,0,0,"0,002939814815","0,004586640212","0,008414351852",39,0,0,0,4,"0,003333333333","0,003449074074","0,004537037037"
2026-10-01,Demos Visual Tests,react(1/3)-screenshots-fluent.blue.light,7,0,0,0,0,"0,003287037037","0,003687169312","0,003912037037",38,1,0,0,4,"0,003460648148","0,004158653846","0,006793981481"
2026-10-01,Demos Visual Tests,vue(5/5)-screenshots-fluent.blue.light,7,0,0,0,0,"0,002962962963","0,003966600529","0,008680555556",38,1,0,0,4,"0,0002430555556","0,00321699905","0,003414351852"
2026-10-01,Demos Visual Tests,angular(3/10)-screenshots-fluent.blue.light,7,0,0,0,0,"0,002372685185","0,003196097884","0,006493055556",39,0,0,0,4,"0,002662037037","0,002790538936","0,003078703704"
2026-10-01,Demos Visual Tests,angular(1/10)-screenshots-fluent.blue.light,7,0,0,0,0,"0,0028125","0,003348214286","0,006319444444",39,0,0,0,4,"0,002800925926","0,002930911681","0,003773148148"
2026-10-01,Demos Visual Tests,react(3/3)-screenshots-fluent.blue.light,7,0,0,0,0,"0,003587962963","0,003698743386","0,00412037037",38,0,1,0,4,"0,003645833333","0,004902659069","0,04185185185"
2026-10-01,Demos Visual Tests,angular(2/10)-screenshots-fluent.blue.light,7,0,0,0,0,"0,002951388889","0,00355489418","0,006759259259",38,1,0,0,4,"0,0002777777778","0,00300688509","0,004178240741"
2026-10-01,Demos Visual Tests,vue(1/5)-screenshots-fluent.blue.light,7,0,0,0,0,"0,003541666667","0,004163359788","0,007581018519",39,0,0,0,4,"0,003078703704","0,003431267806","0,003611111111"
2026-10-01,Demos Visual Tests,vue(4/5)-screenshots-fluent.blue.light,7,0,0,0,0,"0,002835648148","0,003678902116","0,008483796296",39,0,0,0,4,"0,002997685185","0,003082561728","0,003275462963"
2026-10-01,Demos Visual Tests,angular(8/10)-screenshots-fluent.blue.light,7,0,0,0,0,"0,002488425926","0,00306712963","0,006273148148",39,0,0,0,4,"0,002465277778","0,002625830959","0,004027777778"
2026-10-01,Demos Visual Tests,angular(6/10)-screenshots-fluent.blue.light,7,0,0,0,0,"0,003171296296","0,004138558201","0,006747685185",39,0,0,0,4,"0,002384259259","0,002717830009","0,002905092593"
2026-10-01,Demos Visual Tests,react(2/3)-screenshots-fluent.blue.light,7,0,0,0,0,"0,003888888889","0,004069113757","0,004652777778",39,0,0,0,4,"0,003784722222","0,004065467711","0,006597222222"
2026-10-01,Demos Visual Tests,angular(9/10)-screenshots-fluent.blue.light,7,0,0,0,0,"0,002523148148","0,00322255291","0,007025462963",39,0,0,0,4,"0,002291666667","0,002632656695","0,00275462963"
2026-10-01,Demos Visual Tests,vue(3/5)-screenshots-fluent.blue.light,7,0,0,0,0,"0,003136574074","0,003993055556","0,008414351852",39,0,0,0,4,"0,002835648148","0,00329831434","0,004259259259"
2026-10-01,Demos Visual Tests,angular(4/10)-screenshots-fluent.blue.light,7,0,0,0,0,"0,002430555556","0,003053902116","0,006377314815",39,0,0,0,4,"0,002650462963","0,002796474359","0,004479166667"
2026-10-01,Demos Visual Tests,angular(7/10)-screenshots-fluent.blue.light,7,0,0,0,0,"0,002488425926","0,003086970899","0,006365740741",39,0,0,0,4,"0,0025","0,002661740266","0,004097222222"
2026-10-01,Demos Visual Tests,angular(5/10)-screenshots-fluent.blue.light,7,0,0,0,0,"0,002326388889","0,003425925926","0,006469907407",39,0,0,0,4,"0,002430555556","0,002765610161","0,003020833333"
2026-10-01,Demos Visual Tests,angular(10/10)-screenshots-fluent.blue.light,7,0,0,0,0,"0,002581018519","0,003263888889","0,006840277778",38,1,0,0,4,"0,001365740741","0,002596153846","0,003043981481"
2026-10-01,Label PR by changed files,label,0,0,0,0,0,0,0,0,49,0,0,0,0,"0,0000462962963","0,00006802721088","0,0005439814815"
2026-10-01,Lint,texts,7,0,0,0,0,"0,0009722222222","0,001421957672","0,001689814815",55,0,1,0,1,"0,00001157407407","0,001349206349","0,001666666667"
2026-10-01,Lint,JS,7,0,0,0,0,"0,003854166667","0,004599867725","0,006041666667",53,1,2,0,1,"0,00001157407407","0,004102595899","0,009027777778"
2026-10-01,Lint,wrappers,7,0,0,0,0,"0,001041666667","0,001519510582","0,001921296296",55,0,1,0,1,"0,00001157407407","0,001492228836","0,003159722222"
2026-10-01,Lint,component_exports,7,0,0,0,0,"0,001041666667","0,001167328042","0,001550925926",55,0,1,0,1,"0,00001157407407","0,00103587963","0,001539351852"
2026-10-01,Lint,TS,7,0,0,0,0,"0,005104166667","0,005744047619","0,006886574074",53,1,2,0,1,"0,00001157407407","0,005314153439","0,01295138889"
2026-10-01,Lint,Send notifications,0,0,0,7,0,0,"-0,00000496031746",0,0,0,2,54,1,"-0,00001157407407","-0,000005580357143",0
2026-10-01,Publishing to GitHub Packages,Build packages,4,0,0,0,0,"0,01394675926","0,01589988426","0,01884259259",1,0,0,0,0,"0,01407407407","0,01407407407","0,01407407407"
2026-10-01,Publishing to GitHub Packages,Publish package (devextreme-dist-25.2.11-build-26274-1826),1,0,0,0,0,"0,0008101851852","0,0008101851852","0,0008101851852",0,0,0,0,0,0,0,0
2026-10-01,Publishing to GitHub Packages,Publish package (devextreme-dist-internal-25.2.11-build-26274-1826),1,0,0,0,0,"0,0008564814815","0,0008564814815","0,0008564814815",0,0,0,0,0,0,0,0
2026-10-01,Publishing to GitHub Packages,Publish package (devextreme-artifacts-25.2.11-build-26274-1826),1,0,0,0,0,"0,000775462963","0,000775462963","0,000775462963",0,0,0,0,0,0,0,0
2026-10-01,Publishing to GitHub Packages,Publish package (devextreme-internal-25.2.11-build-26274-1826),1,0,0,0,0,"0,0009953703704","0,0009953703704","0,0009953703704",0,0,0,0,0,0,0,0
2026-10-01,Publishing to GitHub Packages,Publish package (devextreme-react-25.2.11-build-26274-1826),1,0,0,0,0,"0,0007986111111","0,0007986111111","0,0007986111111",0,0,0,0,0,0,0,0
2026-10-01,Publishing to GitHub Packages,Publish package (devextreme-vue-25.2.11-build-26274-1826),1,0,0,0,0,"0,0009606481481","0,0009606481481","0,0009606481481",0,0,0,0,0,0,0,0
2026-10-01,Publishing to GitHub Packages,Publish package (devextreme-monorepo-tools-25.2.11-build-26274-1826),1,0,0,0,0,"0,0008680555556","0,0008680555556","0,0008680555556",0,0,0,0,0,0,0,0
2026-10-01,Publishing to GitHub Packages,Publish package (devextreme-angular-25.2.11-build-26274-1826),1,0,0,0,0,"0,0008217592593","0,0008217592593","0,0008217592593",0,0,0,0,0,0,0,0
2026-10-01,Publishing to GitHub Packages,Publish package (devextreme-themebuilder-25.2.11-build-26274-1826),1,0,0,0,0,"0,0008217592593","0,0008217592593","0,0008217592593",0,0,0,0,0,0,0,0
2026-10-01,Publishing to GitHub Packages,Publish package (devextreme-25.2.11-build-26274-1826),1,0,0,0,0,"0,001226851852","0,001226851852","0,001226851852",0,0,0,0,0,0,0,0
2026-10-01,Publishing to GitHub Packages,Send notifications,0,0,0,4,0,0,"-0,000005787037037",0,0,0,0,1,0,0,0,0
2026-10-01,Publishing to GitHub Packages,Publish package (devextreme-angular-26.2.1-alpha-26274-1826),0,0,0,0,0,0,0,0,1,0,0,0,0,"0,002997685185","0,002997685185","0,002997685185"
2026-10-01,Publishing to GitHub Packages,Publish package (devextreme-vue-26.2.1-alpha-26274-1826),0,0,0,0,0,0,0,0,1,0,0,0,0,"0,002615740741","0,002615740741","0,002615740741"
2026-10-01,Publishing to GitHub Packages,Publish package (devextreme-artifacts-26.2.1-alpha-26274-1826),0,0,0,0,0,0,0,0,1,0,0,0,0,"0,004583333333","0,004583333333","0,004583333333"
2026-10-01,Publishing to GitHub Packages,Publish package (devextreme-dist-internal-26.2.1-alpha-26274-1826),0,0,0,0,0,0,0,0,1,0,0,0,0,"0,004108796296","0,004108796296","0,004108796296"
2026-10-01,Publishing to GitHub Packages,Publish package (devextreme-26.2.1-alpha-26274-1826),0,0,0,0,0,0,0,0,1,0,0,0,0,"0,003136574074","0,003136574074","0,003136574074"
2026-10-01,Publishing to GitHub Packages,Publish package (devextreme-monorepo-tools-26.2.1-alpha-26274-1826),0,0,0,0,0,0,0,0,1,0,0,0,0,"0,002106481481","0,002106481481","0,002106481481"
2026-10-01,Publishing to GitHub Packages,Publish package (devextreme-dist-26.2.1-alpha-26274-1826),0,0,0,0,0,0,0,0,1,0,0,0,0,"0,002141203704","0,002141203704","0,002141203704"
2026-10-01,Publishing to GitHub Packages,Publish package (devextreme-react-26.2.1-alpha-26274-1826),0,0,0,0,0,0,0,0,1,0,0,0,0,"0,003414351852","0,003414351852","0,003414351852"
2026-10-01,Publishing to GitHub Packages,Publish package (devextreme-themebuilder-26.2.1-alpha-26274-1826),0,0,0,0,0,0,0,0,1,0,0,0,0,"0,002604166667","0,002604166667","0,002604166667"
2026-10-01,Publishing to GitHub Packages,Publish package (devextreme-internal-26.2.1-alpha-26274-1826),0,0,0,0,0,0,0,0,1,0,0,0,0,"0,003946759259","0,003946759259","0,003946759259"
2026-10-01,Publishing to GitHub Packages,Publish package (devextreme-artifacts-24.2.17-build-26274-1828),1,0,0,0,0,"0,001134259259","0,001134259259","0,001134259259",0,0,0,0,0,0,0,0
2026-10-01,Publishing to GitHub Packages,Publish package (devextreme-vue-24.2.17-build-26274-1828),1,0,0,0,0,"0,00125","0,00125","0,00125",0,0,0,0,0,0,0,0
2026-10-01,Publishing to GitHub Packages,Publish package (devextreme-internal-24.2.17-build-26274-1828),1,0,0,0,0,"0,001215277778","0,001215277778","0,001215277778",0,0,0,0,0,0,0,0
2026-10-01,Publishing to GitHub Packages,Publish package (devextreme-themebuilder-24.2.17-build-26274-1828),1,0,0,0,0,"0,0009953703704","0,0009953703704","0,0009953703704",0,0,0,0,0,0,0,0
2026-10-01,Publishing to GitHub Packages,Publish package (devextreme-angular-24.2.17-build-26274-1828),1,0,0,0,0,"0,001226851852","0,001226851852","0,001226851852",0,0,0,0,0,0,0,0
2026-10-01,Publishing to GitHub Packages,Publish package (devextreme-dist-24.2.17-build-26274-1828),1,0,0,0,0,"0,001678240741","0,001678240741","0,001678240741",0,0,0,0,0,0,0,0
2026-10-01,Publishing to GitHub Packages,Publish package (devextreme-24.2.17-build-26274-1828),1,0,0,0,0,"0,00130787037","0,00130787037","0,00130787037",0,0,0,0,0,0,0,0
2026-10-01,Publishing to GitHub Packages,Publish package (devextreme-dist-internal-24.2.17-build-26274-1828),1,0,0,0,0,"0,001064814815","0,001064814815","0,001064814815",0,0,0,0,0,0,0,0
2026-10-01,Publishing to GitHub Packages,Publish package (devextreme-react-24.2.17-build-26274-1828),1,0,0,0,0,"0,001180555556","0,001180555556","0,001180555556",0,0,0,0,0,0,0,0
2026-10-01,Publishing to GitHub Packages,Publish package (devextreme-monorepo-tools-24.2.17-build-26274-1828),1,0,0,0,0,"0,001145833333","0,001145833333","0,001145833333",0,0,0,0,0,0,0,0
2026-10-01,Publishing to GitHub Packages,Publish package (devextreme-dist-26.1.6-build-26274-1826),1,0,0,0,0,"0,008553240741","0,008553240741","0,008553240741",0,0,0,0,0,0,0,0
2026-10-01,Publishing to GitHub Packages,Publish package (devextreme-vue-26.1.6-build-26274-1826),1,0,0,0,0,"0,002106481481","0,002106481481","0,002106481481",0,0,0,0,0,0,0,0
2026-10-01,Publishing to GitHub Packages,Publish package (devextreme-themebuilder-26.1.6-build-26274-1826),1,0,0,0,0,"0,002372685185","0,002372685185","0,002372685185",0,0,0,0,0,0,0,0
2026-10-01,Publishing to GitHub Packages,Publish package (devextreme-26.1.6-build-26274-1826),1,0,0,0,0,"0,006064814815","0,006064814815","0,006064814815",0,0,0,0,0,0,0,0
2026-10-01,Publishing to GitHub Packages,Publish package (devextreme-artifacts-26.1.6-build-26274-1826),1,0,0,0,0,"0,002280092593","0,002280092593","0,002280092593",0,0,0,0,0,0,0,0
2026-10-01,Publishing to GitHub Packages,Publish package (devextreme-monorepo-tools-26.1.6-build-26274-1826),1,0,0,0,0,"0,008043981481","0,008043981481","0,008043981481",0,0,0,0,0,0,0,0
2026-10-01,Publishing to GitHub Packages,Publish package (devextreme-dist-internal-26.1.6-build-26274-1826),1,0,0,0,0,"0,00193287037","0,00193287037","0,00193287037",0,0,0,0,0,0,0,0
2026-10-01,Publishing to GitHub Packages,Publish package (devextreme-react-26.1.6-build-26274-1826),1,0,0,0,0,"0,003622685185","0,003622685185","0,003622685185",0,0,0,0,0,0,0,0
2026-10-01,Publishing to GitHub Packages,Publish package (devextreme-internal-26.1.6-build-26274-1826),1,0,0,0,0,"0,002638888889","0,002638888889","0,002638888889",0,0,0,0,0,0,0,0
2026-10-01,Publishing to GitHub Packages,Publish package (devextreme-angular-26.1.6-build-26274-1826),1,0,0,0,0,"0,002175925926","0,002175925926","0,002175925926",0,0,0,0,0,0,0,0
2026-10-01,Publishing to GitHub Packages,Publish package (devextreme-25.1.15-build-26274-1828),1,0,0,0,0,"0,0008912037037","0,0008912037037","0,0008912037037",0,0,0,0,0,0,0,0
2026-10-01,Publishing to GitHub Packages,Publish package (devextreme-angular-25.1.15-build-26274-1828),1,0,0,0,0,"0,0008796296296","0,0008796296296","0,0008796296296",0,0,0,0,0,0,0,0
2026-10-01,Publishing to GitHub Packages,Publish package (devextreme-react-25.1.15-build-26274-1828),1,0,0,0,0,"0,0006712962963","0,0006712962963","0,0006712962963",0,0,0,0,0,0,0,0
2026-10-01,Publishing to GitHub Packages,Publish package (devextreme-internal-25.1.15-build-26274-1828),1,0,0,0,0,"0,001122685185","0,001122685185","0,001122685185",0,0,0,0,0,0,0,0
2026-10-01,Publishing to GitHub Packages,Publish package (devextreme-vue-25.1.15-build-26274-1828),1,0,0,0,0,"0,0006944444444","0,0006944444444","0,0006944444444",0,0,0,0,0,0,0,0
2026-10-01,Publishing to GitHub Packages,Publish package (devextreme-artifacts-25.1.15-build-26274-1828),1,0,0,0,0,"0,0008564814815","0,0008564814815","0,0008564814815",0,0,0,0,0,0,0,0
2026-10-01,Publishing to GitHub Packages,Publish package (devextreme-monorepo-tools-25.1.15-build-26274-1828),1,0,0,0,0,"0,0007175925926","0,0007175925926","0,0007175925926",0,0,0,0,0,0,0,0
2026-10-01,Publishing to GitHub Packages,Publish package (devextreme-dist-internal-25.1.15-build-26274-1828),1,0,0,0,0,"0,0007407407407","0,0007407407407","0,0007407407407",0,0,0,0,0,0,0,0
2026-10-01,Publishing to GitHub Packages,Publish package (devextreme-themebuilder-25.1.15-build-26274-1828),1,0,0,0,0,"0,0007523148148","0,0007523148148","0,0007523148148",0,0,0,0,0,0,0,0
2026-10-01,Publishing to GitHub Packages,Publish package (devextreme-dist-25.1.15-build-26274-1828),1,0,0,0,0,"0,0007986111111","0,0007986111111","0,0007986111111",0,0,0,0,0,0,0,0
2026-10-01,Publishing to GitHub Packages (scheduler),Run Packages Publishing workflow (25_2),0,0,0,0,0,0,0,0,1,0,0,0,0,"0,0001157407407","0,0001157407407","0,0001157407407"
2026-10-01,Publishing to GitHub Packages (scheduler),Run Packages Publishing workflow (26_1),0,0,0,0,0,0,0,0,1,0,0,0,0,"0,00008101851852","0,00008101851852","0,00008101851852"
2026-10-01,Publishing to GitHub Packages (scheduler),Run Packages Publishing workflow (24_2),0,0,0,0,0,0,0,0,1,0,0,0,0,"0,00008101851852","0,00008101851852","0,00008101851852"
2026-10-01,Publishing to GitHub Packages (scheduler),Run Packages Publishing workflow (25_1),0,0,0,0,0,0,0,0,1,0,0,0,0,"0,00005787037037","0,00005787037037","0,00005787037037"
2026-10-01,Publishing to GitHub Packages (scheduler),Run Packages Publishing workflow (main),0,0,0,0,0,0,0,0,1,0,0,0,0,"0,00008101851852","0,00008101851852","0,00008101851852"
2026-10-01,Playgrounds tests,build,7,0,0,0,0,"0,003263888889","0,00390542328","0,004710648148",54,0,2,0,1,"0,00001157407407","0,003393890542","0,006087962963"
2026-10-01,Playgrounds tests,angular,7,0,0,0,0,"0,001724537037","0,002541335979","0,004918981481",54,0,0,0,1,"0,001886574074","0,002383187586","0,004618055556"
2026-10-01,Playgrounds tests,react,7,0,0,0,0,"0,001469907407","0,001577380952","0,001747685185",53,1,0,0,1,"0,001388888889","0,001909079218","0,008344907407"
2026-10-01,Playgrounds tests,vue,7,0,0,0,0,"0,001458333333","0,001607142857","0,001921296296",54,0,0,0,1,"0,001238425926","0,001742969822","0,002488425926"
2026-10-01,Playgrounds tests,matrix.ARGS.platform,0,0,0,0,0,0,0,0,0,0,2,0,0,"-0,00001157407407","-0,000005787037037",0
2026-10-01,Playwright tests,Check if tests should run,0,0,0,0,0,0,0,0,35,0,1,0,0,"0,00001157407407","0,0002228009259","0,0003703703704"
2026-10-01,Playwright tests,Determine Playwright matrix,0,0,0,0,0,0,0,0,35,0,1,0,0,0,"0,00003761574074","0,00008101851852"
2026-10-01,Playwright tests,Build DevExtreme,0,0,0,0,0,0,0,0,35,0,1,0,0,0,"0,003398276749","0,004826388889"
2026-10-01,Playwright tests,generic,0,0,0,0,0,0,0,0,35,0,0,0,0,"0,0008912037037","0,00105489418","0,001226851852"
2026-10-01,Playwright tests,cardView - fluent,0,0,0,0,0,0,0,0,35,0,0,0,0,"0,000775462963","0,001002645503","0,001678240741"
2026-10-01,Playwright tests,scheduler / common (1/3) - fluent,0,0,0,0,0,0,0,0,35,0,0,0,0,"0,000775462963","0,001010912698","0,001712962963"
2026-10-01,Playwright tests,material,0,0,0,0,0,0,0,0,34,1,0,0,0,"0,0009606481481","0,00126223545","0,007650462963"
2026-10-01,Playwright tests,material - compact,0,0,0,0,0,0,0,0,35,0,0,0,0,"0,0009490740741","0,001088624339","0,002175925926"
2026-10-01,Playwright tests,scheduler / common (2/3) - fluent,0,0,0,0,0,0,0,0,35,0,0,0,0,"0,0009027777778","0,001003637566","0,001712962963"
2026-10-01,Playwright tests,dataGrid (3/4) - fluent,0,0,0,0,0,0,0,0,34,1,0,0,0,"0,0009143518519","0,001204695767","0,007650462963"
2026-10-01,Playwright tests,scheduler / common (3/3) - fluent,0,0,0,0,0,0,0,0,34,1,0,0,0,"0,0009143518519","0,001211309524","0,007650462963"
2026-10-01,Playwright tests,dataGrid (2/4) - fluent,0,0,0,0,0,0,0,0,35,0,0,0,0,"0,0008796296296","0,001006613757","0,001122685185"
2026-10-01,Playwright tests,scheduler / viewOffset (2/2) - fluent,0,0,0,0,0,0,0,0,35,0,0,0,0,"0,0008912037037","0,0009831349206","0,001145833333"
2026-10-01,Playwright tests,common - fluent,0,0,0,0,0,0,0,0,35,0,0,0,0,"0,0009259259259","0,001107804233","0,001840277778"
2026-10-01,Playwright tests,dataGrid (1/4) - fluent,0,0,0,0,0,0,0,0,34,1,0,0,0,"0,0009027777778","0,001196097884","0,007650462963"
2026-10-01,Playwright tests,editors - fluent,0,0,0,0,0,0,0,0,34,1,0,0,0,"0,0009375","0,001222222222","0,007650462963"
2026-10-01,Playwright tests,dataGrid (4/4) - fluent,0,0,0,0,0,0,0,0,35,0,0,0,0,"0,000787037037","0,001017195767","0,001666666667"
2026-10-01,Playwright tests,scheduler / timezones (America/Los_Angeles) - fluent,0,0,0,0,0,0,0,0,34,1,0,0,0,"0,0009143518519","0,001198412698","0,007650462963"
2026-10-01,Playwright tests,scheduler / timezones (Europe/Berlin) - fluent,0,0,0,0,0,0,0,0,35,0,0,0,0,"0,0009143518519","0,001047619048","0,00224537037"
2026-10-01,Playwright tests,scheduler / viewOffset (1/2) - fluent,0,0,0,0,0,0,0,0,34,1,0,0,0,"0,0009143518519","0,001196428571","0,007650462963"
2026-10-01,Playwright tests,accessibility - fluent,0,0,0,0,0,0,0,0,35,0,0,0,0,"0,0009027777778","0,001016865079","0,00130787037"
2026-10-01,Playwright tests,navigation - fluent,0,0,0,0,0,0,0,0,35,0,0,0,0,"0,0009027777778","0,000996031746","0,001469907407"
2026-10-01,Playwright tests,merge-artifacts,0,0,0,0,0,0,0,0,36,0,0,0,0,"0,00003472222222","0,00007780349794","0,0004861111111"
2026-10-01,Playwright tests,${{ matrix.name }}${{ ((!matrix.theme && ' - fluent') || '') }},0,0,0,0,0,0,0,0,0,0,1,0,0,0,0,0
2026-10-01,PR Storybook - Preview (manual),deploy Storybook preview for PR,3,0,3,0,1,"0,002847222222","0,007422839506","0,01221064815",0,0,0,0,0,0,0,0
2026-10-01,PR #35440: Grids: type columnsController file-local members and public API,Remove storybook,0,0,0,0,0,0,0,0,0,0,0,5,0,0,"-0,00006712962963",0
2026-10-01,PR #35440: Grids: type columnsController file-local members and public API,Build & Deploy,0,0,0,0,0,0,0,0,0,0,0,5,0,0,"-0,0000625",0
2026-10-01,PR #35433: Grids: type columnsController file-local members and public API,Build & Deploy,0,0,0,0,0,0,0,0,0,0,0,10,0,0,"-0,00002546296296",0
2026-10-01,PR #35433: Grids: type columnsController file-local members and public API,Remove storybook,0,0,0,0,0,0,0,0,0,0,0,10,0,0,"-0,00004166666667",0
2026-10-01,PR #35448: Grids: fix focus loss after re-render with async templates,Remove storybook,0,0,0,0,0,0,0,0,0,0,0,2,0,0,"-0,000005787037037",0
2026-10-01,PR #35448: Grids: fix focus loss after re-render with async templates,Build & Deploy,0,0,0,0,0,0,0,0,0,0,0,2,0,0,"-0,00005787037037",0
2026-10-01,PR #35434: [Storybook preview] T1335911 - Before and After resize fixes,Build & Deploy,0,0,0,0,0,0,0,0,0,0,0,1,0,0,0,0
2026-10-01,PR #35434: [Storybook preview] T1335911 - Before and After resize fixes,Remove storybook,0,0,0,0,0,0,0,0,0,0,0,1,0,0,"-0,00006944444444",0
2026-10-01,PR #35371: T1335911 - DataGrid — Incorrect column resize separator position when resizing a column fixed to the right if another column is behind it,Build & Deploy,0,0,0,0,0,0,0,0,0,0,0,3,0,0,"-0,00003858024691",0
2026-10-01,PR #35371: T1335911 - DataGrid — Incorrect column resize separator position when resizing a column fixed to the right if another column is behind it,Remove storybook,0,0,0,0,0,0,0,0,0,0,0,3,0,0,"-0,00005787037037",0
2026-10-01,PR #35447: Grids: type and remove m_ prefix from DataGrid and TreeList core modules,Build & Deploy,0,0,0,0,0,0,0,0,0,0,0,3,0,0,"-0,00003086419753",0
2026-10-01,PR #35447: Grids: type and remove m_ prefix from DataGrid and TreeList core modules,Remove storybook,0,0,0,0,0,0,0,0,0,0,0,3,0,0,"-0,000007716049383",0
2026-10-01,PR #35364: T1335911 - DataGrid — Incorrect column resize separator position when resizing a column fixed to the right if another column is behind it,Build & Deploy,0,0,0,0,0,0,0,0,0,0,0,4,0,0,"-0,000005787037037",0
2026-10-01,PR #35364: T1335911 - DataGrid — Incorrect column resize separator position when resizing a column fixed to the right if another column is behind it,Remove storybook,0,0,0,0,0,0,0,0,0,0,0,4,0,0,"-0,00005787037037",0
2026-10-01,PR #35431: Grids: type and remove m_ prefix from DataGrid and TreeList core modules,Build & Deploy,0,0,0,0,0,0,0,0,0,0,0,3,0,0,"-0,00002700617284",0
2026-10-01,PR #35431: Grids: type and remove m_ prefix from DataGrid and TreeList core modules,Remove storybook,0,0,0,0,0,0,0,0,0,0,0,3,0,0,"-0,00009259259259",0
2026-10-01,PR #35445: update devexpress-gantt version to 4.1.71,Remove storybook,0,0,0,0,0,0,0,0,0,0,0,1,0,0,0,0
2026-10-01,PR #35445: update devexpress-gantt version to 4.1.71,Build & Deploy,0,0,0,0,0,0,0,0,0,0,0,1,0,0,0,0
2026-10-01,PR #35434: [Storybook preview] T1335911 - After resize fixes,Build & Deploy,0,0,0,0,0,0,0,0,0,0,0,1,0,0,0,0
2026-10-01,PR #35434: [Storybook preview] T1335911 - After resize fixes,Remove storybook,0,0,0,0,0,0,0,0,0,0,0,1,0,0,0,0
2026-10-01,PR #35443: [Storybook preview] T1335911 - Before resize fixes,Remove storybook,0,0,0,0,0,0,0,0,0,0,0,2,0,0,"-0,000005787037037",0
2026-10-01,PR #35443: [Storybook preview] T1335911 - Before resize fixes,Build & Deploy,0,0,0,0,0,0,0,0,0,0,0,2,0,0,"-0,00006365740741",0
2026-10-01,PR #35434: [Storybook preview] T1335911 - widget resize separator with right-fixed columns,Remove storybook,0,0,0,0,0,0,0,0,0,0,0,4,0,0,"-0,000002893518519",0
2026-10-01,PR #35434: [Storybook preview] T1335911 - widget resize separator with right-fixed columns,Build & Deploy,0,0,0,0,0,0,0,0,0,0,0,4,0,0,"-0,00007523148148",0
2026-10-01,PR #35442: fix(angular): remove loadPanel.indicatorOptions from legacy nested components,Remove storybook,0,0,0,0,0,0,0,0,0,0,0,4,0,0,"-0,00004918981481",0
2026-10-01,PR #35442: fix(angular): remove loadPanel.indicatorOptions from legacy nested components,Build & Deploy,0,0,0,0,0,0,0,0,0,0,0,4,0,0,0,0
2026-10-01,PR #35418: update devexpress-gantt version to 4.1.71,Remove storybook,0,0,0,0,0,0,0,0,0,0,0,1,0,0,0,0
2026-10-01,PR #35418: update devexpress-gantt version to 4.1.71,Build & Deploy,0,0,0,0,0,0,0,0,0,0,0,1,0,0,0,0
2026-10-01,PR #35441: Grids: fix keyboard focus jumping back with async templates (T1336240),Remove storybook,0,0,0,0,0,0,0,0,0,0,0,3,0,0,"-0,000003858024691",0
2026-10-01,PR #35441: Grids: fix keyboard focus jumping back with async templates (T1336240),Build & Deploy,0,0,0,0,0,0,0,0,0,0,0,3,0,0,"-0,00005787037037",0
2026-10-01,PR #35423: Fix: DataGrid Demos - Edit State Management demo template error when editRowKey is undefined,Remove storybook,0,0,0,0,0,0,0,0,0,0,0,1,0,0,0,0
2026-10-01,PR #35423: Fix: DataGrid Demos - Edit State Management demo template error when editRowKey is undefined,Build & Deploy,0,0,0,0,0,0,0,0,0,0,0,1,0,0,0,0
2026-10-01,PR #35425: Fix (CP): DataGrid Demos - Edit State Management demo template error when editRowKey is undefined,Build & Deploy,0,0,0,0,0,0,0,0,0,0,0,1,0,0,0,0
2026-10-01,PR #35425: Fix (CP): DataGrid Demos - Edit State Management demo template error when editRowKey is undefined,Remove storybook,0,0,0,0,0,0,0,0,0,0,0,1,0,0,"-0,0001157407407",0
2026-10-01,PR #35439: CP: fix(dxHttpModule): Fix devextreme angular http module total reporting (T1335942),Build & Deploy,0,0,0,0,0,0,0,0,0,0,0,3,0,0,"-0,00003858024691",0
2026-10-01,PR #35439: CP: fix(dxHttpModule): Fix devextreme angular http module total reporting (T1335942),Remove storybook,0,0,0,0,0,0,0,0,0,0,0,3,0,0,"-0,000003858024691",0
2026-10-01,PR #35438: angular demos - fix ng-if,Build & Deploy,0,0,0,0,0,0,0,0,0,0,0,3,0,0,"-0,00003086419753",0
2026-10-01,PR #35438: angular demos - fix ng-if,Remove storybook,0,0,0,0,0,0,0,0,0,0,0,3,0,0,"-0,00008101851852",0
2026-10-01,PR #35437: Angular Demos - remove eager,Remove storybook,0,0,0,0,0,0,0,0,0,0,0,3,0,0,"-0,00003472222222",0
2026-10-01,PR #35437: Angular Demos - remove eager,Build & Deploy,0,0,0,0,0,0,0,0,0,0,0,3,0,0,"-0,0000462962963",0
2026-10-01,PR #35436: Grids: remove m_ prefix from clean test files and fix eslint config,Build & Deploy,0,0,0,0,0,0,0,0,0,0,0,4,0,0,"-0,00004918981481",0
2026-10-01,PR #35436: Grids: remove m_ prefix from clean test files and fix eslint config,Remove storybook,0,0,0,0,0,0,0,0,0,0,0,4,0,0,"-0,00002604166667",0
2026-10-01,"PR #35435: Grids - Remove 'm_' prefixes - AI Column, Toast & misc",Build & Deploy,0,0,0,0,0,0,0,0,0,0,0,6,0,0,"-0,00003472222222",0
2026-10-01,"PR #35435: Grids - Remove 'm_' prefixes - AI Column, Toast & misc",Remove storybook,0,0,0,0,0,0,0,0,0,0,0,6,0,0,"-0,00004436728395",0
2026-10-01,PR #35427: Grids: remove m_ prefix from clean test files and fix eslint config,Remove storybook,0,0,0,0,0,0,0,0,0,0,0,1,0,0,"-0,00001157407407",0
2026-10-01,PR #35427: Grids: remove m_ prefix from clean test files and fix eslint config,Build & Deploy,0,0,0,0,0,0,0,0,0,0,0,1,0,0,"-0,00006944444444",0
2026-10-01,"PR #35432: Grids - Remove 'm_' prefixes - AI Column, Toast & misc",Remove storybook,0,0,0,0,0,0,0,0,0,0,0,3,0,0,"-0,00003086419753",0
2026-10-01,"PR #35432: Grids - Remove 'm_' prefixes - AI Column, Toast & misc",Build & Deploy,0,0,0,0,0,0,0,0,0,0,0,3,0,0,"-0,00006172839506",0
2026-10-01,PR #35419: Angular Demos - remove eager,Remove storybook,0,0,0,0,0,0,0,0,0,0,0,2,0,0,"-0,000005787037037",0
2026-10-01,PR #35419: Angular Demos - remove eager,Build & Deploy,0,0,0,0,0,0,0,0,0,0,0,2,0,0,"-0,000005787037037",0
2026-10-01,PR #35424: DataGrid: Fix a column added at runtime being duplicated on every state restore after it is declared in columns (T1336036),Remove storybook,0,0,0,0,0,0,0,0,0,0,0,1,0,0,0,0
2026-10-01,PR #35424: DataGrid: Fix a column added at runtime being duplicated on every state restore after it is declared in columns (T1336036),Build & Deploy,0,0,0,0,0,0,0,0,0,0,0,1,0,0,"-0,0001157407407",0
2026-10-01,PR #35432: Grids - Remove 'm_' prefixes,Build & Deploy,0,0,0,0,0,0,0,0,0,0,0,1,0,0,0,0
2026-10-01,PR #35432: Grids - Remove 'm_' prefixes,Remove storybook,0,0,0,0,0,0,0,0,0,0,0,1,0,0,0,0
2026-10-01,QUnit tests,Build,7,0,0,0,0,"0,002141203704","0,002729828042","0,003217592593",54,1,2,0,2,0,"0,002543859649","0,008333333333"
2026-10-01,QUnit tests,Check if all tests should run,7,0,0,0,0,"0,00002314814815","0,00003802910053","0,00005787037037",56,0,1,0,2,0,"0,00003756497726","0,00006944444444"
2026-10-01,QUnit tests,ui.editors-shadow-dom,7,0,0,0,0,"0,002951388889","0,003338293651","0,003518518519",54,0,0,0,2,"0,002685185185","0,003463434499","0,004490740741"
2026-10-01,QUnit tests,ui.grid-shadow-dom,7,0,0,0,0,"0,002835648148","0,003897156085","0,004178240741",51,2,1,0,2,"0,0001967592593","0,004212962963","0,009293981481"
2026-10-01,QUnit tests,ui.widgets-shadow-dom,7,0,0,0,0,"0,003599537037","0,003890542328","0,00400462963",52,1,1,0,2,"0,0001967592593","0,004141803841","0,00880787037"
2026-10-01,QUnit tests,Constel ui.editors,7,0,0,0,0,"0,002673611111","0,003111772487","0,003275462963",54,0,0,0,2,"0,002349537037","0,003258744856","0,004351851852"
2026-10-01,QUnit tests,Constel ui.scheduler,7,0,0,0,0,"0,002824074074","0,003201058201","0,00337962963",54,0,0,0,2,"0,002777777778","0,003269675926","0,003888888889"
2026-10-01,QUnit tests,Constel misc,7,0,0,0,0,"0,001828703704","0,0025","0,00275462963",54,0,0,0,2,"0,001701388889","0,002598165295","0,003229166667"
2026-10-01,QUnit tests,Constel ui.widgets-no-csp,7,0,0,0,0,"0,003472222222","0,003629298942","0,00369212963",54,0,0,0,2,"0,003171296296","0,003834019204","0,005613425926"
2026-10-01,QUnit tests,ui-shadow-dom,7,0,0,0,0,"0,002060185185","0,002774470899","0,003217592593",53,1,0,0,2,"0,002083333333","0,00302704904","0,008344907407"
2026-10-01,QUnit tests,Constel ui,7,0,0,0,0,"0,002199074074","0,002625661376","0,002824074074",52,1,1,0,2,"0,0001967592593","0,002808427641","0,007638888889"
2026-10-01,QUnit tests,Constel misc-no-csp,7,0,0,0,0,"0,002060185185","0,002595899471","0,0028125",54,0,0,0,2,"0,002118055556","0,002650677298","0,003425925926"
2026-10-01,QUnit tests,Constel ui.grid,7,0,0,0,0,"0,002650462963","0,003903769841","0,004652777778",51,2,1,0,2,"0,0001967592593","0,003916752401","0,007638888889"
2026-10-01,QUnit tests,ui.scheduler-shadow-dom,7,0,0,0,0,"0,002604166667","0,00328207672","0,003877314815",51,2,1,0,2,"0,0001967592593","0,003578746571","0,009027777778"
2026-10-01,QUnit tests,Constel ui.scheduler-US/Pacific,7,0,0,0,0,"0,002893518519","0,003253968254","0,003344907407",54,0,0,0,2,"0,002395833333","0,003357553155","0,004722222222"
2026-10-01,QUnit tests,Send notifications,0,0,0,7,0,0,"-0,000003306878307",0,0,0,3,54,2,0,"-0,000004061078622",0
2026-10-01,QUnit tests,Constel export,1,0,0,0,0,"0,002013888889","0,002013888889","0,002013888889",4,0,0,0,0,"0,001631944444","0,001684027778","0,001712962963"
2026-10-01,QUnit tests,"Constel ${{ matrix.CONSTEL }}${{ (((matrix.TIMEZONE != '') && format('-{0}', matrix.TIMEZONE)) || '') }}${{ (((matrix.CSP == 'false') && '-no-csp') || '') }}",0,0,0,0,0,0,0,0,0,0,2,1,0,0,0,0
2026-10-01,QUnit tests,${{ matrix.constel }}-shadow-dom,0,0,0,0,0,0,0,0,0,0,2,1,0,0,0,0
2026-10-01,Auto approve renovate bot PR,auto-approve,0,0,0,0,0,0,0,0,49,0,0,0,0,"0,00002314814815","0,00003826530612","0,00005787037037"
2026-10-01,Jest tests,jest-tests,7,0,0,0,0,"0,004722222222","0,005208333333","0,005844907407",53,0,2,0,0,"0,00001157407407","0,004966540404","0,006967592593"
2026-10-01,Jest tests,Send notifications,0,0,0,7,0,0,0,0,0,0,2,53,0,"-0,00001157407407","-0,000006944444444",0
2026-10-01,Repository Check,Collect flaky reports,0,0,0,0,0,0,0,0,8,0,0,0,0,"0,001087962963","0,001681134259","0,003078703704"
2026-10-01,Repository Check,Invoke / Repository Check,7,0,0,0,0,"0,0005787037037","0,0008068783069","0,001273148148",8,0,0,0,0,"0,0006828703704","0,0009259259259","0,001261574074"
2026-10-01,Styles tests,Tests,7,0,0,0,0,"0,0009953703704","0,001436838624","0,001689814815",54,0,1,0,0,"0,00001157407407","0,001519781145","0,002025462963"
2026-10-01,Styles tests,Send notifications,0,0,0,7,0,0,"-0,000006613756614",0,0,0,1,54,0,"-0,00001157407407","-0,000003998316498",0
2026-10-01,TestCafe tests,Check if tests should run,7,0,0,0,0,"0,0000462962963","0,0003025793651","0,0003819444444",58,0,1,0,4,"0,00001157407407","0,0002026443817","0,000474537037"
2026-10-01,TestCafe tests,Determine TestCafe matrix,6,0,0,0,0,"0,00002314814815","0,00003665123457","0,0000462962963",52,0,1,0,2,0,"0,00003472222222","0,0000462962963"
2026-10-01,TestCafe tests,Build DevExtreme,7,0,0,0,0,"0,002916666667","0,004039351852","0,00712962963",56,1,2,0,4,0,"0,003772363465","0,008368055556"
2026-10-01,TestCafe tests,dataGrid (4/4) - fluent,7,0,0,0,0,"0,003923611111","0,004659391534","0,007106481481",56,0,0,0,4,"0,003287037037","0,004105076058","0,007071759259"
2026-10-01,TestCafe tests,dataGrid (2/4) - fluent,7,0,0,0,0,"0,003310185185","0,003708664021","0,003842592593",56,0,0,0,4,"0,003634259259","0,003874007937","0,005428240741"
2026-10-01,TestCafe tests,generic,7,0,0,0,0,"0,001701388889","0,002213955026","0,002615740741",56,0,0,0,4,"0,001736111111","0,002315228175","0,003796296296"
2026-10-01,TestCafe tests,material - compact,7,0,0,0,0,"0,001342592593","0,001526124339","0,001666666667",55,1,0,0,4,"0,001342592593","0,001673073743","0,006944444444"
2026-10-01,TestCafe tests,cardView - fluent,6,0,1,0,0,"0,002372685185","0,006665013228","0,03149305556",55,0,1,0,4,"0,002361111111","0,003071263228","0,03148148148"
2026-10-01,TestCafe tests,editors - fluent,7,0,0,0,0,"0,002696759259","0,003278769841","0,003946759259",54,2,0,0,4,"0,003159722222","0,003577215608","0,009733796296"
2026-10-01,TestCafe tests,scheduler / common (1/3) - fluent,7,0,0,0,0,"0,003460648148","0,003647486772","0,003888888889",56,0,0,0,4,"0,003425925926","0,003690269511","0,004479166667"
2026-10-01,TestCafe tests,navigation - fluent,7,0,0,0,0,"0,003217592593","0,00339781746","0,003831018519",55,1,0,0,4,"0,003229166667","0,003600983796","0,007638888889"
2026-10-01,TestCafe tests,dataGrid (1/4) - fluent,7,0,0,0,0,"0,003321759259","0,003822751323","0,00400462963",55,1,0,0,4,"0,003761574074","0,004007316468","0,007638888889"
2026-10-01,TestCafe tests,dataGrid (3/4) - fluent,7,0,0,0,0,"0,003703703704","0,003844246032","0,004375",55,1,0,0,4,"0,003310185185","0,003814690807","0,004363425926"
2026-10-01,TestCafe tests,scheduler / common (3/3) - fluent,7,0,0,0,0,"0,003425925926","0,003543320106","0,003715277778",55,1,0,0,4,"0,003368055556","0,003656374008","0,009027777778"
2026-10-01,TestCafe tests,accessibility - material.dark,6,0,0,0,0,"0,002881944444","0,003748070988","0,0065625",0,0,0,0,0,0,0,0
2026-10-01,TestCafe tests,scheduler / timezones (Europe/Berlin) - fluent,7,0,0,0,0,"0,001493055556","0,001623677249","0,001759259259",56,0,0,0,4,"0,001516203704","0,001636284722","0,002974537037"
2026-10-01,TestCafe tests,accessibility - fluent,7,0,0,0,0,"0,002731481481","0,003030753968","0,003402777778",56,0,0,0,4,"0,002743055556","0,003121486442","0,00662037037"
2026-10-01,TestCafe tests,scheduler / viewOffset (2/2) - fluent,7,0,0,0,0,"0,003634259259","0,003938492063","0,00412037037",55,1,0,0,4,"0,003518518519","0,004136698082","0,01042824074"
2026-10-01,TestCafe tests,scheduler / timezones (America/Los_Angeles) - fluent,7,0,0,0,0,"0,00150462963","0,001605489418","0,001782407407",56,0,0,0,4,"0,001493055556","0,001677414021","0,003125"
2026-10-01,TestCafe tests,common - fluent,7,0,0,0,0,"0,002581018519","0,00371031746","0,004236111111",56,0,0,0,4,"0,00255787037","0,003826678241","0,005798611111"
2026-10-01,TestCafe tests,accessibility - fluent.dark,6,0,0,0,0,"0,002847222222","0,003111496914","0,003842592593",0,0,0,0,0,0,0,0
2026-10-01,TestCafe tests,scheduler / common (2/3) - fluent,7,0,0,0,0,"0,003356481481","0,003516865079","0,003842592593",56,0,0,0,4,"0,002893518519","0,003617724868","0,004421296296"
2026-10-01,TestCafe tests,accessibility - material.light,6,0,0,0,0,"0,00287037037","0,00306712963","0,003449074074",0,0,0,0,0,0,0,0
2026-10-01,TestCafe tests,scheduler / viewOffset (1/2) - fluent,7,0,0,0,0,"0,003703703704","0,00398478836","0,004212962963",56,0,0,0,4,"0,003321759259","0,004006283069","0,004282407407"
2026-10-01,TestCafe tests,material,7,0,0,0,0,"0,001469907407","0,001836970899","0,001990740741",56,0,0,0,4,"0,001736111111","0,00193411045","0,00337962963"
2026-10-01,TestCafe tests,quarantine,7,0,0,0,0,"0,001377314815","0,001866732804","0,002303240741",50,6,2,1,4,"-0,00001157407407","0,001820464532","0,003553240741"
2026-10-01,TestCafe tests,merge-artifacts,7,0,0,0,0,"0,00003472222222","0,00007275132275","0,0001157407407",59,0,0,0,4,"0,00003472222222","0,0000759180791","0,0002546296296"
2026-10-01,TestCafe tests,Send notifications,0,0,0,7,0,0,"-0,000003306878307",0,0,0,2,57,4,"-0,00001157407407","-0,000004904268675",0
2026-10-01,TestCafe tests,${{ matrix.ARGS.name }}${{ ((!matrix.ARGS.theme && ' - fluent') || '') }},0,0,0,0,0,0,0,0,0,0,0,1,0,0,"-0,00001157407407",0
2026-10-01,TestCafe tests,${{ matrix.name }}${{ ((!matrix.theme && ' - fluent') || '') }},0,0,0,0,0,0,0,0,0,0,2,0,0,"-0,00001157407407","-0,000005787037037",0
2026-10-01,Themebuilder and Styles tests,test,7,0,0,0,0,"0,002164351852","0,00283234127","0,003761574074",52,1,2,0,0,"0,00001157407407","0,002571127946","0,006944444444"
2026-10-01,Themebuilder and Styles tests,Send notifications,0,0,0,7,0,0,"-0,000001653439153",0,0,0,2,53,0,"-0,00001157407407","-0,000006102693603",0
2026-10-01,TS Declarations,check-ts-bundle,7,0,0,0,0,"0,0009722222222","0,00144510582","0,001712962963",54,0,1,0,0,"0,00001157407407","0,00141540404","0,003668981481"
2026-10-01,TS Declarations,validate-declarations,7,0,0,0,0,"0,001087962963","0,00154265873","0,001851851852",54,0,1,0,0,"0,00001157407407","0,001461489899","0,003206018519"
2026-10-01,TS Declarations,Send notifications,0,0,0,7,0,0,"-0,000003306878307",0,0,0,1,54,0,0,"-0,000005681818182",0
2026-10-01,Demos Visual Tests,Determine jQuery test matrix,6,0,0,0,0,"0,00002314814815","0,00003086419753","0,0000462962963",16,0,0,0,1,"0,00002314814815","0,00003399884259","0,0000462962963"
2026-10-01,Demos Visual Tests,Check generated demos,6,0,0,0,0,"0,004456018519","0,004569830247","0,004699074074",39,0,2,15,5,"-0,00001157407407","0,002975363757","0,0105787037"
2026-10-01,Demos Visual Tests,"Build vendor bundles (React, Vue)",6,0,0,0,0,"0,001006944444","0,001313657407","0,001967592593",41,0,2,13,5,"-0,00001157407407","0,0004933449074","0,001898148148"
2026-10-01,Demos Visual Tests,Check TS and lint code base,6,0,0,0,0,"0,00275462963","0,003649691358","0,004340277778",39,2,2,13,5,"-0,00001157407407","0,002292080026","0,005115740741"
2026-10-01,Demos Visual Tests,CSP check (Angular 1/3),6,0,0,0,0,"0,004548611111","0,005503472222","0,007696759259",40,1,0,0,4,"0,004560185185","0,005191960253","0,008333333333"
2026-10-01,Demos Visual Tests,CSP check (Vue 2/2),6,0,0,0,0,"0,00505787037","0,005542052469","0,005902777778",40,1,0,0,4,"0,005324074074","0,005634033424","0,009722222222"
2026-10-01,Demos Visual Tests,CSP check (Vue 1/2),6,0,0,0,0,"0,005173611111","0,005495756173","0,005787037037",41,0,0,0,4,"0,005300925926","0,005533254291","0,005740740741"
2026-10-01,Demos Visual Tests,CSP check (Angular 3/3),6,0,0,0,0,"0,004803240741","0,005432098765","0,007847222222",41,0,0,0,4,"0,004375","0,005067186089","0,00619212963"
2026-10-01,Demos Visual Tests,CSP check (React 1/2),6,0,0,0,0,"0,005416666667","0,005790895062","0,007233796296",41,0,0,0,4,"0,005092592593","0,005599593496","0,007280092593"
2026-10-01,Demos Visual Tests,CSP check (Angular 2/3),6,0,0,0,0,"0,005185185185","0,005364583333","0,005775462963",41,0,0,0,4,"0,004953703704","0,0051383243","0,005439814815"
2026-10-01,Demos Visual Tests,jquery-accessibility-material.blue.dark,6,0,0,0,0,"0,002986111111","0,00368441358","0,006493055556",41,0,0,0,4,"0,00244212963","0,003344625113","0,006678240741"
2026-10-01,Demos Visual Tests,CSP check (React 2/2),6,0,0,0,0,"0,005451388889","0,005507330247","0,005543981481",40,1,0,0,4,"0,005127314815","0,005508130081","0,008333333333"
2026-10-01,Demos Visual Tests,jquery-accessibility-fluent.blue.dark,6,0,0,0,0,"0,002905092593","0,003115354938","0,00369212963",41,0,0,0,4,"0,0021875","0,00300615402","0,004884259259"
2026-10-01,Demos Visual Tests,CSP check (jQuery),6,0,0,0,0,"0,008020833333","0,00853587963","0,01037037037",52,1,3,0,5,"-0,00001157407407","0,007881324405","0,008888888889"
2026-10-01,Demos Visual Tests,Build demos (Angular 3/3),6,0,0,0,0,"0,001111111111","0,001178626543","0,001238425926",41,0,0,0,4,"0,001030092593","0,001278794038","0,002256944444"
2026-10-01,Demos Visual Tests,Build demos (React),6,0,0,0,0,"0,0009490740741","0,001157407407","0,001481481481",41,0,0,0,4,"0,001018518519","0,00123052168","0,002118055556"
2026-10-01,Demos Visual Tests,Build demos (Angular 1/3),6,0,0,0,0,"0,001122685185","0,001199845679","0,001296296296",41,0,0,0,4,"0,001111111111","0,00123362692","0,0021875"
2026-10-01,Demos Visual Tests,Build demos (Vue),6,0,0,0,0,"0,001006944444","0,001114969136","0,001238425926",41,0,0,0,4,"0,0009953703704","0,001168981481","0,00212962963"
2026-10-01,Demos Visual Tests,Build demos (Angular 2/3),6,0,0,0,0,"0,001122685185","0,00143904321","0,0021875",41,0,0,0,4,"0,001111111111","0,001315210027","0,002326388889"
2026-10-01,Demos Visual Tests,CSP Violations Summary,6,0,0,0,0,"0,0002893518519","0,000368441358","0,000462962963",52,0,4,0,5,"-0,00001157407407","0,000281291336","0,0003819444444"
2026-10-01,Demos Visual Tests,"matrix.SHARD_TOTAL == 1 && format('CSP check ({0})', matrix.FRAMEWORK) || format('CSP check ({0} {1}/{2})', matrix.FRAMEWORK, matrix.SHARD_INDEX, matrix.SHARD_TOTAL)",0,0,0,0,0,0,0,0,0,0,2,13,1,"-0,00001157407407","-0,001218364198",0
2026-10-01,Demos Visual Tests,"matrix.SHARD_TOTAL == 1 && format('Build demos ({0})', matrix.FRAMEWORK) || format('Build demos ({0} {1}/{2})', matrix.FRAMEWORK, matrix.SHARD_INDEX, matrix.SHARD_TOTAL)",0,0,0,0,0,0,0,0,0,0,2,13,1,0,"-0,001217592593",0
2026-10-01,Demos Visual Tests,${{ matrix.CONSTEL }}-${{ matrix.STRATEGY }}-${{ matrix.THEME }},0,0,0,0,0,0,0,0,0,0,2,0,0,"-0,00001157407407","-0,000005787037037",0
2026-10-01,Demos Visual Tests,react-screenshots-fluent.blue.light,0,0,0,0,0,0,0,0,2,0,0,0,0,"0,001516203704","0,002361111111","0,003206018519"
2026-10-01,Demos Visual Tests,angular-screenshots-fluent.blue.light,0,0,0,0,0,0,0,0,2,0,0,0,0,"0,001631944444","0,002575231481","0,003518518519"
2026-10-01,Demos Visual Tests,vue-screenshots-fluent.blue.light,0,0,0,0,0,0,0,0,2,0,0,0,0,"0,001481481481","0,002332175926","0,00318287037"
2026-10-01,Wrappers Tests,build,6,0,1,0,0,"0,0008680555556","0,003346560847","0,004675925926",54,0,2,0,1,"0,00001157407407","0,003420345569","0,007372685185"
2026-10-01,Wrappers Tests,check-regenerate,6,0,1,0,0,"0,0008796296296","0,001557539683","0,001909722222",55,0,1,0,1,"0,00001157407407","0,001645378638","0,003854166667"
2026-10-01,Wrappers Tests,test (vue),6,0,0,0,0,"0,003194444444","0,003541666667","0,004606481481",54,0,0,0,1,"0,001747685185","0,003501800412","0,00787037037"
2026-10-01,Wrappers Tests,test (react),6,0,0,0,0,"0,003217592593","0,003601466049","0,005046296296",54,0,0,0,1,"0,001793981481","0,003282964678","0,004594907407"
2026-10-01,Wrappers Tests,test (angular),6,0,0,0,0,"0,005983796296","0,007237654321","0,01248842593",53,1,0,0,1,"0,001990740741","0,005734739369","0,01300925926"
2026-10-01,Wrappers Tests,test,0,0,1,0,0,"-0,00001157407407","-0,00001157407407",0,0,0,2,0,0,"-0,00003472222222","-0,00001736111111",0
2026-10-01,Wrappers E2E Tests,Build DevExtreme and Wrappers,7,0,0,0,0,"0,005335648148","0,006053240741","0,006851851852",53,1,2,0,1,"0,00001157407407","0,005564856151","0,0133912037"
2026-10-01,Wrappers E2E Tests,Test angular,7,0,0,0,0,"0,001041666667","0,001225198413","0,001331018519",53,0,0,0,1,"0,0009837962963","0,001193658281","0,002314814815"
2026-10-01,Wrappers E2E Tests,Test react19,7,0,0,0,0,"0,001261574074","0,001378968254","0,001481481481",53,0,0,0,1,"0,001041666667","0,001268562194","0,002430555556"
2026-10-01,Wrappers E2E Tests,Test vue3,7,0,0,0,0,"0,00119212963","0,001455026455","0,002430555556",53,0,0,0,1,"0,0008912037037","0,001187762055","0,001469907407"
2026-10-01,Wrappers E2E Tests,Test ${{ matrix.framework }},0,0,0,0,0,0,0,0,0,0,2,1,0,"-0,00001157407407","-0,000003858024691",0
