created at,id,run id,run attempt,workflow name,name,head branch,conclusion,step,html url
"29.09.26, 15:31:13",109483104428,36590814944,1,Build and pack DevExtreme npm packages,build,type_columns_utils_6_main,cancelled,Build npm packages,https://github.com/DevExpress/DevExtreme/actions/runs/36590814944/job/109483104428
"29.09.26, 15:33:31",109484115699,36590814944,1,Build and pack DevExtreme npm packages,custom_bundles,type_columns_utils_6_main,cancelled,,https://github.com/DevExpress/DevExtreme/actions/runs/36590814944/job/109484115699
"29.09.26, 12:40:04",109410135083,36569639617,1,Build and pack DevExtreme npm packages,build,chore/update_deps,cancelled,Install dependencies,https://github.com/DevExpress/DevExtreme/actions/runs/36569639617/job/109410135083
"29.09.26, 12:42:27",109411037558,36569639617,1,Build and pack DevExtreme npm packages,custom_bundles,chore/update_deps,cancelled,,https://github.com/DevExpress/DevExtreme/actions/runs/36569639617/job/109411037558
"29.09.26, 11:02:42",109376010758,36559296427,1,Build and pack DevExtreme npm packages,build,scss/roboto-3-fonts,cancelled,Build npm packages,https://github.com/DevExpress/DevExtreme/actions/runs/36559296427/job/109376010758
"29.09.26, 11:09:43",109378352347,36559296427,1,Build and pack DevExtreme npm packages,custom_bundles,scss/roboto-3-fonts,cancelled,,https://github.com/DevExpress/DevExtreme/actions/runs/36559296427/job/109378352347
"29.09.26, 10:35:33",109366848760,36556516331,1,Build and pack DevExtreme npm packages,build,scss/roboto-3-fonts,cancelled,Build npm packages,https://github.com/DevExpress/DevExtreme/actions/runs/36556516331/job/109366848760
"29.09.26, 10:40:52",109368605898,36556516331,1,Build and pack DevExtreme npm packages,custom_bundles,scss/roboto-3-fonts,cancelled,,https://github.com/DevExpress/DevExtreme/actions/runs/36556516331/job/109368605898
"29.09.26, 10:27:44",109364232698,36555709822,1,Build and pack DevExtreme npm packages,build,typescript/viz/ts_vector_map_utils,cancelled,Build npm packages,https://github.com/DevExpress/DevExtreme/actions/runs/36555709822/job/109364232698
"29.09.26, 10:34:02",109366344594,36555709822,1,Build and pack DevExtreme npm packages,custom_bundles,typescript/viz/ts_vector_map_utils,cancelled,,https://github.com/DevExpress/DevExtreme/actions/runs/36555709822/job/109366344594
"29.09.26, 09:19:49",109340464159,36548458311,1,Build and pack DevExtreme npm packages,build,type_columns_utils_5_main,failure,Build npm packages,https://github.com/DevExpress/DevExtreme/actions/runs/36548458311/job/109340464159
"29.09.26, 08:07:59",109315492424,36540813251,1,Build and pack DevExtreme npm packages,build,26_1,cancelled,Build npm packages,https://github.com/DevExpress/DevExtreme/actions/runs/36540813251/job/109315492424
"29.09.26, 08:10:18",109316281152,36540813251,1,Build and pack DevExtreme npm packages,custom_bundles,26_1,cancelled,,https://github.com/DevExpress/DevExtreme/actions/runs/36540813251/job/109316281152
"29.09.26, 07:18:48",109299701928,36535883060,1,Build and pack DevExtreme npm packages,build,26_1,cancelled,Build npm packages,https://github.com/DevExpress/DevExtreme/actions/runs/36535883060/job/109299701928
"29.09.26, 07:28:06",109302580931,36535883060,1,Build and pack DevExtreme npm packages,custom_bundles,26_1,cancelled,,https://github.com/DevExpress/DevExtreme/actions/runs/36535883060/job/109302580931
"29.09.26, 07:09:32",109296884090,36534992191,1,Build and pack DevExtreme npm packages,build,type_columns_utils_3_26_1,failure,Build npm packages,https://github.com/DevExpress/DevExtreme/actions/runs/36534992191/job/109296884090
"29.09.26, 01:40:06",109216698609,36507756996,1,CodeQL,Send notifications,24_2,failure,Set up job,https://github.com/DevExpress/DevExtreme/actions/runs/36507756996/job/109216698609
"29.09.26, 01:42:09",109217183189,36507754953,1,CodeQL,Send notifications,25_1,failure,Set up job,https://github.com/DevExpress/DevExtreme/actions/runs/36507754953/job/109217183189
"29.09.26, 21:21:19",109625615898,36632699331,1,Default Workflow,main,typescript/viz/es6_prototype_items,failure,,https://github.com/DevExpress/DevExtreme/actions/runs/36632699331/job/109625615898
"29.09.26, 15:31:13",109483104958,36590814897,1,Default Workflow,main,type_columns_utils_6_main,cancelled,Run targets,https://github.com/DevExpress/DevExtreme/actions/runs/36590814897/job/109483104958
"29.09.26, 12:40:05",109410136504,36569639841,1,Default Workflow,main,chore/update_deps,cancelled,Install dependencies,https://github.com/DevExpress/DevExtreme/actions/runs/36569639841/job/109410136504
"29.09.26, 10:27:44",109364233251,36555709807,1,Default Workflow,main,typescript/viz/ts_vector_map_utils,cancelled,,https://github.com/DevExpress/DevExtreme/actions/runs/36555709807/job/109364233251
"29.09.26, 09:19:49",109340464619,36548458372,1,Default Workflow,main,type_columns_utils_5_main,failure,Run targets,https://github.com/DevExpress/DevExtreme/actions/runs/36548458372/job/109340464619
"29.09.26, 07:09:32",109296884687,36534992257,1,Default Workflow,main,type_columns_utils_3_26_1,failure,Run targets,https://github.com/DevExpress/DevExtreme/actions/runs/36534992257/job/109296884687
"29.09.26, 15:31:21",109483162521,36590815006,1,Demos unit tests,Run unit tests,type_columns_utils_6_main,cancelled,Post Setup pnpm cache,https://github.com/DevExpress/DevExtreme/actions/runs/36590815006/job/109483162521
"29.09.26, 21:17:17",109624110256,36632250200,1,Lint,JS,typescript/core/options_getters_5232,failure,,https://github.com/DevExpress/DevExtreme/actions/runs/36632250200/job/109624110256
"29.09.26, 15:31:13",109483104587,36590814900,1,Lint,JS,type_columns_utils_6_main,cancelled,Build,https://github.com/DevExpress/DevExtreme/actions/runs/36590814900/job/109483104587
"29.09.26, 15:31:13",109483104846,36590814900,1,Lint,wrappers,type_columns_utils_6_main,cancelled,Post Setup pnpm cache,https://github.com/DevExpress/DevExtreme/actions/runs/36590814900/job/109483104846
"29.09.26, 15:31:13",109483104895,36590814900,1,Lint,component_exports,type_columns_utils_6_main,cancelled,Post Setup pnpm cache,https://github.com/DevExpress/DevExtreme/actions/runs/36590814900/job/109483104895
"29.09.26, 15:31:13",109483105079,36590814900,1,Lint,TS,type_columns_utils_6_main,cancelled,Build,https://github.com/DevExpress/DevExtreme/actions/runs/36590814900/job/109483105079
"29.09.26, 15:31:13",109483105244,36590814900,1,Lint,texts,type_columns_utils_6_main,cancelled,Post Setup pnpm cache,https://github.com/DevExpress/DevExtreme/actions/runs/36590814900/job/109483105244
"29.09.26, 15:33:31",109484115668,36590814900,1,Lint,Send notifications,type_columns_utils_6_main,cancelled,,https://github.com/DevExpress/DevExtreme/actions/runs/36590814900/job/109484115668
"29.09.26, 12:40:04",109410134545,36569639628,1,Lint,texts,chore/update_deps,cancelled,,https://github.com/DevExpress/DevExtreme/actions/runs/36569639628/job/109410134545
"29.09.26, 12:40:04",109410134704,36569639628,1,Lint,JS,chore/update_deps,cancelled,Build,https://github.com/DevExpress/DevExtreme/actions/runs/36569639628/job/109410134704
"29.09.26, 12:40:04",109410134861,36569639628,1,Lint,TS,chore/update_deps,cancelled,Build,https://github.com/DevExpress/DevExtreme/actions/runs/36569639628/job/109410134861
"29.09.26, 12:40:04",109410135059,36569639628,1,Lint,wrappers,chore/update_deps,cancelled,,https://github.com/DevExpress/DevExtreme/actions/runs/36569639628/job/109410135059
"29.09.26, 12:43:24",109411398745,36569639628,1,Lint,Send notifications,chore/update_deps,cancelled,,https://github.com/DevExpress/DevExtreme/actions/runs/36569639628/job/109411398745
"29.09.26, 11:02:42",109376006682,36559296380,1,Lint,TS,scss/roboto-3-fonts,cancelled,Lint Testcafe tests,https://github.com/DevExpress/DevExtreme/actions/runs/36559296380/job/109376006682
"29.09.26, 11:09:37",109378315426,36559296380,1,Lint,Send notifications,scss/roboto-3-fonts,cancelled,,https://github.com/DevExpress/DevExtreme/actions/runs/36559296380/job/109378315426
"29.09.26, 10:27:44",109364232621,36555709763,1,Lint,TS,typescript/viz/ts_vector_map_utils,cancelled,Post Setup nx cache,https://github.com/DevExpress/DevExtreme/actions/runs/36555709763/job/109364232621
"29.09.26, 10:33:49",109366273287,36555709763,1,Lint,Send notifications,typescript/viz/ts_vector_map_utils,cancelled,,https://github.com/DevExpress/DevExtreme/actions/runs/36555709763/job/109366273287
"29.09.26, 09:19:49",109340464332,36548458257,1,Lint,JS,type_columns_utils_5_main,failure,Build,https://github.com/DevExpress/DevExtreme/actions/runs/36548458257/job/109340464332
"29.09.26, 09:19:49",109340464522,36548458257,1,Lint,TS,type_columns_utils_5_main,failure,Build,https://github.com/DevExpress/DevExtreme/actions/runs/36548458257/job/109340464522
"29.09.26, 07:09:32",109296884679,36534992356,1,Lint,JS,type_columns_utils_3_26_1,failure,Build,https://github.com/DevExpress/DevExtreme/actions/runs/36534992356/job/109296884679
"29.09.26, 07:09:32",109296885168,36534992356,1,Lint,TS,type_columns_utils_3_26_1,failure,Build,https://github.com/DevExpress/DevExtreme/actions/runs/36534992356/job/109296885168
"29.09.26, 15:31:13",109483106457,36590815190,1,Playgrounds tests,build,type_columns_utils_6_main,cancelled,Build,https://github.com/DevExpress/DevExtreme/actions/runs/36590815190/job/109483106457
"29.09.26, 15:33:31",109484119250,36590815190,1,Playgrounds tests,matrix.ARGS.platform,type_columns_utils_6_main,cancelled,,https://github.com/DevExpress/DevExtreme/actions/runs/36590815190/job/109484119250
"29.09.26, 13:16:44",109424524572,36573474267,1,Playgrounds tests,angular,gh-readonly-queue/main/pr-35396-a181ecb67ae14900bdb0cc527c1e97a967be6cb3,failure,,https://github.com/DevExpress/DevExtreme/actions/runs/36573474267/job/109424524572
"29.09.26, 12:40:04",109410135381,36569639813,1,Playgrounds tests,build,chore/update_deps,cancelled,Build,https://github.com/DevExpress/DevExtreme/actions/runs/36569639813/job/109410135381
"29.09.26, 12:43:23",109411395171,36569639813,1,Playgrounds tests,matrix.ARGS.platform,chore/update_deps,cancelled,,https://github.com/DevExpress/DevExtreme/actions/runs/36569639813/job/109411395171
"29.09.26, 11:08:01",109377782523,36559296493,1,Playgrounds tests,vue,scss/roboto-3-fonts,cancelled,Install dependencies,https://github.com/DevExpress/DevExtreme/actions/runs/36559296493/job/109377782523
"29.09.26, 11:08:01",109377782609,36559296493,1,Playgrounds tests,angular,scss/roboto-3-fonts,cancelled,Setup pnpm cache,https://github.com/DevExpress/DevExtreme/actions/runs/36559296493/job/109377782609
"29.09.26, 11:08:01",109377782632,36559296493,1,Playgrounds tests,react,scss/roboto-3-fonts,cancelled,Install dependencies,https://github.com/DevExpress/DevExtreme/actions/runs/36559296493/job/109377782632
"29.09.26, 10:38:06",109367695308,36556516258,1,Playgrounds tests,react,scss/roboto-3-fonts,cancelled,,https://github.com/DevExpress/DevExtreme/actions/runs/36556516258/job/109367695308
"29.09.26, 10:38:06",109367695409,36556516258,1,Playgrounds tests,angular,scss/roboto-3-fonts,cancelled,Check sources compilation,https://github.com/DevExpress/DevExtreme/actions/runs/36556516258/job/109367695409
"29.09.26, 10:27:44",109364232779,36555709805,1,Playgrounds tests,build,typescript/viz/ts_vector_map_utils,cancelled,Post Setup pnpm cache,https://github.com/DevExpress/DevExtreme/actions/runs/36555709805/job/109364232779
"29.09.26, 10:33:27",109366150358,36555709805,1,Playgrounds tests,matrix.ARGS.platform,typescript/viz/ts_vector_map_utils,cancelled,,https://github.com/DevExpress/DevExtreme/actions/runs/36555709805/job/109366150358
"29.09.26, 09:19:49",109340463515,36548458308,1,Playgrounds tests,build,type_columns_utils_5_main,failure,Build,https://github.com/DevExpress/DevExtreme/actions/runs/36548458308/job/109340463515
"29.09.26, 07:09:32",109296884555,36534992246,1,Playgrounds tests,build,type_columns_utils_3_26_1,failure,Build,https://github.com/DevExpress/DevExtreme/actions/runs/36534992246/job/109296884555
"29.09.26, 15:32:10",109483518147,36590815077,1,Playwright tests,Build DevExtreme,type_columns_utils_6_main,cancelled,Install dependencies,https://github.com/DevExpress/DevExtreme/actions/runs/36590815077/job/109483518147
"29.09.26, 15:33:27",109484092528,36590815077,1,Playwright tests,${{ matrix.name }}${{ ((!matrix.theme && ' - fluent') || '') }},type_columns_utils_6_main,cancelled,,https://github.com/DevExpress/DevExtreme/actions/runs/36590815077/job/109484092528
"29.09.26, 12:40:28",109410291614,36569639867,1,Playwright tests,Build DevExtreme,chore/update_deps,cancelled,Install dependencies,https://github.com/DevExpress/DevExtreme/actions/runs/36569639867/job/109410291614
"29.09.26, 12:42:27",109411034674,36569639867,1,Playwright tests,${{ matrix.name }}${{ ((!matrix.theme && ' - fluent') || '') }},chore/update_deps,cancelled,,https://github.com/DevExpress/DevExtreme/actions/runs/36569639867/job/109411034674
"29.09.26, 11:08:01",109377783767,36559296385,1,Playwright tests,common - fluent,scss/roboto-3-fonts,cancelled,Install dependencies,https://github.com/DevExpress/DevExtreme/actions/runs/36559296385/job/109377783767
"29.09.26, 11:08:01",109377783799,36559296385,1,Playwright tests,accessibility - material.light,scss/roboto-3-fonts,cancelled,Install dependencies,https://github.com/DevExpress/DevExtreme/actions/runs/36559296385/job/109377783799
"29.09.26, 11:08:01",109377783806,36559296385,1,Playwright tests,accessibility - material.dark,scss/roboto-3-fonts,cancelled,Install dependencies,https://github.com/DevExpress/DevExtreme/actions/runs/36559296385/job/109377783806
"29.09.26, 11:08:01",109377783843,36559296385,1,Playwright tests,editors - fluent,scss/roboto-3-fonts,cancelled,Install dependencies,https://github.com/DevExpress/DevExtreme/actions/runs/36559296385/job/109377783843
"29.09.26, 11:08:01",109377783849,36559296385,1,Playwright tests,navigation - fluent,scss/roboto-3-fonts,cancelled,Install dependencies,https://github.com/DevExpress/DevExtreme/actions/runs/36559296385/job/109377783849
"29.09.26, 11:08:01",109377783856,36559296385,1,Playwright tests,dataGrid (1/4) - fluent,scss/roboto-3-fonts,cancelled,Install dependencies,https://github.com/DevExpress/DevExtreme/actions/runs/36559296385/job/109377783856
"29.09.26, 11:08:01",109377783879,36559296385,1,Playwright tests,accessibility - fluent,scss/roboto-3-fonts,cancelled,Install dependencies,https://github.com/DevExpress/DevExtreme/actions/runs/36559296385/job/109377783879
"29.09.26, 11:08:01",109377783882,36559296385,1,Playwright tests,accessibility - fluent.dark,scss/roboto-3-fonts,cancelled,Install dependencies,https://github.com/DevExpress/DevExtreme/actions/runs/36559296385/job/109377783882
"29.09.26, 11:08:01",109377783885,36559296385,1,Playwright tests,dataGrid (3/4) - fluent,scss/roboto-3-fonts,cancelled,Install dependencies,https://github.com/DevExpress/DevExtreme/actions/runs/36559296385/job/109377783885
"29.09.26, 11:08:01",109377783899,36559296385,1,Playwright tests,dataGrid (2/4) - fluent,scss/roboto-3-fonts,cancelled,Install dependencies,https://github.com/DevExpress/DevExtreme/actions/runs/36559296385/job/109377783899
"29.09.26, 11:08:01",109377783902,36559296385,1,Playwright tests,scheduler / timezones (Europe/Berlin) - fluent,scss/roboto-3-fonts,cancelled,Install dependencies,https://github.com/DevExpress/DevExtreme/actions/runs/36559296385/job/109377783902
"29.09.26, 11:08:01",109377783910,36559296385,1,Playwright tests,scheduler / timezones (America/Los_Angeles) - fluent,scss/roboto-3-fonts,cancelled,Install dependencies,https://github.com/DevExpress/DevExtreme/actions/runs/36559296385/job/109377783910
"29.09.26, 11:08:01",109377783918,36559296385,1,Playwright tests,scheduler / common (3/3) - fluent,scss/roboto-3-fonts,cancelled,Install dependencies,https://github.com/DevExpress/DevExtreme/actions/runs/36559296385/job/109377783918
"29.09.26, 11:08:01",109377783935,36559296385,1,Playwright tests,scheduler / common (1/3) - fluent,scss/roboto-3-fonts,cancelled,Install dependencies,https://github.com/DevExpress/DevExtreme/actions/runs/36559296385/job/109377783935
"29.09.26, 11:08:01",109377783936,36559296385,1,Playwright tests,generic,scss/roboto-3-fonts,cancelled,Install dependencies,https://github.com/DevExpress/DevExtreme/actions/runs/36559296385/job/109377783936
"29.09.26, 11:08:01",109377783958,36559296385,1,Playwright tests,scheduler / common (2/3) - fluent,scss/roboto-3-fonts,cancelled,Install dependencies,https://github.com/DevExpress/DevExtreme/actions/runs/36559296385/job/109377783958
"29.09.26, 11:08:01",109377783970,36559296385,1,Playwright tests,material,scss/roboto-3-fonts,cancelled,,https://github.com/DevExpress/DevExtreme/actions/runs/36559296385/job/109377783970
"29.09.26, 11:08:01",109377783982,36559296385,1,Playwright tests,scheduler / viewOffset (1/2) - fluent,scss/roboto-3-fonts,cancelled,Install dependencies,https://github.com/DevExpress/DevExtreme/actions/runs/36559296385/job/109377783982
"29.09.26, 11:08:01",109377783998,36559296385,1,Playwright tests,cardView - fluent,scss/roboto-3-fonts,cancelled,Install dependencies,https://github.com/DevExpress/DevExtreme/actions/runs/36559296385/job/109377783998
"29.09.26, 11:08:01",109377784026,36559296385,1,Playwright tests,dataGrid (4/4) - fluent,scss/roboto-3-fonts,cancelled,,https://github.com/DevExpress/DevExtreme/actions/runs/36559296385/job/109377784026
"29.09.26, 11:08:01",109377784104,36559296385,1,Playwright tests,material - compact,scss/roboto-3-fonts,cancelled,,https://github.com/DevExpress/DevExtreme/actions/runs/36559296385/job/109377784104
"29.09.26, 11:08:01",109377784114,36559296385,1,Playwright tests,scheduler / viewOffset (2/2) - fluent,scss/roboto-3-fonts,cancelled,,https://github.com/DevExpress/DevExtreme/actions/runs/36559296385/job/109377784114
"29.09.26, 10:39:47",109368240004,36556516734,1,Playwright tests,accessibility - fluent.dark,scss/roboto-3-fonts,cancelled,Install dependencies,https://github.com/DevExpress/DevExtreme/actions/runs/36556516734/job/109368240004
"29.09.26, 10:39:47",109368240005,36556516734,1,Playwright tests,accessibility - material.light,scss/roboto-3-fonts,cancelled,Install dependencies,https://github.com/DevExpress/DevExtreme/actions/runs/36556516734/job/109368240005
"29.09.26, 10:39:47",109368240023,36556516734,1,Playwright tests,accessibility - material.dark,scss/roboto-3-fonts,cancelled,Install dependencies,https://github.com/DevExpress/DevExtreme/actions/runs/36556516734/job/109368240023
"29.09.26, 10:39:47",109368240046,36556516734,1,Playwright tests,dataGrid (2/4) - fluent,scss/roboto-3-fonts,cancelled,Install dependencies,https://github.com/DevExpress/DevExtreme/actions/runs/36556516734/job/109368240046
"29.09.26, 10:39:47",109368240050,36556516734,1,Playwright tests,accessibility - fluent,scss/roboto-3-fonts,cancelled,Install dependencies,https://github.com/DevExpress/DevExtreme/actions/runs/36556516734/job/109368240050
"29.09.26, 10:39:47",109368240113,36556516734,1,Playwright tests,scheduler / timezones (Europe/Berlin) - fluent,scss/roboto-3-fonts,cancelled,Install dependencies,https://github.com/DevExpress/DevExtreme/actions/runs/36556516734/job/109368240113
"29.09.26, 10:39:47",109368240119,36556516734,1,Playwright tests,scheduler / common (3/3) - fluent,scss/roboto-3-fonts,cancelled,Install dependencies,https://github.com/DevExpress/DevExtreme/actions/runs/36556516734/job/109368240119
"29.09.26, 10:39:47",109368240121,36556516734,1,Playwright tests,scheduler / common (2/3) - fluent,scss/roboto-3-fonts,cancelled,Get sources,https://github.com/DevExpress/DevExtreme/actions/runs/36556516734/job/109368240121
"29.09.26, 10:39:47",109368240130,36556516734,1,Playwright tests,scheduler / common (1/3) - fluent,scss/roboto-3-fonts,cancelled,Install dependencies,https://github.com/DevExpress/DevExtreme/actions/runs/36556516734/job/109368240130
"29.09.26, 10:39:47",109368240140,36556516734,1,Playwright tests,navigation - fluent,scss/roboto-3-fonts,cancelled,Install dependencies,https://github.com/DevExpress/DevExtreme/actions/runs/36556516734/job/109368240140
"29.09.26, 10:39:47",109368240161,36556516734,1,Playwright tests,material - compact,scss/roboto-3-fonts,cancelled,Install dependencies,https://github.com/DevExpress/DevExtreme/actions/runs/36556516734/job/109368240161
"29.09.26, 10:39:47",109368240164,36556516734,1,Playwright tests,common - fluent,scss/roboto-3-fonts,cancelled,Install dependencies,https://github.com/DevExpress/DevExtreme/actions/runs/36556516734/job/109368240164
"29.09.26, 10:39:47",109368240166,36556516734,1,Playwright tests,cardView - fluent,scss/roboto-3-fonts,cancelled,Get sources,https://github.com/DevExpress/DevExtreme/actions/runs/36556516734/job/109368240166
"29.09.26, 10:39:47",109368240167,36556516734,1,Playwright tests,editors - fluent,scss/roboto-3-fonts,cancelled,Install dependencies,https://github.com/DevExpress/DevExtreme/actions/runs/36556516734/job/109368240167
"29.09.26, 10:39:47",109368240186,36556516734,1,Playwright tests,generic,scss/roboto-3-fonts,cancelled,Install dependencies,https://github.com/DevExpress/DevExtreme/actions/runs/36556516734/job/109368240186
"29.09.26, 10:39:47",109368240191,36556516734,1,Playwright tests,material,scss/roboto-3-fonts,cancelled,Install dependencies,https://github.com/DevExpress/DevExtreme/actions/runs/36556516734/job/109368240191
"29.09.26, 10:39:47",109368240223,36556516734,1,Playwright tests,dataGrid (4/4) - fluent,scss/roboto-3-fonts,cancelled,Install dependencies,https://github.com/DevExpress/DevExtreme/actions/runs/36556516734/job/109368240223
"29.09.26, 10:39:47",109368240263,36556516734,1,Playwright tests,scheduler / viewOffset (2/2) - fluent,scss/roboto-3-fonts,cancelled,Install dependencies,https://github.com/DevExpress/DevExtreme/actions/runs/36556516734/job/109368240263
"29.09.26, 10:39:47",109368240284,36556516734,1,Playwright tests,scheduler / viewOffset (1/2) - fluent,scss/roboto-3-fonts,cancelled,Install dependencies,https://github.com/DevExpress/DevExtreme/actions/runs/36556516734/job/109368240284
"29.09.26, 10:39:47",109368240286,36556516734,1,Playwright tests,dataGrid (3/4) - fluent,scss/roboto-3-fonts,cancelled,Install dependencies,https://github.com/DevExpress/DevExtreme/actions/runs/36556516734/job/109368240286
"29.09.26, 10:39:47",109368240319,36556516734,1,Playwright tests,dataGrid (1/4) - fluent,scss/roboto-3-fonts,cancelled,Install dependencies,https://github.com/DevExpress/DevExtreme/actions/runs/36556516734/job/109368240319
"29.09.26, 10:39:47",109368240468,36556516734,1,Playwright tests,scheduler / timezones (America/Los_Angeles) - fluent,scss/roboto-3-fonts,cancelled,Install dependencies,https://github.com/DevExpress/DevExtreme/actions/runs/36556516734/job/109368240468
"29.09.26, 10:31:20",109365444651,36555709777,1,Playwright tests,Build DevExtreme,typescript/viz/ts_vector_map_utils,cancelled,Build,https://github.com/DevExpress/DevExtreme/actions/runs/36555709777/job/109365444651
"29.09.26, 10:35:57",109366979508,36555709777,1,Playwright tests,${{ matrix.name }}${{ ((!matrix.theme && ' - fluent') || '') }},typescript/viz/ts_vector_map_utils,cancelled,,https://github.com/DevExpress/DevExtreme/actions/runs/36555709777/job/109366979508
"29.09.26, 09:20:16",109340630856,36548458313,1,Playwright tests,Build DevExtreme,type_columns_utils_5_main,failure,Build,https://github.com/DevExpress/DevExtreme/actions/runs/36548458313/job/109340630856
"29.09.26, 08:28:51",109322549969,36542259548,1,Playwright tests,dataGrid (4/4) - fluent,core-utils-improve-typing_26_2/call_once_locker,failure,,https://github.com/DevExpress/DevExtreme/actions/runs/36542259548/job/109322549969
"29.09.26, 20:49:49",109613504183,36628623182,1,QUnit tests,ui.scheduler-shadow-dom,gh-readonly-queue/main/pr-35405-fcd8e6bd81435557652402d80ae8856a2f84e0c2,failure,,https://github.com/DevExpress/DevExtreme/actions/runs/36628623182/job/109613504183
"29.09.26, 15:31:13",109483105327,36590815018,1,QUnit tests,Build,type_columns_utils_6_main,cancelled,Build,https://github.com/DevExpress/DevExtreme/actions/runs/36590815018/job/109483105327
"29.09.26, 15:33:31",109484121782,36590815018,1,QUnit tests,${{ matrix.constel }}-shadow-dom,type_columns_utils_6_main,cancelled,,https://github.com/DevExpress/DevExtreme/actions/runs/36590815018/job/109484121782
"29.09.26, 15:33:31",109484121852,36590815018,1,QUnit tests,"Constel ${{ matrix.CONSTEL }}${{ (((matrix.TIMEZONE != '') && format('-{0}', matrix.TIMEZONE)) || '') }}${{ (((matrix.CSP == 'false') && '-no-csp') || '') }}",type_columns_utils_6_main,cancelled,,https://github.com/DevExpress/DevExtreme/actions/runs/36590815018/job/109484121852
"29.09.26, 15:33:32",109484123215,36590815018,1,QUnit tests,Send notifications,type_columns_utils_6_main,cancelled,,https://github.com/DevExpress/DevExtreme/actions/runs/36590815018/job/109484123215
"29.09.26, 14:32:45",109457439845,36582897986,1,QUnit tests,Constel ui.widgets-no-csp,26_1,failure,,https://github.com/DevExpress/DevExtreme/actions/runs/36582897986/job/109457439845
"29.09.26, 12:51:02",109414328891,36570431534,1,QUnit tests,ui-shadow-dom,chore/26_1_update_deps,failure,,https://github.com/DevExpress/DevExtreme/actions/runs/36570431534/job/109414328891
"29.09.26, 12:51:02",109414328900,36570431534,1,QUnit tests,ui.scheduler-shadow-dom,chore/26_1_update_deps,failure,Run QUnit tests,https://github.com/DevExpress/DevExtreme/actions/runs/36570431534/job/109414328900
"29.09.26, 12:40:04",109410135872,36569639832,1,QUnit tests,Build,chore/update_deps,cancelled,Zip artifacts,https://github.com/DevExpress/DevExtreme/actions/runs/36569639832/job/109410135872
"29.09.26, 12:43:12",109411321516,36569639832,1,QUnit tests,"Constel ${{ matrix.CONSTEL }}${{ (((matrix.TIMEZONE != '') && format('-{0}', matrix.TIMEZONE)) || '') }}${{ (((matrix.CSP == 'false') && '-no-csp') || '') }}",chore/update_deps,cancelled,,https://github.com/DevExpress/DevExtreme/actions/runs/36569639832/job/109411321516
"29.09.26, 12:43:12",109411321686,36569639832,1,QUnit tests,${{ matrix.constel }}-shadow-dom,chore/update_deps,cancelled,,https://github.com/DevExpress/DevExtreme/actions/runs/36569639832/job/109411321686
"29.09.26, 12:43:12",109411322782,36569639832,1,QUnit tests,Send notifications,chore/update_deps,cancelled,,https://github.com/DevExpress/DevExtreme/actions/runs/36569639832/job/109411322782
"29.09.26, 11:06:43",109377349618,36559296564,1,QUnit tests,ui.editors-shadow-dom,scss/roboto-3-fonts,cancelled,Run QUnit tests,https://github.com/DevExpress/DevExtreme/actions/runs/36559296564/job/109377349618
"29.09.26, 11:06:43",109377349649,36559296564,1,QUnit tests,ui.grid-shadow-dom,scss/roboto-3-fonts,cancelled,Run QUnit tests,https://github.com/DevExpress/DevExtreme/actions/runs/36559296564/job/109377349649
"29.09.26, 11:06:43",109377349699,36559296564,1,QUnit tests,ui.scheduler-shadow-dom,scss/roboto-3-fonts,cancelled,Run QUnit tests,https://github.com/DevExpress/DevExtreme/actions/runs/36559296564/job/109377349699
"29.09.26, 11:06:43",109377349751,36559296564,1,QUnit tests,ui-shadow-dom,scss/roboto-3-fonts,cancelled,Run QUnit tests,https://github.com/DevExpress/DevExtreme/actions/runs/36559296564/job/109377349751
"29.09.26, 11:06:43",109377349774,36559296564,1,QUnit tests,Constel ui.widgets-no-csp,scss/roboto-3-fonts,cancelled,Run QUnit tests,https://github.com/DevExpress/DevExtreme/actions/runs/36559296564/job/109377349774
"29.09.26, 11:06:43",109377349816,36559296564,1,QUnit tests,Constel ui.scheduler-US/Pacific,scss/roboto-3-fonts,cancelled,Run QUnit tests,https://github.com/DevExpress/DevExtreme/actions/runs/36559296564/job/109377349816
"29.09.26, 11:06:43",109377349849,36559296564,1,QUnit tests,Constel ui.grid,scss/roboto-3-fonts,cancelled,Run QUnit tests,https://github.com/DevExpress/DevExtreme/actions/runs/36559296564/job/109377349849
"29.09.26, 11:06:43",109377349886,36559296564,1,QUnit tests,Constel ui,scss/roboto-3-fonts,cancelled,Run QUnit tests,https://github.com/DevExpress/DevExtreme/actions/runs/36559296564/job/109377349886
"29.09.26, 11:06:43",109377349898,36559296564,1,QUnit tests,Constel ui.editors,scss/roboto-3-fonts,cancelled,Run QUnit tests,https://github.com/DevExpress/DevExtreme/actions/runs/36559296564/job/109377349898
"29.09.26, 11:06:43",109377349903,36559296564,1,QUnit tests,Constel misc,scss/roboto-3-fonts,cancelled,Run QUnit tests,https://github.com/DevExpress/DevExtreme/actions/runs/36559296564/job/109377349903
"29.09.26, 11:06:43",109377350025,36559296564,1,QUnit tests,Constel misc-no-csp,scss/roboto-3-fonts,cancelled,Run QUnit tests,https://github.com/DevExpress/DevExtreme/actions/runs/36559296564/job/109377350025
"29.09.26, 11:06:43",109377350051,36559296564,1,QUnit tests,Constel ui.scheduler,scss/roboto-3-fonts,cancelled,Run QUnit tests,https://github.com/DevExpress/DevExtreme/actions/runs/36559296564/job/109377350051
"29.09.26, 11:06:43",109377350331,36559296564,1,QUnit tests,ui.widgets-shadow-dom,scss/roboto-3-fonts,cancelled,Run QUnit tests,https://github.com/DevExpress/DevExtreme/actions/runs/36559296564/job/109377350331
"29.09.26, 11:10:02",109378459908,36559296564,1,QUnit tests,Send notifications,scss/roboto-3-fonts,cancelled,,https://github.com/DevExpress/DevExtreme/actions/runs/36559296564/job/109378459908
"29.09.26, 10:39:21",109368099610,36556516229,1,QUnit tests,ui-shadow-dom,scss/roboto-3-fonts,cancelled,Run QUnit tests,https://github.com/DevExpress/DevExtreme/actions/runs/36556516229/job/109368099610
"29.09.26, 10:39:21",109368099629,36556516229,1,QUnit tests,ui.grid-shadow-dom,scss/roboto-3-fonts,cancelled,Run QUnit tests,https://github.com/DevExpress/DevExtreme/actions/runs/36556516229/job/109368099629
"29.09.26, 10:39:21",109368099656,36556516229,1,QUnit tests,Constel ui.scheduler-US/Pacific,scss/roboto-3-fonts,cancelled,Run QUnit tests,https://github.com/DevExpress/DevExtreme/actions/runs/36556516229/job/109368099656
"29.09.26, 10:39:21",109368099680,36556516229,1,QUnit tests,Constel ui.editors,scss/roboto-3-fonts,cancelled,Run QUnit tests,https://github.com/DevExpress/DevExtreme/actions/runs/36556516229/job/109368099680
"29.09.26, 10:39:21",109368099688,36556516229,1,QUnit tests,ui.scheduler-shadow-dom,scss/roboto-3-fonts,cancelled,Run QUnit tests,https://github.com/DevExpress/DevExtreme/actions/runs/36556516229/job/109368099688
"29.09.26, 10:39:21",109368099698,36556516229,1,QUnit tests,ui.editors-shadow-dom,scss/roboto-3-fonts,cancelled,Run QUnit tests,https://github.com/DevExpress/DevExtreme/actions/runs/36556516229/job/109368099698
"29.09.26, 10:39:21",109368099703,36556516229,1,QUnit tests,Constel ui.widgets-no-csp,scss/roboto-3-fonts,cancelled,Run QUnit tests,https://github.com/DevExpress/DevExtreme/actions/runs/36556516229/job/109368099703
"29.09.26, 10:39:21",109368099724,36556516229,1,QUnit tests,Constel misc-no-csp,scss/roboto-3-fonts,cancelled,Get sources,https://github.com/DevExpress/DevExtreme/actions/runs/36556516229/job/109368099724
"29.09.26, 10:39:21",109368099747,36556516229,1,QUnit tests,Constel ui.grid,scss/roboto-3-fonts,cancelled,Run QUnit tests,https://github.com/DevExpress/DevExtreme/actions/runs/36556516229/job/109368099747
"29.09.26, 10:39:21",109368099753,36556516229,1,QUnit tests,Constel ui.scheduler,scss/roboto-3-fonts,cancelled,Run QUnit tests,https://github.com/DevExpress/DevExtreme/actions/runs/36556516229/job/109368099753
"29.09.26, 10:39:21",109368099781,36556516229,1,QUnit tests,Constel misc,scss/roboto-3-fonts,cancelled,Run QUnit tests,https://github.com/DevExpress/DevExtreme/actions/runs/36556516229/job/109368099781
"29.09.26, 10:39:21",109368099927,36556516229,1,QUnit tests,Constel ui,scss/roboto-3-fonts,cancelled,Run QUnit tests,https://github.com/DevExpress/DevExtreme/actions/runs/36556516229/job/109368099927
"29.09.26, 10:39:22",109368100343,36556516229,1,QUnit tests,ui.widgets-shadow-dom,scss/roboto-3-fonts,cancelled,Run QUnit tests,https://github.com/DevExpress/DevExtreme/actions/runs/36556516229/job/109368100343
"29.09.26, 10:41:43",109368892303,36556516229,1,QUnit tests,Send notifications,scss/roboto-3-fonts,cancelled,,https://github.com/DevExpress/DevExtreme/actions/runs/36556516229/job/109368892303
"29.09.26, 10:30:51",109365280862,36555709823,1,QUnit tests,ui.widgets-shadow-dom,typescript/viz/ts_vector_map_utils,cancelled,Run QUnit tests,https://github.com/DevExpress/DevExtreme/actions/runs/36555709823/job/109365280862
"29.09.26, 10:30:51",109365280913,36555709823,1,QUnit tests,ui-shadow-dom,typescript/viz/ts_vector_map_utils,cancelled,Run QUnit tests,https://github.com/DevExpress/DevExtreme/actions/runs/36555709823/job/109365280913
"29.09.26, 10:30:51",109365280920,36555709823,1,QUnit tests,Constel ui.grid,typescript/viz/ts_vector_map_utils,cancelled,Run QUnit tests,https://github.com/DevExpress/DevExtreme/actions/runs/36555709823/job/109365280920
"29.09.26, 10:30:51",109365280929,36555709823,1,QUnit tests,Constel ui,typescript/viz/ts_vector_map_utils,cancelled,Run QUnit tests,https://github.com/DevExpress/DevExtreme/actions/runs/36555709823/job/109365280929
"29.09.26, 10:30:51",109365280941,36555709823,1,QUnit tests,ui.editors-shadow-dom,typescript/viz/ts_vector_map_utils,cancelled,Run QUnit tests,https://github.com/DevExpress/DevExtreme/actions/runs/36555709823/job/109365280941
"29.09.26, 10:30:51",109365280981,36555709823,1,QUnit tests,ui.grid-shadow-dom,typescript/viz/ts_vector_map_utils,cancelled,Run QUnit tests,https://github.com/DevExpress/DevExtreme/actions/runs/36555709823/job/109365280981
"29.09.26, 10:30:51",109365280987,36555709823,1,QUnit tests,ui.scheduler-shadow-dom,typescript/viz/ts_vector_map_utils,cancelled,Run QUnit tests,https://github.com/DevExpress/DevExtreme/actions/runs/36555709823/job/109365280987
"29.09.26, 10:30:51",109365280992,36555709823,1,QUnit tests,Constel ui.scheduler-US/Pacific,typescript/viz/ts_vector_map_utils,cancelled,Run QUnit tests,https://github.com/DevExpress/DevExtreme/actions/runs/36555709823/job/109365280992
"29.09.26, 10:30:51",109365281035,36555709823,1,QUnit tests,Constel ui.editors,typescript/viz/ts_vector_map_utils,cancelled,Run QUnit tests,https://github.com/DevExpress/DevExtreme/actions/runs/36555709823/job/109365281035
"29.09.26, 10:30:51",109365281057,36555709823,1,QUnit tests,Constel ui.scheduler,typescript/viz/ts_vector_map_utils,cancelled,Run QUnit tests,https://github.com/DevExpress/DevExtreme/actions/runs/36555709823/job/109365281057
"29.09.26, 10:30:51",109365281128,36555709823,1,QUnit tests,Constel ui.widgets-no-csp,typescript/viz/ts_vector_map_utils,cancelled,Run QUnit tests,https://github.com/DevExpress/DevExtreme/actions/runs/36555709823/job/109365281128
"29.09.26, 10:30:51",109365281267,36555709823,1,QUnit tests,Constel misc-no-csp,typescript/viz/ts_vector_map_utils,cancelled,Run QUnit tests,https://github.com/DevExpress/DevExtreme/actions/runs/36555709823/job/109365281267
"29.09.26, 10:30:51",109365281524,36555709823,1,QUnit tests,Constel misc,typescript/viz/ts_vector_map_utils,cancelled,Run QUnit tests,https://github.com/DevExpress/DevExtreme/actions/runs/36555709823/job/109365281524
"29.09.26, 10:34:24",109366465575,36555709823,1,QUnit tests,Send notifications,typescript/viz/ts_vector_map_utils,cancelled,,https://github.com/DevExpress/DevExtreme/actions/runs/36555709823/job/109366465575
"29.09.26, 10:24:26",109363116338,36554926072,1,QUnit tests,ui.widgets-shadow-dom,scss/roboto-3-fonts,cancelled,Post Run QUnit tests,https://github.com/DevExpress/DevExtreme/actions/runs/36554926072/job/109363116338
"29.09.26, 10:24:26",109363116490,36554926072,1,QUnit tests,ui.scheduler-shadow-dom,scss/roboto-3-fonts,cancelled,,https://github.com/DevExpress/DevExtreme/actions/runs/36554926072/job/109363116490
"29.09.26, 10:24:26",109363116618,36554926072,1,QUnit tests,Constel ui.widgets-no-csp,scss/roboto-3-fonts,cancelled,Post Run QUnit tests,https://github.com/DevExpress/DevExtreme/actions/runs/36554926072/job/109363116618
"29.09.26, 10:36:33",109367178713,36554926072,1,QUnit tests,Send notifications,scss/roboto-3-fonts,cancelled,,https://github.com/DevExpress/DevExtreme/actions/runs/36554926072/job/109367178713
"29.09.26, 09:53:58",109352554572,36551859287,1,QUnit tests,ui.scheduler-shadow-dom,typescript/core/options_getters_5232_26_1,failure,,https://github.com/DevExpress/DevExtreme/actions/runs/36551859287/job/109352554572
"29.09.26, 09:48:06",109350501102,36550972295,1,QUnit tests,Constel ui.scheduler,typescript/core/templates_options_review_5232,failure,,https://github.com/DevExpress/DevExtreme/actions/runs/36550972295/job/109350501102
"29.09.26, 09:19:49",109340464219,36548458324,1,QUnit tests,Build,type_columns_utils_5_main,failure,Build,https://github.com/DevExpress/DevExtreme/actions/runs/36548458324/job/109340464219
"29.09.26, 07:09:32",109296885165,36534992349,1,QUnit tests,Build,type_columns_utils_3_26_1,failure,Build,https://github.com/DevExpress/DevExtreme/actions/runs/36534992349/job/109296885165
"29.09.26, 21:17:17",109624110472,36632250275,1,Jest tests,jest-tests,typescript/core/options_getters_5232,failure,,https://github.com/DevExpress/DevExtreme/actions/runs/36632250275/job/109624110472
"29.09.26, 15:31:13",109483105477,36590815048,1,Jest tests,jest-tests,type_columns_utils_6_main,cancelled,Jest tests,https://github.com/DevExpress/DevExtreme/actions/runs/36590815048/job/109483105477
"29.09.26, 15:33:31",109484120548,36590815048,1,Jest tests,Send notifications,type_columns_utils_6_main,cancelled,,https://github.com/DevExpress/DevExtreme/actions/runs/36590815048/job/109484120548
"29.09.26, 12:40:04",109410135340,36569639843,1,Jest tests,jest-tests,chore/update_deps,cancelled,Install dependencies,https://github.com/DevExpress/DevExtreme/actions/runs/36569639843/job/109410135340
"29.09.26, 12:42:27",109411036139,36569639843,1,Jest tests,Send notifications,chore/update_deps,cancelled,,https://github.com/DevExpress/DevExtreme/actions/runs/36569639843/job/109411036139
"29.09.26, 11:02:42",109376006845,36559296338,1,Jest tests,jest-tests,scss/roboto-3-fonts,cancelled,Jest tests,https://github.com/DevExpress/DevExtreme/actions/runs/36559296338/job/109376006845
"29.09.26, 11:09:38",109378320117,36559296338,1,Jest tests,Send notifications,scss/roboto-3-fonts,cancelled,,https://github.com/DevExpress/DevExtreme/actions/runs/36559296338/job/109378320117
"29.09.26, 10:35:33",109366848376,36556516342,1,Jest tests,jest-tests,scss/roboto-3-fonts,cancelled,Jest tests,https://github.com/DevExpress/DevExtreme/actions/runs/36556516342/job/109366848376
"29.09.26, 10:40:52",109368610623,36556516342,1,Jest tests,Send notifications,scss/roboto-3-fonts,cancelled,,https://github.com/DevExpress/DevExtreme/actions/runs/36556516342/job/109368610623
"29.09.26, 10:27:44",109364232809,36555709778,1,Jest tests,jest-tests,typescript/viz/ts_vector_map_utils,cancelled,Jest tests,https://github.com/DevExpress/DevExtreme/actions/runs/36555709778/job/109364232809
"29.09.26, 10:34:13",109366402875,36555709778,1,Jest tests,Send notifications,typescript/viz/ts_vector_map_utils,cancelled,,https://github.com/DevExpress/DevExtreme/actions/runs/36555709778/job/109366402875
"29.09.26, 09:19:49",109340465318,36548458611,1,Jest tests,jest-tests,type_columns_utils_5_main,failure,Check test types,https://github.com/DevExpress/DevExtreme/actions/runs/36548458611/job/109340465318
"29.09.26, 07:09:32",109296884518,36534992106,1,Jest tests,jest-tests,type_columns_utils_3_26_1,failure,Check test types,https://github.com/DevExpress/DevExtreme/actions/runs/36534992106/job/109296884518
"29.09.26, 15:31:13",109483105040,36590814937,1,Styles tests,Tests,type_columns_utils_6_main,cancelled,Post Setup pnpm cache,https://github.com/DevExpress/DevExtreme/actions/runs/36590814937/job/109483105040
"29.09.26, 15:33:19",109484028003,36590814937,1,Styles tests,Send notifications,type_columns_utils_6_main,cancelled,,https://github.com/DevExpress/DevExtreme/actions/runs/36590814937/job/109484028003
"29.09.26, 13:03:15",109419116175,36572325680,1,Styles tests,Tests,fix/t1335911-sticky-right-resize-separator,failure,,https://github.com/DevExpress/DevExtreme/actions/runs/36572325680/job/109419116175
"29.09.26, 12:40:04",109410134153,36569639670,1,Styles tests,Tests,chore/update_deps,cancelled,,https://github.com/DevExpress/DevExtreme/actions/runs/36569639670/job/109410134153
"29.09.26, 12:42:54",109411205789,36569639670,1,Styles tests,Send notifications,chore/update_deps,cancelled,,https://github.com/DevExpress/DevExtreme/actions/runs/36569639670/job/109411205789
"29.09.26, 21:25:49",109627279152,36632464112,1,TestCafe tests,scheduler / viewOffset (2/2) - fluent,typescript/core/templates_options_review_5232_26_1,failure,,https://github.com/DevExpress/DevExtreme/actions/runs/36632464112/job/109627279152
"29.09.26, 20:35:30",109607850374,36626993421,1,TestCafe tests,editors - fluent,feature/design-leftovers,failure,,https://github.com/DevExpress/DevExtreme/actions/runs/36626993421/job/109607850374
"29.09.26, 20:35:30",109607850489,36626993421,1,TestCafe tests,cardView - fluent,feature/design-leftovers,failure,,https://github.com/DevExpress/DevExtreme/actions/runs/36626993421/job/109607850489
"29.09.26, 20:13:03",109598815010,36623878829,1,TestCafe tests,editors - fluent-next,feature/design-leftovers,failure,Run TestCafe tests,https://github.com/DevExpress/DevExtreme/actions/runs/36623878829/job/109598815010
"29.09.26, 20:19:38",109601479740,36623878829,1,TestCafe tests,quarantine,feature/design-leftovers,failure,Run quarantined tests,https://github.com/DevExpress/DevExtreme/actions/runs/36623878829/job/109601479740
"29.09.26, 17:45:53",109539286373,36607197924,1,TestCafe tests,Build DevExtreme,gridcore_extract_ignore_column_option_names_26_2,failure,,https://github.com/DevExpress/DevExtreme/actions/runs/36607197924/job/109539286373
"29.09.26, 17:54:57",109542936175,36606680115,1,TestCafe tests,quarantine,T1336036_26_2,failure,Run quarantined tests,https://github.com/DevExpress/DevExtreme/actions/runs/36606680115/job/109542936175
"29.09.26, 15:39:52",109486893760,36590971542,1,TestCafe tests,generic,type_columns_utils_6_main,failure,,https://github.com/DevExpress/DevExtreme/actions/runs/36590971542/job/109486893760
"29.09.26, 15:31:40",109483307380,36590815214,1,TestCafe tests,Build DevExtreme,type_columns_utils_6_main,cancelled,Show nx cache contents before save,https://github.com/DevExpress/DevExtreme/actions/runs/36590815214/job/109483307380
"29.09.26, 15:32:57",109483867393,36590815214,1,TestCafe tests,${{ matrix.name }}${{ ((!matrix.theme && ' - fluent') || '') }},type_columns_utils_6_main,cancelled,,https://github.com/DevExpress/DevExtreme/actions/runs/36590815214/job/109483867393
"29.09.26, 15:32:58",109483868591,36590815214,1,TestCafe tests,Send notifications,type_columns_utils_6_main,cancelled,,https://github.com/DevExpress/DevExtreme/actions/runs/36590815214/job/109483868591
"29.09.26, 15:32:58",109483868688,36590815214,1,TestCafe tests,quarantine,type_columns_utils_6_main,cancelled,,https://github.com/DevExpress/DevExtreme/actions/runs/36590815214/job/109483868688
"29.09.26, 15:06:58",109472364857,36586778257,1,TestCafe tests,editors - fluent,typescript/viz/es6_prototype_items,failure,,https://github.com/DevExpress/DevExtreme/actions/runs/36586778257/job/109472364857
"29.09.26, 13:41:50",109435102808,36576269443,1,TestCafe tests,accessibility - material.light,gh-readonly-queue/main/pr-35396-a181ecb67ae14900bdb0cc527c1e97a967be6cb3,failure,,https://github.com/DevExpress/DevExtreme/actions/runs/36576269443/job/109435102808
"29.09.26, 13:41:51",109435102965,36576269443,1,TestCafe tests,common - fluent,gh-readonly-queue/main/pr-35396-a181ecb67ae14900bdb0cc527c1e97a967be6cb3,failure,,https://github.com/DevExpress/DevExtreme/actions/runs/36576269443/job/109435102965
"29.09.26, 13:39:23",109434039216,36575543272,1,TestCafe tests,cardView - fluent,fix/t1335911-sticky-right-resize-separator-25_2,failure,,https://github.com/DevExpress/DevExtreme/actions/runs/36575543272/job/109434039216
"29.09.26, 13:00:00",109417811093,36571097804,1,TestCafe tests,scheduler / common (1/3) - fluent,gh-readonly-queue/main/pr-35396-a181ecb67ae14900bdb0cc527c1e97a967be6cb3,failure,Run TestCafe tests,https://github.com/DevExpress/DevExtreme/actions/runs/36571097804/job/109417811093
"29.09.26, 12:40:29",109410297185,36569639737,1,TestCafe tests,Build DevExtreme,chore/update_deps,cancelled,Show nx cache contents before save,https://github.com/DevExpress/DevExtreme/actions/runs/36569639737/job/109410297185
"29.09.26, 12:42:27",109411033882,36569639737,1,TestCafe tests,${{ matrix.name }}${{ ((!matrix.theme && ' - fluent') || '') }},chore/update_deps,cancelled,,https://github.com/DevExpress/DevExtreme/actions/runs/36569639737/job/109411033882
"29.09.26, 12:42:27",109411035866,36569639737,1,TestCafe tests,quarantine,chore/update_deps,cancelled,,https://github.com/DevExpress/DevExtreme/actions/runs/36569639737/job/109411035866
"29.09.26, 12:42:27",109411036309,36569639737,1,TestCafe tests,Send notifications,chore/update_deps,cancelled,,https://github.com/DevExpress/DevExtreme/actions/runs/36569639737/job/109411036309
"29.09.26, 11:08:11",109377841152,36559296363,1,TestCafe tests,accessibility - material.dark,scss/roboto-3-fonts,cancelled,,https://github.com/DevExpress/DevExtreme/actions/runs/36559296363/job/109377841152
"29.09.26, 11:08:11",109377841167,36559296363,1,TestCafe tests,generic,scss/roboto-3-fonts,cancelled,,https://github.com/DevExpress/DevExtreme/actions/runs/36559296363/job/109377841167
"29.09.26, 11:08:11",109377841174,36559296363,1,TestCafe tests,material - compact,scss/roboto-3-fonts,cancelled,,https://github.com/DevExpress/DevExtreme/actions/runs/36559296363/job/109377841174
"29.09.26, 11:08:11",109377841184,36559296363,1,TestCafe tests,material,scss/roboto-3-fonts,cancelled,,https://github.com/DevExpress/DevExtreme/actions/runs/36559296363/job/109377841184
"29.09.26, 11:08:11",109377841217,36559296363,1,TestCafe tests,scheduler / common (3/3) - fluent,scss/roboto-3-fonts,cancelled,,https://github.com/DevExpress/DevExtreme/actions/runs/36559296363/job/109377841217
"29.09.26, 11:08:11",109377841230,36559296363,1,TestCafe tests,dataGrid (1/4) - fluent,scss/roboto-3-fonts,cancelled,,https://github.com/DevExpress/DevExtreme/actions/runs/36559296363/job/109377841230
"29.09.26, 11:08:11",109377841278,36559296363,1,TestCafe tests,common - fluent,scss/roboto-3-fonts,cancelled,,https://github.com/DevExpress/DevExtreme/actions/runs/36559296363/job/109377841278
"29.09.26, 11:08:11",109377841291,36559296363,1,TestCafe tests,accessibility - material.light,scss/roboto-3-fonts,cancelled,,https://github.com/DevExpress/DevExtreme/actions/runs/36559296363/job/109377841291
"29.09.26, 11:08:11",109377841300,36559296363,1,TestCafe tests,accessibility - fluent.dark,scss/roboto-3-fonts,cancelled,,https://github.com/DevExpress/DevExtreme/actions/runs/36559296363/job/109377841300
"29.09.26, 11:08:11",109377841326,36559296363,1,TestCafe tests,scheduler / timezones (America/Los_Angeles) - fluent,scss/roboto-3-fonts,cancelled,,https://github.com/DevExpress/DevExtreme/actions/runs/36559296363/job/109377841326
"29.09.26, 11:08:11",109377841328,36559296363,1,TestCafe tests,accessibility - fluent,scss/roboto-3-fonts,cancelled,,https://github.com/DevExpress/DevExtreme/actions/runs/36559296363/job/109377841328
"29.09.26, 11:08:11",109377841343,36559296363,1,TestCafe tests,scheduler / common (2/3) - fluent,scss/roboto-3-fonts,cancelled,,https://github.com/DevExpress/DevExtreme/actions/runs/36559296363/job/109377841343
"29.09.26, 11:08:11",109377841353,36559296363,1,TestCafe tests,scheduler / timezones (Europe/Berlin) - fluent,scss/roboto-3-fonts,cancelled,,https://github.com/DevExpress/DevExtreme/actions/runs/36559296363/job/109377841353
"29.09.26, 11:08:11",109377841360,36559296363,1,TestCafe tests,dataGrid (4/4) - fluent,scss/roboto-3-fonts,cancelled,,https://github.com/DevExpress/DevExtreme/actions/runs/36559296363/job/109377841360
"29.09.26, 11:08:11",109377841364,36559296363,1,TestCafe tests,editors - fluent,scss/roboto-3-fonts,cancelled,,https://github.com/DevExpress/DevExtreme/actions/runs/36559296363/job/109377841364
"29.09.26, 11:08:11",109377841368,36559296363,1,TestCafe tests,dataGrid (3/4) - fluent,scss/roboto-3-fonts,cancelled,,https://github.com/DevExpress/DevExtreme/actions/runs/36559296363/job/109377841368
"29.09.26, 11:08:11",109377841378,36559296363,1,TestCafe tests,scheduler / viewOffset (2/2) - fluent,scss/roboto-3-fonts,cancelled,,https://github.com/DevExpress/DevExtreme/actions/runs/36559296363/job/109377841378
"29.09.26, 11:08:11",109377841380,36559296363,1,TestCafe tests,dataGrid (2/4) - fluent,scss/roboto-3-fonts,cancelled,,https://github.com/DevExpress/DevExtreme/actions/runs/36559296363/job/109377841380
"29.09.26, 11:08:11",109377841415,36559296363,1,TestCafe tests,cardView - fluent,scss/roboto-3-fonts,cancelled,,https://github.com/DevExpress/DevExtreme/actions/runs/36559296363/job/109377841415
"29.09.26, 11:08:11",109377841422,36559296363,1,TestCafe tests,scheduler / common (1/3) - fluent,scss/roboto-3-fonts,cancelled,,https://github.com/DevExpress/DevExtreme/actions/runs/36559296363/job/109377841422
"29.09.26, 11:08:11",109377841480,36559296363,1,TestCafe tests,scheduler / viewOffset (1/2) - fluent,scss/roboto-3-fonts,cancelled,,https://github.com/DevExpress/DevExtreme/actions/runs/36559296363/job/109377841480
"29.09.26, 11:08:11",109377841585,36559296363,1,TestCafe tests,navigation - fluent,scss/roboto-3-fonts,cancelled,,https://github.com/DevExpress/DevExtreme/actions/runs/36559296363/job/109377841585
"29.09.26, 11:08:54",109378078817,36559296363,1,TestCafe tests,quarantine,scss/roboto-3-fonts,cancelled,,https://github.com/DevExpress/DevExtreme/actions/runs/36559296363/job/109378078817
"29.09.26, 11:08:54",109378079626,36559296363,1,TestCafe tests,Send notifications,scss/roboto-3-fonts,cancelled,,https://github.com/DevExpress/DevExtreme/actions/runs/36559296363/job/109378079626
"29.09.26, 10:38:20",109367772166,36556516204,1,TestCafe tests,cardView - fluent,scss/roboto-3-fonts,cancelled,Run TestCafe tests,https://github.com/DevExpress/DevExtreme/actions/runs/36556516204/job/109367772166
"29.09.26, 10:38:20",109367772228,36556516204,1,TestCafe tests,scheduler / common (2/3) - fluent,scss/roboto-3-fonts,cancelled,Run TestCafe tests,https://github.com/DevExpress/DevExtreme/actions/runs/36556516204/job/109367772228
"29.09.26, 10:38:20",109367772232,36556516204,1,TestCafe tests,accessibility - fluent,scss/roboto-3-fonts,cancelled,Run TestCafe tests,https://github.com/DevExpress/DevExtreme/actions/runs/36556516204/job/109367772232
"29.09.26, 10:38:20",109367772235,36556516204,1,TestCafe tests,common - fluent,scss/roboto-3-fonts,cancelled,Run TestCafe tests,https://github.com/DevExpress/DevExtreme/actions/runs/36556516204/job/109367772235
"29.09.26, 10:38:20",109367772236,36556516204,1,TestCafe tests,accessibility - material.light,scss/roboto-3-fonts,cancelled,Run TestCafe tests,https://github.com/DevExpress/DevExtreme/actions/runs/36556516204/job/109367772236
"29.09.26, 10:38:20",109367772254,36556516204,1,TestCafe tests,accessibility - material.dark,scss/roboto-3-fonts,cancelled,Run TestCafe tests,https://github.com/DevExpress/DevExtreme/actions/runs/36556516204/job/109367772254
"29.09.26, 10:38:20",109367772262,36556516204,1,TestCafe tests,accessibility - fluent.dark,scss/roboto-3-fonts,cancelled,Run TestCafe tests,https://github.com/DevExpress/DevExtreme/actions/runs/36556516204/job/109367772262
"29.09.26, 10:38:20",109367772267,36556516204,1,TestCafe tests,dataGrid (1/4) - fluent,scss/roboto-3-fonts,cancelled,Run TestCafe tests,https://github.com/DevExpress/DevExtreme/actions/runs/36556516204/job/109367772267
"29.09.26, 10:38:20",109367772283,36556516204,1,TestCafe tests,dataGrid (3/4) - fluent,scss/roboto-3-fonts,cancelled,Run TestCafe tests,https://github.com/DevExpress/DevExtreme/actions/runs/36556516204/job/109367772283
"29.09.26, 10:38:20",109367772284,36556516204,1,TestCafe tests,material,scss/roboto-3-fonts,cancelled,,https://github.com/DevExpress/DevExtreme/actions/runs/36556516204/job/109367772284
"29.09.26, 10:38:20",109367772303,36556516204,1,TestCafe tests,scheduler / common (3/3) - fluent,scss/roboto-3-fonts,cancelled,Run TestCafe tests,https://github.com/DevExpress/DevExtreme/actions/runs/36556516204/job/109367772303
"29.09.26, 10:38:20",109367772317,36556516204,1,TestCafe tests,dataGrid (2/4) - fluent,scss/roboto-3-fonts,cancelled,Run TestCafe tests,https://github.com/DevExpress/DevExtreme/actions/runs/36556516204/job/109367772317
"29.09.26, 10:38:20",109367772323,36556516204,1,TestCafe tests,dataGrid (4/4) - fluent,scss/roboto-3-fonts,cancelled,Run TestCafe tests,https://github.com/DevExpress/DevExtreme/actions/runs/36556516204/job/109367772323
"29.09.26, 10:38:20",109367772330,36556516204,1,TestCafe tests,scheduler / viewOffset (2/2) - fluent,scss/roboto-3-fonts,cancelled,Run TestCafe tests,https://github.com/DevExpress/DevExtreme/actions/runs/36556516204/job/109367772330
"29.09.26, 10:38:20",109367772332,36556516204,1,TestCafe tests,navigation - fluent,scss/roboto-3-fonts,cancelled,Run TestCafe tests,https://github.com/DevExpress/DevExtreme/actions/runs/36556516204/job/109367772332
"29.09.26, 10:38:20",109367772361,36556516204,1,TestCafe tests,scheduler / timezones (Europe/Berlin) - fluent,scss/roboto-3-fonts,cancelled,,https://github.com/DevExpress/DevExtreme/actions/runs/36556516204/job/109367772361
"29.09.26, 10:38:20",109367772370,36556516204,1,TestCafe tests,editors - fluent,scss/roboto-3-fonts,cancelled,Run TestCafe tests,https://github.com/DevExpress/DevExtreme/actions/runs/36556516204/job/109367772370
"29.09.26, 10:38:20",109367772376,36556516204,1,TestCafe tests,scheduler / timezones (America/Los_Angeles) - fluent,scss/roboto-3-fonts,cancelled,,https://github.com/DevExpress/DevExtreme/actions/runs/36556516204/job/109367772376
"29.09.26, 10:38:20",109367772378,36556516204,1,TestCafe tests,scheduler / viewOffset (1/2) - fluent,scss/roboto-3-fonts,cancelled,Run TestCafe tests,https://github.com/DevExpress/DevExtreme/actions/runs/36556516204/job/109367772378
"29.09.26, 10:38:20",109367772414,36556516204,1,TestCafe tests,scheduler / common (1/3) - fluent,scss/roboto-3-fonts,cancelled,Run TestCafe tests,https://github.com/DevExpress/DevExtreme/actions/runs/36556516204/job/109367772414
"29.09.26, 10:38:21",109367773596,36556516204,1,TestCafe tests,generic,scss/roboto-3-fonts,cancelled,Run TestCafe tests,https://github.com/DevExpress/DevExtreme/actions/runs/36556516204/job/109367773596
"29.09.26, 10:41:40",109368877262,36556516204,1,TestCafe tests,quarantine,scss/roboto-3-fonts,cancelled,,https://github.com/DevExpress/DevExtreme/actions/runs/36556516204/job/109368877262
"29.09.26, 10:41:40",109368877964,36556516204,1,TestCafe tests,Send notifications,scss/roboto-3-fonts,cancelled,,https://github.com/DevExpress/DevExtreme/actions/runs/36556516204/job/109368877964
"29.09.26, 10:28:06",109364355827,36555709747,1,TestCafe tests,Build DevExtreme,typescript/viz/ts_vector_map_utils,cancelled,,https://github.com/DevExpress/DevExtreme/actions/runs/36555709747/job/109364355827
"29.09.26, 10:33:31",109366172043,36555709747,1,TestCafe tests,${{ matrix.name }}${{ ((!matrix.theme && ' - fluent') || '') }},typescript/viz/ts_vector_map_utils,cancelled,,https://github.com/DevExpress/DevExtreme/actions/runs/36555709747/job/109366172043
"29.09.26, 10:33:31",109366173344,36555709747,1,TestCafe tests,Send notifications,typescript/viz/ts_vector_map_utils,cancelled,,https://github.com/DevExpress/DevExtreme/actions/runs/36555709747/job/109366173344
"29.09.26, 10:33:31",109366173469,36555709747,1,TestCafe tests,quarantine,typescript/viz/ts_vector_map_utils,cancelled,,https://github.com/DevExpress/DevExtreme/actions/runs/36555709747/job/109366173469
"29.09.26, 10:00:48",109354967992,36552048892,1,TestCafe tests,scheduler / timezones (Europe/Berlin) - fluent,typescript/viz/ts_vector_map_utils,failure,,https://github.com/DevExpress/DevExtreme/actions/runs/36552048892/job/109354967992
"29.09.26, 10:00:48",109354967994,36552048892,1,TestCafe tests,dataGrid (1/4) - fluent,typescript/viz/ts_vector_map_utils,failure,,https://github.com/DevExpress/DevExtreme/actions/runs/36552048892/job/109354967994
"29.09.26, 09:59:46",109354587220,36551985331,1,TestCafe tests,navigation - fluent,gh-readonly-queue/main/pr-35374-4de6b5d25132b8cbda225f59224860d83005f384,failure,,https://github.com/DevExpress/DevExtreme/actions/runs/36551985331/job/109354587220
"29.09.26, 09:56:47",109353550528,36551859322,1,TestCafe tests,dataGrid (3/4) - fluent,typescript/core/options_getters_5232_26_1,failure,,https://github.com/DevExpress/DevExtreme/actions/runs/36551859322/job/109353550528
"29.09.26, 09:52:28",109352029137,36551204641,1,TestCafe tests,dataGrid (1/4) - fluent,typescript/core/options_getters_5232,failure,,https://github.com/DevExpress/DevExtreme/actions/runs/36551204641/job/109352029137
"29.09.26, 09:20:10",109340596373,36548458333,1,TestCafe tests,Build DevExtreme,type_columns_utils_5_main,failure,Build,https://github.com/DevExpress/DevExtreme/actions/runs/36548458333/job/109340596373
"29.09.26, 07:36:04",109305152061,36537016778,1,TestCafe tests,scheduler / common (2/3) - fluent,refactor/columnscontroller-state-types-26_1,failure,,https://github.com/DevExpress/DevExtreme/actions/runs/36537016778/job/109305152061
"29.09.26, 07:09:54",109296992177,36534992125,1,TestCafe tests,Build DevExtreme,type_columns_utils_3_26_1,failure,Build,https://github.com/DevExpress/DevExtreme/actions/runs/36534992125/job/109296992177
"29.09.26, 15:31:13",109483106999,36590815044,1,Themebuilder and Styles tests,test,type_columns_utils_6_main,cancelled,Build,https://github.com/DevExpress/DevExtreme/actions/runs/36590815044/job/109483106999
"29.09.26, 15:33:32",109484125756,36590815044,1,Themebuilder and Styles tests,Send notifications,type_columns_utils_6_main,cancelled,,https://github.com/DevExpress/DevExtreme/actions/runs/36590815044/job/109484125756
"29.09.26, 13:03:15",109419115776,36572325450,1,Themebuilder and Styles tests,test,fix/t1335911-sticky-right-resize-separator,failure,,https://github.com/DevExpress/DevExtreme/actions/runs/36572325450/job/109419115776
"29.09.26, 12:40:04",109410135479,36569639798,1,Themebuilder and Styles tests,test,chore/update_deps,cancelled,"Run themebuilder tests (full set, node)",https://github.com/DevExpress/DevExtreme/actions/runs/36569639798/job/109410135479
"29.09.26, 12:43:20",109411377060,36569639798,1,Themebuilder and Styles tests,Send notifications,chore/update_deps,cancelled,,https://github.com/DevExpress/DevExtreme/actions/runs/36569639798/job/109411377060
"29.09.26, 21:08:54",109620938125,36631306668,1,TS Declarations,validate-declarations,typescript/core/templates_options_review_5232,failure,,https://github.com/DevExpress/DevExtreme/actions/runs/36631306668/job/109620938125
"29.09.26, 17:45:27",109539118375,36607197716,1,TS Declarations,check-ts-bundle,gridcore_extract_ignore_column_option_names_26_2,failure,,https://github.com/DevExpress/DevExtreme/actions/runs/36607197716/job/109539118375
"29.09.26, 15:31:13",109483105708,36590815093,1,TS Declarations,check-ts-bundle,type_columns_utils_6_main,cancelled,Post Setup pnpm cache,https://github.com/DevExpress/DevExtreme/actions/runs/36590815093/job/109483105708
"29.09.26, 15:31:13",109483106076,36590815093,1,TS Declarations,validate-declarations,type_columns_utils_6_main,cancelled,Post Setup pnpm cache,https://github.com/DevExpress/DevExtreme/actions/runs/36590815093/job/109483106076
"29.09.26, 15:33:19",109484029316,36590815093,1,TS Declarations,Send notifications,type_columns_utils_6_main,cancelled,,https://github.com/DevExpress/DevExtreme/actions/runs/36590815093/job/109484029316
"29.09.26, 12:40:04",109410135549,36569639886,1,TS Declarations,check-ts-bundle,chore/update_deps,cancelled,,https://github.com/DevExpress/DevExtreme/actions/runs/36569639886/job/109410135549
"29.09.26, 12:40:05",109410136210,36569639886,1,TS Declarations,validate-declarations,chore/update_deps,cancelled,,https://github.com/DevExpress/DevExtreme/actions/runs/36569639886/job/109410136210
"29.09.26, 12:42:37",109411098469,36569639886,1,TS Declarations,Send notifications,chore/update_deps,cancelled,,https://github.com/DevExpress/DevExtreme/actions/runs/36569639886/job/109411098469
"29.09.26, 21:25:48",109627273563,36632464194,1,Demos Visual Tests,jquery(3/3)-screenshots-fluent.blue.light,typescript/core/templates_options_review_5232_26_1,failure,,https://github.com/DevExpress/DevExtreme/actions/runs/36632464194/job/109627273563
"29.09.26, 21:27:08",109627755883,36632354916,1,Demos Visual Tests,jquery(2/3)-screenshots-material.blue.light,typescript/core/templates_options_public_dts,failure,,https://github.com/DevExpress/DevExtreme/actions/runs/36632354916/job/109627755883
"29.09.26, 21:27:07",109627748992,36632250216,1,Demos Visual Tests,CSP check (Angular 1/3),typescript/core/options_getters_5232,failure,,https://github.com/DevExpress/DevExtreme/actions/runs/36632250216/job/109627748992
"29.09.26, 21:27:07",109627749027,36632250216,1,Demos Visual Tests,CSP check (React 2/2),typescript/core/options_getters_5232,failure,,https://github.com/DevExpress/DevExtreme/actions/runs/36632250216/job/109627749027
"29.09.26, 21:17:27",109624172287,36631306401,1,Demos Visual Tests,CSP check (Vue 1/2),typescript/core/templates_options_review_5232,failure,,https://github.com/DevExpress/DevExtreme/actions/runs/36631306401/job/109624172287
"29.09.26, 21:17:27",109624172303,36631306401,1,Demos Visual Tests,CSP check (Angular 1/3),typescript/core/templates_options_review_5232,failure,,https://github.com/DevExpress/DevExtreme/actions/runs/36631306401/job/109624172303
"29.09.26, 21:02:31",109618447507,36629450384,1,Demos Visual Tests,react(1/3)-screenshots-fluent.blue.light,feature/design-leftovers,failure,,https://github.com/DevExpress/DevExtreme/actions/runs/36629450384/job/109618447507
"29.09.26, 21:02:31",109618447578,36629450384,1,Demos Visual Tests,angular(2/10)-screenshots-fluent.blue.light,feature/design-leftovers,failure,,https://github.com/DevExpress/DevExtreme/actions/runs/36629450384/job/109618447578
"29.09.26, 21:02:31",109618447995,36629450384,1,Demos Visual Tests,angular(10/10)-screenshots-fluent-next.blue.light,feature/design-leftovers,failure,,https://github.com/DevExpress/DevExtreme/actions/runs/36629450384/job/109618447995
"29.09.26, 20:37:30",109608655421,36626993463,1,Demos Visual Tests,jquery(2/3)-screenshots-material.blue.light,feature/design-leftovers,failure,Run TestCafe tests (jQuery),https://github.com/DevExpress/DevExtreme/actions/runs/36626993463/job/109608655421
"29.09.26, 20:37:30",109608655546,36626993463,1,Demos Visual Tests,jquery(2/3)-screenshots-fluent-next.blue.light,feature/design-leftovers,failure,Run TestCafe tests (jQuery),https://github.com/DevExpress/DevExtreme/actions/runs/36626993463/job/109608655546
"29.09.26, 20:37:30",109608655618,36626993463,1,Demos Visual Tests,jquery(2/3)-screenshots-fluent.blue.light,feature/design-leftovers,failure,Run TestCafe tests (jQuery),https://github.com/DevExpress/DevExtreme/actions/runs/36626993463/job/109608655618
"29.09.26, 20:41:18",109610167211,36626993463,1,Demos Visual Tests,react(2/3)-screenshots-fluent.blue.light,feature/design-leftovers,failure,Run TestCafe tests,https://github.com/DevExpress/DevExtreme/actions/runs/36626993463/job/109610167211
"29.09.26, 20:41:18",109610167413,36626993463,1,Demos Visual Tests,angular(10/10)-screenshots-fluent-next.blue.light,feature/design-leftovers,failure,Run TestCafe tests,https://github.com/DevExpress/DevExtreme/actions/runs/36626993463/job/109610167413
"29.09.26, 20:41:18",109610167441,36626993463,1,Demos Visual Tests,react(2/3)-screenshots-fluent-next.blue.light,feature/design-leftovers,failure,Run TestCafe tests,https://github.com/DevExpress/DevExtreme/actions/runs/36626993463/job/109610167441
"29.09.26, 20:41:18",109610167442,36626993463,1,Demos Visual Tests,vue(5/5)-screenshots-fluent-next.blue.light,feature/design-leftovers,failure,Run TestCafe tests,https://github.com/DevExpress/DevExtreme/actions/runs/36626993463/job/109610167442
"29.09.26, 20:41:18",109610167543,36626993463,1,Demos Visual Tests,angular(10/10)-screenshots-fluent.blue.light,feature/design-leftovers,failure,Run TestCafe tests,https://github.com/DevExpress/DevExtreme/actions/runs/36626993463/job/109610167543
"29.09.26, 20:41:18",109610167570,36626993463,1,Demos Visual Tests,vue(5/5)-screenshots-fluent.blue.light,feature/design-leftovers,failure,Run TestCafe tests,https://github.com/DevExpress/DevExtreme/actions/runs/36626993463/job/109610167570
"29.09.26, 20:15:52",109599966378,36623878773,1,Demos Visual Tests,jquery(2/3)-screenshots-material.blue.light,feature/design-leftovers,failure,Run TestCafe tests (jQuery),https://github.com/DevExpress/DevExtreme/actions/runs/36623878773/job/109599966378
"29.09.26, 20:15:52",109599966481,36623878773,1,Demos Visual Tests,jquery(2/3)-screenshots-fluent-next.blue.light,feature/design-leftovers,failure,Run TestCafe tests (jQuery),https://github.com/DevExpress/DevExtreme/actions/runs/36623878773/job/109599966481
"29.09.26, 20:15:52",109599966527,36623878773,1,Demos Visual Tests,jquery(2/3)-screenshots-fluent.blue.light,feature/design-leftovers,failure,Run TestCafe tests (jQuery),https://github.com/DevExpress/DevExtreme/actions/runs/36623878773/job/109599966527
"29.09.26, 20:19:41",109601499916,36623878773,1,Demos Visual Tests,react(2/3)-screenshots-fluent.blue.light,feature/design-leftovers,failure,Run TestCafe tests,https://github.com/DevExpress/DevExtreme/actions/runs/36623878773/job/109601499916
"29.09.26, 20:19:41",109601499973,36623878773,1,Demos Visual Tests,vue(5/5)-screenshots-fluent-next.blue.light,feature/design-leftovers,failure,Run TestCafe tests,https://github.com/DevExpress/DevExtreme/actions/runs/36623878773/job/109601499973
"29.09.26, 20:19:41",109601500139,36623878773,1,Demos Visual Tests,vue(5/5)-screenshots-fluent.blue.light,feature/design-leftovers,failure,Run TestCafe tests,https://github.com/DevExpress/DevExtreme/actions/runs/36623878773/job/109601500139
"29.09.26, 20:19:41",109601500215,36623878773,1,Demos Visual Tests,react(2/3)-screenshots-fluent-next.blue.light,feature/design-leftovers,failure,Run TestCafe tests,https://github.com/DevExpress/DevExtreme/actions/runs/36623878773/job/109601500215
"29.09.26, 20:19:41",109601500283,36623878773,1,Demos Visual Tests,angular(10/10)-screenshots-fluent-next.blue.light,feature/design-leftovers,failure,Run TestCafe tests,https://github.com/DevExpress/DevExtreme/actions/runs/36623878773/job/109601500283
"29.09.26, 20:19:41",109601500370,36623878773,1,Demos Visual Tests,angular(10/10)-screenshots-fluent.blue.light,feature/design-leftovers,failure,Run TestCafe tests,https://github.com/DevExpress/DevExtreme/actions/runs/36623878773/job/109601500370
"29.09.26, 15:31:24",109483185481,36590814914,1,Demos Visual Tests,Build DevExtreme,type_columns_utils_6_main,cancelled,DevExtreme - Build-all,https://github.com/DevExpress/DevExtreme/actions/runs/36590814914/job/109483185481
"29.09.26, 15:33:41",109484193883,36590814914,1,Demos Visual Tests,Check TS and lint code base,type_columns_utils_6_main,cancelled,,https://github.com/DevExpress/DevExtreme/actions/runs/36590814914/job/109484193883
"29.09.26, 15:33:41",109484194076,36590814914,1,Demos Visual Tests,Check generated demos,type_columns_utils_6_main,cancelled,,https://github.com/DevExpress/DevExtreme/actions/runs/36590814914/job/109484194076
"29.09.26, 15:33:41",109484194187,36590814914,1,Demos Visual Tests,"Build vendor bundles (React, Vue)",type_columns_utils_6_main,cancelled,,https://github.com/DevExpress/DevExtreme/actions/runs/36590814914/job/109484194187
"29.09.26, 15:33:41",109484194287,36590814914,1,Demos Visual Tests,CSP check (jQuery),type_columns_utils_6_main,cancelled,,https://github.com/DevExpress/DevExtreme/actions/runs/36590814914/job/109484194287
"29.09.26, 15:33:41",109484194328,36590814914,1,Demos Visual Tests,"matrix.SHARD_TOTAL == 1 && format('CSP check ({0})', matrix.FRAMEWORK) || format('CSP check ({0} {1}/{2})', matrix.FRAMEWORK, matrix.SHARD_INDEX, matrix.SHARD_TOTAL)",type_columns_utils_6_main,cancelled,,https://github.com/DevExpress/DevExtreme/actions/runs/36590814914/job/109484194328
"29.09.26, 15:33:41",109484194490,36590814914,1,Demos Visual Tests,${{ matrix.CONSTEL }}-${{ matrix.STRATEGY }}-${{ matrix.THEME }},type_columns_utils_6_main,cancelled,,https://github.com/DevExpress/DevExtreme/actions/runs/36590814914/job/109484194490
"29.09.26, 15:33:41",109484195190,36590814914,1,Demos Visual Tests,CSP Violations Summary,type_columns_utils_6_main,cancelled,,https://github.com/DevExpress/DevExtreme/actions/runs/36590814914/job/109484195190
"29.09.26, 15:33:41",109484195414,36590814914,1,Demos Visual Tests,"matrix.SHARD_TOTAL == 1 && format('Build demos ({0})', matrix.FRAMEWORK) || format('Build demos ({0} {1}/{2})', matrix.FRAMEWORK, matrix.SHARD_INDEX, matrix.SHARD_TOTAL)",type_columns_utils_6_main,cancelled,,https://github.com/DevExpress/DevExtreme/actions/runs/36590814914/job/109484195414
"29.09.26, 15:33:41",109484196787,36590814914,1,Demos Visual Tests,${{ matrix.CONSTEL }}-screenshots-${{ matrix.THEME }},type_columns_utils_6_main,cancelled,,https://github.com/DevExpress/DevExtreme/actions/runs/36590814914/job/109484196787
"29.09.26, 15:33:42",109484197138,36590814914,1,Demos Visual Tests,merge-artifacts,type_columns_utils_6_main,cancelled,,https://github.com/DevExpress/DevExtreme/actions/runs/36590814914/job/109484197138
"29.09.26, 15:39:36",109486778089,36590370460,1,Demos Visual Tests,react(3/3)-screenshots-fluent.blue.light,26_1,failure,,https://github.com/DevExpress/DevExtreme/actions/runs/36590370460/job/109486778089
"29.09.26, 15:39:36",109486778124,36590370460,1,Demos Visual Tests,vue(2/5)-screenshots-fluent.blue.light,26_1,failure,,https://github.com/DevExpress/DevExtreme/actions/runs/36590370460/job/109486778124
"29.09.26, 15:39:36",109486778183,36590370460,1,Demos Visual Tests,angular(8/10)-screenshots-fluent.blue.light,26_1,failure,,https://github.com/DevExpress/DevExtreme/actions/runs/36590370460/job/109486778183
"29.09.26, 15:09:35",109473531115,36586778367,1,Demos Visual Tests,CSP check (React 2/2),typescript/viz/es6_prototype_items,failure,,https://github.com/DevExpress/DevExtreme/actions/runs/36586778367/job/109473531115
"29.09.26, 15:09:35",109473531147,36586778367,1,Demos Visual Tests,Check generated demos,typescript/viz/es6_prototype_items,failure,,https://github.com/DevExpress/DevExtreme/actions/runs/36586778367/job/109473531147
"29.09.26, 15:09:35",109473531415,36586778367,1,Demos Visual Tests,CSP check (Angular 3/3),typescript/viz/es6_prototype_items,failure,,https://github.com/DevExpress/DevExtreme/actions/runs/36586778367/job/109473531415
"29.09.26, 15:09:35",109473531474,36586778367,1,Demos Visual Tests,jquery(2/3)-screenshots-fluent.blue.light,typescript/viz/es6_prototype_items,failure,,https://github.com/DevExpress/DevExtreme/actions/runs/36586778367/job/109473531474
"29.09.26, 15:09:35",109473531604,36586778367,1,Demos Visual Tests,CSP check (React 1/2),typescript/viz/es6_prototype_items,failure,,https://github.com/DevExpress/DevExtreme/actions/runs/36586778367/job/109473531604
"29.09.26, 14:37:22",109459451817,36582866929,1,Demos Visual Tests,jquery(3/3)-screenshots-material.blue.light,gh-readonly-queue/main/pr-35375-c411ea0b8b7b9aaad6bb5b4360a4a2272545050e,failure,Run TestCafe tests (jQuery),https://github.com/DevExpress/DevExtreme/actions/runs/36582866929/job/109459451817
"29.09.26, 14:04:30",109444982651,36578797673,1,Demos Visual Tests,CSP check (jQuery),scss/icon-fonts-license-metadata,cancelled,Run CSP Check,https://github.com/DevExpress/DevExtreme/actions/runs/36578797673/job/109444982651
"29.09.26, 14:07:50",109446476416,36578797673,1,Demos Visual Tests,vue(2/5)-screenshots-fluent.blue.light,scss/icon-fonts-license-metadata,cancelled,,https://github.com/DevExpress/DevExtreme/actions/runs/36578797673/job/109446476416
"29.09.26, 14:07:50",109446476444,36578797673,1,Demos Visual Tests,react(3/3)-screenshots-fluent.blue.light,scss/icon-fonts-license-metadata,cancelled,Run TestCafe tests,https://github.com/DevExpress/DevExtreme/actions/runs/36578797673/job/109446476444
"29.09.26, 14:07:50",109446476479,36578797673,1,Demos Visual Tests,react(2/3)-screenshots-fluent.blue.light,scss/icon-fonts-license-metadata,cancelled,Run TestCafe tests,https://github.com/DevExpress/DevExtreme/actions/runs/36578797673/job/109446476479
"29.09.26, 14:07:50",109446476522,36578797673,1,Demos Visual Tests,vue(3/5)-screenshots-fluent.blue.light,scss/icon-fonts-license-metadata,cancelled,,https://github.com/DevExpress/DevExtreme/actions/runs/36578797673/job/109446476522
"29.09.26, 14:07:50",109446476542,36578797673,1,Demos Visual Tests,vue(4/5)-screenshots-fluent.blue.light,scss/icon-fonts-license-metadata,cancelled,,https://github.com/DevExpress/DevExtreme/actions/runs/36578797673/job/109446476542
"29.09.26, 14:07:50",109446476556,36578797673,1,Demos Visual Tests,vue(1/5)-screenshots-fluent.blue.light,scss/icon-fonts-license-metadata,cancelled,,https://github.com/DevExpress/DevExtreme/actions/runs/36578797673/job/109446476556
"29.09.26, 14:07:50",109446476641,36578797673,1,Demos Visual Tests,vue(5/5)-screenshots-fluent.blue.light,scss/icon-fonts-license-metadata,cancelled,,https://github.com/DevExpress/DevExtreme/actions/runs/36578797673/job/109446476641
"29.09.26, 14:07:50",109446476658,36578797673,1,Demos Visual Tests,react(1/3)-screenshots-fluent.blue.light,scss/icon-fonts-license-metadata,cancelled,Run TestCafe tests,https://github.com/DevExpress/DevExtreme/actions/runs/36578797673/job/109446476658
"29.09.26, 14:07:50",109446476663,36578797673,1,Demos Visual Tests,angular(2/10)-screenshots-fluent.blue.light,scss/icon-fonts-license-metadata,cancelled,,https://github.com/DevExpress/DevExtreme/actions/runs/36578797673/job/109446476663
"29.09.26, 14:13:49",109449130309,36578797673,1,Demos Visual Tests,CSP Violations Summary,scss/icon-fonts-license-metadata,cancelled,,https://github.com/DevExpress/DevExtreme/actions/runs/36578797673/job/109449130309
"29.09.26, 14:13:59",109449205102,36578797673,1,Demos Visual Tests,merge-artifacts,scss/icon-fonts-license-metadata,cancelled,,https://github.com/DevExpress/DevExtreme/actions/runs/36578797673/job/109449205102
"29.09.26, 13:38:47",109433787715,36575557884,1,Demos Visual Tests,CSP check (React 2/2),fix/t1335911-sticky-right-resize-separator,failure,,https://github.com/DevExpress/DevExtreme/actions/runs/36575557884/job/109433787715
"29.09.26, 13:38:47",109433787774,36575557884,1,Demos Visual Tests,CSP check (React 1/2),fix/t1335911-sticky-right-resize-separator,failure,,https://github.com/DevExpress/DevExtreme/actions/runs/36575557884/job/109433787774
"29.09.26, 13:38:47",109433787796,36575557884,1,Demos Visual Tests,CSP check (Angular 2/3),fix/t1335911-sticky-right-resize-separator,failure,,https://github.com/DevExpress/DevExtreme/actions/runs/36575557884/job/109433787796
"29.09.26, 13:38:47",109433787840,36575557884,1,Demos Visual Tests,CSP check (Angular 1/3),fix/t1335911-sticky-right-resize-separator,failure,,https://github.com/DevExpress/DevExtreme/actions/runs/36575557884/job/109433787840
"29.09.26, 13:20:57",109426266930,36572325546,1,Demos Visual Tests,angular(3/10)-screenshots-fluent.blue.light,fix/t1335911-sticky-right-resize-separator,cancelled,Run TestCafe tests,https://github.com/DevExpress/DevExtreme/actions/runs/36572325546/job/109426266930
"29.09.26, 13:20:57",109426267073,36572325546,1,Demos Visual Tests,vue(5/5)-screenshots-fluent.blue.light,fix/t1335911-sticky-right-resize-separator,cancelled,Run TestCafe tests,https://github.com/DevExpress/DevExtreme/actions/runs/36572325546/job/109426267073
"29.09.26, 13:31:18",109430622717,36572325546,1,Demos Visual Tests,merge-artifacts,fix/t1335911-sticky-right-resize-separator,cancelled,,https://github.com/DevExpress/DevExtreme/actions/runs/36572325546/job/109430622717
"29.09.26, 12:50:59",109414311575,36569880997,1,Demos Visual Tests,jquery(3/3)-screenshots-material.blue.light,chore/update_deps,failure,,https://github.com/DevExpress/DevExtreme/actions/runs/36569880997/job/109414311575
"29.09.26, 12:40:13",109410190344,36569639622,1,Demos Visual Tests,Build DevExtreme,chore/update_deps,cancelled,Install dependencies,https://github.com/DevExpress/DevExtreme/actions/runs/36569639622/job/109410190344
"29.09.26, 12:42:28",109411039981,36569639622,1,Demos Visual Tests,"matrix.SHARD_TOTAL == 1 && format('CSP check ({0})', matrix.FRAMEWORK) || format('CSP check ({0} {1}/{2})', matrix.FRAMEWORK, matrix.SHARD_INDEX, matrix.SHARD_TOTAL)",chore/update_deps,cancelled,,https://github.com/DevExpress/DevExtreme/actions/runs/36569639622/job/109411039981
"29.09.26, 12:42:28",109411040018,36569639622,1,Demos Visual Tests,"Build vendor bundles (React, Vue)",chore/update_deps,cancelled,,https://github.com/DevExpress/DevExtreme/actions/runs/36569639622/job/109411040018
"29.09.26, 12:42:28",109411040308,36569639622,1,Demos Visual Tests,Check generated demos,chore/update_deps,cancelled,,https://github.com/DevExpress/DevExtreme/actions/runs/36569639622/job/109411040308
"29.09.26, 12:42:28",109411040550,36569639622,1,Demos Visual Tests,CSP check (jQuery),chore/update_deps,cancelled,,https://github.com/DevExpress/DevExtreme/actions/runs/36569639622/job/109411040550
"29.09.26, 12:42:28",109411041028,36569639622,1,Demos Visual Tests,${{ matrix.CONSTEL }}-${{ matrix.STRATEGY }}-${{ matrix.THEME }},chore/update_deps,cancelled,,https://github.com/DevExpress/DevExtreme/actions/runs/36569639622/job/109411041028
"29.09.26, 12:42:28",109411041258,36569639622,1,Demos Visual Tests,CSP Violations Summary,chore/update_deps,cancelled,,https://github.com/DevExpress/DevExtreme/actions/runs/36569639622/job/109411041258
"29.09.26, 12:42:28",109411041393,36569639622,1,Demos Visual Tests,Check TS and lint code base,chore/update_deps,cancelled,,https://github.com/DevExpress/DevExtreme/actions/runs/36569639622/job/109411041393
"29.09.26, 12:42:28",109411041702,36569639622,1,Demos Visual Tests,"matrix.SHARD_TOTAL == 1 && format('Build demos ({0})', matrix.FRAMEWORK) || format('Build demos ({0} {1}/{2})', matrix.FRAMEWORK, matrix.SHARD_INDEX, matrix.SHARD_TOTAL)",chore/update_deps,cancelled,,https://github.com/DevExpress/DevExtreme/actions/runs/36569639622/job/109411041702
"29.09.26, 12:42:28",109411041911,36569639622,1,Demos Visual Tests,${{ matrix.CONSTEL }}-screenshots-${{ matrix.THEME }},chore/update_deps,cancelled,,https://github.com/DevExpress/DevExtreme/actions/runs/36569639622/job/109411041911
"29.09.26, 12:42:28",109411042403,36569639622,1,Demos Visual Tests,merge-artifacts,chore/update_deps,cancelled,,https://github.com/DevExpress/DevExtreme/actions/runs/36569639622/job/109411042403
"29.09.26, 12:11:53",109399686875,36566078018,1,Demos Visual Tests,jquery(3/3)-screenshots-material.blue.light,gh-readonly-queue/main/pr-35384-6739169729af1e056c3ecb5113e6de891527e27a,failure,Run TestCafe tests (jQuery),https://github.com/DevExpress/DevExtreme/actions/runs/36566078018/job/109399686875
"29.09.26, 11:56:11",109394131341,36563389127,1,Demos Visual Tests,vue(3/5)-screenshots-fluent.blue.light,gh-readonly-queue/main/pr-35384-6739169729af1e056c3ecb5113e6de891527e27a,failure,Run TestCafe tests,https://github.com/DevExpress/DevExtreme/actions/runs/36563389127/job/109394131341
"29.09.26, 11:46:56",109390967248,36562989525,1,Demos Visual Tests,jquery(1/3)-screenshots-fluent.blue.light,typescript/core/templates_options_public_dts,failure,,https://github.com/DevExpress/DevExtreme/actions/runs/36562989525/job/109390967248
"29.09.26, 11:02:49",109376045746,36559296308,1,Demos Visual Tests,Build DevExtreme,scss/roboto-3-fonts,cancelled,Zip artifacts (for jQuery tests),https://github.com/DevExpress/DevExtreme/actions/runs/36559296308/job/109376045746
"29.09.26, 11:09:32",109378288024,36559296308,1,Demos Visual Tests,CSP check (jQuery),scss/roboto-3-fonts,cancelled,,https://github.com/DevExpress/DevExtreme/actions/runs/36559296308/job/109378288024
"29.09.26, 11:09:32",109378288722,36559296308,1,Demos Visual Tests,"matrix.SHARD_TOTAL == 1 && format('CSP check ({0})', matrix.FRAMEWORK) || format('CSP check ({0} {1}/{2})', matrix.FRAMEWORK, matrix.SHARD_INDEX, matrix.SHARD_TOTAL)",scss/roboto-3-fonts,cancelled,,https://github.com/DevExpress/DevExtreme/actions/runs/36559296308/job/109378288722
"29.09.26, 11:09:32",109378288821,36559296308,1,Demos Visual Tests,Check generated demos,scss/roboto-3-fonts,cancelled,,https://github.com/DevExpress/DevExtreme/actions/runs/36559296308/job/109378288821
"29.09.26, 11:09:32",109378289112,36559296308,1,Demos Visual Tests,Check TS and lint code base,scss/roboto-3-fonts,cancelled,,https://github.com/DevExpress/DevExtreme/actions/runs/36559296308/job/109378289112
"29.09.26, 11:09:32",109378289113,36559296308,1,Demos Visual Tests,"Build vendor bundles (React, Vue)",scss/roboto-3-fonts,cancelled,,https://github.com/DevExpress/DevExtreme/actions/runs/36559296308/job/109378289113
"29.09.26, 11:09:32",109378289208,36559296308,1,Demos Visual Tests,${{ matrix.CONSTEL }}-${{ matrix.STRATEGY }}-${{ matrix.THEME }},scss/roboto-3-fonts,cancelled,,https://github.com/DevExpress/DevExtreme/actions/runs/36559296308/job/109378289208
"29.09.26, 11:09:32",109378289267,36559296308,1,Demos Visual Tests,"matrix.SHARD_TOTAL == 1 && format('Build demos ({0})', matrix.FRAMEWORK) || format('Build demos ({0} {1}/{2})', matrix.FRAMEWORK, matrix.SHARD_INDEX, matrix.SHARD_TOTAL)",scss/roboto-3-fonts,cancelled,,https://github.com/DevExpress/DevExtreme/actions/runs/36559296308/job/109378289267
"29.09.26, 11:09:32",109378290141,36559296308,1,Demos Visual Tests,CSP Violations Summary,scss/roboto-3-fonts,cancelled,,https://github.com/DevExpress/DevExtreme/actions/runs/36559296308/job/109378290141
"29.09.26, 11:09:32",109378290264,36559296308,1,Demos Visual Tests,${{ matrix.CONSTEL }}-screenshots-${{ matrix.THEME }},scss/roboto-3-fonts,cancelled,,https://github.com/DevExpress/DevExtreme/actions/runs/36559296308/job/109378290264
"29.09.26, 11:09:32",109378291071,36559296308,1,Demos Visual Tests,merge-artifacts,scss/roboto-3-fonts,cancelled,,https://github.com/DevExpress/DevExtreme/actions/runs/36559296308/job/109378291071
"29.09.26, 10:54:41",109373291366,36557840669,1,Demos Visual Tests,jquery(1/3)-screenshots-fluent.blue.light,typescript/viz/ts_vector_map_utils_26_1,failure,Run TestCafe tests (jQuery),https://github.com/DevExpress/DevExtreme/actions/runs/36557840669/job/109373291366
"29.09.26, 10:36:52",109367282738,36556516322,1,Demos Visual Tests,Build DevExtreme,scss/roboto-3-fonts,cancelled,DevExtreme - Build-all,https://github.com/DevExpress/DevExtreme/actions/runs/36556516322/job/109367282738
"29.09.26, 10:41:27",109368801202,36556516322,1,Demos Visual Tests,Check generated demos,scss/roboto-3-fonts,cancelled,,https://github.com/DevExpress/DevExtreme/actions/runs/36556516322/job/109368801202
"29.09.26, 10:41:27",109368801319,36556516322,1,Demos Visual Tests,"Build vendor bundles (React, Vue)",scss/roboto-3-fonts,cancelled,,https://github.com/DevExpress/DevExtreme/actions/runs/36556516322/job/109368801319
"29.09.26, 10:41:27",109368802025,36556516322,1,Demos Visual Tests,CSP check (jQuery),scss/roboto-3-fonts,cancelled,,https://github.com/DevExpress/DevExtreme/actions/runs/36556516322/job/109368802025
"29.09.26, 10:41:27",109368802088,36556516322,1,Demos Visual Tests,${{ matrix.CONSTEL }}-${{ matrix.STRATEGY }}-${{ matrix.THEME }},scss/roboto-3-fonts,cancelled,,https://github.com/DevExpress/DevExtreme/actions/runs/36556516322/job/109368802088
"29.09.26, 10:41:27",109368802888,36556516322,1,Demos Visual Tests,"matrix.SHARD_TOTAL == 1 && format('Build demos ({0})', matrix.FRAMEWORK) || format('Build demos ({0} {1}/{2})', matrix.FRAMEWORK, matrix.SHARD_INDEX, matrix.SHARD_TOTAL)",scss/roboto-3-fonts,cancelled,,https://github.com/DevExpress/DevExtreme/actions/runs/36556516322/job/109368802888
"29.09.26, 10:41:27",109368802920,36556516322,1,Demos Visual Tests,"matrix.SHARD_TOTAL == 1 && format('CSP check ({0})', matrix.FRAMEWORK) || format('CSP check ({0} {1}/{2})', matrix.FRAMEWORK, matrix.SHARD_INDEX, matrix.SHARD_TOTAL)",scss/roboto-3-fonts,cancelled,,https://github.com/DevExpress/DevExtreme/actions/runs/36556516322/job/109368802920
"29.09.26, 10:41:27",109368802960,36556516322,1,Demos Visual Tests,Check TS and lint code base,scss/roboto-3-fonts,cancelled,,https://github.com/DevExpress/DevExtreme/actions/runs/36556516322/job/109368802960
"29.09.26, 10:41:27",109368803687,36556516322,1,Demos Visual Tests,CSP Violations Summary,scss/roboto-3-fonts,cancelled,,https://github.com/DevExpress/DevExtreme/actions/runs/36556516322/job/109368803687
"29.09.26, 10:41:27",109368805050,36556516322,1,Demos Visual Tests,${{ matrix.CONSTEL }}-screenshots-${{ matrix.THEME }},scss/roboto-3-fonts,cancelled,,https://github.com/DevExpress/DevExtreme/actions/runs/36556516322/job/109368805050
"29.09.26, 10:41:28",109368807207,36556516322,1,Demos Visual Tests,merge-artifacts,scss/roboto-3-fonts,cancelled,,https://github.com/DevExpress/DevExtreme/actions/runs/36556516322/job/109368807207
"29.09.26, 10:27:52",109364277325,36555709975,1,Demos Visual Tests,Build DevExtreme,typescript/viz/ts_vector_map_utils,cancelled,DevExtreme - Build-all,https://github.com/DevExpress/DevExtreme/actions/runs/36555709975/job/109364277325
"29.09.26, 10:34:13",109366406861,36555709975,1,Demos Visual Tests,Check TS and lint code base,typescript/viz/ts_vector_map_utils,cancelled,,https://github.com/DevExpress/DevExtreme/actions/runs/36555709975/job/109366406861
"29.09.26, 10:34:13",109366406931,36555709975,1,Demos Visual Tests,CSP check (jQuery),typescript/viz/ts_vector_map_utils,cancelled,,https://github.com/DevExpress/DevExtreme/actions/runs/36555709975/job/109366406931
"29.09.26, 10:34:13",109366406950,36555709975,1,Demos Visual Tests,Check generated demos,typescript/viz/ts_vector_map_utils,cancelled,,https://github.com/DevExpress/DevExtreme/actions/runs/36555709975/job/109366406950
"29.09.26, 10:34:13",109366407242,36555709975,1,Demos Visual Tests,"Build vendor bundles (React, Vue)",typescript/viz/ts_vector_map_utils,cancelled,,https://github.com/DevExpress/DevExtreme/actions/runs/36555709975/job/109366407242
"29.09.26, 10:34:13",109366407283,36555709975,1,Demos Visual Tests,"matrix.SHARD_TOTAL == 1 && format('CSP check ({0})', matrix.FRAMEWORK) || format('CSP check ({0} {1}/{2})', matrix.FRAMEWORK, matrix.SHARD_INDEX, matrix.SHARD_TOTAL)",typescript/viz/ts_vector_map_utils,cancelled,,https://github.com/DevExpress/DevExtreme/actions/runs/36555709975/job/109366407283
"29.09.26, 10:34:14",109366407828,36555709975,1,Demos Visual Tests,${{ matrix.CONSTEL }}-screenshots-${{ matrix.THEME }},typescript/viz/ts_vector_map_utils,cancelled,,https://github.com/DevExpress/DevExtreme/actions/runs/36555709975/job/109366407828
"29.09.26, 10:34:14",109366407979,36555709975,1,Demos Visual Tests,"matrix.SHARD_TOTAL == 1 && format('Build demos ({0})', matrix.FRAMEWORK) || format('Build demos ({0} {1}/{2})', matrix.FRAMEWORK, matrix.SHARD_INDEX, matrix.SHARD_TOTAL)",typescript/viz/ts_vector_map_utils,cancelled,,https://github.com/DevExpress/DevExtreme/actions/runs/36555709975/job/109366407979
"29.09.26, 10:34:14",109366408448,36555709975,1,Demos Visual Tests,CSP Violations Summary,typescript/viz/ts_vector_map_utils,cancelled,,https://github.com/DevExpress/DevExtreme/actions/runs/36555709975/job/109366408448
"29.09.26, 10:34:14",109366408478,36555709975,1,Demos Visual Tests,${{ matrix.CONSTEL }}-${{ matrix.STRATEGY }}-${{ matrix.THEME }},typescript/viz/ts_vector_map_utils,cancelled,,https://github.com/DevExpress/DevExtreme/actions/runs/36555709975/job/109366408478
"29.09.26, 10:34:14",109366408837,36555709975,1,Demos Visual Tests,merge-artifacts,typescript/viz/ts_vector_map_utils,cancelled,,https://github.com/DevExpress/DevExtreme/actions/runs/36555709975/job/109366408837
"29.09.26, 10:28:51",109364601577,36554926086,1,Demos Visual Tests,CSP check (jQuery),scss/roboto-3-fonts,cancelled,Run CSP Check,https://github.com/DevExpress/DevExtreme/actions/runs/36554926086/job/109364601577
"29.09.26, 10:28:51",109364601590,36554926086,1,Demos Visual Tests,Check generated demos,scss/roboto-3-fonts,cancelled,,https://github.com/DevExpress/DevExtreme/actions/runs/36554926086/job/109364601590
"29.09.26, 10:28:51",109364601681,36554926086,1,Demos Visual Tests,CSP check (Angular 2/3),scss/roboto-3-fonts,cancelled,Run CSP Check,https://github.com/DevExpress/DevExtreme/actions/runs/36554926086/job/109364601681
"29.09.26, 10:28:51",109364601686,36554926086,1,Demos Visual Tests,CSP check (Vue 1/2),scss/roboto-3-fonts,cancelled,Run CSP Check,https://github.com/DevExpress/DevExtreme/actions/runs/36554926086/job/109364601686
"29.09.26, 10:28:51",109364601724,36554926086,1,Demos Visual Tests,CSP check (React 2/2),scss/roboto-3-fonts,cancelled,Run CSP Check,https://github.com/DevExpress/DevExtreme/actions/runs/36554926086/job/109364601724
"29.09.26, 10:28:51",109364601747,36554926086,1,Demos Visual Tests,CSP check (Vue 2/2),scss/roboto-3-fonts,cancelled,Run CSP Check,https://github.com/DevExpress/DevExtreme/actions/runs/36554926086/job/109364601747
"29.09.26, 10:28:51",109364601761,36554926086,1,Demos Visual Tests,CSP check (React 1/2),scss/roboto-3-fonts,cancelled,Run CSP Check,https://github.com/DevExpress/DevExtreme/actions/runs/36554926086/job/109364601761
"29.09.26, 10:28:51",109364601773,36554926086,1,Demos Visual Tests,CSP check (Angular 3/3),scss/roboto-3-fonts,cancelled,Run CSP Check,https://github.com/DevExpress/DevExtreme/actions/runs/36554926086/job/109364601773
"29.09.26, 10:28:51",109364601855,36554926086,1,Demos Visual Tests,CSP check (Angular 1/3),scss/roboto-3-fonts,cancelled,Run CSP Check,https://github.com/DevExpress/DevExtreme/actions/runs/36554926086/job/109364601855
"29.09.26, 10:32:24",109365803641,36554926086,1,Demos Visual Tests,vue(1/5)-screenshots-fluent.blue.light,scss/roboto-3-fonts,cancelled,Run TestCafe tests,https://github.com/DevExpress/DevExtreme/actions/runs/36554926086/job/109365803641
"29.09.26, 10:32:24",109365803682,36554926086,1,Demos Visual Tests,react(1/3)-screenshots-fluent.blue.light,scss/roboto-3-fonts,cancelled,Run TestCafe tests,https://github.com/DevExpress/DevExtreme/actions/runs/36554926086/job/109365803682
"29.09.26, 10:32:24",109365803716,36554926086,1,Demos Visual Tests,react(2/3)-screenshots-fluent.blue.light,scss/roboto-3-fonts,cancelled,Run TestCafe tests,https://github.com/DevExpress/DevExtreme/actions/runs/36554926086/job/109365803716
"29.09.26, 10:32:24",109365803741,36554926086,1,Demos Visual Tests,angular(6/10)-screenshots-fluent.blue.light,scss/roboto-3-fonts,cancelled,,https://github.com/DevExpress/DevExtreme/actions/runs/36554926086/job/109365803741
"29.09.26, 10:32:24",109365803747,36554926086,1,Demos Visual Tests,vue(2/5)-screenshots-fluent.blue.light,scss/roboto-3-fonts,cancelled,Run TestCafe tests,https://github.com/DevExpress/DevExtreme/actions/runs/36554926086/job/109365803747
"29.09.26, 10:32:24",109365803763,36554926086,1,Demos Visual Tests,angular(8/10)-screenshots-fluent.blue.light,scss/roboto-3-fonts,cancelled,Run TestCafe tests,https://github.com/DevExpress/DevExtreme/actions/runs/36554926086/job/109365803763
"29.09.26, 10:32:24",109365803788,36554926086,1,Demos Visual Tests,angular(9/10)-screenshots-fluent.blue.light,scss/roboto-3-fonts,cancelled,Run TestCafe tests,https://github.com/DevExpress/DevExtreme/actions/runs/36554926086/job/109365803788
"29.09.26, 10:32:24",109365803789,36554926086,1,Demos Visual Tests,angular(4/10)-screenshots-fluent.blue.light,scss/roboto-3-fonts,cancelled,Run TestCafe tests,https://github.com/DevExpress/DevExtreme/actions/runs/36554926086/job/109365803789
"29.09.26, 10:32:24",109365803819,36554926086,1,Demos Visual Tests,angular(5/10)-screenshots-fluent.blue.light,scss/roboto-3-fonts,cancelled,Run TestCafe tests,https://github.com/DevExpress/DevExtreme/actions/runs/36554926086/job/109365803819
"29.09.26, 10:32:24",109365803820,36554926086,1,Demos Visual Tests,angular(2/10)-screenshots-fluent.blue.light,scss/roboto-3-fonts,cancelled,Run TestCafe tests,https://github.com/DevExpress/DevExtreme/actions/runs/36554926086/job/109365803820
"29.09.26, 10:32:24",109365803836,36554926086,1,Demos Visual Tests,angular(1/10)-screenshots-fluent.blue.light,scss/roboto-3-fonts,cancelled,Run TestCafe tests,https://github.com/DevExpress/DevExtreme/actions/runs/36554926086/job/109365803836
"29.09.26, 10:32:24",109365803849,36554926086,1,Demos Visual Tests,angular(10/10)-screenshots-fluent.blue.light,scss/roboto-3-fonts,cancelled,Run TestCafe tests,https://github.com/DevExpress/DevExtreme/actions/runs/36554926086/job/109365803849
"29.09.26, 10:32:24",109365803852,36554926086,1,Demos Visual Tests,vue(4/5)-screenshots-fluent.blue.light,scss/roboto-3-fonts,cancelled,Run TestCafe tests,https://github.com/DevExpress/DevExtreme/actions/runs/36554926086/job/109365803852
"29.09.26, 10:32:24",109365803858,36554926086,1,Demos Visual Tests,angular(3/10)-screenshots-fluent.blue.light,scss/roboto-3-fonts,cancelled,Run TestCafe tests,https://github.com/DevExpress/DevExtreme/actions/runs/36554926086/job/109365803858
"29.09.26, 10:32:24",109365803860,36554926086,1,Demos Visual Tests,react(3/3)-screenshots-fluent.blue.light,scss/roboto-3-fonts,cancelled,Run TestCafe tests,https://github.com/DevExpress/DevExtreme/actions/runs/36554926086/job/109365803860
"29.09.26, 10:32:24",109365803884,36554926086,1,Demos Visual Tests,vue(5/5)-screenshots-fluent.blue.light,scss/roboto-3-fonts,cancelled,Run TestCafe tests,https://github.com/DevExpress/DevExtreme/actions/runs/36554926086/job/109365803884
"29.09.26, 10:32:24",109365803926,36554926086,1,Demos Visual Tests,angular(7/10)-screenshots-fluent.blue.light,scss/roboto-3-fonts,cancelled,Run TestCafe tests,https://github.com/DevExpress/DevExtreme/actions/runs/36554926086/job/109365803926
"29.09.26, 10:32:24",109365804300,36554926086,1,Demos Visual Tests,vue(3/5)-screenshots-fluent.blue.light,scss/roboto-3-fonts,cancelled,Run TestCafe tests,https://github.com/DevExpress/DevExtreme/actions/runs/36554926086/job/109365804300
"29.09.26, 10:36:17",109367089566,36554926086,1,Demos Visual Tests,CSP Violations Summary,scss/roboto-3-fonts,cancelled,,https://github.com/DevExpress/DevExtreme/actions/runs/36554926086/job/109367089566
"29.09.26, 10:36:43",109367236812,36554926086,1,Demos Visual Tests,merge-artifacts,scss/roboto-3-fonts,cancelled,,https://github.com/DevExpress/DevExtreme/actions/runs/36554926086/job/109367236812
"29.09.26, 10:02:00",109355397685,36552048919,1,Demos Visual Tests,jquery(2/3)-screenshots-material.blue.light,typescript/viz/ts_vector_map_utils,failure,,https://github.com/DevExpress/DevExtreme/actions/runs/36552048919/job/109355397685
"29.09.26, 09:53:57",109352549046,36551204671,1,Demos Visual Tests,jquery(3/3)-screenshots-material.blue.light,typescript/core/options_getters_5232,failure,,https://github.com/DevExpress/DevExtreme/actions/runs/36551204671/job/109352549046
"29.09.26, 09:19:58",109340517929,36548458417,1,Demos Visual Tests,Build DevExtreme,type_columns_utils_5_main,failure,DevExtreme - Build-all,https://github.com/DevExpress/DevExtreme/actions/runs/36548458417/job/109340517929
"29.09.26, 07:36:02",109305140630,36537016819,1,Demos Visual Tests,jquery(3/3)-screenshots-material.blue.light,refactor/columnscontroller-state-types-26_1,failure,,https://github.com/DevExpress/DevExtreme/actions/runs/36537016819/job/109305140630
"29.09.26, 07:36:02",109305140681,36537016819,1,Demos Visual Tests,jquery(2/3)-screenshots-material.blue.light,refactor/columnscontroller-state-types-26_1,failure,,https://github.com/DevExpress/DevExtreme/actions/runs/36537016819/job/109305140681
"29.09.26, 07:36:02",109305140726,36537016819,1,Demos Visual Tests,jquery(1/3)-screenshots-fluent.blue.light,refactor/columnscontroller-state-types-26_1,failure,,https://github.com/DevExpress/DevExtreme/actions/runs/36537016819/job/109305140726
"29.09.26, 07:33:37",109304349496,36536768897,1,Demos Visual Tests,CSP check (React 2/2),26_1,failure,,https://github.com/DevExpress/DevExtreme/actions/runs/36536768897/job/109304349496
"29.09.26, 07:27:26",109302380857,36535883162,1,Demos Visual Tests,CSP check (React 1/2),26_1,failure,,https://github.com/DevExpress/DevExtreme/actions/runs/36535883162/job/109302380857
"29.09.26, 07:27:41",109302457546,36535617387,1,Demos Visual Tests,vue(2/5)-screenshots-fluent.blue.light,type_columns_utils_5_main,failure,Run TestCafe tests,https://github.com/DevExpress/DevExtreme/actions/runs/36535617387/job/109302457546
"29.09.26, 07:10:17",109297107211,36534992380,1,Demos Visual Tests,Build DevExtreme,type_columns_utils_3_26_1,failure,DevExtreme - Build,https://github.com/DevExpress/DevExtreme/actions/runs/36534992380/job/109297107211
"29.09.26, 15:31:13",109483106533,36590815087,1,Wrappers Tests,check-regenerate,type_columns_utils_6_main,cancelled,Post Setup pnpm cache,https://github.com/DevExpress/DevExtreme/actions/runs/36590815087/job/109483106533
"29.09.26, 15:31:13",109483106839,36590815087,1,Wrappers Tests,build,type_columns_utils_6_main,cancelled,Build devextreme package,https://github.com/DevExpress/DevExtreme/actions/runs/36590815087/job/109483106839
"29.09.26, 15:33:31",109484121803,36590815087,1,Wrappers Tests,test,type_columns_utils_6_main,cancelled,,https://github.com/DevExpress/DevExtreme/actions/runs/36590815087/job/109484121803
"29.09.26, 13:11:21",109422371996,36572601012,1,Wrappers Tests,test (vue),scss/icon-fonts-license-metadata,failure,,https://github.com/DevExpress/DevExtreme/actions/runs/36572601012/job/109422371996
"29.09.26, 13:03:15",109419115203,36572325358,1,Wrappers Tests,check-regenerate,fix/t1335911-sticky-right-resize-separator,cancelled,,https://github.com/DevExpress/DevExtreme/actions/runs/36572325358/job/109419115203
"29.09.26, 13:03:15",109419115604,36572325358,1,Wrappers Tests,build,fix/t1335911-sticky-right-resize-separator,failure,,https://github.com/DevExpress/DevExtreme/actions/runs/36572325358/job/109419115604
"29.09.26, 13:29:07",109429674688,36572325358,2,Wrappers Tests,check-regenerate,fix/t1335911-sticky-right-resize-separator,cancelled,,https://github.com/DevExpress/DevExtreme/actions/runs/36572325358/job/109429674688
"29.09.26, 13:29:07",109429674981,36572325358,2,Wrappers Tests,build,fix/t1335911-sticky-right-resize-separator,cancelled,Install dependencies,https://github.com/DevExpress/DevExtreme/actions/runs/36572325358/job/109429674981
"29.09.26, 13:30:23",109430224154,36572325358,2,Wrappers Tests,test,fix/t1335911-sticky-right-resize-separator,cancelled,,https://github.com/DevExpress/DevExtreme/actions/runs/36572325358/job/109430224154
"29.09.26, 12:40:04",109410134734,36569639685,1,Wrappers Tests,check-regenerate,chore/update_deps,cancelled,,https://github.com/DevExpress/DevExtreme/actions/runs/36569639685/job/109410134734
"29.09.26, 12:40:04",109410134821,36569639685,1,Wrappers Tests,build,chore/update_deps,cancelled,Build devextreme package,https://github.com/DevExpress/DevExtreme/actions/runs/36569639685/job/109410134821
"29.09.26, 12:43:24",109411398888,36569639685,1,Wrappers Tests,test,chore/update_deps,cancelled,,https://github.com/DevExpress/DevExtreme/actions/runs/36569639685/job/109411398888
"29.09.26, 11:07:54",109377744778,36559296447,1,Wrappers Tests,test (react),scss/roboto-3-fonts,cancelled,Install dependencies,https://github.com/DevExpress/DevExtreme/actions/runs/36559296447/job/109377744778
"29.09.26, 11:07:54",109377744838,36559296447,1,Wrappers Tests,test (vue),scss/roboto-3-fonts,cancelled,Install dependencies,https://github.com/DevExpress/DevExtreme/actions/runs/36559296447/job/109377744838
"29.09.26, 11:07:54",109377744936,36559296447,1,Wrappers Tests,test (angular),scss/roboto-3-fonts,cancelled,Install dependencies,https://github.com/DevExpress/DevExtreme/actions/runs/36559296447/job/109377744936
"29.09.26, 10:37:49",109367601505,36556516247,1,Wrappers Tests,test (angular),scss/roboto-3-fonts,cancelled,Post Setup nx cache,https://github.com/DevExpress/DevExtreme/actions/runs/36556516247/job/109367601505
"29.09.26, 10:37:49",109367601537,36556516247,1,Wrappers Tests,test (vue),scss/roboto-3-fonts,cancelled,,https://github.com/DevExpress/DevExtreme/actions/runs/36556516247/job/109367601537
"29.09.26, 10:37:49",109367601626,36556516247,1,Wrappers Tests,test (react),scss/roboto-3-fonts,cancelled,,https://github.com/DevExpress/DevExtreme/actions/runs/36556516247/job/109367601626
"29.09.26, 10:33:07",109366039523,36555709765,1,Wrappers Tests,test (angular),typescript/viz/ts_vector_map_utils,cancelled,,https://github.com/DevExpress/DevExtreme/actions/runs/36555709765/job/109366039523
"29.09.26, 10:33:07",109366039527,36555709765,1,Wrappers Tests,test (react),typescript/viz/ts_vector_map_utils,cancelled,,https://github.com/DevExpress/DevExtreme/actions/runs/36555709765/job/109366039527
"29.09.26, 10:33:07",109366039542,36555709765,1,Wrappers Tests,test (vue),typescript/viz/ts_vector_map_utils,cancelled,,https://github.com/DevExpress/DevExtreme/actions/runs/36555709765/job/109366039542
"29.09.26, 09:19:49",109340464970,36548458326,1,Wrappers Tests,build,type_columns_utils_5_main,failure,Build devextreme package,https://github.com/DevExpress/DevExtreme/actions/runs/36548458326/job/109340464970
"29.09.26, 08:07:59",109315493128,36540813360,1,Wrappers Tests,check-regenerate,26_1,cancelled,Setup pnpm cache,https://github.com/DevExpress/DevExtreme/actions/runs/36540813360/job/109315493128
"29.09.26, 08:07:59",109315493163,36540813360,1,Wrappers Tests,build,26_1,cancelled,Install dependencies,https://github.com/DevExpress/DevExtreme/actions/runs/36540813360/job/109315493163
"29.09.26, 08:10:29",109316346425,36540813360,1,Wrappers Tests,test,26_1,cancelled,,https://github.com/DevExpress/DevExtreme/actions/runs/36540813360/job/109316346425
"29.09.26, 07:24:14",109301380908,36535883075,1,Wrappers Tests,test (vue),26_1,cancelled,Post Setup nx cache,https://github.com/DevExpress/DevExtreme/actions/runs/36535883075/job/109301380908
"29.09.26, 07:24:14",109301380923,36535883075,1,Wrappers Tests,test (react),26_1,cancelled,Pack react,https://github.com/DevExpress/DevExtreme/actions/runs/36535883075/job/109301380923
"29.09.26, 07:24:14",109301381026,36535883075,1,Wrappers Tests,test (angular),26_1,cancelled,Test angular,https://github.com/DevExpress/DevExtreme/actions/runs/36535883075/job/109301381026
"29.09.26, 07:09:32",109296884883,36534992293,1,Wrappers Tests,build,type_columns_utils_3_26_1,failure,Build devextreme package,https://github.com/DevExpress/DevExtreme/actions/runs/36534992293/job/109296884883
"29.09.26, 21:17:17",109624110154,36632250232,1,Wrappers E2E Tests,Build DevExtreme and Wrappers,typescript/core/options_getters_5232,failure,,https://github.com/DevExpress/DevExtreme/actions/runs/36632250232/job/109624110154
"29.09.26, 15:31:13",109483103996,36590814840,1,Wrappers E2E Tests,Build DevExtreme and Wrappers,type_columns_utils_6_main,cancelled,Build all DevExtreme packages,https://github.com/DevExpress/DevExtreme/actions/runs/36590814840/job/109483103996
"29.09.26, 15:33:31",109484120664,36590814840,1,Wrappers E2E Tests,Test ${{ matrix.framework }},type_columns_utils_6_main,cancelled,,https://github.com/DevExpress/DevExtreme/actions/runs/36590814840/job/109484120664
"29.09.26, 12:40:04",109410133891,36569639599,1,Wrappers E2E Tests,Build DevExtreme and Wrappers,chore/update_deps,cancelled,Build all DevExtreme packages,https://github.com/DevExpress/DevExtreme/actions/runs/36569639599/job/109410133891
"29.09.26, 12:42:26",109411031308,36569639599,1,Wrappers E2E Tests,Test ${{ matrix.framework }},chore/update_deps,cancelled,,https://github.com/DevExpress/DevExtreme/actions/runs/36569639599/job/109411031308
"29.09.26, 11:02:42",109376008875,36559296471,1,Wrappers E2E Tests,Build DevExtreme and Wrappers,scss/roboto-3-fonts,cancelled,Build all DevExtreme packages,https://github.com/DevExpress/DevExtreme/actions/runs/36559296471/job/109376008875
"29.09.26, 11:09:38",109378323544,36559296471,1,Wrappers E2E Tests,Test ${{ matrix.framework }},scss/roboto-3-fonts,cancelled,,https://github.com/DevExpress/DevExtreme/actions/runs/36559296471/job/109378323544
"29.09.26, 10:35:35",109366858525,36556519064,1,Wrappers E2E Tests,Build DevExtreme and Wrappers,scss/roboto-3-fonts,cancelled,Build wrappers apps,https://github.com/DevExpress/DevExtreme/actions/runs/36556519064/job/109366858525
"29.09.26, 10:40:41",109368544625,36556519064,1,Wrappers E2E Tests,Test ${{ matrix.framework }},scss/roboto-3-fonts,cancelled,,https://github.com/DevExpress/DevExtreme/actions/runs/36556519064/job/109368544625
"29.09.26, 10:27:44",109364233380,36555709751,1,Wrappers E2E Tests,Build DevExtreme and Wrappers,typescript/viz/ts_vector_map_utils,cancelled,Build all DevExtreme packages,https://github.com/DevExpress/DevExtreme/actions/runs/36555709751/job/109364233380
"29.09.26, 10:33:36",109366198149,36555709751,1,Wrappers E2E Tests,Test ${{ matrix.framework }},typescript/viz/ts_vector_map_utils,cancelled,,https://github.com/DevExpress/DevExtreme/actions/runs/36555709751/job/109366198149
"29.09.26, 09:19:49",109340468068,36548458346,1,Wrappers E2E Tests,Build DevExtreme and Wrappers,type_columns_utils_5_main,failure,Build all DevExtreme packages,https://github.com/DevExpress/DevExtreme/actions/runs/36548458346/job/109340468068
"29.09.26, 07:09:32",109296885185,36534992250,1,Wrappers E2E Tests,Build DevExtreme and Wrappers,type_columns_utils_3_26_1,failure,Build all DevExtreme packages,https://github.com/DevExpress/DevExtreme/actions/runs/36534992250/job/109296885185
