created at,id,run id,run attempt,workflow name,name,head branch,conclusion,step,html url
"23.09.26, 13:06:47",107193693041,35864793634,1,Build and pack DevExtreme npm packages,build,lavrov/stop-wrappers-generation,cancelled,Install dependencies,https://github.com/DevExpress/DevExtreme/actions/runs/35864793634/job/107193693041
"23.09.26, 13:08:47",107194439068,35864793634,1,Build and pack DevExtreme npm packages,custom_bundles,lavrov/stop-wrappers-generation,cancelled,,https://github.com/DevExpress/DevExtreme/actions/runs/35864793634/job/107194439068
"23.09.26, 12:58:28",107190589431,35863811342,1,Build and pack DevExtreme npm packages,build,lavrov/stop-wrappers-generation,cancelled,Build npm packages,https://github.com/DevExpress/DevExtreme/actions/runs/35863811342/job/107190589431
"23.09.26, 13:06:47",107193692110,35863811342,1,Build and pack DevExtreme npm packages,custom_bundles,lavrov/stop-wrappers-generation,cancelled,,https://github.com/DevExpress/DevExtreme/actions/runs/35863811342/job/107193692110
"23.09.26, 12:49:26",107187350805,35862937814,1,Build and pack DevExtreme npm packages,build,lavrov/stop-wrappers-generation,cancelled,Build npm packages,https://github.com/DevExpress/DevExtreme/actions/runs/35862937814/job/107187350805
"23.09.26, 12:58:28",107190586657,35862937814,1,Build and pack DevExtreme npm packages,custom_bundles,lavrov/stop-wrappers-generation,cancelled,,https://github.com/DevExpress/DevExtreme/actions/runs/35862937814/job/107190586657
"23.09.26, 11:39:46",107163958643,35855776691,1,Build and pack DevExtreme npm packages,build,lavrov/stop-wrappers-generation,cancelled,Install dependencies,https://github.com/DevExpress/DevExtreme/actions/runs/35855776691/job/107163958643
"23.09.26, 11:41:50",107164601190,35855776691,1,Build and pack DevExtreme npm packages,custom_bundles,lavrov/stop-wrappers-generation,cancelled,,https://github.com/DevExpress/DevExtreme/actions/runs/35855776691/job/107164601190
"23.09.26, 11:38:28",107163556077,35855709781,1,Build and pack DevExtreme npm packages,build,lavrov/stop-wrappers-generation,cancelled,Install dependencies,https://github.com/DevExpress/DevExtreme/actions/runs/35855709781/job/107163556077
"23.09.26, 11:39:46",107163957228,35855709781,1,Build and pack DevExtreme npm packages,custom_bundles,lavrov/stop-wrappers-generation,cancelled,,https://github.com/DevExpress/DevExtreme/actions/runs/35855709781/job/107163957228
"23.09.26, 10:36:29",107144409954,35849769247,1,Build and pack DevExtreme npm packages,build,26_1,cancelled,Build npm packages,https://github.com/DevExpress/DevExtreme/actions/runs/35849769247/job/107144409954
"23.09.26, 10:44:10",107146741247,35849769247,1,Build and pack DevExtreme npm packages,custom_bundles,26_1,cancelled,,https://github.com/DevExpress/DevExtreme/actions/runs/35849769247/job/107146741247
"23.09.26, 10:39:28",107145316713,35849031692,1,Build and pack DevExtreme npm packages,custom_bundles,feature/26_2_new_fluent_theme_with_design_tokens_remove-comments,cancelled,,https://github.com/DevExpress/DevExtreme/actions/runs/35849031692/job/107145316713
"23.09.26, 09:37:16",107125645508,35844010727,1,Build and pack DevExtreme npm packages,build,fluent-next/popup-drag-area-mode,failure,,https://github.com/DevExpress/DevExtreme/actions/runs/35844010727/job/107125645508
"23.09.26, 09:47:13",107128847069,35843076215,1,Build and pack DevExtreme npm packages,custom_bundles,feature/26_2_new_fluent_theme_with_design_tokens_remove-comments,cancelled,Build bundle,https://github.com/DevExpress/DevExtreme/actions/runs/35843076215/job/107128847069
"23.09.26, 09:06:24",107115654583,35840970616,1,Build and pack DevExtreme npm packages,build,typescript/viz/es6_chart,cancelled,Post Setup nx cache,https://github.com/DevExpress/DevExtreme/actions/runs/35840970616/job/107115654583
"23.09.26, 09:15:40",107118629607,35840970616,1,Build and pack DevExtreme npm packages,custom_bundles,typescript/viz/es6_chart,cancelled,,https://github.com/DevExpress/DevExtreme/actions/runs/35840970616/job/107118629607
"23.09.26, 09:05:43",107115438192,35840903579,1,Build and pack DevExtreme npm packages,build,typescript/viz/es6_chart,cancelled,,https://github.com/DevExpress/DevExtreme/actions/runs/35840903579/job/107115438192
"23.09.26, 09:06:24",107115654495,35840903579,1,Build and pack DevExtreme npm packages,custom_bundles,typescript/viz/es6_chart,cancelled,,https://github.com/DevExpress/DevExtreme/actions/runs/35840903579/job/107115654495
"23.09.26, 09:11:20",107117225733,35840262667,1,Build and pack DevExtreme npm packages,custom_bundles,fluent-next/mode-island-icons,cancelled,,https://github.com/DevExpress/DevExtreme/actions/runs/35840262667/job/107117225733
"23.09.26, 08:24:09",107102440370,35836908823,1,Build and pack DevExtreme npm packages,build,26_1,failure,,https://github.com/DevExpress/DevExtreme/actions/runs/35836908823/job/107102440370
"23.09.26, 04:27:27",107044823642,35818378495,1,Build and pack DevExtreme npm packages,build,fluent-next/mode-island-icons,cancelled,Build npm packages,https://github.com/DevExpress/DevExtreme/actions/runs/35818378495/job/107044823642
"23.09.26, 04:36:45",107046716715,35818378495,1,Build and pack DevExtreme npm packages,custom_bundles,fluent-next/mode-island-icons,cancelled,,https://github.com/DevExpress/DevExtreme/actions/runs/35818378495/job/107046716715
"23.09.26, 04:22:58",107043914069,35818103359,1,Build and pack DevExtreme npm packages,build,fluent-next/mode-island-icons,cancelled,Build npm packages,https://github.com/DevExpress/DevExtreme/actions/runs/35818103359/job/107043914069
"23.09.26, 04:27:26",107044822973,35818103359,1,Build and pack DevExtreme npm packages,custom_bundles,fluent-next/mode-island-icons,cancelled,,https://github.com/DevExpress/DevExtreme/actions/runs/35818103359/job/107044822973
"23.09.26, 01:34:29",107009491118,35805817733,1,CodeQL,Send notifications,24_2,failure,Set up job,https://github.com/DevExpress/DevExtreme/actions/runs/35805817733/job/107009491118
"23.09.26, 01:37:15",107010093057,35805814902,1,CodeQL,Send notifications,25_1,failure,Set up job,https://github.com/DevExpress/DevExtreme/actions/runs/35805814902/job/107010093057
"23.09.26, 13:06:22",107193535527,35864793730,1,Default Workflow,main,lavrov/stop-wrappers-generation,cancelled,Run targets,https://github.com/DevExpress/DevExtreme/actions/runs/35864793730/job/107193535527
"23.09.26, 11:39:46",107163958350,35855776772,1,Default Workflow,main,lavrov/stop-wrappers-generation,cancelled,Install dependencies,https://github.com/DevExpress/DevExtreme/actions/runs/35855776772/job/107163958350
"23.09.26, 11:38:28",107163555848,35855709830,1,Default Workflow,main,lavrov/stop-wrappers-generation,cancelled,Install dependencies,https://github.com/DevExpress/DevExtreme/actions/runs/35855709830/job/107163555848
"23.09.26, 10:28:53",107142036930,35849031763,1,Default Workflow,main,feature/26_2_new_fluent_theme_with_design_tokens_remove-comments,failure,Run targets,https://github.com/DevExpress/DevExtreme/actions/runs/35849031763/job/107142036930
"23.09.26, 10:38:25",107144999450,35849031763,2,Default Workflow,main,feature/26_2_new_fluent_theme_with_design_tokens_remove-comments,cancelled,Run targets,https://github.com/DevExpress/DevExtreme/actions/runs/35849031763/job/107144999450
"23.09.26, 09:27:47",107122565204,35843076226,1,Default Workflow,main,feature/26_2_new_fluent_theme_with_design_tokens_remove-comments,failure,Run targets,https://github.com/DevExpress/DevExtreme/actions/runs/35843076226/job/107122565204
"23.09.26, 09:05:43",107115436811,35840903434,1,Default Workflow,main,typescript/viz/es6_chart,cancelled,,https://github.com/DevExpress/DevExtreme/actions/runs/35840903434/job/107115436811
"23.09.26, 04:27:25",107044817281,35818378531,1,Default Workflow,main,fluent-next/mode-island-icons,failure,Run targets,https://github.com/DevExpress/DevExtreme/actions/runs/35818378531/job/107044817281
"23.09.26, 04:22:58",107043913489,35818103273,1,Default Workflow,main,fluent-next/mode-island-icons,cancelled,Run targets,https://github.com/DevExpress/DevExtreme/actions/runs/35818103273/job/107043913489
"23.09.26, 13:06:29",107193574263,35864793613,1,Demos unit tests,Run unit tests,lavrov/stop-wrappers-generation,cancelled,Post Setup pnpm cache,https://github.com/DevExpress/DevExtreme/actions/runs/35864793613/job/107193574263
"23.09.26, 11:40:12",107164090273,35855776867,1,Demos unit tests,Run unit tests,lavrov/stop-wrappers-generation,cancelled,Post Setup pnpm cache,https://github.com/DevExpress/DevExtreme/actions/runs/35855776867/job/107164090273
"23.09.26, 11:38:34",107163586947,35855709869,1,Demos unit tests,Run unit tests,lavrov/stop-wrappers-generation,cancelled,Post Setup pnpm cache,https://github.com/DevExpress/DevExtreme/actions/runs/35855709869/job/107163586947
"23.09.26, 09:05:43",107115438721,35840903741,1,Demos unit tests,Check if tests should run,typescript/viz/es6_chart,cancelled,,https://github.com/DevExpress/DevExtreme/actions/runs/35840903741/job/107115438721
"23.09.26, 09:06:28",107115677797,35840903741,1,Demos unit tests,Run unit tests,typescript/viz/es6_chart,cancelled,,https://github.com/DevExpress/DevExtreme/actions/runs/35840903741/job/107115677797
"23.09.26, 13:06:22",107193534819,35864793541,1,Lint,texts,lavrov/stop-wrappers-generation,cancelled,Install dependencies,https://github.com/DevExpress/DevExtreme/actions/runs/35864793541/job/107193534819
"23.09.26, 13:06:22",107193535137,35864793541,1,Lint,wrappers,lavrov/stop-wrappers-generation,cancelled,Install dependencies,https://github.com/DevExpress/DevExtreme/actions/runs/35864793541/job/107193535137
"23.09.26, 13:06:22",107193535199,35864793541,1,Lint,JS,lavrov/stop-wrappers-generation,cancelled,Install dependencies,https://github.com/DevExpress/DevExtreme/actions/runs/35864793541/job/107193535199
"23.09.26, 13:06:22",107193535325,35864793541,1,Lint,TS,lavrov/stop-wrappers-generation,cancelled,Install dependencies,https://github.com/DevExpress/DevExtreme/actions/runs/35864793541/job/107193535325
"23.09.26, 13:06:22",107193535358,35864793541,1,Lint,component_exports,lavrov/stop-wrappers-generation,cancelled,Post Setup pnpm cache,https://github.com/DevExpress/DevExtreme/actions/runs/35864793541/job/107193535358
"23.09.26, 13:08:48",107194448157,35864793541,1,Lint,Send notifications,lavrov/stop-wrappers-generation,cancelled,,https://github.com/DevExpress/DevExtreme/actions/runs/35864793541/job/107194448157
"23.09.26, 11:39:46",107163959036,35855776784,1,Lint,TS,lavrov/stop-wrappers-generation,cancelled,Install dependencies,https://github.com/DevExpress/DevExtreme/actions/runs/35855776784/job/107163959036
"23.09.26, 11:39:46",107163959199,35855776784,1,Lint,component_exports,lavrov/stop-wrappers-generation,cancelled,Post Setup pnpm cache,https://github.com/DevExpress/DevExtreme/actions/runs/35855776784/job/107163959199
"23.09.26, 11:39:46",107163959269,35855776784,1,Lint,texts,lavrov/stop-wrappers-generation,cancelled,Install dependencies,https://github.com/DevExpress/DevExtreme/actions/runs/35855776784/job/107163959269
"23.09.26, 11:39:46",107163959334,35855776784,1,Lint,JS,lavrov/stop-wrappers-generation,cancelled,Install dependencies,https://github.com/DevExpress/DevExtreme/actions/runs/35855776784/job/107163959334
"23.09.26, 11:39:46",107163959369,35855776784,1,Lint,wrappers,lavrov/stop-wrappers-generation,cancelled,Install dependencies,https://github.com/DevExpress/DevExtreme/actions/runs/35855776784/job/107163959369
"23.09.26, 11:41:22",107164456557,35855776784,1,Lint,Send notifications,lavrov/stop-wrappers-generation,cancelled,,https://github.com/DevExpress/DevExtreme/actions/runs/35855776784/job/107164456557
"23.09.26, 11:38:28",107163555662,35855709748,1,Lint,JS,lavrov/stop-wrappers-generation,cancelled,Install dependencies,https://github.com/DevExpress/DevExtreme/actions/runs/35855709748/job/107163555662
"23.09.26, 11:38:28",107163555760,35855709748,1,Lint,texts,lavrov/stop-wrappers-generation,cancelled,Install dependencies,https://github.com/DevExpress/DevExtreme/actions/runs/35855709748/job/107163555760
"23.09.26, 11:38:28",107163555783,35855709748,1,Lint,wrappers,lavrov/stop-wrappers-generation,cancelled,Install dependencies,https://github.com/DevExpress/DevExtreme/actions/runs/35855709748/job/107163555783
"23.09.26, 11:38:28",107163555836,35855709748,1,Lint,TS,lavrov/stop-wrappers-generation,cancelled,Install dependencies,https://github.com/DevExpress/DevExtreme/actions/runs/35855709748/job/107163555836
"23.09.26, 11:38:28",107163555897,35855709748,1,Lint,component_exports,lavrov/stop-wrappers-generation,cancelled,Check generated component reexports,https://github.com/DevExpress/DevExtreme/actions/runs/35855709748/job/107163555897
"23.09.26, 11:39:46",107163957988,35855709748,1,Lint,Send notifications,lavrov/stop-wrappers-generation,cancelled,,https://github.com/DevExpress/DevExtreme/actions/runs/35855709748/job/107163957988
"23.09.26, 09:07:07",107115882834,35840970744,1,Lint,TS,typescript/viz/es6_chart,cancelled,Post Setup pnpm cache,https://github.com/DevExpress/DevExtreme/actions/runs/35840970744/job/107115882834
"23.09.26, 09:15:44",107118650951,35840970744,1,Lint,Send notifications,typescript/viz/es6_chart,cancelled,,https://github.com/DevExpress/DevExtreme/actions/runs/35840970744/job/107118650951
"23.09.26, 09:05:43",107115438431,35840903723,1,Lint,texts,typescript/viz/es6_chart,cancelled,,https://github.com/DevExpress/DevExtreme/actions/runs/35840903723/job/107115438431
"23.09.26, 09:05:43",107115438534,35840903723,1,Lint,JS,typescript/viz/es6_chart,cancelled,,https://github.com/DevExpress/DevExtreme/actions/runs/35840903723/job/107115438534
"23.09.26, 09:05:43",107115438603,35840903723,1,Lint,wrappers,typescript/viz/es6_chart,cancelled,,https://github.com/DevExpress/DevExtreme/actions/runs/35840903723/job/107115438603
"23.09.26, 09:05:43",107115438709,35840903723,1,Lint,component_exports,typescript/viz/es6_chart,cancelled,Post Setup pnpm cache,https://github.com/DevExpress/DevExtreme/actions/runs/35840903723/job/107115438709
"23.09.26, 09:05:43",107115438775,35840903723,1,Lint,TS,typescript/viz/es6_chart,cancelled,,https://github.com/DevExpress/DevExtreme/actions/runs/35840903723/job/107115438775
"23.09.26, 09:07:06",107115880841,35840903723,1,Lint,Send notifications,typescript/viz/es6_chart,cancelled,,https://github.com/DevExpress/DevExtreme/actions/runs/35840903723/job/107115880841
"23.09.26, 04:22:58",107043914036,35818103276,1,Lint,TS,fluent-next/mode-island-icons,cancelled,Build,https://github.com/DevExpress/DevExtreme/actions/runs/35818103276/job/107043914036
"23.09.26, 04:22:58",107043914043,35818103276,1,Lint,JS,fluent-next/mode-island-icons,cancelled,Build,https://github.com/DevExpress/DevExtreme/actions/runs/35818103276/job/107043914043
"23.09.26, 04:27:28",107044829580,35818103276,1,Lint,Send notifications,fluent-next/mode-island-icons,cancelled,,https://github.com/DevExpress/DevExtreme/actions/runs/35818103276/job/107044829580
"23.09.26, 13:06:22",107193535644,35864793660,1,Playgrounds tests,build,lavrov/stop-wrappers-generation,cancelled,Install dependencies,https://github.com/DevExpress/DevExtreme/actions/runs/35864793660/job/107193535644
"23.09.26, 13:08:44",107194422652,35864793660,1,Playgrounds tests,matrix.ARGS.platform,lavrov/stop-wrappers-generation,cancelled,,https://github.com/DevExpress/DevExtreme/actions/runs/35864793660/job/107194422652
"23.09.26, 12:56:12",107189779513,35862937789,1,Playgrounds tests,react,lavrov/stop-wrappers-generation,cancelled,Post Setup nx cache,https://github.com/DevExpress/DevExtreme/actions/runs/35862937789/job/107189779513
"23.09.26, 12:56:12",107189779520,35862937789,1,Playgrounds tests,vue,lavrov/stop-wrappers-generation,cancelled,Post Setup nx cache,https://github.com/DevExpress/DevExtreme/actions/runs/35862937789/job/107189779520
"23.09.26, 12:56:12",107189779537,35862937789,1,Playgrounds tests,angular,lavrov/stop-wrappers-generation,cancelled,Build,https://github.com/DevExpress/DevExtreme/actions/runs/35862937789/job/107189779537
"23.09.26, 11:39:46",107163959545,35855776901,1,Playgrounds tests,build,lavrov/stop-wrappers-generation,cancelled,Install dependencies,https://github.com/DevExpress/DevExtreme/actions/runs/35855776901/job/107163959545
"23.09.26, 11:41:03",107164360118,35855776901,1,Playgrounds tests,matrix.ARGS.platform,lavrov/stop-wrappers-generation,cancelled,,https://github.com/DevExpress/DevExtreme/actions/runs/35855776901/job/107164360118
"23.09.26, 11:38:28",107163555861,35855709801,1,Playgrounds tests,build,lavrov/stop-wrappers-generation,cancelled,Install dependencies,https://github.com/DevExpress/DevExtreme/actions/runs/35855709801/job/107163555861
"23.09.26, 11:39:46",107163958883,35855709801,1,Playgrounds tests,matrix.ARGS.platform,lavrov/stop-wrappers-generation,cancelled,,https://github.com/DevExpress/DevExtreme/actions/runs/35855709801/job/107163958883
"23.09.26, 09:48:31",107129253315,35845105315,1,Playgrounds tests,build,core-utils-improve-typing_26_1/version_browser,failure,,https://github.com/DevExpress/DevExtreme/actions/runs/35845105315/job/107129253315
"23.09.26, 09:41:29",107127000772,35843076211,1,Playgrounds tests,react,feature/26_2_new_fluent_theme_with_design_tokens_remove-comments,cancelled,,https://github.com/DevExpress/DevExtreme/actions/runs/35843076211/job/107127000772
"23.09.26, 09:12:23",107117560066,35840970676,1,Playgrounds tests,angular,typescript/viz/es6_chart,cancelled,Build,https://github.com/DevExpress/DevExtreme/actions/runs/35840970676/job/107117560066
"23.09.26, 09:12:23",107117560113,35840970676,1,Playgrounds tests,react,typescript/viz/es6_chart,cancelled,Build,https://github.com/DevExpress/DevExtreme/actions/runs/35840970676/job/107117560113
"23.09.26, 09:12:23",107117560296,35840970676,1,Playgrounds tests,vue,typescript/viz/es6_chart,cancelled,Build,https://github.com/DevExpress/DevExtreme/actions/runs/35840970676/job/107117560296
"23.09.26, 09:05:43",107115437915,35840903552,1,Playgrounds tests,build,typescript/viz/es6_chart,cancelled,,https://github.com/DevExpress/DevExtreme/actions/runs/35840903552/job/107115437915
"23.09.26, 09:06:24",107115654626,35840903552,1,Playgrounds tests,matrix.ARGS.platform,typescript/viz/es6_chart,cancelled,,https://github.com/DevExpress/DevExtreme/actions/runs/35840903552/job/107115654626
"23.09.26, 09:12:05",107117463396,35840898731,1,Playgrounds tests,angular,gh-readonly-queue/main/pr-35303-0a514b5cd8b1e7e3e375cbfc514dc4cfc0150c7f,failure,,https://github.com/DevExpress/DevExtreme/actions/runs/35840898731/job/107117463396
"23.09.26, 04:22:58",107043913442,35818103258,1,Playgrounds tests,build,fluent-next/mode-island-icons,cancelled,Build,https://github.com/DevExpress/DevExtreme/actions/runs/35818103258/job/107043913442
"23.09.26, 04:27:27",107044824407,35818103258,1,Playgrounds tests,matrix.ARGS.platform,fluent-next/mode-island-icons,cancelled,,https://github.com/DevExpress/DevExtreme/actions/runs/35818103258/job/107044824407
"23.09.26, 17:28:58",107299607523,35895465963,1,QUnit tests,ui.scheduler-shadow-dom,feature/scheduler-dst-grid/main,failure,Run QUnit tests,https://github.com/DevExpress/DevExtreme/actions/runs/35895465963/job/107299607523
"23.09.26, 17:38:18",107303213262,35895465963,2,QUnit tests,ui.scheduler-shadow-dom,feature/scheduler-dst-grid/main,failure,Run QUnit tests,https://github.com/DevExpress/DevExtreme/actions/runs/35895465963/job/107303213262
"23.09.26, 15:25:36",107250686394,35881059515,1,QUnit tests,Constel ui.scheduler-US/Pacific,feature/scheduler-dst-grid/main,failure,Run QUnit tests,https://github.com/DevExpress/DevExtreme/actions/runs/35881059515/job/107250686394
"23.09.26, 15:25:36",107250686400,35881059515,1,QUnit tests,Constel ui.scheduler,feature/scheduler-dst-grid/main,failure,Run QUnit tests,https://github.com/DevExpress/DevExtreme/actions/runs/35881059515/job/107250686400
"23.09.26, 15:25:36",107250686417,35881059515,1,QUnit tests,ui.scheduler-shadow-dom,feature/scheduler-dst-grid/main,failure,Run QUnit tests,https://github.com/DevExpress/DevExtreme/actions/runs/35881059515/job/107250686417
"23.09.26, 13:06:23",107193536213,35864793766,1,QUnit tests,Build,lavrov/stop-wrappers-generation,cancelled,Install dependencies,https://github.com/DevExpress/DevExtreme/actions/runs/35864793766/job/107193536213
"23.09.26, 13:08:46",107194432661,35864793766,1,QUnit tests,${{ matrix.constel }}-shadow-dom,lavrov/stop-wrappers-generation,cancelled,,https://github.com/DevExpress/DevExtreme/actions/runs/35864793766/job/107194432661
"23.09.26, 13:08:46",107194433459,35864793766,1,QUnit tests,"Constel ${{ matrix.CONSTEL }}${{ (((matrix.TIMEZONE != '') && format('-{0}', matrix.TIMEZONE)) || '') }}${{ (((matrix.CSP == 'false') && '-no-csp') || '') }}",lavrov/stop-wrappers-generation,cancelled,,https://github.com/DevExpress/DevExtreme/actions/runs/35864793766/job/107194433459
"23.09.26, 13:08:46",107194433644,35864793766,1,QUnit tests,Send notifications,lavrov/stop-wrappers-generation,cancelled,,https://github.com/DevExpress/DevExtreme/actions/runs/35864793766/job/107194433644
"23.09.26, 13:06:14",107193483706,35864314699,1,QUnit tests,Constel ui.scheduler-US/Pacific,feature/scheduler-dst-grid/main,failure,Run QUnit tests,https://github.com/DevExpress/DevExtreme/actions/runs/35864314699/job/107193483706
"23.09.26, 12:54:39",107189218025,35862937970,1,QUnit tests,ui.editors-shadow-dom,lavrov/stop-wrappers-generation,cancelled,Run QUnit tests,https://github.com/DevExpress/DevExtreme/actions/runs/35862937970/job/107189218025
"23.09.26, 12:54:39",107189218069,35862937970,1,QUnit tests,ui.grid-shadow-dom,lavrov/stop-wrappers-generation,cancelled,Run QUnit tests,https://github.com/DevExpress/DevExtreme/actions/runs/35862937970/job/107189218069
"23.09.26, 12:54:39",107189218070,35862937970,1,QUnit tests,ui-shadow-dom,lavrov/stop-wrappers-generation,cancelled,Run QUnit tests,https://github.com/DevExpress/DevExtreme/actions/runs/35862937970/job/107189218070
"23.09.26, 12:54:39",107189218076,35862937970,1,QUnit tests,ui.widgets-shadow-dom,lavrov/stop-wrappers-generation,cancelled,Run QUnit tests,https://github.com/DevExpress/DevExtreme/actions/runs/35862937970/job/107189218076
"23.09.26, 12:54:39",107189218160,35862937970,1,QUnit tests,Constel ui,lavrov/stop-wrappers-generation,cancelled,Run QUnit tests,https://github.com/DevExpress/DevExtreme/actions/runs/35862937970/job/107189218160
"23.09.26, 12:54:39",107189218167,35862937970,1,QUnit tests,Constel ui.scheduler,lavrov/stop-wrappers-generation,cancelled,Run QUnit tests,https://github.com/DevExpress/DevExtreme/actions/runs/35862937970/job/107189218167
"23.09.26, 12:54:39",107189218207,35862937970,1,QUnit tests,ui.scheduler-shadow-dom,lavrov/stop-wrappers-generation,cancelled,Run QUnit tests,https://github.com/DevExpress/DevExtreme/actions/runs/35862937970/job/107189218207
"23.09.26, 12:54:39",107189218216,35862937970,1,QUnit tests,Constel ui.widgets-no-csp,lavrov/stop-wrappers-generation,cancelled,Run QUnit tests,https://github.com/DevExpress/DevExtreme/actions/runs/35862937970/job/107189218216
"23.09.26, 12:54:39",107189218229,35862937970,1,QUnit tests,Constel misc-no-csp,lavrov/stop-wrappers-generation,cancelled,Run QUnit tests,https://github.com/DevExpress/DevExtreme/actions/runs/35862937970/job/107189218229
"23.09.26, 12:54:39",107189218266,35862937970,1,QUnit tests,Constel ui.editors,lavrov/stop-wrappers-generation,cancelled,Run QUnit tests,https://github.com/DevExpress/DevExtreme/actions/runs/35862937970/job/107189218266
"23.09.26, 12:54:39",107189218306,35862937970,1,QUnit tests,Constel misc,lavrov/stop-wrappers-generation,cancelled,Run QUnit tests,https://github.com/DevExpress/DevExtreme/actions/runs/35862937970/job/107189218306
"23.09.26, 12:54:39",107189218342,35862937970,1,QUnit tests,Constel ui.scheduler-US/Pacific,lavrov/stop-wrappers-generation,cancelled,Run QUnit tests,https://github.com/DevExpress/DevExtreme/actions/runs/35862937970/job/107189218342
"23.09.26, 12:54:39",107189218586,35862937970,1,QUnit tests,Constel ui.grid,lavrov/stop-wrappers-generation,cancelled,Run QUnit tests,https://github.com/DevExpress/DevExtreme/actions/runs/35862937970/job/107189218586
"23.09.26, 12:57:55",107190388851,35862937970,1,QUnit tests,Send notifications,lavrov/stop-wrappers-generation,cancelled,,https://github.com/DevExpress/DevExtreme/actions/runs/35862937970/job/107190388851
"23.09.26, 11:44:03",107165295297,35855942047,1,QUnit tests,ui.scheduler-shadow-dom,feature/scheduler-dst-grid/main,failure,Run QUnit tests,https://github.com/DevExpress/DevExtreme/actions/runs/35855942047/job/107165295297
"23.09.26, 11:44:03",107165295446,35855942047,1,QUnit tests,Constel ui.scheduler-US/Pacific,feature/scheduler-dst-grid/main,failure,Run QUnit tests,https://github.com/DevExpress/DevExtreme/actions/runs/35855942047/job/107165295446
"23.09.26, 11:39:47",107163963142,35855776824,1,QUnit tests,Build,lavrov/stop-wrappers-generation,cancelled,Install dependencies,https://github.com/DevExpress/DevExtreme/actions/runs/35855776824/job/107163963142
"23.09.26, 11:41:52",107164610262,35855776824,1,QUnit tests,"Constel ${{ matrix.CONSTEL }}${{ (((matrix.TIMEZONE != '') && format('-{0}', matrix.TIMEZONE)) || '') }}${{ (((matrix.CSP == 'false') && '-no-csp') || '') }}",lavrov/stop-wrappers-generation,cancelled,,https://github.com/DevExpress/DevExtreme/actions/runs/35855776824/job/107164610262
"23.09.26, 11:41:52",107164610408,35855776824,1,QUnit tests,${{ matrix.constel }}-shadow-dom,lavrov/stop-wrappers-generation,cancelled,,https://github.com/DevExpress/DevExtreme/actions/runs/35855776824/job/107164610408
"23.09.26, 11:41:52",107164611325,35855776824,1,QUnit tests,Send notifications,lavrov/stop-wrappers-generation,cancelled,,https://github.com/DevExpress/DevExtreme/actions/runs/35855776824/job/107164611325
"23.09.26, 11:38:28",107163555990,35855709703,1,QUnit tests,Build,lavrov/stop-wrappers-generation,cancelled,Install dependencies,https://github.com/DevExpress/DevExtreme/actions/runs/35855709703/job/107163555990
"23.09.26, 11:39:47",107163960221,35855709703,1,QUnit tests,"Constel ${{ matrix.CONSTEL }}${{ (((matrix.TIMEZONE != '') && format('-{0}', matrix.TIMEZONE)) || '') }}${{ (((matrix.CSP == 'false') && '-no-csp') || '') }}",lavrov/stop-wrappers-generation,cancelled,,https://github.com/DevExpress/DevExtreme/actions/runs/35855709703/job/107163960221
"23.09.26, 11:39:47",107163960593,35855709703,1,QUnit tests,Send notifications,lavrov/stop-wrappers-generation,cancelled,,https://github.com/DevExpress/DevExtreme/actions/runs/35855709703/job/107163960593
"23.09.26, 11:39:47",107163960779,35855709703,1,QUnit tests,${{ matrix.constel }}-shadow-dom,lavrov/stop-wrappers-generation,cancelled,,https://github.com/DevExpress/DevExtreme/actions/runs/35855709703/job/107163960779
"23.09.26, 11:24:26",107159177355,35854063034,1,QUnit tests,Constel ui.scheduler-US/Pacific,feature/scheduler-dst-grid/main,failure,Run QUnit tests,https://github.com/DevExpress/DevExtreme/actions/runs/35854063034/job/107159177355
"23.09.26, 10:58:32",107151104729,35851417210,1,QUnit tests,ui.scheduler-shadow-dom,feature/scheduler-dst-grid/main,failure,Run QUnit tests,https://github.com/DevExpress/DevExtreme/actions/runs/35851417210/job/107151104729
"23.09.26, 10:58:32",107151104823,35851417210,1,QUnit tests,Constel ui.scheduler-US/Pacific,feature/scheduler-dst-grid/main,failure,Run QUnit tests,https://github.com/DevExpress/DevExtreme/actions/runs/35851417210/job/107151104823
"23.09.26, 10:58:32",107151104944,35851417210,1,QUnit tests,Constel ui.scheduler,feature/scheduler-dst-grid/main,failure,Run QUnit tests,https://github.com/DevExpress/DevExtreme/actions/runs/35851417210/job/107151104944
"23.09.26, 10:34:02",107143641824,35849072960,1,QUnit tests,Constel ui.scheduler,feature/scheduler-dst-grid/main,failure,Run QUnit tests,https://github.com/DevExpress/DevExtreme/actions/runs/35849072960/job/107143641824
"23.09.26, 10:34:02",107143641885,35849072960,1,QUnit tests,ui.scheduler-shadow-dom,feature/scheduler-dst-grid/main,failure,Run QUnit tests,https://github.com/DevExpress/DevExtreme/actions/runs/35849072960/job/107143641885
"23.09.26, 10:34:02",107143641909,35849072960,1,QUnit tests,Constel ui.scheduler-US/Pacific,feature/scheduler-dst-grid/main,failure,Run QUnit tests,https://github.com/DevExpress/DevExtreme/actions/runs/35849072960/job/107143641909
"23.09.26, 09:41:39",107127054665,35843108708,1,QUnit tests,Constel ui.editors,feature/scheduler-dst-grid/main,failure,,https://github.com/DevExpress/DevExtreme/actions/runs/35843108708/job/107127054665
"23.09.26, 09:25:27",107121809391,35841896019,1,QUnit tests,ui.scheduler-shadow-dom,typescript/viz/es6_pie_chart_26_1,failure,,https://github.com/DevExpress/DevExtreme/actions/runs/35841896019/job/107121809391
"23.09.26, 09:19:24",107119830778,35841676410,1,QUnit tests,Constel misc,remove_rowdragging_filter_26_2,failure,,https://github.com/DevExpress/DevExtreme/actions/runs/35841676410/job/107119830778
"23.09.26, 09:17:14",107119132473,35841635591,1,QUnit tests,Constel ui.widgets-no-csp,fluent-next/mode-island-icons,failure,,https://github.com/DevExpress/DevExtreme/actions/runs/35841635591/job/107119132473
"23.09.26, 09:14:18",107118177261,35841471466,1,QUnit tests,ui.grid-shadow-dom,feature/scheduler-dst-grid/main,cancelled,Run QUnit tests,https://github.com/DevExpress/DevExtreme/actions/runs/35841471466/job/107118177261
"23.09.26, 09:14:18",107118177470,35841471466,1,QUnit tests,Constel ui.scheduler-US/Pacific,feature/scheduler-dst-grid/main,failure,Run QUnit tests,https://github.com/DevExpress/DevExtreme/actions/runs/35841471466/job/107118177470
"23.09.26, 09:14:18",107118177472,35841471466,1,QUnit tests,Constel ui.grid,feature/scheduler-dst-grid/main,cancelled,Run QUnit tests,https://github.com/DevExpress/DevExtreme/actions/runs/35841471466/job/107118177472
"23.09.26, 09:29:15",107123036545,35841471466,1,QUnit tests,Send notifications,feature/scheduler-dst-grid/main,cancelled,,https://github.com/DevExpress/DevExtreme/actions/runs/35841471466/job/107123036545
"23.09.26, 09:11:39",107117323724,35840970677,1,QUnit tests,ui.editors-shadow-dom,typescript/viz/es6_chart,cancelled,Run QUnit tests,https://github.com/DevExpress/DevExtreme/actions/runs/35840970677/job/107117323724
"23.09.26, 09:11:39",107117323730,35840970677,1,QUnit tests,ui.scheduler-shadow-dom,typescript/viz/es6_chart,cancelled,Run QUnit tests,https://github.com/DevExpress/DevExtreme/actions/runs/35840970677/job/107117323730
"23.09.26, 09:11:39",107117323760,35840970677,1,QUnit tests,Constel ui,typescript/viz/es6_chart,cancelled,Run QUnit tests,https://github.com/DevExpress/DevExtreme/actions/runs/35840970677/job/107117323760
"23.09.26, 09:11:39",107117323765,35840970677,1,QUnit tests,Constel misc-no-csp,typescript/viz/es6_chart,cancelled,Run QUnit tests,https://github.com/DevExpress/DevExtreme/actions/runs/35840970677/job/107117323765
"23.09.26, 09:11:39",107117323787,35840970677,1,QUnit tests,ui-shadow-dom,typescript/viz/es6_chart,cancelled,Run QUnit tests,https://github.com/DevExpress/DevExtreme/actions/runs/35840970677/job/107117323787
"23.09.26, 09:11:39",107117323796,35840970677,1,QUnit tests,Constel ui.widgets-no-csp,typescript/viz/es6_chart,cancelled,Run QUnit tests,https://github.com/DevExpress/DevExtreme/actions/runs/35840970677/job/107117323796
"23.09.26, 09:11:39",107117323806,35840970677,1,QUnit tests,ui.grid-shadow-dom,typescript/viz/es6_chart,cancelled,Run QUnit tests,https://github.com/DevExpress/DevExtreme/actions/runs/35840970677/job/107117323806
"23.09.26, 09:11:39",107117323808,35840970677,1,QUnit tests,Constel ui.grid,typescript/viz/es6_chart,cancelled,Run QUnit tests,https://github.com/DevExpress/DevExtreme/actions/runs/35840970677/job/107117323808
"23.09.26, 09:11:39",107117323820,35840970677,1,QUnit tests,Constel misc,typescript/viz/es6_chart,cancelled,Run QUnit tests,https://github.com/DevExpress/DevExtreme/actions/runs/35840970677/job/107117323820
"23.09.26, 09:11:39",107117323828,35840970677,1,QUnit tests,Constel ui.scheduler,typescript/viz/es6_chart,cancelled,Run QUnit tests,https://github.com/DevExpress/DevExtreme/actions/runs/35840970677/job/107117323828
"23.09.26, 09:11:39",107117323865,35840970677,1,QUnit tests,Constel ui.scheduler-US/Pacific,typescript/viz/es6_chart,cancelled,Run QUnit tests,https://github.com/DevExpress/DevExtreme/actions/runs/35840970677/job/107117323865
"23.09.26, 09:11:39",107117323888,35840970677,1,QUnit tests,Constel ui.editors,typescript/viz/es6_chart,cancelled,Run QUnit tests,https://github.com/DevExpress/DevExtreme/actions/runs/35840970677/job/107117323888
"23.09.26, 09:11:39",107117323931,35840970677,1,QUnit tests,ui.widgets-shadow-dom,typescript/viz/es6_chart,cancelled,Run QUnit tests,https://github.com/DevExpress/DevExtreme/actions/runs/35840970677/job/107117323931
"23.09.26, 09:15:30",107118575424,35840970677,1,QUnit tests,Send notifications,typescript/viz/es6_chart,cancelled,,https://github.com/DevExpress/DevExtreme/actions/runs/35840970677/job/107118575424
"23.09.26, 09:05:43",107115438582,35840903650,1,QUnit tests,Build,typescript/viz/es6_chart,cancelled,,https://github.com/DevExpress/DevExtreme/actions/runs/35840903650/job/107115438582
"23.09.26, 09:06:24",107115655838,35840903650,1,QUnit tests,${{ matrix.constel }}-shadow-dom,typescript/viz/es6_chart,cancelled,,https://github.com/DevExpress/DevExtreme/actions/runs/35840903650/job/107115655838
"23.09.26, 09:06:24",107115656015,35840903650,1,QUnit tests,"Constel ${{ matrix.CONSTEL }}${{ (((matrix.TIMEZONE != '') && format('-{0}', matrix.TIMEZONE)) || '') }}${{ (((matrix.CSP == 'false') && '-no-csp') || '') }}",typescript/viz/es6_chart,cancelled,,https://github.com/DevExpress/DevExtreme/actions/runs/35840903650/job/107115656015
"23.09.26, 09:06:24",107115656585,35840903650,1,QUnit tests,Send notifications,typescript/viz/es6_chart,cancelled,,https://github.com/DevExpress/DevExtreme/actions/runs/35840903650/job/107115656585
"23.09.26, 08:53:53",107111700644,35839352128,1,QUnit tests,Constel ui.scheduler-US/Pacific,feature/scheduler-dst-grid/main,failure,Run QUnit tests,https://github.com/DevExpress/DevExtreme/actions/runs/35839352128/job/107111700644
"23.09.26, 08:53:53",107111700661,35839352128,1,QUnit tests,ui.scheduler-shadow-dom,feature/scheduler-dst-grid/main,failure,Run QUnit tests,https://github.com/DevExpress/DevExtreme/actions/runs/35839352128/job/107111700661
"23.09.26, 08:53:53",107111700698,35839352128,1,QUnit tests,Constel ui.scheduler,feature/scheduler-dst-grid/main,failure,Run QUnit tests,https://github.com/DevExpress/DevExtreme/actions/runs/35839352128/job/107111700698
"23.09.26, 04:30:52",107045524395,35818378431,1,QUnit tests,ui.grid-shadow-dom,fluent-next/mode-island-icons,cancelled,,https://github.com/DevExpress/DevExtreme/actions/runs/35818378431/job/107045524395
"23.09.26, 04:30:52",107045524491,35818378431,1,QUnit tests,ui.widgets-shadow-dom,fluent-next/mode-island-icons,cancelled,Run QUnit tests,https://github.com/DevExpress/DevExtreme/actions/runs/35818378431/job/107045524491
"23.09.26, 04:36:35",107046684295,35818378431,1,QUnit tests,Send notifications,fluent-next/mode-island-icons,cancelled,,https://github.com/DevExpress/DevExtreme/actions/runs/35818378431/job/107046684295
"23.09.26, 04:22:58",107043913981,35818103318,1,QUnit tests,Build,fluent-next/mode-island-icons,cancelled,Build,https://github.com/DevExpress/DevExtreme/actions/runs/35818103318/job/107043913981
"23.09.26, 04:27:27",107044824777,35818103318,1,QUnit tests,"Constel ${{ matrix.CONSTEL }}${{ (((matrix.TIMEZONE != '') && format('-{0}', matrix.TIMEZONE)) || '') }}${{ (((matrix.CSP == 'false') && '-no-csp') || '') }}",fluent-next/mode-island-icons,cancelled,,https://github.com/DevExpress/DevExtreme/actions/runs/35818103318/job/107044824777
"23.09.26, 04:27:27",107044824829,35818103318,1,QUnit tests,${{ matrix.constel }}-shadow-dom,fluent-next/mode-island-icons,cancelled,,https://github.com/DevExpress/DevExtreme/actions/runs/35818103318/job/107044824829
"23.09.26, 04:27:27",107044825056,35818103318,1,QUnit tests,Send notifications,fluent-next/mode-island-icons,cancelled,,https://github.com/DevExpress/DevExtreme/actions/runs/35818103318/job/107044825056
"23.09.26, 13:06:22",107193535525,35864793591,1,Jest tests,jest-tests,lavrov/stop-wrappers-generation,cancelled,Jest tests,https://github.com/DevExpress/DevExtreme/actions/runs/35864793591/job/107193535525
"23.09.26, 13:08:40",107194399430,35864793591,1,Jest tests,Send notifications,lavrov/stop-wrappers-generation,cancelled,,https://github.com/DevExpress/DevExtreme/actions/runs/35864793591/job/107194399430
"23.09.26, 13:02:07",107191930562,35864314093,1,Jest tests,jest-tests,feature/scheduler-dst-grid/main,failure,Jest tests,https://github.com/DevExpress/DevExtreme/actions/runs/35864314093/job/107191930562
"23.09.26, 12:49:26",107187351594,35862937894,1,Jest tests,jest-tests,lavrov/stop-wrappers-generation,cancelled,Post Setup pnpm cache,https://github.com/DevExpress/DevExtreme/actions/runs/35862937894/job/107187351594
"23.09.26, 12:58:15",107190507508,35862937894,1,Jest tests,Send notifications,lavrov/stop-wrappers-generation,cancelled,,https://github.com/DevExpress/DevExtreme/actions/runs/35862937894/job/107190507508
"23.09.26, 11:39:46",107163959568,35855776718,1,Jest tests,jest-tests,lavrov/stop-wrappers-generation,cancelled,Install dependencies,https://github.com/DevExpress/DevExtreme/actions/runs/35855776718/job/107163959568
"23.09.26, 11:41:04",107164362804,35855776718,1,Jest tests,Send notifications,lavrov/stop-wrappers-generation,cancelled,,https://github.com/DevExpress/DevExtreme/actions/runs/35855776718/job/107164362804
"23.09.26, 11:38:28",107163555695,35855709738,1,Jest tests,jest-tests,lavrov/stop-wrappers-generation,cancelled,Install dependencies,https://github.com/DevExpress/DevExtreme/actions/runs/35855709738/job/107163555695
"23.09.26, 11:39:46",107163958769,35855709738,1,Jest tests,Send notifications,lavrov/stop-wrappers-generation,cancelled,,https://github.com/DevExpress/DevExtreme/actions/runs/35855709738/job/107163958769
"23.09.26, 10:29:20",107142172124,35849072807,1,Jest tests,jest-tests,feature/scheduler-dst-grid/main,failure,Jest tests,https://github.com/DevExpress/DevExtreme/actions/runs/35849072807/job/107142172124
"23.09.26, 09:06:24",107115655459,35840970612,1,Jest tests,jest-tests,typescript/viz/es6_chart,cancelled,,https://github.com/DevExpress/DevExtreme/actions/runs/35840970612/job/107115655459
"23.09.26, 09:15:30",107118572272,35840970612,1,Jest tests,Send notifications,typescript/viz/es6_chart,cancelled,,https://github.com/DevExpress/DevExtreme/actions/runs/35840970612/job/107118572272
"23.09.26, 09:05:43",107115438426,35840903609,1,Jest tests,jest-tests,typescript/viz/es6_chart,cancelled,,https://github.com/DevExpress/DevExtreme/actions/runs/35840903609/job/107115438426
"23.09.26, 09:06:24",107115654735,35840903609,1,Jest tests,Send notifications,typescript/viz/es6_chart,cancelled,,https://github.com/DevExpress/DevExtreme/actions/runs/35840903609/job/107115654735
"23.09.26, 04:22:58",107043913566,35818103254,1,Jest tests,jest-tests,fluent-next/mode-island-icons,cancelled,Jest tests,https://github.com/DevExpress/DevExtreme/actions/runs/35818103254/job/107043913566
"23.09.26, 04:27:24",107044815539,35818103254,1,Jest tests,Send notifications,fluent-next/mode-island-icons,cancelled,,https://github.com/DevExpress/DevExtreme/actions/runs/35818103254/job/107044815539
"23.09.26, 13:06:22",107193535217,35864793649,1,Styles tests,Tests,lavrov/stop-wrappers-generation,cancelled,Install dependencies,https://github.com/DevExpress/DevExtreme/actions/runs/35864793649/job/107193535217
"23.09.26, 13:08:43",107194417177,35864793649,1,Styles tests,Send notifications,lavrov/stop-wrappers-generation,cancelled,,https://github.com/DevExpress/DevExtreme/actions/runs/35864793649/job/107194417177
"23.09.26, 11:39:47",107163961428,35855776687,1,Styles tests,Tests,lavrov/stop-wrappers-generation,cancelled,Install dependencies,https://github.com/DevExpress/DevExtreme/actions/runs/35855776687/job/107163961428
"23.09.26, 11:42:23",107164779092,35855776687,1,Styles tests,Send notifications,lavrov/stop-wrappers-generation,cancelled,,https://github.com/DevExpress/DevExtreme/actions/runs/35855776687/job/107164779092
"23.09.26, 11:38:28",107163556055,35855709734,1,Styles tests,Tests,lavrov/stop-wrappers-generation,cancelled,Install dependencies,https://github.com/DevExpress/DevExtreme/actions/runs/35855709734/job/107163556055
"23.09.26, 11:39:47",107163960043,35855709734,1,Styles tests,Send notifications,lavrov/stop-wrappers-generation,cancelled,,https://github.com/DevExpress/DevExtreme/actions/runs/35855709734/job/107163960043
"23.09.26, 10:28:53",107142035771,35849031868,1,Styles tests,Tests,feature/26_2_new_fluent_theme_with_design_tokens_remove-comments,failure,Run tests,https://github.com/DevExpress/DevExtreme/actions/runs/35849031868/job/107142035771
"23.09.26, 09:27:47",107122565428,35843076277,1,Styles tests,Tests,feature/26_2_new_fluent_theme_with_design_tokens_remove-comments,failure,Run tests,https://github.com/DevExpress/DevExtreme/actions/runs/35843076277/job/107122565428
"23.09.26, 09:05:43",107115437609,35840903551,1,Styles tests,Tests,typescript/viz/es6_chart,cancelled,,https://github.com/DevExpress/DevExtreme/actions/runs/35840903551/job/107115437609
"23.09.26, 09:06:24",107115655808,35840903551,1,Styles tests,Send notifications,typescript/viz/es6_chart,cancelled,,https://github.com/DevExpress/DevExtreme/actions/runs/35840903551/job/107115655808
"23.09.26, 08:59:17",107113386345,35840262733,1,Styles tests,Tests,fluent-next/mode-island-icons,failure,Check naming registries,https://github.com/DevExpress/DevExtreme/actions/runs/35840262733/job/107113386345
"23.09.26, 09:09:18",107116581781,35840262733,2,Styles tests,Tests,fluent-next/mode-island-icons,failure,Check naming registries,https://github.com/DevExpress/DevExtreme/actions/runs/35840262733/job/107116581781
"23.09.26, 04:22:58",107043913752,35818103295,1,Styles tests,Tests,fluent-next/mode-island-icons,cancelled,Post Setup pnpm cache,https://github.com/DevExpress/DevExtreme/actions/runs/35818103295/job/107043913752
"23.09.26, 04:27:11",107044772930,35818103295,1,Styles tests,Send notifications,fluent-next/mode-island-icons,cancelled,,https://github.com/DevExpress/DevExtreme/actions/runs/35818103295/job/107044772930
"23.09.26, 17:30:32",107300213310,35895465966,1,TestCafe tests,scheduler / timezones (Europe/Berlin) - fluent,feature/scheduler-dst-grid/main,failure,Run TestCafe tests,https://github.com/DevExpress/DevExtreme/actions/runs/35895465966/job/107300213310
"23.09.26, 17:30:32",107300213427,35895465966,1,TestCafe tests,scheduler / timezones (America/Los_Angeles) - fluent,feature/scheduler-dst-grid/main,failure,Run TestCafe tests,https://github.com/DevExpress/DevExtreme/actions/runs/35895465966/job/107300213427
"23.09.26, 16:09:44",107268923462,35886060766,1,TestCafe tests,scheduler / timezones (America/Los_Angeles) - fluent,feature/scheduler-dst-grid/main,failure,Run TestCafe tests,https://github.com/DevExpress/DevExtreme/actions/runs/35886060766/job/107268923462
"23.09.26, 16:09:44",107268923478,35886060766,1,TestCafe tests,scheduler / timezones (Europe/Berlin) - fluent,feature/scheduler-dst-grid/main,failure,Run TestCafe tests,https://github.com/DevExpress/DevExtreme/actions/runs/35886060766/job/107268923478
"23.09.26, 15:53:00",107262114746,35884064065,1,TestCafe tests,common - fluent,26_1,failure,,https://github.com/DevExpress/DevExtreme/actions/runs/35884064065/job/107262114746
"23.09.26, 15:27:21",107251415137,35881059134,1,TestCafe tests,scheduler / timezones (America/Los_Angeles) - fluent,feature/scheduler-dst-grid/main,failure,Run TestCafe tests,https://github.com/DevExpress/DevExtreme/actions/runs/35881059134/job/107251415137
"23.09.26, 15:27:21",107251415207,35881059134,1,TestCafe tests,scheduler / timezones (Europe/Berlin) - fluent,feature/scheduler-dst-grid/main,failure,Run TestCafe tests,https://github.com/DevExpress/DevExtreme/actions/runs/35881059134/job/107251415207
"23.09.26, 13:43:49",107208177221,35868557524,1,TestCafe tests,scheduler / timezones (America/Los_Angeles) - fluent,feature/scheduler-dst-grid/main,failure,Run TestCafe tests,https://github.com/DevExpress/DevExtreme/actions/runs/35868557524/job/107208177221
"23.09.26, 13:43:49",107208177519,35868557524,1,TestCafe tests,scheduler / timezones (Europe/Berlin) - fluent,feature/scheduler-dst-grid/main,failure,Run TestCafe tests,https://github.com/DevExpress/DevExtreme/actions/runs/35868557524/job/107208177519
"23.09.26, 13:07:30",107193955272,35864793807,1,TestCafe tests,Build DevExtreme,lavrov/stop-wrappers-generation,cancelled,Show nx cache contents before save,https://github.com/DevExpress/DevExtreme/actions/runs/35864793807/job/107193955272
"23.09.26, 13:08:48",107194447441,35864793807,1,TestCafe tests,quarantine,lavrov/stop-wrappers-generation,cancelled,,https://github.com/DevExpress/DevExtreme/actions/runs/35864793807/job/107194447441
"23.09.26, 13:08:48",107194447458,35864793807,1,TestCafe tests,${{ matrix.name }}${{ ((!matrix.theme && ' - fluent') || '') }},lavrov/stop-wrappers-generation,cancelled,,https://github.com/DevExpress/DevExtreme/actions/runs/35864793807/job/107194447458
"23.09.26, 13:08:48",107194448780,35864793807,1,TestCafe tests,Send notifications,lavrov/stop-wrappers-generation,cancelled,,https://github.com/DevExpress/DevExtreme/actions/runs/35864793807/job/107194448780
"23.09.26, 13:08:10",107194205270,35864314200,1,TestCafe tests,scheduler / timezones (America/Los_Angeles) - fluent,feature/scheduler-dst-grid/main,failure,Run TestCafe tests,https://github.com/DevExpress/DevExtreme/actions/runs/35864314200/job/107194205270
"23.09.26, 13:08:10",107194205361,35864314200,1,TestCafe tests,scheduler / timezones (Europe/Berlin) - fluent,feature/scheduler-dst-grid/main,failure,Run TestCafe tests,https://github.com/DevExpress/DevExtreme/actions/runs/35864314200/job/107194205361
"23.09.26, 13:01:14",107191597918,35863811295,1,TestCafe tests,scheduler / viewOffset (1/2) - fluent,lavrov/stop-wrappers-generation,cancelled,Run TestCafe tests,https://github.com/DevExpress/DevExtreme/actions/runs/35863811295/job/107191597918
"23.09.26, 13:01:14",107191597926,35863811295,1,TestCafe tests,dataGrid (2/4) - fluent,lavrov/stop-wrappers-generation,cancelled,Run TestCafe tests,https://github.com/DevExpress/DevExtreme/actions/runs/35863811295/job/107191597926
"23.09.26, 13:01:14",107191597960,35863811295,1,TestCafe tests,scheduler / viewOffset (2/2) - fluent,lavrov/stop-wrappers-generation,cancelled,Run TestCafe tests,https://github.com/DevExpress/DevExtreme/actions/runs/35863811295/job/107191597960
"23.09.26, 13:01:14",107191597964,35863811295,1,TestCafe tests,scheduler / common (1/3) - fluent,lavrov/stop-wrappers-generation,cancelled,Run TestCafe tests,https://github.com/DevExpress/DevExtreme/actions/runs/35863811295/job/107191597964
"23.09.26, 13:01:14",107191597965,35863811295,1,TestCafe tests,common - fluent,lavrov/stop-wrappers-generation,cancelled,Run TestCafe tests,https://github.com/DevExpress/DevExtreme/actions/runs/35863811295/job/107191597965
"23.09.26, 13:01:14",107191597986,35863811295,1,TestCafe tests,scheduler / common (2/3) - fluent,lavrov/stop-wrappers-generation,cancelled,Run TestCafe tests,https://github.com/DevExpress/DevExtreme/actions/runs/35863811295/job/107191597986
"23.09.26, 13:01:14",107191598014,35863811295,1,TestCafe tests,navigation - fluent,lavrov/stop-wrappers-generation,cancelled,,https://github.com/DevExpress/DevExtreme/actions/runs/35863811295/job/107191598014
"23.09.26, 13:01:14",107191598038,35863811295,1,TestCafe tests,scheduler / common (3/3) - fluent,lavrov/stop-wrappers-generation,cancelled,,https://github.com/DevExpress/DevExtreme/actions/runs/35863811295/job/107191598038
"23.09.26, 13:01:14",107191598042,35863811295,1,TestCafe tests,cardView - fluent,lavrov/stop-wrappers-generation,cancelled,Run TestCafe tests,https://github.com/DevExpress/DevExtreme/actions/runs/35863811295/job/107191598042
"23.09.26, 13:01:14",107191598080,35863811295,1,TestCafe tests,dataGrid (1/4) - fluent,lavrov/stop-wrappers-generation,cancelled,Run TestCafe tests,https://github.com/DevExpress/DevExtreme/actions/runs/35863811295/job/107191598080
"23.09.26, 13:01:14",107191598155,35863811295,1,TestCafe tests,dataGrid (4/4) - fluent,lavrov/stop-wrappers-generation,cancelled,Run TestCafe tests,https://github.com/DevExpress/DevExtreme/actions/runs/35863811295/job/107191598155
"23.09.26, 13:01:14",107191598189,35863811295,1,TestCafe tests,dataGrid (3/4) - fluent,lavrov/stop-wrappers-generation,cancelled,Run TestCafe tests,https://github.com/DevExpress/DevExtreme/actions/runs/35863811295/job/107191598189
"23.09.26, 13:07:04",107193799367,35863811295,1,TestCafe tests,quarantine,lavrov/stop-wrappers-generation,cancelled,,https://github.com/DevExpress/DevExtreme/actions/runs/35863811295/job/107193799367
"23.09.26, 13:07:05",107193800299,35863811295,1,TestCafe tests,Send notifications,lavrov/stop-wrappers-generation,cancelled,,https://github.com/DevExpress/DevExtreme/actions/runs/35863811295/job/107193800299
"23.09.26, 12:56:17",107189809701,35862937860,1,TestCafe tests,dataGrid (3/4) - fluent,lavrov/stop-wrappers-generation,cancelled,Run TestCafe tests,https://github.com/DevExpress/DevExtreme/actions/runs/35862937860/job/107189809701
"23.09.26, 12:56:17",107189809702,35862937860,1,TestCafe tests,generic,lavrov/stop-wrappers-generation,cancelled,Install dependencies,https://github.com/DevExpress/DevExtreme/actions/runs/35862937860/job/107189809702
"23.09.26, 12:56:17",107189809706,35862937860,1,TestCafe tests,common - fluent,lavrov/stop-wrappers-generation,cancelled,Run TestCafe tests,https://github.com/DevExpress/DevExtreme/actions/runs/35862937860/job/107189809706
"23.09.26, 12:56:17",107189809721,35862937860,1,TestCafe tests,material,lavrov/stop-wrappers-generation,cancelled,Run TestCafe tests,https://github.com/DevExpress/DevExtreme/actions/runs/35862937860/job/107189809721
"23.09.26, 12:56:17",107189809727,35862937860,1,TestCafe tests,scheduler / timezones (Europe/Berlin) - fluent,lavrov/stop-wrappers-generation,cancelled,,https://github.com/DevExpress/DevExtreme/actions/runs/35862937860/job/107189809727
"23.09.26, 12:56:17",107189809738,35862937860,1,TestCafe tests,dataGrid (1/4) - fluent,lavrov/stop-wrappers-generation,cancelled,Run TestCafe tests,https://github.com/DevExpress/DevExtreme/actions/runs/35862937860/job/107189809738
"23.09.26, 12:56:17",107189809743,35862937860,1,TestCafe tests,scheduler / viewOffset (2/2) - fluent,lavrov/stop-wrappers-generation,cancelled,Run TestCafe tests,https://github.com/DevExpress/DevExtreme/actions/runs/35862937860/job/107189809743
"23.09.26, 12:56:17",107189809771,35862937860,1,TestCafe tests,accessibility - fluent,lavrov/stop-wrappers-generation,cancelled,Run TestCafe tests,https://github.com/DevExpress/DevExtreme/actions/runs/35862937860/job/107189809771
"23.09.26, 12:56:17",107189809777,35862937860,1,TestCafe tests,scheduler / common (1/3) - fluent,lavrov/stop-wrappers-generation,cancelled,Run TestCafe tests,https://github.com/DevExpress/DevExtreme/actions/runs/35862937860/job/107189809777
"23.09.26, 12:56:17",107189809811,35862937860,1,TestCafe tests,editors - fluent,lavrov/stop-wrappers-generation,cancelled,,https://github.com/DevExpress/DevExtreme/actions/runs/35862937860/job/107189809811
"23.09.26, 12:56:17",107189809835,35862937860,1,TestCafe tests,navigation - fluent,lavrov/stop-wrappers-generation,cancelled,,https://github.com/DevExpress/DevExtreme/actions/runs/35862937860/job/107189809835
"23.09.26, 12:56:17",107189809844,35862937860,1,TestCafe tests,cardView - fluent,lavrov/stop-wrappers-generation,cancelled,,https://github.com/DevExpress/DevExtreme/actions/runs/35862937860/job/107189809844
"23.09.26, 12:56:17",107189809850,35862937860,1,TestCafe tests,dataGrid (4/4) - fluent,lavrov/stop-wrappers-generation,cancelled,,https://github.com/DevExpress/DevExtreme/actions/runs/35862937860/job/107189809850
"23.09.26, 12:56:17",107189809851,35862937860,1,TestCafe tests,scheduler / common (2/3) - fluent,lavrov/stop-wrappers-generation,cancelled,,https://github.com/DevExpress/DevExtreme/actions/runs/35862937860/job/107189809851
"23.09.26, 12:56:17",107189809892,35862937860,1,TestCafe tests,scheduler / common (3/3) - fluent,lavrov/stop-wrappers-generation,cancelled,,https://github.com/DevExpress/DevExtreme/actions/runs/35862937860/job/107189809892
"23.09.26, 12:56:17",107189809893,35862937860,1,TestCafe tests,scheduler / timezones (America/Los_Angeles) - fluent,lavrov/stop-wrappers-generation,cancelled,,https://github.com/DevExpress/DevExtreme/actions/runs/35862937860/job/107189809893
"23.09.26, 12:56:17",107189809909,35862937860,1,TestCafe tests,scheduler / viewOffset (1/2) - fluent,lavrov/stop-wrappers-generation,cancelled,,https://github.com/DevExpress/DevExtreme/actions/runs/35862937860/job/107189809909
"23.09.26, 12:56:17",107189810012,35862937860,1,TestCafe tests,material - compact,lavrov/stop-wrappers-generation,cancelled,,https://github.com/DevExpress/DevExtreme/actions/runs/35862937860/job/107189810012
"23.09.26, 12:56:17",107189810087,35862937860,1,TestCafe tests,dataGrid (2/4) - fluent,lavrov/stop-wrappers-generation,cancelled,,https://github.com/DevExpress/DevExtreme/actions/runs/35862937860/job/107189810087
"23.09.26, 12:58:44",107190687970,35862937860,1,TestCafe tests,quarantine,lavrov/stop-wrappers-generation,cancelled,,https://github.com/DevExpress/DevExtreme/actions/runs/35862937860/job/107190687970
"23.09.26, 12:58:44",107190688797,35862937860,1,TestCafe tests,Send notifications,lavrov/stop-wrappers-generation,cancelled,,https://github.com/DevExpress/DevExtreme/actions/runs/35862937860/job/107190688797
"23.09.26, 12:15:30",107175451297,35858797475,1,TestCafe tests,scheduler / timezones (Europe/Berlin) - fluent,feature/scheduler-dst-grid/main,failure,Run TestCafe tests,https://github.com/DevExpress/DevExtreme/actions/runs/35858797475/job/107175451297
"23.09.26, 12:15:30",107175451574,35858797475,1,TestCafe tests,scheduler / timezones (America/Los_Angeles) - fluent,feature/scheduler-dst-grid/main,failure,Run TestCafe tests,https://github.com/DevExpress/DevExtreme/actions/runs/35858797475/job/107175451574
"23.09.26, 11:45:48",107165855588,35855941952,1,TestCafe tests,scheduler / timezones (Europe/Berlin) - fluent,feature/scheduler-dst-grid/main,failure,Run TestCafe tests,https://github.com/DevExpress/DevExtreme/actions/runs/35855941952/job/107165855588
"23.09.26, 11:45:48",107165855737,35855941952,1,TestCafe tests,scheduler / timezones (America/Los_Angeles) - fluent,feature/scheduler-dst-grid/main,failure,Run TestCafe tests,https://github.com/DevExpress/DevExtreme/actions/runs/35855941952/job/107165855737
"23.09.26, 11:47:59",107166546462,35855929429,1,TestCafe tests,dataGrid (3/4) - fluent,lavrov/stop-wrappers-generation,cancelled,,https://github.com/DevExpress/DevExtreme/actions/runs/35855929429/job/107166546462
"23.09.26, 11:47:59",107166546552,35855929429,1,TestCafe tests,common - fluent,lavrov/stop-wrappers-generation,cancelled,Run TestCafe tests,https://github.com/DevExpress/DevExtreme/actions/runs/35855929429/job/107166546552
"23.09.26, 11:47:59",107166546616,35855929429,1,TestCafe tests,scheduler / viewOffset (1/2) - fluent,lavrov/stop-wrappers-generation,cancelled,,https://github.com/DevExpress/DevExtreme/actions/runs/35855929429/job/107166546616
"23.09.26, 11:47:59",107166546626,35855929429,1,TestCafe tests,scheduler / viewOffset (2/2) - fluent,lavrov/stop-wrappers-generation,cancelled,Run TestCafe tests,https://github.com/DevExpress/DevExtreme/actions/runs/35855929429/job/107166546626
"23.09.26, 11:47:59",107166546670,35855929429,1,TestCafe tests,dataGrid (2/4) - fluent,lavrov/stop-wrappers-generation,cancelled,Run TestCafe tests,https://github.com/DevExpress/DevExtreme/actions/runs/35855929429/job/107166546670
"23.09.26, 11:54:37",107168642543,35855929429,1,TestCafe tests,quarantine,lavrov/stop-wrappers-generation,cancelled,,https://github.com/DevExpress/DevExtreme/actions/runs/35855929429/job/107168642543
"23.09.26, 11:54:37",107168643823,35855929429,1,TestCafe tests,Send notifications,lavrov/stop-wrappers-generation,cancelled,,https://github.com/DevExpress/DevExtreme/actions/runs/35855929429/job/107168643823
"23.09.26, 11:40:26",107164167614,35855776844,1,TestCafe tests,Build DevExtreme,lavrov/stop-wrappers-generation,cancelled,Show nx cache contents before save,https://github.com/DevExpress/DevExtreme/actions/runs/35855776844/job/107164167614
"23.09.26, 11:41:54",107164621848,35855776844,1,TestCafe tests,${{ matrix.name }}${{ ((!matrix.theme && ' - fluent') || '') }},lavrov/stop-wrappers-generation,cancelled,,https://github.com/DevExpress/DevExtreme/actions/runs/35855776844/job/107164621848
"23.09.26, 11:41:54",107164622493,35855776844,1,TestCafe tests,quarantine,lavrov/stop-wrappers-generation,cancelled,,https://github.com/DevExpress/DevExtreme/actions/runs/35855776844/job/107164622493
"23.09.26, 11:41:54",107164622739,35855776844,1,TestCafe tests,Send notifications,lavrov/stop-wrappers-generation,cancelled,,https://github.com/DevExpress/DevExtreme/actions/runs/35855776844/job/107164622739
"23.09.26, 11:38:46",107163645206,35855709834,1,TestCafe tests,Build DevExtreme,lavrov/stop-wrappers-generation,cancelled,Show nx cache contents before save,https://github.com/DevExpress/DevExtreme/actions/runs/35855709834/job/107163645206
"23.09.26, 11:40:03",107164043560,35855709834,1,TestCafe tests,${{ matrix.name }}${{ ((!matrix.theme && ' - fluent') || '') }},lavrov/stop-wrappers-generation,cancelled,,https://github.com/DevExpress/DevExtreme/actions/runs/35855709834/job/107164043560
"23.09.26, 11:40:03",107164044622,35855709834,1,TestCafe tests,quarantine,lavrov/stop-wrappers-generation,cancelled,,https://github.com/DevExpress/DevExtreme/actions/runs/35855709834/job/107164044622
"23.09.26, 11:40:03",107164044903,35855709834,1,TestCafe tests,Send notifications,lavrov/stop-wrappers-generation,cancelled,,https://github.com/DevExpress/DevExtreme/actions/runs/35855709834/job/107164044903
"23.09.26, 11:26:46",107159889741,35854063060,1,TestCafe tests,scheduler / timezones (America/Los_Angeles) - fluent,feature/scheduler-dst-grid/main,failure,Run TestCafe tests,https://github.com/DevExpress/DevExtreme/actions/runs/35854063060/job/107159889741
"23.09.26, 11:26:46",107159889813,35854063060,1,TestCafe tests,scheduler / timezones (Europe/Berlin) - fluent,feature/scheduler-dst-grid/main,failure,Run TestCafe tests,https://github.com/DevExpress/DevExtreme/actions/runs/35854063060/job/107159889813
"23.09.26, 11:01:13",107151943208,35851417141,1,TestCafe tests,scheduler / viewOffset (2/2) - fluent,feature/scheduler-dst-grid/main,cancelled,,https://github.com/DevExpress/DevExtreme/actions/runs/35851417141/job/107151943208
"23.09.26, 11:01:13",107151943262,35851417141,1,TestCafe tests,scheduler / timezones (Europe/Berlin) - fluent,feature/scheduler-dst-grid/main,failure,Run TestCafe tests,https://github.com/DevExpress/DevExtreme/actions/runs/35851417141/job/107151943262
"23.09.26, 11:01:13",107151943263,35851417141,1,TestCafe tests,scheduler / timezones (America/Los_Angeles) - fluent,feature/scheduler-dst-grid/main,failure,Run TestCafe tests,https://github.com/DevExpress/DevExtreme/actions/runs/35851417141/job/107151943263
"23.09.26, 11:21:45",107158334900,35851417141,1,TestCafe tests,quarantine,feature/scheduler-dst-grid/main,cancelled,,https://github.com/DevExpress/DevExtreme/actions/runs/35851417141/job/107158334900
"23.09.26, 11:21:45",107158337197,35851417141,1,TestCafe tests,Send notifications,feature/scheduler-dst-grid/main,cancelled,,https://github.com/DevExpress/DevExtreme/actions/runs/35851417141/job/107158337197
"23.09.26, 10:59:11",107151301174,35851281147,1,TestCafe tests,dataGrid (2/4) - fluent,core-utils-improve-typing_26_2/ajax,failure,,https://github.com/DevExpress/DevExtreme/actions/runs/35851281147/job/107151301174
"23.09.26, 10:41:40",107145984191,35849769211,1,TestCafe tests,editors - fluent,26_1,failure,,https://github.com/DevExpress/DevExtreme/actions/runs/35849769211/job/107145984191
"23.09.26, 10:35:50",107144208720,35849072813,1,TestCafe tests,scheduler / timezones (Europe/Berlin) - fluent,feature/scheduler-dst-grid/main,failure,Run TestCafe tests,https://github.com/DevExpress/DevExtreme/actions/runs/35849072813/job/107144208720
"23.09.26, 10:35:50",107144208723,35849072813,1,TestCafe tests,scheduler / timezones (America/Los_Angeles) - fluent,feature/scheduler-dst-grid/main,failure,Run TestCafe tests,https://github.com/DevExpress/DevExtreme/actions/runs/35849072813/job/107144208723
"23.09.26, 10:35:35",107144132888,35849031714,1,TestCafe tests,accessibility - fluent-next.dark,feature/26_2_new_fluent_theme_with_design_tokens_remove-comments,cancelled,Run TestCafe tests,https://github.com/DevExpress/DevExtreme/actions/runs/35849031714/job/107144132888
"23.09.26, 10:35:35",107144132911,35849031714,1,TestCafe tests,accessibility - material.light,feature/26_2_new_fluent_theme_with_design_tokens_remove-comments,cancelled,Run TestCafe tests,https://github.com/DevExpress/DevExtreme/actions/runs/35849031714/job/107144132911
"23.09.26, 10:35:35",107144132912,35849031714,1,TestCafe tests,accessibility - fluent,feature/26_2_new_fluent_theme_with_design_tokens_remove-comments,cancelled,Run TestCafe tests,https://github.com/DevExpress/DevExtreme/actions/runs/35849031714/job/107144132912
"23.09.26, 10:35:35",107144132959,35849031714,1,TestCafe tests,dataGrid (1/4) - fluent,feature/26_2_new_fluent_theme_with_design_tokens_remove-comments,cancelled,Run TestCafe tests,https://github.com/DevExpress/DevExtreme/actions/runs/35849031714/job/107144132959
"23.09.26, 10:35:35",107144133047,35849031714,1,TestCafe tests,navigation - fluent,feature/26_2_new_fluent_theme_with_design_tokens_remove-comments,cancelled,Run TestCafe tests,https://github.com/DevExpress/DevExtreme/actions/runs/35849031714/job/107144133047
"23.09.26, 10:35:35",107144133076,35849031714,1,TestCafe tests,accessibility - material.dark,feature/26_2_new_fluent_theme_with_design_tokens_remove-comments,cancelled,Run TestCafe tests,https://github.com/DevExpress/DevExtreme/actions/runs/35849031714/job/107144133076
"23.09.26, 10:35:35",107144133077,35849031714,1,TestCafe tests,accessibility - fluent.dark,feature/26_2_new_fluent_theme_with_design_tokens_remove-comments,cancelled,Run TestCafe tests,https://github.com/DevExpress/DevExtreme/actions/runs/35849031714/job/107144133077
"23.09.26, 10:35:35",107144133102,35849031714,1,TestCafe tests,dataGrid (3/4) - fluent,feature/26_2_new_fluent_theme_with_design_tokens_remove-comments,cancelled,Run TestCafe tests,https://github.com/DevExpress/DevExtreme/actions/runs/35849031714/job/107144133102
"23.09.26, 10:35:35",107144133107,35849031714,1,TestCafe tests,dataGrid (4/4) - fluent,feature/26_2_new_fluent_theme_with_design_tokens_remove-comments,cancelled,Run TestCafe tests,https://github.com/DevExpress/DevExtreme/actions/runs/35849031714/job/107144133107
"23.09.26, 10:35:35",107144133127,35849031714,1,TestCafe tests,common - fluent,feature/26_2_new_fluent_theme_with_design_tokens_remove-comments,cancelled,Run TestCafe tests,https://github.com/DevExpress/DevExtreme/actions/runs/35849031714/job/107144133127
"23.09.26, 10:35:35",107144133149,35849031714,1,TestCafe tests,dataGrid (2/4) - fluent,feature/26_2_new_fluent_theme_with_design_tokens_remove-comments,cancelled,Run TestCafe tests,https://github.com/DevExpress/DevExtreme/actions/runs/35849031714/job/107144133149
"23.09.26, 10:35:35",107144133158,35849031714,1,TestCafe tests,editors - fluent,feature/26_2_new_fluent_theme_with_design_tokens_remove-comments,cancelled,Run TestCafe tests,https://github.com/DevExpress/DevExtreme/actions/runs/35849031714/job/107144133158
"23.09.26, 10:35:35",107144133172,35849031714,1,TestCafe tests,scheduler / common (2/3) - fluent,feature/26_2_new_fluent_theme_with_design_tokens_remove-comments,cancelled,Run TestCafe tests,https://github.com/DevExpress/DevExtreme/actions/runs/35849031714/job/107144133172
"23.09.26, 10:35:35",107144133174,35849031714,1,TestCafe tests,accessibility - fluent-next,feature/26_2_new_fluent_theme_with_design_tokens_remove-comments,cancelled,,https://github.com/DevExpress/DevExtreme/actions/runs/35849031714/job/107144133174
"23.09.26, 10:35:35",107144133180,35849031714,1,TestCafe tests,scheduler / common (1/3) - fluent,feature/26_2_new_fluent_theme_with_design_tokens_remove-comments,cancelled,Run TestCafe tests,https://github.com/DevExpress/DevExtreme/actions/runs/35849031714/job/107144133180
"23.09.26, 10:35:35",107144133220,35849031714,1,TestCafe tests,scheduler / common (3/3) - fluent,feature/26_2_new_fluent_theme_with_design_tokens_remove-comments,cancelled,Run TestCafe tests,https://github.com/DevExpress/DevExtreme/actions/runs/35849031714/job/107144133220
"23.09.26, 10:35:35",107144133234,35849031714,1,TestCafe tests,scheduler / viewOffset (2/2) - fluent,feature/26_2_new_fluent_theme_with_design_tokens_remove-comments,cancelled,Run TestCafe tests,https://github.com/DevExpress/DevExtreme/actions/runs/35849031714/job/107144133234
"23.09.26, 10:35:35",107144133238,35849031714,1,TestCafe tests,dataGrid (4/4) - fluent-next,feature/26_2_new_fluent_theme_with_design_tokens_remove-comments,cancelled,Run TestCafe tests,https://github.com/DevExpress/DevExtreme/actions/runs/35849031714/job/107144133238
"23.09.26, 10:35:35",107144133245,35849031714,1,TestCafe tests,dataGrid (2/4) - fluent-next,feature/26_2_new_fluent_theme_with_design_tokens_remove-comments,cancelled,Run TestCafe tests,https://github.com/DevExpress/DevExtreme/actions/runs/35849031714/job/107144133245
"23.09.26, 10:35:35",107144133265,35849031714,1,TestCafe tests,scheduler / viewOffset (1/2) - fluent-next,feature/26_2_new_fluent_theme_with_design_tokens_remove-comments,cancelled,Run TestCafe tests,https://github.com/DevExpress/DevExtreme/actions/runs/35849031714/job/107144133265
"23.09.26, 10:35:35",107144133285,35849031714,1,TestCafe tests,common - fluent-next,feature/26_2_new_fluent_theme_with_design_tokens_remove-comments,cancelled,Run TestCafe tests,https://github.com/DevExpress/DevExtreme/actions/runs/35849031714/job/107144133285
"23.09.26, 10:35:35",107144133287,35849031714,1,TestCafe tests,navigation - fluent-next,feature/26_2_new_fluent_theme_with_design_tokens_remove-comments,cancelled,Run TestCafe tests,https://github.com/DevExpress/DevExtreme/actions/runs/35849031714/job/107144133287
"23.09.26, 10:35:35",107144133302,35849031714,1,TestCafe tests,scheduler / viewOffset (1/2) - fluent,feature/26_2_new_fluent_theme_with_design_tokens_remove-comments,cancelled,Run TestCafe tests,https://github.com/DevExpress/DevExtreme/actions/runs/35849031714/job/107144133302
"23.09.26, 10:35:35",107144133330,35849031714,1,TestCafe tests,editors - fluent-next,feature/26_2_new_fluent_theme_with_design_tokens_remove-comments,cancelled,Run TestCafe tests,https://github.com/DevExpress/DevExtreme/actions/runs/35849031714/job/107144133330
"23.09.26, 10:35:35",107144133335,35849031714,1,TestCafe tests,dataGrid (1/4) - fluent-next,feature/26_2_new_fluent_theme_with_design_tokens_remove-comments,cancelled,Run TestCafe tests,https://github.com/DevExpress/DevExtreme/actions/runs/35849031714/job/107144133335
"23.09.26, 10:35:35",107144133340,35849031714,1,TestCafe tests,scheduler / common (3/3) - fluent-next,feature/26_2_new_fluent_theme_with_design_tokens_remove-comments,cancelled,Run TestCafe tests,https://github.com/DevExpress/DevExtreme/actions/runs/35849031714/job/107144133340
"23.09.26, 10:35:35",107144133364,35849031714,1,TestCafe tests,dataGrid (3/4) - fluent-next,feature/26_2_new_fluent_theme_with_design_tokens_remove-comments,cancelled,Run TestCafe tests,https://github.com/DevExpress/DevExtreme/actions/runs/35849031714/job/107144133364
"23.09.26, 10:35:35",107144133378,35849031714,1,TestCafe tests,scheduler / viewOffset (2/2) - fluent-next,feature/26_2_new_fluent_theme_with_design_tokens_remove-comments,cancelled,Run TestCafe tests,https://github.com/DevExpress/DevExtreme/actions/runs/35849031714/job/107144133378
"23.09.26, 10:35:35",107144133479,35849031714,1,TestCafe tests,scheduler / common (2/3) - fluent-next,feature/26_2_new_fluent_theme_with_design_tokens_remove-comments,cancelled,Run TestCafe tests,https://github.com/DevExpress/DevExtreme/actions/runs/35849031714/job/107144133479
"23.09.26, 10:35:35",107144134060,35849031714,1,TestCafe tests,scheduler / common (1/3) - fluent-next,feature/26_2_new_fluent_theme_with_design_tokens_remove-comments,cancelled,Run TestCafe tests,https://github.com/DevExpress/DevExtreme/actions/runs/35849031714/job/107144134060
"23.09.26, 10:40:13",107145544132,35849031714,1,TestCafe tests,quarantine,feature/26_2_new_fluent_theme_with_design_tokens_remove-comments,cancelled,,https://github.com/DevExpress/DevExtreme/actions/runs/35849031714/job/107145544132
"23.09.26, 10:40:13",107145544688,35849031714,1,TestCafe tests,Send notifications,feature/26_2_new_fluent_theme_with_design_tokens_remove-comments,cancelled,,https://github.com/DevExpress/DevExtreme/actions/runs/35849031714/job/107145544688
"23.09.26, 10:22:59",107140208279,35847713471,1,TestCafe tests,editors - fluent,26_1_5182-cherry-pick,failure,Run TestCafe tests,https://github.com/DevExpress/DevExtreme/actions/runs/35847713471/job/107140208279
"23.09.26, 09:57:40",107132132036,35845105357,1,TestCafe tests,scheduler / viewOffset (2/2) - fluent,core-utils-improve-typing_26_1/version_browser,failure,,https://github.com/DevExpress/DevExtreme/actions/runs/35845105357/job/107132132036
"23.09.26, 09:56:18",107131703154,35844823424,1,TestCafe tests,navigation - fluent,gh-readonly-queue/main/pr-35303-66c3f89275e90452541623e39028865ce79316fc,failure,,https://github.com/DevExpress/DevExtreme/actions/runs/35844823424/job/107131703154
"23.09.26, 09:56:18",107131703319,35844823424,1,TestCafe tests,scheduler / common (1/3) - fluent,gh-readonly-queue/main/pr-35303-66c3f89275e90452541623e39028865ce79316fc,failure,,https://github.com/DevExpress/DevExtreme/actions/runs/35844823424/job/107131703319
"23.09.26, 09:56:38",107131806486,35844824264,1,TestCafe tests,common - fluent,gh-readonly-queue/main/pr-35273-3113f249d9aa60b6a7ed808fc06a29ebe0227a26,failure,,https://github.com/DevExpress/DevExtreme/actions/runs/35844824264/job/107131806486
"23.09.26, 09:52:25",107130482239,35844547232,1,TestCafe tests,dataGrid (1/4) - fluent,core-utils-improve-typing_26_2/version_browser,failure,,https://github.com/DevExpress/DevExtreme/actions/runs/35844547232/job/107130482239
"23.09.26, 09:52:25",107130482274,35844547232,1,TestCafe tests,scheduler / viewOffset (2/2) - fluent,core-utils-improve-typing_26_2/version_browser,failure,,https://github.com/DevExpress/DevExtreme/actions/runs/35844547232/job/107130482274
"23.09.26, 09:52:59",107130664867,35844010638,1,TestCafe tests,navigation - fluent,fluent-next/popup-drag-area-mode,failure,,https://github.com/DevExpress/DevExtreme/actions/runs/35844010638/job/107130664867
"23.09.26, 09:52:59",107130664921,35844010638,1,TestCafe tests,scheduler / common (1/3) - fluent,fluent-next/popup-drag-area-mode,failure,,https://github.com/DevExpress/DevExtreme/actions/runs/35844010638/job/107130664921
"23.09.26, 09:52:59",107130664937,35844010638,1,TestCafe tests,dataGrid (1/4) - fluent-next,fluent-next/popup-drag-area-mode,failure,,https://github.com/DevExpress/DevExtreme/actions/runs/35844010638/job/107130664937
"23.09.26, 09:52:59",107130664946,35844010638,1,TestCafe tests,dataGrid (4/4) - fluent-next,fluent-next/popup-drag-area-mode,failure,,https://github.com/DevExpress/DevExtreme/actions/runs/35844010638/job/107130664946
"23.09.26, 09:52:59",107130664975,35844010638,1,TestCafe tests,scheduler / common (3/3) - fluent-next,fluent-next/popup-drag-area-mode,failure,,https://github.com/DevExpress/DevExtreme/actions/runs/35844010638/job/107130664975
"23.09.26, 09:43:26",107127614693,35843076238,1,TestCafe tests,material - compact,feature/26_2_new_fluent_theme_with_design_tokens_remove-comments,cancelled,,https://github.com/DevExpress/DevExtreme/actions/runs/35843076238/job/107127614693
"23.09.26, 09:43:26",107127614700,35843076238,1,TestCafe tests,common - fluent,feature/26_2_new_fluent_theme_with_design_tokens_remove-comments,cancelled,,https://github.com/DevExpress/DevExtreme/actions/runs/35843076238/job/107127614700
"23.09.26, 09:43:26",107127614730,35843076238,1,TestCafe tests,dataGrid (1/4) - fluent,feature/26_2_new_fluent_theme_with_design_tokens_remove-comments,cancelled,Run TestCafe tests,https://github.com/DevExpress/DevExtreme/actions/runs/35843076238/job/107127614730
"23.09.26, 09:43:26",107127614737,35843076238,1,TestCafe tests,dataGrid (3/4) - fluent,feature/26_2_new_fluent_theme_with_design_tokens_remove-comments,cancelled,Run TestCafe tests,https://github.com/DevExpress/DevExtreme/actions/runs/35843076238/job/107127614737
"23.09.26, 09:43:26",107127614742,35843076238,1,TestCafe tests,accessibility - fluent-next.dark,feature/26_2_new_fluent_theme_with_design_tokens_remove-comments,cancelled,Run TestCafe tests,https://github.com/DevExpress/DevExtreme/actions/runs/35843076238/job/107127614742
"23.09.26, 09:43:26",107127614754,35843076238,1,TestCafe tests,navigation - fluent,feature/26_2_new_fluent_theme_with_design_tokens_remove-comments,cancelled,Run TestCafe tests,https://github.com/DevExpress/DevExtreme/actions/runs/35843076238/job/107127614754
"23.09.26, 09:43:26",107127614786,35843076238,1,TestCafe tests,accessibility - material.light,feature/26_2_new_fluent_theme_with_design_tokens_remove-comments,cancelled,,https://github.com/DevExpress/DevExtreme/actions/runs/35843076238/job/107127614786
"23.09.26, 09:43:26",107127614794,35843076238,1,TestCafe tests,accessibility - material.dark,feature/26_2_new_fluent_theme_with_design_tokens_remove-comments,cancelled,,https://github.com/DevExpress/DevExtreme/actions/runs/35843076238/job/107127614794
"23.09.26, 09:43:26",107127614796,35843076238,1,TestCafe tests,accessibility - fluent,feature/26_2_new_fluent_theme_with_design_tokens_remove-comments,cancelled,,https://github.com/DevExpress/DevExtreme/actions/runs/35843076238/job/107127614796
"23.09.26, 09:43:26",107127614799,35843076238,1,TestCafe tests,editors - fluent,feature/26_2_new_fluent_theme_with_design_tokens_remove-comments,cancelled,,https://github.com/DevExpress/DevExtreme/actions/runs/35843076238/job/107127614799
"23.09.26, 09:43:26",107127614806,35843076238,1,TestCafe tests,accessibility - fluent.dark,feature/26_2_new_fluent_theme_with_design_tokens_remove-comments,cancelled,,https://github.com/DevExpress/DevExtreme/actions/runs/35843076238/job/107127614806
"23.09.26, 09:43:26",107127614827,35843076238,1,TestCafe tests,dataGrid (2/4) - fluent,feature/26_2_new_fluent_theme_with_design_tokens_remove-comments,cancelled,,https://github.com/DevExpress/DevExtreme/actions/runs/35843076238/job/107127614827
"23.09.26, 09:43:26",107127614870,35843076238,1,TestCafe tests,dataGrid (1/4) - fluent-next,feature/26_2_new_fluent_theme_with_design_tokens_remove-comments,cancelled,,https://github.com/DevExpress/DevExtreme/actions/runs/35843076238/job/107127614870
"23.09.26, 09:43:26",107127614878,35843076238,1,TestCafe tests,dataGrid (4/4) - fluent-next,feature/26_2_new_fluent_theme_with_design_tokens_remove-comments,cancelled,,https://github.com/DevExpress/DevExtreme/actions/runs/35843076238/job/107127614878
"23.09.26, 09:43:26",107127614895,35843076238,1,TestCafe tests,dataGrid (3/4) - fluent-next,feature/26_2_new_fluent_theme_with_design_tokens_remove-comments,cancelled,,https://github.com/DevExpress/DevExtreme/actions/runs/35843076238/job/107127614895
"23.09.26, 09:43:26",107127614897,35843076238,1,TestCafe tests,dataGrid (4/4) - fluent,feature/26_2_new_fluent_theme_with_design_tokens_remove-comments,cancelled,,https://github.com/DevExpress/DevExtreme/actions/runs/35843076238/job/107127614897
"23.09.26, 09:43:26",107127614903,35843076238,1,TestCafe tests,scheduler / common (1/3) - fluent,feature/26_2_new_fluent_theme_with_design_tokens_remove-comments,cancelled,,https://github.com/DevExpress/DevExtreme/actions/runs/35843076238/job/107127614903
"23.09.26, 09:43:26",107127614912,35843076238,1,TestCafe tests,dataGrid (2/4) - fluent-next,feature/26_2_new_fluent_theme_with_design_tokens_remove-comments,cancelled,,https://github.com/DevExpress/DevExtreme/actions/runs/35843076238/job/107127614912
"23.09.26, 09:43:26",107127614913,35843076238,1,TestCafe tests,common - fluent-next,feature/26_2_new_fluent_theme_with_design_tokens_remove-comments,cancelled,,https://github.com/DevExpress/DevExtreme/actions/runs/35843076238/job/107127614913
"23.09.26, 09:43:26",107127614935,35843076238,1,TestCafe tests,scheduler / viewOffset (2/2) - fluent,feature/26_2_new_fluent_theme_with_design_tokens_remove-comments,cancelled,,https://github.com/DevExpress/DevExtreme/actions/runs/35843076238/job/107127614935
"23.09.26, 09:43:26",107127614953,35843076238,1,TestCafe tests,scheduler / common (3/3) - fluent-next,feature/26_2_new_fluent_theme_with_design_tokens_remove-comments,cancelled,,https://github.com/DevExpress/DevExtreme/actions/runs/35843076238/job/107127614953
"23.09.26, 09:43:26",107127614976,35843076238,1,TestCafe tests,scheduler / viewOffset (1/2) - fluent,feature/26_2_new_fluent_theme_with_design_tokens_remove-comments,cancelled,,https://github.com/DevExpress/DevExtreme/actions/runs/35843076238/job/107127614976
"23.09.26, 09:43:26",107127614977,35843076238,1,TestCafe tests,editors - fluent-next,feature/26_2_new_fluent_theme_with_design_tokens_remove-comments,cancelled,,https://github.com/DevExpress/DevExtreme/actions/runs/35843076238/job/107127614977
"23.09.26, 09:43:26",107127614994,35843076238,1,TestCafe tests,navigation - fluent-next,feature/26_2_new_fluent_theme_with_design_tokens_remove-comments,cancelled,,https://github.com/DevExpress/DevExtreme/actions/runs/35843076238/job/107127614994
"23.09.26, 09:43:26",107127615025,35843076238,1,TestCafe tests,scheduler / common (3/3) - fluent,feature/26_2_new_fluent_theme_with_design_tokens_remove-comments,cancelled,,https://github.com/DevExpress/DevExtreme/actions/runs/35843076238/job/107127615025
"23.09.26, 09:43:26",107127615042,35843076238,1,TestCafe tests,accessibility - fluent-next,feature/26_2_new_fluent_theme_with_design_tokens_remove-comments,cancelled,,https://github.com/DevExpress/DevExtreme/actions/runs/35843076238/job/107127615042
"23.09.26, 09:43:26",107127615045,35843076238,1,TestCafe tests,scheduler / timezones (America/Los_Angeles) - fluent,feature/26_2_new_fluent_theme_with_design_tokens_remove-comments,cancelled,,https://github.com/DevExpress/DevExtreme/actions/runs/35843076238/job/107127615045
"23.09.26, 09:43:26",107127615064,35843076238,1,TestCafe tests,scheduler / timezones (Europe/Berlin) - fluent-next,feature/26_2_new_fluent_theme_with_design_tokens_remove-comments,cancelled,,https://github.com/DevExpress/DevExtreme/actions/runs/35843076238/job/107127615064
"23.09.26, 09:43:26",107127615079,35843076238,1,TestCafe tests,scheduler / common (1/3) - fluent-next,feature/26_2_new_fluent_theme_with_design_tokens_remove-comments,cancelled,,https://github.com/DevExpress/DevExtreme/actions/runs/35843076238/job/107127615079
"23.09.26, 09:43:26",107127615083,35843076238,1,TestCafe tests,scheduler / viewOffset (1/2) - fluent-next,feature/26_2_new_fluent_theme_with_design_tokens_remove-comments,cancelled,,https://github.com/DevExpress/DevExtreme/actions/runs/35843076238/job/107127615083
"23.09.26, 09:43:26",107127615088,35843076238,1,TestCafe tests,cardView - fluent,feature/26_2_new_fluent_theme_with_design_tokens_remove-comments,cancelled,,https://github.com/DevExpress/DevExtreme/actions/runs/35843076238/job/107127615088
"23.09.26, 09:43:26",107127615099,35843076238,1,TestCafe tests,scheduler / common (2/3) - fluent-next,feature/26_2_new_fluent_theme_with_design_tokens_remove-comments,cancelled,,https://github.com/DevExpress/DevExtreme/actions/runs/35843076238/job/107127615099
"23.09.26, 09:43:26",107127615125,35843076238,1,TestCafe tests,cardView - fluent-next,feature/26_2_new_fluent_theme_with_design_tokens_remove-comments,cancelled,,https://github.com/DevExpress/DevExtreme/actions/runs/35843076238/job/107127615125
"23.09.26, 09:43:26",107127615129,35843076238,1,TestCafe tests,scheduler / timezones (America/Los_Angeles) - fluent-next,feature/26_2_new_fluent_theme_with_design_tokens_remove-comments,cancelled,,https://github.com/DevExpress/DevExtreme/actions/runs/35843076238/job/107127615129
"23.09.26, 09:43:26",107127615238,35843076238,1,TestCafe tests,scheduler / viewOffset (2/2) - fluent-next,feature/26_2_new_fluent_theme_with_design_tokens_remove-comments,cancelled,,https://github.com/DevExpress/DevExtreme/actions/runs/35843076238/job/107127615238
"23.09.26, 09:54:11",107131035634,35843076238,1,TestCafe tests,quarantine,feature/26_2_new_fluent_theme_with_design_tokens_remove-comments,cancelled,,https://github.com/DevExpress/DevExtreme/actions/runs/35843076238/job/107131035634
"23.09.26, 09:54:11",107131035790,35843076238,1,TestCafe tests,Send notifications,feature/26_2_new_fluent_theme_with_design_tokens_remove-comments,cancelled,,https://github.com/DevExpress/DevExtreme/actions/runs/35843076238/job/107131035790
"23.09.26, 09:33:16",107124352415,35842664822,1,TestCafe tests,accessibility - material.dark,26_1,failure,,https://github.com/DevExpress/DevExtreme/actions/runs/35842664822/job/107124352415
"23.09.26, 09:33:08",107124308601,35842655814,1,TestCafe tests,editors - fluent,gh-readonly-queue/main/pr-35273-e58ac11d9089ac5fc0563f28e4fdaea403db090b,failure,,https://github.com/DevExpress/DevExtreme/actions/runs/35842655814/job/107124308601
"23.09.26, 09:22:29",107120832820,35841835128,1,TestCafe tests,scheduler / viewOffset (2/2) - fluent,T1329677-fix,failure,,https://github.com/DevExpress/DevExtreme/actions/runs/35841835128/job/107120832820
"23.09.26, 09:20:53",107120308235,35841676341,1,TestCafe tests,scheduler / common (2/3) - fluent,remove_rowdragging_filter_26_2,failure,,https://github.com/DevExpress/DevExtreme/actions/runs/35841676341/job/107120308235
"23.09.26, 09:20:53",107120308283,35841676341,1,TestCafe tests,dataGrid (4/4) - fluent,remove_rowdragging_filter_26_2,failure,,https://github.com/DevExpress/DevExtreme/actions/runs/35841676341/job/107120308283
"23.09.26, 09:24:47",107121588602,35841635644,1,TestCafe tests,scheduler / timezones (Europe/Berlin) - fluent,fluent-next/mode-island-icons,cancelled,Run TestCafe tests,https://github.com/DevExpress/DevExtreme/actions/runs/35841635644/job/107121588602
"23.09.26, 09:16:18",107118833337,35841471414,1,TestCafe tests,scheduler / viewOffset (1/2) - fluent,feature/scheduler-dst-grid/main,cancelled,Run TestCafe tests,https://github.com/DevExpress/DevExtreme/actions/runs/35841471414/job/107118833337
"23.09.26, 09:16:18",107118833425,35841471414,1,TestCafe tests,scheduler / common (3/3) - fluent,feature/scheduler-dst-grid/main,cancelled,Run TestCafe tests,https://github.com/DevExpress/DevExtreme/actions/runs/35841471414/job/107118833425
"23.09.26, 09:28:35",107122819414,35841471414,1,TestCafe tests,Send notifications,feature/scheduler-dst-grid/main,cancelled,,https://github.com/DevExpress/DevExtreme/actions/runs/35841471414/job/107122819414
"23.09.26, 09:28:35",107122819610,35841471414,1,TestCafe tests,quarantine,feature/scheduler-dst-grid/main,cancelled,,https://github.com/DevExpress/DevExtreme/actions/runs/35841471414/job/107122819610
"23.09.26, 09:13:14",107117837624,35840970713,1,TestCafe tests,accessibility - fluent,typescript/viz/es6_chart,cancelled,Run TestCafe tests,https://github.com/DevExpress/DevExtreme/actions/runs/35840970713/job/107117837624
"23.09.26, 09:13:14",107117837634,35840970713,1,TestCafe tests,generic,typescript/viz/es6_chart,cancelled,Run TestCafe tests,https://github.com/DevExpress/DevExtreme/actions/runs/35840970713/job/107117837634
"23.09.26, 09:13:14",107117837637,35840970713,1,TestCafe tests,dataGrid (3/4) - fluent,typescript/viz/es6_chart,cancelled,Run TestCafe tests,https://github.com/DevExpress/DevExtreme/actions/runs/35840970713/job/107117837637
"23.09.26, 09:13:14",107117837642,35840970713,1,TestCafe tests,cardView - fluent,typescript/viz/es6_chart,cancelled,Run TestCafe tests,https://github.com/DevExpress/DevExtreme/actions/runs/35840970713/job/107117837642
"23.09.26, 09:13:14",107117837651,35840970713,1,TestCafe tests,common - fluent,typescript/viz/es6_chart,cancelled,Install dependencies,https://github.com/DevExpress/DevExtreme/actions/runs/35840970713/job/107117837651
"23.09.26, 09:13:14",107117837683,35840970713,1,TestCafe tests,navigation - fluent,typescript/viz/es6_chart,cancelled,Run TestCafe tests,https://github.com/DevExpress/DevExtreme/actions/runs/35840970713/job/107117837683
"23.09.26, 09:13:14",107117837691,35840970713,1,TestCafe tests,scheduler / timezones (America/Los_Angeles) - fluent,typescript/viz/es6_chart,cancelled,,https://github.com/DevExpress/DevExtreme/actions/runs/35840970713/job/107117837691
"23.09.26, 09:13:14",107117837713,35840970713,1,TestCafe tests,scheduler / viewOffset (2/2) - fluent,typescript/viz/es6_chart,cancelled,,https://github.com/DevExpress/DevExtreme/actions/runs/35840970713/job/107117837713
"23.09.26, 09:13:14",107117837723,35840970713,1,TestCafe tests,material - compact,typescript/viz/es6_chart,cancelled,,https://github.com/DevExpress/DevExtreme/actions/runs/35840970713/job/107117837723
"23.09.26, 09:13:14",107117837724,35840970713,1,TestCafe tests,scheduler / common (1/3) - fluent,typescript/viz/es6_chart,cancelled,,https://github.com/DevExpress/DevExtreme/actions/runs/35840970713/job/107117837724
"23.09.26, 09:13:14",107117837732,35840970713,1,TestCafe tests,scheduler / timezones (Europe/Berlin) - fluent,typescript/viz/es6_chart,cancelled,,https://github.com/DevExpress/DevExtreme/actions/runs/35840970713/job/107117837732
"23.09.26, 09:13:14",107117837738,35840970713,1,TestCafe tests,dataGrid (4/4) - fluent,typescript/viz/es6_chart,cancelled,,https://github.com/DevExpress/DevExtreme/actions/runs/35840970713/job/107117837738
"23.09.26, 09:13:14",107117837744,35840970713,1,TestCafe tests,scheduler / viewOffset (1/2) - fluent,typescript/viz/es6_chart,cancelled,Install dependencies,https://github.com/DevExpress/DevExtreme/actions/runs/35840970713/job/107117837744
"23.09.26, 09:13:14",107117837778,35840970713,1,TestCafe tests,editors - fluent,typescript/viz/es6_chart,cancelled,,https://github.com/DevExpress/DevExtreme/actions/runs/35840970713/job/107117837778
"23.09.26, 09:13:14",107117837784,35840970713,1,TestCafe tests,scheduler / common (3/3) - fluent,typescript/viz/es6_chart,cancelled,,https://github.com/DevExpress/DevExtreme/actions/runs/35840970713/job/107117837784
"23.09.26, 09:13:14",107117837792,35840970713,1,TestCafe tests,material,typescript/viz/es6_chart,cancelled,,https://github.com/DevExpress/DevExtreme/actions/runs/35840970713/job/107117837792
"23.09.26, 09:13:14",107117837802,35840970713,1,TestCafe tests,scheduler / common (2/3) - fluent,typescript/viz/es6_chart,cancelled,,https://github.com/DevExpress/DevExtreme/actions/runs/35840970713/job/107117837802
"23.09.26, 09:13:14",107117837803,35840970713,1,TestCafe tests,dataGrid (1/4) - fluent,typescript/viz/es6_chart,cancelled,,https://github.com/DevExpress/DevExtreme/actions/runs/35840970713/job/107117837803
"23.09.26, 09:13:14",107117837849,35840970713,1,TestCafe tests,dataGrid (2/4) - fluent,typescript/viz/es6_chart,cancelled,,https://github.com/DevExpress/DevExtreme/actions/runs/35840970713/job/107117837849
"23.09.26, 09:16:02",107118749404,35840970713,1,TestCafe tests,quarantine,typescript/viz/es6_chart,cancelled,,https://github.com/DevExpress/DevExtreme/actions/runs/35840970713/job/107118749404
"23.09.26, 09:16:02",107118750057,35840970713,1,TestCafe tests,Send notifications,typescript/viz/es6_chart,cancelled,,https://github.com/DevExpress/DevExtreme/actions/runs/35840970713/job/107118750057
"23.09.26, 09:06:02",107115534684,35840903651,1,TestCafe tests,Build DevExtreme,typescript/viz/es6_chart,cancelled,,https://github.com/DevExpress/DevExtreme/actions/runs/35840903651/job/107115534684
"23.09.26, 09:06:24",107115655625,35840903651,1,TestCafe tests,${{ matrix.name }}${{ ((!matrix.theme && ' - fluent') || '') }},typescript/viz/es6_chart,cancelled,,https://github.com/DevExpress/DevExtreme/actions/runs/35840903651/job/107115655625
"23.09.26, 09:06:24",107115655987,35840903651,1,TestCafe tests,quarantine,typescript/viz/es6_chart,cancelled,,https://github.com/DevExpress/DevExtreme/actions/runs/35840903651/job/107115655987
"23.09.26, 09:06:24",107115657058,35840903651,1,TestCafe tests,Send notifications,typescript/viz/es6_chart,cancelled,,https://github.com/DevExpress/DevExtreme/actions/runs/35840903651/job/107115657058
"23.09.26, 09:12:29",107117597359,35840898754,1,TestCafe tests,accessibility - fluent,gh-readonly-queue/main/pr-35303-0a514b5cd8b1e7e3e375cbfc514dc4cfc0150c7f,failure,,https://github.com/DevExpress/DevExtreme/actions/runs/35840898754/job/107117597359
"23.09.26, 09:12:29",107117597386,35840898754,1,TestCafe tests,dataGrid (2/4) - fluent,gh-readonly-queue/main/pr-35303-0a514b5cd8b1e7e3e375cbfc514dc4cfc0150c7f,failure,,https://github.com/DevExpress/DevExtreme/actions/runs/35840898754/job/107117597386
"23.09.26, 09:12:29",107117597414,35840898754,1,TestCafe tests,cardView - fluent,gh-readonly-queue/main/pr-35303-0a514b5cd8b1e7e3e375cbfc514dc4cfc0150c7f,failure,,https://github.com/DevExpress/DevExtreme/actions/runs/35840898754/job/107117597414
"23.09.26, 09:12:29",107117597513,35840898754,1,TestCafe tests,scheduler / viewOffset (2/2) - fluent,gh-readonly-queue/main/pr-35303-0a514b5cd8b1e7e3e375cbfc514dc4cfc0150c7f,failure,,https://github.com/DevExpress/DevExtreme/actions/runs/35840898754/job/107117597513
"23.09.26, 09:05:36",107115399579,35840262799,1,TestCafe tests,cardView - fluent-next,fluent-next/mode-island-icons,cancelled,,https://github.com/DevExpress/DevExtreme/actions/runs/35840262799/job/107115399579
"23.09.26, 09:18:14",107119455475,35840262799,1,TestCafe tests,quarantine,fluent-next/mode-island-icons,cancelled,,https://github.com/DevExpress/DevExtreme/actions/runs/35840262799/job/107119455475
"23.09.26, 09:18:14",107119456657,35840262799,1,TestCafe tests,Send notifications,fluent-next/mode-island-icons,cancelled,,https://github.com/DevExpress/DevExtreme/actions/runs/35840262799/job/107119456657
"23.09.26, 08:04:22",107096429187,35834537478,1,TestCafe tests,dataGrid (2/4) - fluent,chore/chrome_153_update_safe,failure,Run TestCafe tests,https://github.com/DevExpress/DevExtreme/actions/runs/35834537478/job/107096429187
"23.09.26, 08:04:22",107096429196,35834537478,1,TestCafe tests,dataGrid (3/4) - fluent,chore/chrome_153_update_safe,failure,Run TestCafe tests,https://github.com/DevExpress/DevExtreme/actions/runs/35834537478/job/107096429196
"23.09.26, 08:04:22",107096429197,35834537478,1,TestCafe tests,common - fluent,chore/chrome_153_update_safe,failure,Run TestCafe tests,https://github.com/DevExpress/DevExtreme/actions/runs/35834537478/job/107096429197
"23.09.26, 08:04:22",107096429222,35834537478,1,TestCafe tests,generic,chore/chrome_153_update_safe,failure,Run TestCafe tests,https://github.com/DevExpress/DevExtreme/actions/runs/35834537478/job/107096429222
"23.09.26, 08:04:22",107096429224,35834537478,1,TestCafe tests,dataGrid (1/4) - fluent,chore/chrome_153_update_safe,failure,Run TestCafe tests,https://github.com/DevExpress/DevExtreme/actions/runs/35834537478/job/107096429224
"23.09.26, 08:04:22",107096429338,35834537478,1,TestCafe tests,dataGrid (4/4) - fluent,chore/chrome_153_update_safe,failure,Run TestCafe tests,https://github.com/DevExpress/DevExtreme/actions/runs/35834537478/job/107096429338
"23.09.26, 08:11:12",107098505635,35834537478,1,TestCafe tests,quarantine,chore/chrome_153_update_safe,failure,Run quarantined tests,https://github.com/DevExpress/DevExtreme/actions/runs/35834537478/job/107098505635
"23.09.26, 07:41:19",107089810047,35832445899,1,TestCafe tests,scheduler / common (3/3) - fluent,typescript/viz/es6_chart_26_1,cancelled,Run TestCafe tests,https://github.com/DevExpress/DevExtreme/actions/runs/35832445899/job/107089810047
"23.09.26, 07:42:14",107090065877,35832429933,1,TestCafe tests,dataGrid (4/4) - fluent,typescript/viz/es6_base_chart_26_1,failure,,https://github.com/DevExpress/DevExtreme/actions/runs/35832429933/job/107090065877
"23.09.26, 05:04:15",107052272463,35820442095,1,TestCafe tests,editors - fluent-next,fluent-next/mode-island-icons,failure,Run TestCafe tests,https://github.com/DevExpress/DevExtreme/actions/runs/35820442095/job/107052272463
"23.09.26, 04:42:52",107047956727,35819004726,1,TestCafe tests,editors - fluent-next,fluent-next/mode-island-icons,failure,Run TestCafe tests,https://github.com/DevExpress/DevExtreme/actions/runs/35819004726/job/107047956727
"23.09.26, 04:32:54",107045941159,35818378522,1,TestCafe tests,common - fluent,fluent-next/mode-island-icons,cancelled,Run TestCafe tests,https://github.com/DevExpress/DevExtreme/actions/runs/35818378522/job/107045941159
"23.09.26, 04:32:54",107045941161,35818378522,1,TestCafe tests,accessibility - fluent,fluent-next/mode-island-icons,cancelled,Run TestCafe tests,https://github.com/DevExpress/DevExtreme/actions/runs/35818378522/job/107045941161
"23.09.26, 04:32:54",107045941187,35818378522,1,TestCafe tests,accessibility - material.light,fluent-next/mode-island-icons,cancelled,Run TestCafe tests,https://github.com/DevExpress/DevExtreme/actions/runs/35818378522/job/107045941187
"23.09.26, 04:32:54",107045941191,35818378522,1,TestCafe tests,accessibility - material.dark,fluent-next/mode-island-icons,cancelled,Run TestCafe tests,https://github.com/DevExpress/DevExtreme/actions/runs/35818378522/job/107045941191
"23.09.26, 04:32:54",107045941213,35818378522,1,TestCafe tests,accessibility - fluent-next.dark,fluent-next/mode-island-icons,cancelled,Run TestCafe tests,https://github.com/DevExpress/DevExtreme/actions/runs/35818378522/job/107045941213
"23.09.26, 04:32:54",107045941225,35818378522,1,TestCafe tests,dataGrid (2/4) - fluent,fluent-next/mode-island-icons,cancelled,Run TestCafe tests,https://github.com/DevExpress/DevExtreme/actions/runs/35818378522/job/107045941225
"23.09.26, 04:32:54",107045941230,35818378522,1,TestCafe tests,cardView - fluent,fluent-next/mode-island-icons,cancelled,Run TestCafe tests,https://github.com/DevExpress/DevExtreme/actions/runs/35818378522/job/107045941230
"23.09.26, 04:32:54",107045941237,35818378522,1,TestCafe tests,material,fluent-next/mode-island-icons,cancelled,,https://github.com/DevExpress/DevExtreme/actions/runs/35818378522/job/107045941237
"23.09.26, 04:32:54",107045941247,35818378522,1,TestCafe tests,generic,fluent-next/mode-island-icons,cancelled,,https://github.com/DevExpress/DevExtreme/actions/runs/35818378522/job/107045941247
"23.09.26, 04:32:54",107045941254,35818378522,1,TestCafe tests,scheduler / common (1/3) - fluent,fluent-next/mode-island-icons,cancelled,Run TestCafe tests,https://github.com/DevExpress/DevExtreme/actions/runs/35818378522/job/107045941254
"23.09.26, 04:32:54",107045941276,35818378522,1,TestCafe tests,dataGrid (3/4) - fluent,fluent-next/mode-island-icons,cancelled,Run TestCafe tests,https://github.com/DevExpress/DevExtreme/actions/runs/35818378522/job/107045941276
"23.09.26, 04:32:54",107045941279,35818378522,1,TestCafe tests,scheduler / viewOffset (2/2) - fluent,fluent-next/mode-island-icons,cancelled,Run TestCafe tests,https://github.com/DevExpress/DevExtreme/actions/runs/35818378522/job/107045941279
"23.09.26, 04:32:54",107045941283,35818378522,1,TestCafe tests,navigation - fluent,fluent-next/mode-island-icons,cancelled,Run TestCafe tests,https://github.com/DevExpress/DevExtreme/actions/runs/35818378522/job/107045941283
"23.09.26, 04:32:54",107045941285,35818378522,1,TestCafe tests,scheduler / viewOffset (1/2) - fluent,fluent-next/mode-island-icons,cancelled,Run TestCafe tests,https://github.com/DevExpress/DevExtreme/actions/runs/35818378522/job/107045941285
"23.09.26, 04:32:54",107045941295,35818378522,1,TestCafe tests,scheduler / common (2/3) - fluent,fluent-next/mode-island-icons,cancelled,Run TestCafe tests,https://github.com/DevExpress/DevExtreme/actions/runs/35818378522/job/107045941295
"23.09.26, 04:32:54",107045941301,35818378522,1,TestCafe tests,accessibility - fluent.dark,fluent-next/mode-island-icons,cancelled,Run TestCafe tests,https://github.com/DevExpress/DevExtreme/actions/runs/35818378522/job/107045941301
"23.09.26, 04:32:54",107045941314,35818378522,1,TestCafe tests,editors - fluent,fluent-next/mode-island-icons,cancelled,Run TestCafe tests,https://github.com/DevExpress/DevExtreme/actions/runs/35818378522/job/107045941314
"23.09.26, 04:32:54",107045941317,35818378522,1,TestCafe tests,dataGrid (2/4) - fluent-next,fluent-next/mode-island-icons,cancelled,Run TestCafe tests,https://github.com/DevExpress/DevExtreme/actions/runs/35818378522/job/107045941317
"23.09.26, 04:32:54",107045941325,35818378522,1,TestCafe tests,dataGrid (1/4) - fluent-next,fluent-next/mode-island-icons,cancelled,Run TestCafe tests,https://github.com/DevExpress/DevExtreme/actions/runs/35818378522/job/107045941325
"23.09.26, 04:32:54",107045941326,35818378522,1,TestCafe tests,dataGrid (4/4) - fluent,fluent-next/mode-island-icons,cancelled,Run TestCafe tests,https://github.com/DevExpress/DevExtreme/actions/runs/35818378522/job/107045941326
"23.09.26, 04:32:54",107045941328,35818378522,1,TestCafe tests,dataGrid (3/4) - fluent-next,fluent-next/mode-island-icons,cancelled,Run TestCafe tests,https://github.com/DevExpress/DevExtreme/actions/runs/35818378522/job/107045941328
"23.09.26, 04:32:54",107045941331,35818378522,1,TestCafe tests,dataGrid (1/4) - fluent,fluent-next/mode-island-icons,cancelled,Run TestCafe tests,https://github.com/DevExpress/DevExtreme/actions/runs/35818378522/job/107045941331
"23.09.26, 04:32:54",107045941345,35818378522,1,TestCafe tests,accessibility - fluent-next,fluent-next/mode-island-icons,cancelled,Run TestCafe tests,https://github.com/DevExpress/DevExtreme/actions/runs/35818378522/job/107045941345
"23.09.26, 04:32:54",107045941346,35818378522,1,TestCafe tests,scheduler / common (3/3) - fluent-next,fluent-next/mode-island-icons,cancelled,Run TestCafe tests,https://github.com/DevExpress/DevExtreme/actions/runs/35818378522/job/107045941346
"23.09.26, 04:32:54",107045941352,35818378522,1,TestCafe tests,editors - fluent-next,fluent-next/mode-island-icons,cancelled,Run TestCafe tests,https://github.com/DevExpress/DevExtreme/actions/runs/35818378522/job/107045941352
"23.09.26, 04:32:54",107045941354,35818378522,1,TestCafe tests,scheduler / common (3/3) - fluent,fluent-next/mode-island-icons,cancelled,Run TestCafe tests,https://github.com/DevExpress/DevExtreme/actions/runs/35818378522/job/107045941354
"23.09.26, 04:32:54",107045941358,35818378522,1,TestCafe tests,cardView - fluent-next,fluent-next/mode-island-icons,cancelled,Run TestCafe tests,https://github.com/DevExpress/DevExtreme/actions/runs/35818378522/job/107045941358
"23.09.26, 04:32:54",107045941371,35818378522,1,TestCafe tests,common - fluent-next,fluent-next/mode-island-icons,cancelled,Run TestCafe tests,https://github.com/DevExpress/DevExtreme/actions/runs/35818378522/job/107045941371
"23.09.26, 04:32:54",107045941372,35818378522,1,TestCafe tests,dataGrid (4/4) - fluent-next,fluent-next/mode-island-icons,cancelled,Run TestCafe tests,https://github.com/DevExpress/DevExtreme/actions/runs/35818378522/job/107045941372
"23.09.26, 04:32:54",107045941375,35818378522,1,TestCafe tests,navigation - fluent-next,fluent-next/mode-island-icons,cancelled,Run TestCafe tests,https://github.com/DevExpress/DevExtreme/actions/runs/35818378522/job/107045941375
"23.09.26, 04:32:54",107045941401,35818378522,1,TestCafe tests,scheduler / common (1/3) - fluent-next,fluent-next/mode-island-icons,cancelled,Run TestCafe tests,https://github.com/DevExpress/DevExtreme/actions/runs/35818378522/job/107045941401
"23.09.26, 04:32:54",107045941404,35818378522,1,TestCafe tests,scheduler / viewOffset (2/2) - fluent-next,fluent-next/mode-island-icons,cancelled,Run TestCafe tests,https://github.com/DevExpress/DevExtreme/actions/runs/35818378522/job/107045941404
"23.09.26, 04:32:54",107045941427,35818378522,1,TestCafe tests,scheduler / viewOffset (1/2) - fluent-next,fluent-next/mode-island-icons,cancelled,Run TestCafe tests,https://github.com/DevExpress/DevExtreme/actions/runs/35818378522/job/107045941427
"23.09.26, 04:32:54",107045941440,35818378522,1,TestCafe tests,scheduler / common (2/3) - fluent-next,fluent-next/mode-island-icons,cancelled,Run TestCafe tests,https://github.com/DevExpress/DevExtreme/actions/runs/35818378522/job/107045941440
"23.09.26, 04:37:14",107046815645,35818378522,1,TestCafe tests,quarantine,fluent-next/mode-island-icons,cancelled,,https://github.com/DevExpress/DevExtreme/actions/runs/35818378522/job/107046815645
"23.09.26, 04:37:14",107046816320,35818378522,1,TestCafe tests,Send notifications,fluent-next/mode-island-icons,cancelled,,https://github.com/DevExpress/DevExtreme/actions/runs/35818378522/job/107046816320
"23.09.26, 04:23:23",107043998865,35818103327,1,TestCafe tests,Build DevExtreme,fluent-next/mode-island-icons,cancelled,Build,https://github.com/DevExpress/DevExtreme/actions/runs/35818103327/job/107043998865
"23.09.26, 04:27:28",107044829891,35818103327,1,TestCafe tests,${{ matrix.name }}${{ ((!matrix.theme && ' - fluent') || '') }},fluent-next/mode-island-icons,cancelled,,https://github.com/DevExpress/DevExtreme/actions/runs/35818103327/job/107044829891
"23.09.26, 04:27:28",107044829945,35818103327,1,TestCafe tests,quarantine,fluent-next/mode-island-icons,cancelled,,https://github.com/DevExpress/DevExtreme/actions/runs/35818103327/job/107044829945
"23.09.26, 04:27:29",107044830788,35818103327,1,TestCafe tests,Send notifications,fluent-next/mode-island-icons,cancelled,,https://github.com/DevExpress/DevExtreme/actions/runs/35818103327/job/107044830788
"23.09.26, 13:06:22",107193535757,35864793631,1,Themebuilder and Styles tests,test,lavrov/stop-wrappers-generation,cancelled,Install dependencies,https://github.com/DevExpress/DevExtreme/actions/runs/35864793631/job/107193535757
"23.09.26, 13:08:47",107194439824,35864793631,1,Themebuilder and Styles tests,Send notifications,lavrov/stop-wrappers-generation,cancelled,,https://github.com/DevExpress/DevExtreme/actions/runs/35864793631/job/107194439824
"23.09.26, 11:39:46",107163957465,35855776692,1,Themebuilder and Styles tests,test,lavrov/stop-wrappers-generation,cancelled,Install dependencies,https://github.com/DevExpress/DevExtreme/actions/runs/35855776692/job/107163957465
"23.09.26, 11:41:03",107164358414,35855776692,1,Themebuilder and Styles tests,Send notifications,lavrov/stop-wrappers-generation,cancelled,,https://github.com/DevExpress/DevExtreme/actions/runs/35855776692/job/107164358414
"23.09.26, 11:38:29",107163557919,35855709728,1,Themebuilder and Styles tests,test,lavrov/stop-wrappers-generation,cancelled,Install dependencies,https://github.com/DevExpress/DevExtreme/actions/runs/35855709728/job/107163557919
"23.09.26, 11:39:46",107163955978,35855709728,1,Themebuilder and Styles tests,Send notifications,lavrov/stop-wrappers-generation,cancelled,,https://github.com/DevExpress/DevExtreme/actions/runs/35855709728/job/107163955978
"23.09.26, 09:05:43",107115437436,35840903493,1,Themebuilder and Styles tests,test,typescript/viz/es6_chart,cancelled,,https://github.com/DevExpress/DevExtreme/actions/runs/35840903493/job/107115437436
"23.09.26, 09:06:24",107115654423,35840903493,1,Themebuilder and Styles tests,Send notifications,typescript/viz/es6_chart,cancelled,,https://github.com/DevExpress/DevExtreme/actions/runs/35840903493/job/107115654423
"23.09.26, 04:22:58",107043913569,35818103266,1,Themebuilder and Styles tests,test,fluent-next/mode-island-icons,cancelled,"Run themebuilder tests (full set, node)",https://github.com/DevExpress/DevExtreme/actions/runs/35818103266/job/107043913569
"23.09.26, 04:27:22",107044809351,35818103266,1,Themebuilder and Styles tests,Send notifications,fluent-next/mode-island-icons,cancelled,,https://github.com/DevExpress/DevExtreme/actions/runs/35818103266/job/107044809351
"23.09.26, 13:06:22",107193535210,35864793599,1,TS Declarations,validate-declarations,lavrov/stop-wrappers-generation,cancelled,,https://github.com/DevExpress/DevExtreme/actions/runs/35864793599/job/107193535210
"23.09.26, 13:06:22",107193535645,35864793599,1,TS Declarations,check-ts-bundle,lavrov/stop-wrappers-generation,cancelled,Install dependencies,https://github.com/DevExpress/DevExtreme/actions/runs/35864793599/job/107193535645
"23.09.26, 13:08:48",107194445234,35864793599,1,TS Declarations,Send notifications,lavrov/stop-wrappers-generation,cancelled,,https://github.com/DevExpress/DevExtreme/actions/runs/35864793599/job/107194445234
"23.09.26, 11:39:47",107163961218,35855776807,1,TS Declarations,validate-declarations,lavrov/stop-wrappers-generation,cancelled,Install dependencies,https://github.com/DevExpress/DevExtreme/actions/runs/35855776807/job/107163961218
"23.09.26, 11:39:47",107163961487,35855776807,1,TS Declarations,check-ts-bundle,lavrov/stop-wrappers-generation,cancelled,Install dependencies,https://github.com/DevExpress/DevExtreme/actions/runs/35855776807/job/107163961487
"23.09.26, 11:41:54",107164622725,35855776807,1,TS Declarations,Send notifications,lavrov/stop-wrappers-generation,cancelled,,https://github.com/DevExpress/DevExtreme/actions/runs/35855776807/job/107164622725
"23.09.26, 11:38:28",107163555738,35855709730,1,TS Declarations,check-ts-bundle,lavrov/stop-wrappers-generation,cancelled,Install dependencies,https://github.com/DevExpress/DevExtreme/actions/runs/35855709730/job/107163555738
"23.09.26, 11:38:28",107163555950,35855709730,1,TS Declarations,validate-declarations,lavrov/stop-wrappers-generation,cancelled,Install dependencies,https://github.com/DevExpress/DevExtreme/actions/runs/35855709730/job/107163555950
"23.09.26, 11:39:47",107163959983,35855709730,1,TS Declarations,Send notifications,lavrov/stop-wrappers-generation,cancelled,,https://github.com/DevExpress/DevExtreme/actions/runs/35855709730/job/107163959983
"23.09.26, 09:05:43",107115438369,35840903607,1,TS Declarations,validate-declarations,typescript/viz/es6_chart,cancelled,,https://github.com/DevExpress/DevExtreme/actions/runs/35840903607/job/107115438369
"23.09.26, 09:05:43",107115438591,35840903607,1,TS Declarations,check-ts-bundle,typescript/viz/es6_chart,cancelled,,https://github.com/DevExpress/DevExtreme/actions/runs/35840903607/job/107115438591
"23.09.26, 09:06:24",107115655248,35840903607,1,TS Declarations,Send notifications,typescript/viz/es6_chart,cancelled,,https://github.com/DevExpress/DevExtreme/actions/runs/35840903607/job/107115655248
"23.09.26, 17:43:52",107305326170,35896236555,1,Demos Visual Tests,angular(4/10)-screenshots-fluent.blue.light,playwright-components-infra,failure,,https://github.com/DevExpress/DevExtreme/actions/runs/35896236555/job/107305326170
"23.09.26, 17:43:52",107305326312,35896236555,1,Demos Visual Tests,angular(6/10)-screenshots-fluent.blue.light,playwright-components-infra,failure,,https://github.com/DevExpress/DevExtreme/actions/runs/35896236555/job/107305326312
"23.09.26, 17:43:52",107305326338,35896236555,1,Demos Visual Tests,vue(5/5)-screenshots-fluent.blue.light,playwright-components-infra,failure,,https://github.com/DevExpress/DevExtreme/actions/runs/35896236555/job/107305326338
"23.09.26, 17:18:17",107295513760,35893882318,1,Demos Visual Tests,CSP check (jQuery),T1329677,cancelled,,https://github.com/DevExpress/DevExtreme/actions/runs/35893882318/job/107295513760
"23.09.26, 17:29:45",107299910358,35893882318,1,Demos Visual Tests,CSP Violations Summary,T1329677,cancelled,,https://github.com/DevExpress/DevExtreme/actions/runs/35893882318/job/107299910358
"23.09.26, 16:17:13",107271929538,35886100110,1,Demos Visual Tests,angular(10/10)-screenshots-fluent-next.blue.light,feature/viz-tokens,failure,,https://github.com/DevExpress/DevExtreme/actions/runs/35886100110/job/107271929538
"23.09.26, 16:16:58",107271830819,35886060894,1,Demos Visual Tests,vue(4/5)-screenshots-fluent.blue.light,feature/scheduler-dst-grid/main,failure,,https://github.com/DevExpress/DevExtreme/actions/runs/35886060894/job/107271830819
"23.09.26, 15:28:50",107252034941,35880048719,1,Demos Visual Tests,angular(10/10)-screenshots-fluent.blue.light,gh-readonly-queue/main/pr-35323-8c766d56075d059278e248ab3af29b48a53d1c86,failure,Run TestCafe tests,https://github.com/DevExpress/DevExtreme/actions/runs/35880048719/job/107252034941
"23.09.26, 13:51:02",107211130535,35868557498,1,Demos Visual Tests,vue(3/5)-screenshots-fluent.blue.light,feature/scheduler-dst-grid/main,failure,Run TestCafe tests,https://github.com/DevExpress/DevExtreme/actions/runs/35868557498/job/107211130535
"23.09.26, 13:26:12",107201185625,35866012572,1,Demos Visual Tests,jquery(2/3)-screenshots-material.blue.light,remove_rowTemplate_26_2,failure,Run TestCafe tests (jQuery),https://github.com/DevExpress/DevExtreme/actions/runs/35866012572/job/107201185625
"23.09.26, 13:07:25",107193924658,35864793823,1,Demos Visual Tests,Build DevExtreme,lavrov/stop-wrappers-generation,cancelled,Install dependencies,https://github.com/DevExpress/DevExtreme/actions/runs/35864793823/job/107193924658
"23.09.26, 13:08:46",107194435293,35864793823,1,Demos Visual Tests,Check TS and lint code base,lavrov/stop-wrappers-generation,cancelled,,https://github.com/DevExpress/DevExtreme/actions/runs/35864793823/job/107194435293
"23.09.26, 13:08:46",107194435960,35864793823,1,Demos Visual Tests,CSP check (jQuery),lavrov/stop-wrappers-generation,cancelled,,https://github.com/DevExpress/DevExtreme/actions/runs/35864793823/job/107194435960
"23.09.26, 13:08:46",107194435970,35864793823,1,Demos Visual Tests,${{ matrix.CONSTEL }}-${{ matrix.STRATEGY }}-${{ matrix.THEME }},lavrov/stop-wrappers-generation,cancelled,,https://github.com/DevExpress/DevExtreme/actions/runs/35864793823/job/107194435970
"23.09.26, 13:08:46",107194436023,35864793823,1,Demos Visual Tests,"matrix.SHARD_TOTAL == 1 && format('CSP check ({0})', matrix.FRAMEWORK) || format('CSP check ({0} {1}/{2})', matrix.FRAMEWORK, matrix.SHARD_INDEX, matrix.SHARD_TOTAL)",lavrov/stop-wrappers-generation,cancelled,,https://github.com/DevExpress/DevExtreme/actions/runs/35864793823/job/107194436023
"23.09.26, 13:08:46",107194436209,35864793823,1,Demos Visual Tests,Check generated demos,lavrov/stop-wrappers-generation,cancelled,,https://github.com/DevExpress/DevExtreme/actions/runs/35864793823/job/107194436209
"23.09.26, 13:08:46",107194436612,35864793823,1,Demos Visual Tests,"matrix.SHARD_TOTAL == 1 && format('Build demos ({0})', matrix.FRAMEWORK) || format('Build demos ({0} {1}/{2})', matrix.FRAMEWORK, matrix.SHARD_INDEX, matrix.SHARD_TOTAL)",lavrov/stop-wrappers-generation,cancelled,,https://github.com/DevExpress/DevExtreme/actions/runs/35864793823/job/107194436612
"23.09.26, 13:08:46",107194436674,35864793823,1,Demos Visual Tests,"Build vendor bundles (React, Vue)",lavrov/stop-wrappers-generation,cancelled,,https://github.com/DevExpress/DevExtreme/actions/runs/35864793823/job/107194436674
"23.09.26, 13:08:46",107194437631,35864793823,1,Demos Visual Tests,CSP Violations Summary,lavrov/stop-wrappers-generation,cancelled,,https://github.com/DevExpress/DevExtreme/actions/runs/35864793823/job/107194437631
"23.09.26, 13:08:46",107194437667,35864793823,1,Demos Visual Tests,merge-artifacts,lavrov/stop-wrappers-generation,cancelled,,https://github.com/DevExpress/DevExtreme/actions/runs/35864793823/job/107194437667
"23.09.26, 13:08:47",107194437872,35864793823,1,Demos Visual Tests,${{ matrix.CONSTEL }}-screenshots-${{ matrix.THEME }},lavrov/stop-wrappers-generation,cancelled,,https://github.com/DevExpress/DevExtreme/actions/runs/35864793823/job/107194437872
"23.09.26, 13:02:47",107192176877,35863811157,1,Demos Visual Tests,Check generated demos,lavrov/stop-wrappers-generation,cancelled,Check generated JS demos,https://github.com/DevExpress/DevExtreme/actions/runs/35863811157/job/107192176877
"23.09.26, 13:02:47",107192176910,35863811157,1,Demos Visual Tests,Check TS and lint code base,lavrov/stop-wrappers-generation,cancelled,Run lint on all demos,https://github.com/DevExpress/DevExtreme/actions/runs/35863811157/job/107192176910
"23.09.26, 13:02:47",107192176986,35863811157,1,Demos Visual Tests,CSP check (Angular 2/3),lavrov/stop-wrappers-generation,cancelled,Run CSP Check,https://github.com/DevExpress/DevExtreme/actions/runs/35863811157/job/107192176986
"23.09.26, 13:02:47",107192176999,35863811157,1,Demos Visual Tests,CSP check (React 2/2),lavrov/stop-wrappers-generation,cancelled,Run CSP Check,https://github.com/DevExpress/DevExtreme/actions/runs/35863811157/job/107192176999
"23.09.26, 13:02:47",107192177025,35863811157,1,Demos Visual Tests,CSP check (React 1/2),lavrov/stop-wrappers-generation,cancelled,Run CSP Check,https://github.com/DevExpress/DevExtreme/actions/runs/35863811157/job/107192177025
"23.09.26, 13:02:47",107192177045,35863811157,1,Demos Visual Tests,CSP check (Angular 3/3),lavrov/stop-wrappers-generation,cancelled,Run CSP Check,https://github.com/DevExpress/DevExtreme/actions/runs/35863811157/job/107192177045
"23.09.26, 13:02:47",107192177052,35863811157,1,Demos Visual Tests,CSP check (Vue 1/2),lavrov/stop-wrappers-generation,cancelled,Run CSP Check,https://github.com/DevExpress/DevExtreme/actions/runs/35863811157/job/107192177052
"23.09.26, 13:02:47",107192177059,35863811157,1,Demos Visual Tests,CSP check (Angular 1/3),lavrov/stop-wrappers-generation,cancelled,Run CSP Check,https://github.com/DevExpress/DevExtreme/actions/runs/35863811157/job/107192177059
"23.09.26, 13:02:47",107192177120,35863811157,1,Demos Visual Tests,jquery(3/3)-screenshots-fluent.blue.light,lavrov/stop-wrappers-generation,cancelled,Run TestCafe tests (jQuery),https://github.com/DevExpress/DevExtreme/actions/runs/35863811157/job/107192177120
"23.09.26, 13:02:47",107192177143,35863811157,1,Demos Visual Tests,jquery-accessibility-material.blue.light,lavrov/stop-wrappers-generation,cancelled,Run TestCafe tests (jQuery),https://github.com/DevExpress/DevExtreme/actions/runs/35863811157/job/107192177143
"23.09.26, 13:02:47",107192177178,35863811157,1,Demos Visual Tests,jquery(2/3)-screenshots-fluent.blue.light,lavrov/stop-wrappers-generation,cancelled,Run TestCafe tests (jQuery),https://github.com/DevExpress/DevExtreme/actions/runs/35863811157/job/107192177178
"23.09.26, 13:02:47",107192177179,35863811157,1,Demos Visual Tests,jquery-accessibility-fluent.blue.dark,lavrov/stop-wrappers-generation,cancelled,Run TestCafe tests (jQuery),https://github.com/DevExpress/DevExtreme/actions/runs/35863811157/job/107192177179
"23.09.26, 13:02:47",107192177228,35863811157,1,Demos Visual Tests,jquery(1/3)-screenshots-material.blue.light,lavrov/stop-wrappers-generation,cancelled,Run TestCafe tests (jQuery),https://github.com/DevExpress/DevExtreme/actions/runs/35863811157/job/107192177228
"23.09.26, 13:02:47",107192177248,35863811157,1,Demos Visual Tests,CSP check (jQuery),lavrov/stop-wrappers-generation,cancelled,Run CSP Check,https://github.com/DevExpress/DevExtreme/actions/runs/35863811157/job/107192177248
"23.09.26, 13:02:47",107192177254,35863811157,1,Demos Visual Tests,CSP check (Vue 2/2),lavrov/stop-wrappers-generation,cancelled,Run CSP Check,https://github.com/DevExpress/DevExtreme/actions/runs/35863811157/job/107192177254
"23.09.26, 13:02:47",107192177260,35863811157,1,Demos Visual Tests,jquery-accessibility-fluent.blue.light,lavrov/stop-wrappers-generation,cancelled,Run TestCafe tests (jQuery),https://github.com/DevExpress/DevExtreme/actions/runs/35863811157/job/107192177260
"23.09.26, 13:02:47",107192177274,35863811157,1,Demos Visual Tests,jquery(2/3)-screenshots-material.blue.light,lavrov/stop-wrappers-generation,cancelled,Run TestCafe tests (jQuery),https://github.com/DevExpress/DevExtreme/actions/runs/35863811157/job/107192177274
"23.09.26, 13:02:47",107192177332,35863811157,1,Demos Visual Tests,jquery(1/3)-screenshots-fluent.blue.light,lavrov/stop-wrappers-generation,cancelled,Run TestCafe tests (jQuery),https://github.com/DevExpress/DevExtreme/actions/runs/35863811157/job/107192177332
"23.09.26, 13:02:47",107192177358,35863811157,1,Demos Visual Tests,jquery-accessibility-material.blue.dark,lavrov/stop-wrappers-generation,cancelled,Run TestCafe tests (jQuery),https://github.com/DevExpress/DevExtreme/actions/runs/35863811157/job/107192177358
"23.09.26, 13:02:47",107192177690,35863811157,1,Demos Visual Tests,jquery(3/3)-screenshots-material.blue.light,lavrov/stop-wrappers-generation,cancelled,Run TestCafe tests (jQuery),https://github.com/DevExpress/DevExtreme/actions/runs/35863811157/job/107192177690
"23.09.26, 13:05:57",107193382026,35863811157,1,Demos Visual Tests,vue(3/5)-screenshots-fluent.blue.light,lavrov/stop-wrappers-generation,cancelled,Install dependencies,https://github.com/DevExpress/DevExtreme/actions/runs/35863811157/job/107193382026
"23.09.26, 13:05:57",107193382045,35863811157,1,Demos Visual Tests,vue(5/5)-screenshots-fluent.blue.light,lavrov/stop-wrappers-generation,cancelled,Install dependencies,https://github.com/DevExpress/DevExtreme/actions/runs/35863811157/job/107193382045
"23.09.26, 13:05:57",107193382046,35863811157,1,Demos Visual Tests,angular(1/10)-screenshots-fluent.blue.light,lavrov/stop-wrappers-generation,cancelled,Install dependencies,https://github.com/DevExpress/DevExtreme/actions/runs/35863811157/job/107193382046
"23.09.26, 13:05:57",107193382059,35863811157,1,Demos Visual Tests,vue(4/5)-screenshots-fluent.blue.light,lavrov/stop-wrappers-generation,cancelled,Install dependencies,https://github.com/DevExpress/DevExtreme/actions/runs/35863811157/job/107193382059
"23.09.26, 13:05:57",107193382069,35863811157,1,Demos Visual Tests,angular(2/10)-screenshots-fluent.blue.light,lavrov/stop-wrappers-generation,cancelled,Install dependencies,https://github.com/DevExpress/DevExtreme/actions/runs/35863811157/job/107193382069
"23.09.26, 13:05:57",107193382077,35863811157,1,Demos Visual Tests,react(1/3)-screenshots-fluent.blue.light,lavrov/stop-wrappers-generation,cancelled,Install dependencies,https://github.com/DevExpress/DevExtreme/actions/runs/35863811157/job/107193382077
"23.09.26, 13:05:57",107193382078,35863811157,1,Demos Visual Tests,angular(8/10)-screenshots-fluent.blue.light,lavrov/stop-wrappers-generation,cancelled,Install dependencies,https://github.com/DevExpress/DevExtreme/actions/runs/35863811157/job/107193382078
"23.09.26, 13:05:57",107193382092,35863811157,1,Demos Visual Tests,angular(5/10)-screenshots-fluent.blue.light,lavrov/stop-wrappers-generation,cancelled,Install dependencies,https://github.com/DevExpress/DevExtreme/actions/runs/35863811157/job/107193382092
"23.09.26, 13:05:57",107193382108,35863811157,1,Demos Visual Tests,vue(2/5)-screenshots-fluent.blue.light,lavrov/stop-wrappers-generation,cancelled,Install dependencies,https://github.com/DevExpress/DevExtreme/actions/runs/35863811157/job/107193382108
"23.09.26, 13:05:57",107193382132,35863811157,1,Demos Visual Tests,vue(1/5)-screenshots-fluent.blue.light,lavrov/stop-wrappers-generation,cancelled,Install dependencies,https://github.com/DevExpress/DevExtreme/actions/runs/35863811157/job/107193382132
"23.09.26, 13:05:57",107193382155,35863811157,1,Demos Visual Tests,react(3/3)-screenshots-fluent.blue.light,lavrov/stop-wrappers-generation,cancelled,Install dependencies,https://github.com/DevExpress/DevExtreme/actions/runs/35863811157/job/107193382155
"23.09.26, 13:05:57",107193382158,35863811157,1,Demos Visual Tests,angular(6/10)-screenshots-fluent.blue.light,lavrov/stop-wrappers-generation,cancelled,Install dependencies,https://github.com/DevExpress/DevExtreme/actions/runs/35863811157/job/107193382158
"23.09.26, 13:05:58",107193382232,35863811157,1,Demos Visual Tests,angular(3/10)-screenshots-fluent.blue.light,lavrov/stop-wrappers-generation,cancelled,Install dependencies,https://github.com/DevExpress/DevExtreme/actions/runs/35863811157/job/107193382232
"23.09.26, 13:05:58",107193382250,35863811157,1,Demos Visual Tests,angular(9/10)-screenshots-fluent.blue.light,lavrov/stop-wrappers-generation,cancelled,Install dependencies,https://github.com/DevExpress/DevExtreme/actions/runs/35863811157/job/107193382250
"23.09.26, 13:05:58",107193382253,35863811157,1,Demos Visual Tests,angular(10/10)-screenshots-fluent.blue.light,lavrov/stop-wrappers-generation,cancelled,Install dependencies,https://github.com/DevExpress/DevExtreme/actions/runs/35863811157/job/107193382253
"23.09.26, 13:05:58",107193382342,35863811157,1,Demos Visual Tests,angular(7/10)-screenshots-fluent.blue.light,lavrov/stop-wrappers-generation,cancelled,Install dependencies,https://github.com/DevExpress/DevExtreme/actions/runs/35863811157/job/107193382342
"23.09.26, 13:05:58",107193382458,35863811157,1,Demos Visual Tests,react(2/3)-screenshots-fluent.blue.light,lavrov/stop-wrappers-generation,cancelled,Install dependencies,https://github.com/DevExpress/DevExtreme/actions/runs/35863811157/job/107193382458
"23.09.26, 13:05:58",107193382467,35863811157,1,Demos Visual Tests,angular(4/10)-screenshots-fluent.blue.light,lavrov/stop-wrappers-generation,cancelled,Install dependencies,https://github.com/DevExpress/DevExtreme/actions/runs/35863811157/job/107193382467
"23.09.26, 13:07:14",107193861788,35863811157,1,Demos Visual Tests,CSP Violations Summary,lavrov/stop-wrappers-generation,cancelled,,https://github.com/DevExpress/DevExtreme/actions/runs/35863811157/job/107193861788
"23.09.26, 13:07:15",107193866807,35863811157,1,Demos Visual Tests,merge-artifacts,lavrov/stop-wrappers-generation,cancelled,,https://github.com/DevExpress/DevExtreme/actions/runs/35863811157/job/107193866807
"23.09.26, 12:49:36",107187409989,35862937825,1,Demos Visual Tests,Build DevExtreme,lavrov/stop-wrappers-generation,cancelled,Post Setup pnpm cache,https://github.com/DevExpress/DevExtreme/actions/runs/35862937825/job/107187409989
"23.09.26, 12:58:21",107190543469,35862937825,1,Demos Visual Tests,CSP check (jQuery),lavrov/stop-wrappers-generation,cancelled,,https://github.com/DevExpress/DevExtreme/actions/runs/35862937825/job/107190543469
"23.09.26, 12:58:21",107190543515,35862937825,1,Demos Visual Tests,"Build vendor bundles (React, Vue)",lavrov/stop-wrappers-generation,cancelled,,https://github.com/DevExpress/DevExtreme/actions/runs/35862937825/job/107190543515
"23.09.26, 12:58:21",107190543837,35862937825,1,Demos Visual Tests,${{ matrix.CONSTEL }}-${{ matrix.STRATEGY }}-${{ matrix.THEME }},lavrov/stop-wrappers-generation,cancelled,,https://github.com/DevExpress/DevExtreme/actions/runs/35862937825/job/107190543837
"23.09.26, 12:58:21",107190544028,35862937825,1,Demos Visual Tests,Check TS and lint code base,lavrov/stop-wrappers-generation,cancelled,,https://github.com/DevExpress/DevExtreme/actions/runs/35862937825/job/107190544028
"23.09.26, 12:58:21",107190544127,35862937825,1,Demos Visual Tests,"matrix.SHARD_TOTAL == 1 && format('CSP check ({0})', matrix.FRAMEWORK) || format('CSP check ({0} {1}/{2})', matrix.FRAMEWORK, matrix.SHARD_INDEX, matrix.SHARD_TOTAL)",lavrov/stop-wrappers-generation,cancelled,,https://github.com/DevExpress/DevExtreme/actions/runs/35862937825/job/107190544127
"23.09.26, 12:58:21",107190544132,35862937825,1,Demos Visual Tests,"matrix.SHARD_TOTAL == 1 && format('Build demos ({0})', matrix.FRAMEWORK) || format('Build demos ({0} {1}/{2})', matrix.FRAMEWORK, matrix.SHARD_INDEX, matrix.SHARD_TOTAL)",lavrov/stop-wrappers-generation,cancelled,,https://github.com/DevExpress/DevExtreme/actions/runs/35862937825/job/107190544132
"23.09.26, 12:58:21",107190544440,35862937825,1,Demos Visual Tests,Check generated demos,lavrov/stop-wrappers-generation,cancelled,,https://github.com/DevExpress/DevExtreme/actions/runs/35862937825/job/107190544440
"23.09.26, 12:58:21",107190544849,35862937825,1,Demos Visual Tests,CSP Violations Summary,lavrov/stop-wrappers-generation,cancelled,,https://github.com/DevExpress/DevExtreme/actions/runs/35862937825/job/107190544849
"23.09.26, 12:58:21",107190545170,35862937825,1,Demos Visual Tests,${{ matrix.CONSTEL }}-screenshots-${{ matrix.THEME }},lavrov/stop-wrappers-generation,cancelled,,https://github.com/DevExpress/DevExtreme/actions/runs/35862937825/job/107190545170
"23.09.26, 12:58:21",107190546074,35862937825,1,Demos Visual Tests,merge-artifacts,lavrov/stop-wrappers-generation,cancelled,,https://github.com/DevExpress/DevExtreme/actions/runs/35862937825/job/107190546074
"23.09.26, 11:50:24",107167302318,35855929308,1,Demos Visual Tests,CSP check (jQuery),lavrov/stop-wrappers-generation,cancelled,Run CSP Check,https://github.com/DevExpress/DevExtreme/actions/runs/35855929308/job/107167302318
"23.09.26, 11:50:24",107167302378,35855929308,1,Demos Visual Tests,Check TS and lint code base,lavrov/stop-wrappers-generation,cancelled,Run lint on all demos,https://github.com/DevExpress/DevExtreme/actions/runs/35855929308/job/107167302378
"23.09.26, 11:50:24",107167302382,35855929308,1,Demos Visual Tests,CSP check (React 2/2),lavrov/stop-wrappers-generation,cancelled,Run CSP Check,https://github.com/DevExpress/DevExtreme/actions/runs/35855929308/job/107167302382
"23.09.26, 11:50:24",107167302387,35855929308,1,Demos Visual Tests,CSP check (Angular 1/3),lavrov/stop-wrappers-generation,cancelled,Run CSP Check,https://github.com/DevExpress/DevExtreme/actions/runs/35855929308/job/107167302387
"23.09.26, 11:50:24",107167302391,35855929308,1,Demos Visual Tests,CSP check (Angular 2/3),lavrov/stop-wrappers-generation,cancelled,Run CSP Check,https://github.com/DevExpress/DevExtreme/actions/runs/35855929308/job/107167302391
"23.09.26, 11:50:24",107167302394,35855929308,1,Demos Visual Tests,CSP check (Vue 1/2),lavrov/stop-wrappers-generation,cancelled,Run CSP Check,https://github.com/DevExpress/DevExtreme/actions/runs/35855929308/job/107167302394
"23.09.26, 11:50:24",107167302412,35855929308,1,Demos Visual Tests,CSP check (Vue 2/2),lavrov/stop-wrappers-generation,cancelled,Run CSP Check,https://github.com/DevExpress/DevExtreme/actions/runs/35855929308/job/107167302412
"23.09.26, 11:50:24",107167302490,35855929308,1,Demos Visual Tests,Check generated demos,lavrov/stop-wrappers-generation,cancelled,Check generated JS demos,https://github.com/DevExpress/DevExtreme/actions/runs/35855929308/job/107167302490
"23.09.26, 11:50:24",107167302556,35855929308,1,Demos Visual Tests,CSP check (Angular 3/3),lavrov/stop-wrappers-generation,cancelled,Run CSP Check,https://github.com/DevExpress/DevExtreme/actions/runs/35855929308/job/107167302556
"23.09.26, 11:50:24",107167302586,35855929308,1,Demos Visual Tests,CSP check (React 1/2),lavrov/stop-wrappers-generation,cancelled,Run CSP Check,https://github.com/DevExpress/DevExtreme/actions/runs/35855929308/job/107167302586
"23.09.26, 11:50:24",107167302772,35855929308,1,Demos Visual Tests,jquery(2/3)-screenshots-material.blue.light,lavrov/stop-wrappers-generation,cancelled,Run TestCafe tests (jQuery),https://github.com/DevExpress/DevExtreme/actions/runs/35855929308/job/107167302772
"23.09.26, 11:50:24",107167302797,35855929308,1,Demos Visual Tests,jquery-accessibility-material.blue.light,lavrov/stop-wrappers-generation,cancelled,Run TestCafe tests (jQuery),https://github.com/DevExpress/DevExtreme/actions/runs/35855929308/job/107167302797
"23.09.26, 11:50:24",107167302816,35855929308,1,Demos Visual Tests,jquery(2/3)-screenshots-fluent.blue.light,lavrov/stop-wrappers-generation,cancelled,Run TestCafe tests (jQuery),https://github.com/DevExpress/DevExtreme/actions/runs/35855929308/job/107167302816
"23.09.26, 11:50:24",107167302817,35855929308,1,Demos Visual Tests,jquery-accessibility-fluent.blue.light,lavrov/stop-wrappers-generation,cancelled,Run TestCafe tests (jQuery),https://github.com/DevExpress/DevExtreme/actions/runs/35855929308/job/107167302817
"23.09.26, 11:50:24",107167302885,35855929308,1,Demos Visual Tests,jquery-accessibility-material.blue.dark,lavrov/stop-wrappers-generation,cancelled,Run TestCafe tests (jQuery),https://github.com/DevExpress/DevExtreme/actions/runs/35855929308/job/107167302885
"23.09.26, 11:50:24",107167302889,35855929308,1,Demos Visual Tests,jquery(3/3)-screenshots-fluent.blue.light,lavrov/stop-wrappers-generation,cancelled,Run TestCafe tests (jQuery),https://github.com/DevExpress/DevExtreme/actions/runs/35855929308/job/107167302889
"23.09.26, 11:50:24",107167302919,35855929308,1,Demos Visual Tests,jquery(1/3)-screenshots-material.blue.light,lavrov/stop-wrappers-generation,cancelled,Run TestCafe tests (jQuery),https://github.com/DevExpress/DevExtreme/actions/runs/35855929308/job/107167302919
"23.09.26, 11:50:24",107167302936,35855929308,1,Demos Visual Tests,jquery(3/3)-screenshots-material.blue.light,lavrov/stop-wrappers-generation,cancelled,Run TestCafe tests (jQuery),https://github.com/DevExpress/DevExtreme/actions/runs/35855929308/job/107167302936
"23.09.26, 11:50:24",107167302972,35855929308,1,Demos Visual Tests,jquery-accessibility-fluent.blue.dark,lavrov/stop-wrappers-generation,cancelled,Run TestCafe tests (jQuery),https://github.com/DevExpress/DevExtreme/actions/runs/35855929308/job/107167302972
"23.09.26, 11:50:24",107167302981,35855929308,1,Demos Visual Tests,jquery(1/3)-screenshots-fluent.blue.light,lavrov/stop-wrappers-generation,cancelled,Run TestCafe tests (jQuery),https://github.com/DevExpress/DevExtreme/actions/runs/35855929308/job/107167302981
"23.09.26, 11:53:45",107168371957,35855929308,1,Demos Visual Tests,react(2/3)-screenshots-fluent.blue.light,lavrov/stop-wrappers-generation,cancelled,Install dependencies,https://github.com/DevExpress/DevExtreme/actions/runs/35855929308/job/107168371957
"23.09.26, 11:53:46",107168371961,35855929308,1,Demos Visual Tests,react(3/3)-screenshots-fluent.blue.light,lavrov/stop-wrappers-generation,cancelled,Install dependencies,https://github.com/DevExpress/DevExtreme/actions/runs/35855929308/job/107168371961
"23.09.26, 11:53:46",107168371972,35855929308,1,Demos Visual Tests,angular(2/10)-screenshots-fluent.blue.light,lavrov/stop-wrappers-generation,cancelled,Install dependencies,https://github.com/DevExpress/DevExtreme/actions/runs/35855929308/job/107168371972
"23.09.26, 11:53:46",107168371997,35855929308,1,Demos Visual Tests,angular(1/10)-screenshots-fluent.blue.light,lavrov/stop-wrappers-generation,cancelled,Install dependencies,https://github.com/DevExpress/DevExtreme/actions/runs/35855929308/job/107168371997
"23.09.26, 11:53:46",107168372000,35855929308,1,Demos Visual Tests,react(1/3)-screenshots-fluent.blue.light,lavrov/stop-wrappers-generation,cancelled,Install dependencies,https://github.com/DevExpress/DevExtreme/actions/runs/35855929308/job/107168372000
"23.09.26, 11:53:46",107168372002,35855929308,1,Demos Visual Tests,angular(8/10)-screenshots-fluent.blue.light,lavrov/stop-wrappers-generation,cancelled,Install dependencies,https://github.com/DevExpress/DevExtreme/actions/runs/35855929308/job/107168372002
"23.09.26, 11:53:46",107168372022,35855929308,1,Demos Visual Tests,vue(5/5)-screenshots-fluent.blue.light,lavrov/stop-wrappers-generation,cancelled,Install dependencies,https://github.com/DevExpress/DevExtreme/actions/runs/35855929308/job/107168372022
"23.09.26, 11:53:46",107168372043,35855929308,1,Demos Visual Tests,angular(7/10)-screenshots-fluent.blue.light,lavrov/stop-wrappers-generation,cancelled,Install dependencies,https://github.com/DevExpress/DevExtreme/actions/runs/35855929308/job/107168372043
"23.09.26, 11:53:46",107168372044,35855929308,1,Demos Visual Tests,vue(2/5)-screenshots-fluent.blue.light,lavrov/stop-wrappers-generation,cancelled,Install dependencies,https://github.com/DevExpress/DevExtreme/actions/runs/35855929308/job/107168372044
"23.09.26, 11:53:46",107168372066,35855929308,1,Demos Visual Tests,angular(3/10)-screenshots-fluent.blue.light,lavrov/stop-wrappers-generation,cancelled,Install dependencies,https://github.com/DevExpress/DevExtreme/actions/runs/35855929308/job/107168372066
"23.09.26, 11:53:46",107168372093,35855929308,1,Demos Visual Tests,angular(10/10)-screenshots-fluent.blue.light,lavrov/stop-wrappers-generation,cancelled,Install dependencies,https://github.com/DevExpress/DevExtreme/actions/runs/35855929308/job/107168372093
"23.09.26, 11:53:46",107168372094,35855929308,1,Demos Visual Tests,vue(3/5)-screenshots-fluent.blue.light,lavrov/stop-wrappers-generation,cancelled,Install dependencies,https://github.com/DevExpress/DevExtreme/actions/runs/35855929308/job/107168372094
"23.09.26, 11:53:46",107168372118,35855929308,1,Demos Visual Tests,angular(6/10)-screenshots-fluent.blue.light,lavrov/stop-wrappers-generation,cancelled,Install dependencies,https://github.com/DevExpress/DevExtreme/actions/runs/35855929308/job/107168372118
"23.09.26, 11:53:46",107168372125,35855929308,1,Demos Visual Tests,angular(4/10)-screenshots-fluent.blue.light,lavrov/stop-wrappers-generation,cancelled,Install dependencies,https://github.com/DevExpress/DevExtreme/actions/runs/35855929308/job/107168372125
"23.09.26, 11:53:46",107168372126,35855929308,1,Demos Visual Tests,vue(4/5)-screenshots-fluent.blue.light,lavrov/stop-wrappers-generation,cancelled,Install dependencies,https://github.com/DevExpress/DevExtreme/actions/runs/35855929308/job/107168372126
"23.09.26, 11:53:46",107168372137,35855929308,1,Demos Visual Tests,angular(5/10)-screenshots-fluent.blue.light,lavrov/stop-wrappers-generation,cancelled,Install dependencies,https://github.com/DevExpress/DevExtreme/actions/runs/35855929308/job/107168372137
"23.09.26, 11:53:46",107168372138,35855929308,1,Demos Visual Tests,vue(1/5)-screenshots-fluent.blue.light,lavrov/stop-wrappers-generation,cancelled,Install dependencies,https://github.com/DevExpress/DevExtreme/actions/runs/35855929308/job/107168372138
"23.09.26, 11:53:46",107168372169,35855929308,1,Demos Visual Tests,angular(9/10)-screenshots-fluent.blue.light,lavrov/stop-wrappers-generation,cancelled,Install dependencies,https://github.com/DevExpress/DevExtreme/actions/runs/35855929308/job/107168372169
"23.09.26, 11:54:45",107168687262,35855929308,1,Demos Visual Tests,CSP Violations Summary,lavrov/stop-wrappers-generation,cancelled,,https://github.com/DevExpress/DevExtreme/actions/runs/35855929308/job/107168687262
"23.09.26, 11:55:03",107168777412,35855929308,1,Demos Visual Tests,merge-artifacts,lavrov/stop-wrappers-generation,cancelled,,https://github.com/DevExpress/DevExtreme/actions/runs/35855929308/job/107168777412
"23.09.26, 11:40:09",107164073798,35855776909,1,Demos Visual Tests,Build DevExtreme,lavrov/stop-wrappers-generation,cancelled,Install dependencies,https://github.com/DevExpress/DevExtreme/actions/runs/35855776909/job/107164073798
"23.09.26, 11:41:53",107164618615,35855776909,1,Demos Visual Tests,${{ matrix.CONSTEL }}-${{ matrix.STRATEGY }}-${{ matrix.THEME }},lavrov/stop-wrappers-generation,cancelled,,https://github.com/DevExpress/DevExtreme/actions/runs/35855776909/job/107164618615
"23.09.26, 11:41:53",107164618676,35855776909,1,Demos Visual Tests,"Build vendor bundles (React, Vue)",lavrov/stop-wrappers-generation,cancelled,,https://github.com/DevExpress/DevExtreme/actions/runs/35855776909/job/107164618676
"23.09.26, 11:41:53",107164618711,35855776909,1,Demos Visual Tests,Check generated demos,lavrov/stop-wrappers-generation,cancelled,,https://github.com/DevExpress/DevExtreme/actions/runs/35855776909/job/107164618711
"23.09.26, 11:41:53",107164618782,35855776909,1,Demos Visual Tests,CSP check (jQuery),lavrov/stop-wrappers-generation,cancelled,,https://github.com/DevExpress/DevExtreme/actions/runs/35855776909/job/107164618782
"23.09.26, 11:41:53",107164618877,35855776909,1,Demos Visual Tests,Check TS and lint code base,lavrov/stop-wrappers-generation,cancelled,,https://github.com/DevExpress/DevExtreme/actions/runs/35855776909/job/107164618877
"23.09.26, 11:41:53",107164619337,35855776909,1,Demos Visual Tests,CSP Violations Summary,lavrov/stop-wrappers-generation,cancelled,,https://github.com/DevExpress/DevExtreme/actions/runs/35855776909/job/107164619337
"23.09.26, 11:41:53",107164619345,35855776909,1,Demos Visual Tests,"matrix.SHARD_TOTAL == 1 && format('CSP check ({0})', matrix.FRAMEWORK) || format('CSP check ({0} {1}/{2})', matrix.FRAMEWORK, matrix.SHARD_INDEX, matrix.SHARD_TOTAL)",lavrov/stop-wrappers-generation,cancelled,,https://github.com/DevExpress/DevExtreme/actions/runs/35855776909/job/107164619345
"23.09.26, 11:41:53",107164619422,35855776909,1,Demos Visual Tests,"matrix.SHARD_TOTAL == 1 && format('Build demos ({0})', matrix.FRAMEWORK) || format('Build demos ({0} {1}/{2})', matrix.FRAMEWORK, matrix.SHARD_INDEX, matrix.SHARD_TOTAL)",lavrov/stop-wrappers-generation,cancelled,,https://github.com/DevExpress/DevExtreme/actions/runs/35855776909/job/107164619422
"23.09.26, 11:41:53",107164619915,35855776909,1,Demos Visual Tests,${{ matrix.CONSTEL }}-screenshots-${{ matrix.THEME }},lavrov/stop-wrappers-generation,cancelled,,https://github.com/DevExpress/DevExtreme/actions/runs/35855776909/job/107164619915
"23.09.26, 11:41:54",107164620637,35855776909,1,Demos Visual Tests,merge-artifacts,lavrov/stop-wrappers-generation,cancelled,,https://github.com/DevExpress/DevExtreme/actions/runs/35855776909/job/107164620637
"23.09.26, 11:38:43",107163629191,35855709851,1,Demos Visual Tests,Build DevExtreme,lavrov/stop-wrappers-generation,cancelled,Install dependencies,https://github.com/DevExpress/DevExtreme/actions/runs/35855709851/job/107163629191
"23.09.26, 11:40:00",107164025559,35855709851,1,Demos Visual Tests,CSP check (jQuery),lavrov/stop-wrappers-generation,cancelled,,https://github.com/DevExpress/DevExtreme/actions/runs/35855709851/job/107164025559
"23.09.26, 11:40:00",107164025779,35855709851,1,Demos Visual Tests,"matrix.SHARD_TOTAL == 1 && format('CSP check ({0})', matrix.FRAMEWORK) || format('CSP check ({0} {1}/{2})', matrix.FRAMEWORK, matrix.SHARD_INDEX, matrix.SHARD_TOTAL)",lavrov/stop-wrappers-generation,cancelled,,https://github.com/DevExpress/DevExtreme/actions/runs/35855709851/job/107164025779
"23.09.26, 11:40:00",107164026019,35855709851,1,Demos Visual Tests,Check generated demos,lavrov/stop-wrappers-generation,cancelled,,https://github.com/DevExpress/DevExtreme/actions/runs/35855709851/job/107164026019
"23.09.26, 11:40:00",107164026224,35855709851,1,Demos Visual Tests,"Build vendor bundles (React, Vue)",lavrov/stop-wrappers-generation,cancelled,,https://github.com/DevExpress/DevExtreme/actions/runs/35855709851/job/107164026224
"23.09.26, 11:40:00",107164026229,35855709851,1,Demos Visual Tests,Check TS and lint code base,lavrov/stop-wrappers-generation,cancelled,,https://github.com/DevExpress/DevExtreme/actions/runs/35855709851/job/107164026229
"23.09.26, 11:40:00",107164026243,35855709851,1,Demos Visual Tests,CSP Violations Summary,lavrov/stop-wrappers-generation,cancelled,,https://github.com/DevExpress/DevExtreme/actions/runs/35855709851/job/107164026243
"23.09.26, 11:40:00",107164026509,35855709851,1,Demos Visual Tests,${{ matrix.CONSTEL }}-${{ matrix.STRATEGY }}-${{ matrix.THEME }},lavrov/stop-wrappers-generation,cancelled,,https://github.com/DevExpress/DevExtreme/actions/runs/35855709851/job/107164026509
"23.09.26, 11:40:00",107164027063,35855709851,1,Demos Visual Tests,"matrix.SHARD_TOTAL == 1 && format('Build demos ({0})', matrix.FRAMEWORK) || format('Build demos ({0} {1}/{2})', matrix.FRAMEWORK, matrix.SHARD_INDEX, matrix.SHARD_TOTAL)",lavrov/stop-wrappers-generation,cancelled,,https://github.com/DevExpress/DevExtreme/actions/runs/35855709851/job/107164027063
"23.09.26, 11:40:00",107164027229,35855709851,1,Demos Visual Tests,${{ matrix.CONSTEL }}-screenshots-${{ matrix.THEME }},lavrov/stop-wrappers-generation,cancelled,,https://github.com/DevExpress/DevExtreme/actions/runs/35855709851/job/107164027229
"23.09.26, 11:40:00",107164028092,35855709851,1,Demos Visual Tests,merge-artifacts,lavrov/stop-wrappers-generation,cancelled,,https://github.com/DevExpress/DevExtreme/actions/runs/35855709851/job/107164028092
"23.09.26, 11:33:17",107161929655,35854063043,1,Demos Visual Tests,CSP check (jQuery),feature/scheduler-dst-grid/main,cancelled,Run CSP Check,https://github.com/DevExpress/DevExtreme/actions/runs/35854063043/job/107161929655
"23.09.26, 11:33:17",107161929714,35854063043,1,Demos Visual Tests,CSP check (React 2/2),feature/scheduler-dst-grid/main,cancelled,,https://github.com/DevExpress/DevExtreme/actions/runs/35854063043/job/107161929714
"23.09.26, 11:33:17",107161929744,35854063043,1,Demos Visual Tests,CSP check (Vue 2/2),feature/scheduler-dst-grid/main,cancelled,,https://github.com/DevExpress/DevExtreme/actions/runs/35854063043/job/107161929744
"23.09.26, 11:33:17",107161929771,35854063043,1,Demos Visual Tests,CSP check (Vue 1/2),feature/scheduler-dst-grid/main,cancelled,,https://github.com/DevExpress/DevExtreme/actions/runs/35854063043/job/107161929771
"23.09.26, 11:33:17",107161929820,35854063043,1,Demos Visual Tests,CSP check (Angular 1/3),feature/scheduler-dst-grid/main,cancelled,Run CSP Check,https://github.com/DevExpress/DevExtreme/actions/runs/35854063043/job/107161929820
"23.09.26, 11:33:17",107161929826,35854063043,1,Demos Visual Tests,CSP check (Angular 2/3),feature/scheduler-dst-grid/main,cancelled,,https://github.com/DevExpress/DevExtreme/actions/runs/35854063043/job/107161929826
"23.09.26, 11:33:17",107161929841,35854063043,1,Demos Visual Tests,CSP check (React 1/2),feature/scheduler-dst-grid/main,cancelled,Run CSP Check,https://github.com/DevExpress/DevExtreme/actions/runs/35854063043/job/107161929841
"23.09.26, 11:33:17",107161929850,35854063043,1,Demos Visual Tests,jquery-accessibility-material.blue.light,feature/scheduler-dst-grid/main,cancelled,Run TestCafe tests (jQuery),https://github.com/DevExpress/DevExtreme/actions/runs/35854063043/job/107161929850
"23.09.26, 11:33:17",107161929855,35854063043,1,Demos Visual Tests,jquery(1/3)-screenshots-material.blue.light,feature/scheduler-dst-grid/main,cancelled,Run TestCafe tests (jQuery),https://github.com/DevExpress/DevExtreme/actions/runs/35854063043/job/107161929855
"23.09.26, 11:33:17",107161929948,35854063043,1,Demos Visual Tests,jquery(2/3)-screenshots-material.blue.light,feature/scheduler-dst-grid/main,cancelled,,https://github.com/DevExpress/DevExtreme/actions/runs/35854063043/job/107161929948
"23.09.26, 11:38:50",107163667601,35854063043,1,Demos Visual Tests,vue(3/5)-screenshots-fluent.blue.light,feature/scheduler-dst-grid/main,cancelled,Run TestCafe tests,https://github.com/DevExpress/DevExtreme/actions/runs/35854063043/job/107163667601
"23.09.26, 11:38:50",107163667615,35854063043,1,Demos Visual Tests,vue(1/5)-screenshots-fluent.blue.light,feature/scheduler-dst-grid/main,cancelled,Run TestCafe tests,https://github.com/DevExpress/DevExtreme/actions/runs/35854063043/job/107163667615
"23.09.26, 11:38:50",107163667617,35854063043,1,Demos Visual Tests,react(2/3)-screenshots-fluent.blue.light,feature/scheduler-dst-grid/main,cancelled,Run TestCafe tests,https://github.com/DevExpress/DevExtreme/actions/runs/35854063043/job/107163667617
"23.09.26, 11:38:50",107163667618,35854063043,1,Demos Visual Tests,react(1/3)-screenshots-fluent.blue.light,feature/scheduler-dst-grid/main,cancelled,Run TestCafe tests,https://github.com/DevExpress/DevExtreme/actions/runs/35854063043/job/107163667618
"23.09.26, 11:38:50",107163667652,35854063043,1,Demos Visual Tests,vue(4/5)-screenshots-fluent.blue.light,feature/scheduler-dst-grid/main,cancelled,Run TestCafe tests,https://github.com/DevExpress/DevExtreme/actions/runs/35854063043/job/107163667652
"23.09.26, 11:38:50",107163667662,35854063043,1,Demos Visual Tests,angular(7/10)-screenshots-fluent.blue.light,feature/scheduler-dst-grid/main,cancelled,Run TestCafe tests,https://github.com/DevExpress/DevExtreme/actions/runs/35854063043/job/107163667662
"23.09.26, 11:38:50",107163667681,35854063043,1,Demos Visual Tests,angular(4/10)-screenshots-fluent.blue.light,feature/scheduler-dst-grid/main,cancelled,Run TestCafe tests,https://github.com/DevExpress/DevExtreme/actions/runs/35854063043/job/107163667681
"23.09.26, 11:38:50",107163667683,35854063043,1,Demos Visual Tests,angular(5/10)-screenshots-fluent.blue.light,feature/scheduler-dst-grid/main,cancelled,Run TestCafe tests,https://github.com/DevExpress/DevExtreme/actions/runs/35854063043/job/107163667683
"23.09.26, 11:38:50",107163667689,35854063043,1,Demos Visual Tests,angular(3/10)-screenshots-fluent.blue.light,feature/scheduler-dst-grid/main,cancelled,Run TestCafe tests,https://github.com/DevExpress/DevExtreme/actions/runs/35854063043/job/107163667689
"23.09.26, 11:38:50",107163667699,35854063043,1,Demos Visual Tests,angular(9/10)-screenshots-fluent.blue.light,feature/scheduler-dst-grid/main,cancelled,Run TestCafe tests,https://github.com/DevExpress/DevExtreme/actions/runs/35854063043/job/107163667699
"23.09.26, 11:38:50",107163667709,35854063043,1,Demos Visual Tests,vue(2/5)-screenshots-fluent.blue.light,feature/scheduler-dst-grid/main,cancelled,Run TestCafe tests,https://github.com/DevExpress/DevExtreme/actions/runs/35854063043/job/107163667709
"23.09.26, 11:38:50",107163667712,35854063043,1,Demos Visual Tests,react(3/3)-screenshots-fluent.blue.light,feature/scheduler-dst-grid/main,cancelled,Run TestCafe tests,https://github.com/DevExpress/DevExtreme/actions/runs/35854063043/job/107163667712
"23.09.26, 11:38:50",107163667728,35854063043,1,Demos Visual Tests,angular(6/10)-screenshots-fluent.blue.light,feature/scheduler-dst-grid/main,cancelled,Run TestCafe tests,https://github.com/DevExpress/DevExtreme/actions/runs/35854063043/job/107163667728
"23.09.26, 11:38:50",107163667746,35854063043,1,Demos Visual Tests,vue(5/5)-screenshots-fluent.blue.light,feature/scheduler-dst-grid/main,cancelled,Run TestCafe tests,https://github.com/DevExpress/DevExtreme/actions/runs/35854063043/job/107163667746
"23.09.26, 11:38:50",107163667777,35854063043,1,Demos Visual Tests,angular(2/10)-screenshots-fluent.blue.light,feature/scheduler-dst-grid/main,cancelled,Run TestCafe tests,https://github.com/DevExpress/DevExtreme/actions/runs/35854063043/job/107163667777
"23.09.26, 11:38:50",107163667812,35854063043,1,Demos Visual Tests,angular(1/10)-screenshots-fluent.blue.light,feature/scheduler-dst-grid/main,cancelled,Run TestCafe tests,https://github.com/DevExpress/DevExtreme/actions/runs/35854063043/job/107163667812
"23.09.26, 11:38:50",107163667821,35854063043,1,Demos Visual Tests,angular(10/10)-screenshots-fluent.blue.light,feature/scheduler-dst-grid/main,cancelled,Run TestCafe tests,https://github.com/DevExpress/DevExtreme/actions/runs/35854063043/job/107163667821
"23.09.26, 11:38:50",107163667834,35854063043,1,Demos Visual Tests,angular(8/10)-screenshots-fluent.blue.light,feature/scheduler-dst-grid/main,cancelled,Run TestCafe tests,https://github.com/DevExpress/DevExtreme/actions/runs/35854063043/job/107163667834
"23.09.26, 11:41:43",107164564328,35854063043,1,Demos Visual Tests,CSP Violations Summary,feature/scheduler-dst-grid/main,cancelled,,https://github.com/DevExpress/DevExtreme/actions/runs/35854063043/job/107164564328
"23.09.26, 11:42:11",107164711605,35854063043,1,Demos Visual Tests,merge-artifacts,feature/scheduler-dst-grid/main,cancelled,,https://github.com/DevExpress/DevExtreme/actions/runs/35854063043/job/107164711605
"23.09.26, 11:08:58",107154358386,35851417319,1,Demos Visual Tests,CSP check (jQuery),feature/scheduler-dst-grid/main,cancelled,Run CSP Check,https://github.com/DevExpress/DevExtreme/actions/runs/35851417319/job/107154358386
"23.09.26, 11:08:58",107154358437,35851417319,1,Demos Visual Tests,CSP check (Angular 1/3),feature/scheduler-dst-grid/main,cancelled,Run CSP Check,https://github.com/DevExpress/DevExtreme/actions/runs/35851417319/job/107154358437
"23.09.26, 11:08:58",107154358706,35851417319,1,Demos Visual Tests,CSP check (Vue 1/2),feature/scheduler-dst-grid/main,cancelled,Run CSP Check,https://github.com/DevExpress/DevExtreme/actions/runs/35851417319/job/107154358706
"23.09.26, 11:17:11",107156933947,35851417319,1,Demos Visual Tests,react(1/3)-screenshots-fluent.blue.light,feature/scheduler-dst-grid/main,cancelled,Run TestCafe tests,https://github.com/DevExpress/DevExtreme/actions/runs/35851417319/job/107156933947
"23.09.26, 11:17:11",107156933970,35851417319,1,Demos Visual Tests,vue(3/5)-screenshots-fluent.blue.light,feature/scheduler-dst-grid/main,cancelled,,https://github.com/DevExpress/DevExtreme/actions/runs/35851417319/job/107156933970
"23.09.26, 11:17:11",107156933986,35851417319,1,Demos Visual Tests,react(2/3)-screenshots-fluent.blue.light,feature/scheduler-dst-grid/main,cancelled,Run TestCafe tests,https://github.com/DevExpress/DevExtreme/actions/runs/35851417319/job/107156933986
"23.09.26, 11:17:11",107156933998,35851417319,1,Demos Visual Tests,vue(1/5)-screenshots-fluent.blue.light,feature/scheduler-dst-grid/main,cancelled,,https://github.com/DevExpress/DevExtreme/actions/runs/35851417319/job/107156933998
"23.09.26, 11:17:11",107156934000,35851417319,1,Demos Visual Tests,react(3/3)-screenshots-fluent.blue.light,feature/scheduler-dst-grid/main,cancelled,Run TestCafe tests,https://github.com/DevExpress/DevExtreme/actions/runs/35851417319/job/107156934000
"23.09.26, 11:17:11",107156934019,35851417319,1,Demos Visual Tests,angular(7/10)-screenshots-fluent.blue.light,feature/scheduler-dst-grid/main,cancelled,,https://github.com/DevExpress/DevExtreme/actions/runs/35851417319/job/107156934019
"23.09.26, 11:17:11",107156934071,35851417319,1,Demos Visual Tests,angular(10/10)-screenshots-fluent.blue.light,feature/scheduler-dst-grid/main,cancelled,Run TestCafe tests,https://github.com/DevExpress/DevExtreme/actions/runs/35851417319/job/107156934071
"23.09.26, 11:17:11",107156934078,35851417319,1,Demos Visual Tests,vue(2/5)-screenshots-fluent.blue.light,feature/scheduler-dst-grid/main,cancelled,Run TestCafe tests,https://github.com/DevExpress/DevExtreme/actions/runs/35851417319/job/107156934078
"23.09.26, 11:17:11",107156934086,35851417319,1,Demos Visual Tests,angular(3/10)-screenshots-fluent.blue.light,feature/scheduler-dst-grid/main,cancelled,Run TestCafe tests,https://github.com/DevExpress/DevExtreme/actions/runs/35851417319/job/107156934086
"23.09.26, 11:17:11",107156934094,35851417319,1,Demos Visual Tests,angular(8/10)-screenshots-fluent.blue.light,feature/scheduler-dst-grid/main,cancelled,,https://github.com/DevExpress/DevExtreme/actions/runs/35851417319/job/107156934094
"23.09.26, 11:17:12",107156934113,35851417319,1,Demos Visual Tests,angular(9/10)-screenshots-fluent.blue.light,feature/scheduler-dst-grid/main,cancelled,Run TestCafe tests,https://github.com/DevExpress/DevExtreme/actions/runs/35851417319/job/107156934113
"23.09.26, 11:17:12",107156934114,35851417319,1,Demos Visual Tests,vue(5/5)-screenshots-fluent.blue.light,feature/scheduler-dst-grid/main,cancelled,Run TestCafe tests,https://github.com/DevExpress/DevExtreme/actions/runs/35851417319/job/107156934114
"23.09.26, 11:17:12",107156934122,35851417319,1,Demos Visual Tests,angular(6/10)-screenshots-fluent.blue.light,feature/scheduler-dst-grid/main,cancelled,Run TestCafe tests,https://github.com/DevExpress/DevExtreme/actions/runs/35851417319/job/107156934122
"23.09.26, 11:17:12",107156934146,35851417319,1,Demos Visual Tests,angular(5/10)-screenshots-fluent.blue.light,feature/scheduler-dst-grid/main,cancelled,Run TestCafe tests,https://github.com/DevExpress/DevExtreme/actions/runs/35851417319/job/107156934146
"23.09.26, 11:17:12",107156934166,35851417319,1,Demos Visual Tests,vue(4/5)-screenshots-fluent.blue.light,feature/scheduler-dst-grid/main,cancelled,Run TestCafe tests,https://github.com/DevExpress/DevExtreme/actions/runs/35851417319/job/107156934166
"23.09.26, 11:22:15",107158492508,35851417319,1,Demos Visual Tests,CSP Violations Summary,feature/scheduler-dst-grid/main,cancelled,,https://github.com/DevExpress/DevExtreme/actions/runs/35851417319/job/107158492508
"23.09.26, 11:22:46",107158652873,35851417319,1,Demos Visual Tests,merge-artifacts,feature/scheduler-dst-grid/main,cancelled,,https://github.com/DevExpress/DevExtreme/actions/runs/35851417319/job/107158652873
"23.09.26, 11:01:23",107151998862,35851203221,1,Demos Visual Tests,Check generated demos,columns_shared_types_main,failure,,https://github.com/DevExpress/DevExtreme/actions/runs/35851203221/job/107151998862
"23.09.26, 10:57:08",107150678709,35850397933,1,Demos Visual Tests,react(2/3)-screenshots-fluent.blue.light,26_1,failure,Run TestCafe tests,https://github.com/DevExpress/DevExtreme/actions/runs/35850397933/job/107150678709
"23.09.26, 10:38:23",107144990609,35849072764,1,Demos Visual Tests,jquery(2/3)-screenshots-material.blue.light,feature/scheduler-dst-grid/main,failure,Run TestCafe tests (jQuery),https://github.com/DevExpress/DevExtreme/actions/runs/35849072764/job/107144990609
"23.09.26, 10:43:24",107146505125,35849072764,1,Demos Visual Tests,vue(4/5)-screenshots-fluent.blue.light,feature/scheduler-dst-grid/main,cancelled,,https://github.com/DevExpress/DevExtreme/actions/runs/35849072764/job/107146505125
"23.09.26, 10:59:09",107151293324,35849072764,1,Demos Visual Tests,merge-artifacts,feature/scheduler-dst-grid/main,cancelled,,https://github.com/DevExpress/DevExtreme/actions/runs/35849072764/job/107151293324
"23.09.26, 10:38:18",107144965345,35849031874,1,Demos Visual Tests,Check generated demos,feature/26_2_new_fluent_theme_with_design_tokens_remove-comments,cancelled,Check generated JS demos,https://github.com/DevExpress/DevExtreme/actions/runs/35849031874/job/107144965345
"23.09.26, 10:38:18",107144965372,35849031874,1,Demos Visual Tests,"Build vendor bundles (React, Vue)",feature/26_2_new_fluent_theme_with_design_tokens_remove-comments,cancelled,,https://github.com/DevExpress/DevExtreme/actions/runs/35849031874/job/107144965372
"23.09.26, 10:38:18",107144965384,35849031874,1,Demos Visual Tests,CSP check (jQuery),feature/26_2_new_fluent_theme_with_design_tokens_remove-comments,cancelled,Run CSP Check,https://github.com/DevExpress/DevExtreme/actions/runs/35849031874/job/107144965384
"23.09.26, 10:38:18",107144965403,35849031874,1,Demos Visual Tests,Check TS and lint code base,feature/26_2_new_fluent_theme_with_design_tokens_remove-comments,cancelled,Demos - Check Vue TS,https://github.com/DevExpress/DevExtreme/actions/runs/35849031874/job/107144965403
"23.09.26, 10:38:18",107144965563,35849031874,1,Demos Visual Tests,CSP check (Angular 2/3),feature/26_2_new_fluent_theme_with_design_tokens_remove-comments,cancelled,,https://github.com/DevExpress/DevExtreme/actions/runs/35849031874/job/107144965563
"23.09.26, 10:38:18",107144965575,35849031874,1,Demos Visual Tests,CSP check (React 2/2),feature/26_2_new_fluent_theme_with_design_tokens_remove-comments,cancelled,Bundle demos for CSP check,https://github.com/DevExpress/DevExtreme/actions/runs/35849031874/job/107144965575
"23.09.26, 10:38:18",107144965596,35849031874,1,Demos Visual Tests,CSP check (Vue 2/2),feature/26_2_new_fluent_theme_with_design_tokens_remove-comments,cancelled,Run CSP Check,https://github.com/DevExpress/DevExtreme/actions/runs/35849031874/job/107144965596
"23.09.26, 10:38:18",107144965597,35849031874,1,Demos Visual Tests,CSP check (React 1/2),feature/26_2_new_fluent_theme_with_design_tokens_remove-comments,cancelled,Bundle demos for CSP check,https://github.com/DevExpress/DevExtreme/actions/runs/35849031874/job/107144965597
"23.09.26, 10:38:18",107144965671,35849031874,1,Demos Visual Tests,CSP check (Angular 1/3),feature/26_2_new_fluent_theme_with_design_tokens_remove-comments,cancelled,,https://github.com/DevExpress/DevExtreme/actions/runs/35849031874/job/107144965671
"23.09.26, 10:38:18",107144965675,35849031874,1,Demos Visual Tests,CSP check (Angular 3/3),feature/26_2_new_fluent_theme_with_design_tokens_remove-comments,cancelled,,https://github.com/DevExpress/DevExtreme/actions/runs/35849031874/job/107144965675
"23.09.26, 10:38:18",107144965678,35849031874,1,Demos Visual Tests,jquery(2/3)-screenshots-material.blue.light,feature/26_2_new_fluent_theme_with_design_tokens_remove-comments,cancelled,Run TestCafe tests (jQuery),https://github.com/DevExpress/DevExtreme/actions/runs/35849031874/job/107144965678
"23.09.26, 10:38:18",107144965720,35849031874,1,Demos Visual Tests,jquery-accessibility-fluent.blue.light,feature/26_2_new_fluent_theme_with_design_tokens_remove-comments,cancelled,Run TestCafe tests (jQuery),https://github.com/DevExpress/DevExtreme/actions/runs/35849031874/job/107144965720
"23.09.26, 10:38:18",107144965728,35849031874,1,Demos Visual Tests,jquery(3/3)-screenshots-fluent.blue.light,feature/26_2_new_fluent_theme_with_design_tokens_remove-comments,cancelled,Run TestCafe tests (jQuery),https://github.com/DevExpress/DevExtreme/actions/runs/35849031874/job/107144965728
"23.09.26, 10:38:18",107144965751,35849031874,1,Demos Visual Tests,jquery-accessibility-fluent.blue.dark,feature/26_2_new_fluent_theme_with_design_tokens_remove-comments,cancelled,Run TestCafe tests (jQuery),https://github.com/DevExpress/DevExtreme/actions/runs/35849031874/job/107144965751
"23.09.26, 10:38:18",107144965752,35849031874,1,Demos Visual Tests,jquery-accessibility-material.blue.dark,feature/26_2_new_fluent_theme_with_design_tokens_remove-comments,cancelled,Run TestCafe tests (jQuery),https://github.com/DevExpress/DevExtreme/actions/runs/35849031874/job/107144965752
"23.09.26, 10:38:18",107144965778,35849031874,1,Demos Visual Tests,jquery(1/3)-screenshots-fluent.blue.light,feature/26_2_new_fluent_theme_with_design_tokens_remove-comments,cancelled,Run TestCafe tests (jQuery),https://github.com/DevExpress/DevExtreme/actions/runs/35849031874/job/107144965778
"23.09.26, 10:38:18",107144965790,35849031874,1,Demos Visual Tests,jquery(2/3)-screenshots-fluent.blue.light,feature/26_2_new_fluent_theme_with_design_tokens_remove-comments,cancelled,,https://github.com/DevExpress/DevExtreme/actions/runs/35849031874/job/107144965790
"23.09.26, 10:38:18",107144965815,35849031874,1,Demos Visual Tests,jquery(1/3)-screenshots-material.blue.light,feature/26_2_new_fluent_theme_with_design_tokens_remove-comments,cancelled,,https://github.com/DevExpress/DevExtreme/actions/runs/35849031874/job/107144965815
"23.09.26, 10:38:18",107144965850,35849031874,1,Demos Visual Tests,jquery-accessibility-material.blue.light,feature/26_2_new_fluent_theme_with_design_tokens_remove-comments,cancelled,,https://github.com/DevExpress/DevExtreme/actions/runs/35849031874/job/107144965850
"23.09.26, 10:38:18",107144965864,35849031874,1,Demos Visual Tests,jquery(3/3)-screenshots-material.blue.light,feature/26_2_new_fluent_theme_with_design_tokens_remove-comments,cancelled,,https://github.com/DevExpress/DevExtreme/actions/runs/35849031874/job/107144965864
"23.09.26, 10:38:18",107144965965,35849031874,1,Demos Visual Tests,CSP check (Vue 1/2),feature/26_2_new_fluent_theme_with_design_tokens_remove-comments,cancelled,,https://github.com/DevExpress/DevExtreme/actions/runs/35849031874/job/107144965965
"23.09.26, 10:39:51",107145430862,35849031874,1,Demos Visual Tests,"matrix.SHARD_TOTAL == 1 && format('Build demos ({0})', matrix.FRAMEWORK) || format('Build demos ({0} {1}/{2})', matrix.FRAMEWORK, matrix.SHARD_INDEX, matrix.SHARD_TOTAL)",feature/26_2_new_fluent_theme_with_design_tokens_remove-comments,cancelled,,https://github.com/DevExpress/DevExtreme/actions/runs/35849031874/job/107145430862
"23.09.26, 10:39:51",107145431592,35849031874,1,Demos Visual Tests,${{ matrix.CONSTEL }}-screenshots-${{ matrix.THEME }},feature/26_2_new_fluent_theme_with_design_tokens_remove-comments,cancelled,,https://github.com/DevExpress/DevExtreme/actions/runs/35849031874/job/107145431592
"23.09.26, 10:39:51",107145431877,35849031874,1,Demos Visual Tests,${{ matrix.CONSTEL }}-screenshots-${{ matrix.THEME }},feature/26_2_new_fluent_theme_with_design_tokens_remove-comments,cancelled,,https://github.com/DevExpress/DevExtreme/actions/runs/35849031874/job/107145431877
"23.09.26, 10:40:39",107145679722,35849031874,1,Demos Visual Tests,CSP Violations Summary,feature/26_2_new_fluent_theme_with_design_tokens_remove-comments,cancelled,,https://github.com/DevExpress/DevExtreme/actions/runs/35849031874/job/107145679722
"23.09.26, 10:40:49",107145729282,35849031874,1,Demos Visual Tests,merge-artifacts,feature/26_2_new_fluent_theme_with_design_tokens_remove-comments,cancelled,,https://github.com/DevExpress/DevExtreme/actions/runs/35849031874/job/107145729282
"23.09.26, 09:56:02",107131622786,35844547385,1,Demos Visual Tests,CSP check (jQuery),core-utils-improve-typing_26_2/version_browser,failure,,https://github.com/DevExpress/DevExtreme/actions/runs/35844547385/job/107131622786
"23.09.26, 09:56:02",107131623069,35844547385,1,Demos Visual Tests,CSP check (Angular 2/3),core-utils-improve-typing_26_2/version_browser,failure,,https://github.com/DevExpress/DevExtreme/actions/runs/35844547385/job/107131623069
"23.09.26, 09:56:02",107131623117,35844547385,1,Demos Visual Tests,jquery(3/3)-screenshots-material.blue.light,core-utils-improve-typing_26_2/version_browser,failure,,https://github.com/DevExpress/DevExtreme/actions/runs/35844547385/job/107131623117
"23.09.26, 09:47:38",107128970931,35843108804,1,Demos Visual Tests,Check generated demos,feature/scheduler-dst-grid/main,failure,,https://github.com/DevExpress/DevExtreme/actions/runs/35843108804/job/107128970931
"23.09.26, 09:47:38",107128971241,35843108804,1,Demos Visual Tests,jquery(3/3)-screenshots-material.blue.light,feature/scheduler-dst-grid/main,failure,Run TestCafe tests (jQuery),https://github.com/DevExpress/DevExtreme/actions/runs/35843108804/job/107128971241
"23.09.26, 09:46:21",107128567144,35843076173,1,Demos Visual Tests,CSP check (jQuery),feature/26_2_new_fluent_theme_with_design_tokens_remove-comments,cancelled,Run CSP Check,https://github.com/DevExpress/DevExtreme/actions/runs/35843076173/job/107128567144
"23.09.26, 09:46:21",107128567166,35843076173,1,Demos Visual Tests,"Build vendor bundles (React, Vue)",feature/26_2_new_fluent_theme_with_design_tokens_remove-comments,cancelled,,https://github.com/DevExpress/DevExtreme/actions/runs/35843076173/job/107128567166
"23.09.26, 09:46:21",107128567198,35843076173,1,Demos Visual Tests,Check generated demos,feature/26_2_new_fluent_theme_with_design_tokens_remove-comments,cancelled,Check generated JS demos,https://github.com/DevExpress/DevExtreme/actions/runs/35843076173/job/107128567198
"23.09.26, 09:46:21",107128567206,35843076173,1,Demos Visual Tests,CSP check (Vue 2/2),feature/26_2_new_fluent_theme_with_design_tokens_remove-comments,cancelled,Run CSP Check,https://github.com/DevExpress/DevExtreme/actions/runs/35843076173/job/107128567206
"23.09.26, 09:46:21",107128567273,35843076173,1,Demos Visual Tests,CSP check (Vue 1/2),feature/26_2_new_fluent_theme_with_design_tokens_remove-comments,cancelled,,https://github.com/DevExpress/DevExtreme/actions/runs/35843076173/job/107128567273
"23.09.26, 09:46:21",107128567282,35843076173,1,Demos Visual Tests,CSP check (Angular 1/3),feature/26_2_new_fluent_theme_with_design_tokens_remove-comments,cancelled,,https://github.com/DevExpress/DevExtreme/actions/runs/35843076173/job/107128567282
"23.09.26, 09:46:21",107128567289,35843076173,1,Demos Visual Tests,jquery(2/3)-screenshots-fluent.blue.light,feature/26_2_new_fluent_theme_with_design_tokens_remove-comments,cancelled,Run TestCafe tests (jQuery),https://github.com/DevExpress/DevExtreme/actions/runs/35843076173/job/107128567289
"23.09.26, 09:46:21",107128567323,35843076173,1,Demos Visual Tests,CSP check (React 1/2),feature/26_2_new_fluent_theme_with_design_tokens_remove-comments,cancelled,,https://github.com/DevExpress/DevExtreme/actions/runs/35843076173/job/107128567323
"23.09.26, 09:46:21",107128567384,35843076173,1,Demos Visual Tests,jquery(1/3)-screenshots-material.blue.light,feature/26_2_new_fluent_theme_with_design_tokens_remove-comments,cancelled,Install dependencies,https://github.com/DevExpress/DevExtreme/actions/runs/35843076173/job/107128567384
"23.09.26, 09:46:21",107128567410,35843076173,1,Demos Visual Tests,CSP check (Angular 2/3),feature/26_2_new_fluent_theme_with_design_tokens_remove-comments,cancelled,,https://github.com/DevExpress/DevExtreme/actions/runs/35843076173/job/107128567410
"23.09.26, 09:46:21",107128567412,35843076173,1,Demos Visual Tests,jquery-accessibility-fluent.blue.light,feature/26_2_new_fluent_theme_with_design_tokens_remove-comments,cancelled,,https://github.com/DevExpress/DevExtreme/actions/runs/35843076173/job/107128567412
"23.09.26, 09:46:21",107128567420,35843076173,1,Demos Visual Tests,CSP check (Angular 3/3),feature/26_2_new_fluent_theme_with_design_tokens_remove-comments,cancelled,,https://github.com/DevExpress/DevExtreme/actions/runs/35843076173/job/107128567420
"23.09.26, 09:46:21",107128567422,35843076173,1,Demos Visual Tests,jquery-accessibility-material.blue.light,feature/26_2_new_fluent_theme_with_design_tokens_remove-comments,cancelled,Run TestCafe tests (jQuery),https://github.com/DevExpress/DevExtreme/actions/runs/35843076173/job/107128567422
"23.09.26, 09:46:21",107128567431,35843076173,1,Demos Visual Tests,jquery-accessibility-fluent.blue.dark,feature/26_2_new_fluent_theme_with_design_tokens_remove-comments,cancelled,,https://github.com/DevExpress/DevExtreme/actions/runs/35843076173/job/107128567431
"23.09.26, 09:46:21",107128567444,35843076173,1,Demos Visual Tests,CSP check (React 2/2),feature/26_2_new_fluent_theme_with_design_tokens_remove-comments,cancelled,,https://github.com/DevExpress/DevExtreme/actions/runs/35843076173/job/107128567444
"23.09.26, 09:46:21",107128567449,35843076173,1,Demos Visual Tests,jquery(2/3)-screenshots-material.blue.light,feature/26_2_new_fluent_theme_with_design_tokens_remove-comments,cancelled,,https://github.com/DevExpress/DevExtreme/actions/runs/35843076173/job/107128567449
"23.09.26, 09:46:21",107128567456,35843076173,1,Demos Visual Tests,jquery-accessibility-material.blue.dark,feature/26_2_new_fluent_theme_with_design_tokens_remove-comments,cancelled,,https://github.com/DevExpress/DevExtreme/actions/runs/35843076173/job/107128567456
"23.09.26, 09:46:21",107128567466,35843076173,1,Demos Visual Tests,jquery(3/3)-screenshots-material.blue.light,feature/26_2_new_fluent_theme_with_design_tokens_remove-comments,cancelled,,https://github.com/DevExpress/DevExtreme/actions/runs/35843076173/job/107128567466
"23.09.26, 09:46:21",107128567517,35843076173,1,Demos Visual Tests,jquery(3/3)-screenshots-fluent.blue.light,feature/26_2_new_fluent_theme_with_design_tokens_remove-comments,cancelled,,https://github.com/DevExpress/DevExtreme/actions/runs/35843076173/job/107128567517
"23.09.26, 09:46:21",107128567606,35843076173,1,Demos Visual Tests,jquery(1/3)-screenshots-fluent.blue.light,feature/26_2_new_fluent_theme_with_design_tokens_remove-comments,cancelled,,https://github.com/DevExpress/DevExtreme/actions/runs/35843076173/job/107128567606
"23.09.26, 09:53:03",107130684377,35843076173,1,Demos Visual Tests,"matrix.SHARD_TOTAL == 1 && format('Build demos ({0})', matrix.FRAMEWORK) || format('Build demos ({0} {1}/{2})', matrix.FRAMEWORK, matrix.SHARD_INDEX, matrix.SHARD_TOTAL)",feature/26_2_new_fluent_theme_with_design_tokens_remove-comments,cancelled,,https://github.com/DevExpress/DevExtreme/actions/runs/35843076173/job/107130684377
"23.09.26, 09:53:03",107130684624,35843076173,1,Demos Visual Tests,${{ matrix.CONSTEL }}-screenshots-${{ matrix.THEME }},feature/26_2_new_fluent_theme_with_design_tokens_remove-comments,cancelled,,https://github.com/DevExpress/DevExtreme/actions/runs/35843076173/job/107130684624
"23.09.26, 09:53:03",107130684973,35843076173,1,Demos Visual Tests,${{ matrix.CONSTEL }}-screenshots-${{ matrix.THEME }},feature/26_2_new_fluent_theme_with_design_tokens_remove-comments,cancelled,,https://github.com/DevExpress/DevExtreme/actions/runs/35843076173/job/107130684973
"23.09.26, 09:54:12",107131044322,35843076173,1,Demos Visual Tests,merge-artifacts,feature/26_2_new_fluent_theme_with_design_tokens_remove-comments,cancelled,,https://github.com/DevExpress/DevExtreme/actions/runs/35843076173/job/107131044322
"23.09.26, 09:54:19",107131077044,35843076173,1,Demos Visual Tests,CSP Violations Summary,feature/26_2_new_fluent_theme_with_design_tokens_remove-comments,cancelled,,https://github.com/DevExpress/DevExtreme/actions/runs/35843076173/job/107131077044
"23.09.26, 09:56:17",107131699290,35842664671,1,Demos Visual Tests,vue(2/5)-screenshots-fluent.blue.light,26_1,failure,Run TestCafe tests,https://github.com/DevExpress/DevExtreme/actions/runs/35842664671/job/107131699290
"23.09.26, 09:38:32",107126054975,35842655819,1,Demos Visual Tests,angular(2/10)-screenshots-fluent.blue.light,gh-readonly-queue/main/pr-35273-e58ac11d9089ac5fc0563f28e4fdaea403db090b,failure,Run TestCafe tests,https://github.com/DevExpress/DevExtreme/actions/runs/35842655819/job/107126054975
"23.09.26, 09:24:12",107121396704,35841901944,1,Demos Visual Tests,jquery(2/3)-screenshots-material.blue.light,typescript/viz/ts_errors_warnings_26_1,failure,,https://github.com/DevExpress/DevExtreme/actions/runs/35841901944/job/107121396704
"23.09.26, 09:24:13",107121404279,35841895986,1,Demos Visual Tests,jquery(3/3)-screenshots-material.blue.light,typescript/viz/es6_pie_chart_26_1,failure,,https://github.com/DevExpress/DevExtreme/actions/runs/35841895986/job/107121404279
"23.09.26, 09:24:13",107121404302,35841895986,1,Demos Visual Tests,jquery(1/3)-screenshots-material.blue.light,typescript/viz/es6_pie_chart_26_1,failure,,https://github.com/DevExpress/DevExtreme/actions/runs/35841895986/job/107121404302
"23.09.26, 09:26:19",107122089652,35841835051,1,Demos Visual Tests,CSP check (Angular 1/3),T1329677-fix,failure,,https://github.com/DevExpress/DevExtreme/actions/runs/35841835051/job/107122089652
"23.09.26, 09:57:08",107131963747,35841835051,1,Demos Visual Tests,react(1/3)-screenshots-fluent.blue.light,T1329677-fix,failure,,https://github.com/DevExpress/DevExtreme/actions/runs/35841835051/job/107131963747
"23.09.26, 09:22:14",107120747115,35841807523,1,Demos Visual Tests,jquery(3/3)-screenshots-material.blue.light,typescript/viz/es6_chart,failure,,https://github.com/DevExpress/DevExtreme/actions/runs/35841807523/job/107120747115
"23.09.26, 09:22:14",107120747174,35841807523,1,Demos Visual Tests,jquery(1/3)-screenshots-material.blue.light,typescript/viz/es6_chart,failure,,https://github.com/DevExpress/DevExtreme/actions/runs/35841807523/job/107120747174
"23.09.26, 09:36:31",107125404703,35841676558,1,Demos Visual Tests,CSP check (React 1/2),remove_rowdragging_filter_26_2,failure,,https://github.com/DevExpress/DevExtreme/actions/runs/35841676558/job/107125404703
"23.09.26, 09:51:09",107130085948,35841676558,1,Demos Visual Tests,react(2/3)-screenshots-fluent.blue.light,remove_rowdragging_filter_26_2,failure,,https://github.com/DevExpress/DevExtreme/actions/runs/35841676558/job/107130085948
"23.09.26, 09:34:50",107124861719,35841635596,1,Demos Visual Tests,jquery(2/3)-screenshots-material.blue.light,fluent-next/mode-island-icons,failure,Run TestCafe tests (jQuery),https://github.com/DevExpress/DevExtreme/actions/runs/35841635596/job/107124861719
"23.09.26, 09:51:30",107130193983,35841635596,1,Demos Visual Tests,angular(6/10)-screenshots-fluent.blue.light,fluent-next/mode-island-icons,cancelled,Run TestCafe tests,https://github.com/DevExpress/DevExtreme/actions/runs/35841635596/job/107130193983
"23.09.26, 10:18:02",107138667947,35841635596,1,Demos Visual Tests,merge-artifacts,fluent-next/mode-island-icons,cancelled,,https://github.com/DevExpress/DevExtreme/actions/runs/35841635596/job/107138667947
"23.09.26, 09:18:57",107119684005,35841471468,1,Demos Visual Tests,CSP check (React 1/2),feature/scheduler-dst-grid/main,cancelled,,https://github.com/DevExpress/DevExtreme/actions/runs/35841471468/job/107119684005
"23.09.26, 09:18:57",107119684027,35841471468,1,Demos Visual Tests,CSP check (Vue 2/2),feature/scheduler-dst-grid/main,cancelled,,https://github.com/DevExpress/DevExtreme/actions/runs/35841471468/job/107119684027
"23.09.26, 09:18:57",107119684071,35841471468,1,Demos Visual Tests,jquery(2/3)-screenshots-fluent.blue.light,feature/scheduler-dst-grid/main,cancelled,Run TestCafe tests (jQuery),https://github.com/DevExpress/DevExtreme/actions/runs/35841471468/job/107119684071
"23.09.26, 09:18:57",107119684086,35841471468,1,Demos Visual Tests,Check generated demos,feature/scheduler-dst-grid/main,cancelled,Check generated JS demos,https://github.com/DevExpress/DevExtreme/actions/runs/35841471468/job/107119684086
"23.09.26, 09:18:57",107119684097,35841471468,1,Demos Visual Tests,CSP check (Angular 2/3),feature/scheduler-dst-grid/main,cancelled,Run CSP Check,https://github.com/DevExpress/DevExtreme/actions/runs/35841471468/job/107119684097
"23.09.26, 09:18:57",107119684101,35841471468,1,Demos Visual Tests,CSP check (React 2/2),feature/scheduler-dst-grid/main,cancelled,Run CSP Check,https://github.com/DevExpress/DevExtreme/actions/runs/35841471468/job/107119684101
"23.09.26, 09:18:57",107119684114,35841471468,1,Demos Visual Tests,CSP check (Vue 1/2),feature/scheduler-dst-grid/main,cancelled,,https://github.com/DevExpress/DevExtreme/actions/runs/35841471468/job/107119684114
"23.09.26, 09:18:57",107119684126,35841471468,1,Demos Visual Tests,CSP check (jQuery),feature/scheduler-dst-grid/main,cancelled,Run CSP Check,https://github.com/DevExpress/DevExtreme/actions/runs/35841471468/job/107119684126
"23.09.26, 09:18:57",107119684151,35841471468,1,Demos Visual Tests,CSP check (Angular 3/3),feature/scheduler-dst-grid/main,cancelled,,https://github.com/DevExpress/DevExtreme/actions/runs/35841471468/job/107119684151
"23.09.26, 09:18:57",107119684166,35841471468,1,Demos Visual Tests,jquery-accessibility-material.blue.dark,feature/scheduler-dst-grid/main,cancelled,,https://github.com/DevExpress/DevExtreme/actions/runs/35841471468/job/107119684166
"23.09.26, 09:18:57",107119684183,35841471468,1,Demos Visual Tests,CSP check (Angular 1/3),feature/scheduler-dst-grid/main,cancelled,Bundle demos for CSP check,https://github.com/DevExpress/DevExtreme/actions/runs/35841471468/job/107119684183
"23.09.26, 09:18:57",107119684204,35841471468,1,Demos Visual Tests,jquery(3/3)-screenshots-material.blue.light,feature/scheduler-dst-grid/main,cancelled,Run TestCafe tests (jQuery),https://github.com/DevExpress/DevExtreme/actions/runs/35841471468/job/107119684204
"23.09.26, 09:18:57",107119684346,35841471468,1,Demos Visual Tests,jquery(1/3)-screenshots-material.blue.light,feature/scheduler-dst-grid/main,cancelled,Run TestCafe tests (jQuery),https://github.com/DevExpress/DevExtreme/actions/runs/35841471468/job/107119684346
"23.09.26, 09:22:02",107120685477,35841471468,1,Demos Visual Tests,Build demos (Angular 1/3),feature/scheduler-dst-grid/main,cancelled,,https://github.com/DevExpress/DevExtreme/actions/runs/35841471468/job/107120685477
"23.09.26, 09:22:02",107120685568,35841471468,1,Demos Visual Tests,Build demos (Angular 2/3),feature/scheduler-dst-grid/main,cancelled,Install dependencies,https://github.com/DevExpress/DevExtreme/actions/runs/35841471468/job/107120685568
"23.09.26, 09:28:53",107122917392,35841471468,1,Demos Visual Tests,${{ matrix.CONSTEL }}-screenshots-${{ matrix.THEME }},feature/scheduler-dst-grid/main,cancelled,,https://github.com/DevExpress/DevExtreme/actions/runs/35841471468/job/107122917392
"23.09.26, 09:28:56",107122931940,35841471468,1,Demos Visual Tests,CSP Violations Summary,feature/scheduler-dst-grid/main,cancelled,,https://github.com/DevExpress/DevExtreme/actions/runs/35841471468/job/107122931940
"23.09.26, 09:28:56",107122934343,35841471468,1,Demos Visual Tests,merge-artifacts,feature/scheduler-dst-grid/main,cancelled,,https://github.com/DevExpress/DevExtreme/actions/runs/35841471468/job/107122934343
"23.09.26, 09:06:37",107115726105,35840970642,1,Demos Visual Tests,Build DevExtreme,typescript/viz/es6_chart,cancelled,,https://github.com/DevExpress/DevExtreme/actions/runs/35840970642/job/107115726105
"23.09.26, 09:15:07",107118446537,35840970642,1,Demos Visual Tests,CSP check (jQuery),typescript/viz/es6_chart,cancelled,,https://github.com/DevExpress/DevExtreme/actions/runs/35840970642/job/107118446537
"23.09.26, 09:15:08",107118446826,35840970642,1,Demos Visual Tests,Check generated demos,typescript/viz/es6_chart,cancelled,,https://github.com/DevExpress/DevExtreme/actions/runs/35840970642/job/107118446826
"23.09.26, 09:15:08",107118446847,35840970642,1,Demos Visual Tests,"Build vendor bundles (React, Vue)",typescript/viz/es6_chart,cancelled,,https://github.com/DevExpress/DevExtreme/actions/runs/35840970642/job/107118446847
"23.09.26, 09:15:08",107118446891,35840970642,1,Demos Visual Tests,Check TS and lint code base,typescript/viz/es6_chart,cancelled,,https://github.com/DevExpress/DevExtreme/actions/runs/35840970642/job/107118446891
"23.09.26, 09:15:08",107118447024,35840970642,1,Demos Visual Tests,"matrix.SHARD_TOTAL == 1 && format('CSP check ({0})', matrix.FRAMEWORK) || format('CSP check ({0} {1}/{2})', matrix.FRAMEWORK, matrix.SHARD_INDEX, matrix.SHARD_TOTAL)",typescript/viz/es6_chart,cancelled,,https://github.com/DevExpress/DevExtreme/actions/runs/35840970642/job/107118447024
"23.09.26, 09:15:08",107118447073,35840970642,1,Demos Visual Tests,${{ matrix.CONSTEL }}-${{ matrix.STRATEGY }}-${{ matrix.THEME }},typescript/viz/es6_chart,cancelled,,https://github.com/DevExpress/DevExtreme/actions/runs/35840970642/job/107118447073
"23.09.26, 09:15:08",107118447758,35840970642,1,Demos Visual Tests,"matrix.SHARD_TOTAL == 1 && format('Build demos ({0})', matrix.FRAMEWORK) || format('Build demos ({0} {1}/{2})', matrix.FRAMEWORK, matrix.SHARD_INDEX, matrix.SHARD_TOTAL)",typescript/viz/es6_chart,cancelled,,https://github.com/DevExpress/DevExtreme/actions/runs/35840970642/job/107118447758
"23.09.26, 09:15:08",107118447920,35840970642,1,Demos Visual Tests,CSP Violations Summary,typescript/viz/es6_chart,cancelled,,https://github.com/DevExpress/DevExtreme/actions/runs/35840970642/job/107118447920
"23.09.26, 09:15:08",107118448670,35840970642,1,Demos Visual Tests,${{ matrix.CONSTEL }}-screenshots-${{ matrix.THEME }},typescript/viz/es6_chart,cancelled,,https://github.com/DevExpress/DevExtreme/actions/runs/35840970642/job/107118448670
"23.09.26, 09:15:08",107118449344,35840970642,1,Demos Visual Tests,merge-artifacts,typescript/viz/es6_chart,cancelled,,https://github.com/DevExpress/DevExtreme/actions/runs/35840970642/job/107118449344
"23.09.26, 09:05:52",107115483047,35840903739,1,Demos Visual Tests,Build DevExtreme,typescript/viz/es6_chart,cancelled,,https://github.com/DevExpress/DevExtreme/actions/runs/35840903739/job/107115483047
"23.09.26, 09:06:24",107115655680,35840903739,1,Demos Visual Tests,"matrix.SHARD_TOTAL == 1 && format('CSP check ({0})', matrix.FRAMEWORK) || format('CSP check ({0} {1}/{2})', matrix.FRAMEWORK, matrix.SHARD_INDEX, matrix.SHARD_TOTAL)",typescript/viz/es6_chart,cancelled,,https://github.com/DevExpress/DevExtreme/actions/runs/35840903739/job/107115655680
"23.09.26, 09:06:24",107115655937,35840903739,1,Demos Visual Tests,CSP check (jQuery),typescript/viz/es6_chart,cancelled,,https://github.com/DevExpress/DevExtreme/actions/runs/35840903739/job/107115655937
"23.09.26, 09:06:24",107115656002,35840903739,1,Demos Visual Tests,"Build vendor bundles (React, Vue)",typescript/viz/es6_chart,cancelled,,https://github.com/DevExpress/DevExtreme/actions/runs/35840903739/job/107115656002
"23.09.26, 09:06:24",107115656095,35840903739,1,Demos Visual Tests,Check TS and lint code base,typescript/viz/es6_chart,cancelled,,https://github.com/DevExpress/DevExtreme/actions/runs/35840903739/job/107115656095
"23.09.26, 09:06:24",107115656155,35840903739,1,Demos Visual Tests,${{ matrix.CONSTEL }}-${{ matrix.STRATEGY }}-${{ matrix.THEME }},typescript/viz/es6_chart,cancelled,,https://github.com/DevExpress/DevExtreme/actions/runs/35840903739/job/107115656155
"23.09.26, 09:06:24",107115656226,35840903739,1,Demos Visual Tests,Check generated demos,typescript/viz/es6_chart,cancelled,,https://github.com/DevExpress/DevExtreme/actions/runs/35840903739/job/107115656226
"23.09.26, 09:06:24",107115656454,35840903739,1,Demos Visual Tests,CSP Violations Summary,typescript/viz/es6_chart,cancelled,,https://github.com/DevExpress/DevExtreme/actions/runs/35840903739/job/107115656454
"23.09.26, 09:06:24",107115656516,35840903739,1,Demos Visual Tests,"matrix.SHARD_TOTAL == 1 && format('Build demos ({0})', matrix.FRAMEWORK) || format('Build demos ({0} {1}/{2})', matrix.FRAMEWORK, matrix.SHARD_INDEX, matrix.SHARD_TOTAL)",typescript/viz/es6_chart,cancelled,,https://github.com/DevExpress/DevExtreme/actions/runs/35840903739/job/107115656516
"23.09.26, 09:06:24",107115657226,35840903739,1,Demos Visual Tests,${{ matrix.CONSTEL }}-screenshots-${{ matrix.THEME }},typescript/viz/es6_chart,cancelled,,https://github.com/DevExpress/DevExtreme/actions/runs/35840903739/job/107115657226
"23.09.26, 09:06:25",107115658562,35840903739,1,Demos Visual Tests,merge-artifacts,typescript/viz/es6_chart,cancelled,,https://github.com/DevExpress/DevExtreme/actions/runs/35840903739/job/107115658562
"23.09.26, 09:08:36",107116356221,35840262751,1,Demos Visual Tests,Check TS and lint code base,fluent-next/mode-island-icons,cancelled,Run lint on all demos,https://github.com/DevExpress/DevExtreme/actions/runs/35840262751/job/107116356221
"23.09.26, 09:08:36",107116356225,35840262751,1,Demos Visual Tests,Check generated demos,fluent-next/mode-island-icons,cancelled,Check generated JS demos,https://github.com/DevExpress/DevExtreme/actions/runs/35840262751/job/107116356225
"23.09.26, 09:08:36",107116356231,35840262751,1,Demos Visual Tests,CSP check (jQuery),fluent-next/mode-island-icons,cancelled,Run CSP Check,https://github.com/DevExpress/DevExtreme/actions/runs/35840262751/job/107116356231
"23.09.26, 09:08:36",107116356409,35840262751,1,Demos Visual Tests,CSP check (Angular 2/3),fluent-next/mode-island-icons,cancelled,Run CSP Check,https://github.com/DevExpress/DevExtreme/actions/runs/35840262751/job/107116356409
"23.09.26, 09:08:36",107116356443,35840262751,1,Demos Visual Tests,CSP check (Vue 1/2),fluent-next/mode-island-icons,cancelled,Run CSP Check,https://github.com/DevExpress/DevExtreme/actions/runs/35840262751/job/107116356443
"23.09.26, 09:08:36",107116356462,35840262751,1,Demos Visual Tests,CSP check (React 1/2),fluent-next/mode-island-icons,cancelled,Run CSP Check,https://github.com/DevExpress/DevExtreme/actions/runs/35840262751/job/107116356462
"23.09.26, 09:08:36",107116356479,35840262751,1,Demos Visual Tests,jquery(2/3)-screenshots-fluent.blue.light,fluent-next/mode-island-icons,cancelled,Run TestCafe tests (jQuery),https://github.com/DevExpress/DevExtreme/actions/runs/35840262751/job/107116356479
"23.09.26, 09:08:36",107116356489,35840262751,1,Demos Visual Tests,CSP check (Vue 2/2),fluent-next/mode-island-icons,cancelled,Run CSP Check,https://github.com/DevExpress/DevExtreme/actions/runs/35840262751/job/107116356489
"23.09.26, 09:08:36",107116356490,35840262751,1,Demos Visual Tests,jquery(1/3)-screenshots-material.blue.light,fluent-next/mode-island-icons,cancelled,Run TestCafe tests (jQuery),https://github.com/DevExpress/DevExtreme/actions/runs/35840262751/job/107116356490
"23.09.26, 09:08:36",107116356529,35840262751,1,Demos Visual Tests,jquery(1/3)-screenshots-fluent.blue.light,fluent-next/mode-island-icons,cancelled,Run TestCafe tests (jQuery),https://github.com/DevExpress/DevExtreme/actions/runs/35840262751/job/107116356529
"23.09.26, 09:08:36",107116356536,35840262751,1,Demos Visual Tests,CSP check (React 2/2),fluent-next/mode-island-icons,cancelled,Run CSP Check,https://github.com/DevExpress/DevExtreme/actions/runs/35840262751/job/107116356536
"23.09.26, 09:08:36",107116356549,35840262751,1,Demos Visual Tests,jquery(2/3)-screenshots-material.blue.light,fluent-next/mode-island-icons,cancelled,Run TestCafe tests (jQuery),https://github.com/DevExpress/DevExtreme/actions/runs/35840262751/job/107116356549
"23.09.26, 09:08:36",107116356573,35840262751,1,Demos Visual Tests,jquery-accessibility-material.blue.light,fluent-next/mode-island-icons,cancelled,,https://github.com/DevExpress/DevExtreme/actions/runs/35840262751/job/107116356573
"23.09.26, 09:08:36",107116356601,35840262751,1,Demos Visual Tests,CSP check (Angular 3/3),fluent-next/mode-island-icons,cancelled,Run CSP Check,https://github.com/DevExpress/DevExtreme/actions/runs/35840262751/job/107116356601
"23.09.26, 09:08:36",107116356627,35840262751,1,Demos Visual Tests,jquery(3/3)-screenshots-material.blue.light,fluent-next/mode-island-icons,cancelled,Run TestCafe tests (jQuery),https://github.com/DevExpress/DevExtreme/actions/runs/35840262751/job/107116356627
"23.09.26, 09:08:36",107116356653,35840262751,1,Demos Visual Tests,CSP check (Angular 1/3),fluent-next/mode-island-icons,cancelled,Run CSP Check,https://github.com/DevExpress/DevExtreme/actions/runs/35840262751/job/107116356653
"23.09.26, 09:08:36",107116356673,35840262751,1,Demos Visual Tests,jquery(3/3)-screenshots-fluent.blue.light,fluent-next/mode-island-icons,cancelled,Run TestCafe tests (jQuery),https://github.com/DevExpress/DevExtreme/actions/runs/35840262751/job/107116356673
"23.09.26, 09:08:36",107116356821,35840262751,1,Demos Visual Tests,jquery-accessibility-fluent.blue.light,fluent-next/mode-island-icons,cancelled,,https://github.com/DevExpress/DevExtreme/actions/runs/35840262751/job/107116356821
"23.09.26, 09:08:36",107116356884,35840262751,1,Demos Visual Tests,jquery-accessibility-fluent.blue.dark,fluent-next/mode-island-icons,cancelled,,https://github.com/DevExpress/DevExtreme/actions/runs/35840262751/job/107116356884
"23.09.26, 09:08:36",107116357171,35840262751,1,Demos Visual Tests,jquery-accessibility-material.blue.dark,fluent-next/mode-island-icons,cancelled,,https://github.com/DevExpress/DevExtreme/actions/runs/35840262751/job/107116357171
"23.09.26, 09:11:58",107117424595,35840262751,1,Demos Visual Tests,react(3/3)-screenshots-fluent.blue.light,fluent-next/mode-island-icons,cancelled,,https://github.com/DevExpress/DevExtreme/actions/runs/35840262751/job/107117424595
"23.09.26, 09:11:58",107117424611,35840262751,1,Demos Visual Tests,react(1/3)-screenshots-fluent-next.blue.light,fluent-next/mode-island-icons,cancelled,Install dependencies,https://github.com/DevExpress/DevExtreme/actions/runs/35840262751/job/107117424611
"23.09.26, 09:11:58",107117424625,35840262751,1,Demos Visual Tests,react(2/3)-screenshots-fluent-next.blue.light,fluent-next/mode-island-icons,cancelled,Install dependencies,https://github.com/DevExpress/DevExtreme/actions/runs/35840262751/job/107117424625
"23.09.26, 09:11:58",107117424683,35840262751,1,Demos Visual Tests,vue(4/5)-screenshots-fluent.blue.light,fluent-next/mode-island-icons,cancelled,Install dependencies,https://github.com/DevExpress/DevExtreme/actions/runs/35840262751/job/107117424683
"23.09.26, 09:11:58",107117424696,35840262751,1,Demos Visual Tests,vue(3/5)-screenshots-fluent-next.blue.light,fluent-next/mode-island-icons,cancelled,Run TestCafe tests,https://github.com/DevExpress/DevExtreme/actions/runs/35840262751/job/107117424696
"23.09.26, 09:11:58",107117424715,35840262751,1,Demos Visual Tests,vue(1/5)-screenshots-fluent.blue.light,fluent-next/mode-island-icons,cancelled,Run TestCafe tests,https://github.com/DevExpress/DevExtreme/actions/runs/35840262751/job/107117424715
"23.09.26, 09:11:58",107117424726,35840262751,1,Demos Visual Tests,vue(2/5)-screenshots-fluent-next.blue.light,fluent-next/mode-island-icons,cancelled,,https://github.com/DevExpress/DevExtreme/actions/runs/35840262751/job/107117424726
"23.09.26, 09:11:58",107117424729,35840262751,1,Demos Visual Tests,vue(5/5)-screenshots-fluent.blue.light,fluent-next/mode-island-icons,cancelled,Install dependencies,https://github.com/DevExpress/DevExtreme/actions/runs/35840262751/job/107117424729
"23.09.26, 09:11:58",107117424737,35840262751,1,Demos Visual Tests,angular(1/10)-screenshots-fluent.blue.light,fluent-next/mode-island-icons,cancelled,Run TestCafe tests,https://github.com/DevExpress/DevExtreme/actions/runs/35840262751/job/107117424737
"23.09.26, 09:11:58",107117424746,35840262751,1,Demos Visual Tests,vue(1/5)-screenshots-fluent-next.blue.light,fluent-next/mode-island-icons,cancelled,,https://github.com/DevExpress/DevExtreme/actions/runs/35840262751/job/107117424746
"23.09.26, 09:11:58",107117424752,35840262751,1,Demos Visual Tests,angular(4/10)-screenshots-fluent.blue.light,fluent-next/mode-island-icons,cancelled,Run TestCafe tests,https://github.com/DevExpress/DevExtreme/actions/runs/35840262751/job/107117424752
"23.09.26, 09:11:58",107117424757,35840262751,1,Demos Visual Tests,angular(2/10)-screenshots-fluent-next.blue.light,fluent-next/mode-island-icons,cancelled,Run TestCafe tests,https://github.com/DevExpress/DevExtreme/actions/runs/35840262751/job/107117424757
"23.09.26, 09:11:58",107117424766,35840262751,1,Demos Visual Tests,react(2/3)-screenshots-fluent.blue.light,fluent-next/mode-island-icons,cancelled,,https://github.com/DevExpress/DevExtreme/actions/runs/35840262751/job/107117424766
"23.09.26, 09:11:58",107117424776,35840262751,1,Demos Visual Tests,vue(3/5)-screenshots-fluent.blue.light,fluent-next/mode-island-icons,cancelled,,https://github.com/DevExpress/DevExtreme/actions/runs/35840262751/job/107117424776
"23.09.26, 09:11:58",107117424778,35840262751,1,Demos Visual Tests,angular(2/10)-screenshots-fluent.blue.light,fluent-next/mode-island-icons,cancelled,Install dependencies,https://github.com/DevExpress/DevExtreme/actions/runs/35840262751/job/107117424778
"23.09.26, 09:11:58",107117424784,35840262751,1,Demos Visual Tests,vue(4/5)-screenshots-fluent-next.blue.light,fluent-next/mode-island-icons,cancelled,Install dependencies,https://github.com/DevExpress/DevExtreme/actions/runs/35840262751/job/107117424784
"23.09.26, 09:11:58",107117424804,35840262751,1,Demos Visual Tests,angular(6/10)-screenshots-fluent.blue.light,fluent-next/mode-island-icons,cancelled,Install dependencies,https://github.com/DevExpress/DevExtreme/actions/runs/35840262751/job/107117424804
"23.09.26, 09:11:58",107117424805,35840262751,1,Demos Visual Tests,angular(6/10)-screenshots-fluent-next.blue.light,fluent-next/mode-island-icons,cancelled,Install dependencies,https://github.com/DevExpress/DevExtreme/actions/runs/35840262751/job/107117424805
"23.09.26, 09:11:58",107117424808,35840262751,1,Demos Visual Tests,react(1/3)-screenshots-fluent.blue.light,fluent-next/mode-island-icons,cancelled,,https://github.com/DevExpress/DevExtreme/actions/runs/35840262751/job/107117424808
"23.09.26, 09:11:58",107117424809,35840262751,1,Demos Visual Tests,react(3/3)-screenshots-fluent-next.blue.light,fluent-next/mode-island-icons,cancelled,Install dependencies,https://github.com/DevExpress/DevExtreme/actions/runs/35840262751/job/107117424809
"23.09.26, 09:11:58",107117424812,35840262751,1,Demos Visual Tests,angular(7/10)-screenshots-fluent.blue.light,fluent-next/mode-island-icons,cancelled,Install dependencies,https://github.com/DevExpress/DevExtreme/actions/runs/35840262751/job/107117424812
"23.09.26, 09:11:58",107117424818,35840262751,1,Demos Visual Tests,vue(2/5)-screenshots-fluent.blue.light,fluent-next/mode-island-icons,cancelled,,https://github.com/DevExpress/DevExtreme/actions/runs/35840262751/job/107117424818
"23.09.26, 09:11:58",107117424819,35840262751,1,Demos Visual Tests,angular(4/10)-screenshots-fluent-next.blue.light,fluent-next/mode-island-icons,cancelled,,https://github.com/DevExpress/DevExtreme/actions/runs/35840262751/job/107117424819
"23.09.26, 09:11:58",107117424820,35840262751,1,Demos Visual Tests,angular(3/10)-screenshots-fluent.blue.light,fluent-next/mode-island-icons,cancelled,,https://github.com/DevExpress/DevExtreme/actions/runs/35840262751/job/107117424820
"23.09.26, 09:11:58",107117424867,35840262751,1,Demos Visual Tests,angular(5/10)-screenshots-fluent.blue.light,fluent-next/mode-island-icons,cancelled,,https://github.com/DevExpress/DevExtreme/actions/runs/35840262751/job/107117424867
"23.09.26, 09:11:58",107117424868,35840262751,1,Demos Visual Tests,angular(1/10)-screenshots-fluent-next.blue.light,fluent-next/mode-island-icons,cancelled,,https://github.com/DevExpress/DevExtreme/actions/runs/35840262751/job/107117424868
"23.09.26, 09:11:58",107117424873,35840262751,1,Demos Visual Tests,angular(5/10)-screenshots-fluent-next.blue.light,fluent-next/mode-island-icons,cancelled,Run TestCafe tests,https://github.com/DevExpress/DevExtreme/actions/runs/35840262751/job/107117424873
"23.09.26, 09:11:58",107117424879,35840262751,1,Demos Visual Tests,vue(5/5)-screenshots-fluent-next.blue.light,fluent-next/mode-island-icons,cancelled,,https://github.com/DevExpress/DevExtreme/actions/runs/35840262751/job/107117424879
"23.09.26, 09:11:58",107117424904,35840262751,1,Demos Visual Tests,angular(10/10)-screenshots-fluent-next.blue.light,fluent-next/mode-island-icons,cancelled,,https://github.com/DevExpress/DevExtreme/actions/runs/35840262751/job/107117424904
"23.09.26, 09:11:58",107117424905,35840262751,1,Demos Visual Tests,angular(8/10)-screenshots-fluent-next.blue.light,fluent-next/mode-island-icons,cancelled,,https://github.com/DevExpress/DevExtreme/actions/runs/35840262751/job/107117424905
"23.09.26, 09:11:58",107117424908,35840262751,1,Demos Visual Tests,angular(3/10)-screenshots-fluent-next.blue.light,fluent-next/mode-island-icons,cancelled,,https://github.com/DevExpress/DevExtreme/actions/runs/35840262751/job/107117424908
"23.09.26, 09:11:58",107117424944,35840262751,1,Demos Visual Tests,angular(7/10)-screenshots-fluent-next.blue.light,fluent-next/mode-island-icons,cancelled,,https://github.com/DevExpress/DevExtreme/actions/runs/35840262751/job/107117424944
"23.09.26, 09:11:58",107117424974,35840262751,1,Demos Visual Tests,angular(10/10)-screenshots-fluent.blue.light,fluent-next/mode-island-icons,cancelled,,https://github.com/DevExpress/DevExtreme/actions/runs/35840262751/job/107117424974
"23.09.26, 09:11:58",107117424987,35840262751,1,Demos Visual Tests,angular(9/10)-screenshots-fluent-next.blue.light,fluent-next/mode-island-icons,cancelled,,https://github.com/DevExpress/DevExtreme/actions/runs/35840262751/job/107117424987
"23.09.26, 09:11:58",107117425047,35840262751,1,Demos Visual Tests,angular(8/10)-screenshots-fluent.blue.light,fluent-next/mode-island-icons,cancelled,,https://github.com/DevExpress/DevExtreme/actions/runs/35840262751/job/107117425047
"23.09.26, 09:11:58",107117425055,35840262751,1,Demos Visual Tests,angular(9/10)-screenshots-fluent.blue.light,fluent-next/mode-island-icons,cancelled,,https://github.com/DevExpress/DevExtreme/actions/runs/35840262751/job/107117425055
"23.09.26, 09:13:55",107118059247,35840262751,1,Demos Visual Tests,CSP Violations Summary,fluent-next/mode-island-icons,cancelled,,https://github.com/DevExpress/DevExtreme/actions/runs/35840262751/job/107118059247
"23.09.26, 09:14:24",107118214807,35840262751,1,Demos Visual Tests,merge-artifacts,fluent-next/mode-island-icons,cancelled,,https://github.com/DevExpress/DevExtreme/actions/runs/35840262751/job/107118214807
"23.09.26, 09:07:32",107116016992,35840218422,1,Demos Visual Tests,jquery(2/3)-screenshots-material.blue.light,gh-readonly-queue/main/pr-35252-66c3f89275e90452541623e39028865ce79316fc,failure,Run TestCafe tests (jQuery),https://github.com/DevExpress/DevExtreme/actions/runs/35840218422/job/107116016992
"23.09.26, 08:10:38",107098329545,35834537606,1,Demos Visual Tests,react(2/3)-screenshots-fluent.blue.light,chore/chrome_153_update_safe,failure,Run TestCafe tests,https://github.com/DevExpress/DevExtreme/actions/runs/35834537606/job/107098329545
"23.09.26, 08:10:38",107098329567,35834537606,1,Demos Visual Tests,vue(1/5)-screenshots-fluent.blue.light,chore/chrome_153_update_safe,failure,Run TestCafe tests,https://github.com/DevExpress/DevExtreme/actions/runs/35834537606/job/107098329567
"23.09.26, 08:10:38",107098329584,35834537606,1,Demos Visual Tests,vue(2/5)-screenshots-fluent.blue.light,chore/chrome_153_update_safe,failure,Run TestCafe tests,https://github.com/DevExpress/DevExtreme/actions/runs/35834537606/job/107098329584
"23.09.26, 08:10:38",107098329638,35834537606,1,Demos Visual Tests,angular(6/10)-screenshots-fluent.blue.light,chore/chrome_153_update_safe,failure,Run TestCafe tests,https://github.com/DevExpress/DevExtreme/actions/runs/35834537606/job/107098329638
"23.09.26, 08:10:38",107098329656,35834537606,1,Demos Visual Tests,angular(10/10)-screenshots-fluent.blue.light,chore/chrome_153_update_safe,failure,Run TestCafe tests,https://github.com/DevExpress/DevExtreme/actions/runs/35834537606/job/107098329656
"23.09.26, 08:10:38",107098329673,35834537606,1,Demos Visual Tests,react(1/3)-screenshots-fluent.blue.light,chore/chrome_153_update_safe,failure,Run TestCafe tests,https://github.com/DevExpress/DevExtreme/actions/runs/35834537606/job/107098329673
"23.09.26, 08:10:38",107098329726,35834537606,1,Demos Visual Tests,angular(9/10)-screenshots-fluent.blue.light,chore/chrome_153_update_safe,failure,Run TestCafe tests,https://github.com/DevExpress/DevExtreme/actions/runs/35834537606/job/107098329726
"23.09.26, 08:10:38",107098330282,35834537606,1,Demos Visual Tests,vue(5/5)-screenshots-fluent.blue.light,chore/chrome_153_update_safe,failure,Run TestCafe tests,https://github.com/DevExpress/DevExtreme/actions/runs/35834537606/job/107098330282
"23.09.26, 07:45:40",107091072723,35833238624,1,Demos Visual Tests,Build DevExtreme,fluent-next/mode-island-icons,failure,,https://github.com/DevExpress/DevExtreme/actions/runs/35833238624/job/107091072723
"23.09.26, 07:41:13",107089781054,35832451904,1,Demos Visual Tests,jquery(1/3)-screenshots-material.blue.light,typescript/viz/es6_pie_chart_26_1,failure,,https://github.com/DevExpress/DevExtreme/actions/runs/35832451904/job/107089781054
"23.09.26, 04:46:20",107048687449,35819004549,1,Demos Visual Tests,CSP check (jQuery),fluent-next/mode-island-icons,cancelled,,https://github.com/DevExpress/DevExtreme/actions/runs/35819004549/job/107048687449
"23.09.26, 04:58:05",107051018627,35819004549,1,Demos Visual Tests,CSP Violations Summary,fluent-next/mode-island-icons,cancelled,,https://github.com/DevExpress/DevExtreme/actions/runs/35819004549/job/107051018627
"23.09.26, 04:36:06",107046589884,35818378535,1,Demos Visual Tests,Check generated demos,fluent-next/mode-island-icons,cancelled,Get sources,https://github.com/DevExpress/DevExtreme/actions/runs/35818378535/job/107046589884
"23.09.26, 04:36:06",107046589900,35818378535,1,Demos Visual Tests,CSP check (jQuery),fluent-next/mode-island-icons,cancelled,Install dependencies,https://github.com/DevExpress/DevExtreme/actions/runs/35818378535/job/107046589900
"23.09.26, 04:36:06",107046589901,35818378535,1,Demos Visual Tests,Check TS and lint code base,fluent-next/mode-island-icons,cancelled,Demos - Check Vue TS,https://github.com/DevExpress/DevExtreme/actions/runs/35818378535/job/107046589901
"23.09.26, 04:36:06",107046589936,35818378535,1,Demos Visual Tests,"Build vendor bundles (React, Vue)",fluent-next/mode-island-icons,cancelled,Install dependencies,https://github.com/DevExpress/DevExtreme/actions/runs/35818378535/job/107046589936
"23.09.26, 04:36:06",107046589984,35818378535,1,Demos Visual Tests,CSP check (Angular 2/3),fluent-next/mode-island-icons,cancelled,Install dependencies,https://github.com/DevExpress/DevExtreme/actions/runs/35818378535/job/107046589984
"23.09.26, 04:36:06",107046590003,35818378535,1,Demos Visual Tests,CSP check (Vue 1/2),fluent-next/mode-island-icons,cancelled,Install dependencies,https://github.com/DevExpress/DevExtreme/actions/runs/35818378535/job/107046590003
"23.09.26, 04:36:06",107046590041,35818378535,1,Demos Visual Tests,jquery(3/3)-screenshots-fluent.blue.light,fluent-next/mode-island-icons,cancelled,Install dependencies,https://github.com/DevExpress/DevExtreme/actions/runs/35818378535/job/107046590041
"23.09.26, 04:36:06",107046590051,35818378535,1,Demos Visual Tests,CSP check (React 1/2),fluent-next/mode-island-icons,cancelled,Install dependencies,https://github.com/DevExpress/DevExtreme/actions/runs/35818378535/job/107046590051
"23.09.26, 04:36:06",107046590052,35818378535,1,Demos Visual Tests,CSP check (Vue 2/2),fluent-next/mode-island-icons,cancelled,Install dependencies,https://github.com/DevExpress/DevExtreme/actions/runs/35818378535/job/107046590052
"23.09.26, 04:36:06",107046590055,35818378535,1,Demos Visual Tests,jquery(3/3)-screenshots-material.blue.light,fluent-next/mode-island-icons,cancelled,Install dependencies,https://github.com/DevExpress/DevExtreme/actions/runs/35818378535/job/107046590055
"23.09.26, 04:36:06",107046590061,35818378535,1,Demos Visual Tests,CSP check (Angular 3/3),fluent-next/mode-island-icons,cancelled,Install dependencies,https://github.com/DevExpress/DevExtreme/actions/runs/35818378535/job/107046590061
"23.09.26, 04:36:06",107046590062,35818378535,1,Demos Visual Tests,CSP check (React 2/2),fluent-next/mode-island-icons,cancelled,Install dependencies,https://github.com/DevExpress/DevExtreme/actions/runs/35818378535/job/107046590062
"23.09.26, 04:36:06",107046590074,35818378535,1,Demos Visual Tests,jquery(1/3)-screenshots-fluent.blue.light,fluent-next/mode-island-icons,cancelled,Install dependencies,https://github.com/DevExpress/DevExtreme/actions/runs/35818378535/job/107046590074
"23.09.26, 04:36:06",107046590092,35818378535,1,Demos Visual Tests,CSP check (Angular 1/3),fluent-next/mode-island-icons,cancelled,Install dependencies,https://github.com/DevExpress/DevExtreme/actions/runs/35818378535/job/107046590092
"23.09.26, 04:36:06",107046590105,35818378535,1,Demos Visual Tests,jquery(1/3)-screenshots-material.blue.light,fluent-next/mode-island-icons,cancelled,Install dependencies,https://github.com/DevExpress/DevExtreme/actions/runs/35818378535/job/107046590105
"23.09.26, 04:36:06",107046590135,35818378535,1,Demos Visual Tests,jquery-accessibility-fluent.blue.light,fluent-next/mode-island-icons,cancelled,Install dependencies,https://github.com/DevExpress/DevExtreme/actions/runs/35818378535/job/107046590135
"23.09.26, 04:36:06",107046590136,35818378535,1,Demos Visual Tests,jquery-accessibility-material.blue.light,fluent-next/mode-island-icons,cancelled,Install dependencies,https://github.com/DevExpress/DevExtreme/actions/runs/35818378535/job/107046590136
"23.09.26, 04:36:06",107046590163,35818378535,1,Demos Visual Tests,jquery-accessibility-fluent.blue.dark,fluent-next/mode-island-icons,cancelled,Install dependencies,https://github.com/DevExpress/DevExtreme/actions/runs/35818378535/job/107046590163
"23.09.26, 04:36:06",107046590172,35818378535,1,Demos Visual Tests,jquery(2/3)-screenshots-fluent.blue.light,fluent-next/mode-island-icons,cancelled,Install dependencies,https://github.com/DevExpress/DevExtreme/actions/runs/35818378535/job/107046590172
"23.09.26, 04:36:06",107046590189,35818378535,1,Demos Visual Tests,jquery(2/3)-screenshots-material.blue.light,fluent-next/mode-island-icons,cancelled,Install dependencies,https://github.com/DevExpress/DevExtreme/actions/runs/35818378535/job/107046590189
"23.09.26, 04:36:06",107046590239,35818378535,1,Demos Visual Tests,jquery-accessibility-material.blue.dark,fluent-next/mode-island-icons,cancelled,Install dependencies,https://github.com/DevExpress/DevExtreme/actions/runs/35818378535/job/107046590239
"23.09.26, 04:37:24",107046849284,35818378535,1,Demos Visual Tests,"matrix.SHARD_TOTAL == 1 && format('Build demos ({0})', matrix.FRAMEWORK) || format('Build demos ({0} {1}/{2})', matrix.FRAMEWORK, matrix.SHARD_INDEX, matrix.SHARD_TOTAL)",fluent-next/mode-island-icons,cancelled,,https://github.com/DevExpress/DevExtreme/actions/runs/35818378535/job/107046849284
"23.09.26, 04:37:24",107046849318,35818378535,1,Demos Visual Tests,${{ matrix.CONSTEL }}-screenshots-${{ matrix.THEME }},fluent-next/mode-island-icons,cancelled,,https://github.com/DevExpress/DevExtreme/actions/runs/35818378535/job/107046849318
"23.09.26, 04:37:24",107046849812,35818378535,1,Demos Visual Tests,${{ matrix.CONSTEL }}-screenshots-${{ matrix.THEME }},fluent-next/mode-island-icons,cancelled,,https://github.com/DevExpress/DevExtreme/actions/runs/35818378535/job/107046849812
"23.09.26, 04:37:25",107046851517,35818378535,1,Demos Visual Tests,CSP Violations Summary,fluent-next/mode-island-icons,cancelled,,https://github.com/DevExpress/DevExtreme/actions/runs/35818378535/job/107046851517
"23.09.26, 04:37:25",107046852008,35818378535,1,Demos Visual Tests,merge-artifacts,fluent-next/mode-island-icons,cancelled,,https://github.com/DevExpress/DevExtreme/actions/runs/35818378535/job/107046852008
"23.09.26, 04:23:49",107044085961,35818103383,1,Demos Visual Tests,Build DevExtreme,fluent-next/mode-island-icons,cancelled,DevExtreme - Build-all,https://github.com/DevExpress/DevExtreme/actions/runs/35818103383/job/107044085961
"23.09.26, 04:27:28",107044829177,35818103383,1,Demos Visual Tests,${{ matrix.CONSTEL }}-${{ matrix.STRATEGY }}-${{ matrix.THEME }},fluent-next/mode-island-icons,cancelled,,https://github.com/DevExpress/DevExtreme/actions/runs/35818103383/job/107044829177
"23.09.26, 04:27:28",107044829375,35818103383,1,Demos Visual Tests,"Build vendor bundles (React, Vue)",fluent-next/mode-island-icons,cancelled,,https://github.com/DevExpress/DevExtreme/actions/runs/35818103383/job/107044829375
"23.09.26, 04:27:28",107044829399,35818103383,1,Demos Visual Tests,CSP check (jQuery),fluent-next/mode-island-icons,cancelled,,https://github.com/DevExpress/DevExtreme/actions/runs/35818103383/job/107044829399
"23.09.26, 04:27:28",107044829464,35818103383,1,Demos Visual Tests,Check generated demos,fluent-next/mode-island-icons,cancelled,,https://github.com/DevExpress/DevExtreme/actions/runs/35818103383/job/107044829464
"23.09.26, 04:27:28",107044829502,35818103383,1,Demos Visual Tests,"matrix.SHARD_TOTAL == 1 && format('Build demos ({0})', matrix.FRAMEWORK) || format('Build demos ({0} {1}/{2})', matrix.FRAMEWORK, matrix.SHARD_INDEX, matrix.SHARD_TOTAL)",fluent-next/mode-island-icons,cancelled,,https://github.com/DevExpress/DevExtreme/actions/runs/35818103383/job/107044829502
"23.09.26, 04:27:28",107044829627,35818103383,1,Demos Visual Tests,Check TS and lint code base,fluent-next/mode-island-icons,cancelled,,https://github.com/DevExpress/DevExtreme/actions/runs/35818103383/job/107044829627
"23.09.26, 04:27:28",107044829664,35818103383,1,Demos Visual Tests,"matrix.SHARD_TOTAL == 1 && format('CSP check ({0})', matrix.FRAMEWORK) || format('CSP check ({0} {1}/{2})', matrix.FRAMEWORK, matrix.SHARD_INDEX, matrix.SHARD_TOTAL)",fluent-next/mode-island-icons,cancelled,,https://github.com/DevExpress/DevExtreme/actions/runs/35818103383/job/107044829664
"23.09.26, 04:27:28",107044829798,35818103383,1,Demos Visual Tests,CSP Violations Summary,fluent-next/mode-island-icons,cancelled,,https://github.com/DevExpress/DevExtreme/actions/runs/35818103383/job/107044829798
"23.09.26, 04:27:28",107044829913,35818103383,1,Demos Visual Tests,${{ matrix.CONSTEL }}-screenshots-${{ matrix.THEME }},fluent-next/mode-island-icons,cancelled,,https://github.com/DevExpress/DevExtreme/actions/runs/35818103383/job/107044829913
"23.09.26, 04:27:29",107044830093,35818103383,1,Demos Visual Tests,${{ matrix.CONSTEL }}-screenshots-${{ matrix.THEME }},fluent-next/mode-island-icons,cancelled,,https://github.com/DevExpress/DevExtreme/actions/runs/35818103383/job/107044830093
"23.09.26, 04:27:29",107044830614,35818103383,1,Demos Visual Tests,merge-artifacts,fluent-next/mode-island-icons,cancelled,,https://github.com/DevExpress/DevExtreme/actions/runs/35818103383/job/107044830614
"23.09.26, 13:06:44",107193674414,35864793741,1,Wrappers Tests,build,lavrov/stop-wrappers-generation,cancelled,Install dependencies,https://github.com/DevExpress/DevExtreme/actions/runs/35864793741/job/107193674414
"23.09.26, 13:08:46",107194434663,35864793741,1,Wrappers Tests,test,lavrov/stop-wrappers-generation,cancelled,,https://github.com/DevExpress/DevExtreme/actions/runs/35864793741/job/107194434663
"23.09.26, 13:00:24",107191286437,35863811293,1,Wrappers Tests,test (angular),lavrov/stop-wrappers-generation,cancelled,Test angular,https://github.com/DevExpress/DevExtreme/actions/runs/35863811293/job/107191286437
"23.09.26, 12:56:13",107189783776,35862937896,1,Wrappers Tests,test (react),lavrov/stop-wrappers-generation,cancelled,Test react,https://github.com/DevExpress/DevExtreme/actions/runs/35862937896/job/107189783776
"23.09.26, 12:56:13",107189783846,35862937896,1,Wrappers Tests,test (angular),lavrov/stop-wrappers-generation,cancelled,Test angular,https://github.com/DevExpress/DevExtreme/actions/runs/35862937896/job/107189783846
"23.09.26, 12:56:13",107189784159,35862937896,1,Wrappers Tests,test (vue),lavrov/stop-wrappers-generation,cancelled,Test vue,https://github.com/DevExpress/DevExtreme/actions/runs/35862937896/job/107189784159
"23.09.26, 11:47:15",107166310912,35855929339,1,Wrappers Tests,test (angular),lavrov/stop-wrappers-generation,cancelled,Pack angular,https://github.com/DevExpress/DevExtreme/actions/runs/35855929339/job/107166310912
"23.09.26, 11:39:46",107163958571,35855776881,1,Wrappers Tests,build,lavrov/stop-wrappers-generation,cancelled,Install dependencies,https://github.com/DevExpress/DevExtreme/actions/runs/35855776881/job/107163958571
"23.09.26, 11:41:52",107164611297,35855776881,1,Wrappers Tests,test,lavrov/stop-wrappers-generation,cancelled,,https://github.com/DevExpress/DevExtreme/actions/runs/35855776881/job/107164611297
"23.09.26, 11:38:28",107163556194,35855709871,1,Wrappers Tests,build,lavrov/stop-wrappers-generation,cancelled,Install dependencies,https://github.com/DevExpress/DevExtreme/actions/runs/35855709871/job/107163556194
"23.09.26, 11:39:46",107163957654,35855709871,1,Wrappers Tests,test,lavrov/stop-wrappers-generation,cancelled,,https://github.com/DevExpress/DevExtreme/actions/runs/35855709871/job/107163957654
"23.09.26, 10:41:26",107145913251,35849769260,1,Wrappers Tests,test (angular),26_1,cancelled,Setup nx cache,https://github.com/DevExpress/DevExtreme/actions/runs/35849769260/job/107145913251
"23.09.26, 10:41:26",107145913332,35849769260,1,Wrappers Tests,test (react),26_1,cancelled,Install dependencies,https://github.com/DevExpress/DevExtreme/actions/runs/35849769260/job/107145913332
"23.09.26, 10:41:26",107145913400,35849769260,1,Wrappers Tests,test (vue),26_1,cancelled,Install dependencies,https://github.com/DevExpress/DevExtreme/actions/runs/35849769260/job/107145913400
"23.09.26, 10:34:21",107143747102,35849031757,1,Wrappers Tests,test (angular),feature/26_2_new_fluent_theme_with_design_tokens_remove-comments,cancelled,Test angular,https://github.com/DevExpress/DevExtreme/actions/runs/35849031757/job/107143747102
"23.09.26, 10:34:21",107143747140,35849031757,1,Wrappers Tests,test (vue),feature/26_2_new_fluent_theme_with_design_tokens_remove-comments,cancelled,Post Setup nx cache,https://github.com/DevExpress/DevExtreme/actions/runs/35849031757/job/107143747140
"23.09.26, 10:34:21",107143747274,35849031757,1,Wrappers Tests,test (react),feature/26_2_new_fluent_theme_with_design_tokens_remove-comments,cancelled,Pack react,https://github.com/DevExpress/DevExtreme/actions/runs/35849031757/job/107143747274
"23.09.26, 09:57:36",107132111615,35844824130,1,Wrappers Tests,test (angular),gh-readonly-queue/main/pr-35273-3113f249d9aa60b6a7ed808fc06a29ebe0227a26,failure,,https://github.com/DevExpress/DevExtreme/actions/runs/35844824130/job/107132111615
"23.09.26, 09:57:36",107132111618,35844824130,1,Wrappers Tests,test (react),gh-readonly-queue/main/pr-35273-3113f249d9aa60b6a7ed808fc06a29ebe0227a26,failure,,https://github.com/DevExpress/DevExtreme/actions/runs/35844824130/job/107132111618
"23.09.26, 09:49:24",107129526010,35844010743,1,Wrappers Tests,test (vue),fluent-next/popup-drag-area-mode,failure,,https://github.com/DevExpress/DevExtreme/actions/runs/35844010743/job/107129526010
"23.09.26, 09:43:50",107127743290,35843076159,1,Wrappers Tests,test (vue),feature/26_2_new_fluent_theme_with_design_tokens_remove-comments,cancelled,,https://github.com/DevExpress/DevExtreme/actions/runs/35843076159/job/107127743290
"23.09.26, 09:43:50",107127743388,35843076159,1,Wrappers Tests,test (angular),feature/26_2_new_fluent_theme_with_design_tokens_remove-comments,cancelled,Test angular,https://github.com/DevExpress/DevExtreme/actions/runs/35843076159/job/107127743388
"23.09.26, 09:16:14",107118810865,35841471532,1,Wrappers Tests,test (angular),feature/scheduler-dst-grid/main,cancelled,Pack angular,https://github.com/DevExpress/DevExtreme/actions/runs/35841471532/job/107118810865
"23.09.26, 09:12:14",107117509046,35840970632,1,Wrappers Tests,test (angular),typescript/viz/es6_chart,cancelled,Test angular,https://github.com/DevExpress/DevExtreme/actions/runs/35840970632/job/107117509046
"23.09.26, 09:12:14",107117509107,35840970632,1,Wrappers Tests,test (react),typescript/viz/es6_chart,cancelled,Test react,https://github.com/DevExpress/DevExtreme/actions/runs/35840970632/job/107117509107
"23.09.26, 09:12:14",107117509152,35840970632,1,Wrappers Tests,test (vue),typescript/viz/es6_chart,cancelled,Test vue,https://github.com/DevExpress/DevExtreme/actions/runs/35840970632/job/107117509152
"23.09.26, 09:05:43",107115436840,35840903428,1,Wrappers Tests,build,typescript/viz/es6_chart,cancelled,,https://github.com/DevExpress/DevExtreme/actions/runs/35840903428/job/107115436840
"23.09.26, 09:05:43",107115437202,35840903428,1,Wrappers Tests,check-regenerate,typescript/viz/es6_chart,cancelled,,https://github.com/DevExpress/DevExtreme/actions/runs/35840903428/job/107115437202
"23.09.26, 09:06:24",107115655103,35840903428,1,Wrappers Tests,test,typescript/viz/es6_chart,cancelled,,https://github.com/DevExpress/DevExtreme/actions/runs/35840903428/job/107115655103
"23.09.26, 09:05:18",107115303701,35840262718,1,Wrappers Tests,test (angular),fluent-next/mode-island-icons,cancelled,Post Setup nx cache,https://github.com/DevExpress/DevExtreme/actions/runs/35840262718/job/107115303701
"23.09.26, 04:32:26",107045848974,35818378426,1,Wrappers Tests,test (react),fluent-next/mode-island-icons,cancelled,Pack react,https://github.com/DevExpress/DevExtreme/actions/runs/35818378426/job/107045848974
"23.09.26, 04:32:26",107045849015,35818378426,1,Wrappers Tests,test (vue),fluent-next/mode-island-icons,cancelled,Pack vue,https://github.com/DevExpress/DevExtreme/actions/runs/35818378426/job/107045849015
"23.09.26, 04:32:26",107045849023,35818378426,1,Wrappers Tests,test (angular),fluent-next/mode-island-icons,cancelled,Test angular,https://github.com/DevExpress/DevExtreme/actions/runs/35818378426/job/107045849023
"23.09.26, 04:22:58",107043913802,35818103292,1,Wrappers Tests,build,fluent-next/mode-island-icons,cancelled,Build devextreme package,https://github.com/DevExpress/DevExtreme/actions/runs/35818103292/job/107043913802
"23.09.26, 04:27:28",107044826916,35818103292,1,Wrappers Tests,test,fluent-next/mode-island-icons,cancelled,,https://github.com/DevExpress/DevExtreme/actions/runs/35818103292/job/107044826916
"23.09.26, 13:06:23",107193537233,35864793703,1,Wrappers E2E Tests,Build DevExtreme and Wrappers,lavrov/stop-wrappers-generation,cancelled,Install dependencies,https://github.com/DevExpress/DevExtreme/actions/runs/35864793703/job/107193537233
"23.09.26, 13:08:42",107194406834,35864793703,1,Wrappers E2E Tests,Test ${{ matrix.framework }},lavrov/stop-wrappers-generation,cancelled,,https://github.com/DevExpress/DevExtreme/actions/runs/35864793703/job/107194406834
"23.09.26, 12:49:26",107187350804,35862937857,1,Wrappers E2E Tests,Build DevExtreme and Wrappers,lavrov/stop-wrappers-generation,cancelled,Post Setup pnpm cache,https://github.com/DevExpress/DevExtreme/actions/runs/35862937857/job/107187350804
"23.09.26, 12:57:57",107190402039,35862937857,1,Wrappers E2E Tests,Test ${{ matrix.framework }},lavrov/stop-wrappers-generation,cancelled,,https://github.com/DevExpress/DevExtreme/actions/runs/35862937857/job/107190402039
"23.09.26, 11:39:46",107163959360,35855776754,1,Wrappers E2E Tests,Build DevExtreme and Wrappers,lavrov/stop-wrappers-generation,cancelled,Install dependencies,https://github.com/DevExpress/DevExtreme/actions/runs/35855776754/job/107163959360
"23.09.26, 11:41:04",107164363967,35855776754,1,Wrappers E2E Tests,Test ${{ matrix.framework }},lavrov/stop-wrappers-generation,cancelled,,https://github.com/DevExpress/DevExtreme/actions/runs/35855776754/job/107164363967
"23.09.26, 11:38:28",107163555822,35855709798,1,Wrappers E2E Tests,Build DevExtreme and Wrappers,lavrov/stop-wrappers-generation,cancelled,Install dependencies,https://github.com/DevExpress/DevExtreme/actions/runs/35855709798/job/107163555822
"23.09.26, 11:39:46",107163957995,35855709798,1,Wrappers E2E Tests,Test ${{ matrix.framework }},lavrov/stop-wrappers-generation,cancelled,,https://github.com/DevExpress/DevExtreme/actions/runs/35855709798/job/107163957995
"23.09.26, 10:17:45",107138584254,35847962920,1,Wrappers E2E Tests,Build DevExtreme and Wrappers,gh-readonly-queue/main/pr-35273-66c3f89275e90452541623e39028865ce79316fc,failure,,https://github.com/DevExpress/DevExtreme/actions/runs/35847962920/job/107138584254
"23.09.26, 09:46:24",107128581087,35843076176,1,Wrappers E2E Tests,Test react19,feature/26_2_new_fluent_theme_with_design_tokens_remove-comments,cancelled,Install dependencies,https://github.com/DevExpress/DevExtreme/actions/runs/35843076176/job/107128581087
"23.09.26, 09:46:24",107128581092,35843076176,1,Wrappers E2E Tests,Test vue3,feature/26_2_new_fluent_theme_with_design_tokens_remove-comments,cancelled,Install dependencies,https://github.com/DevExpress/DevExtreme/actions/runs/35843076176/job/107128581092
"23.09.26, 09:46:24",107128581279,35843076176,1,Wrappers E2E Tests,Test angular,feature/26_2_new_fluent_theme_with_design_tokens_remove-comments,cancelled,Install dependencies,https://github.com/DevExpress/DevExtreme/actions/runs/35843076176/job/107128581279
"23.09.26, 09:13:13",107117831877,35841635622,1,Wrappers E2E Tests,Build DevExtreme and Wrappers,fluent-next/mode-island-icons,failure,,https://github.com/DevExpress/DevExtreme/actions/runs/35841635622/job/107117831877
"23.09.26, 09:06:24",107115655929,35840970640,1,Wrappers E2E Tests,Build DevExtreme and Wrappers,typescript/viz/es6_chart,cancelled,,https://github.com/DevExpress/DevExtreme/actions/runs/35840970640/job/107115655929
"23.09.26, 09:15:01",107118411222,35840970640,1,Wrappers E2E Tests,Test ${{ matrix.framework }},typescript/viz/es6_chart,cancelled,,https://github.com/DevExpress/DevExtreme/actions/runs/35840970640/job/107118411222
"23.09.26, 09:05:43",107115437296,35840903478,1,Wrappers E2E Tests,Build DevExtreme and Wrappers,typescript/viz/es6_chart,cancelled,,https://github.com/DevExpress/DevExtreme/actions/runs/35840903478/job/107115437296
"23.09.26, 09:06:24",107115655037,35840903478,1,Wrappers E2E Tests,Test ${{ matrix.framework }},typescript/viz/es6_chart,cancelled,,https://github.com/DevExpress/DevExtreme/actions/runs/35840903478/job/107115655037
"23.09.26, 04:36:07",107046592812,35818378448,1,Wrappers E2E Tests,Test react19,fluent-next/mode-island-icons,cancelled,Install dependencies,https://github.com/DevExpress/DevExtreme/actions/runs/35818378448/job/107046592812
"23.09.26, 04:36:07",107046592838,35818378448,1,Wrappers E2E Tests,Test angular,fluent-next/mode-island-icons,cancelled,Install dependencies,https://github.com/DevExpress/DevExtreme/actions/runs/35818378448/job/107046592838
"23.09.26, 04:36:07",107046592868,35818378448,1,Wrappers E2E Tests,Test vue3,fluent-next/mode-island-icons,cancelled,Install dependencies,https://github.com/DevExpress/DevExtreme/actions/runs/35818378448/job/107046592868
"23.09.26, 04:22:58",107043913234,35818103256,1,Wrappers E2E Tests,Build DevExtreme and Wrappers,fluent-next/mode-island-icons,cancelled,Build all DevExtreme packages,https://github.com/DevExpress/DevExtreme/actions/runs/35818103256/job/107043913234
"23.09.26, 04:28:16",107044993085,35818103256,1,Wrappers E2E Tests,Test ${{ matrix.framework }},fluent-next/mode-island-icons,cancelled,,https://github.com/DevExpress/DevExtreme/actions/runs/35818103256/job/107044993085
