created at,id,run id,run attempt,workflow name,name,head branch,conclusion,step,html url
"07.10.26, 22:29:46",113049556056,37696537190,1,Build and pack DevExtreme npm packages,build,fix/26-1-security-alerts-v2,cancelled,Build npm packages,https://github.com/DevExpress/DevExtreme/actions/runs/37696537190/job/113049556056
"07.10.26, 22:33:06",113050731414,37696537190,1,Build and pack DevExtreme npm packages,custom_bundles,fix/26-1-security-alerts-v2,cancelled,,https://github.com/DevExpress/DevExtreme/actions/runs/37696537190/job/113050731414
"07.10.26, 21:49:47",113034627502,37692114240,1,Build and pack DevExtreme npm packages,build,fix/security-alerts,cancelled,Build npm packages,https://github.com/DevExpress/DevExtreme/actions/runs/37692114240/job/113034627502
"07.10.26, 21:58:17",113037826102,37692114240,1,Build and pack DevExtreme npm packages,custom_bundles,fix/security-alerts,cancelled,,https://github.com/DevExpress/DevExtreme/actions/runs/37692114240/job/113037826102
"07.10.26, 17:05:28",112912178606,37656333458,1,Build and pack DevExtreme npm packages,build,typescript/core/utils_typing_5039_part2,failure,Build npm packages,https://github.com/DevExpress/DevExtreme/actions/runs/37656333458/job/112912178606
"07.10.26, 17:04:04",112911382553,37656120601,1,Build and pack DevExtreme npm packages,build,typescript/core/utils_typing_5039_part2_26_1,cancelled,Build npm packages,https://github.com/DevExpress/DevExtreme/actions/runs/37656120601/job/112911382553
"07.10.26, 17:06:25",112912664181,37656120601,1,Build and pack DevExtreme npm packages,custom_bundles,typescript/core/utils_typing_5039_part2_26_1,cancelled,,https://github.com/DevExpress/DevExtreme/actions/runs/37656120601/job/112912664181
"07.10.26, 17:01:46",112909932901,37655735716,1,Build and pack DevExtreme npm packages,build,typescript/core/utils_typing_5039_part2,failure,Build npm packages,https://github.com/DevExpress/DevExtreme/actions/runs/37655735716/job/112909932901
"07.10.26, 16:40:36",112904039811,37653909833,1,Build and pack DevExtreme npm packages,build,typescript/core/utils_typing_5039_part2,failure,Build npm packages,https://github.com/DevExpress/DevExtreme/actions/runs/37653909833/job/112904039811
"07.10.26, 15:19:26",112865975319,37642919037,1,Build and pack DevExtreme npm packages,build,typescript/core/utils_typing_5039_part2,failure,Build npm packages,https://github.com/DevExpress/DevExtreme/actions/runs/37642919037/job/112865975319
"07.10.26, 15:05:07",112863432864,37640876692,1,Build and pack DevExtreme npm packages,custom_bundles,refactor/type-treelist-data-source-adapter-26_1,failure,,https://github.com/DevExpress/DevExtreme/actions/runs/37640876692/job/112863432864
"07.10.26, 14:29:39",112846238931,37637146070,1,Build and pack DevExtreme npm packages,build,26_1,cancelled,Build npm packages,https://github.com/DevExpress/DevExtreme/actions/runs/37637146070/job/112846238931
"07.10.26, 14:33:02",112847901640,37637146070,1,Build and pack DevExtreme npm packages,custom_bundles,26_1,cancelled,,https://github.com/DevExpress/DevExtreme/actions/runs/37637146070/job/112847901640
"07.10.26, 13:17:15",112812258101,37625967522,1,Build and pack DevExtreme npm packages,custom_bundles,fix_eslint_filter_26_2,cancelled,,https://github.com/DevExpress/DevExtreme/actions/runs/37625967522/job/112812258101
"07.10.26, 13:02:37",112805868494,37625434069,1,Build and pack DevExtreme npm packages,build,typescript/filter_builder_draggable_sortable/followups_5275_26_1,cancelled,Install dependencies,https://github.com/DevExpress/DevExtreme/actions/runs/37625434069/job/112805868494
"07.10.26, 13:03:54",112806424219,37625434069,1,Build and pack DevExtreme npm packages,custom_bundles,typescript/filter_builder_draggable_sortable/followups_5275_26_1,cancelled,,https://github.com/DevExpress/DevExtreme/actions/runs/37625434069/job/112806424219
"07.10.26, 12:56:32",112803266537,37624668400,1,Build and pack DevExtreme npm packages,build,typescript/filter_builder_draggable_sortable/followups_5275,cancelled,Build npm packages,https://github.com/DevExpress/DevExtreme/actions/runs/37624668400/job/112803266537
"07.10.26, 12:59:54",112804680566,37624668400,1,Build and pack DevExtreme npm packages,custom_bundles,typescript/filter_builder_draggable_sortable/followups_5275,cancelled,,https://github.com/DevExpress/DevExtreme/actions/runs/37624668400/job/112804680566
"07.10.26, 12:41:49",112797208220,37622864103,1,Build and pack DevExtreme npm packages,build,const_columns_view_26_1,failure,Build npm packages,https://github.com/DevExpress/DevExtreme/actions/runs/37622864103/job/112797208220
"07.10.26, 10:58:05",112757588972,37610887403,1,Build and pack DevExtreme npm packages,build,typescript/filter_builder_draggable_sortable/followups_5275,failure,,https://github.com/DevExpress/DevExtreme/actions/runs/37610887403/job/112757588972
"07.10.26, 10:39:45",112750987562,37608875521,1,Build and pack DevExtreme npm packages,build,fix/security-alerts,cancelled,,https://github.com/DevExpress/DevExtreme/actions/runs/37608875521/job/112750987562
"07.10.26, 10:39:47",112750993569,37608875521,1,Build and pack DevExtreme npm packages,custom_bundles,fix/security-alerts,cancelled,,https://github.com/DevExpress/DevExtreme/actions/runs/37608875521/job/112750993569
"07.10.26, 10:23:49",112745188090,37607000119,1,Build and pack DevExtreme npm packages,build,26_1,failure,,https://github.com/DevExpress/DevExtreme/actions/runs/37607000119/job/112745188090
"07.10.26, 10:12:42",112741085475,37605771638,1,Build and pack DevExtreme npm packages,build,26_1,cancelled,Build npm packages,https://github.com/DevExpress/DevExtreme/actions/runs/37605771638/job/112741085475
"07.10.26, 10:23:49",112745186028,37605771638,1,Build and pack DevExtreme npm packages,custom_bundles,26_1,cancelled,,https://github.com/DevExpress/DevExtreme/actions/runs/37605771638/job/112745186028
"07.10.26, 09:57:54",112735550939,37604181823,1,Build and pack DevExtreme npm packages,build,26_1,cancelled,Build npm packages,https://github.com/DevExpress/DevExtreme/actions/runs/37604181823/job/112735550939
"07.10.26, 10:12:42",112741083951,37604181823,1,Build and pack DevExtreme npm packages,custom_bundles,26_1,cancelled,,https://github.com/DevExpress/DevExtreme/actions/runs/37604181823/job/112741083951
"07.10.26, 09:53:27",112733926695,37603689209,1,Build and pack DevExtreme npm packages,build,refactor/type-data-source-adapter-26_1,cancelled,,https://github.com/DevExpress/DevExtreme/actions/runs/37603689209/job/112733926695
"07.10.26, 09:56:09",112734917521,37603689209,1,Build and pack DevExtreme npm packages,custom_bundles,refactor/type-data-source-adapter-26_1,cancelled,,https://github.com/DevExpress/DevExtreme/actions/runs/37603689209/job/112734917521
"07.10.26, 09:52:28",112733564978,37603580296,1,Build and pack DevExtreme npm packages,build,refactor/type-data-source-adapter-main,cancelled,,https://github.com/DevExpress/DevExtreme/actions/runs/37603580296/job/112733564978
"07.10.26, 09:55:29",112734676620,37603580296,1,Build and pack DevExtreme npm packages,custom_bundles,refactor/type-data-source-adapter-main,cancelled,,https://github.com/DevExpress/DevExtreme/actions/runs/37603580296/job/112734676620
"07.10.26, 09:12:46",112718609289,37598965120,1,Build and pack DevExtreme npm packages,build,typescript/core/utils_typing_5039_part2,failure,,https://github.com/DevExpress/DevExtreme/actions/runs/37598965120/job/112718609289
"07.10.26, 08:49:51",112709985984,37596394782,1,Build and pack DevExtreme npm packages,build,typescript/core/utils_typing_5039_part2_26_1,cancelled,Build npm packages,https://github.com/DevExpress/DevExtreme/actions/runs/37596394782/job/112709985984
"07.10.26, 09:13:23",112718836748,37596394782,1,Build and pack DevExtreme npm packages,custom_bundles,typescript/core/utils_typing_5039_part2_26_1,cancelled,,https://github.com/DevExpress/DevExtreme/actions/runs/37596394782/job/112718836748
"07.10.26, 09:04:39",112715525568,37596388142,1,Build and pack DevExtreme npm packages,custom_bundles,typescript/core/utils_typing_5039_part2,cancelled,Build bundle,https://github.com/DevExpress/DevExtreme/actions/runs/37596388142/job/112715525568
"07.10.26, 08:48:38",112709538580,37596259761,1,Build and pack DevExtreme npm packages,build,fix/26-1-security-alerts,cancelled,Build npm packages,https://github.com/DevExpress/DevExtreme/actions/runs/37596259761/job/112709538580
"07.10.26, 08:59:44",112713653306,37596259761,1,Build and pack DevExtreme npm packages,custom_bundles,fix/26-1-security-alerts,cancelled,,https://github.com/DevExpress/DevExtreme/actions/runs/37596259761/job/112713653306
"07.10.26, 08:44:19",112707901930,37595769263,1,Build and pack DevExtreme npm packages,build,T1336240_focus_scroll_async_25_2,failure,Build npm packages,https://github.com/DevExpress/DevExtreme/actions/runs/37595769263/job/112707901930
"07.10.26, 08:32:19",112703421683,37594420582,1,Build and pack DevExtreme npm packages,build,fix/security-alerts,cancelled,Install dependencies,https://github.com/DevExpress/DevExtreme/actions/runs/37594420582/job/112703421683
"07.10.26, 08:33:47",112703993977,37594420582,1,Build and pack DevExtreme npm packages,custom_bundles,fix/security-alerts,cancelled,,https://github.com/DevExpress/DevExtreme/actions/runs/37594420582/job/112703993977
"07.10.26, 08:30:28",112702730388,37594211208,1,Build and pack DevExtreme npm packages,build,26_1,cancelled,,https://github.com/DevExpress/DevExtreme/actions/runs/37594211208/job/112702730388
"07.10.26, 08:30:48",112702860429,37594211208,1,Build and pack DevExtreme npm packages,custom_bundles,26_1,cancelled,,https://github.com/DevExpress/DevExtreme/actions/runs/37594211208/job/112702860429
"07.10.26, 01:45:28",112590707729,37557353002,1,CodeQL,Send notifications,25_1,failure,Set up job,https://github.com/DevExpress/DevExtreme/actions/runs/37557353002/job/112590707729
"07.10.26, 01:42:04",112589843873,37557352018,1,CodeQL,Send notifications,24_2,failure,Set up job,https://github.com/DevExpress/DevExtreme/actions/runs/37557352018/job/112589843873
"07.10.26, 22:29:47",113049559323,37696537162,1,Default Workflow,main,fix/26-1-security-alerts-v2,cancelled,Run targets,https://github.com/DevExpress/DevExtreme/actions/runs/37696537162/job/113049559323
"07.10.26, 21:57:42",113037616609,37692991622,1,Default Workflow,main,fix/security-alerts,cancelled,Install dependencies,https://github.com/DevExpress/DevExtreme/actions/runs/37692991622/job/113037616609
"07.10.26, 21:49:47",113034627597,37692114267,1,Default Workflow,main,fix/security-alerts,cancelled,,https://github.com/DevExpress/DevExtreme/actions/runs/37692114267/job/113034627597
"07.10.26, 17:06:10",112912543798,37656333264,1,Default Workflow,main,typescript/core/utils_typing_5039_part2,failure,Run targets,https://github.com/DevExpress/DevExtreme/actions/runs/37656333264/job/112912543798
"07.10.26, 17:04:07",112911413491,37656120401,1,Default Workflow,main,typescript/core/utils_typing_5039_part2_26_1,cancelled,Run targets,https://github.com/DevExpress/DevExtreme/actions/runs/37656120401/job/112911413491
"07.10.26, 17:01:46",112909933832,37655735713,1,Default Workflow,main,typescript/core/utils_typing_5039_part2,cancelled,Run targets,https://github.com/DevExpress/DevExtreme/actions/runs/37655735713/job/112909933832
"07.10.26, 16:40:37",112904041679,37653909828,1,Default Workflow,main,typescript/core/utils_typing_5039_part2,failure,Run targets,https://github.com/DevExpress/DevExtreme/actions/runs/37653909828/job/112904041679
"07.10.26, 15:19:26",112865978913,37642919394,1,Default Workflow,main,typescript/core/utils_typing_5039_part2,failure,Run targets,https://github.com/DevExpress/DevExtreme/actions/runs/37642919394/job/112865978913
"07.10.26, 13:02:37",112805865078,37625434212,1,Default Workflow,main,typescript/filter_builder_draggable_sortable/followups_5275_26_1,cancelled,Install dependencies,https://github.com/DevExpress/DevExtreme/actions/runs/37625434212/job/112805865078
"07.10.26, 12:56:32",112803267464,37624668249,1,Default Workflow,main,typescript/filter_builder_draggable_sortable/followups_5275,cancelled,Run targets,https://github.com/DevExpress/DevExtreme/actions/runs/37624668249/job/112803267464
"07.10.26, 12:47:02",112799355155,37623504026,1,Default Workflow,main,gh-readonly-queue/main/pr-35540-0ec33209788bc424b851d8d74a5e6576807fa555,failure,,https://github.com/DevExpress/DevExtreme/actions/runs/37623504026/job/112799355155
"07.10.26, 12:41:49",112797207409,37622864138,1,Default Workflow,main,const_columns_view_26_1,failure,Run targets,https://github.com/DevExpress/DevExtreme/actions/runs/37622864138/job/112797207409
"07.10.26, 10:39:46",112750990165,37608875374,1,Default Workflow,main,fix/security-alerts,cancelled,,https://github.com/DevExpress/DevExtreme/actions/runs/37608875374/job/112750990165
"07.10.26, 09:53:27",112733924869,37603689023,1,Default Workflow,main,refactor/type-data-source-adapter-26_1,cancelled,,https://github.com/DevExpress/DevExtreme/actions/runs/37603689023/job/112733924869
"07.10.26, 09:52:29",112733566251,37603580335,1,Default Workflow,main,refactor/type-data-source-adapter-main,cancelled,,https://github.com/DevExpress/DevExtreme/actions/runs/37603580335/job/112733566251
"07.10.26, 08:48:38",112709539503,37596259679,1,Default Workflow,main,fix/26-1-security-alerts,cancelled,,https://github.com/DevExpress/DevExtreme/actions/runs/37596259679/job/112709539503
"07.10.26, 08:44:19",112707902385,37595769456,1,Default Workflow,main,T1336240_focus_scroll_async_25_2,failure,Run targets,https://github.com/DevExpress/DevExtreme/actions/runs/37595769456/job/112707902385
"07.10.26, 08:32:19",112703421559,37594420490,1,Default Workflow,main,fix/security-alerts,cancelled,Install dependencies,https://github.com/DevExpress/DevExtreme/actions/runs/37594420490/job/112703421559
"07.10.26, 21:57:38",113037595686,37692991530,1,Demos unit tests,Run unit tests,fix/security-alerts,cancelled,Run unit tests,https://github.com/DevExpress/DevExtreme/actions/runs/37692991530/job/113037595686
"07.10.26, 17:04:14",112911483155,37656120948,1,Demos unit tests,Run unit tests,typescript/core/utils_typing_5039_part2_26_1,cancelled,Post Setup nx cache,https://github.com/DevExpress/DevExtreme/actions/runs/37656120948/job/112911483155
"07.10.26, 13:53:21",112828770929,37632090595,1,Demos unit tests,Run unit tests,feature/demo_custom_AI_assistant,failure,Run unit tests,https://github.com/DevExpress/DevExtreme/actions/runs/37632090595/job/112828770929
"07.10.26, 13:02:49",112805950985,37625434165,1,Demos unit tests,Run unit tests,typescript/filter_builder_draggable_sortable/followups_5275_26_1,cancelled,,https://github.com/DevExpress/DevExtreme/actions/runs/37625434165/job/112805950985
"07.10.26, 10:39:45",112750987581,37608875480,1,Demos unit tests,Check if tests should run,fix/security-alerts,cancelled,,https://github.com/DevExpress/DevExtreme/actions/runs/37608875480/job/112750987581
"07.10.26, 10:39:47",112750994596,37608875480,1,Demos unit tests,Run unit tests,fix/security-alerts,cancelled,,https://github.com/DevExpress/DevExtreme/actions/runs/37608875480/job/112750994596
"07.10.26, 08:32:30",112703496737,37594420500,1,Demos unit tests,Run unit tests,fix/security-alerts,cancelled,,https://github.com/DevExpress/DevExtreme/actions/runs/37594420500/job/112703496737
"07.10.26, 10:28:43",112746988221,37607623965,1,Demos Visual Tests,Build DevExtreme,25_2,failure,,https://github.com/DevExpress/DevExtreme/actions/runs/37607623965/job/112746988221
"07.10.26, 08:45:04",112708184942,37595769361,1,Demos Visual Tests,Build DevExtreme,T1336240_focus_scroll_async_25_2,cancelled,DevExtreme - Build,https://github.com/DevExpress/DevExtreme/actions/runs/37595769361/job/112708184942
"07.10.26, 09:01:45",112714432076,37595769361,1,Demos Visual Tests,Check TS,T1336240_focus_scroll_async_25_2,cancelled,,https://github.com/DevExpress/DevExtreme/actions/runs/37595769361/job/112714432076
"07.10.26, 09:01:45",112714432319,37595769361,1,Demos Visual Tests,${{ matrix.CONSTEL }}-${{ matrix.STRATEGY }}-${{ matrix.THEME }},T1336240_focus_scroll_async_25_2,cancelled,,https://github.com/DevExpress/DevExtreme/actions/runs/37595769361/job/112714432319
"07.10.26, 09:01:45",112714432515,37595769361,1,Demos Visual Tests,Check generated demos (changed only),T1336240_focus_scroll_async_25_2,cancelled,,https://github.com/DevExpress/DevExtreme/actions/runs/37595769361/job/112714432515
"07.10.26, 09:01:45",112714432637,37595769361,1,Demos Visual Tests,Lint code base,T1336240_focus_scroll_async_25_2,cancelled,,https://github.com/DevExpress/DevExtreme/actions/runs/37595769361/job/112714432637
"07.10.26, 09:01:45",112714432736,37595769361,1,Demos Visual Tests,${{ matrix.CONSTEL }}-screenshots-${{ matrix.THEME }},T1336240_focus_scroll_async_25_2,cancelled,,https://github.com/DevExpress/DevExtreme/actions/runs/37595769361/job/112714432736
"07.10.26, 09:01:45",112714432814,37595769361,1,Demos Visual Tests,Check generated demos (${{ matrix.CONSTEL }}),T1336240_focus_scroll_async_25_2,cancelled,,https://github.com/DevExpress/DevExtreme/actions/runs/37595769361/job/112714432814
"07.10.26, 09:01:45",112714432968,37595769361,1,Demos Visual Tests,Build Demos Bundles,T1336240_focus_scroll_async_25_2,cancelled,,https://github.com/DevExpress/DevExtreme/actions/runs/37595769361/job/112714432968
"07.10.26, 09:01:45",112714433879,37595769361,1,Demos Visual Tests,${{ matrix.CONSTEL }}-screenshots-${{ matrix.THEME }},T1336240_focus_scroll_async_25_2,cancelled,,https://github.com/DevExpress/DevExtreme/actions/runs/37595769361/job/112714433879
"07.10.26, 09:01:45",112714434264,37595769361,1,Demos Visual Tests,merge-artifacts,T1336240_focus_scroll_async_25_2,cancelled,,https://github.com/DevExpress/DevExtreme/actions/runs/37595769361/job/112714434264
"07.10.26, 22:29:46",113049554767,37696537007,1,Lint,wrappers,fix/26-1-security-alerts-v2,cancelled,,https://github.com/DevExpress/DevExtreme/actions/runs/37696537007/job/113049554767
"07.10.26, 22:29:46",113049555013,37696537007,1,Lint,JS,fix/26-1-security-alerts-v2,cancelled,Build,https://github.com/DevExpress/DevExtreme/actions/runs/37696537007/job/113049555013
"07.10.26, 22:29:46",113049555025,37696537007,1,Lint,TS,fix/26-1-security-alerts-v2,cancelled,Build,https://github.com/DevExpress/DevExtreme/actions/runs/37696537007/job/113049555025
"07.10.26, 22:29:46",113049555200,37696537007,1,Lint,texts,fix/26-1-security-alerts-v2,cancelled,Post Setup pnpm cache,https://github.com/DevExpress/DevExtreme/actions/runs/37696537007/job/113049555200
"07.10.26, 22:33:04",113050722862,37696537007,1,Lint,Send notifications,fix/26-1-security-alerts-v2,cancelled,,https://github.com/DevExpress/DevExtreme/actions/runs/37696537007/job/113050722862
"07.10.26, 21:58:08",113037770984,37692991621,1,Lint,TS,fix/security-alerts,cancelled,,https://github.com/DevExpress/DevExtreme/actions/runs/37692991621/job/113037770984
"07.10.26, 21:58:08",113037771196,37692991621,1,Lint,JS,fix/security-alerts,cancelled,,https://github.com/DevExpress/DevExtreme/actions/runs/37692991621/job/113037771196
"07.10.26, 21:58:08",113037771244,37692991621,1,Lint,component_exports,fix/security-alerts,cancelled,,https://github.com/DevExpress/DevExtreme/actions/runs/37692991621/job/113037771244
"07.10.26, 21:58:08",113037771279,37692991621,1,Lint,wrappers,fix/security-alerts,cancelled,,https://github.com/DevExpress/DevExtreme/actions/runs/37692991621/job/113037771279
"07.10.26, 21:58:08",113037771403,37692991621,1,Lint,texts,fix/security-alerts,cancelled,,https://github.com/DevExpress/DevExtreme/actions/runs/37692991621/job/113037771403
"07.10.26, 21:58:10",113037784985,37692991621,1,Lint,Send notifications,fix/security-alerts,cancelled,,https://github.com/DevExpress/DevExtreme/actions/runs/37692991621/job/113037784985
"07.10.26, 21:49:47",113034629007,37692114268,1,Lint,TS,fix/security-alerts,cancelled,Post Setup nx cache,https://github.com/DevExpress/DevExtreme/actions/runs/37692114268/job/113034629007
"07.10.26, 21:58:08",113037769373,37692114268,1,Lint,Send notifications,fix/security-alerts,cancelled,,https://github.com/DevExpress/DevExtreme/actions/runs/37692114268/job/113037769373
"07.10.26, 17:05:28",112912178281,37656333432,1,Lint,JS,typescript/core/utils_typing_5039_part2,failure,Build,https://github.com/DevExpress/DevExtreme/actions/runs/37656333432/job/112912178281
"07.10.26, 17:05:28",112912178803,37656333432,1,Lint,TS,typescript/core/utils_typing_5039_part2,failure,Build,https://github.com/DevExpress/DevExtreme/actions/runs/37656333432/job/112912178803
"07.10.26, 17:04:04",112911382165,37656120628,1,Lint,wrappers,typescript/core/utils_typing_5039_part2_26_1,cancelled,,https://github.com/DevExpress/DevExtreme/actions/runs/37656120628/job/112911382165
"07.10.26, 17:04:04",112911382856,37656120628,1,Lint,TS,typescript/core/utils_typing_5039_part2_26_1,cancelled,Build,https://github.com/DevExpress/DevExtreme/actions/runs/37656120628/job/112911382856
"07.10.26, 17:04:04",112911382897,37656120628,1,Lint,component_exports,typescript/core/utils_typing_5039_part2_26_1,cancelled,,https://github.com/DevExpress/DevExtreme/actions/runs/37656120628/job/112911382897
"07.10.26, 17:04:05",112911383844,37656120628,1,Lint,JS,typescript/core/utils_typing_5039_part2_26_1,cancelled,Build,https://github.com/DevExpress/DevExtreme/actions/runs/37656120628/job/112911383844
"07.10.26, 17:06:23",112912651348,37656120628,1,Lint,Send notifications,typescript/core/utils_typing_5039_part2_26_1,cancelled,,https://github.com/DevExpress/DevExtreme/actions/runs/37656120628/job/112912651348
"07.10.26, 17:01:46",112909932837,37655735586,1,Lint,TS,typescript/core/utils_typing_5039_part2,failure,Build,https://github.com/DevExpress/DevExtreme/actions/runs/37655735586/job/112909932837
"07.10.26, 17:01:46",112909932994,37655735586,1,Lint,JS,typescript/core/utils_typing_5039_part2,failure,Build,https://github.com/DevExpress/DevExtreme/actions/runs/37655735586/job/112909932994
"07.10.26, 16:40:37",112904049152,37653909728,1,Lint,TS,typescript/core/utils_typing_5039_part2,failure,Build,https://github.com/DevExpress/DevExtreme/actions/runs/37653909728/job/112904049152
"07.10.26, 16:40:37",112904049255,37653909728,1,Lint,JS,typescript/core/utils_typing_5039_part2,failure,Build,https://github.com/DevExpress/DevExtreme/actions/runs/37653909728/job/112904049255
"07.10.26, 15:19:27",112865999377,37642919064,1,Lint,JS,typescript/core/utils_typing_5039_part2,failure,Build,https://github.com/DevExpress/DevExtreme/actions/runs/37642919064/job/112865999377
"07.10.26, 15:19:27",112865999464,37642919064,1,Lint,TS,typescript/core/utils_typing_5039_part2,failure,Build,https://github.com/DevExpress/DevExtreme/actions/runs/37642919064/job/112865999464
"07.10.26, 14:54:06",112858190925,37640595299,1,Lint,JS,a11y_grids_separator/main,failure,,https://github.com/DevExpress/DevExtreme/actions/runs/37640595299/job/112858190925
"07.10.26, 14:54:06",112858191063,37640595299,1,Lint,TS,a11y_grids_separator/main,failure,,https://github.com/DevExpress/DevExtreme/actions/runs/37640595299/job/112858191063
"07.10.26, 13:08:22",112808365201,37626170121,1,Lint,TS,gh-readonly-queue/main/pr-35528-6b9c5a329c05a60f925847380645cb12a99e7f5f,failure,,https://github.com/DevExpress/DevExtreme/actions/runs/37626170121/job/112808365201
"07.10.26, 13:02:37",112805864757,37625434050,1,Lint,JS,typescript/filter_builder_draggable_sortable/followups_5275_26_1,cancelled,Install dependencies,https://github.com/DevExpress/DevExtreme/actions/runs/37625434050/job/112805864757
"07.10.26, 13:02:37",112805864943,37625434050,1,Lint,TS,typescript/filter_builder_draggable_sortable/followups_5275_26_1,cancelled,Install dependencies,https://github.com/DevExpress/DevExtreme/actions/runs/37625434050/job/112805864943
"07.10.26, 13:02:37",112805865048,37625434050,1,Lint,texts,typescript/filter_builder_draggable_sortable/followups_5275_26_1,cancelled,Install dependencies,https://github.com/DevExpress/DevExtreme/actions/runs/37625434050/job/112805865048
"07.10.26, 13:02:37",112805865077,37625434050,1,Lint,wrappers,typescript/filter_builder_draggable_sortable/followups_5275_26_1,cancelled,Install dependencies,https://github.com/DevExpress/DevExtreme/actions/runs/37625434050/job/112805865077
"07.10.26, 13:02:37",112805865143,37625434050,1,Lint,component_exports,typescript/filter_builder_draggable_sortable/followups_5275_26_1,cancelled,Post Setup pnpm cache,https://github.com/DevExpress/DevExtreme/actions/runs/37625434050/job/112805865143
"07.10.26, 13:04:07",112806520843,37625434050,1,Lint,Send notifications,typescript/filter_builder_draggable_sortable/followups_5275_26_1,cancelled,,https://github.com/DevExpress/DevExtreme/actions/runs/37625434050/job/112806520843
"07.10.26, 12:56:33",112803275417,37624668387,1,Lint,TS,typescript/filter_builder_draggable_sortable/followups_5275,cancelled,Build,https://github.com/DevExpress/DevExtreme/actions/runs/37624668387/job/112803275417
"07.10.26, 12:56:33",112803275523,37624668387,1,Lint,JS,typescript/filter_builder_draggable_sortable/followups_5275,cancelled,Build,https://github.com/DevExpress/DevExtreme/actions/runs/37624668387/job/112803275523
"07.10.26, 13:00:14",112804823287,37624668387,1,Lint,Send notifications,typescript/filter_builder_draggable_sortable/followups_5275,cancelled,,https://github.com/DevExpress/DevExtreme/actions/runs/37624668387/job/112804823287
"07.10.26, 12:41:49",112797207470,37622863951,1,Lint,JS,const_columns_view_26_1,failure,Build,https://github.com/DevExpress/DevExtreme/actions/runs/37622863951/job/112797207470
"07.10.26, 12:41:49",112797207583,37622863951,1,Lint,TS,const_columns_view_26_1,failure,Build,https://github.com/DevExpress/DevExtreme/actions/runs/37622863951/job/112797207583
"07.10.26, 10:39:45",112750987452,37608875549,1,Lint,component_exports,fix/security-alerts,cancelled,,https://github.com/DevExpress/DevExtreme/actions/runs/37608875549/job/112750987452
"07.10.26, 10:39:45",112750987869,37608875549,1,Lint,JS,fix/security-alerts,cancelled,,https://github.com/DevExpress/DevExtreme/actions/runs/37608875549/job/112750987869
"07.10.26, 10:39:45",112750987916,37608875549,1,Lint,wrappers,fix/security-alerts,cancelled,,https://github.com/DevExpress/DevExtreme/actions/runs/37608875549/job/112750987916
"07.10.26, 10:39:45",112750987917,37608875549,1,Lint,texts,fix/security-alerts,cancelled,,https://github.com/DevExpress/DevExtreme/actions/runs/37608875549/job/112750987917
"07.10.26, 10:39:45",112750987924,37608875549,1,Lint,TS,fix/security-alerts,cancelled,,https://github.com/DevExpress/DevExtreme/actions/runs/37608875549/job/112750987924
"07.10.26, 10:39:47",112750994246,37608875549,1,Lint,Send notifications,fix/security-alerts,cancelled,,https://github.com/DevExpress/DevExtreme/actions/runs/37608875549/job/112750994246
"07.10.26, 10:02:11",112737179053,37604681780,1,Lint,JS,fix/security-alerts,failure,,https://github.com/DevExpress/DevExtreme/actions/runs/37604681780/job/112737179053
"07.10.26, 09:53:27",112733928431,37603689201,1,Lint,JS,refactor/type-data-source-adapter-26_1,cancelled,,https://github.com/DevExpress/DevExtreme/actions/runs/37603689201/job/112733928431
"07.10.26, 09:53:27",112733928617,37603689201,1,Lint,wrappers,refactor/type-data-source-adapter-26_1,cancelled,,https://github.com/DevExpress/DevExtreme/actions/runs/37603689201/job/112733928617
"07.10.26, 09:53:27",112733928712,37603689201,1,Lint,texts,refactor/type-data-source-adapter-26_1,cancelled,,https://github.com/DevExpress/DevExtreme/actions/runs/37603689201/job/112733928712
"07.10.26, 09:53:27",112733928728,37603689201,1,Lint,TS,refactor/type-data-source-adapter-26_1,cancelled,,https://github.com/DevExpress/DevExtreme/actions/runs/37603689201/job/112733928728
"07.10.26, 09:56:09",112734916521,37603689201,1,Lint,Send notifications,refactor/type-data-source-adapter-26_1,cancelled,,https://github.com/DevExpress/DevExtreme/actions/runs/37603689201/job/112734916521
"07.10.26, 09:52:29",112733566448,37603580382,1,Lint,JS,refactor/type-data-source-adapter-main,cancelled,,https://github.com/DevExpress/DevExtreme/actions/runs/37603580382/job/112733566448
"07.10.26, 09:52:29",112733566768,37603580382,1,Lint,wrappers,refactor/type-data-source-adapter-main,cancelled,,https://github.com/DevExpress/DevExtreme/actions/runs/37603580382/job/112733566768
"07.10.26, 09:52:29",112733566787,37603580382,1,Lint,texts,refactor/type-data-source-adapter-main,cancelled,,https://github.com/DevExpress/DevExtreme/actions/runs/37603580382/job/112733566787
"07.10.26, 09:52:29",112733566807,37603580382,1,Lint,TS,refactor/type-data-source-adapter-main,cancelled,,https://github.com/DevExpress/DevExtreme/actions/runs/37603580382/job/112733566807
"07.10.26, 09:55:30",112734680137,37603580382,1,Lint,Send notifications,refactor/type-data-source-adapter-main,cancelled,,https://github.com/DevExpress/DevExtreme/actions/runs/37603580382/job/112734680137
"07.10.26, 09:12:12",112718391167,37598970323,1,Lint,JS,typescript/core/utils_typing_5039_part2_26_1,failure,,https://github.com/DevExpress/DevExtreme/actions/runs/37598970323/job/112718391167
"07.10.26, 09:17:16",112720323663,37598965122,1,Lint,TS,typescript/core/utils_typing_5039_part2,failure,,https://github.com/DevExpress/DevExtreme/actions/runs/37598965122/job/112720323663
"07.10.26, 08:49:48",112709964241,37596388238,1,Lint,JS,typescript/core/utils_typing_5039_part2,cancelled,,https://github.com/DevExpress/DevExtreme/actions/runs/37596388238/job/112709964241
"07.10.26, 09:17:15",112720322193,37596388238,1,Lint,Send notifications,typescript/core/utils_typing_5039_part2,cancelled,,https://github.com/DevExpress/DevExtreme/actions/runs/37596388238/job/112720322193
"07.10.26, 08:48:38",112709538347,37596259747,1,Lint,TS,fix/26-1-security-alerts,cancelled,Post Setup pnpm cache,https://github.com/DevExpress/DevExtreme/actions/runs/37596259747/job/112709538347
"07.10.26, 08:59:33",112713583941,37596259747,1,Lint,Send notifications,fix/26-1-security-alerts,cancelled,,https://github.com/DevExpress/DevExtreme/actions/runs/37596259747/job/112713583941
"07.10.26, 08:44:19",112707902865,37595769479,1,Lint,TS,T1336240_focus_scroll_async_25_2,failure,Build,https://github.com/DevExpress/DevExtreme/actions/runs/37595769479/job/112707902865
"07.10.26, 08:44:19",112707902953,37595769479,1,Lint,JS,T1336240_focus_scroll_async_25_2,failure,Build,https://github.com/DevExpress/DevExtreme/actions/runs/37595769479/job/112707902953
"07.10.26, 08:32:19",112703422282,37594420628,1,Lint,component_exports,fix/security-alerts,cancelled,Check generated component reexports,https://github.com/DevExpress/DevExtreme/actions/runs/37594420628/job/112703422282
"07.10.26, 08:32:19",112703422461,37594420628,1,Lint,wrappers,fix/security-alerts,cancelled,,https://github.com/DevExpress/DevExtreme/actions/runs/37594420628/job/112703422461
"07.10.26, 08:32:19",112703422528,37594420628,1,Lint,texts,fix/security-alerts,cancelled,,https://github.com/DevExpress/DevExtreme/actions/runs/37594420628/job/112703422528
"07.10.26, 08:32:19",112703422759,37594420628,1,Lint,JS,fix/security-alerts,cancelled,,https://github.com/DevExpress/DevExtreme/actions/runs/37594420628/job/112703422759
"07.10.26, 08:32:19",112703422885,37594420628,1,Lint,TS,fix/security-alerts,cancelled,,https://github.com/DevExpress/DevExtreme/actions/runs/37594420628/job/112703422885
"07.10.26, 08:33:47",112703993312,37594420628,1,Lint,Send notifications,fix/security-alerts,cancelled,,https://github.com/DevExpress/DevExtreme/actions/runs/37594420628/job/112703993312
"07.10.26, 18:38:39",112953489744,37666599335,1,Publishing to GitHub Packages,Publish package (devextreme-dist-internal-26.1.6-build-26280-1825),26_1,failure,Install dependencies,https://github.com/DevExpress/DevExtreme/actions/runs/37666599335/job/112953489744
"07.10.26, 22:29:46",113049555455,37696537105,1,Playgrounds tests,build,fix/26-1-security-alerts-v2,cancelled,Build,https://github.com/DevExpress/DevExtreme/actions/runs/37696537105/job/113049555455
"07.10.26, 22:33:06",113050733374,37696537105,1,Playgrounds tests,matrix.ARGS.platform,fix/26-1-security-alerts-v2,cancelled,,https://github.com/DevExpress/DevExtreme/actions/runs/37696537105/job/113050733374
"07.10.26, 21:55:18",113036704252,37692114125,1,Playgrounds tests,angular,fix/security-alerts,cancelled,Post Setup nx cache,https://github.com/DevExpress/DevExtreme/actions/runs/37692114125/job/113036704252
"07.10.26, 21:55:18",113036704253,37692114125,1,Playgrounds tests,vue,fix/security-alerts,cancelled,,https://github.com/DevExpress/DevExtreme/actions/runs/37692114125/job/113036704253
"07.10.26, 21:55:18",113036704300,37692114125,1,Playgrounds tests,react,fix/security-alerts,cancelled,,https://github.com/DevExpress/DevExtreme/actions/runs/37692114125/job/113036704300
"07.10.26, 17:05:28",112912177615,37656333198,1,Playgrounds tests,build,typescript/core/utils_typing_5039_part2,failure,Build,https://github.com/DevExpress/DevExtreme/actions/runs/37656333198/job/112912177615
"07.10.26, 17:04:04",112911382689,37656120757,1,Playgrounds tests,build,typescript/core/utils_typing_5039_part2_26_1,cancelled,Build,https://github.com/DevExpress/DevExtreme/actions/runs/37656120757/job/112911382689
"07.10.26, 17:06:23",112912653494,37656120757,1,Playgrounds tests,matrix.ARGS.platform,typescript/core/utils_typing_5039_part2_26_1,cancelled,,https://github.com/DevExpress/DevExtreme/actions/runs/37656120757/job/112912653494
"07.10.26, 17:01:46",112909932552,37655735439,1,Playgrounds tests,build,typescript/core/utils_typing_5039_part2,failure,Build,https://github.com/DevExpress/DevExtreme/actions/runs/37655735439/job/112909932552
"07.10.26, 16:40:36",112904037658,37653909651,1,Playgrounds tests,build,typescript/core/utils_typing_5039_part2,failure,Build,https://github.com/DevExpress/DevExtreme/actions/runs/37653909651/job/112904037658
"07.10.26, 15:19:26",112865982523,37642919073,1,Playgrounds tests,build,typescript/core/utils_typing_5039_part2,failure,Build,https://github.com/DevExpress/DevExtreme/actions/runs/37642919073/job/112865982523
"07.10.26, 14:13:31",112838440770,37634287009,1,Playgrounds tests,vue,refactor/type-treelist-data-source-adapter-26_1,failure,,https://github.com/DevExpress/DevExtreme/actions/runs/37634287009/job/112838440770
"07.10.26, 13:02:37",112805865518,37625434139,1,Playgrounds tests,build,typescript/filter_builder_draggable_sortable/followups_5275_26_1,cancelled,Install dependencies,https://github.com/DevExpress/DevExtreme/actions/runs/37625434139/job/112805865518
"07.10.26, 13:03:57",112806445159,37625434139,1,Playgrounds tests,matrix.ARGS.platform,typescript/filter_builder_draggable_sortable/followups_5275_26_1,cancelled,,https://github.com/DevExpress/DevExtreme/actions/runs/37625434139/job/112806445159
"07.10.26, 12:56:32",112803267914,37624668302,1,Playgrounds tests,build,typescript/filter_builder_draggable_sortable/followups_5275,cancelled,Build,https://github.com/DevExpress/DevExtreme/actions/runs/37624668302/job/112803267914
"07.10.26, 12:59:58",112804708132,37624668302,1,Playgrounds tests,matrix.ARGS.platform,typescript/filter_builder_draggable_sortable/followups_5275,cancelled,,https://github.com/DevExpress/DevExtreme/actions/runs/37624668302/job/112804708132
"07.10.26, 12:41:49",112797208836,37622863995,1,Playgrounds tests,build,const_columns_view_26_1,failure,Build,https://github.com/DevExpress/DevExtreme/actions/runs/37622863995/job/112797208836
"07.10.26, 11:59:44",112780498160,37617382291,1,Playgrounds tests,angular,main_fix-anti-forgery,failure,Setup Chrome,https://github.com/DevExpress/DevExtreme/actions/runs/37617382291/job/112780498160
"07.10.26, 11:34:32",112771087322,37614385045,1,Playgrounds tests,angular,26_1,failure,Setup Chrome,https://github.com/DevExpress/DevExtreme/actions/runs/37614385045/job/112771087322
"07.10.26, 10:39:45",112750987773,37608875585,1,Playgrounds tests,build,fix/security-alerts,cancelled,,https://github.com/DevExpress/DevExtreme/actions/runs/37608875585/job/112750987773
"07.10.26, 10:39:47",112750993922,37608875585,1,Playgrounds tests,matrix.ARGS.platform,fix/security-alerts,cancelled,,https://github.com/DevExpress/DevExtreme/actions/runs/37608875585/job/112750993922
"07.10.26, 09:53:26",112733923805,37603689084,1,Playgrounds tests,build,refactor/type-data-source-adapter-26_1,cancelled,,https://github.com/DevExpress/DevExtreme/actions/runs/37603689084/job/112733923805
"07.10.26, 09:56:09",112734916775,37603689084,1,Playgrounds tests,matrix.ARGS.platform,refactor/type-data-source-adapter-26_1,cancelled,,https://github.com/DevExpress/DevExtreme/actions/runs/37603689084/job/112734916775
"07.10.26, 09:52:29",112733566075,37603580446,1,Playgrounds tests,build,refactor/type-data-source-adapter-main,cancelled,,https://github.com/DevExpress/DevExtreme/actions/runs/37603580446/job/112733566075
"07.10.26, 09:55:30",112734677475,37603580446,1,Playgrounds tests,matrix.ARGS.platform,refactor/type-data-source-adapter-main,cancelled,,https://github.com/DevExpress/DevExtreme/actions/runs/37603580446/job/112734677475
"07.10.26, 08:49:51",112709984790,37596394677,1,Playgrounds tests,build,typescript/core/utils_typing_5039_part2_26_1,cancelled,,https://github.com/DevExpress/DevExtreme/actions/runs/37596394677/job/112709984790
"07.10.26, 09:14:40",112719336357,37596394677,1,Playgrounds tests,matrix.ARGS.platform,typescript/core/utils_typing_5039_part2_26_1,cancelled,,https://github.com/DevExpress/DevExtreme/actions/runs/37596394677/job/112719336357
"07.10.26, 09:05:00",112715658239,37596388226,1,Playgrounds tests,vue,typescript/core/utils_typing_5039_part2,cancelled,Install dependencies,https://github.com/DevExpress/DevExtreme/actions/runs/37596388226/job/112715658239
"07.10.26, 09:05:00",112715658300,37596388226,1,Playgrounds tests,react,typescript/core/utils_typing_5039_part2,cancelled,Install dependencies,https://github.com/DevExpress/DevExtreme/actions/runs/37596388226/job/112715658300
"07.10.26, 09:05:00",112715658341,37596388226,1,Playgrounds tests,angular,typescript/core/utils_typing_5039_part2,cancelled,Install dependencies,https://github.com/DevExpress/DevExtreme/actions/runs/37596388226/job/112715658341
"07.10.26, 08:57:03",112712666391,37596259536,1,Playgrounds tests,vue,fix/26-1-security-alerts,cancelled,,https://github.com/DevExpress/DevExtreme/actions/runs/37596259536/job/112712666391
"07.10.26, 08:57:03",112712666409,37596259536,1,Playgrounds tests,react,fix/26-1-security-alerts,cancelled,,https://github.com/DevExpress/DevExtreme/actions/runs/37596259536/job/112712666409
"07.10.26, 08:57:03",112712666431,37596259536,1,Playgrounds tests,angular,fix/26-1-security-alerts,cancelled,,https://github.com/DevExpress/DevExtreme/actions/runs/37596259536/job/112712666431
"07.10.26, 08:44:19",112707902460,37595769425,1,Playgrounds tests,build,T1336240_focus_scroll_async_25_2,failure,Build,https://github.com/DevExpress/DevExtreme/actions/runs/37595769425/job/112707902460
"07.10.26, 08:39:19",112706041651,37594448029,1,Playgrounds tests,vue,fix/security-alerts,failure,,https://github.com/DevExpress/DevExtreme/actions/runs/37594448029/job/112706041651
"07.10.26, 08:39:19",112706041684,37594448029,1,Playgrounds tests,angular,fix/security-alerts,failure,,https://github.com/DevExpress/DevExtreme/actions/runs/37594448029/job/112706041684
"07.10.26, 08:32:19",112703422268,37594420691,1,Playgrounds tests,build,fix/security-alerts,cancelled,Install dependencies,https://github.com/DevExpress/DevExtreme/actions/runs/37594420691/job/112703422268
"07.10.26, 08:33:49",112704006403,37594420691,1,Playgrounds tests,matrix.ARGS.platform,fix/security-alerts,cancelled,,https://github.com/DevExpress/DevExtreme/actions/runs/37594420691/job/112704006403
"07.10.26, 21:58:06",113037760757,37692991841,1,Playwright tests,Build DevExtreme,fix/security-alerts,cancelled,Install dependencies,https://github.com/DevExpress/DevExtreme/actions/runs/37692991841/job/113037760757
"07.10.26, 21:58:06",113037760787,37692991841,1,Playwright tests,Determine Playwright matrix,fix/security-alerts,cancelled,,https://github.com/DevExpress/DevExtreme/actions/runs/37692991841/job/113037760787
"07.10.26, 21:59:18",113038193161,37692991841,1,Playwright tests,${{ matrix.name }}${{ ((!matrix.theme && ' - fluent') || '') }},fix/security-alerts,cancelled,,https://github.com/DevExpress/DevExtreme/actions/runs/37692991841/job/113038193161
"07.10.26, 21:56:36",113037204049,37692114349,1,Playwright tests,dataGrid (2/4) - fluent,fix/security-alerts,cancelled,,https://github.com/DevExpress/DevExtreme/actions/runs/37692114349/job/113037204049
"07.10.26, 21:56:36",113037204120,37692114349,1,Playwright tests,cardView - fluent,fix/security-alerts,cancelled,,https://github.com/DevExpress/DevExtreme/actions/runs/37692114349/job/113037204120
"07.10.26, 21:56:36",113037204126,37692114349,1,Playwright tests,common - fluent,fix/security-alerts,cancelled,,https://github.com/DevExpress/DevExtreme/actions/runs/37692114349/job/113037204126
"07.10.26, 21:56:36",113037204141,37692114349,1,Playwright tests,scheduler / viewOffset (1/2) - fluent,fix/security-alerts,cancelled,,https://github.com/DevExpress/DevExtreme/actions/runs/37692114349/job/113037204141
"07.10.26, 21:56:36",113037204150,37692114349,1,Playwright tests,scheduler / common (1/3) - fluent,fix/security-alerts,cancelled,,https://github.com/DevExpress/DevExtreme/actions/runs/37692114349/job/113037204150
"07.10.26, 21:56:36",113037204156,37692114349,1,Playwright tests,scheduler / common (3/3) - fluent,fix/security-alerts,cancelled,,https://github.com/DevExpress/DevExtreme/actions/runs/37692114349/job/113037204156
"07.10.26, 21:56:36",113037204158,37692114349,1,Playwright tests,scheduler / viewOffset (2/2) - fluent,fix/security-alerts,cancelled,,https://github.com/DevExpress/DevExtreme/actions/runs/37692114349/job/113037204158
"07.10.26, 21:56:36",113037204163,37692114349,1,Playwright tests,material - compact,fix/security-alerts,cancelled,,https://github.com/DevExpress/DevExtreme/actions/runs/37692114349/job/113037204163
"07.10.26, 21:56:36",113037204183,37692114349,1,Playwright tests,material,fix/security-alerts,cancelled,,https://github.com/DevExpress/DevExtreme/actions/runs/37692114349/job/113037204183
"07.10.26, 21:56:36",113037204189,37692114349,1,Playwright tests,generic,fix/security-alerts,cancelled,,https://github.com/DevExpress/DevExtreme/actions/runs/37692114349/job/113037204189
"07.10.26, 21:56:36",113037204200,37692114349,1,Playwright tests,dataGrid (4/4) - fluent,fix/security-alerts,cancelled,,https://github.com/DevExpress/DevExtreme/actions/runs/37692114349/job/113037204200
"07.10.26, 21:56:36",113037204202,37692114349,1,Playwright tests,scheduler / timezones (America/Los_Angeles) - fluent,fix/security-alerts,cancelled,,https://github.com/DevExpress/DevExtreme/actions/runs/37692114349/job/113037204202
"07.10.26, 21:56:36",113037204210,37692114349,1,Playwright tests,navigation - fluent,fix/security-alerts,cancelled,,https://github.com/DevExpress/DevExtreme/actions/runs/37692114349/job/113037204210
"07.10.26, 21:56:36",113037204216,37692114349,1,Playwright tests,dataGrid (3/4) - fluent,fix/security-alerts,cancelled,,https://github.com/DevExpress/DevExtreme/actions/runs/37692114349/job/113037204216
"07.10.26, 21:56:36",113037204232,37692114349,1,Playwright tests,dataGrid (1/4) - fluent,fix/security-alerts,cancelled,,https://github.com/DevExpress/DevExtreme/actions/runs/37692114349/job/113037204232
"07.10.26, 21:56:36",113037204273,37692114349,1,Playwright tests,accessibility - fluent,fix/security-alerts,cancelled,,https://github.com/DevExpress/DevExtreme/actions/runs/37692114349/job/113037204273
"07.10.26, 21:56:36",113037204279,37692114349,1,Playwright tests,scheduler / common (2/3) - fluent,fix/security-alerts,cancelled,,https://github.com/DevExpress/DevExtreme/actions/runs/37692114349/job/113037204279
"07.10.26, 21:56:36",113037204306,37692114349,1,Playwright tests,editors - fluent,fix/security-alerts,cancelled,,https://github.com/DevExpress/DevExtreme/actions/runs/37692114349/job/113037204306
"07.10.26, 21:56:36",113037204314,37692114349,1,Playwright tests,scheduler / timezones (Europe/Berlin) - fluent,fix/security-alerts,cancelled,,https://github.com/DevExpress/DevExtreme/actions/runs/37692114349/job/113037204314
"07.10.26, 17:05:50",112912376880,37656333559,1,Playwright tests,Build DevExtreme,typescript/core/utils_typing_5039_part2,failure,Build,https://github.com/DevExpress/DevExtreme/actions/runs/37656333559/job/112912376880
"07.10.26, 17:02:04",112910039525,37655735453,1,Playwright tests,Build DevExtreme,typescript/core/utils_typing_5039_part2,failure,Build,https://github.com/DevExpress/DevExtreme/actions/runs/37655735453/job/112910039525
"07.10.26, 16:52:22",112909214285,37655430028,1,Playwright tests,Check if tests should run,feature/separate_locale_format,failure,,https://github.com/DevExpress/DevExtreme/actions/runs/37655430028/job/112909214285
"07.10.26, 16:40:56",112904189922,37653909909,1,Playwright tests,Build DevExtreme,typescript/core/utils_typing_5039_part2,failure,Build,https://github.com/DevExpress/DevExtreme/actions/runs/37653909909/job/112904189922
"07.10.26, 15:19:52",112866278306,37642919255,1,Playwright tests,Build DevExtreme,typescript/core/utils_typing_5039_part2,failure,Build,https://github.com/DevExpress/DevExtreme/actions/runs/37642919255/job/112866278306
"07.10.26, 12:56:56",112803433434,37624668253,1,Playwright tests,Build DevExtreme,typescript/filter_builder_draggable_sortable/followups_5275,cancelled,Build,https://github.com/DevExpress/DevExtreme/actions/runs/37624668253/job/112803433434
"07.10.26, 13:00:11",112804799618,37624668253,1,Playwright tests,${{ matrix.name }}${{ ((!matrix.theme && ' - fluent') || '') }},typescript/filter_builder_draggable_sortable/followups_5275,cancelled,,https://github.com/DevExpress/DevExtreme/actions/runs/37624668253/job/112804799618
"07.10.26, 11:46:10",112775427435,37615159195,1,Playwright tests,scheduler / viewOffset (2/2) - fluent,typescript/filter_builder_draggable_sortable/followups_5275,failure,,https://github.com/DevExpress/DevExtreme/actions/runs/37615159195/job/112775427435
"07.10.26, 10:39:45",112750987749,37608875581,1,Playwright tests,Check if tests should run,fix/security-alerts,cancelled,,https://github.com/DevExpress/DevExtreme/actions/runs/37608875581/job/112750987749
"07.10.26, 10:39:46",112750993380,37608875581,1,Playwright tests,Determine Playwright matrix,fix/security-alerts,cancelled,,https://github.com/DevExpress/DevExtreme/actions/runs/37608875581/job/112750993380
"07.10.26, 10:39:47",112750993748,37608875581,1,Playwright tests,Build DevExtreme,fix/security-alerts,cancelled,,https://github.com/DevExpress/DevExtreme/actions/runs/37608875581/job/112750993748
"07.10.26, 10:39:47",112750994997,37608875581,1,Playwright tests,${{ matrix.name }}${{ ((!matrix.theme && ' - fluent') || '') }},fix/security-alerts,cancelled,,https://github.com/DevExpress/DevExtreme/actions/runs/37608875581/job/112750994997
"07.10.26, 09:52:48",112733689954,37603580273,1,Playwright tests,Build DevExtreme,refactor/type-data-source-adapter-main,cancelled,,https://github.com/DevExpress/DevExtreme/actions/runs/37603580273/job/112733689954
"07.10.26, 09:55:30",112734678141,37603580273,1,Playwright tests,${{ matrix.name }}${{ ((!matrix.theme && ' - fluent') || '') }},refactor/type-data-source-adapter-main,cancelled,,https://github.com/DevExpress/DevExtreme/actions/runs/37603580273/job/112734678141
"07.10.26, 08:32:19",112703421732,37594420418,1,Playwright tests,Check if tests should run,fix/security-alerts,cancelled,,https://github.com/DevExpress/DevExtreme/actions/runs/37594420418/job/112703421732
"07.10.26, 08:32:51",112703636175,37594420418,1,Playwright tests,Build DevExtreme,fix/security-alerts,cancelled,,https://github.com/DevExpress/DevExtreme/actions/runs/37594420418/job/112703636175
"07.10.26, 08:32:51",112703636220,37594420418,1,Playwright tests,Determine Playwright matrix,fix/security-alerts,cancelled,,https://github.com/DevExpress/DevExtreme/actions/runs/37594420418/job/112703636220
"07.10.26, 08:32:51",112703637560,37594420418,1,Playwright tests,${{ matrix.name }}${{ ((!matrix.theme && ' - fluent') || '') }},fix/security-alerts,cancelled,,https://github.com/DevExpress/DevExtreme/actions/runs/37594420418/job/112703637560
"07.10.26, 22:36:43",113051995606,37696773989,1,QUnit tests,Constel ui.editors,fix/26-1-security-alerts-v2,failure,,https://github.com/DevExpress/DevExtreme/actions/runs/37696773989/job/113051995606
"07.10.26, 22:36:43",113051995701,37696773989,1,QUnit tests,Constel ui.grid,fix/26-1-security-alerts-v2,failure,,https://github.com/DevExpress/DevExtreme/actions/runs/37696773989/job/113051995701
"07.10.26, 22:29:46",113049555409,37696537066,1,QUnit tests,Build,fix/26-1-security-alerts-v2,cancelled,Build,https://github.com/DevExpress/DevExtreme/actions/runs/37696537066/job/113049555409
"07.10.26, 22:33:06",113050731238,37696537066,1,QUnit tests,${{ matrix.constel }}-shadow-dom,fix/26-1-security-alerts-v2,cancelled,,https://github.com/DevExpress/DevExtreme/actions/runs/37696537066/job/113050731238
"07.10.26, 22:33:06",113050731341,37696537066,1,QUnit tests,"Constel ${{ matrix.CONSTEL }}${{ (((matrix.TIMEZONE != '') && format('-{0}', matrix.TIMEZONE)) || '') }}${{ (((matrix.CSP == 'false') && '-no-csp') || '') }}",fix/26-1-security-alerts-v2,cancelled,,https://github.com/DevExpress/DevExtreme/actions/runs/37696537066/job/113050731341
"07.10.26, 22:33:06",113050732698,37696537066,1,QUnit tests,Send notifications,fix/26-1-security-alerts-v2,cancelled,,https://github.com/DevExpress/DevExtreme/actions/runs/37696537066/job/113050732698
"07.10.26, 21:55:10",113036651124,37692114206,1,QUnit tests,Constel ui.editors,fix/security-alerts,cancelled,Run QUnit tests,https://github.com/DevExpress/DevExtreme/actions/runs/37692114206/job/113036651124
"07.10.26, 21:55:10",113036651131,37692114206,1,QUnit tests,ui.scheduler-shadow-dom,fix/security-alerts,cancelled,Run QUnit tests,https://github.com/DevExpress/DevExtreme/actions/runs/37692114206/job/113036651131
"07.10.26, 21:55:10",113036651162,37692114206,1,QUnit tests,ui.grid-shadow-dom,fix/security-alerts,cancelled,Run QUnit tests,https://github.com/DevExpress/DevExtreme/actions/runs/37692114206/job/113036651162
"07.10.26, 21:55:10",113036651163,37692114206,1,QUnit tests,ui.widgets-shadow-dom,fix/security-alerts,cancelled,Run QUnit tests,https://github.com/DevExpress/DevExtreme/actions/runs/37692114206/job/113036651163
"07.10.26, 21:55:10",113036651169,37692114206,1,QUnit tests,Constel ui.widgets-no-csp,fix/security-alerts,cancelled,Run QUnit tests,https://github.com/DevExpress/DevExtreme/actions/runs/37692114206/job/113036651169
"07.10.26, 21:55:10",113036651182,37692114206,1,QUnit tests,Constel ui.scheduler-US/Pacific,fix/security-alerts,cancelled,Run QUnit tests,https://github.com/DevExpress/DevExtreme/actions/runs/37692114206/job/113036651182
"07.10.26, 21:55:10",113036651197,37692114206,1,QUnit tests,Constel ui,fix/security-alerts,cancelled,Run QUnit tests,https://github.com/DevExpress/DevExtreme/actions/runs/37692114206/job/113036651197
"07.10.26, 21:55:10",113036651207,37692114206,1,QUnit tests,Constel misc,fix/security-alerts,cancelled,Run QUnit tests,https://github.com/DevExpress/DevExtreme/actions/runs/37692114206/job/113036651207
"07.10.26, 21:55:10",113036651213,37692114206,1,QUnit tests,ui.editors-shadow-dom,fix/security-alerts,cancelled,Run QUnit tests,https://github.com/DevExpress/DevExtreme/actions/runs/37692114206/job/113036651213
"07.10.26, 21:55:10",113036651225,37692114206,1,QUnit tests,Constel ui.grid,fix/security-alerts,cancelled,Run QUnit tests,https://github.com/DevExpress/DevExtreme/actions/runs/37692114206/job/113036651225
"07.10.26, 21:55:10",113036651251,37692114206,1,QUnit tests,ui-shadow-dom,fix/security-alerts,cancelled,Run QUnit tests,https://github.com/DevExpress/DevExtreme/actions/runs/37692114206/job/113036651251
"07.10.26, 21:55:10",113036651298,37692114206,1,QUnit tests,Constel misc-no-csp,fix/security-alerts,cancelled,Run QUnit tests,https://github.com/DevExpress/DevExtreme/actions/runs/37692114206/job/113036651298
"07.10.26, 21:55:10",113036651318,37692114206,1,QUnit tests,Constel ui.scheduler,fix/security-alerts,cancelled,Run QUnit tests,https://github.com/DevExpress/DevExtreme/actions/runs/37692114206/job/113036651318
"07.10.26, 21:58:29",113037896828,37692114206,1,QUnit tests,Send notifications,fix/security-alerts,cancelled,,https://github.com/DevExpress/DevExtreme/actions/runs/37692114206/job/113037896828
"07.10.26, 20:49:56",113010429160,37684543364,1,QUnit tests,Constel ui.editors,typescript/core/utils_typing_5039_part2,failure,,https://github.com/DevExpress/DevExtreme/actions/runs/37684543364/job/113010429160
"07.10.26, 17:09:27",112914084305,37656342170,1,QUnit tests,ui-shadow-dom,typescript/core/utils_typing_5039_part2_26_1,failure,Run QUnit tests,https://github.com/DevExpress/DevExtreme/actions/runs/37656342170/job/112914084305
"07.10.26, 17:09:27",112914084467,37656342170,1,QUnit tests,Constel misc-no-csp,typescript/core/utils_typing_5039_part2_26_1,failure,Run QUnit tests,https://github.com/DevExpress/DevExtreme/actions/runs/37656342170/job/112914084467
"07.10.26, 17:09:27",112914084492,37656342170,1,QUnit tests,Constel misc,typescript/core/utils_typing_5039_part2_26_1,failure,Run QUnit tests,https://github.com/DevExpress/DevExtreme/actions/runs/37656342170/job/112914084492
"07.10.26, 17:09:27",112914084584,37656342170,1,QUnit tests,Constel ui,typescript/core/utils_typing_5039_part2_26_1,failure,Run QUnit tests,https://github.com/DevExpress/DevExtreme/actions/runs/37656342170/job/112914084584
"07.10.26, 17:05:29",112912185648,37656333753,1,QUnit tests,Build,typescript/core/utils_typing_5039_part2,failure,Build,https://github.com/DevExpress/DevExtreme/actions/runs/37656333753/job/112912185648
"07.10.26, 17:04:04",112911382103,37656120429,1,QUnit tests,Build,typescript/core/utils_typing_5039_part2_26_1,cancelled,Build,https://github.com/DevExpress/DevExtreme/actions/runs/37656120429/job/112911382103
"07.10.26, 17:06:22",112912645550,37656120429,1,QUnit tests,"Constel ${{ matrix.CONSTEL }}${{ (((matrix.TIMEZONE != '') && format('-{0}', matrix.TIMEZONE)) || '') }}${{ (((matrix.CSP == 'false') && '-no-csp') || '') }}",typescript/core/utils_typing_5039_part2_26_1,cancelled,,https://github.com/DevExpress/DevExtreme/actions/runs/37656120429/job/112912645550
"07.10.26, 17:06:23",112912646183,37656120429,1,QUnit tests,${{ matrix.constel }}-shadow-dom,typescript/core/utils_typing_5039_part2_26_1,cancelled,,https://github.com/DevExpress/DevExtreme/actions/runs/37656120429/job/112912646183
"07.10.26, 17:06:23",112912646477,37656120429,1,QUnit tests,Send notifications,typescript/core/utils_typing_5039_part2_26_1,cancelled,,https://github.com/DevExpress/DevExtreme/actions/runs/37656120429/job/112912646477
"07.10.26, 17:01:46",112909933784,37655735490,1,QUnit tests,Build,typescript/core/utils_typing_5039_part2,failure,Build,https://github.com/DevExpress/DevExtreme/actions/runs/37655735490/job/112909933784
"07.10.26, 16:43:45",112905431984,37653914533,1,QUnit tests,ui-shadow-dom,typescript/core/utils_typing_5039_part2_26_1,failure,Run QUnit tests,https://github.com/DevExpress/DevExtreme/actions/runs/37653914533/job/112905431984
"07.10.26, 16:43:45",112905432127,37653914533,1,QUnit tests,Constel misc,typescript/core/utils_typing_5039_part2_26_1,failure,Run QUnit tests,https://github.com/DevExpress/DevExtreme/actions/runs/37653914533/job/112905432127
"07.10.26, 16:43:45",112905432134,37653914533,1,QUnit tests,Constel ui,typescript/core/utils_typing_5039_part2_26_1,failure,Run QUnit tests,https://github.com/DevExpress/DevExtreme/actions/runs/37653914533/job/112905432134
"07.10.26, 16:43:45",112905432360,37653914533,1,QUnit tests,Constel misc-no-csp,typescript/core/utils_typing_5039_part2_26_1,failure,Run QUnit tests,https://github.com/DevExpress/DevExtreme/actions/runs/37653914533/job/112905432360
"07.10.26, 16:40:36",112904039292,37653909748,1,QUnit tests,Build,typescript/core/utils_typing_5039_part2,failure,Build,https://github.com/DevExpress/DevExtreme/actions/runs/37653909748/job/112904039292
"07.10.26, 15:19:29",112866012112,37642919489,1,QUnit tests,Build,typescript/core/utils_typing_5039_part2,failure,Build,https://github.com/DevExpress/DevExtreme/actions/runs/37642919489/job/112866012112
"07.10.26, 13:11:08",112809568898,37625967554,1,QUnit tests,ui.widgets-shadow-dom,fix_eslint_filter_26_2,cancelled,Run QUnit tests,https://github.com/DevExpress/DevExtreme/actions/runs/37625967554/job/112809568898
"07.10.26, 13:11:08",112809569137,37625967554,1,QUnit tests,ui.grid-shadow-dom,fix_eslint_filter_26_2,cancelled,Post Run QUnit tests,https://github.com/DevExpress/DevExtreme/actions/runs/37625967554/job/112809569137
"07.10.26, 13:21:06",112813968514,37625967554,1,QUnit tests,Send notifications,fix_eslint_filter_26_2,cancelled,,https://github.com/DevExpress/DevExtreme/actions/runs/37625967554/job/112813968514
"07.10.26, 13:02:37",112805866180,37625434058,1,QUnit tests,Build,typescript/filter_builder_draggable_sortable/followups_5275_26_1,cancelled,Install dependencies,https://github.com/DevExpress/DevExtreme/actions/runs/37625434058/job/112805866180
"07.10.26, 13:03:53",112806418059,37625434058,1,QUnit tests,${{ matrix.constel }}-shadow-dom,typescript/filter_builder_draggable_sortable/followups_5275_26_1,cancelled,,https://github.com/DevExpress/DevExtreme/actions/runs/37625434058/job/112806418059
"07.10.26, 13:03:53",112806418345,37625434058,1,QUnit tests,"Constel ${{ matrix.CONSTEL }}${{ (((matrix.TIMEZONE != '') && format('-{0}', matrix.TIMEZONE)) || '') }}${{ (((matrix.CSP == 'false') && '-no-csp') || '') }}",typescript/filter_builder_draggable_sortable/followups_5275_26_1,cancelled,,https://github.com/DevExpress/DevExtreme/actions/runs/37625434058/job/112806418345
"07.10.26, 13:03:54",112806419165,37625434058,1,QUnit tests,Send notifications,typescript/filter_builder_draggable_sortable/followups_5275_26_1,cancelled,,https://github.com/DevExpress/DevExtreme/actions/runs/37625434058/job/112806419165
"07.10.26, 12:56:33",112803275412,37624668309,1,QUnit tests,Build,typescript/filter_builder_draggable_sortable/followups_5275,cancelled,Build,https://github.com/DevExpress/DevExtreme/actions/runs/37624668309/job/112803275412
"07.10.26, 13:00:13",112804817677,37624668309,1,QUnit tests,"Constel ${{ matrix.CONSTEL }}${{ (((matrix.TIMEZONE != '') && format('-{0}', matrix.TIMEZONE)) || '') }}${{ (((matrix.CSP == 'false') && '-no-csp') || '') }}",typescript/filter_builder_draggable_sortable/followups_5275,cancelled,,https://github.com/DevExpress/DevExtreme/actions/runs/37624668309/job/112804817677
"07.10.26, 13:00:13",112804818263,37624668309,1,QUnit tests,${{ matrix.constel }}-shadow-dom,typescript/filter_builder_draggable_sortable/followups_5275,cancelled,,https://github.com/DevExpress/DevExtreme/actions/runs/37624668309/job/112804818263
"07.10.26, 13:00:13",112804818779,37624668309,1,QUnit tests,Send notifications,typescript/filter_builder_draggable_sortable/followups_5275,cancelled,,https://github.com/DevExpress/DevExtreme/actions/runs/37624668309/job/112804818779
"07.10.26, 12:41:49",112797206792,37622863924,1,QUnit tests,Build,const_columns_view_26_1,failure,Build,https://github.com/DevExpress/DevExtreme/actions/runs/37622863924/job/112797206792
"07.10.26, 11:31:21",112769927964,37614044936,1,QUnit tests,ui.editors-shadow-dom,grids_type_grid_core_m_utils_26_2,failure,,https://github.com/DevExpress/DevExtreme/actions/runs/37614044936/job/112769927964
"07.10.26, 10:39:45",112750987027,37608875380,1,QUnit tests,Check if all tests should run,fix/security-alerts,cancelled,,https://github.com/DevExpress/DevExtreme/actions/runs/37608875380/job/112750987027
"07.10.26, 10:39:45",112750987248,37608875380,1,QUnit tests,Build,fix/security-alerts,cancelled,,https://github.com/DevExpress/DevExtreme/actions/runs/37608875380/job/112750987248
"07.10.26, 10:39:47",112750994270,37608875380,1,QUnit tests,"Constel ${{ matrix.CONSTEL }}${{ (((matrix.TIMEZONE != '') && format('-{0}', matrix.TIMEZONE)) || '') }}${{ (((matrix.CSP == 'false') && '-no-csp') || '') }}",fix/security-alerts,cancelled,,https://github.com/DevExpress/DevExtreme/actions/runs/37608875380/job/112750994270
"07.10.26, 10:39:47",112750994609,37608875380,1,QUnit tests,${{ matrix.constel }}-shadow-dom,fix/security-alerts,cancelled,,https://github.com/DevExpress/DevExtreme/actions/runs/37608875380/job/112750994609
"07.10.26, 10:39:47",112750995933,37608875380,1,QUnit tests,Send notifications,fix/security-alerts,cancelled,,https://github.com/DevExpress/DevExtreme/actions/runs/37608875380/job/112750995933
"07.10.26, 09:53:27",112733925134,37603689141,1,QUnit tests,Build,refactor/type-data-source-adapter-26_1,cancelled,,https://github.com/DevExpress/DevExtreme/actions/runs/37603689141/job/112733925134
"07.10.26, 09:56:09",112734916422,37603689141,1,QUnit tests,"Constel ${{ matrix.CONSTEL }}${{ (((matrix.TIMEZONE != '') && format('-{0}', matrix.TIMEZONE)) || '') }}${{ (((matrix.CSP == 'false') && '-no-csp') || '') }}",refactor/type-data-source-adapter-26_1,cancelled,,https://github.com/DevExpress/DevExtreme/actions/runs/37603689141/job/112734916422
"07.10.26, 09:56:09",112734917208,37603689141,1,QUnit tests,${{ matrix.constel }}-shadow-dom,refactor/type-data-source-adapter-26_1,cancelled,,https://github.com/DevExpress/DevExtreme/actions/runs/37603689141/job/112734917208
"07.10.26, 09:56:09",112734917733,37603689141,1,QUnit tests,Send notifications,refactor/type-data-source-adapter-26_1,cancelled,,https://github.com/DevExpress/DevExtreme/actions/runs/37603689141/job/112734917733
"07.10.26, 09:52:28",112733565179,37603580282,1,QUnit tests,Build,refactor/type-data-source-adapter-main,cancelled,,https://github.com/DevExpress/DevExtreme/actions/runs/37603580282/job/112733565179
"07.10.26, 09:55:29",112734676454,37603580282,1,QUnit tests,${{ matrix.constel }}-shadow-dom,refactor/type-data-source-adapter-main,cancelled,,https://github.com/DevExpress/DevExtreme/actions/runs/37603580282/job/112734676454
"07.10.26, 09:55:29",112734676560,37603580282,1,QUnit tests,"Constel ${{ matrix.CONSTEL }}${{ (((matrix.TIMEZONE != '') && format('-{0}', matrix.TIMEZONE)) || '') }}${{ (((matrix.CSP == 'false') && '-no-csp') || '') }}",refactor/type-data-source-adapter-main,cancelled,,https://github.com/DevExpress/DevExtreme/actions/runs/37603580282/job/112734676560
"07.10.26, 09:55:30",112734677575,37603580282,1,QUnit tests,Send notifications,refactor/type-data-source-adapter-main,cancelled,,https://github.com/DevExpress/DevExtreme/actions/runs/37603580282/job/112734677575
"07.10.26, 09:28:11",112724461402,37598970340,1,QUnit tests,Constel ui.widgets-no-csp,typescript/core/utils_typing_5039_part2_26_1,failure,,https://github.com/DevExpress/DevExtreme/actions/runs/37598970340/job/112724461402
"07.10.26, 08:56:46",112712558759,37596394732,1,QUnit tests,ui.scheduler-shadow-dom,typescript/core/utils_typing_5039_part2_26_1,cancelled,Post Run QUnit tests,https://github.com/DevExpress/DevExtreme/actions/runs/37596394732/job/112712558759
"07.10.26, 08:56:46",112712558775,37596394732,1,QUnit tests,ui.grid-shadow-dom,typescript/core/utils_typing_5039_part2_26_1,cancelled,Run QUnit tests,https://github.com/DevExpress/DevExtreme/actions/runs/37596394732/job/112712558775
"07.10.26, 08:56:46",112712558800,37596394732,1,QUnit tests,ui.widgets-shadow-dom,typescript/core/utils_typing_5039_part2_26_1,cancelled,Run QUnit tests,https://github.com/DevExpress/DevExtreme/actions/runs/37596394732/job/112712558800
"07.10.26, 08:56:46",112712558866,37596394732,1,QUnit tests,Constel ui.scheduler-US/Pacific,typescript/core/utils_typing_5039_part2_26_1,cancelled,Post Run QUnit tests,https://github.com/DevExpress/DevExtreme/actions/runs/37596394732/job/112712558866
"07.10.26, 08:56:46",112712558923,37596394732,1,QUnit tests,Constel ui.grid,typescript/core/utils_typing_5039_part2_26_1,cancelled,Run QUnit tests,https://github.com/DevExpress/DevExtreme/actions/runs/37596394732/job/112712558923
"07.10.26, 08:56:46",112712558952,37596394732,1,QUnit tests,Constel ui.widgets-no-csp,typescript/core/utils_typing_5039_part2_26_1,cancelled,Run QUnit tests,https://github.com/DevExpress/DevExtreme/actions/runs/37596394732/job/112712558952
"07.10.26, 08:56:46",112712558971,37596394732,1,QUnit tests,Constel ui.editors,typescript/core/utils_typing_5039_part2_26_1,cancelled,Post Run QUnit tests,https://github.com/DevExpress/DevExtreme/actions/runs/37596394732/job/112712558971
"07.10.26, 08:56:46",112712559015,37596394732,1,QUnit tests,Constel ui.scheduler,typescript/core/utils_typing_5039_part2_26_1,cancelled,Post Run QUnit tests,https://github.com/DevExpress/DevExtreme/actions/runs/37596394732/job/112712559015
"07.10.26, 09:13:09",112718753079,37596394732,1,QUnit tests,Send notifications,typescript/core/utils_typing_5039_part2_26_1,cancelled,,https://github.com/DevExpress/DevExtreme/actions/runs/37596394732/job/112718753079
"07.10.26, 08:55:32",112712097221,37596259517,1,QUnit tests,ui.editors-shadow-dom,fix/26-1-security-alerts,cancelled,,https://github.com/DevExpress/DevExtreme/actions/runs/37596259517/job/112712097221
"07.10.26, 08:55:32",112712097224,37596259517,1,QUnit tests,ui-shadow-dom,fix/26-1-security-alerts,cancelled,,https://github.com/DevExpress/DevExtreme/actions/runs/37596259517/job/112712097224
"07.10.26, 08:55:32",112712097237,37596259517,1,QUnit tests,ui.grid-shadow-dom,fix/26-1-security-alerts,cancelled,,https://github.com/DevExpress/DevExtreme/actions/runs/37596259517/job/112712097237
"07.10.26, 08:55:32",112712097334,37596259517,1,QUnit tests,ui.scheduler-shadow-dom,fix/26-1-security-alerts,cancelled,,https://github.com/DevExpress/DevExtreme/actions/runs/37596259517/job/112712097334
"07.10.26, 08:55:32",112712097360,37596259517,1,QUnit tests,ui.widgets-shadow-dom,fix/26-1-security-alerts,cancelled,,https://github.com/DevExpress/DevExtreme/actions/runs/37596259517/job/112712097360
"07.10.26, 08:55:32",112712097384,37596259517,1,QUnit tests,Constel ui,fix/26-1-security-alerts,cancelled,,https://github.com/DevExpress/DevExtreme/actions/runs/37596259517/job/112712097384
"07.10.26, 08:55:32",112712097418,37596259517,1,QUnit tests,Constel misc,fix/26-1-security-alerts,cancelled,,https://github.com/DevExpress/DevExtreme/actions/runs/37596259517/job/112712097418
"07.10.26, 08:55:32",112712097462,37596259517,1,QUnit tests,Constel ui.scheduler-US/Pacific,fix/26-1-security-alerts,cancelled,,https://github.com/DevExpress/DevExtreme/actions/runs/37596259517/job/112712097462
"07.10.26, 08:55:32",112712097481,37596259517,1,QUnit tests,Constel ui.scheduler,fix/26-1-security-alerts,cancelled,,https://github.com/DevExpress/DevExtreme/actions/runs/37596259517/job/112712097481
"07.10.26, 08:55:32",112712097490,37596259517,1,QUnit tests,Constel ui.editors,fix/26-1-security-alerts,cancelled,,https://github.com/DevExpress/DevExtreme/actions/runs/37596259517/job/112712097490
"07.10.26, 08:55:32",112712097507,37596259517,1,QUnit tests,Constel ui.grid,fix/26-1-security-alerts,cancelled,,https://github.com/DevExpress/DevExtreme/actions/runs/37596259517/job/112712097507
"07.10.26, 08:55:32",112712097667,37596259517,1,QUnit tests,Constel misc-no-csp,fix/26-1-security-alerts,cancelled,,https://github.com/DevExpress/DevExtreme/actions/runs/37596259517/job/112712097667
"07.10.26, 08:55:32",112712097709,37596259517,1,QUnit tests,Constel ui.widgets-no-csp,fix/26-1-security-alerts,cancelled,,https://github.com/DevExpress/DevExtreme/actions/runs/37596259517/job/112712097709
"07.10.26, 08:58:42",112713268021,37596259517,1,QUnit tests,Send notifications,fix/26-1-security-alerts,cancelled,,https://github.com/DevExpress/DevExtreme/actions/runs/37596259517/job/112713268021
"07.10.26, 08:44:19",112707903776,37595769592,1,QUnit tests,Build,T1336240_focus_scroll_async_25_2,failure,Build,https://github.com/DevExpress/DevExtreme/actions/runs/37595769592/job/112707903776
"07.10.26, 08:32:20",112703427464,37594420567,1,QUnit tests,Build,fix/security-alerts,cancelled,Install dependencies,https://github.com/DevExpress/DevExtreme/actions/runs/37594420567/job/112703427464
"07.10.26, 08:33:47",112703998404,37594420567,1,QUnit tests,"Constel ${{ matrix.CONSTEL }}${{ (((matrix.TIMEZONE != '') && format('-{0}', matrix.TIMEZONE)) || '') }}${{ (((matrix.CSP == 'false') && '-no-csp') || '') }}",fix/security-alerts,cancelled,,https://github.com/DevExpress/DevExtreme/actions/runs/37594420567/job/112703998404
"07.10.26, 08:33:47",112703998739,37594420567,1,QUnit tests,${{ matrix.constel }}-shadow-dom,fix/security-alerts,cancelled,,https://github.com/DevExpress/DevExtreme/actions/runs/37594420567/job/112703998739
"07.10.26, 08:33:48",112703999878,37594420567,1,QUnit tests,Send notifications,fix/security-alerts,cancelled,,https://github.com/DevExpress/DevExtreme/actions/runs/37594420567/job/112703999878
"07.10.26, 22:29:46",113049556270,37696537183,1,Jest tests,jest-tests,fix/26-1-security-alerts-v2,cancelled,Check test types,https://github.com/DevExpress/DevExtreme/actions/runs/37696537183/job/113049556270
"07.10.26, 22:33:03",113050718470,37696537183,1,Jest tests,Send notifications,fix/26-1-security-alerts-v2,cancelled,,https://github.com/DevExpress/DevExtreme/actions/runs/37696537183/job/113050718470
"07.10.26, 21:58:06",113037757573,37692991773,1,Jest tests,jest-tests,fix/security-alerts,cancelled,Install dependencies,https://github.com/DevExpress/DevExtreme/actions/runs/37692991773/job/113037757573
"07.10.26, 21:59:15",113038172033,37692991773,1,Jest tests,Send notifications,fix/security-alerts,cancelled,,https://github.com/DevExpress/DevExtreme/actions/runs/37692991773/job/113038172033
"07.10.26, 21:49:47",113034627042,37692114121,1,Jest tests,jest-tests,fix/security-alerts,cancelled,Post Setup pnpm cache,https://github.com/DevExpress/DevExtreme/actions/runs/37692114121/job/113034627042
"07.10.26, 21:58:05",113037756697,37692114121,1,Jest tests,Send notifications,fix/security-alerts,cancelled,,https://github.com/DevExpress/DevExtreme/actions/runs/37692114121/job/113037756697
"07.10.26, 17:05:28",112912177906,37656333359,1,Jest tests,jest-tests,typescript/core/utils_typing_5039_part2,failure,Check test types,https://github.com/DevExpress/DevExtreme/actions/runs/37656333359/job/112912177906
"07.10.26, 17:04:12",112911462619,37656120822,1,Jest tests,jest-tests,typescript/core/utils_typing_5039_part2_26_1,cancelled,Jest tests,https://github.com/DevExpress/DevExtreme/actions/runs/37656120822/job/112911462619
"07.10.26, 17:06:32",112912722035,37656120822,1,Jest tests,Send notifications,typescript/core/utils_typing_5039_part2_26_1,cancelled,,https://github.com/DevExpress/DevExtreme/actions/runs/37656120822/job/112912722035
"07.10.26, 17:01:46",112909933313,37655735592,1,Jest tests,jest-tests,typescript/core/utils_typing_5039_part2,failure,Check test types,https://github.com/DevExpress/DevExtreme/actions/runs/37655735592/job/112909933313
"07.10.26, 16:40:41",112904075833,37653909708,1,Jest tests,jest-tests,typescript/core/utils_typing_5039_part2,failure,Check test types,https://github.com/DevExpress/DevExtreme/actions/runs/37653909708/job/112904075833
"07.10.26, 16:03:17",112887066538,37648994335,1,Jest tests,jest-tests,feature/demo_custom_AI_assistant(copilot-fixes),cancelled,Jest tests,https://github.com/DevExpress/DevExtreme/actions/runs/37648994335/job/112887066538
"07.10.26, 16:13:38",112891803825,37648994335,1,Jest tests,Send notifications,feature/demo_custom_AI_assistant(copilot-fixes),cancelled,,https://github.com/DevExpress/DevExtreme/actions/runs/37648994335/job/112891803825
"07.10.26, 15:19:25",112865963269,37642918975,1,Jest tests,jest-tests,typescript/core/utils_typing_5039_part2,failure,Check test types,https://github.com/DevExpress/DevExtreme/actions/runs/37642918975/job/112865963269
"07.10.26, 15:02:11",112862013613,37641688828,1,Jest tests,jest-tests,typescript/misc/rename_presets_5009,failure,,https://github.com/DevExpress/DevExtreme/actions/runs/37641688828/job/112862013613
"07.10.26, 13:02:37",112805867928,37625434053,1,Jest tests,jest-tests,typescript/filter_builder_draggable_sortable/followups_5275_26_1,cancelled,Install dependencies,https://github.com/DevExpress/DevExtreme/actions/runs/37625434053/job/112805867928
"07.10.26, 13:03:52",112806410140,37625434053,1,Jest tests,Send notifications,typescript/filter_builder_draggable_sortable/followups_5275_26_1,cancelled,,https://github.com/DevExpress/DevExtreme/actions/runs/37625434053/job/112806410140
"07.10.26, 12:56:32",112803266171,37624668278,1,Jest tests,jest-tests,typescript/filter_builder_draggable_sortable/followups_5275,cancelled,Jest tests,https://github.com/DevExpress/DevExtreme/actions/runs/37624668278/job/112803266171
"07.10.26, 12:59:53",112804678728,37624668278,1,Jest tests,Send notifications,typescript/filter_builder_draggable_sortable/followups_5275,cancelled,,https://github.com/DevExpress/DevExtreme/actions/runs/37624668278/job/112804678728
"07.10.26, 12:41:50",112797214397,37622864144,1,Jest tests,jest-tests,const_columns_view_26_1,failure,Check test types,https://github.com/DevExpress/DevExtreme/actions/runs/37622864144/job/112797214397
"07.10.26, 10:39:45",112750987716,37608875409,1,Jest tests,jest-tests,fix/security-alerts,cancelled,,https://github.com/DevExpress/DevExtreme/actions/runs/37608875409/job/112750987716
"07.10.26, 10:39:46",112750992166,37608875409,1,Jest tests,Send notifications,fix/security-alerts,cancelled,,https://github.com/DevExpress/DevExtreme/actions/runs/37608875409/job/112750992166
"07.10.26, 10:22:58",112744871100,37607018352,1,Jest tests,jest-tests,gh-readonly-queue/main/pr-35497-e5cbfd00a4673b90fd45f75f77eca5e7fa576903,failure,,https://github.com/DevExpress/DevExtreme/actions/runs/37607018352/job/112744871100
"07.10.26, 09:53:27",112733926620,37603689140,1,Jest tests,jest-tests,refactor/type-data-source-adapter-26_1,cancelled,,https://github.com/DevExpress/DevExtreme/actions/runs/37603689140/job/112733926620
"07.10.26, 09:56:09",112734916702,37603689140,1,Jest tests,Send notifications,refactor/type-data-source-adapter-26_1,cancelled,,https://github.com/DevExpress/DevExtreme/actions/runs/37603689140/job/112734916702
"07.10.26, 09:52:28",112733564525,37603580326,1,Jest tests,jest-tests,refactor/type-data-source-adapter-main,cancelled,,https://github.com/DevExpress/DevExtreme/actions/runs/37603580326/job/112733564525
"07.10.26, 09:55:29",112734676575,37603580326,1,Jest tests,Send notifications,refactor/type-data-source-adapter-main,cancelled,,https://github.com/DevExpress/DevExtreme/actions/runs/37603580326/job/112734676575
"07.10.26, 08:59:56",112713729226,37597536960,1,Jest tests,jest-tests,type_columns_view_main,failure,,https://github.com/DevExpress/DevExtreme/actions/runs/37597536960/job/112713729226
"07.10.26, 09:42:06",112729728377,37597536960,2,Jest tests,jest-tests,type_columns_view_main,cancelled,Jest tests,https://github.com/DevExpress/DevExtreme/actions/runs/37597536960/job/112729728377
"07.10.26, 10:04:49",112738166830,37597536960,2,Jest tests,Send notifications,type_columns_view_main,cancelled,,https://github.com/DevExpress/DevExtreme/actions/runs/37597536960/job/112738166830
"07.10.26, 08:48:38",112709537414,37596259668,1,Jest tests,jest-tests,fix/26-1-security-alerts,cancelled,Post Setup pnpm cache,https://github.com/DevExpress/DevExtreme/actions/runs/37596259668/job/112709537414
"07.10.26, 08:59:29",112713561101,37596259668,1,Jest tests,Send notifications,fix/26-1-security-alerts,cancelled,,https://github.com/DevExpress/DevExtreme/actions/runs/37596259668/job/112713561101
"07.10.26, 08:44:19",112707902542,37595769447,1,Jest tests,jest-tests,T1336240_focus_scroll_async_25_2,failure,Check test types,https://github.com/DevExpress/DevExtreme/actions/runs/37595769447/job/112707902542
"07.10.26, 08:32:19",112703421429,37594420430,1,Jest tests,jest-tests,fix/security-alerts,cancelled,Install dependencies,https://github.com/DevExpress/DevExtreme/actions/runs/37594420430/job/112703421429
"07.10.26, 08:33:48",112704001007,37594420430,1,Jest tests,Send notifications,fix/security-alerts,cancelled,,https://github.com/DevExpress/DevExtreme/actions/runs/37594420430/job/112704001007
"07.10.26, 22:29:46",113049555118,37696537054,1,Styles tests,Tests,fix/26-1-security-alerts-v2,cancelled,,https://github.com/DevExpress/DevExtreme/actions/runs/37696537054/job/113049555118
"07.10.26, 22:32:01",113050354755,37696537054,1,Styles tests,Send notifications,fix/26-1-security-alerts-v2,cancelled,,https://github.com/DevExpress/DevExtreme/actions/runs/37696537054/job/113050354755
"07.10.26, 21:57:32",113037555611,37692991525,1,Styles tests,Tests,fix/security-alerts,cancelled,Install dependencies,https://github.com/DevExpress/DevExtreme/actions/runs/37692991525/job/113037555611
"07.10.26, 21:59:00",113038079438,37692991525,1,Styles tests,Send notifications,fix/security-alerts,cancelled,,https://github.com/DevExpress/DevExtreme/actions/runs/37692991525/job/113038079438
"07.10.26, 17:04:04",112911380280,37656120366,1,Styles tests,Tests,typescript/core/utils_typing_5039_part2_26_1,cancelled,,https://github.com/DevExpress/DevExtreme/actions/runs/37656120366/job/112911380280
"07.10.26, 17:05:35",112912241563,37656120366,1,Styles tests,Send notifications,typescript/core/utils_typing_5039_part2_26_1,cancelled,,https://github.com/DevExpress/DevExtreme/actions/runs/37656120366/job/112912241563
"07.10.26, 13:02:37",112805867611,37625434284,1,Styles tests,Tests,typescript/filter_builder_draggable_sortable/followups_5275_26_1,cancelled,Install dependencies,https://github.com/DevExpress/DevExtreme/actions/runs/37625434284/job/112805867611
"07.10.26, 13:03:53",112806413783,37625434284,1,Styles tests,Send notifications,typescript/filter_builder_draggable_sortable/followups_5275_26_1,cancelled,,https://github.com/DevExpress/DevExtreme/actions/runs/37625434284/job/112806413783
"07.10.26, 12:56:32",112803266701,37624668397,1,Styles tests,Tests,typescript/filter_builder_draggable_sortable/followups_5275,cancelled,,https://github.com/DevExpress/DevExtreme/actions/runs/37624668397/job/112803266701
"07.10.26, 12:59:25",112804477336,37624668397,1,Styles tests,Send notifications,typescript/filter_builder_draggable_sortable/followups_5275,cancelled,,https://github.com/DevExpress/DevExtreme/actions/runs/37624668397/job/112804477336
"07.10.26, 10:39:45",112750987578,37608875401,1,Styles tests,Tests,fix/security-alerts,cancelled,,https://github.com/DevExpress/DevExtreme/actions/runs/37608875401/job/112750987578
"07.10.26, 10:39:47",112750993560,37608875401,1,Styles tests,Send notifications,fix/security-alerts,cancelled,,https://github.com/DevExpress/DevExtreme/actions/runs/37608875401/job/112750993560
"07.10.26, 09:53:26",112733924081,37603689146,1,Styles tests,Tests,refactor/type-data-source-adapter-26_1,cancelled,,https://github.com/DevExpress/DevExtreme/actions/runs/37603689146/job/112733924081
"07.10.26, 09:56:09",112734917475,37603689146,1,Styles tests,Send notifications,refactor/type-data-source-adapter-26_1,cancelled,,https://github.com/DevExpress/DevExtreme/actions/runs/37603689146/job/112734917475
"07.10.26, 09:52:28",112733565705,37603580303,1,Styles tests,Tests,refactor/type-data-source-adapter-main,cancelled,,https://github.com/DevExpress/DevExtreme/actions/runs/37603580303/job/112733565705
"07.10.26, 09:55:30",112734679388,37603580303,1,Styles tests,Send notifications,refactor/type-data-source-adapter-main,cancelled,,https://github.com/DevExpress/DevExtreme/actions/runs/37603580303/job/112734679388
"07.10.26, 08:56:35",112712487766,37597161908,1,Styles tests,Tests,typescript/misc/es6_classes_5009,failure,,https://github.com/DevExpress/DevExtreme/actions/runs/37597161908/job/112712487766
"07.10.26, 08:32:19",112703422155,37594420545,1,Styles tests,Tests,fix/security-alerts,cancelled,Install dependencies,https://github.com/DevExpress/DevExtreme/actions/runs/37594420545/job/112703422155
"07.10.26, 08:33:47",112703995327,37594420545,1,Styles tests,Send notifications,fix/security-alerts,cancelled,,https://github.com/DevExpress/DevExtreme/actions/runs/37594420545/job/112703995327
"07.10.26, 22:30:04",113049656997,37696537446,1,TestCafe tests,Build DevExtreme,fix/26-1-security-alerts-v2,cancelled,Build,https://github.com/DevExpress/DevExtreme/actions/runs/37696537446/job/113049656997
"07.10.26, 22:33:05",113050730197,37696537446,1,TestCafe tests,${{ matrix.name }}${{ ((!matrix.theme && ' - fluent') || '') }},fix/26-1-security-alerts-v2,cancelled,,https://github.com/DevExpress/DevExtreme/actions/runs/37696537446/job/113050730197
"07.10.26, 22:33:06",113050731615,37696537446,1,TestCafe tests,quarantine,fix/26-1-security-alerts-v2,cancelled,,https://github.com/DevExpress/DevExtreme/actions/runs/37696537446/job/113050731615
"07.10.26, 22:33:06",113050731812,37696537446,1,TestCafe tests,Send notifications,fix/26-1-security-alerts-v2,cancelled,,https://github.com/DevExpress/DevExtreme/actions/runs/37696537446/job/113050731812
"07.10.26, 21:58:01",113037731852,37692991576,1,TestCafe tests,Check if tests should run,fix/security-alerts,cancelled,,https://github.com/DevExpress/DevExtreme/actions/runs/37692991576/job/113037731852
"07.10.26, 21:58:17",113037827928,37692991576,1,TestCafe tests,Determine TestCafe matrix,fix/security-alerts,cancelled,,https://github.com/DevExpress/DevExtreme/actions/runs/37692991576/job/113037827928
"07.10.26, 21:58:17",113037828620,37692991576,1,TestCafe tests,Build DevExtreme,fix/security-alerts,cancelled,,https://github.com/DevExpress/DevExtreme/actions/runs/37692991576/job/113037828620
"07.10.26, 21:58:17",113037828775,37692991576,1,TestCafe tests,${{ matrix.name }}${{ ((!matrix.theme && ' - fluent') || '') }},fix/security-alerts,cancelled,,https://github.com/DevExpress/DevExtreme/actions/runs/37692991576/job/113037828775
"07.10.26, 21:58:17",113037829556,37692991576,1,TestCafe tests,quarantine,fix/security-alerts,cancelled,,https://github.com/DevExpress/DevExtreme/actions/runs/37692991576/job/113037829556
"07.10.26, 21:58:17",113037830415,37692991576,1,TestCafe tests,Send notifications,fix/security-alerts,cancelled,,https://github.com/DevExpress/DevExtreme/actions/runs/37692991576/job/113037830415
"07.10.26, 21:56:35",113037194173,37692114229,1,TestCafe tests,dataGrid (1/4) - fluent,fix/security-alerts,cancelled,Restore pnpm cache,https://github.com/DevExpress/DevExtreme/actions/runs/37692114229/job/113037194173
"07.10.26, 21:56:35",113037194218,37692114229,1,TestCafe tests,scheduler / viewOffset (1/2) - fluent,fix/security-alerts,cancelled,Install dependencies,https://github.com/DevExpress/DevExtreme/actions/runs/37692114229/job/113037194218
"07.10.26, 21:56:35",113037194246,37692114229,1,TestCafe tests,accessibility - fluent,fix/security-alerts,cancelled,Install dependencies,https://github.com/DevExpress/DevExtreme/actions/runs/37692114229/job/113037194246
"07.10.26, 21:56:35",113037194252,37692114229,1,TestCafe tests,scheduler / common (2/3) - fluent,fix/security-alerts,cancelled,Install dependencies,https://github.com/DevExpress/DevExtreme/actions/runs/37692114229/job/113037194252
"07.10.26, 21:56:35",113037194270,37692114229,1,TestCafe tests,common - fluent,fix/security-alerts,cancelled,Install dependencies,https://github.com/DevExpress/DevExtreme/actions/runs/37692114229/job/113037194270
"07.10.26, 21:56:35",113037194310,37692114229,1,TestCafe tests,dataGrid (3/4) - fluent,fix/security-alerts,cancelled,Install dependencies,https://github.com/DevExpress/DevExtreme/actions/runs/37692114229/job/113037194310
"07.10.26, 21:56:35",113037194319,37692114229,1,TestCafe tests,material - compact,fix/security-alerts,cancelled,Install dependencies,https://github.com/DevExpress/DevExtreme/actions/runs/37692114229/job/113037194319
"07.10.26, 21:56:35",113037194332,37692114229,1,TestCafe tests,scheduler / common (1/3) - fluent,fix/security-alerts,cancelled,,https://github.com/DevExpress/DevExtreme/actions/runs/37692114229/job/113037194332
"07.10.26, 21:56:35",113037194351,37692114229,1,TestCafe tests,dataGrid (2/4) - fluent,fix/security-alerts,cancelled,Install dependencies,https://github.com/DevExpress/DevExtreme/actions/runs/37692114229/job/113037194351
"07.10.26, 21:56:35",113037194359,37692114229,1,TestCafe tests,editors - fluent,fix/security-alerts,cancelled,Restore pnpm cache,https://github.com/DevExpress/DevExtreme/actions/runs/37692114229/job/113037194359
"07.10.26, 21:56:35",113037194386,37692114229,1,TestCafe tests,dataGrid (4/4) - fluent,fix/security-alerts,cancelled,Install dependencies,https://github.com/DevExpress/DevExtreme/actions/runs/37692114229/job/113037194386
"07.10.26, 21:56:35",113037194399,37692114229,1,TestCafe tests,material,fix/security-alerts,cancelled,Install dependencies,https://github.com/DevExpress/DevExtreme/actions/runs/37692114229/job/113037194399
"07.10.26, 21:56:35",113037194412,37692114229,1,TestCafe tests,generic,fix/security-alerts,cancelled,Install dependencies,https://github.com/DevExpress/DevExtreme/actions/runs/37692114229/job/113037194412
"07.10.26, 21:56:35",113037194419,37692114229,1,TestCafe tests,cardView - fluent,fix/security-alerts,cancelled,Install dependencies,https://github.com/DevExpress/DevExtreme/actions/runs/37692114229/job/113037194419
"07.10.26, 21:56:35",113037194429,37692114229,1,TestCafe tests,scheduler / timezones (Europe/Berlin) - fluent,fix/security-alerts,cancelled,Install dependencies,https://github.com/DevExpress/DevExtreme/actions/runs/37692114229/job/113037194429
"07.10.26, 21:56:35",113037194436,37692114229,1,TestCafe tests,navigation - fluent,fix/security-alerts,cancelled,Install dependencies,https://github.com/DevExpress/DevExtreme/actions/runs/37692114229/job/113037194436
"07.10.26, 21:56:35",113037194491,37692114229,1,TestCafe tests,scheduler / viewOffset (2/2) - fluent,fix/security-alerts,cancelled,Install dependencies,https://github.com/DevExpress/DevExtreme/actions/runs/37692114229/job/113037194491
"07.10.26, 21:56:35",113037194547,37692114229,1,TestCafe tests,scheduler / timezones (America/Los_Angeles) - fluent,fix/security-alerts,cancelled,Install dependencies,https://github.com/DevExpress/DevExtreme/actions/runs/37692114229/job/113037194547
"07.10.26, 21:56:35",113037194786,37692114229,1,TestCafe tests,scheduler / common (3/3) - fluent,fix/security-alerts,cancelled,,https://github.com/DevExpress/DevExtreme/actions/runs/37692114229/job/113037194786
"07.10.26, 21:57:54",113037689192,37692114229,1,TestCafe tests,Send notifications,fix/security-alerts,cancelled,,https://github.com/DevExpress/DevExtreme/actions/runs/37692114229/job/113037689192
"07.10.26, 21:57:54",113037689301,37692114229,1,TestCafe tests,quarantine,fix/security-alerts,cancelled,,https://github.com/DevExpress/DevExtreme/actions/runs/37692114229/job/113037689301
"07.10.26, 20:46:38",113009041148,37684558326,1,TestCafe tests,Build DevExtreme,typescript/core/utils_typing_5039_part2_26_1,failure,Show nx cache contents before save,https://github.com/DevExpress/DevExtreme/actions/runs/37684558326/job/113009041148
"07.10.26, 17:07:18",112913093687,37656342200,1,TestCafe tests,Build DevExtreme,typescript/core/utils_typing_5039_part2_26_1,failure,Show nx cache contents before save,https://github.com/DevExpress/DevExtreme/actions/runs/37656342200/job/112913093687
"07.10.26, 17:05:55",112912414729,37656333514,1,TestCafe tests,Build DevExtreme,typescript/core/utils_typing_5039_part2,failure,Build,https://github.com/DevExpress/DevExtreme/actions/runs/37656333514/job/112912414729
"07.10.26, 17:04:25",112911597179,37656120648,1,TestCafe tests,Build DevExtreme,typescript/core/utils_typing_5039_part2_26_1,cancelled,Show nx cache contents before save,https://github.com/DevExpress/DevExtreme/actions/runs/37656120648/job/112911597179
"07.10.26, 17:06:44",112912823242,37656120648,1,TestCafe tests,${{ matrix.name }}${{ ((!matrix.theme && ' - fluent') || '') }},typescript/core/utils_typing_5039_part2_26_1,cancelled,,https://github.com/DevExpress/DevExtreme/actions/runs/37656120648/job/112912823242
"07.10.26, 17:06:44",112912823458,37656120648,1,TestCafe tests,quarantine,typescript/core/utils_typing_5039_part2_26_1,cancelled,,https://github.com/DevExpress/DevExtreme/actions/runs/37656120648/job/112912823458
"07.10.26, 17:06:44",112912825695,37656120648,1,TestCafe tests,Send notifications,typescript/core/utils_typing_5039_part2_26_1,cancelled,,https://github.com/DevExpress/DevExtreme/actions/runs/37656120648/job/112912825695
"07.10.26, 17:02:15",112910126658,37655735454,1,TestCafe tests,Build DevExtreme,typescript/core/utils_typing_5039_part2,failure,Build,https://github.com/DevExpress/DevExtreme/actions/runs/37655735454/job/112910126658
"07.10.26, 16:41:08",112904277181,37653914372,1,TestCafe tests,Build DevExtreme,typescript/core/utils_typing_5039_part2_26_1,failure,Show nx cache contents before save,https://github.com/DevExpress/DevExtreme/actions/runs/37653914372/job/112904277181
"07.10.26, 16:40:55",112904184004,37653909669,1,TestCafe tests,Build DevExtreme,typescript/core/utils_typing_5039_part2,failure,Build,https://github.com/DevExpress/DevExtreme/actions/runs/37653909669/job/112904184004
"07.10.26, 16:16:18",112892986826,37650306759,1,TestCafe tests,scheduler / common (3/3) - fluent,feature/demo_custom_AI_assistant(copilot-fixes),failure,,https://github.com/DevExpress/DevExtreme/actions/runs/37650306759/job/112892986826
"07.10.26, 16:12:30",112891333793,37648994040,1,TestCafe tests,quarantine,feature/demo_custom_AI_assistant(copilot-fixes),cancelled,Install dependencies,https://github.com/DevExpress/DevExtreme/actions/runs/37648994040/job/112891333793
"07.10.26, 16:13:48",112891873883,37648994040,1,TestCafe tests,Send notifications,feature/demo_custom_AI_assistant(copilot-fixes),cancelled,,https://github.com/DevExpress/DevExtreme/actions/runs/37648994040/job/112891873883
"07.10.26, 15:59:09",112885100921,37648340943,1,TestCafe tests,Build DevExtreme,26_1,failure,Show nx cache contents before save,https://github.com/DevExpress/DevExtreme/actions/runs/37648340943/job/112885100921
"07.10.26, 15:20:26",112866634098,37642918997,1,TestCafe tests,Build DevExtreme,typescript/core/utils_typing_5039_part2,failure,Build,https://github.com/DevExpress/DevExtreme/actions/runs/37642918997/job/112866634098
"07.10.26, 15:19:45",112866203102,37642911621,1,TestCafe tests,Build DevExtreme,typescript/core/utils_typing_5039_part2_26_1,failure,Show nx cache contents before save,https://github.com/DevExpress/DevExtreme/actions/runs/37642911621/job/112866203102
"07.10.26, 15:03:42",112862752792,37641832399,1,TestCafe tests,Build DevExtreme,typescript/misc/rename_presets_5009_26_1,failure,Show nx cache contents before save,https://github.com/DevExpress/DevExtreme/actions/runs/37641832399/job/112862752792
"07.10.26, 15:20:14",112866510212,37641832399,2,TestCafe tests,Build DevExtreme,typescript/misc/rename_presets_5009_26_1,failure,Show nx cache contents before save,https://github.com/DevExpress/DevExtreme/actions/runs/37641832399/job/112866510212
"07.10.26, 15:02:30",112862177405,37641688620,1,TestCafe tests,Build DevExtreme,typescript/misc/rename_presets_5009,cancelled,,https://github.com/DevExpress/DevExtreme/actions/runs/37641688620/job/112862177405
"07.10.26, 14:56:36",112859339527,37640876681,1,TestCafe tests,Build DevExtreme,refactor/type-treelist-data-source-adapter-26_1,failure,Show nx cache contents before save,https://github.com/DevExpress/DevExtreme/actions/runs/37640876681/job/112859339527
"07.10.26, 15:35:42",112873915676,37640876681,2,TestCafe tests,Build DevExtreme,refactor/type-treelist-data-source-adapter-26_1,failure,Show nx cache contents before save,https://github.com/DevExpress/DevExtreme/actions/runs/37640876681/job/112873915676
"07.10.26, 15:43:37",112877750704,37640876681,3,TestCafe tests,Build DevExtreme,refactor/type-treelist-data-source-adapter-26_1,failure,Show nx cache contents before save,https://github.com/DevExpress/DevExtreme/actions/runs/37640876681/job/112877750704
"08.10.26, 08:35:58",113223573036,37640876681,4,TestCafe tests,Build DevExtreme,refactor/type-treelist-data-source-adapter-26_1,failure,Show nx cache contents before save,https://github.com/DevExpress/DevExtreme/actions/runs/37640876681/job/113223573036
"07.10.26, 14:44:40",112853581399,37639224783,1,TestCafe tests,Build DevExtreme,typescript/core/utils_typing_5039_part2_26_1,failure,Show nx cache contents before save,https://github.com/DevExpress/DevExtreme/actions/runs/37639224783/job/112853581399
"07.10.26, 14:32:31",112847643012,37637463216,1,TestCafe tests,Build DevExtreme,26_1,failure,Show nx cache contents before save,https://github.com/DevExpress/DevExtreme/actions/runs/37637463216/job/112847643012
"07.10.26, 14:38:54",112850774421,37637454826,1,TestCafe tests,scheduler / common (2/3) - fluent,gh-readonly-queue/main/pr-35532-6cd8a16e08bb34e5d1182adbf6874bfbcea776f3,failure,,https://github.com/DevExpress/DevExtreme/actions/runs/37637454826/job/112850774421
"07.10.26, 14:38:54",112850774491,37637454826,1,TestCafe tests,editors - fluent,gh-readonly-queue/main/pr-35532-6cd8a16e08bb34e5d1182adbf6874bfbcea776f3,failure,,https://github.com/DevExpress/DevExtreme/actions/runs/37637454826/job/112850774491
"07.10.26, 14:30:18",112846554495,37637146282,1,TestCafe tests,Build DevExtreme,26_1,failure,Show nx cache contents before save,https://github.com/DevExpress/DevExtreme/actions/runs/37637146282/job/112846554495
"07.10.26, 14:09:28",112836510348,37634287326,1,TestCafe tests,Build DevExtreme,refactor/type-treelist-data-source-adapter-26_1,failure,Show nx cache contents before save,https://github.com/DevExpress/DevExtreme/actions/runs/37634287326/job/112836510348
"07.10.26, 14:04:00",112833897347,37633541555,1,TestCafe tests,Build DevExtreme,fix_eslint_n_types_26_1,failure,Show nx cache contents before save,https://github.com/DevExpress/DevExtreme/actions/runs/37633541555/job/112833897347
"07.10.26, 14:24:55",112843945143,37633541555,2,TestCafe tests,Build DevExtreme,fix_eslint_n_types_26_1,failure,Show nx cache contents before save,https://github.com/DevExpress/DevExtreme/actions/runs/37633541555/job/112843945143
"07.10.26, 15:19:09",112865765711,37633541555,3,TestCafe tests,Build DevExtreme,fix_eslint_n_types_26_1,failure,Show nx cache contents before save,https://github.com/DevExpress/DevExtreme/actions/runs/37633541555/job/112865765711
"07.10.26, 14:02:53",112833352889,37633344913,1,TestCafe tests,Build DevExtreme,26_1,failure,Show nx cache contents before save,https://github.com/DevExpress/DevExtreme/actions/runs/37633344913/job/112833352889
"07.10.26, 13:59:20",112831631222,37632090526,1,TestCafe tests,scheduler / common (1/3) - fluent,feature/demo_custom_AI_assistant,cancelled,,https://github.com/DevExpress/DevExtreme/actions/runs/37632090526/job/112831631222
"07.10.26, 14:09:27",112836498005,37632090526,1,TestCafe tests,quarantine,feature/demo_custom_AI_assistant,cancelled,,https://github.com/DevExpress/DevExtreme/actions/runs/37632090526/job/112836498005
"07.10.26, 14:09:27",112836498971,37632090526,1,TestCafe tests,Send notifications,feature/demo_custom_AI_assistant,cancelled,,https://github.com/DevExpress/DevExtreme/actions/runs/37632090526/job/112836498971
"07.10.26, 13:21:19",112814060348,37627772428,1,TestCafe tests,Build DevExtreme,fix_eslint_filter_26_1,failure,Show nx cache contents before save,https://github.com/DevExpress/DevExtreme/actions/runs/37627772428/job/112814060348
"07.10.26, 13:28:32",112817270320,37627772428,2,TestCafe tests,Build DevExtreme,fix_eslint_filter_26_1,failure,Show nx cache contents before save,https://github.com/DevExpress/DevExtreme/actions/runs/37627772428/job/112817270320
"07.10.26, 13:15:35",112811516736,37626170341,1,TestCafe tests,cardView - fluent,gh-readonly-queue/main/pr-35528-6b9c5a329c05a60f925847380645cb12a99e7f5f,failure,,https://github.com/DevExpress/DevExtreme/actions/runs/37626170341/job/112811516736
"07.10.26, 13:13:38",112810665860,37625967528,1,TestCafe tests,dataGrid (4/4) - fluent,fix_eslint_filter_26_2,cancelled,Run TestCafe tests,https://github.com/DevExpress/DevExtreme/actions/runs/37625967528/job/112810665860
"07.10.26, 13:13:38",112810665871,37625967528,1,TestCafe tests,dataGrid (2/4) - fluent,fix_eslint_filter_26_2,cancelled,Run TestCafe tests,https://github.com/DevExpress/DevExtreme/actions/runs/37625967528/job/112810665871
"07.10.26, 13:13:38",112810665875,37625967528,1,TestCafe tests,scheduler / viewOffset (2/2) - fluent,fix_eslint_filter_26_2,cancelled,,https://github.com/DevExpress/DevExtreme/actions/runs/37625967528/job/112810665875
"07.10.26, 13:13:38",112810665887,37625967528,1,TestCafe tests,scheduler / common (2/3) - fluent,fix_eslint_filter_26_2,cancelled,,https://github.com/DevExpress/DevExtreme/actions/runs/37625967528/job/112810665887
"07.10.26, 13:13:38",112810665891,37625967528,1,TestCafe tests,common - fluent,fix_eslint_filter_26_2,cancelled,Run TestCafe tests,https://github.com/DevExpress/DevExtreme/actions/runs/37625967528/job/112810665891
"07.10.26, 13:13:38",112810665897,37625967528,1,TestCafe tests,dataGrid (3/4) - fluent,fix_eslint_filter_26_2,cancelled,Run TestCafe tests,https://github.com/DevExpress/DevExtreme/actions/runs/37625967528/job/112810665897
"07.10.26, 13:13:38",112810665920,37625967528,1,TestCafe tests,dataGrid (1/4) - fluent,fix_eslint_filter_26_2,cancelled,Run TestCafe tests,https://github.com/DevExpress/DevExtreme/actions/runs/37625967528/job/112810665920
"07.10.26, 13:13:38",112810665941,37625967528,1,TestCafe tests,scheduler / common (1/3) - fluent,fix_eslint_filter_26_2,cancelled,Run TestCafe tests,https://github.com/DevExpress/DevExtreme/actions/runs/37625967528/job/112810665941
"07.10.26, 13:13:38",112810665998,37625967528,1,TestCafe tests,scheduler / common (3/3) - fluent,fix_eslint_filter_26_2,cancelled,,https://github.com/DevExpress/DevExtreme/actions/runs/37625967528/job/112810665998
"07.10.26, 13:13:38",112810666049,37625967528,1,TestCafe tests,scheduler / viewOffset (1/2) - fluent,fix_eslint_filter_26_2,cancelled,Run TestCafe tests,https://github.com/DevExpress/DevExtreme/actions/runs/37625967528/job/112810666049
"07.10.26, 13:20:58",112813910324,37625967528,1,TestCafe tests,quarantine,fix_eslint_filter_26_2,cancelled,,https://github.com/DevExpress/DevExtreme/actions/runs/37625967528/job/112813910324
"07.10.26, 13:20:59",112813911920,37625967528,1,TestCafe tests,Send notifications,fix_eslint_filter_26_2,cancelled,,https://github.com/DevExpress/DevExtreme/actions/runs/37625967528/job/112813911920
"07.10.26, 13:03:37",112806298324,37625470741,1,TestCafe tests,Build DevExtreme,typescript/filter_builder_draggable_sortable/followups_5275_26_1,failure,Show nx cache contents before save,https://github.com/DevExpress/DevExtreme/actions/runs/37625470741/job/112806298324
"07.10.26, 14:02:43",112833272398,37625470741,2,TestCafe tests,Build DevExtreme,typescript/filter_builder_draggable_sortable/followups_5275_26_1,failure,Show nx cache contents before save,https://github.com/DevExpress/DevExtreme/actions/runs/37625470741/job/112833272398
"07.10.26, 14:11:26",112837446776,37625470741,3,TestCafe tests,Build DevExtreme,typescript/filter_builder_draggable_sortable/followups_5275_26_1,failure,Show nx cache contents before save,https://github.com/DevExpress/DevExtreme/actions/runs/37625470741/job/112837446776
"07.10.26, 14:23:06",112843076521,37625470741,4,TestCafe tests,Build DevExtreme,typescript/filter_builder_draggable_sortable/followups_5275_26_1,failure,Show nx cache contents before save,https://github.com/DevExpress/DevExtreme/actions/runs/37625470741/job/112843076521
"07.10.26, 13:09:24",112808815275,37625466763,1,TestCafe tests,navigation - fluent,gh-readonly-queue/main/pr-35513-36bd5edcc37258516d4abf08bd1400cc706a7ee5,failure,,https://github.com/DevExpress/DevExtreme/actions/runs/37625466763/job/112808815275
"07.10.26, 13:09:24",112808815329,37625466763,1,TestCafe tests,scheduler / common (1/3) - fluent,gh-readonly-queue/main/pr-35513-36bd5edcc37258516d4abf08bd1400cc706a7ee5,failure,,https://github.com/DevExpress/DevExtreme/actions/runs/37625466763/job/112808815329
"07.10.26, 13:02:38",112805872675,37625434019,1,TestCafe tests,Check if tests should run,typescript/filter_builder_draggable_sortable/followups_5275_26_1,cancelled,,https://github.com/DevExpress/DevExtreme/actions/runs/37625434019/job/112805872675
"07.10.26, 13:03:04",112806056927,37625434019,1,TestCafe tests,Build DevExtreme,typescript/filter_builder_draggable_sortable/followups_5275_26_1,cancelled,,https://github.com/DevExpress/DevExtreme/actions/runs/37625434019/job/112806056927
"07.10.26, 13:03:04",112806057742,37625434019,1,TestCafe tests,Determine TestCafe matrix,typescript/filter_builder_draggable_sortable/followups_5275_26_1,cancelled,,https://github.com/DevExpress/DevExtreme/actions/runs/37625434019/job/112806057742
"07.10.26, 13:03:04",112806059079,37625434019,1,TestCafe tests,${{ matrix.name }}${{ ((!matrix.theme && ' - fluent') || '') }},typescript/filter_builder_draggable_sortable/followups_5275_26_1,cancelled,,https://github.com/DevExpress/DevExtreme/actions/runs/37625434019/job/112806059079
"07.10.26, 13:03:04",112806061134,37625434019,1,TestCafe tests,quarantine,typescript/filter_builder_draggable_sortable/followups_5275_26_1,cancelled,,https://github.com/DevExpress/DevExtreme/actions/runs/37625434019/job/112806061134
"07.10.26, 13:03:05",112806064580,37625434019,1,TestCafe tests,Send notifications,typescript/filter_builder_draggable_sortable/followups_5275_26_1,cancelled,,https://github.com/DevExpress/DevExtreme/actions/runs/37625434019/job/112806064580
"07.10.26, 13:02:56",112806001710,37625391663,1,TestCafe tests,Build DevExtreme,26_1,failure,Show nx cache contents before save,https://github.com/DevExpress/DevExtreme/actions/runs/37625391663/job/112806001710
"07.10.26, 12:56:54",112803420770,37624668291,1,TestCafe tests,Build DevExtreme,typescript/filter_builder_draggable_sortable/followups_5275,cancelled,Build,https://github.com/DevExpress/DevExtreme/actions/runs/37624668291/job/112803420770
"07.10.26, 13:00:14",112804820691,37624668291,1,TestCafe tests,${{ matrix.name }}${{ ((!matrix.theme && ' - fluent') || '') }},typescript/filter_builder_draggable_sortable/followups_5275,cancelled,,https://github.com/DevExpress/DevExtreme/actions/runs/37624668291/job/112804820691
"07.10.26, 13:00:14",112804821521,37624668291,1,TestCafe tests,quarantine,typescript/filter_builder_draggable_sortable/followups_5275,cancelled,,https://github.com/DevExpress/DevExtreme/actions/runs/37624668291/job/112804821521
"07.10.26, 13:00:14",112804822441,37624668291,1,TestCafe tests,Send notifications,typescript/filter_builder_draggable_sortable/followups_5275,cancelled,,https://github.com/DevExpress/DevExtreme/actions/runs/37624668291/job/112804822441
"07.10.26, 12:51:21",112801126463,37623990911,1,TestCafe tests,Build DevExtreme,const_columns_view_26_1,failure,Show nx cache contents before save,https://github.com/DevExpress/DevExtreme/actions/runs/37623990911/job/112801126463
"07.10.26, 12:57:22",112803618591,37623990911,2,TestCafe tests,Build DevExtreme,const_columns_view_26_1,failure,Show nx cache contents before save,https://github.com/DevExpress/DevExtreme/actions/runs/37623990911/job/112803618591
"07.10.26, 13:10:50",112809444829,37623990911,3,TestCafe tests,Build DevExtreme,const_columns_view_26_1,failure,Show nx cache contents before save,https://github.com/DevExpress/DevExtreme/actions/runs/37623990911/job/112809444829
"07.10.26, 13:29:35",112817739562,37623990911,4,TestCafe tests,Build DevExtreme,const_columns_view_26_1,failure,Show nx cache contents before save,https://github.com/DevExpress/DevExtreme/actions/runs/37623990911/job/112817739562
"07.10.26, 16:12:35",112891367867,37623990911,5,TestCafe tests,Build DevExtreme,const_columns_view_26_1,failure,Show nx cache contents before save,https://github.com/DevExpress/DevExtreme/actions/runs/37623990911/job/112891367867
"07.10.26, 12:42:15",112797385048,37622863965,1,TestCafe tests,Build DevExtreme,const_columns_view_26_1,failure,Show nx cache contents before save,https://github.com/DevExpress/DevExtreme/actions/runs/37622863965/job/112797385048
"07.10.26, 12:00:11",112780669597,37617382290,1,TestCafe tests,editors - fluent,main_fix-anti-forgery,failure,Setup Chrome,https://github.com/DevExpress/DevExtreme/actions/runs/37617382290/job/112780669597
"07.10.26, 12:01:26",112781166610,37617250523,1,TestCafe tests,scheduler / common (1/3) - fluent,scss/icon-fonts-eula-attribution-26_1,failure,Setup Chrome,https://github.com/DevExpress/DevExtreme/actions/runs/37617250523/job/112781166610
"07.10.26, 11:46:24",112775515215,37615159141,1,TestCafe tests,dataGrid (4/4) - fluent,typescript/filter_builder_draggable_sortable/followups_5275,failure,Run TestCafe tests,https://github.com/DevExpress/DevExtreme/actions/runs/37615159141/job/112775515215
"07.10.26, 11:46:24",112775515264,37615159141,1,TestCafe tests,accessibility - fluent,typescript/filter_builder_draggable_sortable/followups_5275,failure,Setup Chrome,https://github.com/DevExpress/DevExtreme/actions/runs/37615159141/job/112775515264
"07.10.26, 11:34:15",112770985587,37614384998,1,TestCafe tests,generic,26_1,failure,Setup Chrome,https://github.com/DevExpress/DevExtreme/actions/runs/37614384998/job/112770985587
"07.10.26, 10:39:46",112750988062,37608875650,1,TestCafe tests,Check if tests should run,fix/security-alerts,cancelled,,https://github.com/DevExpress/DevExtreme/actions/runs/37608875650/job/112750988062
"07.10.26, 10:39:46",112750993000,37608875650,1,TestCafe tests,Build DevExtreme,fix/security-alerts,cancelled,,https://github.com/DevExpress/DevExtreme/actions/runs/37608875650/job/112750993000
"07.10.26, 10:39:46",112750993164,37608875650,1,TestCafe tests,Determine TestCafe matrix,fix/security-alerts,cancelled,,https://github.com/DevExpress/DevExtreme/actions/runs/37608875650/job/112750993164
"07.10.26, 10:39:47",112750993564,37608875650,1,TestCafe tests,${{ matrix.name }}${{ ((!matrix.theme && ' - fluent') || '') }},fix/security-alerts,cancelled,,https://github.com/DevExpress/DevExtreme/actions/runs/37608875650/job/112750993564
"07.10.26, 10:39:47",112750994350,37608875650,1,TestCafe tests,quarantine,fix/security-alerts,cancelled,,https://github.com/DevExpress/DevExtreme/actions/runs/37608875650/job/112750994350
"07.10.26, 10:39:47",112750995090,37608875650,1,TestCafe tests,Send notifications,fix/security-alerts,cancelled,,https://github.com/DevExpress/DevExtreme/actions/runs/37608875650/job/112750995090
"07.10.26, 10:48:46",112754215677,37608875656,1,TestCafe tests,navigation - fluent,fix/security-alerts,failure,,https://github.com/DevExpress/DevExtreme/actions/runs/37608875656/job/112754215677
"07.10.26, 10:35:17",112749386256,37607018410,1,TestCafe tests,dataGrid (1/4) - fluent,gh-readonly-queue/main/pr-35497-e5cbfd00a4673b90fd45f75f77eca5e7fa576903,failure,,https://github.com/DevExpress/DevExtreme/actions/runs/37607018410/job/112749386256
"07.10.26, 10:26:12",112746069550,37605708955,1,TestCafe tests,scheduler / viewOffset (1/2) - fluent,grid-demo-accessibility-label,failure,,https://github.com/DevExpress/DevExtreme/actions/runs/37605708955/job/112746069550
"07.10.26, 10:02:38",112737353631,37604681702,1,TestCafe tests,Build DevExtreme,fix/security-alerts,failure,Show nx cache contents before save,https://github.com/DevExpress/DevExtreme/actions/runs/37604681702/job/112737353631
"07.10.26, 10:24:39",112745490293,37604681702,2,TestCafe tests,Build DevExtreme,fix/security-alerts,failure,Show nx cache contents before save,https://github.com/DevExpress/DevExtreme/actions/runs/37604681702/job/112745490293
"07.10.26, 10:07:54",112739320544,37603918398,1,TestCafe tests,navigation - fluent,refactor/type-data-source-adapter-main,failure,,https://github.com/DevExpress/DevExtreme/actions/runs/37603918398/job/112739320544
"07.10.26, 09:54:06",112734166730,37603689114,1,TestCafe tests,Build DevExtreme,refactor/type-data-source-adapter-26_1,cancelled,,https://github.com/DevExpress/DevExtreme/actions/runs/37603689114/job/112734166730
"07.10.26, 09:56:09",112734918515,37603689114,1,TestCafe tests,${{ matrix.name }}${{ ((!matrix.theme && ' - fluent') || '') }},refactor/type-data-source-adapter-26_1,cancelled,,https://github.com/DevExpress/DevExtreme/actions/runs/37603689114/job/112734918515
"07.10.26, 09:56:09",112734918802,37603689114,1,TestCafe tests,quarantine,refactor/type-data-source-adapter-26_1,cancelled,,https://github.com/DevExpress/DevExtreme/actions/runs/37603689114/job/112734918802
"07.10.26, 09:56:09",112734918935,37603689114,1,TestCafe tests,Send notifications,refactor/type-data-source-adapter-26_1,cancelled,,https://github.com/DevExpress/DevExtreme/actions/runs/37603689114/job/112734918935
"07.10.26, 09:52:49",112733695462,37603580415,1,TestCafe tests,Build DevExtreme,refactor/type-data-source-adapter-main,cancelled,,https://github.com/DevExpress/DevExtreme/actions/runs/37603580415/job/112733695462
"07.10.26, 09:55:29",112734676530,37603580415,1,TestCafe tests,${{ matrix.name }}${{ ((!matrix.theme && ' - fluent') || '') }},refactor/type-data-source-adapter-main,cancelled,,https://github.com/DevExpress/DevExtreme/actions/runs/37603580415/job/112734676530
"07.10.26, 09:55:30",112734678144,37603580415,1,TestCafe tests,quarantine,refactor/type-data-source-adapter-main,cancelled,,https://github.com/DevExpress/DevExtreme/actions/runs/37603580415/job/112734678144
"07.10.26, 09:55:30",112734679139,37603580415,1,TestCafe tests,Send notifications,refactor/type-data-source-adapter-main,cancelled,,https://github.com/DevExpress/DevExtreme/actions/runs/37603580415/job/112734679139
"07.10.26, 09:48:48",112732215595,37600770268,1,TestCafe tests,dataGrid (2/4) - fluent,refactor/type-virtual-data-loader-26_1,failure,,https://github.com/DevExpress/DevExtreme/actions/runs/37600770268/job/112732215595
"07.10.26, 09:31:09",112725606855,37598970227,1,TestCafe tests,dataGrid (4/4) - fluent,typescript/core/utils_typing_5039_part2_26_1,failure,,https://github.com/DevExpress/DevExtreme/actions/runs/37598970227/job/112725606855
"07.10.26, 09:30:19",112725281605,37598965091,1,TestCafe tests,common - fluent,typescript/core/utils_typing_5039_part2,failure,,https://github.com/DevExpress/DevExtreme/actions/runs/37598965091/job/112725281605
"07.10.26, 09:26:41",112723902838,37598701644,1,TestCafe tests,cardView - fluent-next,feature/button-group-border-subtler,failure,Run TestCafe tests,https://github.com/DevExpress/DevExtreme/actions/runs/37598701644/job/112723902838
"07.10.26, 08:57:32",112712841581,37597224034,1,TestCafe tests,Build DevExtreme,fix/security-alerts,failure,Show nx cache contents before save,https://github.com/DevExpress/DevExtreme/actions/runs/37597224034/job/112712841581
"07.10.26, 09:10:23",112717684837,37597224034,2,TestCafe tests,Build DevExtreme,fix/security-alerts,failure,Show nx cache contents before save,https://github.com/DevExpress/DevExtreme/actions/runs/37597224034/job/112717684837
"07.10.26, 09:00:50",112714081353,37596394746,1,TestCafe tests,generic,typescript/core/utils_typing_5039_part2_26_1,cancelled,,https://github.com/DevExpress/DevExtreme/actions/runs/37596394746/job/112714081353
"07.10.26, 09:00:50",112714081461,37596394746,1,TestCafe tests,dataGrid (2/4) - fluent,typescript/core/utils_typing_5039_part2_26_1,cancelled,Run TestCafe tests,https://github.com/DevExpress/DevExtreme/actions/runs/37596394746/job/112714081461
"07.10.26, 09:00:50",112714081476,37596394746,1,TestCafe tests,scheduler / viewOffset (2/2) - fluent,typescript/core/utils_typing_5039_part2_26_1,cancelled,Run TestCafe tests,https://github.com/DevExpress/DevExtreme/actions/runs/37596394746/job/112714081476
"07.10.26, 09:00:50",112714081504,37596394746,1,TestCafe tests,scheduler / common (1/3) - fluent,typescript/core/utils_typing_5039_part2_26_1,cancelled,,https://github.com/DevExpress/DevExtreme/actions/runs/37596394746/job/112714081504
"07.10.26, 09:00:50",112714081518,37596394746,1,TestCafe tests,dataGrid (1/4) - fluent,typescript/core/utils_typing_5039_part2_26_1,cancelled,,https://github.com/DevExpress/DevExtreme/actions/runs/37596394746/job/112714081518
"07.10.26, 09:00:50",112714081561,37596394746,1,TestCafe tests,scheduler / common (3/3) - fluent,typescript/core/utils_typing_5039_part2_26_1,cancelled,Run TestCafe tests,https://github.com/DevExpress/DevExtreme/actions/runs/37596394746/job/112714081561
"07.10.26, 09:00:50",112714081617,37596394746,1,TestCafe tests,common - fluent,typescript/core/utils_typing_5039_part2_26_1,cancelled,Run TestCafe tests,https://github.com/DevExpress/DevExtreme/actions/runs/37596394746/job/112714081617
"07.10.26, 09:00:50",112714081635,37596394746,1,TestCafe tests,editors - fluent,typescript/core/utils_typing_5039_part2_26_1,cancelled,,https://github.com/DevExpress/DevExtreme/actions/runs/37596394746/job/112714081635
"07.10.26, 09:00:50",112714081643,37596394746,1,TestCafe tests,dataGrid (4/4) - fluent,typescript/core/utils_typing_5039_part2_26_1,cancelled,Run TestCafe tests,https://github.com/DevExpress/DevExtreme/actions/runs/37596394746/job/112714081643
"07.10.26, 09:00:50",112714081647,37596394746,1,TestCafe tests,scheduler / common (2/3) - fluent,typescript/core/utils_typing_5039_part2_26_1,cancelled,,https://github.com/DevExpress/DevExtreme/actions/runs/37596394746/job/112714081647
"07.10.26, 09:00:50",112714081655,37596394746,1,TestCafe tests,navigation - fluent,typescript/core/utils_typing_5039_part2_26_1,cancelled,Run TestCafe tests,https://github.com/DevExpress/DevExtreme/actions/runs/37596394746/job/112714081655
"07.10.26, 09:00:50",112714081677,37596394746,1,TestCafe tests,dataGrid (3/4) - fluent,typescript/core/utils_typing_5039_part2_26_1,cancelled,Run TestCafe tests,https://github.com/DevExpress/DevExtreme/actions/runs/37596394746/job/112714081677
"07.10.26, 09:00:50",112714081766,37596394746,1,TestCafe tests,scheduler / viewOffset (1/2) - fluent,typescript/core/utils_typing_5039_part2_26_1,cancelled,Run TestCafe tests,https://github.com/DevExpress/DevExtreme/actions/runs/37596394746/job/112714081766
"07.10.26, 09:13:20",112718824087,37596394746,1,TestCafe tests,quarantine,typescript/core/utils_typing_5039_part2_26_1,cancelled,,https://github.com/DevExpress/DevExtreme/actions/runs/37596394746/job/112718824087
"07.10.26, 09:13:21",112718824920,37596394746,1,TestCafe tests,Send notifications,typescript/core/utils_typing_5039_part2_26_1,cancelled,,https://github.com/DevExpress/DevExtreme/actions/runs/37596394746/job/112718824920
"07.10.26, 09:03:05",112714932814,37596388124,1,TestCafe tests,scheduler / common (1/3) - fluent,typescript/core/utils_typing_5039_part2,cancelled,Run TestCafe tests,https://github.com/DevExpress/DevExtreme/actions/runs/37596388124/job/112714932814
"07.10.26, 09:03:05",112714932819,37596388124,1,TestCafe tests,dataGrid (4/4) - fluent,typescript/core/utils_typing_5039_part2,cancelled,,https://github.com/DevExpress/DevExtreme/actions/runs/37596388124/job/112714932819
"07.10.26, 09:03:05",112714932830,37596388124,1,TestCafe tests,navigation - fluent,typescript/core/utils_typing_5039_part2,cancelled,Run TestCafe tests,https://github.com/DevExpress/DevExtreme/actions/runs/37596388124/job/112714932830
"07.10.26, 09:03:05",112714932854,37596388124,1,TestCafe tests,scheduler / viewOffset (1/2) - fluent,typescript/core/utils_typing_5039_part2,cancelled,,https://github.com/DevExpress/DevExtreme/actions/runs/37596388124/job/112714932854
"07.10.26, 09:03:05",112714932866,37596388124,1,TestCafe tests,material,typescript/core/utils_typing_5039_part2,cancelled,,https://github.com/DevExpress/DevExtreme/actions/runs/37596388124/job/112714932866
"07.10.26, 09:03:05",112714932883,37596388124,1,TestCafe tests,cardView - fluent,typescript/core/utils_typing_5039_part2,cancelled,,https://github.com/DevExpress/DevExtreme/actions/runs/37596388124/job/112714932883
"07.10.26, 09:03:05",112714932886,37596388124,1,TestCafe tests,generic,typescript/core/utils_typing_5039_part2,cancelled,,https://github.com/DevExpress/DevExtreme/actions/runs/37596388124/job/112714932886
"07.10.26, 09:03:05",112714932896,37596388124,1,TestCafe tests,dataGrid (3/4) - fluent,typescript/core/utils_typing_5039_part2,cancelled,,https://github.com/DevExpress/DevExtreme/actions/runs/37596388124/job/112714932896
"07.10.26, 09:03:05",112714932897,37596388124,1,TestCafe tests,dataGrid (2/4) - fluent,typescript/core/utils_typing_5039_part2,cancelled,,https://github.com/DevExpress/DevExtreme/actions/runs/37596388124/job/112714932897
"07.10.26, 09:03:05",112714932924,37596388124,1,TestCafe tests,scheduler / common (2/3) - fluent,typescript/core/utils_typing_5039_part2,cancelled,,https://github.com/DevExpress/DevExtreme/actions/runs/37596388124/job/112714932924
"07.10.26, 09:03:05",112714932949,37596388124,1,TestCafe tests,scheduler / timezones (America/Los_Angeles) - fluent,typescript/core/utils_typing_5039_part2,cancelled,,https://github.com/DevExpress/DevExtreme/actions/runs/37596388124/job/112714932949
"07.10.26, 09:03:05",112714932951,37596388124,1,TestCafe tests,common - fluent,typescript/core/utils_typing_5039_part2,cancelled,,https://github.com/DevExpress/DevExtreme/actions/runs/37596388124/job/112714932951
"07.10.26, 09:03:05",112714932957,37596388124,1,TestCafe tests,editors - fluent,typescript/core/utils_typing_5039_part2,cancelled,,https://github.com/DevExpress/DevExtreme/actions/runs/37596388124/job/112714932957
"07.10.26, 09:03:05",112714932971,37596388124,1,TestCafe tests,scheduler / common (3/3) - fluent,typescript/core/utils_typing_5039_part2,cancelled,,https://github.com/DevExpress/DevExtreme/actions/runs/37596388124/job/112714932971
"07.10.26, 09:03:05",112714933023,37596388124,1,TestCafe tests,accessibility - fluent,typescript/core/utils_typing_5039_part2,cancelled,,https://github.com/DevExpress/DevExtreme/actions/runs/37596388124/job/112714933023
"07.10.26, 09:03:05",112714933040,37596388124,1,TestCafe tests,scheduler / viewOffset (2/2) - fluent,typescript/core/utils_typing_5039_part2,cancelled,,https://github.com/DevExpress/DevExtreme/actions/runs/37596388124/job/112714933040
"07.10.26, 09:03:05",112714933059,37596388124,1,TestCafe tests,dataGrid (1/4) - fluent,typescript/core/utils_typing_5039_part2,cancelled,,https://github.com/DevExpress/DevExtreme/actions/runs/37596388124/job/112714933059
"07.10.26, 09:12:52",112718643732,37596388124,1,TestCafe tests,quarantine,typescript/core/utils_typing_5039_part2,cancelled,,https://github.com/DevExpress/DevExtreme/actions/runs/37596388124/job/112718643732
"07.10.26, 09:12:52",112718645000,37596388124,1,TestCafe tests,Send notifications,typescript/core/utils_typing_5039_part2,cancelled,,https://github.com/DevExpress/DevExtreme/actions/runs/37596388124/job/112718645000
"07.10.26, 08:56:38",112712505122,37596259542,1,TestCafe tests,dataGrid (1/4) - fluent,fix/26-1-security-alerts,cancelled,,https://github.com/DevExpress/DevExtreme/actions/runs/37596259542/job/112712505122
"07.10.26, 08:56:38",112712505163,37596259542,1,TestCafe tests,navigation - fluent,fix/26-1-security-alerts,cancelled,,https://github.com/DevExpress/DevExtreme/actions/runs/37596259542/job/112712505163
"07.10.26, 08:56:38",112712505172,37596259542,1,TestCafe tests,material - compact,fix/26-1-security-alerts,cancelled,,https://github.com/DevExpress/DevExtreme/actions/runs/37596259542/job/112712505172
"07.10.26, 08:56:38",112712505237,37596259542,1,TestCafe tests,scheduler / common (2/3) - fluent,fix/26-1-security-alerts,cancelled,,https://github.com/DevExpress/DevExtreme/actions/runs/37596259542/job/112712505237
"07.10.26, 08:56:38",112712505247,37596259542,1,TestCafe tests,scheduler / timezones (America/Los_Angeles) - fluent,fix/26-1-security-alerts,cancelled,,https://github.com/DevExpress/DevExtreme/actions/runs/37596259542/job/112712505247
"07.10.26, 08:56:38",112712505252,37596259542,1,TestCafe tests,scheduler / viewOffset (2/2) - fluent,fix/26-1-security-alerts,cancelled,,https://github.com/DevExpress/DevExtreme/actions/runs/37596259542/job/112712505252
"07.10.26, 08:56:38",112712505264,37596259542,1,TestCafe tests,editors - fluent,fix/26-1-security-alerts,cancelled,,https://github.com/DevExpress/DevExtreme/actions/runs/37596259542/job/112712505264
"07.10.26, 08:56:38",112712505266,37596259542,1,TestCafe tests,scheduler / viewOffset (1/2) - fluent,fix/26-1-security-alerts,cancelled,,https://github.com/DevExpress/DevExtreme/actions/runs/37596259542/job/112712505266
"07.10.26, 08:56:38",112712505268,37596259542,1,TestCafe tests,accessibility - fluent,fix/26-1-security-alerts,cancelled,,https://github.com/DevExpress/DevExtreme/actions/runs/37596259542/job/112712505268
"07.10.26, 08:56:38",112712505271,37596259542,1,TestCafe tests,common - fluent,fix/26-1-security-alerts,cancelled,,https://github.com/DevExpress/DevExtreme/actions/runs/37596259542/job/112712505271
"07.10.26, 08:56:38",112712505282,37596259542,1,TestCafe tests,generic,fix/26-1-security-alerts,cancelled,,https://github.com/DevExpress/DevExtreme/actions/runs/37596259542/job/112712505282
"07.10.26, 08:56:38",112712505283,37596259542,1,TestCafe tests,scheduler / common (3/3) - fluent,fix/26-1-security-alerts,cancelled,,https://github.com/DevExpress/DevExtreme/actions/runs/37596259542/job/112712505283
"07.10.26, 08:56:38",112712505284,37596259542,1,TestCafe tests,cardView - fluent,fix/26-1-security-alerts,cancelled,,https://github.com/DevExpress/DevExtreme/actions/runs/37596259542/job/112712505284
"07.10.26, 08:56:38",112712505290,37596259542,1,TestCafe tests,dataGrid (3/4) - fluent,fix/26-1-security-alerts,cancelled,,https://github.com/DevExpress/DevExtreme/actions/runs/37596259542/job/112712505290
"07.10.26, 08:56:38",112712505301,37596259542,1,TestCafe tests,scheduler / common (1/3) - fluent,fix/26-1-security-alerts,cancelled,,https://github.com/DevExpress/DevExtreme/actions/runs/37596259542/job/112712505301
"07.10.26, 08:56:38",112712505330,37596259542,1,TestCafe tests,dataGrid (4/4) - fluent,fix/26-1-security-alerts,cancelled,,https://github.com/DevExpress/DevExtreme/actions/runs/37596259542/job/112712505330
"07.10.26, 08:56:38",112712505335,37596259542,1,TestCafe tests,dataGrid (2/4) - fluent,fix/26-1-security-alerts,cancelled,,https://github.com/DevExpress/DevExtreme/actions/runs/37596259542/job/112712505335
"07.10.26, 08:56:38",112712505369,37596259542,1,TestCafe tests,material,fix/26-1-security-alerts,cancelled,,https://github.com/DevExpress/DevExtreme/actions/runs/37596259542/job/112712505369
"07.10.26, 08:56:38",112712505397,37596259542,1,TestCafe tests,scheduler / timezones (Europe/Berlin) - fluent,fix/26-1-security-alerts,cancelled,,https://github.com/DevExpress/DevExtreme/actions/runs/37596259542/job/112712505397
"07.10.26, 08:58:42",112713269792,37596259542,1,TestCafe tests,quarantine,fix/26-1-security-alerts,cancelled,,https://github.com/DevExpress/DevExtreme/actions/runs/37596259542/job/112713269792
"07.10.26, 08:58:42",112713272667,37596259542,1,TestCafe tests,Send notifications,fix/26-1-security-alerts,cancelled,,https://github.com/DevExpress/DevExtreme/actions/runs/37596259542/job/112713272667
"07.10.26, 08:44:30",112707969945,37595769329,1,TestCafe tests,Build DevExtreme,T1336240_focus_scroll_async_25_2,failure,Build,https://github.com/DevExpress/DevExtreme/actions/runs/37595769329/job/112707969945
"07.10.26, 08:59:16",112713483302,37595588422,1,TestCafe tests,accessibility - fluent,typescript/core/class_abstract_5279_26_1,cancelled,Run TestCafe tests,https://github.com/DevExpress/DevExtreme/actions/runs/37595588422/job/112713483302
"07.10.26, 08:59:16",112713483321,37595588422,1,TestCafe tests,common - fluent,typescript/core/class_abstract_5279_26_1,cancelled,Run TestCafe tests,https://github.com/DevExpress/DevExtreme/actions/runs/37595588422/job/112713483321
"07.10.26, 08:59:16",112713483323,37595588422,1,TestCafe tests,generic,typescript/core/class_abstract_5279_26_1,cancelled,Run TestCafe tests,https://github.com/DevExpress/DevExtreme/actions/runs/37595588422/job/112713483323
"07.10.26, 08:59:16",112713483330,37595588422,1,TestCafe tests,material,typescript/core/class_abstract_5279_26_1,cancelled,Run TestCafe tests,https://github.com/DevExpress/DevExtreme/actions/runs/37595588422/job/112713483330
"07.10.26, 08:59:16",112713483350,37595588422,1,TestCafe tests,dataGrid (2/4) - fluent,typescript/core/class_abstract_5279_26_1,cancelled,Run TestCafe tests,https://github.com/DevExpress/DevExtreme/actions/runs/37595588422/job/112713483350
"07.10.26, 08:59:16",112713483367,37595588422,1,TestCafe tests,scheduler / viewOffset (2/2) - fluent,typescript/core/class_abstract_5279_26_1,cancelled,Run TestCafe tests,https://github.com/DevExpress/DevExtreme/actions/runs/37595588422/job/112713483367
"07.10.26, 08:59:16",112713483386,37595588422,1,TestCafe tests,material - compact,typescript/core/class_abstract_5279_26_1,cancelled,Run TestCafe tests,https://github.com/DevExpress/DevExtreme/actions/runs/37595588422/job/112713483386
"07.10.26, 08:59:16",112713483395,37595588422,1,TestCafe tests,dataGrid (1/4) - fluent,typescript/core/class_abstract_5279_26_1,cancelled,Run TestCafe tests,https://github.com/DevExpress/DevExtreme/actions/runs/37595588422/job/112713483395
"07.10.26, 08:59:16",112713483402,37595588422,1,TestCafe tests,dataGrid (3/4) - fluent,typescript/core/class_abstract_5279_26_1,cancelled,Run TestCafe tests,https://github.com/DevExpress/DevExtreme/actions/runs/37595588422/job/112713483402
"07.10.26, 08:59:16",112713483410,37595588422,1,TestCafe tests,editors - fluent,typescript/core/class_abstract_5279_26_1,cancelled,Run TestCafe tests,https://github.com/DevExpress/DevExtreme/actions/runs/37595588422/job/112713483410
"07.10.26, 08:59:16",112713483445,37595588422,1,TestCafe tests,scheduler / common (2/3) - fluent,typescript/core/class_abstract_5279_26_1,cancelled,Run TestCafe tests,https://github.com/DevExpress/DevExtreme/actions/runs/37595588422/job/112713483445
"07.10.26, 08:59:16",112713483446,37595588422,1,TestCafe tests,navigation - fluent,typescript/core/class_abstract_5279_26_1,cancelled,Run TestCafe tests,https://github.com/DevExpress/DevExtreme/actions/runs/37595588422/job/112713483446
"07.10.26, 08:59:16",112713483456,37595588422,1,TestCafe tests,cardView - fluent,typescript/core/class_abstract_5279_26_1,cancelled,Restore pnpm cache,https://github.com/DevExpress/DevExtreme/actions/runs/37595588422/job/112713483456
"07.10.26, 08:59:16",112713483461,37595588422,1,TestCafe tests,scheduler / timezones (Europe/Berlin) - fluent,typescript/core/class_abstract_5279_26_1,cancelled,Run TestCafe tests,https://github.com/DevExpress/DevExtreme/actions/runs/37595588422/job/112713483461
"07.10.26, 08:59:16",112713483469,37595588422,1,TestCafe tests,scheduler / common (3/3) - fluent,typescript/core/class_abstract_5279_26_1,cancelled,Run TestCafe tests,https://github.com/DevExpress/DevExtreme/actions/runs/37595588422/job/112713483469
"07.10.26, 08:59:16",112713483553,37595588422,1,TestCafe tests,scheduler / viewOffset (1/2) - fluent,typescript/core/class_abstract_5279_26_1,cancelled,Restore pnpm cache,https://github.com/DevExpress/DevExtreme/actions/runs/37595588422/job/112713483553
"07.10.26, 08:59:16",112713483557,37595588422,1,TestCafe tests,scheduler / common (1/3) - fluent,typescript/core/class_abstract_5279_26_1,cancelled,Run TestCafe tests,https://github.com/DevExpress/DevExtreme/actions/runs/37595588422/job/112713483557
"07.10.26, 08:59:16",112713483686,37595588422,1,TestCafe tests,dataGrid (4/4) - fluent,typescript/core/class_abstract_5279_26_1,cancelled,Install dependencies,https://github.com/DevExpress/DevExtreme/actions/runs/37595588422/job/112713483686
"07.10.26, 09:08:04",112716802702,37595588422,1,TestCafe tests,quarantine,typescript/core/class_abstract_5279_26_1,cancelled,,https://github.com/DevExpress/DevExtreme/actions/runs/37595588422/job/112716802702
"07.10.26, 09:08:04",112716805127,37595588422,1,TestCafe tests,Send notifications,typescript/core/class_abstract_5279_26_1,cancelled,,https://github.com/DevExpress/DevExtreme/actions/runs/37595588422/job/112716805127
"07.10.26, 08:52:47",112711078749,37595578409,1,TestCafe tests,navigation - fluent,typescript/core/class_abstract_5279,cancelled,,https://github.com/DevExpress/DevExtreme/actions/runs/37595578409/job/112711078749
"07.10.26, 09:11:58",112718303276,37595578409,1,TestCafe tests,Send notifications,typescript/core/class_abstract_5279,cancelled,,https://github.com/DevExpress/DevExtreme/actions/runs/37595578409/job/112718303276
"07.10.26, 09:11:58",112718303336,37595578409,1,TestCafe tests,quarantine,typescript/core/class_abstract_5279,cancelled,,https://github.com/DevExpress/DevExtreme/actions/runs/37595578409/job/112718303336
"07.10.26, 08:33:36",112703926476,37594447990,1,TestCafe tests,Build DevExtreme,fix/security-alerts,failure,Show nx cache contents before save,https://github.com/DevExpress/DevExtreme/actions/runs/37594447990/job/112703926476
"07.10.26, 08:38:17",112705657076,37594447990,2,TestCafe tests,Build DevExtreme,fix/security-alerts,failure,Show nx cache contents before save,https://github.com/DevExpress/DevExtreme/actions/runs/37594447990/job/112705657076
"07.10.26, 08:47:30",112709118242,37594447990,3,TestCafe tests,Build DevExtreme,fix/security-alerts,failure,Show nx cache contents before save,https://github.com/DevExpress/DevExtreme/actions/runs/37594447990/job/112709118242
"07.10.26, 08:32:19",112703422269,37594420583,1,TestCafe tests,Check if tests should run,fix/security-alerts,cancelled,,https://github.com/DevExpress/DevExtreme/actions/runs/37594420583/job/112703422269
"07.10.26, 08:32:39",112703559497,37594420583,1,TestCafe tests,Build DevExtreme,fix/security-alerts,cancelled,,https://github.com/DevExpress/DevExtreme/actions/runs/37594420583/job/112703559497
"07.10.26, 08:32:39",112703559652,37594420583,1,TestCafe tests,Determine TestCafe matrix,fix/security-alerts,cancelled,,https://github.com/DevExpress/DevExtreme/actions/runs/37594420583/job/112703559652
"07.10.26, 08:32:40",112703561119,37594420583,1,TestCafe tests,${{ matrix.name }}${{ ((!matrix.theme && ' - fluent') || '') }},fix/security-alerts,cancelled,,https://github.com/DevExpress/DevExtreme/actions/runs/37594420583/job/112703561119
"07.10.26, 08:32:40",112703561448,37594420583,1,TestCafe tests,quarantine,fix/security-alerts,cancelled,,https://github.com/DevExpress/DevExtreme/actions/runs/37594420583/job/112703561448
"07.10.26, 08:32:40",112703563611,37594420583,1,TestCafe tests,Send notifications,fix/security-alerts,cancelled,,https://github.com/DevExpress/DevExtreme/actions/runs/37594420583/job/112703563611
"07.10.26, 08:42:05",112707063980,37594217897,1,TestCafe tests,cardView - fluent,25_2,failure,,https://github.com/DevExpress/DevExtreme/actions/runs/37594217897/job/112707063980
"07.10.26, 08:43:14",112707490406,37594211181,1,TestCafe tests,quarantine,26_1,failure,Run quarantined tests,https://github.com/DevExpress/DevExtreme/actions/runs/37594211181/job/112707490406
"07.10.26, 07:26:44",112680470764,37586710149,1,TestCafe tests,scheduler / common (2/3) - fluent,feature/button-group-border-subtler,cancelled,Run TestCafe tests,https://github.com/DevExpress/DevExtreme/actions/runs/37586710149/job/112680470764
"07.10.26, 07:26:44",112680471163,37586710149,1,TestCafe tests,navigation - fluent-next,feature/button-group-border-subtler,failure,Run TestCafe tests,https://github.com/DevExpress/DevExtreme/actions/runs/37586710149/job/112680471163
"07.10.26, 07:26:44",112680471188,37586710149,1,TestCafe tests,editors - fluent-next,feature/button-group-border-subtler,failure,Run TestCafe tests,https://github.com/DevExpress/DevExtreme/actions/runs/37586710149/job/112680471188
"07.10.26, 07:17:38",112677522794,37585286969,1,TestCafe tests,navigation - fluent,chore/25_2_fix_alerts,failure,,https://github.com/DevExpress/DevExtreme/actions/runs/37585286969/job/112677522794
"07.10.26, 07:17:38",112677522846,37585286969,1,TestCafe tests,accessibility - fluent,chore/25_2_fix_alerts,failure,,https://github.com/DevExpress/DevExtreme/actions/runs/37585286969/job/112677522846
"07.10.26, 07:00:24",112672075433,37584056179,1,TestCafe tests,navigation - fluent-next,feature/button-group-border-subtler,failure,Run TestCafe tests,https://github.com/DevExpress/DevExtreme/actions/runs/37584056179/job/112672075433
"07.10.26, 07:00:24",112672075472,37584056179,1,TestCafe tests,editors - fluent-next,feature/button-group-border-subtler,failure,Run TestCafe tests,https://github.com/DevExpress/DevExtreme/actions/runs/37584056179/job/112672075472
"07.10.26, 22:29:46",113049555077,37696536992,1,Themebuilder and Styles tests,test,fix/26-1-security-alerts-v2,cancelled,Post Setup pnpm cache,https://github.com/DevExpress/DevExtreme/actions/runs/37696536992/job/113049555077
"07.10.26, 22:32:57",113050681292,37696536992,1,Themebuilder and Styles tests,Send notifications,fix/26-1-security-alerts-v2,cancelled,,https://github.com/DevExpress/DevExtreme/actions/runs/37696536992/job/113050681292
"07.10.26, 21:57:32",113037555381,37692991457,1,Themebuilder and Styles tests,test,fix/security-alerts,cancelled,Install dependencies,https://github.com/DevExpress/DevExtreme/actions/runs/37692991457/job/113037555381
"07.10.26, 21:59:03",113038102464,37692991457,1,Themebuilder and Styles tests,Send notifications,fix/security-alerts,cancelled,,https://github.com/DevExpress/DevExtreme/actions/runs/37692991457/job/113038102464
"07.10.26, 17:04:07",112911411934,37656121540,1,Themebuilder and Styles tests,test,typescript/core/utils_typing_5039_part2_26_1,cancelled,Build,https://github.com/DevExpress/DevExtreme/actions/runs/37656121540/job/112911411934
"07.10.26, 17:06:28",112912695133,37656121540,1,Themebuilder and Styles tests,Send notifications,typescript/core/utils_typing_5039_part2_26_1,cancelled,,https://github.com/DevExpress/DevExtreme/actions/runs/37656121540/job/112912695133
"07.10.26, 13:02:37",112805865340,37625434119,1,Themebuilder and Styles tests,test,typescript/filter_builder_draggable_sortable/followups_5275_26_1,cancelled,Install dependencies,https://github.com/DevExpress/DevExtreme/actions/runs/37625434119/job/112805865340
"07.10.26, 13:03:53",112806416619,37625434119,1,Themebuilder and Styles tests,Send notifications,typescript/filter_builder_draggable_sortable/followups_5275_26_1,cancelled,,https://github.com/DevExpress/DevExtreme/actions/runs/37625434119/job/112806416619
"07.10.26, 12:56:32",112803265852,37624668370,1,Themebuilder and Styles tests,test,typescript/filter_builder_draggable_sortable/followups_5275,cancelled,Post Setup nx cache,https://github.com/DevExpress/DevExtreme/actions/runs/37624668370/job/112803265852
"07.10.26, 12:59:40",112804587957,37624668370,1,Themebuilder and Styles tests,Send notifications,typescript/filter_builder_draggable_sortable/followups_5275,cancelled,,https://github.com/DevExpress/DevExtreme/actions/runs/37624668370/job/112804587957
"07.10.26, 10:39:45",112750986994,37608875450,1,Themebuilder and Styles tests,test,fix/security-alerts,cancelled,,https://github.com/DevExpress/DevExtreme/actions/runs/37608875450/job/112750986994
"07.10.26, 10:39:46",112750992264,37608875450,1,Themebuilder and Styles tests,Send notifications,fix/security-alerts,cancelled,,https://github.com/DevExpress/DevExtreme/actions/runs/37608875450/job/112750992264
"07.10.26, 09:53:26",112733924041,37603689128,1,Themebuilder and Styles tests,test,refactor/type-data-source-adapter-26_1,cancelled,,https://github.com/DevExpress/DevExtreme/actions/runs/37603689128/job/112733924041
"07.10.26, 09:56:09",112734914872,37603689128,1,Themebuilder and Styles tests,Send notifications,refactor/type-data-source-adapter-26_1,cancelled,,https://github.com/DevExpress/DevExtreme/actions/runs/37603689128/job/112734914872
"07.10.26, 09:52:29",112733566114,37603580566,1,Themebuilder and Styles tests,test,refactor/type-data-source-adapter-main,cancelled,,https://github.com/DevExpress/DevExtreme/actions/runs/37603580566/job/112733566114
"07.10.26, 09:55:30",112734677754,37603580566,1,Themebuilder and Styles tests,Send notifications,refactor/type-data-source-adapter-main,cancelled,,https://github.com/DevExpress/DevExtreme/actions/runs/37603580566/job/112734677754
"07.10.26, 08:32:19",112703422904,37594420439,1,Themebuilder and Styles tests,test,fix/security-alerts,cancelled,,https://github.com/DevExpress/DevExtreme/actions/runs/37594420439/job/112703422904
"07.10.26, 08:32:33",112703519495,37594420439,1,Themebuilder and Styles tests,Send notifications,fix/security-alerts,cancelled,,https://github.com/DevExpress/DevExtreme/actions/runs/37594420439/job/112703519495
"07.10.26, 22:29:46",113049555706,37696537112,1,TS Declarations,validate-declarations,fix/26-1-security-alerts-v2,cancelled,Post Setup pnpm cache,https://github.com/DevExpress/DevExtreme/actions/runs/37696537112/job/113049555706
"07.10.26, 22:29:46",113049556091,37696537112,1,TS Declarations,check-ts-bundle,fix/26-1-security-alerts-v2,cancelled,Post Setup pnpm cache,https://github.com/DevExpress/DevExtreme/actions/runs/37696537112/job/113049556091
"07.10.26, 22:32:51",113050645309,37696537112,1,TS Declarations,Send notifications,fix/26-1-security-alerts-v2,cancelled,,https://github.com/DevExpress/DevExtreme/actions/runs/37696537112/job/113050645309
"07.10.26, 21:57:32",113037555835,37692991642,1,TS Declarations,check-ts-bundle,fix/security-alerts,cancelled,Install dependencies,https://github.com/DevExpress/DevExtreme/actions/runs/37692991642/job/113037555835
"07.10.26, 21:57:32",113037556117,37692991642,1,TS Declarations,validate-declarations,fix/security-alerts,cancelled,Install dependencies,https://github.com/DevExpress/DevExtreme/actions/runs/37692991642/job/113037556117
"07.10.26, 21:59:03",113038100416,37692991642,1,TS Declarations,Send notifications,fix/security-alerts,cancelled,,https://github.com/DevExpress/DevExtreme/actions/runs/37692991642/job/113038100416
"07.10.26, 17:04:06",112911398268,37656120760,1,TS Declarations,check-ts-bundle,typescript/core/utils_typing_5039_part2_26_1,cancelled,,https://github.com/DevExpress/DevExtreme/actions/runs/37656120760/job/112911398268
"07.10.26, 17:04:06",112911399785,37656120760,1,TS Declarations,validate-declarations,typescript/core/utils_typing_5039_part2_26_1,cancelled,,https://github.com/DevExpress/DevExtreme/actions/runs/37656120760/job/112911399785
"07.10.26, 17:05:43",112912314886,37656120760,1,TS Declarations,Send notifications,typescript/core/utils_typing_5039_part2_26_1,cancelled,,https://github.com/DevExpress/DevExtreme/actions/runs/37656120760/job/112912314886
"07.10.26, 13:02:37",112805865121,37625434086,1,TS Declarations,check-ts-bundle,typescript/filter_builder_draggable_sortable/followups_5275_26_1,cancelled,Install dependencies,https://github.com/DevExpress/DevExtreme/actions/runs/37625434086/job/112805865121
"07.10.26, 13:02:37",112805865437,37625434086,1,TS Declarations,validate-declarations,typescript/filter_builder_draggable_sortable/followups_5275_26_1,cancelled,Install dependencies,https://github.com/DevExpress/DevExtreme/actions/runs/37625434086/job/112805865437
"07.10.26, 13:03:56",112806436113,37625434086,1,TS Declarations,Send notifications,typescript/filter_builder_draggable_sortable/followups_5275_26_1,cancelled,,https://github.com/DevExpress/DevExtreme/actions/runs/37625434086/job/112806436113
"07.10.26, 10:39:45",112750986938,37608875404,1,TS Declarations,check-ts-bundle,fix/security-alerts,cancelled,,https://github.com/DevExpress/DevExtreme/actions/runs/37608875404/job/112750986938
"07.10.26, 10:39:45",112750987256,37608875404,1,TS Declarations,validate-declarations,fix/security-alerts,cancelled,,https://github.com/DevExpress/DevExtreme/actions/runs/37608875404/job/112750987256
"07.10.26, 10:39:46",112750992701,37608875404,1,TS Declarations,Send notifications,fix/security-alerts,cancelled,,https://github.com/DevExpress/DevExtreme/actions/runs/37608875404/job/112750992701
"07.10.26, 09:53:27",112733924634,37603689226,1,TS Declarations,validate-declarations,refactor/type-data-source-adapter-26_1,cancelled,,https://github.com/DevExpress/DevExtreme/actions/runs/37603689226/job/112733924634
"07.10.26, 09:53:27",112733925210,37603689226,1,TS Declarations,check-ts-bundle,refactor/type-data-source-adapter-26_1,cancelled,,https://github.com/DevExpress/DevExtreme/actions/runs/37603689226/job/112733925210
"07.10.26, 09:56:09",112734916128,37603689226,1,TS Declarations,Send notifications,refactor/type-data-source-adapter-26_1,cancelled,,https://github.com/DevExpress/DevExtreme/actions/runs/37603689226/job/112734916128
"07.10.26, 09:52:29",112733566689,37603580385,1,TS Declarations,check-ts-bundle,refactor/type-data-source-adapter-main,cancelled,,https://github.com/DevExpress/DevExtreme/actions/runs/37603580385/job/112733566689
"07.10.26, 09:52:29",112733566948,37603580385,1,TS Declarations,validate-declarations,refactor/type-data-source-adapter-main,cancelled,,https://github.com/DevExpress/DevExtreme/actions/runs/37603580385/job/112733566948
"07.10.26, 09:55:30",112734678878,37603580385,1,TS Declarations,Send notifications,refactor/type-data-source-adapter-main,cancelled,,https://github.com/DevExpress/DevExtreme/actions/runs/37603580385/job/112734678878
"07.10.26, 08:32:19",112703421364,37594420501,1,TS Declarations,check-ts-bundle,fix/security-alerts,cancelled,,https://github.com/DevExpress/DevExtreme/actions/runs/37594420501/job/112703421364
"07.10.26, 08:32:19",112703421636,37594420501,1,TS Declarations,validate-declarations,fix/security-alerts,cancelled,,https://github.com/DevExpress/DevExtreme/actions/runs/37594420501/job/112703421636
"07.10.26, 08:32:34",112703519948,37594420501,1,TS Declarations,Send notifications,fix/security-alerts,cancelled,,https://github.com/DevExpress/DevExtreme/actions/runs/37594420501/job/112703519948
"07.10.26, 22:30:26",113049792438,37696537119,1,Demos Visual Tests,Build DevExtreme,fix/26-1-security-alerts-v2,cancelled,DevExtreme - Build,https://github.com/DevExpress/DevExtreme/actions/runs/37696537119/job/113049792438
"07.10.26, 22:33:02",113050711305,37696537119,1,Demos Visual Tests,"Build vendor bundles (React, Vue)",fix/26-1-security-alerts-v2,cancelled,,https://github.com/DevExpress/DevExtreme/actions/runs/37696537119/job/113050711305
"07.10.26, 22:33:02",113050711389,37696537119,1,Demos Visual Tests,Check generated demos,fix/26-1-security-alerts-v2,cancelled,,https://github.com/DevExpress/DevExtreme/actions/runs/37696537119/job/113050711389
"07.10.26, 22:33:02",113050711722,37696537119,1,Demos Visual Tests,CSP check (jQuery),fix/26-1-security-alerts-v2,cancelled,,https://github.com/DevExpress/DevExtreme/actions/runs/37696537119/job/113050711722
"07.10.26, 22:33:02",113050711916,37696537119,1,Demos Visual Tests,"matrix.SHARD_TOTAL == 1 && format('Build demos ({0})', matrix.FRAMEWORK) || format('Build demos ({0} {1}/{2})', matrix.FRAMEWORK, matrix.SHARD_INDEX, matrix.SHARD_TOTAL)",fix/26-1-security-alerts-v2,cancelled,,https://github.com/DevExpress/DevExtreme/actions/runs/37696537119/job/113050711916
"07.10.26, 22:33:02",113050712462,37696537119,1,Demos Visual Tests,Check TS and lint code base,fix/26-1-security-alerts-v2,cancelled,,https://github.com/DevExpress/DevExtreme/actions/runs/37696537119/job/113050712462
"07.10.26, 22:33:02",113050712535,37696537119,1,Demos Visual Tests,"matrix.SHARD_TOTAL == 1 && format('CSP check ({0})', matrix.FRAMEWORK) || format('CSP check ({0} {1}/{2})', matrix.FRAMEWORK, matrix.SHARD_INDEX, matrix.SHARD_TOTAL)",fix/26-1-security-alerts-v2,cancelled,,https://github.com/DevExpress/DevExtreme/actions/runs/37696537119/job/113050712535
"07.10.26, 22:33:02",113050712553,37696537119,1,Demos Visual Tests,CSP Violations Summary,fix/26-1-security-alerts-v2,cancelled,,https://github.com/DevExpress/DevExtreme/actions/runs/37696537119/job/113050712553
"07.10.26, 22:33:02",113050712571,37696537119,1,Demos Visual Tests,Check generated demos (changed only),fix/26-1-security-alerts-v2,cancelled,,https://github.com/DevExpress/DevExtreme/actions/runs/37696537119/job/113050712571
"07.10.26, 22:33:02",113050712837,37696537119,1,Demos Visual Tests,${{ matrix.CONSTEL }}-${{ matrix.STRATEGY }}-${{ matrix.THEME }},fix/26-1-security-alerts-v2,cancelled,,https://github.com/DevExpress/DevExtreme/actions/runs/37696537119/job/113050712837
"07.10.26, 22:33:03",113050713219,37696537119,1,Demos Visual Tests,${{ matrix.CONSTEL }}-screenshots-${{ matrix.THEME }},fix/26-1-security-alerts-v2,cancelled,,https://github.com/DevExpress/DevExtreme/actions/runs/37696537119/job/113050713219
"07.10.26, 22:33:03",113050713241,37696537119,1,Demos Visual Tests,${{ matrix.CONSTEL }}-screenshots-${{ matrix.THEME }},fix/26-1-security-alerts-v2,cancelled,,https://github.com/DevExpress/DevExtreme/actions/runs/37696537119/job/113050713241
"07.10.26, 22:33:03",113050714251,37696537119,1,Demos Visual Tests,merge-artifacts,fix/26-1-security-alerts-v2,cancelled,,https://github.com/DevExpress/DevExtreme/actions/runs/37696537119/job/113050714251
"07.10.26, 21:58:06",113037760952,37692991767,1,Demos Visual Tests,Check if tests should run,fix/security-alerts,cancelled,,https://github.com/DevExpress/DevExtreme/actions/runs/37692991767/job/113037760952
"07.10.26, 21:58:11",113037789538,37692991767,1,Demos Visual Tests,Build DevExtreme,fix/security-alerts,cancelled,,https://github.com/DevExpress/DevExtreme/actions/runs/37692991767/job/113037789538
"07.10.26, 21:58:11",113037789595,37692991767,1,Demos Visual Tests,${{ matrix.CONSTEL }}-${{ matrix.STRATEGY }}-${{ matrix.THEME }},fix/security-alerts,cancelled,,https://github.com/DevExpress/DevExtreme/actions/runs/37692991767/job/113037789595
"07.10.26, 21:58:11",113037789875,37692991767,1,Demos Visual Tests,"Build vendor bundles (React, Vue)",fix/security-alerts,cancelled,,https://github.com/DevExpress/DevExtreme/actions/runs/37692991767/job/113037789875
"07.10.26, 21:58:11",113037790076,37692991767,1,Demos Visual Tests,Check TS and lint code base,fix/security-alerts,cancelled,,https://github.com/DevExpress/DevExtreme/actions/runs/37692991767/job/113037790076
"07.10.26, 21:58:11",113037790342,37692991767,1,Demos Visual Tests,Check generated demos,fix/security-alerts,cancelled,,https://github.com/DevExpress/DevExtreme/actions/runs/37692991767/job/113037790342
"07.10.26, 21:58:11",113037790494,37692991767,1,Demos Visual Tests,CSP check (jQuery),fix/security-alerts,cancelled,,https://github.com/DevExpress/DevExtreme/actions/runs/37692991767/job/113037790494
"07.10.26, 21:58:11",113037791020,37692991767,1,Demos Visual Tests,"matrix.SHARD_TOTAL == 1 && format('CSP check ({0})', matrix.FRAMEWORK) || format('CSP check ({0} {1}/{2})', matrix.FRAMEWORK, matrix.SHARD_INDEX, matrix.SHARD_TOTAL)",fix/security-alerts,cancelled,,https://github.com/DevExpress/DevExtreme/actions/runs/37692991767/job/113037791020
"07.10.26, 21:58:11",113037791513,37692991767,1,Demos Visual Tests,CSP Violations Summary,fix/security-alerts,cancelled,,https://github.com/DevExpress/DevExtreme/actions/runs/37692991767/job/113037791513
"07.10.26, 21:58:11",113037792248,37692991767,1,Demos Visual Tests,"matrix.SHARD_TOTAL == 1 && format('Build demos ({0})', matrix.FRAMEWORK) || format('Build demos ({0} {1}/{2})', matrix.FRAMEWORK, matrix.SHARD_INDEX, matrix.SHARD_TOTAL)",fix/security-alerts,cancelled,,https://github.com/DevExpress/DevExtreme/actions/runs/37692991767/job/113037792248
"07.10.26, 21:58:11",113037792990,37692991767,1,Demos Visual Tests,${{ matrix.CONSTEL }}-screenshots-${{ matrix.THEME }},fix/security-alerts,cancelled,,https://github.com/DevExpress/DevExtreme/actions/runs/37692991767/job/113037792990
"07.10.26, 21:58:11",113037793115,37692991767,1,Demos Visual Tests,merge-artifacts,fix/security-alerts,cancelled,,https://github.com/DevExpress/DevExtreme/actions/runs/37692991767/job/113037793115
"07.10.26, 21:50:01",113034713508,37692114138,1,Demos Visual Tests,Build DevExtreme,fix/security-alerts,cancelled,Post Setup nx cache,https://github.com/DevExpress/DevExtreme/actions/runs/37692114138/job/113034713508
"07.10.26, 21:58:05",113037756746,37692114138,1,Demos Visual Tests,"Build vendor bundles (React, Vue)",fix/security-alerts,cancelled,,https://github.com/DevExpress/DevExtreme/actions/runs/37692114138/job/113037756746
"07.10.26, 21:58:06",113037756995,37692114138,1,Demos Visual Tests,Check generated demos,fix/security-alerts,cancelled,,https://github.com/DevExpress/DevExtreme/actions/runs/37692114138/job/113037756995
"07.10.26, 21:58:06",113037757436,37692114138,1,Demos Visual Tests,Check TS and lint code base,fix/security-alerts,cancelled,,https://github.com/DevExpress/DevExtreme/actions/runs/37692114138/job/113037757436
"07.10.26, 21:58:06",113037757650,37692114138,1,Demos Visual Tests,CSP check (jQuery),fix/security-alerts,cancelled,,https://github.com/DevExpress/DevExtreme/actions/runs/37692114138/job/113037757650
"07.10.26, 21:58:06",113037757843,37692114138,1,Demos Visual Tests,${{ matrix.CONSTEL }}-${{ matrix.STRATEGY }}-${{ matrix.THEME }},fix/security-alerts,cancelled,,https://github.com/DevExpress/DevExtreme/actions/runs/37692114138/job/113037757843
"07.10.26, 21:58:06",113037758055,37692114138,1,Demos Visual Tests,"matrix.SHARD_TOTAL == 1 && format('CSP check ({0})', matrix.FRAMEWORK) || format('CSP check ({0} {1}/{2})', matrix.FRAMEWORK, matrix.SHARD_INDEX, matrix.SHARD_TOTAL)",fix/security-alerts,cancelled,,https://github.com/DevExpress/DevExtreme/actions/runs/37692114138/job/113037758055
"07.10.26, 21:58:06",113037758499,37692114138,1,Demos Visual Tests,"matrix.SHARD_TOTAL == 1 && format('Build demos ({0})', matrix.FRAMEWORK) || format('Build demos ({0} {1}/{2})', matrix.FRAMEWORK, matrix.SHARD_INDEX, matrix.SHARD_TOTAL)",fix/security-alerts,cancelled,,https://github.com/DevExpress/DevExtreme/actions/runs/37692114138/job/113037758499
"07.10.26, 21:58:06",113037758555,37692114138,1,Demos Visual Tests,CSP Violations Summary,fix/security-alerts,cancelled,,https://github.com/DevExpress/DevExtreme/actions/runs/37692114138/job/113037758555
"07.10.26, 21:58:06",113037759154,37692114138,1,Demos Visual Tests,${{ matrix.CONSTEL }}-screenshots-${{ matrix.THEME }},fix/security-alerts,cancelled,,https://github.com/DevExpress/DevExtreme/actions/runs/37692114138/job/113037759154
"07.10.26, 21:58:06",113037759335,37692114138,1,Demos Visual Tests,merge-artifacts,fix/security-alerts,cancelled,,https://github.com/DevExpress/DevExtreme/actions/runs/37692114138/job/113037759335
"07.10.26, 17:11:46",112915125786,37656342374,1,Demos Visual Tests,jquery(1/3)-screenshots-material.blue.light,typescript/core/utils_typing_5039_part2_26_1,failure,Run TestCafe tests (jQuery),https://github.com/DevExpress/DevExtreme/actions/runs/37656342374/job/112915125786
"07.10.26, 17:11:46",112915125854,37656342374,1,Demos Visual Tests,jquery(1/3)-screenshots-fluent.blue.light,typescript/core/utils_typing_5039_part2_26_1,failure,Run TestCafe tests (jQuery),https://github.com/DevExpress/DevExtreme/actions/runs/37656342374/job/112915125854
"07.10.26, 17:05:38",112912268052,37656333649,1,Demos Visual Tests,Build DevExtreme,typescript/core/utils_typing_5039_part2,failure,DevExtreme - Build-all,https://github.com/DevExpress/DevExtreme/actions/runs/37656333649/job/112912268052
"07.10.26, 17:05:15",112912059709,37656120695,1,Demos Visual Tests,Build DevExtreme,typescript/core/utils_typing_5039_part2_26_1,cancelled,Install dependencies,https://github.com/DevExpress/DevExtreme/actions/runs/37656120695/job/112912059709
"07.10.26, 17:06:31",112912719425,37656120695,1,Demos Visual Tests,"Build vendor bundles (React, Vue)",typescript/core/utils_typing_5039_part2_26_1,cancelled,,https://github.com/DevExpress/DevExtreme/actions/runs/37656120695/job/112912719425
"07.10.26, 17:06:31",112912719464,37656120695,1,Demos Visual Tests,Check generated demos (changed only),typescript/core/utils_typing_5039_part2_26_1,cancelled,,https://github.com/DevExpress/DevExtreme/actions/runs/37656120695/job/112912719464
"07.10.26, 17:06:31",112912719634,37656120695,1,Demos Visual Tests,CSP check (jQuery),typescript/core/utils_typing_5039_part2_26_1,cancelled,,https://github.com/DevExpress/DevExtreme/actions/runs/37656120695/job/112912719634
"07.10.26, 17:06:31",112912719727,37656120695,1,Demos Visual Tests,Check generated demos,typescript/core/utils_typing_5039_part2_26_1,cancelled,,https://github.com/DevExpress/DevExtreme/actions/runs/37656120695/job/112912719727
"07.10.26, 17:06:31",112912719991,37656120695,1,Demos Visual Tests,Check TS and lint code base,typescript/core/utils_typing_5039_part2_26_1,cancelled,,https://github.com/DevExpress/DevExtreme/actions/runs/37656120695/job/112912719991
"07.10.26, 17:06:31",112912720272,37656120695,1,Demos Visual Tests,"matrix.SHARD_TOTAL == 1 && format('CSP check ({0})', matrix.FRAMEWORK) || format('CSP check ({0} {1}/{2})', matrix.FRAMEWORK, matrix.SHARD_INDEX, matrix.SHARD_TOTAL)",typescript/core/utils_typing_5039_part2_26_1,cancelled,,https://github.com/DevExpress/DevExtreme/actions/runs/37656120695/job/112912720272
"07.10.26, 17:06:32",112912720680,37656120695,1,Demos Visual Tests,"matrix.SHARD_TOTAL == 1 && format('Build demos ({0})', matrix.FRAMEWORK) || format('Build demos ({0} {1}/{2})', matrix.FRAMEWORK, matrix.SHARD_INDEX, matrix.SHARD_TOTAL)",typescript/core/utils_typing_5039_part2_26_1,cancelled,,https://github.com/DevExpress/DevExtreme/actions/runs/37656120695/job/112912720680
"07.10.26, 17:06:32",112912720849,37656120695,1,Demos Visual Tests,CSP Violations Summary,typescript/core/utils_typing_5039_part2_26_1,cancelled,,https://github.com/DevExpress/DevExtreme/actions/runs/37656120695/job/112912720849
"07.10.26, 17:06:32",112912721500,37656120695,1,Demos Visual Tests,${{ matrix.CONSTEL }}-screenshots-${{ matrix.THEME }},typescript/core/utils_typing_5039_part2_26_1,cancelled,,https://github.com/DevExpress/DevExtreme/actions/runs/37656120695/job/112912721500
"07.10.26, 17:06:32",112912721765,37656120695,1,Demos Visual Tests,${{ matrix.CONSTEL }}-${{ matrix.STRATEGY }}-${{ matrix.THEME }},typescript/core/utils_typing_5039_part2_26_1,cancelled,,https://github.com/DevExpress/DevExtreme/actions/runs/37656120695/job/112912721765
"07.10.26, 17:06:32",112912721811,37656120695,1,Demos Visual Tests,${{ matrix.CONSTEL }}-screenshots-${{ matrix.THEME }},typescript/core/utils_typing_5039_part2_26_1,cancelled,,https://github.com/DevExpress/DevExtreme/actions/runs/37656120695/job/112912721811
"07.10.26, 17:06:32",112912722510,37656120695,1,Demos Visual Tests,merge-artifacts,typescript/core/utils_typing_5039_part2_26_1,cancelled,,https://github.com/DevExpress/DevExtreme/actions/runs/37656120695/job/112912722510
"07.10.26, 17:01:56",112909989077,37655735470,1,Demos Visual Tests,Build DevExtreme,typescript/core/utils_typing_5039_part2,failure,DevExtreme - Build-all,https://github.com/DevExpress/DevExtreme/actions/runs/37655735470/job/112909989077
"07.10.26, 16:46:25",112906608245,37653914617,1,Demos Visual Tests,jquery(1/3)-screenshots-material.blue.light,typescript/core/utils_typing_5039_part2_26_1,failure,Run TestCafe tests (jQuery),https://github.com/DevExpress/DevExtreme/actions/runs/37653914617/job/112906608245
"07.10.26, 16:46:25",112906608334,37653914617,1,Demos Visual Tests,jquery(1/3)-screenshots-fluent.blue.light,typescript/core/utils_typing_5039_part2_26_1,failure,Run TestCafe tests (jQuery),https://github.com/DevExpress/DevExtreme/actions/runs/37653914617/job/112906608334
"07.10.26, 16:40:52",112904164266,37653909439,1,Demos Visual Tests,Build DevExtreme,typescript/core/utils_typing_5039_part2,failure,DevExtreme - Build-all,https://github.com/DevExpress/DevExtreme/actions/runs/37653909439/job/112904164266
"07.10.26, 16:08:06",112889324058,37648994111,1,Demos Visual Tests,Check TS and lint code base,feature/demo_custom_AI_assistant(copilot-fixes),failure,Check TS and lint results,https://github.com/DevExpress/DevExtreme/actions/runs/37648994111/job/112889324058
"07.10.26, 16:08:06",112889324070,37648994111,1,Demos Visual Tests,Check generated demos (changed only),feature/demo_custom_AI_assistant(copilot-fixes),failure,Check generated JS demos,https://github.com/DevExpress/DevExtreme/actions/runs/37648994111/job/112889324070
"07.10.26, 16:08:06",112889324104,37648994111,1,Demos Visual Tests,Build Demos Bundles,feature/demo_custom_AI_assistant(copilot-fixes),cancelled,Prepare bundles,https://github.com/DevExpress/DevExtreme/actions/runs/37648994111/job/112889324104
"07.10.26, 16:08:06",112889324134,37648994111,1,Demos Visual Tests,CSP check (Angular 1/3),feature/demo_custom_AI_assistant(copilot-fixes),cancelled,Run CSP Check,https://github.com/DevExpress/DevExtreme/actions/runs/37648994111/job/112889324134
"07.10.26, 16:08:06",112889324137,37648994111,1,Demos Visual Tests,CSP check (jQuery),feature/demo_custom_AI_assistant(copilot-fixes),cancelled,Run CSP Check,https://github.com/DevExpress/DevExtreme/actions/runs/37648994111/job/112889324137
"07.10.26, 16:08:06",112889324206,37648994111,1,Demos Visual Tests,CSP check (Vue 2/2),feature/demo_custom_AI_assistant(copilot-fixes),cancelled,Run CSP Check,https://github.com/DevExpress/DevExtreme/actions/runs/37648994111/job/112889324206
"07.10.26, 16:08:06",112889324226,37648994111,1,Demos Visual Tests,CSP check (React 2/2),feature/demo_custom_AI_assistant(copilot-fixes),cancelled,Run CSP Check,https://github.com/DevExpress/DevExtreme/actions/runs/37648994111/job/112889324226
"07.10.26, 16:08:06",112889324295,37648994111,1,Demos Visual Tests,jquery(1/3)-screenshots-fluent.blue.light,feature/demo_custom_AI_assistant(copilot-fixes),cancelled,Run TestCafe tests (jQuery),https://github.com/DevExpress/DevExtreme/actions/runs/37648994111/job/112889324295
"07.10.26, 16:08:06",112889324317,37648994111,1,Demos Visual Tests,jquery-accessibility-material.blue.light,feature/demo_custom_AI_assistant(copilot-fixes),cancelled,,https://github.com/DevExpress/DevExtreme/actions/runs/37648994111/job/112889324317
"07.10.26, 16:08:06",112889324323,37648994111,1,Demos Visual Tests,CSP check (React 1/2),feature/demo_custom_AI_assistant(copilot-fixes),cancelled,Run CSP Check,https://github.com/DevExpress/DevExtreme/actions/runs/37648994111/job/112889324323
"07.10.26, 16:08:06",112889324333,37648994111,1,Demos Visual Tests,CSP check (Vue 1/2),feature/demo_custom_AI_assistant(copilot-fixes),cancelled,Run CSP Check,https://github.com/DevExpress/DevExtreme/actions/runs/37648994111/job/112889324333
"07.10.26, 16:08:06",112889324338,37648994111,1,Demos Visual Tests,jquery(3/3)-screenshots-fluent.blue.light,feature/demo_custom_AI_assistant(copilot-fixes),cancelled,,https://github.com/DevExpress/DevExtreme/actions/runs/37648994111/job/112889324338
"07.10.26, 16:08:06",112889324352,37648994111,1,Demos Visual Tests,jquery(2/3)-screenshots-fluent.blue.light,feature/demo_custom_AI_assistant(copilot-fixes),cancelled,Run TestCafe tests (jQuery),https://github.com/DevExpress/DevExtreme/actions/runs/37648994111/job/112889324352
"07.10.26, 16:08:06",112889324360,37648994111,1,Demos Visual Tests,jquery(2/3)-screenshots-material.blue.light,feature/demo_custom_AI_assistant(copilot-fixes),cancelled,Run TestCafe tests (jQuery),https://github.com/DevExpress/DevExtreme/actions/runs/37648994111/job/112889324360
"07.10.26, 16:08:06",112889324413,37648994111,1,Demos Visual Tests,jquery(3/3)-screenshots-material.blue.light,feature/demo_custom_AI_assistant(copilot-fixes),cancelled,,https://github.com/DevExpress/DevExtreme/actions/runs/37648994111/job/112889324413
"07.10.26, 16:08:06",112889324442,37648994111,1,Demos Visual Tests,CSP check (Angular 2/3),feature/demo_custom_AI_assistant(copilot-fixes),cancelled,Run CSP Check,https://github.com/DevExpress/DevExtreme/actions/runs/37648994111/job/112889324442
"07.10.26, 16:08:06",112889324450,37648994111,1,Demos Visual Tests,CSP check (Angular 3/3),feature/demo_custom_AI_assistant(copilot-fixes),cancelled,Run CSP Check,https://github.com/DevExpress/DevExtreme/actions/runs/37648994111/job/112889324450
"07.10.26, 16:08:06",112889324474,37648994111,1,Demos Visual Tests,jquery(1/3)-screenshots-material.blue.light,feature/demo_custom_AI_assistant(copilot-fixes),cancelled,Run TestCafe tests (jQuery),https://github.com/DevExpress/DevExtreme/actions/runs/37648994111/job/112889324474
"07.10.26, 16:08:06",112889324522,37648994111,1,Demos Visual Tests,jquery-accessibility-material.blue.dark,feature/demo_custom_AI_assistant(copilot-fixes),cancelled,Run TestCafe tests (jQuery),https://github.com/DevExpress/DevExtreme/actions/runs/37648994111/job/112889324522
"07.10.26, 16:13:36",112891793245,37648994111,1,Demos Visual Tests,${{ matrix.CONSTEL }}-screenshots-${{ matrix.THEME }},feature/demo_custom_AI_assistant(copilot-fixes),cancelled,,https://github.com/DevExpress/DevExtreme/actions/runs/37648994111/job/112891793245
"07.10.26, 16:13:36",112891793407,37648994111,1,Demos Visual Tests,${{ matrix.CONSTEL }}-screenshots-${{ matrix.THEME }},feature/demo_custom_AI_assistant(copilot-fixes),cancelled,,https://github.com/DevExpress/DevExtreme/actions/runs/37648994111/job/112891793407
"07.10.26, 16:13:42",112891832449,37648994111,1,Demos Visual Tests,merge-artifacts,feature/demo_custom_AI_assistant(copilot-fixes),cancelled,,https://github.com/DevExpress/DevExtreme/actions/runs/37648994111/job/112891832449
"07.10.26, 16:13:44",112891848277,37648994111,1,Demos Visual Tests,CSP Violations Summary,feature/demo_custom_AI_assistant(copilot-fixes),cancelled,,https://github.com/DevExpress/DevExtreme/actions/runs/37648994111/job/112891848277
"07.10.26, 15:31:46",112872075939,37643222664,1,Demos Visual Tests,Check generated demos (changed only),feature/demo_custom_AI_assistant(copilot-fixes),failure,Check generated JS demos,https://github.com/DevExpress/DevExtreme/actions/runs/37643222664/job/112872075939
"07.10.26, 15:31:46",112872075978,37643222664,1,Demos Visual Tests,Check TS and lint code base,feature/demo_custom_AI_assistant(copilot-fixes),failure,Check TS and lint results,https://github.com/DevExpress/DevExtreme/actions/runs/37643222664/job/112872075978
"07.10.26, 15:19:49",112866248764,37642919043,1,Demos Visual Tests,Build DevExtreme,typescript/core/utils_typing_5039_part2,failure,DevExtreme - Build-all,https://github.com/DevExpress/DevExtreme/actions/runs/37642919043/job/112866248764
"07.10.26, 15:03:02",112862426676,37640734806,1,Demos Visual Tests,Check generated demos,refactor/type-treelist-data-source-adapter-main,failure,,https://github.com/DevExpress/DevExtreme/actions/runs/37640734806/job/112862426676
"07.10.26, 14:52:58",112857632347,37639212920,1,Demos Visual Tests,CSP check (Angular 2/3),typescript/core/utils_typing_5039_part2,failure,,https://github.com/DevExpress/DevExtreme/actions/runs/37639212920/job/112857632347
"07.10.26, 14:14:21",112838844918,37634237186,1,Demos Visual Tests,Check TS and lint code base,feature/demo_custom_AI_assistant,failure,Check TS and lint results,https://github.com/DevExpress/DevExtreme/actions/runs/37634237186/job/112838844918
"07.10.26, 14:14:21",112838845037,37634237186,1,Demos Visual Tests,Check generated demos,feature/demo_custom_AI_assistant,failure,Check generated JS demos,https://github.com/DevExpress/DevExtreme/actions/runs/37634237186/job/112838845037
"07.10.26, 14:21:45",112842425938,37634237186,1,Demos Visual Tests,vue(5/5)-screenshots-fluent.blue.light,feature/demo_custom_AI_assistant,failure,Run TestCafe tests,https://github.com/DevExpress/DevExtreme/actions/runs/37634237186/job/112842425938
"07.10.26, 14:21:45",112842425960,37634237186,1,Demos Visual Tests,react(2/3)-screenshots-fluent.blue.light,feature/demo_custom_AI_assistant,failure,Run TestCafe tests,https://github.com/DevExpress/DevExtreme/actions/runs/37634237186/job/112842425960
"07.10.26, 14:21:45",112842426093,37634237186,1,Demos Visual Tests,angular(9/10)-screenshots-fluent.blue.light,feature/demo_custom_AI_assistant,failure,,https://github.com/DevExpress/DevExtreme/actions/runs/37634237186/job/112842426093
"07.10.26, 14:21:45",112842426201,37634237186,1,Demos Visual Tests,angular(4/10)-screenshots-fluent.blue.light,feature/demo_custom_AI_assistant,failure,Run TestCafe tests,https://github.com/DevExpress/DevExtreme/actions/runs/37634237186/job/112842426201
"07.10.26, 15:33:44",112873002003,37634237186,2,Demos Visual Tests,Check TS and lint code base,feature/demo_custom_AI_assistant,failure,Check TS and lint results,https://github.com/DevExpress/DevExtreme/actions/runs/37634237186/job/112873002003
"07.10.26, 15:33:44",112873002057,37634237186,2,Demos Visual Tests,Check generated demos,feature/demo_custom_AI_assistant,failure,Check generated JS demos,https://github.com/DevExpress/DevExtreme/actions/runs/37634237186/job/112873002057
"07.10.26, 15:33:46",112873014562,37634237186,2,Demos Visual Tests,angular(4/10)-screenshots-fluent.blue.light,feature/demo_custom_AI_assistant,failure,Run TestCafe tests,https://github.com/DevExpress/DevExtreme/actions/runs/37634237186/job/112873014562
"07.10.26, 15:33:46",112873014614,37634237186,2,Demos Visual Tests,vue(5/5)-screenshots-fluent.blue.light,feature/demo_custom_AI_assistant,failure,Run TestCafe tests,https://github.com/DevExpress/DevExtreme/actions/runs/37634237186/job/112873014614
"07.10.26, 15:33:46",112873014876,37634237186,2,Demos Visual Tests,react(2/3)-screenshots-fluent.blue.light,feature/demo_custom_AI_assistant,failure,Run TestCafe tests,https://github.com/DevExpress/DevExtreme/actions/runs/37634237186/job/112873014876
"07.10.26, 14:01:44",112832790788,37632090489,1,Demos Visual Tests,Check generated demos,feature/demo_custom_AI_assistant,failure,Check generated JS demos,https://github.com/DevExpress/DevExtreme/actions/runs/37632090489/job/112832790788
"07.10.26, 14:01:44",112832790926,37632090489,1,Demos Visual Tests,Check TS and lint code base,feature/demo_custom_AI_assistant,failure,Check TS and lint results,https://github.com/DevExpress/DevExtreme/actions/runs/37632090489/job/112832790926
"07.10.26, 14:01:44",112832791064,37632090489,1,Demos Visual Tests,CSP check (Angular 2/3),feature/demo_custom_AI_assistant,cancelled,Run CSP Check,https://github.com/DevExpress/DevExtreme/actions/runs/37632090489/job/112832791064
"07.10.26, 14:01:44",112832791078,37632090489,1,Demos Visual Tests,CSP check (jQuery),feature/demo_custom_AI_assistant,cancelled,Run CSP Check,https://github.com/DevExpress/DevExtreme/actions/runs/37632090489/job/112832791078
"07.10.26, 14:01:44",112832791149,37632090489,1,Demos Visual Tests,jquery(1/3)-screenshots-fluent.blue.light,feature/demo_custom_AI_assistant,cancelled,Run TestCafe tests (jQuery),https://github.com/DevExpress/DevExtreme/actions/runs/37632090489/job/112832791149
"07.10.26, 14:01:44",112832791209,37632090489,1,Demos Visual Tests,CSP check (React 2/2),feature/demo_custom_AI_assistant,cancelled,Run CSP Check,https://github.com/DevExpress/DevExtreme/actions/runs/37632090489/job/112832791209
"07.10.26, 14:01:44",112832791225,37632090489,1,Demos Visual Tests,CSP check (React 1/2),feature/demo_custom_AI_assistant,cancelled,Run CSP Check,https://github.com/DevExpress/DevExtreme/actions/runs/37632090489/job/112832791225
"07.10.26, 14:01:44",112832791232,37632090489,1,Demos Visual Tests,CSP check (Vue 1/2),feature/demo_custom_AI_assistant,cancelled,Run CSP Check,https://github.com/DevExpress/DevExtreme/actions/runs/37632090489/job/112832791232
"07.10.26, 14:01:44",112832791258,37632090489,1,Demos Visual Tests,CSP check (Vue 2/2),feature/demo_custom_AI_assistant,cancelled,Run CSP Check,https://github.com/DevExpress/DevExtreme/actions/runs/37632090489/job/112832791258
"07.10.26, 14:01:44",112832791272,37632090489,1,Demos Visual Tests,CSP check (Angular 1/3),feature/demo_custom_AI_assistant,cancelled,Run CSP Check,https://github.com/DevExpress/DevExtreme/actions/runs/37632090489/job/112832791272
"07.10.26, 14:01:44",112832791286,37632090489,1,Demos Visual Tests,CSP check (Angular 3/3),feature/demo_custom_AI_assistant,cancelled,Run CSP Check,https://github.com/DevExpress/DevExtreme/actions/runs/37632090489/job/112832791286
"07.10.26, 14:05:28",112834599102,37632090489,1,Demos Visual Tests,angular(6/10)-screenshots-fluent.blue.light,feature/demo_custom_AI_assistant,cancelled,,https://github.com/DevExpress/DevExtreme/actions/runs/37632090489/job/112834599102
"07.10.26, 14:05:28",112834599176,37632090489,1,Demos Visual Tests,angular(2/10)-screenshots-fluent.blue.light,feature/demo_custom_AI_assistant,cancelled,Run TestCafe tests,https://github.com/DevExpress/DevExtreme/actions/runs/37632090489/job/112834599176
"07.10.26, 14:05:28",112834599182,37632090489,1,Demos Visual Tests,angular(4/10)-screenshots-fluent.blue.light,feature/demo_custom_AI_assistant,cancelled,Run TestCafe tests,https://github.com/DevExpress/DevExtreme/actions/runs/37632090489/job/112834599182
"07.10.26, 14:05:28",112834599198,37632090489,1,Demos Visual Tests,react(1/3)-screenshots-fluent.blue.light,feature/demo_custom_AI_assistant,cancelled,Run TestCafe tests,https://github.com/DevExpress/DevExtreme/actions/runs/37632090489/job/112834599198
"07.10.26, 14:05:28",112834599217,37632090489,1,Demos Visual Tests,angular(7/10)-screenshots-fluent.blue.light,feature/demo_custom_AI_assistant,cancelled,,https://github.com/DevExpress/DevExtreme/actions/runs/37632090489/job/112834599217
"07.10.26, 14:05:28",112834599222,37632090489,1,Demos Visual Tests,angular(1/10)-screenshots-fluent.blue.light,feature/demo_custom_AI_assistant,cancelled,,https://github.com/DevExpress/DevExtreme/actions/runs/37632090489/job/112834599222
"07.10.26, 14:05:28",112834599229,37632090489,1,Demos Visual Tests,angular(3/10)-screenshots-fluent.blue.light,feature/demo_custom_AI_assistant,cancelled,,https://github.com/DevExpress/DevExtreme/actions/runs/37632090489/job/112834599229
"07.10.26, 14:05:28",112834599248,37632090489,1,Demos Visual Tests,angular(9/10)-screenshots-fluent.blue.light,feature/demo_custom_AI_assistant,cancelled,,https://github.com/DevExpress/DevExtreme/actions/runs/37632090489/job/112834599248
"07.10.26, 14:05:28",112834599301,37632090489,1,Demos Visual Tests,react(3/3)-screenshots-fluent.blue.light,feature/demo_custom_AI_assistant,cancelled,Run TestCafe tests,https://github.com/DevExpress/DevExtreme/actions/runs/37632090489/job/112834599301
"07.10.26, 14:05:28",112834599317,37632090489,1,Demos Visual Tests,angular(8/10)-screenshots-fluent.blue.light,feature/demo_custom_AI_assistant,cancelled,,https://github.com/DevExpress/DevExtreme/actions/runs/37632090489/job/112834599317
"07.10.26, 14:05:28",112834599331,37632090489,1,Demos Visual Tests,angular(5/10)-screenshots-fluent.blue.light,feature/demo_custom_AI_assistant,cancelled,,https://github.com/DevExpress/DevExtreme/actions/runs/37632090489/job/112834599331
"07.10.26, 14:05:28",112834599334,37632090489,1,Demos Visual Tests,angular(10/10)-screenshots-fluent.blue.light,feature/demo_custom_AI_assistant,cancelled,,https://github.com/DevExpress/DevExtreme/actions/runs/37632090489/job/112834599334
"07.10.26, 14:05:28",112834599336,37632090489,1,Demos Visual Tests,vue(4/5)-screenshots-fluent.blue.light,feature/demo_custom_AI_assistant,cancelled,Run TestCafe tests,https://github.com/DevExpress/DevExtreme/actions/runs/37632090489/job/112834599336
"07.10.26, 14:05:28",112834599418,37632090489,1,Demos Visual Tests,react(2/3)-screenshots-fluent.blue.light,feature/demo_custom_AI_assistant,cancelled,Run TestCafe tests,https://github.com/DevExpress/DevExtreme/actions/runs/37632090489/job/112834599418
"07.10.26, 14:05:28",112834599557,37632090489,1,Demos Visual Tests,vue(3/5)-screenshots-fluent.blue.light,feature/demo_custom_AI_assistant,cancelled,Run TestCafe tests,https://github.com/DevExpress/DevExtreme/actions/runs/37632090489/job/112834599557
"07.10.26, 14:05:28",112834599679,37632090489,1,Demos Visual Tests,vue(1/5)-screenshots-fluent.blue.light,feature/demo_custom_AI_assistant,cancelled,Run TestCafe tests,https://github.com/DevExpress/DevExtreme/actions/runs/37632090489/job/112834599679
"07.10.26, 14:05:28",112834599712,37632090489,1,Demos Visual Tests,vue(2/5)-screenshots-fluent.blue.light,feature/demo_custom_AI_assistant,cancelled,Run TestCafe tests,https://github.com/DevExpress/DevExtreme/actions/runs/37632090489/job/112834599712
"07.10.26, 14:05:28",112834599731,37632090489,1,Demos Visual Tests,vue(5/5)-screenshots-fluent.blue.light,feature/demo_custom_AI_assistant,cancelled,Run TestCafe tests,https://github.com/DevExpress/DevExtreme/actions/runs/37632090489/job/112834599731
"07.10.26, 14:09:08",112836349403,37632090489,1,Demos Visual Tests,CSP Violations Summary,feature/demo_custom_AI_assistant,cancelled,,https://github.com/DevExpress/DevExtreme/actions/runs/37632090489/job/112836349403
"07.10.26, 14:09:54",112836718326,37632090489,1,Demos Visual Tests,merge-artifacts,feature/demo_custom_AI_assistant,cancelled,,https://github.com/DevExpress/DevExtreme/actions/runs/37632090489/job/112836718326
"07.10.26, 13:16:17",112811833338,37625967441,1,Demos Visual Tests,CSP check (jQuery),fix_eslint_filter_26_2,cancelled,Run CSP Check,https://github.com/DevExpress/DevExtreme/actions/runs/37625967441/job/112811833338
"07.10.26, 13:16:17",112811833598,37625967441,1,Demos Visual Tests,Check generated demos,fix_eslint_filter_26_2,cancelled,Check generated JS demos,https://github.com/DevExpress/DevExtreme/actions/runs/37625967441/job/112811833598
"07.10.26, 13:16:17",112811833600,37625967441,1,Demos Visual Tests,"Build vendor bundles (React, Vue)",fix_eslint_filter_26_2,cancelled,Install dependencies,https://github.com/DevExpress/DevExtreme/actions/runs/37625967441/job/112811833600
"07.10.26, 13:16:17",112811833661,37625967441,1,Demos Visual Tests,CSP check (React 1/2),fix_eslint_filter_26_2,cancelled,Bundle demos for CSP check,https://github.com/DevExpress/DevExtreme/actions/runs/37625967441/job/112811833661
"07.10.26, 13:16:17",112811833686,37625967441,1,Demos Visual Tests,CSP check (Vue 1/2),fix_eslint_filter_26_2,cancelled,Install dependencies,https://github.com/DevExpress/DevExtreme/actions/runs/37625967441/job/112811833686
"07.10.26, 13:16:17",112811833707,37625967441,1,Demos Visual Tests,CSP check (Angular 3/3),fix_eslint_filter_26_2,cancelled,Run CSP Check,https://github.com/DevExpress/DevExtreme/actions/runs/37625967441/job/112811833707
"07.10.26, 13:16:17",112811833749,37625967441,1,Demos Visual Tests,CSP check (Vue 2/2),fix_eslint_filter_26_2,cancelled,Bundle demos for CSP check,https://github.com/DevExpress/DevExtreme/actions/runs/37625967441/job/112811833749
"07.10.26, 13:16:17",112811833751,37625967441,1,Demos Visual Tests,Check TS and lint code base,fix_eslint_filter_26_2,cancelled,Run lint on all demos,https://github.com/DevExpress/DevExtreme/actions/runs/37625967441/job/112811833751
"07.10.26, 13:16:17",112811833770,37625967441,1,Demos Visual Tests,jquery(2/3)-screenshots-fluent.blue.light,fix_eslint_filter_26_2,cancelled,Run TestCafe tests (jQuery),https://github.com/DevExpress/DevExtreme/actions/runs/37625967441/job/112811833770
"07.10.26, 13:16:17",112811833787,37625967441,1,Demos Visual Tests,CSP check (Angular 1/3),fix_eslint_filter_26_2,cancelled,Install dependencies,https://github.com/DevExpress/DevExtreme/actions/runs/37625967441/job/112811833787
"07.10.26, 13:16:17",112811833858,37625967441,1,Demos Visual Tests,CSP check (React 2/2),fix_eslint_filter_26_2,cancelled,Install dependencies,https://github.com/DevExpress/DevExtreme/actions/runs/37625967441/job/112811833858
"07.10.26, 13:16:17",112811833865,37625967441,1,Demos Visual Tests,jquery(2/3)-screenshots-material.blue.light,fix_eslint_filter_26_2,cancelled,Install dependencies,https://github.com/DevExpress/DevExtreme/actions/runs/37625967441/job/112811833865
"07.10.26, 13:16:17",112811833913,37625967441,1,Demos Visual Tests,jquery-accessibility-fluent.blue.light,fix_eslint_filter_26_2,cancelled,Restore pnpm cache,https://github.com/DevExpress/DevExtreme/actions/runs/37625967441/job/112811833913
"07.10.26, 13:16:17",112811833918,37625967441,1,Demos Visual Tests,jquery-accessibility-material.blue.dark,fix_eslint_filter_26_2,cancelled,Install dependencies,https://github.com/DevExpress/DevExtreme/actions/runs/37625967441/job/112811833918
"07.10.26, 13:16:17",112811833919,37625967441,1,Demos Visual Tests,jquery(3/3)-screenshots-material.blue.light,fix_eslint_filter_26_2,cancelled,Install dependencies,https://github.com/DevExpress/DevExtreme/actions/runs/37625967441/job/112811833919
"07.10.26, 13:16:17",112811833926,37625967441,1,Demos Visual Tests,jquery-accessibility-fluent.blue.dark,fix_eslint_filter_26_2,cancelled,Restore pnpm cache,https://github.com/DevExpress/DevExtreme/actions/runs/37625967441/job/112811833926
"07.10.26, 13:16:17",112811834009,37625967441,1,Demos Visual Tests,jquery(3/3)-screenshots-fluent.blue.light,fix_eslint_filter_26_2,cancelled,Install dependencies,https://github.com/DevExpress/DevExtreme/actions/runs/37625967441/job/112811834009
"07.10.26, 13:16:17",112811834037,37625967441,1,Demos Visual Tests,jquery-accessibility-material.blue.light,fix_eslint_filter_26_2,cancelled,Install dependencies,https://github.com/DevExpress/DevExtreme/actions/runs/37625967441/job/112811834037
"07.10.26, 13:16:17",112811834060,37625967441,1,Demos Visual Tests,jquery(1/3)-screenshots-material.blue.light,fix_eslint_filter_26_2,cancelled,Restore pnpm cache,https://github.com/DevExpress/DevExtreme/actions/runs/37625967441/job/112811834060
"07.10.26, 13:16:17",112811834152,37625967441,1,Demos Visual Tests,jquery(1/3)-screenshots-fluent.blue.light,fix_eslint_filter_26_2,cancelled,Restore pnpm cache,https://github.com/DevExpress/DevExtreme/actions/runs/37625967441/job/112811834152
"07.10.26, 13:16:17",112811834194,37625967441,1,Demos Visual Tests,CSP check (Angular 2/3),fix_eslint_filter_26_2,cancelled,Install dependencies,https://github.com/DevExpress/DevExtreme/actions/runs/37625967441/job/112811834194
"07.10.26, 13:20:49",112813843154,37625967441,1,Demos Visual Tests,"matrix.SHARD_TOTAL == 1 && format('Build demos ({0})', matrix.FRAMEWORK) || format('Build demos ({0} {1}/{2})', matrix.FRAMEWORK, matrix.SHARD_INDEX, matrix.SHARD_TOTAL)",fix_eslint_filter_26_2,cancelled,,https://github.com/DevExpress/DevExtreme/actions/runs/37625967441/job/112813843154
"07.10.26, 13:20:50",112813844436,37625967441,1,Demos Visual Tests,${{ matrix.CONSTEL }}-screenshots-${{ matrix.THEME }},fix_eslint_filter_26_2,cancelled,,https://github.com/DevExpress/DevExtreme/actions/runs/37625967441/job/112813844436
"07.10.26, 13:21:02",112813937320,37625967441,1,Demos Visual Tests,merge-artifacts,fix_eslint_filter_26_2,cancelled,,https://github.com/DevExpress/DevExtreme/actions/runs/37625967441/job/112813937320
"07.10.26, 13:21:07",112813970795,37625967441,1,Demos Visual Tests,CSP Violations Summary,fix_eslint_filter_26_2,cancelled,,https://github.com/DevExpress/DevExtreme/actions/runs/37625967441/job/112813970795
"07.10.26, 13:08:18",112808329232,37625470941,1,Demos Visual Tests,jquery-accessibility-material.blue.light,typescript/filter_builder_draggable_sortable/followups_5275_26_1,failure,,https://github.com/DevExpress/DevExtreme/actions/runs/37625470941/job/112808329232
"07.10.26, 13:02:48",112805940605,37625434063,1,Demos Visual Tests,Get changed demos,typescript/filter_builder_draggable_sortable/followups_5275_26_1,cancelled,,https://github.com/DevExpress/DevExtreme/actions/runs/37625434063/job/112805940605
"07.10.26, 13:03:08",112806090993,37625434063,1,Demos Visual Tests,Determine scope for framework tests,typescript/filter_builder_draggable_sortable/followups_5275_26_1,cancelled,,https://github.com/DevExpress/DevExtreme/actions/runs/37625434063/job/112806090993
"07.10.26, 13:03:09",112806092386,37625434063,1,Demos Visual Tests,Determine jQuery test matrix,typescript/filter_builder_draggable_sortable/followups_5275_26_1,cancelled,,https://github.com/DevExpress/DevExtreme/actions/runs/37625434063/job/112806092386
"07.10.26, 13:03:09",112806093672,37625434063,1,Demos Visual Tests,Build DevExtreme,typescript/filter_builder_draggable_sortable/followups_5275_26_1,cancelled,,https://github.com/DevExpress/DevExtreme/actions/runs/37625434063/job/112806093672
"07.10.26, 13:03:09",112806097277,37625434063,1,Demos Visual Tests,CSP check (jQuery),typescript/filter_builder_draggable_sortable/followups_5275_26_1,cancelled,,https://github.com/DevExpress/DevExtreme/actions/runs/37625434063/job/112806097277
"07.10.26, 13:03:09",112806097875,37625434063,1,Demos Visual Tests,${{ matrix.CONSTEL }}-${{ matrix.STRATEGY }}-${{ matrix.THEME }},typescript/filter_builder_draggable_sortable/followups_5275_26_1,cancelled,,https://github.com/DevExpress/DevExtreme/actions/runs/37625434063/job/112806097875
"07.10.26, 13:03:09",112806098055,37625434063,1,Demos Visual Tests,Check generated demos,typescript/filter_builder_draggable_sortable/followups_5275_26_1,cancelled,,https://github.com/DevExpress/DevExtreme/actions/runs/37625434063/job/112806098055
"07.10.26, 13:03:09",112806098131,37625434063,1,Demos Visual Tests,Check TS and lint code base,typescript/filter_builder_draggable_sortable/followups_5275_26_1,cancelled,,https://github.com/DevExpress/DevExtreme/actions/runs/37625434063/job/112806098131
"07.10.26, 13:03:09",112806098331,37625434063,1,Demos Visual Tests,"matrix.SHARD_TOTAL == 1 && format('CSP check ({0})', matrix.FRAMEWORK) || format('CSP check ({0} {1}/{2})', matrix.FRAMEWORK, matrix.SHARD_INDEX, matrix.SHARD_TOTAL)",typescript/filter_builder_draggable_sortable/followups_5275_26_1,cancelled,,https://github.com/DevExpress/DevExtreme/actions/runs/37625434063/job/112806098331
"07.10.26, 13:03:09",112806098501,37625434063,1,Demos Visual Tests,"Build vendor bundles (React, Vue)",typescript/filter_builder_draggable_sortable/followups_5275_26_1,cancelled,,https://github.com/DevExpress/DevExtreme/actions/runs/37625434063/job/112806098501
"07.10.26, 13:03:09",112806098697,37625434063,1,Demos Visual Tests,"matrix.SHARD_TOTAL == 1 && format('Build demos ({0})', matrix.FRAMEWORK) || format('Build demos ({0} {1}/{2})', matrix.FRAMEWORK, matrix.SHARD_INDEX, matrix.SHARD_TOTAL)",typescript/filter_builder_draggable_sortable/followups_5275_26_1,cancelled,,https://github.com/DevExpress/DevExtreme/actions/runs/37625434063/job/112806098697
"07.10.26, 13:03:09",112806098794,37625434063,1,Demos Visual Tests,Check generated demos (changed only),typescript/filter_builder_draggable_sortable/followups_5275_26_1,cancelled,,https://github.com/DevExpress/DevExtreme/actions/runs/37625434063/job/112806098794
"07.10.26, 13:03:10",112806099553,37625434063,1,Demos Visual Tests,CSP Violations Summary,typescript/filter_builder_draggable_sortable/followups_5275_26_1,cancelled,,https://github.com/DevExpress/DevExtreme/actions/runs/37625434063/job/112806099553
"07.10.26, 13:03:10",112806100782,37625434063,1,Demos Visual Tests,${{ matrix.CONSTEL }}-screenshots-${{ matrix.THEME }},typescript/filter_builder_draggable_sortable/followups_5275_26_1,cancelled,,https://github.com/DevExpress/DevExtreme/actions/runs/37625434063/job/112806100782
"07.10.26, 13:03:10",112806100814,37625434063,1,Demos Visual Tests,${{ matrix.CONSTEL }}-screenshots-${{ matrix.THEME }},typescript/filter_builder_draggable_sortable/followups_5275_26_1,cancelled,,https://github.com/DevExpress/DevExtreme/actions/runs/37625434063/job/112806100814
"07.10.26, 13:03:10",112806101570,37625434063,1,Demos Visual Tests,merge-artifacts,typescript/filter_builder_draggable_sortable/followups_5275_26_1,cancelled,,https://github.com/DevExpress/DevExtreme/actions/runs/37625434063/job/112806101570
"07.10.26, 13:09:47",112808984269,37625391748,1,Demos Visual Tests,CSP check (Angular 3/3),26_1,failure,,https://github.com/DevExpress/DevExtreme/actions/runs/37625391748/job/112808984269
"07.10.26, 12:56:55",112803428463,37624668317,1,Demos Visual Tests,Build DevExtreme,typescript/filter_builder_draggable_sortable/followups_5275,cancelled,DevExtreme - Build-all,https://github.com/DevExpress/DevExtreme/actions/runs/37624668317/job/112803428463
"07.10.26, 13:00:15",112804833941,37624668317,1,Demos Visual Tests,"matrix.SHARD_TOTAL == 1 && format('CSP check ({0})', matrix.FRAMEWORK) || format('CSP check ({0} {1}/{2})', matrix.FRAMEWORK, matrix.SHARD_INDEX, matrix.SHARD_TOTAL)",typescript/filter_builder_draggable_sortable/followups_5275,cancelled,,https://github.com/DevExpress/DevExtreme/actions/runs/37624668317/job/112804833941
"07.10.26, 13:00:15",112804833999,37624668317,1,Demos Visual Tests,CSP check (jQuery),typescript/filter_builder_draggable_sortable/followups_5275,cancelled,,https://github.com/DevExpress/DevExtreme/actions/runs/37624668317/job/112804833999
"07.10.26, 13:00:15",112804834134,37624668317,1,Demos Visual Tests,"Build vendor bundles (React, Vue)",typescript/filter_builder_draggable_sortable/followups_5275,cancelled,,https://github.com/DevExpress/DevExtreme/actions/runs/37624668317/job/112804834134
"07.10.26, 13:00:15",112804834535,37624668317,1,Demos Visual Tests,Check TS and lint code base,typescript/filter_builder_draggable_sortable/followups_5275,cancelled,,https://github.com/DevExpress/DevExtreme/actions/runs/37624668317/job/112804834535
"07.10.26, 13:00:15",112804834712,37624668317,1,Demos Visual Tests,Check generated demos,typescript/filter_builder_draggable_sortable/followups_5275,cancelled,,https://github.com/DevExpress/DevExtreme/actions/runs/37624668317/job/112804834712
"07.10.26, 13:00:15",112804835269,37624668317,1,Demos Visual Tests,${{ matrix.CONSTEL }}-${{ matrix.STRATEGY }}-${{ matrix.THEME }},typescript/filter_builder_draggable_sortable/followups_5275,cancelled,,https://github.com/DevExpress/DevExtreme/actions/runs/37624668317/job/112804835269
"07.10.26, 13:00:16",112804840093,37624668317,1,Demos Visual Tests,"matrix.SHARD_TOTAL == 1 && format('Build demos ({0})', matrix.FRAMEWORK) || format('Build demos ({0} {1}/{2})', matrix.FRAMEWORK, matrix.SHARD_INDEX, matrix.SHARD_TOTAL)",typescript/filter_builder_draggable_sortable/followups_5275,cancelled,,https://github.com/DevExpress/DevExtreme/actions/runs/37624668317/job/112804840093
"07.10.26, 13:00:16",112804840237,37624668317,1,Demos Visual Tests,CSP Violations Summary,typescript/filter_builder_draggable_sortable/followups_5275,cancelled,,https://github.com/DevExpress/DevExtreme/actions/runs/37624668317/job/112804840237
"07.10.26, 13:00:17",112804843803,37624668317,1,Demos Visual Tests,${{ matrix.CONSTEL }}-screenshots-${{ matrix.THEME }},typescript/filter_builder_draggable_sortable/followups_5275,cancelled,,https://github.com/DevExpress/DevExtreme/actions/runs/37624668317/job/112804843803
"07.10.26, 13:00:17",112804847938,37624668317,1,Demos Visual Tests,merge-artifacts,typescript/filter_builder_draggable_sortable/followups_5275,cancelled,,https://github.com/DevExpress/DevExtreme/actions/runs/37624668317/job/112804847938
"07.10.26, 12:42:29",112797477138,37622864036,1,Demos Visual Tests,Build DevExtreme,const_columns_view_26_1,failure,DevExtreme - Build,https://github.com/DevExpress/DevExtreme/actions/runs/37622864036/job/112797477138
"07.10.26, 12:47:16",112799452805,37622553146,1,Demos Visual Tests,react(3/3)-screenshots-fluent.blue.light,scss/icon-fonts-eula-attribution,failure,,https://github.com/DevExpress/DevExtreme/actions/runs/37622553146/job/112799452805
"07.10.26, 11:49:18",112776605674,37615159121,1,Demos Visual Tests,CSP check (Angular 3/3),typescript/filter_builder_draggable_sortable/followups_5275,failure,Setup Chrome,https://github.com/DevExpress/DevExtreme/actions/runs/37615159121/job/112776605674
"07.10.26, 11:38:16",112772475322,37614384961,1,Demos Visual Tests,CSP check (Vue 2/2),26_1,failure,,https://github.com/DevExpress/DevExtreme/actions/runs/37614384961/job/112772475322
"07.10.26, 11:45:42",112775249462,37614327657,1,Demos Visual Tests,vue(2/5)-screenshots-fluent.blue.light,fix_eslint_n_types_26_2,failure,,https://github.com/DevExpress/DevExtreme/actions/runs/37614327657/job/112775249462
"07.10.26, 11:35:36",112771479850,37614044795,1,Demos Visual Tests,jquery-accessibility-material.blue.dark,grids_type_grid_core_m_utils_26_2,failure,,https://github.com/DevExpress/DevExtreme/actions/runs/37614044795/job/112771479850
"07.10.26, 11:46:31",112775558926,37614037384,1,Demos Visual Tests,vue(5/5)-screenshots-fluent.blue.light,main_fix-anti-forgery,cancelled,Run TestCafe tests,https://github.com/DevExpress/DevExtreme/actions/runs/37614037384/job/112775558926
"07.10.26, 11:46:31",112775558930,37614037384,1,Demos Visual Tests,angular(2/10)-screenshots-fluent.blue.light,main_fix-anti-forgery,cancelled,Run TestCafe tests,https://github.com/DevExpress/DevExtreme/actions/runs/37614037384/job/112775558930
"07.10.26, 11:56:20",112779228602,37614037384,1,Demos Visual Tests,merge-artifacts,main_fix-anti-forgery,cancelled,,https://github.com/DevExpress/DevExtreme/actions/runs/37614037384/job/112779228602
"07.10.26, 11:36:21",112771765880,37613655043,1,Demos Visual Tests,angular(1/10)-screenshots-fluent.blue.light,gh-readonly-queue/main/pr-35528-0ec33209788bc424b851d8d74a5e6576807fa555,failure,Setup Chrome,https://github.com/DevExpress/DevExtreme/actions/runs/37613655043/job/112771765880
"07.10.26, 11:12:16",112762867589,37611184901,1,Demos Visual Tests,vue(5/5)-screenshots-fluent.blue.light,26_1,failure,Run TestCafe tests,https://github.com/DevExpress/DevExtreme/actions/runs/37611184901/job/112762867589
"07.10.26, 10:39:46",112750987951,37608875426,1,Demos Visual Tests,Check if tests should run,fix/security-alerts,cancelled,,https://github.com/DevExpress/DevExtreme/actions/runs/37608875426/job/112750987951
"07.10.26, 10:39:47",112750993835,37608875426,1,Demos Visual Tests,Build DevExtreme,fix/security-alerts,cancelled,,https://github.com/DevExpress/DevExtreme/actions/runs/37608875426/job/112750993835
"07.10.26, 10:39:47",112750994832,37608875426,1,Demos Visual Tests,"Build vendor bundles (React, Vue)",fix/security-alerts,cancelled,,https://github.com/DevExpress/DevExtreme/actions/runs/37608875426/job/112750994832
"07.10.26, 10:39:47",112750995265,37608875426,1,Demos Visual Tests,CSP check (jQuery),fix/security-alerts,cancelled,,https://github.com/DevExpress/DevExtreme/actions/runs/37608875426/job/112750995265
"07.10.26, 10:39:47",112750995278,37608875426,1,Demos Visual Tests,"matrix.SHARD_TOTAL == 1 && format('CSP check ({0})', matrix.FRAMEWORK) || format('CSP check ({0} {1}/{2})', matrix.FRAMEWORK, matrix.SHARD_INDEX, matrix.SHARD_TOTAL)",fix/security-alerts,cancelled,,https://github.com/DevExpress/DevExtreme/actions/runs/37608875426/job/112750995278
"07.10.26, 10:39:47",112750995509,37608875426,1,Demos Visual Tests,Check TS and lint code base,fix/security-alerts,cancelled,,https://github.com/DevExpress/DevExtreme/actions/runs/37608875426/job/112750995509
"07.10.26, 10:39:47",112750995517,37608875426,1,Demos Visual Tests,${{ matrix.CONSTEL }}-${{ matrix.STRATEGY }}-${{ matrix.THEME }},fix/security-alerts,cancelled,,https://github.com/DevExpress/DevExtreme/actions/runs/37608875426/job/112750995517
"07.10.26, 10:39:47",112750995718,37608875426,1,Demos Visual Tests,CSP Violations Summary,fix/security-alerts,cancelled,,https://github.com/DevExpress/DevExtreme/actions/runs/37608875426/job/112750995718
"07.10.26, 10:39:47",112750996082,37608875426,1,Demos Visual Tests,Check generated demos,fix/security-alerts,cancelled,,https://github.com/DevExpress/DevExtreme/actions/runs/37608875426/job/112750996082
"07.10.26, 10:39:47",112750996362,37608875426,1,Demos Visual Tests,"matrix.SHARD_TOTAL == 1 && format('Build demos ({0})', matrix.FRAMEWORK) || format('Build demos ({0} {1}/{2})', matrix.FRAMEWORK, matrix.SHARD_INDEX, matrix.SHARD_TOTAL)",fix/security-alerts,cancelled,,https://github.com/DevExpress/DevExtreme/actions/runs/37608875426/job/112750996362
"07.10.26, 10:39:47",112750996827,37608875426,1,Demos Visual Tests,${{ matrix.CONSTEL }}-screenshots-${{ matrix.THEME }},fix/security-alerts,cancelled,,https://github.com/DevExpress/DevExtreme/actions/runs/37608875426/job/112750996827
"07.10.26, 10:39:47",112750997570,37608875426,1,Demos Visual Tests,merge-artifacts,fix/security-alerts,cancelled,,https://github.com/DevExpress/DevExtreme/actions/runs/37608875426/job/112750997570
"07.10.26, 10:49:59",112754647230,37607000260,1,Demos Visual Tests,CSP check (Angular 1/3),26_1,failure,,https://github.com/DevExpress/DevExtreme/actions/runs/37607000260/job/112754647230
"07.10.26, 10:02:29",112737296540,37604681752,1,Demos Visual Tests,Build DevExtreme,fix/security-alerts,failure,,https://github.com/DevExpress/DevExtreme/actions/runs/37604681752/job/112737296540
"07.10.26, 09:58:16",112735687256,37604181696,1,Demos Visual Tests,Build DevExtreme,26_1,failure,,https://github.com/DevExpress/DevExtreme/actions/runs/37604181696/job/112735687256
"07.10.26, 09:54:14",112734215504,37603689055,1,Demos Visual Tests,Build DevExtreme,refactor/type-data-source-adapter-26_1,cancelled,,https://github.com/DevExpress/DevExtreme/actions/runs/37603689055/job/112734215504
"07.10.26, 09:56:09",112734915848,37603689055,1,Demos Visual Tests,"Build vendor bundles (React, Vue)",refactor/type-data-source-adapter-26_1,cancelled,,https://github.com/DevExpress/DevExtreme/actions/runs/37603689055/job/112734915848
"07.10.26, 09:56:09",112734916164,37603689055,1,Demos Visual Tests,CSP check (jQuery),refactor/type-data-source-adapter-26_1,cancelled,,https://github.com/DevExpress/DevExtreme/actions/runs/37603689055/job/112734916164
"07.10.26, 09:56:09",112734916450,37603689055,1,Demos Visual Tests,"matrix.SHARD_TOTAL == 1 && format('CSP check ({0})', matrix.FRAMEWORK) || format('CSP check ({0} {1}/{2})', matrix.FRAMEWORK, matrix.SHARD_INDEX, matrix.SHARD_TOTAL)",refactor/type-data-source-adapter-26_1,cancelled,,https://github.com/DevExpress/DevExtreme/actions/runs/37603689055/job/112734916450
"07.10.26, 09:56:09",112734916480,37603689055,1,Demos Visual Tests,${{ matrix.CONSTEL }}-${{ matrix.STRATEGY }}-${{ matrix.THEME }},refactor/type-data-source-adapter-26_1,cancelled,,https://github.com/DevExpress/DevExtreme/actions/runs/37603689055/job/112734916480
"07.10.26, 09:56:09",112734916680,37603689055,1,Demos Visual Tests,Check TS and lint code base,refactor/type-data-source-adapter-26_1,cancelled,,https://github.com/DevExpress/DevExtreme/actions/runs/37603689055/job/112734916680
"07.10.26, 09:56:09",112734916737,37603689055,1,Demos Visual Tests,Check generated demos,refactor/type-data-source-adapter-26_1,cancelled,,https://github.com/DevExpress/DevExtreme/actions/runs/37603689055/job/112734916737
"07.10.26, 09:56:09",112734916770,37603689055,1,Demos Visual Tests,"matrix.SHARD_TOTAL == 1 && format('Build demos ({0})', matrix.FRAMEWORK) || format('Build demos ({0} {1}/{2})', matrix.FRAMEWORK, matrix.SHARD_INDEX, matrix.SHARD_TOTAL)",refactor/type-data-source-adapter-26_1,cancelled,,https://github.com/DevExpress/DevExtreme/actions/runs/37603689055/job/112734916770
"07.10.26, 09:56:09",112734916799,37603689055,1,Demos Visual Tests,Check generated demos (changed only),refactor/type-data-source-adapter-26_1,cancelled,,https://github.com/DevExpress/DevExtreme/actions/runs/37603689055/job/112734916799
"07.10.26, 09:56:09",112734917865,37603689055,1,Demos Visual Tests,CSP Violations Summary,refactor/type-data-source-adapter-26_1,cancelled,,https://github.com/DevExpress/DevExtreme/actions/runs/37603689055/job/112734917865
"07.10.26, 09:56:09",112734917955,37603689055,1,Demos Visual Tests,${{ matrix.CONSTEL }}-screenshots-${{ matrix.THEME }},refactor/type-data-source-adapter-26_1,cancelled,,https://github.com/DevExpress/DevExtreme/actions/runs/37603689055/job/112734917955
"07.10.26, 09:56:09",112734918287,37603689055,1,Demos Visual Tests,${{ matrix.CONSTEL }}-screenshots-${{ matrix.THEME }},refactor/type-data-source-adapter-26_1,cancelled,,https://github.com/DevExpress/DevExtreme/actions/runs/37603689055/job/112734918287
"07.10.26, 09:56:09",112734918468,37603689055,1,Demos Visual Tests,merge-artifacts,refactor/type-data-source-adapter-26_1,cancelled,,https://github.com/DevExpress/DevExtreme/actions/runs/37603689055/job/112734918468
"07.10.26, 09:52:43",112733654271,37603583361,1,Demos Visual Tests,Build DevExtreme,refactor/type-data-source-adapter-main,cancelled,,https://github.com/DevExpress/DevExtreme/actions/runs/37603583361/job/112733654271
"07.10.26, 09:55:30",112734678489,37603583361,1,Demos Visual Tests,"matrix.SHARD_TOTAL == 1 && format('CSP check ({0})', matrix.FRAMEWORK) || format('CSP check ({0} {1}/{2})', matrix.FRAMEWORK, matrix.SHARD_INDEX, matrix.SHARD_TOTAL)",refactor/type-data-source-adapter-main,cancelled,,https://github.com/DevExpress/DevExtreme/actions/runs/37603583361/job/112734678489
"07.10.26, 09:55:30",112734678552,37603583361,1,Demos Visual Tests,CSP check (jQuery),refactor/type-data-source-adapter-main,cancelled,,https://github.com/DevExpress/DevExtreme/actions/runs/37603583361/job/112734678552
"07.10.26, 09:55:30",112734678661,37603583361,1,Demos Visual Tests,Check TS and lint code base,refactor/type-data-source-adapter-main,cancelled,,https://github.com/DevExpress/DevExtreme/actions/runs/37603583361/job/112734678661
"07.10.26, 09:55:30",112734678730,37603583361,1,Demos Visual Tests,${{ matrix.CONSTEL }}-${{ matrix.STRATEGY }}-${{ matrix.THEME }},refactor/type-data-source-adapter-main,cancelled,,https://github.com/DevExpress/DevExtreme/actions/runs/37603583361/job/112734678730
"07.10.26, 09:55:30",112734678769,37603583361,1,Demos Visual Tests,Check generated demos,refactor/type-data-source-adapter-main,cancelled,,https://github.com/DevExpress/DevExtreme/actions/runs/37603583361/job/112734678769
"07.10.26, 09:55:30",112734678789,37603583361,1,Demos Visual Tests,"Build vendor bundles (React, Vue)",refactor/type-data-source-adapter-main,cancelled,,https://github.com/DevExpress/DevExtreme/actions/runs/37603583361/job/112734678789
"07.10.26, 09:55:30",112734679615,37603583361,1,Demos Visual Tests,"matrix.SHARD_TOTAL == 1 && format('Build demos ({0})', matrix.FRAMEWORK) || format('Build demos ({0} {1}/{2})', matrix.FRAMEWORK, matrix.SHARD_INDEX, matrix.SHARD_TOTAL)",refactor/type-data-source-adapter-main,cancelled,,https://github.com/DevExpress/DevExtreme/actions/runs/37603583361/job/112734679615
"07.10.26, 09:55:30",112734680317,37603583361,1,Demos Visual Tests,CSP Violations Summary,refactor/type-data-source-adapter-main,cancelled,,https://github.com/DevExpress/DevExtreme/actions/runs/37603583361/job/112734680317
"07.10.26, 09:55:30",112734680651,37603583361,1,Demos Visual Tests,${{ matrix.CONSTEL }}-screenshots-${{ matrix.THEME }},refactor/type-data-source-adapter-main,cancelled,,https://github.com/DevExpress/DevExtreme/actions/runs/37603583361/job/112734680651
"07.10.26, 09:55:30",112734681658,37603583361,1,Demos Visual Tests,merge-artifacts,refactor/type-data-source-adapter-main,cancelled,,https://github.com/DevExpress/DevExtreme/actions/runs/37603583361/job/112734681658
"07.10.26, 10:02:55",112737451968,37602451879,1,Demos Visual Tests,jquery(2/3)-screenshots-material.blue.light,typescript/filter_builder_draggable_sortable/followups_5275_26_1,failure,,https://github.com/DevExpress/DevExtreme/actions/runs/37602451879/job/112737451968
"07.10.26, 10:02:55",112737452022,37602451879,1,Demos Visual Tests,jquery-accessibility-fluent.blue.light,typescript/filter_builder_draggable_sortable/followups_5275_26_1,failure,,https://github.com/DevExpress/DevExtreme/actions/runs/37602451879/job/112737452022
"07.10.26, 10:02:44",112737385589,37602254734,1,Demos Visual Tests,CSP check (Angular 1/3),typescript/filter_builder_draggable_sortable/followups_5275,failure,,https://github.com/DevExpress/DevExtreme/actions/runs/37602254734/job/112737385589
"07.10.26, 10:02:44",112737385749,37602254734,1,Demos Visual Tests,CSP check (Vue 1/2),typescript/filter_builder_draggable_sortable/followups_5275,failure,,https://github.com/DevExpress/DevExtreme/actions/runs/37602254734/job/112737385749
"07.10.26, 09:53:49",112734062840,37597537345,1,Demos Visual Tests,react(1/3)-screenshots-fluent.blue.light,type_columns_view_main,cancelled,Run TestCafe tests,https://github.com/DevExpress/DevExtreme/actions/runs/37597537345/job/112734062840
"07.10.26, 09:53:49",112734062843,37597537345,1,Demos Visual Tests,angular(1/10)-screenshots-fluent.blue.light,type_columns_view_main,cancelled,Run TestCafe tests,https://github.com/DevExpress/DevExtreme/actions/runs/37597537345/job/112734062843
"07.10.26, 09:53:49",112734062856,37597537345,1,Demos Visual Tests,angular(4/10)-screenshots-fluent.blue.light,type_columns_view_main,cancelled,,https://github.com/DevExpress/DevExtreme/actions/runs/37597537345/job/112734062856
"07.10.26, 09:53:49",112734062892,37597537345,1,Demos Visual Tests,angular(6/10)-screenshots-fluent.blue.light,type_columns_view_main,cancelled,Run TestCafe tests,https://github.com/DevExpress/DevExtreme/actions/runs/37597537345/job/112734062892
"07.10.26, 09:53:49",112734062920,37597537345,1,Demos Visual Tests,angular(10/10)-screenshots-fluent.blue.light,type_columns_view_main,cancelled,,https://github.com/DevExpress/DevExtreme/actions/runs/37597537345/job/112734062920
"07.10.26, 09:53:49",112734062930,37597537345,1,Demos Visual Tests,vue(4/5)-screenshots-fluent.blue.light,type_columns_view_main,cancelled,Run TestCafe tests,https://github.com/DevExpress/DevExtreme/actions/runs/37597537345/job/112734062930
"07.10.26, 09:53:49",112734062931,37597537345,1,Demos Visual Tests,angular(9/10)-screenshots-fluent.blue.light,type_columns_view_main,cancelled,Run TestCafe tests,https://github.com/DevExpress/DevExtreme/actions/runs/37597537345/job/112734062931
"07.10.26, 09:53:49",112734062934,37597537345,1,Demos Visual Tests,angular(8/10)-screenshots-fluent.blue.light,type_columns_view_main,cancelled,,https://github.com/DevExpress/DevExtreme/actions/runs/37597537345/job/112734062934
"07.10.26, 09:53:49",112734062936,37597537345,1,Demos Visual Tests,react(3/3)-screenshots-fluent.blue.light,type_columns_view_main,cancelled,Run TestCafe tests,https://github.com/DevExpress/DevExtreme/actions/runs/37597537345/job/112734062936
"07.10.26, 09:53:49",112734062944,37597537345,1,Demos Visual Tests,angular(5/10)-screenshots-fluent.blue.light,type_columns_view_main,cancelled,Run TestCafe tests,https://github.com/DevExpress/DevExtreme/actions/runs/37597537345/job/112734062944
"07.10.26, 09:53:49",112734062946,37597537345,1,Demos Visual Tests,vue(1/5)-screenshots-fluent.blue.light,type_columns_view_main,cancelled,Run TestCafe tests,https://github.com/DevExpress/DevExtreme/actions/runs/37597537345/job/112734062946
"07.10.26, 09:53:49",112734062948,37597537345,1,Demos Visual Tests,vue(2/5)-screenshots-fluent.blue.light,type_columns_view_main,cancelled,Run TestCafe tests,https://github.com/DevExpress/DevExtreme/actions/runs/37597537345/job/112734062948
"07.10.26, 09:53:49",112734062983,37597537345,1,Demos Visual Tests,vue(3/5)-screenshots-fluent.blue.light,type_columns_view_main,cancelled,Run TestCafe tests,https://github.com/DevExpress/DevExtreme/actions/runs/37597537345/job/112734062983
"07.10.26, 09:53:49",112734062989,37597537345,1,Demos Visual Tests,angular(7/10)-screenshots-fluent.blue.light,type_columns_view_main,cancelled,,https://github.com/DevExpress/DevExtreme/actions/runs/37597537345/job/112734062989
"07.10.26, 09:53:49",112734063006,37597537345,1,Demos Visual Tests,vue(5/5)-screenshots-fluent.blue.light,type_columns_view_main,cancelled,Run TestCafe tests,https://github.com/DevExpress/DevExtreme/actions/runs/37597537345/job/112734063006
"07.10.26, 09:53:49",112734063017,37597537345,1,Demos Visual Tests,angular(3/10)-screenshots-fluent.blue.light,type_columns_view_main,cancelled,Run TestCafe tests,https://github.com/DevExpress/DevExtreme/actions/runs/37597537345/job/112734063017
"07.10.26, 09:53:49",112734063067,37597537345,1,Demos Visual Tests,react(2/3)-screenshots-fluent.blue.light,type_columns_view_main,cancelled,Run TestCafe tests,https://github.com/DevExpress/DevExtreme/actions/runs/37597537345/job/112734063067
"07.10.26, 09:53:49",112734063175,37597537345,1,Demos Visual Tests,angular(2/10)-screenshots-fluent.blue.light,type_columns_view_main,cancelled,Run TestCafe tests,https://github.com/DevExpress/DevExtreme/actions/runs/37597537345/job/112734063175
"07.10.26, 10:05:05",112738271117,37597537345,1,Demos Visual Tests,merge-artifacts,type_columns_view_main,cancelled,,https://github.com/DevExpress/DevExtreme/actions/runs/37597537345/job/112738271117
"07.10.26, 09:18:17",112720715721,37597394746,1,Demos Visual Tests,jquery-accessibility-material.blue.light,fix/26-1-security-alerts,failure,,https://github.com/DevExpress/DevExtreme/actions/runs/37597394746/job/112720715721
"07.10.26, 09:58:17",112735691614,37597224443,1,Demos Visual Tests,angular(1/10)-screenshots-fluent.blue.light,fix/security-alerts,cancelled,,https://github.com/DevExpress/DevExtreme/actions/runs/37597224443/job/112735691614
"07.10.26, 09:58:17",112735691630,37597224443,1,Demos Visual Tests,react(2/3)-screenshots-fluent.blue.light,fix/security-alerts,cancelled,,https://github.com/DevExpress/DevExtreme/actions/runs/37597224443/job/112735691630
"07.10.26, 09:58:17",112735691639,37597224443,1,Demos Visual Tests,vue(3/5)-screenshots-fluent.blue.light,fix/security-alerts,cancelled,,https://github.com/DevExpress/DevExtreme/actions/runs/37597224443/job/112735691639
"07.10.26, 09:58:17",112735691668,37597224443,1,Demos Visual Tests,vue(4/5)-screenshots-fluent.blue.light,fix/security-alerts,cancelled,,https://github.com/DevExpress/DevExtreme/actions/runs/37597224443/job/112735691668
"07.10.26, 09:58:17",112735691669,37597224443,1,Demos Visual Tests,angular(10/10)-screenshots-fluent.blue.light,fix/security-alerts,cancelled,,https://github.com/DevExpress/DevExtreme/actions/runs/37597224443/job/112735691669
"07.10.26, 09:58:17",112735691678,37597224443,1,Demos Visual Tests,react(1/3)-screenshots-fluent.blue.light,fix/security-alerts,cancelled,,https://github.com/DevExpress/DevExtreme/actions/runs/37597224443/job/112735691678
"07.10.26, 09:58:17",112735691711,37597224443,1,Demos Visual Tests,angular(3/10)-screenshots-fluent.blue.light,fix/security-alerts,cancelled,,https://github.com/DevExpress/DevExtreme/actions/runs/37597224443/job/112735691711
"07.10.26, 09:58:17",112735691712,37597224443,1,Demos Visual Tests,vue(2/5)-screenshots-fluent.blue.light,fix/security-alerts,cancelled,,https://github.com/DevExpress/DevExtreme/actions/runs/37597224443/job/112735691712
"07.10.26, 09:58:17",112735691719,37597224443,1,Demos Visual Tests,react(3/3)-screenshots-fluent.blue.light,fix/security-alerts,cancelled,,https://github.com/DevExpress/DevExtreme/actions/runs/37597224443/job/112735691719
"07.10.26, 09:58:17",112735691723,37597224443,1,Demos Visual Tests,vue(1/5)-screenshots-fluent.blue.light,fix/security-alerts,cancelled,,https://github.com/DevExpress/DevExtreme/actions/runs/37597224443/job/112735691723
"07.10.26, 09:58:17",112735691747,37597224443,1,Demos Visual Tests,vue(5/5)-screenshots-fluent.blue.light,fix/security-alerts,cancelled,,https://github.com/DevExpress/DevExtreme/actions/runs/37597224443/job/112735691747
"07.10.26, 09:58:17",112735691774,37597224443,1,Demos Visual Tests,angular(4/10)-screenshots-fluent.blue.light,fix/security-alerts,cancelled,,https://github.com/DevExpress/DevExtreme/actions/runs/37597224443/job/112735691774
"07.10.26, 09:58:17",112735691788,37597224443,1,Demos Visual Tests,angular(2/10)-screenshots-fluent.blue.light,fix/security-alerts,cancelled,,https://github.com/DevExpress/DevExtreme/actions/runs/37597224443/job/112735691788
"07.10.26, 09:58:17",112735691800,37597224443,1,Demos Visual Tests,angular(8/10)-screenshots-fluent.blue.light,fix/security-alerts,cancelled,,https://github.com/DevExpress/DevExtreme/actions/runs/37597224443/job/112735691800
"07.10.26, 09:58:17",112735691803,37597224443,1,Demos Visual Tests,angular(9/10)-screenshots-fluent.blue.light,fix/security-alerts,cancelled,,https://github.com/DevExpress/DevExtreme/actions/runs/37597224443/job/112735691803
"07.10.26, 09:58:17",112735691856,37597224443,1,Demos Visual Tests,angular(6/10)-screenshots-fluent.blue.light,fix/security-alerts,cancelled,,https://github.com/DevExpress/DevExtreme/actions/runs/37597224443/job/112735691856
"07.10.26, 09:58:17",112735691864,37597224443,1,Demos Visual Tests,angular(7/10)-screenshots-fluent.blue.light,fix/security-alerts,cancelled,,https://github.com/DevExpress/DevExtreme/actions/runs/37597224443/job/112735691864
"07.10.26, 09:58:17",112735691902,37597224443,1,Demos Visual Tests,angular(5/10)-screenshots-fluent.blue.light,fix/security-alerts,cancelled,,https://github.com/DevExpress/DevExtreme/actions/runs/37597224443/job/112735691902
"07.10.26, 10:02:12",112737183502,37597224443,1,Demos Visual Tests,merge-artifacts,fix/security-alerts,cancelled,,https://github.com/DevExpress/DevExtreme/actions/runs/37597224443/job/112737183502
"07.10.26, 09:10:06",112717573260,37597161978,1,Demos Visual Tests,jquery(1/3)-screenshots-fluent.blue.light,typescript/misc/es6_classes_5009,failure,,https://github.com/DevExpress/DevExtreme/actions/runs/37597161978/job/112717573260
"07.10.26, 08:59:38",112713618337,37596394714,1,Demos Visual Tests,CSP check (jQuery),typescript/core/utils_typing_5039_part2_26_1,cancelled,Run CSP Check,https://github.com/DevExpress/DevExtreme/actions/runs/37596394714/job/112713618337
"07.10.26, 09:12:45",112718603667,37596394714,1,Demos Visual Tests,CSP Violations Summary,typescript/core/utils_typing_5039_part2_26_1,cancelled,,https://github.com/DevExpress/DevExtreme/actions/runs/37596394714/job/112718603667
"07.10.26, 09:06:46",112716316165,37596388237,1,Demos Visual Tests,CSP check (jQuery),typescript/core/utils_typing_5039_part2,cancelled,,https://github.com/DevExpress/DevExtreme/actions/runs/37596388237/job/112716316165
"07.10.26, 09:06:46",112716316303,37596388237,1,Demos Visual Tests,Check generated demos,typescript/core/utils_typing_5039_part2,cancelled,,https://github.com/DevExpress/DevExtreme/actions/runs/37596388237/job/112716316303
"07.10.26, 09:06:46",112716316377,37596388237,1,Demos Visual Tests,Check TS and lint code base,typescript/core/utils_typing_5039_part2,cancelled,,https://github.com/DevExpress/DevExtreme/actions/runs/37596388237/job/112716316377
"07.10.26, 09:06:46",112716316467,37596388237,1,Demos Visual Tests,"Build vendor bundles (React, Vue)",typescript/core/utils_typing_5039_part2,cancelled,,https://github.com/DevExpress/DevExtreme/actions/runs/37596388237/job/112716316467
"07.10.26, 09:06:46",112716316578,37596388237,1,Demos Visual Tests,CSP check (Vue 2/2),typescript/core/utils_typing_5039_part2,cancelled,,https://github.com/DevExpress/DevExtreme/actions/runs/37596388237/job/112716316578
"07.10.26, 09:06:46",112716316583,37596388237,1,Demos Visual Tests,jquery(2/3)-screenshots-fluent.blue.light,typescript/core/utils_typing_5039_part2,cancelled,,https://github.com/DevExpress/DevExtreme/actions/runs/37596388237/job/112716316583
"07.10.26, 09:06:46",112716316594,37596388237,1,Demos Visual Tests,CSP check (React 2/2),typescript/core/utils_typing_5039_part2,cancelled,,https://github.com/DevExpress/DevExtreme/actions/runs/37596388237/job/112716316594
"07.10.26, 09:06:46",112716316601,37596388237,1,Demos Visual Tests,jquery(3/3)-screenshots-material.blue.light,typescript/core/utils_typing_5039_part2,cancelled,,https://github.com/DevExpress/DevExtreme/actions/runs/37596388237/job/112716316601
"07.10.26, 09:06:46",112716316617,37596388237,1,Demos Visual Tests,CSP check (Angular 2/3),typescript/core/utils_typing_5039_part2,cancelled,,https://github.com/DevExpress/DevExtreme/actions/runs/37596388237/job/112716316617
"07.10.26, 09:06:46",112716316618,37596388237,1,Demos Visual Tests,jquery(1/3)-screenshots-fluent.blue.light,typescript/core/utils_typing_5039_part2,cancelled,,https://github.com/DevExpress/DevExtreme/actions/runs/37596388237/job/112716316618
"07.10.26, 09:06:46",112716316630,37596388237,1,Demos Visual Tests,jquery(1/3)-screenshots-material.blue.light,typescript/core/utils_typing_5039_part2,cancelled,,https://github.com/DevExpress/DevExtreme/actions/runs/37596388237/job/112716316630
"07.10.26, 09:06:46",112716316648,37596388237,1,Demos Visual Tests,CSP check (Angular 1/3),typescript/core/utils_typing_5039_part2,cancelled,,https://github.com/DevExpress/DevExtreme/actions/runs/37596388237/job/112716316648
"07.10.26, 09:06:46",112716316654,37596388237,1,Demos Visual Tests,CSP check (Angular 3/3),typescript/core/utils_typing_5039_part2,cancelled,,https://github.com/DevExpress/DevExtreme/actions/runs/37596388237/job/112716316654
"07.10.26, 09:06:46",112716316688,37596388237,1,Demos Visual Tests,jquery-accessibility-material.blue.dark,typescript/core/utils_typing_5039_part2,cancelled,,https://github.com/DevExpress/DevExtreme/actions/runs/37596388237/job/112716316688
"07.10.26, 09:06:46",112716316703,37596388237,1,Demos Visual Tests,CSP check (React 1/2),typescript/core/utils_typing_5039_part2,cancelled,,https://github.com/DevExpress/DevExtreme/actions/runs/37596388237/job/112716316703
"07.10.26, 09:06:46",112716316722,37596388237,1,Demos Visual Tests,jquery-accessibility-fluent.blue.light,typescript/core/utils_typing_5039_part2,cancelled,,https://github.com/DevExpress/DevExtreme/actions/runs/37596388237/job/112716316722
"07.10.26, 09:06:46",112716316738,37596388237,1,Demos Visual Tests,jquery(2/3)-screenshots-material.blue.light,typescript/core/utils_typing_5039_part2,cancelled,,https://github.com/DevExpress/DevExtreme/actions/runs/37596388237/job/112716316738
"07.10.26, 09:06:46",112716316773,37596388237,1,Demos Visual Tests,CSP check (Vue 1/2),typescript/core/utils_typing_5039_part2,cancelled,,https://github.com/DevExpress/DevExtreme/actions/runs/37596388237/job/112716316773
"07.10.26, 09:06:46",112716316809,37596388237,1,Demos Visual Tests,jquery(3/3)-screenshots-fluent.blue.light,typescript/core/utils_typing_5039_part2,cancelled,,https://github.com/DevExpress/DevExtreme/actions/runs/37596388237/job/112716316809
"07.10.26, 09:06:46",112716316863,37596388237,1,Demos Visual Tests,jquery-accessibility-fluent.blue.dark,typescript/core/utils_typing_5039_part2,cancelled,,https://github.com/DevExpress/DevExtreme/actions/runs/37596388237/job/112716316863
"07.10.26, 09:06:46",112716316867,37596388237,1,Demos Visual Tests,jquery-accessibility-material.blue.light,typescript/core/utils_typing_5039_part2,cancelled,,https://github.com/DevExpress/DevExtreme/actions/runs/37596388237/job/112716316867
"07.10.26, 09:12:10",112718383182,37596388237,1,Demos Visual Tests,"matrix.SHARD_TOTAL == 1 && format('Build demos ({0})', matrix.FRAMEWORK) || format('Build demos ({0} {1}/{2})', matrix.FRAMEWORK, matrix.SHARD_INDEX, matrix.SHARD_TOTAL)",typescript/core/utils_typing_5039_part2,cancelled,,https://github.com/DevExpress/DevExtreme/actions/runs/37596388237/job/112718383182
"07.10.26, 09:12:10",112718383498,37596388237,1,Demos Visual Tests,CSP Violations Summary,typescript/core/utils_typing_5039_part2,cancelled,,https://github.com/DevExpress/DevExtreme/actions/runs/37596388237/job/112718383498
"07.10.26, 09:12:10",112718383930,37596388237,1,Demos Visual Tests,${{ matrix.CONSTEL }}-screenshots-${{ matrix.THEME }},typescript/core/utils_typing_5039_part2,cancelled,,https://github.com/DevExpress/DevExtreme/actions/runs/37596388237/job/112718383930
"07.10.26, 09:12:10",112718384291,37596388237,1,Demos Visual Tests,merge-artifacts,typescript/core/utils_typing_5039_part2,cancelled,,https://github.com/DevExpress/DevExtreme/actions/runs/37596388237/job/112718384291
"07.10.26, 08:58:00",112713013446,37596259535,1,Demos Visual Tests,CSP check (jQuery),fix/26-1-security-alerts,cancelled,,https://github.com/DevExpress/DevExtreme/actions/runs/37596259535/job/112713013446
"07.10.26, 08:58:00",112713013672,37596259535,1,Demos Visual Tests,jquery(1/3)-screenshots-fluent.blue.light,fix/26-1-security-alerts,cancelled,,https://github.com/DevExpress/DevExtreme/actions/runs/37596259535/job/112713013672
"07.10.26, 08:58:00",112713013678,37596259535,1,Demos Visual Tests,jquery(2/3)-screenshots-material.blue.light,fix/26-1-security-alerts,cancelled,,https://github.com/DevExpress/DevExtreme/actions/runs/37596259535/job/112713013678
"07.10.26, 08:58:00",112713013695,37596259535,1,Demos Visual Tests,jquery(2/3)-screenshots-fluent.blue.light,fix/26-1-security-alerts,cancelled,,https://github.com/DevExpress/DevExtreme/actions/runs/37596259535/job/112713013695
"07.10.26, 08:58:00",112713013772,37596259535,1,Demos Visual Tests,jquery(1/3)-screenshots-material.blue.light,fix/26-1-security-alerts,cancelled,,https://github.com/DevExpress/DevExtreme/actions/runs/37596259535/job/112713013772
"07.10.26, 08:58:00",112713013807,37596259535,1,Demos Visual Tests,jquery(3/3)-screenshots-fluent.blue.light,fix/26-1-security-alerts,cancelled,,https://github.com/DevExpress/DevExtreme/actions/runs/37596259535/job/112713013807
"07.10.26, 08:58:00",112713013820,37596259535,1,Demos Visual Tests,jquery-accessibility-material.blue.light,fix/26-1-security-alerts,cancelled,,https://github.com/DevExpress/DevExtreme/actions/runs/37596259535/job/112713013820
"07.10.26, 08:58:00",112713013835,37596259535,1,Demos Visual Tests,jquery-accessibility-fluent.blue.light,fix/26-1-security-alerts,cancelled,,https://github.com/DevExpress/DevExtreme/actions/runs/37596259535/job/112713013835
"07.10.26, 08:58:00",112713013839,37596259535,1,Demos Visual Tests,jquery(3/3)-screenshots-material.blue.light,fix/26-1-security-alerts,cancelled,,https://github.com/DevExpress/DevExtreme/actions/runs/37596259535/job/112713013839
"07.10.26, 08:58:41",112713265044,37596259535,1,Demos Visual Tests,CSP Violations Summary,fix/26-1-security-alerts,cancelled,,https://github.com/DevExpress/DevExtreme/actions/runs/37596259535/job/112713265044
"07.10.26, 08:58:41",112713265431,37596259535,1,Demos Visual Tests,merge-artifacts,fix/26-1-security-alerts,cancelled,,https://github.com/DevExpress/DevExtreme/actions/runs/37596259535/job/112713265431
"07.10.26, 08:52:18",112710896603,37595588501,1,Demos Visual Tests,CSP check (jQuery),typescript/core/class_abstract_5279_26_1,cancelled,Run CSP Check,https://github.com/DevExpress/DevExtreme/actions/runs/37595588501/job/112710896603
"07.10.26, 09:07:45",112716689106,37595588501,1,Demos Visual Tests,CSP Violations Summary,typescript/core/class_abstract_5279_26_1,cancelled,,https://github.com/DevExpress/DevExtreme/actions/runs/37595588501/job/112716689106
"07.10.26, 08:57:07",112712691826,37595575782,1,Demos Visual Tests,Check generated demos,typescript/core/class_abstract_5279,cancelled,Check generated JS demos,https://github.com/DevExpress/DevExtreme/actions/runs/37595575782/job/112712691826
"07.10.26, 08:57:08",112712691905,37595575782,1,Demos Visual Tests,CSP check (jQuery),typescript/core/class_abstract_5279,cancelled,Run CSP Check,https://github.com/DevExpress/DevExtreme/actions/runs/37595575782/job/112712691905
"07.10.26, 08:57:08",112712692152,37595575782,1,Demos Visual Tests,CSP check (React 1/2),typescript/core/class_abstract_5279,cancelled,Run CSP Check,https://github.com/DevExpress/DevExtreme/actions/runs/37595575782/job/112712692152
"07.10.26, 08:57:08",112712692180,37595575782,1,Demos Visual Tests,CSP check (Angular 2/3),typescript/core/class_abstract_5279,cancelled,Run CSP Check,https://github.com/DevExpress/DevExtreme/actions/runs/37595575782/job/112712692180
"07.10.26, 08:57:08",112712692183,37595575782,1,Demos Visual Tests,CSP check (React 2/2),typescript/core/class_abstract_5279,cancelled,Run CSP Check,https://github.com/DevExpress/DevExtreme/actions/runs/37595575782/job/112712692183
"07.10.26, 08:57:08",112712692203,37595575782,1,Demos Visual Tests,CSP check (Angular 1/3),typescript/core/class_abstract_5279,cancelled,Run CSP Check,https://github.com/DevExpress/DevExtreme/actions/runs/37595575782/job/112712692203
"07.10.26, 08:57:08",112712692219,37595575782,1,Demos Visual Tests,jquery(1/3)-screenshots-fluent.blue.light,typescript/core/class_abstract_5279,cancelled,,https://github.com/DevExpress/DevExtreme/actions/runs/37595575782/job/112712692219
"07.10.26, 08:57:08",112712692248,37595575782,1,Demos Visual Tests,jquery(3/3)-screenshots-fluent.blue.light,typescript/core/class_abstract_5279,cancelled,Run TestCafe tests (jQuery),https://github.com/DevExpress/DevExtreme/actions/runs/37595575782/job/112712692248
"07.10.26, 08:57:08",112712692279,37595575782,1,Demos Visual Tests,jquery(2/3)-screenshots-fluent.blue.light,typescript/core/class_abstract_5279,cancelled,Run TestCafe tests (jQuery),https://github.com/DevExpress/DevExtreme/actions/runs/37595575782/job/112712692279
"07.10.26, 08:57:08",112712692288,37595575782,1,Demos Visual Tests,CSP check (Vue 1/2),typescript/core/class_abstract_5279,cancelled,Run CSP Check,https://github.com/DevExpress/DevExtreme/actions/runs/37595575782/job/112712692288
"07.10.26, 08:57:08",112712692305,37595575782,1,Demos Visual Tests,jquery-accessibility-fluent.blue.light,typescript/core/class_abstract_5279,cancelled,Run TestCafe tests (jQuery),https://github.com/DevExpress/DevExtreme/actions/runs/37595575782/job/112712692305
"07.10.26, 08:57:08",112712692308,37595575782,1,Demos Visual Tests,jquery-accessibility-material.blue.dark,typescript/core/class_abstract_5279,cancelled,Run TestCafe tests (jQuery),https://github.com/DevExpress/DevExtreme/actions/runs/37595575782/job/112712692308
"07.10.26, 08:57:08",112712692313,37595575782,1,Demos Visual Tests,CSP check (Vue 2/2),typescript/core/class_abstract_5279,cancelled,Run CSP Check,https://github.com/DevExpress/DevExtreme/actions/runs/37595575782/job/112712692313
"07.10.26, 08:57:08",112712692319,37595575782,1,Demos Visual Tests,jquery(2/3)-screenshots-material.blue.light,typescript/core/class_abstract_5279,cancelled,Run TestCafe tests (jQuery),https://github.com/DevExpress/DevExtreme/actions/runs/37595575782/job/112712692319
"07.10.26, 08:57:08",112712692331,37595575782,1,Demos Visual Tests,jquery(3/3)-screenshots-material.blue.light,typescript/core/class_abstract_5279,cancelled,Run TestCafe tests (jQuery),https://github.com/DevExpress/DevExtreme/actions/runs/37595575782/job/112712692331
"07.10.26, 08:57:08",112712692335,37595575782,1,Demos Visual Tests,jquery-accessibility-fluent.blue.dark,typescript/core/class_abstract_5279,cancelled,Run TestCafe tests (jQuery),https://github.com/DevExpress/DevExtreme/actions/runs/37595575782/job/112712692335
"07.10.26, 08:57:08",112712692338,37595575782,1,Demos Visual Tests,CSP check (Angular 3/3),typescript/core/class_abstract_5279,cancelled,Run CSP Check,https://github.com/DevExpress/DevExtreme/actions/runs/37595575782/job/112712692338
"07.10.26, 08:57:08",112712692342,37595575782,1,Demos Visual Tests,jquery(1/3)-screenshots-material.blue.light,typescript/core/class_abstract_5279,cancelled,Run TestCafe tests (jQuery),https://github.com/DevExpress/DevExtreme/actions/runs/37595575782/job/112712692342
"07.10.26, 08:57:08",112712692400,37595575782,1,Demos Visual Tests,jquery-accessibility-material.blue.light,typescript/core/class_abstract_5279,cancelled,Run TestCafe tests (jQuery),https://github.com/DevExpress/DevExtreme/actions/runs/37595575782/job/112712692400
"07.10.26, 09:02:43",112714796541,37595575782,1,Demos Visual Tests,Build demos (Vue),typescript/core/class_abstract_5279,cancelled,,https://github.com/DevExpress/DevExtreme/actions/runs/37595575782/job/112714796541
"07.10.26, 09:02:43",112714796551,37595575782,1,Demos Visual Tests,Build demos (Angular 2/3),typescript/core/class_abstract_5279,cancelled,,https://github.com/DevExpress/DevExtreme/actions/runs/37595575782/job/112714796551
"07.10.26, 09:02:43",112714796593,37595575782,1,Demos Visual Tests,Build demos (React),typescript/core/class_abstract_5279,cancelled,,https://github.com/DevExpress/DevExtreme/actions/runs/37595575782/job/112714796593
"07.10.26, 09:02:43",112714796626,37595575782,1,Demos Visual Tests,Build demos (Angular 3/3),typescript/core/class_abstract_5279,cancelled,,https://github.com/DevExpress/DevExtreme/actions/runs/37595575782/job/112714796626
"07.10.26, 09:02:43",112714796635,37595575782,1,Demos Visual Tests,Build demos (Angular 1/3),typescript/core/class_abstract_5279,cancelled,,https://github.com/DevExpress/DevExtreme/actions/runs/37595575782/job/112714796635
"07.10.26, 09:06:53",112716358670,37595575782,1,Demos Visual Tests,${{ matrix.CONSTEL }}-screenshots-${{ matrix.THEME }},typescript/core/class_abstract_5279,cancelled,,https://github.com/DevExpress/DevExtreme/actions/runs/37595575782/job/112716358670
"07.10.26, 09:07:59",112716773736,37595575782,1,Demos Visual Tests,merge-artifacts,typescript/core/class_abstract_5279,cancelled,,https://github.com/DevExpress/DevExtreme/actions/runs/37595575782/job/112716773736
"07.10.26, 09:08:00",112716780214,37595575782,1,Demos Visual Tests,CSP Violations Summary,typescript/core/class_abstract_5279,cancelled,,https://github.com/DevExpress/DevExtreme/actions/runs/37595575782/job/112716780214
"07.10.26, 08:42:00",112707032362,37594448026,1,Demos Visual Tests,Check generated demos,fix/security-alerts,cancelled,,https://github.com/DevExpress/DevExtreme/actions/runs/37594448026/job/112707032362
"07.10.26, 08:42:00",112707032609,37594448026,1,Demos Visual Tests,CSP check (Vue 1/2),fix/security-alerts,cancelled,,https://github.com/DevExpress/DevExtreme/actions/runs/37594448026/job/112707032609
"07.10.26, 08:42:00",112707032621,37594448026,1,Demos Visual Tests,jquery(3/3)-screenshots-material.blue.light,fix/security-alerts,cancelled,,https://github.com/DevExpress/DevExtreme/actions/runs/37594448026/job/112707032621
"07.10.26, 08:42:00",112707032792,37594448026,1,Demos Visual Tests,jquery(1/3)-screenshots-fluent.blue.light,fix/security-alerts,cancelled,,https://github.com/DevExpress/DevExtreme/actions/runs/37594448026/job/112707032792
"07.10.26, 08:42:00",112707032821,37594448026,1,Demos Visual Tests,jquery(3/3)-screenshots-fluent.blue.light,fix/security-alerts,cancelled,,https://github.com/DevExpress/DevExtreme/actions/runs/37594448026/job/112707032821
"07.10.26, 08:52:18",112710893195,37594448026,1,Demos Visual Tests,react(3/3)-screenshots-fluent.blue.light,fix/security-alerts,cancelled,,https://github.com/DevExpress/DevExtreme/actions/runs/37594448026/job/112710893195
"07.10.26, 08:52:18",112710893209,37594448026,1,Demos Visual Tests,angular(1/10)-screenshots-fluent.blue.light,fix/security-alerts,cancelled,,https://github.com/DevExpress/DevExtreme/actions/runs/37594448026/job/112710893209
"07.10.26, 08:52:18",112710893210,37594448026,1,Demos Visual Tests,vue(4/5)-screenshots-fluent.blue.light,fix/security-alerts,cancelled,,https://github.com/DevExpress/DevExtreme/actions/runs/37594448026/job/112710893210
"07.10.26, 08:52:18",112710893240,37594448026,1,Demos Visual Tests,react(2/3)-screenshots-fluent.blue.light,fix/security-alerts,cancelled,,https://github.com/DevExpress/DevExtreme/actions/runs/37594448026/job/112710893240
"07.10.26, 08:52:18",112710893242,37594448026,1,Demos Visual Tests,react(1/3)-screenshots-fluent.blue.light,fix/security-alerts,cancelled,,https://github.com/DevExpress/DevExtreme/actions/runs/37594448026/job/112710893242
"07.10.26, 08:52:18",112710893251,37594448026,1,Demos Visual Tests,angular(6/10)-screenshots-fluent.blue.light,fix/security-alerts,cancelled,Install dependencies,https://github.com/DevExpress/DevExtreme/actions/runs/37594448026/job/112710893251
"07.10.26, 08:52:18",112710893267,37594448026,1,Demos Visual Tests,vue(1/5)-screenshots-fluent.blue.light,fix/security-alerts,cancelled,,https://github.com/DevExpress/DevExtreme/actions/runs/37594448026/job/112710893267
"07.10.26, 08:52:18",112710893270,37594448026,1,Demos Visual Tests,angular(2/10)-screenshots-fluent.blue.light,fix/security-alerts,cancelled,,https://github.com/DevExpress/DevExtreme/actions/runs/37594448026/job/112710893270
"07.10.26, 08:52:18",112710893287,37594448026,1,Demos Visual Tests,vue(3/5)-screenshots-fluent.blue.light,fix/security-alerts,cancelled,,https://github.com/DevExpress/DevExtreme/actions/runs/37594448026/job/112710893287
"07.10.26, 08:52:18",112710893297,37594448026,1,Demos Visual Tests,angular(4/10)-screenshots-fluent.blue.light,fix/security-alerts,cancelled,,https://github.com/DevExpress/DevExtreme/actions/runs/37594448026/job/112710893297
"07.10.26, 08:52:18",112710893299,37594448026,1,Demos Visual Tests,angular(7/10)-screenshots-fluent.blue.light,fix/security-alerts,cancelled,,https://github.com/DevExpress/DevExtreme/actions/runs/37594448026/job/112710893299
"07.10.26, 08:52:18",112710893305,37594448026,1,Demos Visual Tests,angular(5/10)-screenshots-fluent.blue.light,fix/security-alerts,cancelled,,https://github.com/DevExpress/DevExtreme/actions/runs/37594448026/job/112710893305
"07.10.26, 08:52:18",112710893324,37594448026,1,Demos Visual Tests,angular(3/10)-screenshots-fluent.blue.light,fix/security-alerts,cancelled,,https://github.com/DevExpress/DevExtreme/actions/runs/37594448026/job/112710893324
"07.10.26, 08:52:18",112710893342,37594448026,1,Demos Visual Tests,angular(9/10)-screenshots-fluent.blue.light,fix/security-alerts,cancelled,,https://github.com/DevExpress/DevExtreme/actions/runs/37594448026/job/112710893342
"07.10.26, 08:52:18",112710893354,37594448026,1,Demos Visual Tests,angular(8/10)-screenshots-fluent.blue.light,fix/security-alerts,cancelled,,https://github.com/DevExpress/DevExtreme/actions/runs/37594448026/job/112710893354
"07.10.26, 08:52:18",112710893407,37594448026,1,Demos Visual Tests,vue(5/5)-screenshots-fluent.blue.light,fix/security-alerts,cancelled,,https://github.com/DevExpress/DevExtreme/actions/runs/37594448026/job/112710893407
"07.10.26, 08:52:18",112710893409,37594448026,1,Demos Visual Tests,vue(2/5)-screenshots-fluent.blue.light,fix/security-alerts,cancelled,,https://github.com/DevExpress/DevExtreme/actions/runs/37594448026/job/112710893409
"07.10.26, 08:52:18",112710893483,37594448026,1,Demos Visual Tests,angular(10/10)-screenshots-fluent.blue.light,fix/security-alerts,cancelled,,https://github.com/DevExpress/DevExtreme/actions/runs/37594448026/job/112710893483
"07.10.26, 09:02:16",112714625414,37594448026,1,Demos Visual Tests,merge-artifacts,fix/security-alerts,cancelled,,https://github.com/DevExpress/DevExtreme/actions/runs/37594448026/job/112714625414
"07.10.26, 09:02:16",112714625605,37594448026,1,Demos Visual Tests,CSP Violations Summary,fix/security-alerts,cancelled,,https://github.com/DevExpress/DevExtreme/actions/runs/37594448026/job/112714625605
"07.10.26, 08:32:32",112703511795,37594420521,1,Demos Visual Tests,Build DevExtreme,fix/security-alerts,cancelled,,https://github.com/DevExpress/DevExtreme/actions/runs/37594420521/job/112703511795
"07.10.26, 08:32:33",112703519757,37594420521,1,Demos Visual Tests,CSP check (jQuery),fix/security-alerts,cancelled,,https://github.com/DevExpress/DevExtreme/actions/runs/37594420521/job/112703519757
"07.10.26, 08:32:33",112703519833,37594420521,1,Demos Visual Tests,Check generated demos,fix/security-alerts,cancelled,,https://github.com/DevExpress/DevExtreme/actions/runs/37594420521/job/112703519833
"07.10.26, 08:32:34",112703520142,37594420521,1,Demos Visual Tests,Check TS and lint code base,fix/security-alerts,cancelled,,https://github.com/DevExpress/DevExtreme/actions/runs/37594420521/job/112703520142
"07.10.26, 08:32:34",112703520429,37594420521,1,Demos Visual Tests,"Build vendor bundles (React, Vue)",fix/security-alerts,cancelled,,https://github.com/DevExpress/DevExtreme/actions/runs/37594420521/job/112703520429
"07.10.26, 08:32:34",112703520654,37594420521,1,Demos Visual Tests,"matrix.SHARD_TOTAL == 1 && format('CSP check ({0})', matrix.FRAMEWORK) || format('CSP check ({0} {1}/{2})', matrix.FRAMEWORK, matrix.SHARD_INDEX, matrix.SHARD_TOTAL)",fix/security-alerts,cancelled,,https://github.com/DevExpress/DevExtreme/actions/runs/37594420521/job/112703520654
"07.10.26, 08:32:34",112703520992,37594420521,1,Demos Visual Tests,${{ matrix.CONSTEL }}-${{ matrix.STRATEGY }}-${{ matrix.THEME }},fix/security-alerts,cancelled,,https://github.com/DevExpress/DevExtreme/actions/runs/37594420521/job/112703520992
"07.10.26, 08:32:34",112703521418,37594420521,1,Demos Visual Tests,"matrix.SHARD_TOTAL == 1 && format('Build demos ({0})', matrix.FRAMEWORK) || format('Build demos ({0} {1}/{2})', matrix.FRAMEWORK, matrix.SHARD_INDEX, matrix.SHARD_TOTAL)",fix/security-alerts,cancelled,,https://github.com/DevExpress/DevExtreme/actions/runs/37594420521/job/112703521418
"07.10.26, 08:32:34",112703521420,37594420521,1,Demos Visual Tests,CSP Violations Summary,fix/security-alerts,cancelled,,https://github.com/DevExpress/DevExtreme/actions/runs/37594420521/job/112703521420
"07.10.26, 08:32:34",112703522143,37594420521,1,Demos Visual Tests,${{ matrix.CONSTEL }}-screenshots-${{ matrix.THEME }},fix/security-alerts,cancelled,,https://github.com/DevExpress/DevExtreme/actions/runs/37594420521/job/112703522143
"07.10.26, 08:32:34",112703522787,37594420521,1,Demos Visual Tests,merge-artifacts,fix/security-alerts,cancelled,,https://github.com/DevExpress/DevExtreme/actions/runs/37594420521/job/112703522787
"07.10.26, 08:38:37",112705779216,37594250856,1,Demos Visual Tests,CSP check (Angular 2/3),26_1,failure,,https://github.com/DevExpress/DevExtreme/actions/runs/37594250856/job/112705779216
"07.10.26, 08:48:41",112709558403,37594211175,1,Demos Visual Tests,react(2/3)-screenshots-fluent.blue.light,26_1,failure,,https://github.com/DevExpress/DevExtreme/actions/runs/37594211175/job/112709558403
"07.10.26, 07:29:40",112681433068,37586710300,1,Demos Visual Tests,jquery(3/3)-screenshots-fluent-next.blue.light,feature/button-group-border-subtler,failure,Run TestCafe tests (jQuery),https://github.com/DevExpress/DevExtreme/actions/runs/37586710300/job/112681433068
"07.10.26, 07:33:13",112682618092,37586710300,1,Demos Visual Tests,react(3/3)-screenshots-fluent-next.blue.light,feature/button-group-border-subtler,failure,Run TestCafe tests,https://github.com/DevExpress/DevExtreme/actions/runs/37586710300/job/112682618092
"07.10.26, 07:33:13",112682618187,37586710300,1,Demos Visual Tests,angular(5/10)-screenshots-fluent-next.blue.light,feature/button-group-border-subtler,failure,Run TestCafe tests,https://github.com/DevExpress/DevExtreme/actions/runs/37586710300/job/112682618187
"07.10.26, 07:33:13",112682618192,37586710300,1,Demos Visual Tests,vue(5/5)-screenshots-fluent-next.blue.light,feature/button-group-border-subtler,failure,Run TestCafe tests,https://github.com/DevExpress/DevExtreme/actions/runs/37586710300/job/112682618192
"07.10.26, 07:33:13",112682618193,37586710300,1,Demos Visual Tests,vue(3/5)-screenshots-fluent-next.blue.light,feature/button-group-border-subtler,failure,Run TestCafe tests,https://github.com/DevExpress/DevExtreme/actions/runs/37586710300/job/112682618193
"07.10.26, 07:33:13",112682618211,37586710300,1,Demos Visual Tests,angular(2/10)-screenshots-fluent-next.blue.light,feature/button-group-border-subtler,failure,Run TestCafe tests,https://github.com/DevExpress/DevExtreme/actions/runs/37586710300/job/112682618211
"07.10.26, 07:15:09",112676725877,37585232632,1,Demos Visual Tests,CSP check (jQuery),main_fix-anti-forgery,failure,,https://github.com/DevExpress/DevExtreme/actions/runs/37585232632/job/112676725877
"07.10.26, 07:17:53",112677607720,37585232632,1,Demos Visual Tests,Build demos (Angular 2/3),main_fix-anti-forgery,failure,,https://github.com/DevExpress/DevExtreme/actions/runs/37585232632/job/112677607720
"07.10.26, 07:03:46",112673138684,37584056255,1,Demos Visual Tests,jquery(3/3)-screenshots-fluent-next.blue.light,feature/button-group-border-subtler,failure,Run TestCafe tests (jQuery),https://github.com/DevExpress/DevExtreme/actions/runs/37584056255/job/112673138684
"07.10.26, 07:07:24",112674288901,37584056255,1,Demos Visual Tests,vue(5/5)-screenshots-fluent-next.blue.light,feature/button-group-border-subtler,failure,Run TestCafe tests,https://github.com/DevExpress/DevExtreme/actions/runs/37584056255/job/112674288901
"07.10.26, 07:07:24",112674288985,37584056255,1,Demos Visual Tests,angular(2/10)-screenshots-fluent-next.blue.light,feature/button-group-border-subtler,failure,Run TestCafe tests,https://github.com/DevExpress/DevExtreme/actions/runs/37584056255/job/112674288985
"07.10.26, 07:07:24",112674288991,37584056255,1,Demos Visual Tests,react(3/3)-screenshots-fluent-next.blue.light,feature/button-group-border-subtler,failure,Run TestCafe tests,https://github.com/DevExpress/DevExtreme/actions/runs/37584056255/job/112674288991
"07.10.26, 07:07:24",112674288994,37584056255,1,Demos Visual Tests,vue(3/5)-screenshots-fluent-next.blue.light,feature/button-group-border-subtler,failure,Run TestCafe tests,https://github.com/DevExpress/DevExtreme/actions/runs/37584056255/job/112674288994
"07.10.26, 07:07:24",112674289007,37584056255,1,Demos Visual Tests,angular(5/10)-screenshots-fluent-next.blue.light,feature/button-group-border-subtler,failure,Run TestCafe tests,https://github.com/DevExpress/DevExtreme/actions/runs/37584056255/job/112674289007
"07.10.26, 22:29:46",113049555631,37696537090,1,Wrappers Tests,build,fix/26-1-security-alerts-v2,cancelled,Build devextreme package,https://github.com/DevExpress/DevExtreme/actions/runs/37696537090/job/113049555631
"07.10.26, 22:29:46",113049555940,37696537090,1,Wrappers Tests,check-regenerate,fix/26-1-security-alerts-v2,cancelled,Post Setup pnpm cache,https://github.com/DevExpress/DevExtreme/actions/runs/37696537090/job/113049555940
"07.10.26, 22:33:06",113050734652,37696537090,1,Wrappers Tests,test,fix/26-1-security-alerts-v2,cancelled,,https://github.com/DevExpress/DevExtreme/actions/runs/37696537090/job/113050734652
"07.10.26, 21:57:45",113037635948,37692991702,1,Wrappers Tests,check-regenerate,fix/security-alerts,cancelled,Install dependencies,https://github.com/DevExpress/DevExtreme/actions/runs/37692991702/job/113037635948
"07.10.26, 21:57:45",113037636364,37692991702,1,Wrappers Tests,build,fix/security-alerts,cancelled,Install dependencies,https://github.com/DevExpress/DevExtreme/actions/runs/37692991702/job/113037636364
"07.10.26, 21:59:05",113038111825,37692991702,1,Wrappers Tests,test,fix/security-alerts,cancelled,,https://github.com/DevExpress/DevExtreme/actions/runs/37692991702/job/113038111825
"07.10.26, 21:56:32",113037174305,37692114123,1,Wrappers Tests,test (vue),fix/security-alerts,cancelled,Install dependencies,https://github.com/DevExpress/DevExtreme/actions/runs/37692114123/job/113037174305
"07.10.26, 21:56:32",113037174316,37692114123,1,Wrappers Tests,test (angular),fix/security-alerts,cancelled,Install dependencies,https://github.com/DevExpress/DevExtreme/actions/runs/37692114123/job/113037174316
"07.10.26, 21:56:32",113037174323,37692114123,1,Wrappers Tests,test (react),fix/security-alerts,cancelled,Install dependencies,https://github.com/DevExpress/DevExtreme/actions/runs/37692114123/job/113037174323
"07.10.26, 17:05:30",112912195255,37656333540,1,Wrappers Tests,build,typescript/core/utils_typing_5039_part2,failure,Build devextreme package,https://github.com/DevExpress/DevExtreme/actions/runs/37656333540/job/112912195255
"07.10.26, 17:04:05",112911384233,37656120831,1,Wrappers Tests,build,typescript/core/utils_typing_5039_part2_26_1,cancelled,Install dependencies,https://github.com/DevExpress/DevExtreme/actions/runs/37656120831/job/112911384233
"07.10.26, 17:04:05",112911384293,37656120831,1,Wrappers Tests,check-regenerate,typescript/core/utils_typing_5039_part2_26_1,cancelled,Post Setup pnpm cache,https://github.com/DevExpress/DevExtreme/actions/runs/37656120831/job/112911384293
"07.10.26, 17:06:16",112912594187,37656120831,1,Wrappers Tests,test,typescript/core/utils_typing_5039_part2_26_1,cancelled,,https://github.com/DevExpress/DevExtreme/actions/runs/37656120831/job/112912594187
"07.10.26, 17:01:46",112909932772,37655735444,1,Wrappers Tests,build,typescript/core/utils_typing_5039_part2,failure,Build devextreme package,https://github.com/DevExpress/DevExtreme/actions/runs/37655735444/job/112909932772
"07.10.26, 16:40:36",112904038469,37653909644,1,Wrappers Tests,build,typescript/core/utils_typing_5039_part2,failure,Build devextreme package,https://github.com/DevExpress/DevExtreme/actions/runs/37653909644/job/112904038469
"07.10.26, 15:19:26",112865987071,37642918877,1,Wrappers Tests,build,typescript/core/utils_typing_5039_part2,failure,Build devextreme package,https://github.com/DevExpress/DevExtreme/actions/runs/37642918877/job/112865987071
"07.10.26, 14:29:39",112846239724,37637146286,1,Wrappers Tests,build,26_1,cancelled,Build devextreme package,https://github.com/DevExpress/DevExtreme/actions/runs/37637146286/job/112846239724
"07.10.26, 14:33:02",112847900822,37637146286,1,Wrappers Tests,test,26_1,cancelled,,https://github.com/DevExpress/DevExtreme/actions/runs/37637146286/job/112847900822
"07.10.26, 13:58:49",112831383802,37632090269,1,Wrappers Tests,test (react),feature/demo_custom_AI_assistant,cancelled,Post Setup pnpm cache,https://github.com/DevExpress/DevExtreme/actions/runs/37632090269/job/112831383802
"07.10.26, 13:12:22",112810109162,37625967433,1,Wrappers Tests,test (angular),fix_eslint_filter_26_2,cancelled,Pack angular,https://github.com/DevExpress/DevExtreme/actions/runs/37625967433/job/112810109162
"07.10.26, 13:08:17",112808323016,37625470719,1,Wrappers Tests,test (angular),typescript/filter_builder_draggable_sortable/followups_5275_26_1,failure,,https://github.com/DevExpress/DevExtreme/actions/runs/37625470719/job/112808323016
"07.10.26, 13:02:37",112805864849,37625434048,1,Wrappers Tests,check-regenerate,typescript/filter_builder_draggable_sortable/followups_5275_26_1,cancelled,Install dependencies,https://github.com/DevExpress/DevExtreme/actions/runs/37625434048/job/112805864849
"07.10.26, 13:02:37",112805865353,37625434048,1,Wrappers Tests,build,typescript/filter_builder_draggable_sortable/followups_5275_26_1,cancelled,Install dependencies,https://github.com/DevExpress/DevExtreme/actions/runs/37625434048/job/112805865353
"07.10.26, 13:03:54",112806420180,37625434048,1,Wrappers Tests,test,typescript/filter_builder_draggable_sortable/followups_5275_26_1,cancelled,,https://github.com/DevExpress/DevExtreme/actions/runs/37625434048/job/112806420180
"07.10.26, 12:56:33",112803270534,37624669692,1,Wrappers Tests,build,typescript/filter_builder_draggable_sortable/followups_5275,cancelled,Build devextreme package,https://github.com/DevExpress/DevExtreme/actions/runs/37624669692/job/112803270534
"07.10.26, 12:56:33",112803270605,37624669692,1,Wrappers Tests,check-regenerate,typescript/filter_builder_draggable_sortable/followups_5275,cancelled,,https://github.com/DevExpress/DevExtreme/actions/runs/37624669692/job/112803270605
"07.10.26, 12:59:54",112804680288,37624669692,1,Wrappers Tests,test,typescript/filter_builder_draggable_sortable/followups_5275,cancelled,,https://github.com/DevExpress/DevExtreme/actions/runs/37624669692/job/112804680288
"07.10.26, 12:41:49",112797208131,37622863976,1,Wrappers Tests,build,const_columns_view_26_1,failure,Build devextreme package,https://github.com/DevExpress/DevExtreme/actions/runs/37622863976/job/112797208131
"07.10.26, 11:46:16",112775462891,37615159063,1,Wrappers Tests,test (react),typescript/filter_builder_draggable_sortable/followups_5275,failure,,https://github.com/DevExpress/DevExtreme/actions/runs/37615159063/job/112775462891
"07.10.26, 10:39:45",112750987726,37608875446,1,Wrappers Tests,build,fix/security-alerts,cancelled,,https://github.com/DevExpress/DevExtreme/actions/runs/37608875446/job/112750987726
"07.10.26, 10:39:46",112750988208,37608875446,1,Wrappers Tests,check-regenerate,fix/security-alerts,cancelled,,https://github.com/DevExpress/DevExtreme/actions/runs/37608875446/job/112750988208
"07.10.26, 10:39:47",112750995856,37608875446,1,Wrappers Tests,test,fix/security-alerts,cancelled,,https://github.com/DevExpress/DevExtreme/actions/runs/37608875446/job/112750995856
"07.10.26, 10:48:48",112754224270,37608875711,1,Wrappers Tests,test (vue),fix/security-alerts,failure,,https://github.com/DevExpress/DevExtreme/actions/runs/37608875711/job/112754224270
"07.10.26, 10:40:26",112751232947,37607623993,1,Wrappers Tests,test (angular),25_2,cancelled,Test angular,https://github.com/DevExpress/DevExtreme/actions/runs/37607623993/job/112751232947
"07.10.26, 10:11:48",112740754746,37605771650,1,Wrappers Tests,build,26_1,cancelled,Build devextreme package,https://github.com/DevExpress/DevExtreme/actions/runs/37605771650/job/112740754746
"07.10.26, 10:11:48",112740755452,37605771650,1,Wrappers Tests,check-regenerate,26_1,cancelled,Post Setup pnpm cache,https://github.com/DevExpress/DevExtreme/actions/runs/37605771650/job/112740755452
"07.10.26, 10:23:51",112745195843,37605771650,1,Wrappers Tests,test,26_1,cancelled,,https://github.com/DevExpress/DevExtreme/actions/runs/37605771650/job/112745195843
"07.10.26, 10:08:13",112739439259,37604181737,1,Wrappers Tests,test (react),26_1,cancelled,,https://github.com/DevExpress/DevExtreme/actions/runs/37604181737/job/112739439259
"07.10.26, 10:08:13",112739439293,37604181737,1,Wrappers Tests,test (angular),26_1,cancelled,,https://github.com/DevExpress/DevExtreme/actions/runs/37604181737/job/112739439293
"07.10.26, 10:08:13",112739439313,37604181737,1,Wrappers Tests,test (vue),26_1,cancelled,,https://github.com/DevExpress/DevExtreme/actions/runs/37604181737/job/112739439313
"07.10.26, 09:53:27",112733925171,37603689315,1,Wrappers Tests,build,refactor/type-data-source-adapter-26_1,cancelled,,https://github.com/DevExpress/DevExtreme/actions/runs/37603689315/job/112733925171
"07.10.26, 09:53:27",112733925473,37603689315,1,Wrappers Tests,check-regenerate,refactor/type-data-source-adapter-26_1,cancelled,,https://github.com/DevExpress/DevExtreme/actions/runs/37603689315/job/112733925473
"07.10.26, 09:56:09",112734917053,37603689315,1,Wrappers Tests,test,refactor/type-data-source-adapter-26_1,cancelled,,https://github.com/DevExpress/DevExtreme/actions/runs/37603689315/job/112734917053
"07.10.26, 09:52:29",112733566236,37603580473,1,Wrappers Tests,check-regenerate,refactor/type-data-source-adapter-main,cancelled,,https://github.com/DevExpress/DevExtreme/actions/runs/37603580473/job/112733566236
"07.10.26, 09:52:29",112733566745,37603580473,1,Wrappers Tests,build,refactor/type-data-source-adapter-main,cancelled,,https://github.com/DevExpress/DevExtreme/actions/runs/37603580473/job/112733566745
"07.10.26, 09:55:30",112734679909,37603580473,1,Wrappers Tests,test,refactor/type-data-source-adapter-main,cancelled,,https://github.com/DevExpress/DevExtreme/actions/runs/37603580473/job/112734679909
"07.10.26, 09:59:21",112736078294,37602254493,1,Wrappers Tests,test (vue),typescript/filter_builder_draggable_sortable/followups_5275,failure,,https://github.com/DevExpress/DevExtreme/actions/runs/37602254493/job/112736078294
"07.10.26, 09:22:02",112722123338,37597676942,1,Wrappers Tests,test (vue),T1336240_focus_scroll_async_25_2,failure,,https://github.com/DevExpress/DevExtreme/actions/runs/37597676942/job/112722123338
"07.10.26, 09:22:02",112722123354,37597676942,1,Wrappers Tests,test (angular),T1336240_focus_scroll_async_25_2,cancelled,Test angular,https://github.com/DevExpress/DevExtreme/actions/runs/37597676942/job/112722123354
"07.10.26, 09:03:26",112715069280,37596394749,1,Wrappers Tests,test (angular),typescript/core/utils_typing_5039_part2_26_1,cancelled,Test angular,https://github.com/DevExpress/DevExtreme/actions/runs/37596394749/job/112715069280
"07.10.26, 09:03:26",112715069325,37596394749,1,Wrappers Tests,test (vue),typescript/core/utils_typing_5039_part2_26_1,cancelled,Test vue,https://github.com/DevExpress/DevExtreme/actions/runs/37596394749/job/112715069325
"07.10.26, 09:03:26",112715069429,37596394749,1,Wrappers Tests,test (react),typescript/core/utils_typing_5039_part2_26_1,cancelled,Test react,https://github.com/DevExpress/DevExtreme/actions/runs/37596394749/job/112715069429
"07.10.26, 09:04:46",112715571340,37596388208,1,Wrappers Tests,test (vue),typescript/core/utils_typing_5039_part2,cancelled,Setup pnpm cache,https://github.com/DevExpress/DevExtreme/actions/runs/37596388208/job/112715571340
"07.10.26, 09:04:46",112715571354,37596388208,1,Wrappers Tests,test (angular),typescript/core/utils_typing_5039_part2,cancelled,Install dependencies,https://github.com/DevExpress/DevExtreme/actions/runs/37596388208/job/112715571354
"07.10.26, 09:04:46",112715571356,37596388208,1,Wrappers Tests,test (react),typescript/core/utils_typing_5039_part2,cancelled,Install dependencies,https://github.com/DevExpress/DevExtreme/actions/runs/37596388208/job/112715571356
"07.10.26, 08:48:38",112709536385,37596259454,1,Wrappers Tests,build,fix/26-1-security-alerts,cancelled,Post Setup pnpm cache,https://github.com/DevExpress/DevExtreme/actions/runs/37596259454/job/112709536385
"07.10.26, 08:59:19",112713502099,37596259454,1,Wrappers Tests,test,fix/26-1-security-alerts,cancelled,,https://github.com/DevExpress/DevExtreme/actions/runs/37596259454/job/112713502099
"07.10.26, 08:44:19",112707901735,37595769401,1,Wrappers Tests,build,T1336240_focus_scroll_async_25_2,failure,Build devextreme package,https://github.com/DevExpress/DevExtreme/actions/runs/37595769401/job/112707901735
"07.10.26, 08:32:19",112703421133,37594420472,1,Wrappers Tests,check-regenerate,fix/security-alerts,cancelled,,https://github.com/DevExpress/DevExtreme/actions/runs/37594420472/job/112703421133
"07.10.26, 08:32:19",112703421609,37594420472,1,Wrappers Tests,build,fix/security-alerts,cancelled,,https://github.com/DevExpress/DevExtreme/actions/runs/37594420472/job/112703421609
"07.10.26, 08:32:33",112703519194,37594420472,1,Wrappers Tests,test,fix/security-alerts,cancelled,,https://github.com/DevExpress/DevExtreme/actions/runs/37594420472/job/112703519194
"07.10.26, 08:30:28",112702731023,37594211289,1,Wrappers Tests,build,26_1,cancelled,Install dependencies,https://github.com/DevExpress/DevExtreme/actions/runs/37594211289/job/112702731023
"07.10.26, 08:30:28",112702731345,37594211289,1,Wrappers Tests,check-regenerate,26_1,cancelled,Install dependencies,https://github.com/DevExpress/DevExtreme/actions/runs/37594211289/job/112702731345
"07.10.26, 08:31:46",112703213760,37594211289,1,Wrappers Tests,test,26_1,cancelled,,https://github.com/DevExpress/DevExtreme/actions/runs/37594211289/job/112703213760
"07.10.26, 22:29:46",113049555353,37696537011,1,Wrappers E2E Tests,Build DevExtreme and Wrappers,fix/26-1-security-alerts-v2,cancelled,Build all DevExtreme packages,https://github.com/DevExpress/DevExtreme/actions/runs/37696537011/job/113049555353
"07.10.26, 22:33:03",113050714817,37696537011,1,Wrappers E2E Tests,Test ${{ matrix.framework }},fix/26-1-security-alerts-v2,cancelled,,https://github.com/DevExpress/DevExtreme/actions/runs/37696537011/job/113050714817
"07.10.26, 21:49:47",113034627605,37692114105,1,Wrappers E2E Tests,Build DevExtreme and Wrappers,fix/security-alerts,cancelled,Build wrappers apps,https://github.com/DevExpress/DevExtreme/actions/runs/37692114105/job/113034627605
"07.10.26, 21:58:19",113037841640,37692114105,1,Wrappers E2E Tests,Test ${{ matrix.framework }},fix/security-alerts,cancelled,,https://github.com/DevExpress/DevExtreme/actions/runs/37692114105/job/113037841640
"07.10.26, 17:05:28",112912178431,37656333316,1,Wrappers E2E Tests,Build DevExtreme and Wrappers,typescript/core/utils_typing_5039_part2,failure,Build all DevExtreme packages,https://github.com/DevExpress/DevExtreme/actions/runs/37656333316/job/112912178431
"07.10.26, 17:04:04",112911382740,37656120991,1,Wrappers E2E Tests,Build DevExtreme and Wrappers,typescript/core/utils_typing_5039_part2_26_1,cancelled,Build all DevExtreme packages,https://github.com/DevExpress/DevExtreme/actions/runs/37656120991/job/112911382740
"07.10.26, 17:06:23",112912651193,37656120991,1,Wrappers E2E Tests,Test ${{ matrix.framework }},typescript/core/utils_typing_5039_part2_26_1,cancelled,,https://github.com/DevExpress/DevExtreme/actions/runs/37656120991/job/112912651193
"07.10.26, 17:01:46",112909932596,37655735511,1,Wrappers E2E Tests,Build DevExtreme and Wrappers,typescript/core/utils_typing_5039_part2,failure,Build all DevExtreme packages,https://github.com/DevExpress/DevExtreme/actions/runs/37655735511/job/112909932596
"07.10.26, 16:40:36",112904040968,37653910219,1,Wrappers E2E Tests,Build DevExtreme and Wrappers,typescript/core/utils_typing_5039_part2,failure,Build all DevExtreme packages,https://github.com/DevExpress/DevExtreme/actions/runs/37653910219/job/112904040968
"07.10.26, 15:19:25",112865965304,37642919509,1,Wrappers E2E Tests,Build DevExtreme and Wrappers,typescript/core/utils_typing_5039_part2,failure,Build all DevExtreme packages,https://github.com/DevExpress/DevExtreme/actions/runs/37642919509/job/112865965304
"07.10.26, 13:02:37",112805865642,37625434176,1,Wrappers E2E Tests,Build DevExtreme and Wrappers,typescript/filter_builder_draggable_sortable/followups_5275_26_1,cancelled,Install dependencies,https://github.com/DevExpress/DevExtreme/actions/runs/37625434176/job/112805865642
"07.10.26, 13:03:53",112806416948,37625434176,1,Wrappers E2E Tests,Test ${{ matrix.framework }},typescript/filter_builder_draggable_sortable/followups_5275_26_1,cancelled,,https://github.com/DevExpress/DevExtreme/actions/runs/37625434176/job/112806416948
"07.10.26, 12:56:33",112803269112,37624668809,1,Wrappers E2E Tests,Build DevExtreme and Wrappers,typescript/filter_builder_draggable_sortable/followups_5275,cancelled,Build all DevExtreme packages,https://github.com/DevExpress/DevExtreme/actions/runs/37624668809/job/112803269112
"07.10.26, 12:59:55",112804688866,37624668809,1,Wrappers E2E Tests,Test ${{ matrix.framework }},typescript/filter_builder_draggable_sortable/followups_5275,cancelled,,https://github.com/DevExpress/DevExtreme/actions/runs/37624668809/job/112804688866
"07.10.26, 12:41:49",112797207110,37622864092,1,Wrappers E2E Tests,Build DevExtreme and Wrappers,const_columns_view_26_1,failure,Build all DevExtreme packages,https://github.com/DevExpress/DevExtreme/actions/runs/37622864092/job/112797207110
"07.10.26, 10:39:45",112750987092,37608875419,1,Wrappers E2E Tests,Build DevExtreme and Wrappers,fix/security-alerts,cancelled,,https://github.com/DevExpress/DevExtreme/actions/runs/37608875419/job/112750987092
"07.10.26, 10:39:46",112750993269,37608875419,1,Wrappers E2E Tests,Test ${{ matrix.framework }},fix/security-alerts,cancelled,,https://github.com/DevExpress/DevExtreme/actions/runs/37608875419/job/112750993269
"07.10.26, 10:08:02",112739375845,37603918423,1,Wrappers E2E Tests,Test angular,refactor/type-data-source-adapter-main,failure,,https://github.com/DevExpress/DevExtreme/actions/runs/37603918423/job/112739375845
"07.10.26, 09:53:28",112733932915,37603689205,1,Wrappers E2E Tests,Build DevExtreme and Wrappers,refactor/type-data-source-adapter-26_1,cancelled,,https://github.com/DevExpress/DevExtreme/actions/runs/37603689205/job/112733932915
"07.10.26, 09:56:15",112734954613,37603689205,1,Wrappers E2E Tests,Test ${{ matrix.framework }},refactor/type-data-source-adapter-26_1,cancelled,,https://github.com/DevExpress/DevExtreme/actions/runs/37603689205/job/112734954613
"07.10.26, 09:52:28",112733564849,37603580302,1,Wrappers E2E Tests,Build DevExtreme and Wrappers,refactor/type-data-source-adapter-main,cancelled,,https://github.com/DevExpress/DevExtreme/actions/runs/37603580302/job/112733564849
"07.10.26, 09:55:30",112734679342,37603580302,1,Wrappers E2E Tests,Test ${{ matrix.framework }},refactor/type-data-source-adapter-main,cancelled,,https://github.com/DevExpress/DevExtreme/actions/runs/37603580302/job/112734679342
"07.10.26, 09:01:31",112714348412,37596394643,1,Wrappers E2E Tests,Test vue3,typescript/core/utils_typing_5039_part2_26_1,cancelled,Install dependencies,https://github.com/DevExpress/DevExtreme/actions/runs/37596394643/job/112714348412
"07.10.26, 09:01:31",112714348436,37596394643,1,Wrappers E2E Tests,Test angular,typescript/core/utils_typing_5039_part2_26_1,cancelled,,https://github.com/DevExpress/DevExtreme/actions/runs/37596394643/job/112714348436
"07.10.26, 09:01:31",112714348571,37596394643,1,Wrappers E2E Tests,Test react19,typescript/core/utils_typing_5039_part2_26_1,cancelled,Install dependencies,https://github.com/DevExpress/DevExtreme/actions/runs/37596394643/job/112714348571
"07.10.26, 08:49:48",112709963093,37596388136,1,Wrappers E2E Tests,Build DevExtreme and Wrappers,typescript/core/utils_typing_5039_part2,cancelled,Post Setup pnpm cache,https://github.com/DevExpress/DevExtreme/actions/runs/37596388136/job/112709963093
"07.10.26, 09:12:14",112718405677,37596388136,1,Wrappers E2E Tests,Test ${{ matrix.framework }},typescript/core/utils_typing_5039_part2,cancelled,,https://github.com/DevExpress/DevExtreme/actions/runs/37596388136/job/112718405677
"07.10.26, 08:48:38",112709536525,37596259437,1,Wrappers E2E Tests,Build DevExtreme and Wrappers,fix/26-1-security-alerts,cancelled,Post Setup pnpm cache,https://github.com/DevExpress/DevExtreme/actions/runs/37596259437/job/112709536525
"07.10.26, 08:59:27",112713548644,37596259437,1,Wrappers E2E Tests,Test ${{ matrix.framework }},fix/26-1-security-alerts,cancelled,,https://github.com/DevExpress/DevExtreme/actions/runs/37596259437/job/112713548644
"07.10.26, 08:44:19",112707902285,37595769498,1,Wrappers E2E Tests,Build DevExtreme and Wrappers,T1336240_focus_scroll_async_25_2,failure,Build all DevExtreme packages,https://github.com/DevExpress/DevExtreme/actions/runs/37595769498/job/112707902285
"07.10.26, 08:32:19",112703421187,37594420495,1,Wrappers E2E Tests,Build DevExtreme and Wrappers,fix/security-alerts,cancelled,Install dependencies,https://github.com/DevExpress/DevExtreme/actions/runs/37594420495/job/112703421187
"07.10.26, 08:33:46",112703991610,37594420495,1,Wrappers E2E Tests,Test ${{ matrix.framework }},fix/security-alerts,cancelled,,https://github.com/DevExpress/DevExtreme/actions/runs/37594420495/job/112703991610
