created at,id,run id,run attempt,workflow name,name,head branch,conclusion,step,html url
"17.09.26, 18:55:10",105338870677,35261734012,1,Build and pack DevExtreme npm packages,build,gridcore_move_column_sync_to_filter_sync_26_2,failure,Build npm packages,https://github.com/DevExpress/DevExtreme/actions/runs/35261734012/job/105338870677
"17.09.26, 12:51:08",105209156351,35223493413,1,Build and pack DevExtreme npm packages,build,fix/systemjs-build-codeql,cancelled,Get sources,https://github.com/DevExpress/DevExtreme/actions/runs/35223493413/job/105209156351
"17.09.26, 12:51:33",105209286364,35223493413,1,Build and pack DevExtreme npm packages,custom_bundles,fix/systemjs-build-codeql,cancelled,,https://github.com/DevExpress/DevExtreme/actions/runs/35223493413/job/105209286364
"17.09.26, 11:59:33",105193002002,35218614313,1,Build and pack DevExtreme npm packages,build,feature/26_2_new_fluent_theme_with_design_tokens_5120-fluent-next-research-if-its-possible-to-use-shadow-tokens-instead-of-building-shadows-in-scss,failure,,https://github.com/DevExpress/DevExtreme/actions/runs/35218614313/job/105193002002
"17.09.26, 11:48:03",105189675053,35216679449,1,Build and pack DevExtreme npm packages,custom_bundles,refactor/gridcore-invert-focus-fire-changed-26_2,cancelled,,https://github.com/DevExpress/DevExtreme/actions/runs/35216679449/job/105189675053
"17.09.26, 11:15:09",105180283976,35214700034,1,Build and pack DevExtreme npm packages,build,remove_deprecated_columnchooser_options_main,cancelled,Build npm packages,https://github.com/DevExpress/DevExtreme/actions/runs/35214700034/job/105180283976
"17.09.26, 11:19:00",105181382087,35214700034,1,Build and pack DevExtreme npm packages,custom_bundles,remove_deprecated_columnchooser_options_main,cancelled,,https://github.com/DevExpress/DevExtreme/actions/runs/35214700034/job/105181382087
"17.09.26, 08:41:27",105135566419,35201034476,1,Build and pack DevExtreme npm packages,build,fluent-next/roles-audit,cancelled,Use Node.js,https://github.com/DevExpress/DevExtreme/actions/runs/35201034476/job/105135566419
"17.09.26, 08:42:06",105135749987,35201034476,1,Build and pack DevExtreme npm packages,custom_bundles,fluent-next/roles-audit,cancelled,,https://github.com/DevExpress/DevExtreme/actions/runs/35201034476/job/105135749987
"17.09.26, 08:19:27",105129137565,35199055463,1,Build and pack DevExtreme npm packages,build,fluent-next/roles-audit,cancelled,Build npm packages,https://github.com/DevExpress/DevExtreme/actions/runs/35199055463/job/105129137565
"17.09.26, 08:24:55",105130693620,35199055463,1,Build and pack DevExtreme npm packages,custom_bundles,fluent-next/roles-audit,cancelled,,https://github.com/DevExpress/DevExtreme/actions/runs/35199055463/job/105130693620
"17.09.26, 07:52:10",105121491515,35196696807,1,Build and pack DevExtreme npm packages,build,remove_deprecated_headerfilter_allowsearch_main,failure,Build npm packages,https://github.com/DevExpress/DevExtreme/actions/runs/35196696807/job/105121491515
"17.09.26, 07:03:40",105108574748,35191829035,1,Build and pack DevExtreme npm packages,custom_bundles,fluent-next/roles-audit,cancelled,Get sources,https://github.com/DevExpress/DevExtreme/actions/runs/35191829035/job/105108574748
"17.09.26, 06:52:33",105105808697,35191800717,1,Build and pack DevExtreme npm packages,build,fluent-next/roles-audit,cancelled,Get sources,https://github.com/DevExpress/DevExtreme/actions/runs/35191800717/job/105105808697
"17.09.26, 06:52:56",105105904213,35191800717,1,Build and pack DevExtreme npm packages,custom_bundles,fluent-next/roles-audit,cancelled,,https://github.com/DevExpress/DevExtreme/actions/runs/35191800717/job/105105904213
"17.09.26, 01:36:12",105043019879,35170116788,1,CodeQL,Send notifications,25_1,failure,Set up job,https://github.com/DevExpress/DevExtreme/actions/runs/35170116788/job/105043019879
"17.09.26, 01:32:22",105042272395,35170116893,1,CodeQL,Send notifications,24_2,failure,Set up job,https://github.com/DevExpress/DevExtreme/actions/runs/35170116893/job/105042272395
"17.09.26, 18:55:10",105338871499,35261733844,1,Default Workflow,main,gridcore_move_column_sync_to_filter_sync_26_2,failure,Run targets,https://github.com/DevExpress/DevExtreme/actions/runs/35261733844/job/105338871499
"17.09.26, 12:51:08",105209156171,35223493399,1,Default Workflow,main,fix/systemjs-build-codeql,cancelled,Install dependencies,https://github.com/DevExpress/DevExtreme/actions/runs/35223493399/job/105209156171
"17.09.26, 11:15:09",105180284767,35214700047,1,Default Workflow,main,remove_deprecated_columnchooser_options_main,failure,Run targets,https://github.com/DevExpress/DevExtreme/actions/runs/35214700047/job/105180284767
"17.09.26, 08:41:27",105135566658,35201034447,1,Default Workflow,main,fluent-next/roles-audit,cancelled,Use Node.js,https://github.com/DevExpress/DevExtreme/actions/runs/35201034447/job/105135566658
"17.09.26, 08:19:27",105129137252,35199055389,1,Default Workflow,main,fluent-next/roles-audit,cancelled,Run targets,https://github.com/DevExpress/DevExtreme/actions/runs/35199055389/job/105129137252
"17.09.26, 07:52:10",105121492050,35196696977,1,Default Workflow,main,remove_deprecated_headerfilter_allowsearch_main,failure,Run targets,https://github.com/DevExpress/DevExtreme/actions/runs/35196696977/job/105121492050
"17.09.26, 06:52:33",105105808804,35191800616,1,Default Workflow,main,fluent-next/roles-audit,cancelled,Get sources,https://github.com/DevExpress/DevExtreme/actions/runs/35191800616/job/105105808804
"17.09.26, 12:51:15",105209190599,35223493395,1,Demos unit tests,Run unit tests,fix/systemjs-build-codeql,cancelled,Setup pnpm cache,https://github.com/DevExpress/DevExtreme/actions/runs/35223493395/job/105209190599
"17.09.26, 08:41:35",105135604074,35201034448,1,Demos unit tests,Run unit tests,fluent-next/roles-audit,cancelled,Use Node.js,https://github.com/DevExpress/DevExtreme/actions/runs/35201034448/job/105135604074
"17.09.26, 06:52:39",105105834938,35191800573,1,Demos unit tests,Run unit tests,fluent-next/roles-audit,cancelled,Get sources,https://github.com/DevExpress/DevExtreme/actions/runs/35191800573/job/105105834938
"17.09.26, 18:55:10",105338871667,35261734260,1,Lint,JS,gridcore_move_column_sync_to_filter_sync_26_2,failure,Build,https://github.com/DevExpress/DevExtreme/actions/runs/35261734260/job/105338871667
"17.09.26, 18:55:10",105338871871,35261734260,1,Lint,TS,gridcore_move_column_sync_to_filter_sync_26_2,failure,Build,https://github.com/DevExpress/DevExtreme/actions/runs/35261734260/job/105338871871
"17.09.26, 12:51:08",105209156387,35223493486,1,Lint,JS,fix/systemjs-build-codeql,cancelled,Install dependencies,https://github.com/DevExpress/DevExtreme/actions/runs/35223493486/job/105209156387
"17.09.26, 12:51:09",105209156594,35223493486,1,Lint,texts,fix/systemjs-build-codeql,cancelled,Use Node.js,https://github.com/DevExpress/DevExtreme/actions/runs/35223493486/job/105209156594
"17.09.26, 12:51:09",105209156616,35223493486,1,Lint,component_exports,fix/systemjs-build-codeql,cancelled,Post Setup pnpm cache,https://github.com/DevExpress/DevExtreme/actions/runs/35223493486/job/105209156616
"17.09.26, 12:51:09",105209156707,35223493486,1,Lint,wrappers,fix/systemjs-build-codeql,cancelled,Install dependencies,https://github.com/DevExpress/DevExtreme/actions/runs/35223493486/job/105209156707
"17.09.26, 12:51:09",105209156752,35223493486,1,Lint,TS,fix/systemjs-build-codeql,cancelled,Install dependencies,https://github.com/DevExpress/DevExtreme/actions/runs/35223493486/job/105209156752
"17.09.26, 12:52:38",105209643582,35223493486,1,Lint,Send notifications,fix/systemjs-build-codeql,cancelled,,https://github.com/DevExpress/DevExtreme/actions/runs/35223493486/job/105209643582
"17.09.26, 11:15:08",105180282456,35214699750,1,Lint,JS,remove_deprecated_columnchooser_options_main,failure,Build,https://github.com/DevExpress/DevExtreme/actions/runs/35214699750/job/105180282456
"17.09.26, 11:15:08",105180282457,35214699750,1,Lint,TS,remove_deprecated_columnchooser_options_main,failure,Build,https://github.com/DevExpress/DevExtreme/actions/runs/35214699750/job/105180282457
"17.09.26, 08:41:27",105135566643,35201034452,1,Lint,TS,fluent-next/roles-audit,cancelled,Run pnpm/action-setup@v6,https://github.com/DevExpress/DevExtreme/actions/runs/35201034452/job/105135566643
"17.09.26, 08:41:27",105135566804,35201034452,1,Lint,texts,fluent-next/roles-audit,cancelled,Install dependencies,https://github.com/DevExpress/DevExtreme/actions/runs/35201034452/job/105135566804
"17.09.26, 08:41:27",105135566848,35201034452,1,Lint,wrappers,fluent-next/roles-audit,cancelled,Use Node.js,https://github.com/DevExpress/DevExtreme/actions/runs/35201034452/job/105135566848
"17.09.26, 08:41:27",105135566862,35201034452,1,Lint,JS,fluent-next/roles-audit,cancelled,Run pnpm/action-setup@v6,https://github.com/DevExpress/DevExtreme/actions/runs/35201034452/job/105135566862
"17.09.26, 08:41:27",105135566889,35201034452,1,Lint,component_exports,fluent-next/roles-audit,cancelled,Use Node.js,https://github.com/DevExpress/DevExtreme/actions/runs/35201034452/job/105135566889
"17.09.26, 08:42:45",105135943273,35201034452,1,Lint,Send notifications,fluent-next/roles-audit,cancelled,,https://github.com/DevExpress/DevExtreme/actions/runs/35201034452/job/105135943273
"17.09.26, 08:19:27",105129138302,35199055304,1,Lint,JS,fluent-next/roles-audit,cancelled,Lint JS,https://github.com/DevExpress/DevExtreme/actions/runs/35199055304/job/105129138302
"17.09.26, 08:19:27",105129138358,35199055304,1,Lint,TS,fluent-next/roles-audit,cancelled,Lint TS,https://github.com/DevExpress/DevExtreme/actions/runs/35199055304/job/105129138358
"17.09.26, 08:24:59",105130710865,35199055304,1,Lint,Send notifications,fluent-next/roles-audit,cancelled,,https://github.com/DevExpress/DevExtreme/actions/runs/35199055304/job/105130710865
"17.09.26, 07:52:10",105121491688,35196696869,1,Lint,JS,remove_deprecated_headerfilter_allowsearch_main,failure,Build,https://github.com/DevExpress/DevExtreme/actions/runs/35196696869/job/105121491688
"17.09.26, 07:52:10",105121491896,35196696869,1,Lint,TS,remove_deprecated_headerfilter_allowsearch_main,failure,Build,https://github.com/DevExpress/DevExtreme/actions/runs/35196696869/job/105121491896
"17.09.26, 06:52:33",105105808810,35191800754,1,Lint,TS,fluent-next/roles-audit,cancelled,Get sources,https://github.com/DevExpress/DevExtreme/actions/runs/35191800754/job/105105808810
"17.09.26, 06:52:33",105105808938,35191800754,1,Lint,JS,fluent-next/roles-audit,cancelled,Get sources,https://github.com/DevExpress/DevExtreme/actions/runs/35191800754/job/105105808938
"17.09.26, 06:52:33",105105808969,35191800754,1,Lint,wrappers,fluent-next/roles-audit,cancelled,Get sources,https://github.com/DevExpress/DevExtreme/actions/runs/35191800754/job/105105808969
"17.09.26, 06:52:33",105105808978,35191800754,1,Lint,texts,fluent-next/roles-audit,cancelled,Get sources,https://github.com/DevExpress/DevExtreme/actions/runs/35191800754/job/105105808978
"17.09.26, 06:52:33",105105809044,35191800754,1,Lint,component_exports,fluent-next/roles-audit,cancelled,Get sources,https://github.com/DevExpress/DevExtreme/actions/runs/35191800754/job/105105809044
"17.09.26, 06:53:00",105105919367,35191800754,1,Lint,Send notifications,fluent-next/roles-audit,cancelled,,https://github.com/DevExpress/DevExtreme/actions/runs/35191800754/job/105105919367
"17.09.26, 18:55:10",105338870833,35261734025,1,Playgrounds tests,build,gridcore_move_column_sync_to_filter_sync_26_2,failure,Build,https://github.com/DevExpress/DevExtreme/actions/runs/35261734025/job/105338870833
"17.09.26, 12:51:09",105209157495,35223493614,1,Playgrounds tests,build,fix/systemjs-build-codeql,cancelled,Setup pnpm cache,https://github.com/DevExpress/DevExtreme/actions/runs/35223493614/job/105209157495
"17.09.26, 12:51:50",105209380243,35223493614,1,Playgrounds tests,matrix.ARGS.platform,fix/systemjs-build-codeql,cancelled,,https://github.com/DevExpress/DevExtreme/actions/runs/35223493614/job/105209380243
"17.09.26, 11:15:09",105180285008,35214700069,1,Playgrounds tests,build,remove_deprecated_columnchooser_options_main,failure,Build,https://github.com/DevExpress/DevExtreme/actions/runs/35214700069/job/105180285008
"17.09.26, 08:41:29",105135577058,35201034502,1,Playgrounds tests,build,fluent-next/roles-audit,cancelled,Use Node.js,https://github.com/DevExpress/DevExtreme/actions/runs/35201034502/job/105135577058
"17.09.26, 08:42:07",105135757233,35201034502,1,Playgrounds tests,matrix.ARGS.platform,fluent-next/roles-audit,cancelled,,https://github.com/DevExpress/DevExtreme/actions/runs/35201034502/job/105135757233
"17.09.26, 08:19:27",105129137329,35199055436,1,Playgrounds tests,build,fluent-next/roles-audit,cancelled,,https://github.com/DevExpress/DevExtreme/actions/runs/35199055436/job/105129137329
"17.09.26, 08:24:43",105130636469,35199055436,1,Playgrounds tests,matrix.ARGS.platform,fluent-next/roles-audit,cancelled,,https://github.com/DevExpress/DevExtreme/actions/runs/35199055436/job/105130636469
"17.09.26, 07:52:10",105121491569,35196696796,1,Playgrounds tests,build,remove_deprecated_headerfilter_allowsearch_main,failure,Build,https://github.com/DevExpress/DevExtreme/actions/runs/35196696796/job/105121491569
"17.09.26, 06:52:32",105105807798,35191800572,1,Playgrounds tests,build,fluent-next/roles-audit,cancelled,Get sources,https://github.com/DevExpress/DevExtreme/actions/runs/35191800572/job/105105807798
"17.09.26, 06:52:59",105105914486,35191800572,1,Playgrounds tests,matrix.ARGS.platform,fluent-next/roles-audit,cancelled,,https://github.com/DevExpress/DevExtreme/actions/runs/35191800572/job/105105914486
"17.09.26, 18:55:10",105338873634,35261734224,1,QUnit tests,Build,gridcore_move_column_sync_to_filter_sync_26_2,failure,Build,https://github.com/DevExpress/DevExtreme/actions/runs/35261734224/job/105338873634
"17.09.26, 12:51:09",105209156980,35223493536,1,QUnit tests,Build,fix/systemjs-build-codeql,cancelled,Install dependencies,https://github.com/DevExpress/DevExtreme/actions/runs/35223493536/job/105209156980
"17.09.26, 12:52:39",105209647299,35223493536,1,QUnit tests,"Constel ${{ matrix.CONSTEL }}${{ (((matrix.TIMEZONE != '') && format('-{0}', matrix.TIMEZONE)) || '') }}${{ (((matrix.CSP == 'false') && '-no-csp') || '') }}",fix/systemjs-build-codeql,cancelled,,https://github.com/DevExpress/DevExtreme/actions/runs/35223493536/job/105209647299
"17.09.26, 12:52:39",105209647739,35223493536,1,QUnit tests,${{ matrix.constel }}-shadow-dom,fix/systemjs-build-codeql,cancelled,,https://github.com/DevExpress/DevExtreme/actions/runs/35223493536/job/105209647739
"17.09.26, 12:52:39",105209648361,35223493536,1,QUnit tests,Send notifications,fix/systemjs-build-codeql,cancelled,,https://github.com/DevExpress/DevExtreme/actions/runs/35223493536/job/105209648361
"17.09.26, 12:50:21",105208895885,35223027530,1,QUnit tests,ui.grid-shadow-dom,remove_deprecated_headerfilter_options_main,failure,Run QUnit tests,https://github.com/DevExpress/DevExtreme/actions/runs/35223027530/job/105208895885
"17.09.26, 12:50:21",105208896021,35223027530,1,QUnit tests,Constel ui.grid,remove_deprecated_headerfilter_options_main,failure,Run QUnit tests,https://github.com/DevExpress/DevExtreme/actions/runs/35223027530/job/105208896021
"17.09.26, 12:06:54",105195212050,35218912960,1,QUnit tests,ui.widgets-shadow-dom,gh-readonly-queue/main/pr-35258-a6a600dfebcbe34373cb8afbdc507abad0af637e,failure,,https://github.com/DevExpress/DevExtreme/actions/runs/35218912960/job/105195212050
"17.09.26, 11:55:38",105191863358,35217923639,1,QUnit tests,ui.grid-shadow-dom,gh-readonly-queue/main/pr-35255-60e8d8e9114f2135d4013948b5d860f2bb45af39,failure,,https://github.com/DevExpress/DevExtreme/actions/runs/35217923639/job/105191863358
"17.09.26, 11:41:42",105187857560,35216679392,1,QUnit tests,ui.grid-shadow-dom,refactor/gridcore-invert-focus-fire-changed-26_2,failure,Run QUnit tests,https://github.com/DevExpress/DevExtreme/actions/runs/35216679392/job/105187857560
"17.09.26, 11:41:42",105187857597,35216679392,1,QUnit tests,Constel ui.grid,refactor/gridcore-invert-focus-fire-changed-26_2,failure,Run QUnit tests,https://github.com/DevExpress/DevExtreme/actions/runs/35216679392/job/105187857597
"17.09.26, 11:15:09",105180283611,35214699859,1,QUnit tests,Build,remove_deprecated_columnchooser_options_main,failure,Build,https://github.com/DevExpress/DevExtreme/actions/runs/35214699859/job/105180283611
"17.09.26, 11:01:50",105176510484,35213181695,1,QUnit tests,ui.scheduler-shadow-dom,26_1,failure,,https://github.com/DevExpress/DevExtreme/actions/runs/35213181695/job/105176510484
"17.09.26, 08:41:27",105135566265,35201034411,1,QUnit tests,Build,fluent-next/roles-audit,cancelled,Use Node.js,https://github.com/DevExpress/DevExtreme/actions/runs/35201034411/job/105135566265
"17.09.26, 08:42:06",105135749489,35201034411,1,QUnit tests,"Constel ${{ matrix.CONSTEL }}${{ (((matrix.TIMEZONE != '') && format('-{0}', matrix.TIMEZONE)) || '') }}${{ (((matrix.CSP == 'false') && '-no-csp') || '') }}",fluent-next/roles-audit,cancelled,,https://github.com/DevExpress/DevExtreme/actions/runs/35201034411/job/105135749489
"17.09.26, 08:42:06",105135749795,35201034411,1,QUnit tests,${{ matrix.constel }}-shadow-dom,fluent-next/roles-audit,cancelled,,https://github.com/DevExpress/DevExtreme/actions/runs/35201034411/job/105135749795
"17.09.26, 08:42:06",105135750637,35201034411,1,QUnit tests,Send notifications,fluent-next/roles-audit,cancelled,,https://github.com/DevExpress/DevExtreme/actions/runs/35201034411/job/105135750637
"17.09.26, 08:23:02",105130157614,35199055393,1,QUnit tests,ui.editors-shadow-dom,fluent-next/roles-audit,cancelled,Run QUnit tests,https://github.com/DevExpress/DevExtreme/actions/runs/35199055393/job/105130157614
"17.09.26, 08:23:02",105130157656,35199055393,1,QUnit tests,ui.scheduler-shadow-dom,fluent-next/roles-audit,cancelled,Run QUnit tests,https://github.com/DevExpress/DevExtreme/actions/runs/35199055393/job/105130157656
"17.09.26, 08:23:02",105130157675,35199055393,1,QUnit tests,ui.widgets-shadow-dom,fluent-next/roles-audit,cancelled,Run QUnit tests,https://github.com/DevExpress/DevExtreme/actions/runs/35199055393/job/105130157675
"17.09.26, 08:23:02",105130157725,35199055393,1,QUnit tests,ui-shadow-dom,fluent-next/roles-audit,cancelled,Run QUnit tests,https://github.com/DevExpress/DevExtreme/actions/runs/35199055393/job/105130157725
"17.09.26, 08:23:02",105130157739,35199055393,1,QUnit tests,ui.grid-shadow-dom,fluent-next/roles-audit,cancelled,Run QUnit tests,https://github.com/DevExpress/DevExtreme/actions/runs/35199055393/job/105130157739
"17.09.26, 08:23:02",105130157838,35199055393,1,QUnit tests,Constel ui.grid,fluent-next/roles-audit,cancelled,Run QUnit tests,https://github.com/DevExpress/DevExtreme/actions/runs/35199055393/job/105130157838
"17.09.26, 08:23:02",105130157843,35199055393,1,QUnit tests,Constel ui.editors,fluent-next/roles-audit,cancelled,Run QUnit tests,https://github.com/DevExpress/DevExtreme/actions/runs/35199055393/job/105130157843
"17.09.26, 08:23:02",105130157847,35199055393,1,QUnit tests,Constel ui.scheduler-US/Pacific,fluent-next/roles-audit,cancelled,Run QUnit tests,https://github.com/DevExpress/DevExtreme/actions/runs/35199055393/job/105130157847
"17.09.26, 08:23:02",105130157863,35199055393,1,QUnit tests,Constel misc,fluent-next/roles-audit,cancelled,Run QUnit tests,https://github.com/DevExpress/DevExtreme/actions/runs/35199055393/job/105130157863
"17.09.26, 08:23:02",105130157868,35199055393,1,QUnit tests,Constel ui.scheduler,fluent-next/roles-audit,cancelled,Run QUnit tests,https://github.com/DevExpress/DevExtreme/actions/runs/35199055393/job/105130157868
"17.09.26, 08:23:02",105130157869,35199055393,1,QUnit tests,Constel ui,fluent-next/roles-audit,cancelled,Run QUnit tests,https://github.com/DevExpress/DevExtreme/actions/runs/35199055393/job/105130157869
"17.09.26, 08:23:02",105130157951,35199055393,1,QUnit tests,Constel misc-no-csp,fluent-next/roles-audit,cancelled,Run QUnit tests,https://github.com/DevExpress/DevExtreme/actions/runs/35199055393/job/105130157951
"17.09.26, 08:23:02",105130158006,35199055393,1,QUnit tests,Constel ui.widgets-no-csp,fluent-next/roles-audit,cancelled,Run QUnit tests,https://github.com/DevExpress/DevExtreme/actions/runs/35199055393/job/105130158006
"17.09.26, 08:25:19",105130806949,35199055393,1,QUnit tests,Send notifications,fluent-next/roles-audit,cancelled,,https://github.com/DevExpress/DevExtreme/actions/runs/35199055393/job/105130806949
"17.09.26, 07:52:10",105121492736,35196696885,1,QUnit tests,Build,remove_deprecated_headerfilter_allowsearch_main,failure,Build,https://github.com/DevExpress/DevExtreme/actions/runs/35196696885/job/105121492736
"17.09.26, 07:43:36",105119171215,35195522354,1,QUnit tests,ui-shadow-dom,fluent-next/roles-audit,failure,,https://github.com/DevExpress/DevExtreme/actions/runs/35195522354/job/105119171215
"17.09.26, 07:43:36",105119171254,35195522354,1,QUnit tests,Constel ui.scheduler,fluent-next/roles-audit,failure,,https://github.com/DevExpress/DevExtreme/actions/runs/35195522354/job/105119171254
"17.09.26, 07:43:36",105119171296,35195522354,1,QUnit tests,Constel ui.grid,fluent-next/roles-audit,failure,,https://github.com/DevExpress/DevExtreme/actions/runs/35195522354/job/105119171296
"17.09.26, 06:52:33",105105808670,35191800706,1,QUnit tests,Build,fluent-next/roles-audit,cancelled,Get sources,https://github.com/DevExpress/DevExtreme/actions/runs/35191800706/job/105105808670
"17.09.26, 06:52:57",105105904638,35191800706,1,QUnit tests,${{ matrix.constel }}-shadow-dom,fluent-next/roles-audit,cancelled,,https://github.com/DevExpress/DevExtreme/actions/runs/35191800706/job/105105904638
"17.09.26, 06:52:57",105105904779,35191800706,1,QUnit tests,"Constel ${{ matrix.CONSTEL }}${{ (((matrix.TIMEZONE != '') && format('-{0}', matrix.TIMEZONE)) || '') }}${{ (((matrix.CSP == 'false') && '-no-csp') || '') }}",fluent-next/roles-audit,cancelled,,https://github.com/DevExpress/DevExtreme/actions/runs/35191800706/job/105105904779
"17.09.26, 06:52:57",105105905777,35191800706,1,QUnit tests,Send notifications,fluent-next/roles-audit,cancelled,,https://github.com/DevExpress/DevExtreme/actions/runs/35191800706/job/105105905777
"17.09.26, 18:55:10",105338871087,35261734288,1,Jest tests,jest-tests,gridcore_move_column_sync_to_filter_sync_26_2,failure,Check test types,https://github.com/DevExpress/DevExtreme/actions/runs/35261734288/job/105338871087
"17.09.26, 12:51:09",105209158436,35223493418,1,Jest tests,jest-tests,fix/systemjs-build-codeql,cancelled,Install dependencies,https://github.com/DevExpress/DevExtreme/actions/runs/35223493418/job/105209158436
"17.09.26, 12:52:40",105209650909,35223493418,1,Jest tests,Send notifications,fix/systemjs-build-codeql,cancelled,,https://github.com/DevExpress/DevExtreme/actions/runs/35223493418/job/105209650909
"17.09.26, 11:59:33",105193001104,35218614139,1,Jest tests,jest-tests,feature/26_2_new_fluent_theme_with_design_tokens_5120-fluent-next-research-if-its-possible-to-use-shadow-tokens-instead-of-building-shadows-in-scss,failure,,https://github.com/DevExpress/DevExtreme/actions/runs/35218614139/job/105193001104
"17.09.26, 12:17:00",105198266810,35218614139,2,Jest tests,jest-tests,feature/26_2_new_fluent_theme_with_design_tokens_5120-fluent-next-research-if-its-possible-to-use-shadow-tokens-instead-of-building-shadows-in-scss,cancelled,Jest tests,https://github.com/DevExpress/DevExtreme/actions/runs/35218614139/job/105198266810
"17.09.26, 12:21:32",105199674193,35218614139,2,Jest tests,Send notifications,feature/26_2_new_fluent_theme_with_design_tokens_5120-fluent-next-research-if-its-possible-to-use-shadow-tokens-instead-of-building-shadows-in-scss,cancelled,,https://github.com/DevExpress/DevExtreme/actions/runs/35218614139/job/105199674193
"17.09.26, 11:15:09",105180285223,35214699915,1,Jest tests,jest-tests,remove_deprecated_columnchooser_options_main,failure,Check test types,https://github.com/DevExpress/DevExtreme/actions/runs/35214699915/job/105180285223
"17.09.26, 08:53:48",105139234653,35202160532,1,Jest tests,jest-tests,feature/26_2_new_fluent_theme_with_design_tokens_5120-fluent-next-research-if-its-possible-to-use-shadow-tokens-instead-of-building-shadows-in-scss,failure,,https://github.com/DevExpress/DevExtreme/actions/runs/35202160532/job/105139234653
"17.09.26, 08:41:29",105135576728,35201034449,1,Jest tests,jest-tests,fluent-next/roles-audit,cancelled,Use Node.js,https://github.com/DevExpress/DevExtreme/actions/runs/35201034449/job/105135576728
"17.09.26, 08:42:07",105135754413,35201034449,1,Jest tests,Send notifications,fluent-next/roles-audit,cancelled,,https://github.com/DevExpress/DevExtreme/actions/runs/35201034449/job/105135754413
"17.09.26, 08:19:27",105129137525,35199055442,1,Jest tests,jest-tests,fluent-next/roles-audit,cancelled,Jest tests,https://github.com/DevExpress/DevExtreme/actions/runs/35199055442/job/105129137525
"17.09.26, 08:25:00",105130715273,35199055442,1,Jest tests,Send notifications,fluent-next/roles-audit,cancelled,,https://github.com/DevExpress/DevExtreme/actions/runs/35199055442/job/105130715273
"17.09.26, 07:52:10",105121492067,35196696944,1,Jest tests,jest-tests,remove_deprecated_headerfilter_allowsearch_main,failure,Check test types,https://github.com/DevExpress/DevExtreme/actions/runs/35196696944/job/105121492067
"17.09.26, 06:52:33",105105808766,35191800780,1,Jest tests,jest-tests,fluent-next/roles-audit,cancelled,Get sources,https://github.com/DevExpress/DevExtreme/actions/runs/35191800780/job/105105808766
"17.09.26, 06:52:57",105105904639,35191800780,1,Jest tests,Send notifications,fluent-next/roles-audit,cancelled,,https://github.com/DevExpress/DevExtreme/actions/runs/35191800780/job/105105904639
"17.09.26, 12:51:08",105209156314,35223493481,1,Styles tests,Tests,fix/systemjs-build-codeql,cancelled,Install dependencies,https://github.com/DevExpress/DevExtreme/actions/runs/35223493481/job/105209156314
"17.09.26, 12:52:33",105209611868,35223493481,1,Styles tests,Send notifications,fix/systemjs-build-codeql,cancelled,,https://github.com/DevExpress/DevExtreme/actions/runs/35223493481/job/105209611868
"17.09.26, 08:41:27",105135566839,35201034473,1,Styles tests,Tests,fluent-next/roles-audit,cancelled,Use Node.js,https://github.com/DevExpress/DevExtreme/actions/runs/35201034473/job/105135566839
"17.09.26, 08:42:06",105135752460,35201034473,1,Styles tests,Send notifications,fluent-next/roles-audit,cancelled,,https://github.com/DevExpress/DevExtreme/actions/runs/35201034473/job/105135752460
"17.09.26, 06:52:33",105105808801,35191800739,1,Styles tests,Tests,fluent-next/roles-audit,cancelled,Get sources,https://github.com/DevExpress/DevExtreme/actions/runs/35191800739/job/105105808801
"17.09.26, 06:52:58",105105908891,35191800739,1,Styles tests,Send notifications,fluent-next/roles-audit,cancelled,,https://github.com/DevExpress/DevExtreme/actions/runs/35191800739/job/105105908891
"17.09.26, 18:55:26",105338969747,35261733900,1,TestCafe tests,Build DevExtreme,gridcore_move_column_sync_to_filter_sync_26_2,failure,Build,https://github.com/DevExpress/DevExtreme/actions/runs/35261733900/job/105338969747
"17.09.26, 12:51:27",105209254899,35223493368,1,TestCafe tests,Build DevExtreme,fix/systemjs-build-codeql,cancelled,,https://github.com/DevExpress/DevExtreme/actions/runs/35223493368/job/105209254899
"17.09.26, 12:51:27",105209254900,35223493368,1,TestCafe tests,Determine TestCafe matrix,fix/systemjs-build-codeql,cancelled,,https://github.com/DevExpress/DevExtreme/actions/runs/35223493368/job/105209254900
"17.09.26, 12:51:28",105209262529,35223493368,1,TestCafe tests,${{ matrix.name }}${{ ((!matrix.theme && ' - fluent') || '') }},fix/systemjs-build-codeql,cancelled,,https://github.com/DevExpress/DevExtreme/actions/runs/35223493368/job/105209262529
"17.09.26, 12:51:29",105209263162,35223493368,1,TestCafe tests,quarantine,fix/systemjs-build-codeql,cancelled,,https://github.com/DevExpress/DevExtreme/actions/runs/35223493368/job/105209263162
"17.09.26, 12:51:30",105209269182,35223493368,1,TestCafe tests,Send notifications,fix/systemjs-build-codeql,cancelled,,https://github.com/DevExpress/DevExtreme/actions/runs/35223493368/job/105209269182
"17.09.26, 12:36:18",105204362629,35221590719,1,TestCafe tests,dataGrid (2/4) - fluent,refactor/gridcore-invert-focus-fire-changed-26_1,failure,,https://github.com/DevExpress/DevExtreme/actions/runs/35221590719/job/105204362629
"17.09.26, 12:14:00",105197341118,35218614089,1,TestCafe tests,quarantine,feature/26_2_new_fluent_theme_with_design_tokens_5120-fluent-next-research-if-its-possible-to-use-shadow-tokens-instead-of-building-shadows-in-scss,failure,Run quarantined tests,https://github.com/DevExpress/DevExtreme/actions/runs/35218614089/job/105197341118
"17.09.26, 11:50:03",105190246930,35216875061,1,TestCafe tests,quarantine,feature/26_2_new_fluent_theme_with_design_tokens_5120-fluent-next-research-if-its-possible-to-use-shadow-tokens-instead-of-building-shadows-in-scss,failure,Run quarantined tests,https://github.com/DevExpress/DevExtreme/actions/runs/35216875061/job/105190246930
"17.09.26, 11:43:33",105188386369,35216679471,1,TestCafe tests,scheduler / viewOffset (1/2) - fluent,refactor/gridcore-invert-focus-fire-changed-26_2,cancelled,Run TestCafe tests,https://github.com/DevExpress/DevExtreme/actions/runs/35216679471/job/105188386369
"17.09.26, 11:43:33",105188386395,35216679471,1,TestCafe tests,dataGrid (2/4) - fluent,refactor/gridcore-invert-focus-fire-changed-26_2,cancelled,Run TestCafe tests,https://github.com/DevExpress/DevExtreme/actions/runs/35216679471/job/105188386395
"17.09.26, 11:43:33",105188386411,35216679471,1,TestCafe tests,scheduler / common (3/3) - fluent,refactor/gridcore-invert-focus-fire-changed-26_2,cancelled,Run TestCafe tests,https://github.com/DevExpress/DevExtreme/actions/runs/35216679471/job/105188386411
"17.09.26, 11:43:33",105188386414,35216679471,1,TestCafe tests,accessibility - fluent,refactor/gridcore-invert-focus-fire-changed-26_2,cancelled,,https://github.com/DevExpress/DevExtreme/actions/runs/35216679471/job/105188386414
"17.09.26, 11:43:33",105188386417,35216679471,1,TestCafe tests,scheduler / common (1/3) - fluent,refactor/gridcore-invert-focus-fire-changed-26_2,cancelled,Run TestCafe tests,https://github.com/DevExpress/DevExtreme/actions/runs/35216679471/job/105188386417
"17.09.26, 11:43:33",105188386419,35216679471,1,TestCafe tests,navigation - fluent,refactor/gridcore-invert-focus-fire-changed-26_2,cancelled,Run TestCafe tests,https://github.com/DevExpress/DevExtreme/actions/runs/35216679471/job/105188386419
"17.09.26, 11:43:33",105188386426,35216679471,1,TestCafe tests,dataGrid (3/4) - fluent,refactor/gridcore-invert-focus-fire-changed-26_2,cancelled,Run TestCafe tests,https://github.com/DevExpress/DevExtreme/actions/runs/35216679471/job/105188386426
"17.09.26, 11:43:33",105188386474,35216679471,1,TestCafe tests,dataGrid (1/4) - fluent,refactor/gridcore-invert-focus-fire-changed-26_2,cancelled,Run TestCafe tests,https://github.com/DevExpress/DevExtreme/actions/runs/35216679471/job/105188386474
"17.09.26, 11:43:33",105188386489,35216679471,1,TestCafe tests,scheduler / viewOffset (2/2) - fluent,refactor/gridcore-invert-focus-fire-changed-26_2,cancelled,Run TestCafe tests,https://github.com/DevExpress/DevExtreme/actions/runs/35216679471/job/105188386489
"17.09.26, 11:43:33",105188386498,35216679471,1,TestCafe tests,editors - fluent,refactor/gridcore-invert-focus-fire-changed-26_2,cancelled,Run TestCafe tests,https://github.com/DevExpress/DevExtreme/actions/runs/35216679471/job/105188386498
"17.09.26, 11:43:33",105188386528,35216679471,1,TestCafe tests,dataGrid (4/4) - fluent,refactor/gridcore-invert-focus-fire-changed-26_2,cancelled,Run TestCafe tests,https://github.com/DevExpress/DevExtreme/actions/runs/35216679471/job/105188386528
"17.09.26, 11:43:33",105188386586,35216679471,1,TestCafe tests,scheduler / common (2/3) - fluent,refactor/gridcore-invert-focus-fire-changed-26_2,cancelled,Run TestCafe tests,https://github.com/DevExpress/DevExtreme/actions/runs/35216679471/job/105188386586
"17.09.26, 11:43:33",105188386928,35216679471,1,TestCafe tests,common - fluent,refactor/gridcore-invert-focus-fire-changed-26_2,cancelled,Run TestCafe tests,https://github.com/DevExpress/DevExtreme/actions/runs/35216679471/job/105188386928
"17.09.26, 11:49:07",105189978884,35216679471,1,TestCafe tests,Send notifications,refactor/gridcore-invert-focus-fire-changed-26_2,cancelled,,https://github.com/DevExpress/DevExtreme/actions/runs/35216679471/job/105189978884
"17.09.26, 11:49:07",105189978922,35216679471,1,TestCafe tests,quarantine,refactor/gridcore-invert-focus-fire-changed-26_2,cancelled,,https://github.com/DevExpress/DevExtreme/actions/runs/35216679471/job/105189978922
"17.09.26, 11:15:25",105180367176,35214699822,1,TestCafe tests,Build DevExtreme,remove_deprecated_columnchooser_options_main,failure,Build,https://github.com/DevExpress/DevExtreme/actions/runs/35214699822/job/105180367176
"17.09.26, 11:14:38",105180140596,35214104084,1,TestCafe tests,dataGrid (4/4) - fluent-next,feature/26_2_new_fluent_theme_with_design_tokens_5120-fluent-next-research-if-its-possible-to-use-shadow-tokens-instead-of-building-shadows-in-scss,failure,Run TestCafe tests,https://github.com/DevExpress/DevExtreme/actions/runs/35214104084/job/105180140596
"17.09.26, 11:14:38",105180140614,35214104084,1,TestCafe tests,scheduler / common (2/3) - fluent-next,feature/26_2_new_fluent_theme_with_design_tokens_5120-fluent-next-research-if-its-possible-to-use-shadow-tokens-instead-of-building-shadows-in-scss,failure,Run TestCafe tests,https://github.com/DevExpress/DevExtreme/actions/runs/35214104084/job/105180140614
"17.09.26, 11:14:38",105180140716,35214104084,1,TestCafe tests,scheduler / common (3/3) - fluent-next,feature/26_2_new_fluent_theme_with_design_tokens_5120-fluent-next-research-if-its-possible-to-use-shadow-tokens-instead-of-building-shadows-in-scss,failure,Run TestCafe tests,https://github.com/DevExpress/DevExtreme/actions/runs/35214104084/job/105180140716
"17.09.26, 11:14:38",105180140752,35214104084,1,TestCafe tests,scheduler / common (1/3) - fluent-next,feature/26_2_new_fluent_theme_with_design_tokens_5120-fluent-next-research-if-its-possible-to-use-shadow-tokens-instead-of-building-shadows-in-scss,failure,Run TestCafe tests,https://github.com/DevExpress/DevExtreme/actions/runs/35214104084/job/105180140752
"17.09.26, 11:20:35",105181828290,35214104084,1,TestCafe tests,quarantine,feature/26_2_new_fluent_theme_with_design_tokens_5120-fluent-next-research-if-its-possible-to-use-shadow-tokens-instead-of-building-shadows-in-scss,failure,Run quarantined tests,https://github.com/DevExpress/DevExtreme/actions/runs/35214104084/job/105181828290
"17.09.26, 10:59:41",105175883560,35212861581,1,TestCafe tests,dataGrid (1/4) - fluent,typescript/viz/es6_funnel,failure,Run TestCafe tests,https://github.com/DevExpress/DevExtreme/actions/runs/35212861581/job/105175883560
"17.09.26, 09:08:18",105143506326,35202577670,1,TestCafe tests,quarantine,fluent-next/roles-audit,failure,Run quarantined tests,https://github.com/DevExpress/DevExtreme/actions/runs/35202577670/job/105143506326
"17.09.26, 08:55:00",105139580746,35201085420,1,TestCafe tests,quarantine,fluent-next/roles-audit,failure,Run quarantined tests,https://github.com/DevExpress/DevExtreme/actions/runs/35201085420/job/105139580746
"17.09.26, 08:42:03",105135734409,35201034483,1,TestCafe tests,Determine TestCafe matrix,fluent-next/roles-audit,cancelled,,https://github.com/DevExpress/DevExtreme/actions/runs/35201034483/job/105135734409
"17.09.26, 08:42:03",105135734443,35201034483,1,TestCafe tests,Build DevExtreme,fluent-next/roles-audit,cancelled,,https://github.com/DevExpress/DevExtreme/actions/runs/35201034483/job/105135734443
"17.09.26, 08:42:04",105135739667,35201034483,1,TestCafe tests,${{ matrix.name }}${{ ((!matrix.theme && ' - fluent') || '') }},fluent-next/roles-audit,cancelled,,https://github.com/DevExpress/DevExtreme/actions/runs/35201034483/job/105135739667
"17.09.26, 08:42:04",105135740418,35201034483,1,TestCafe tests,quarantine,fluent-next/roles-audit,cancelled,,https://github.com/DevExpress/DevExtreme/actions/runs/35201034483/job/105135740418
"17.09.26, 08:42:04",105135740928,35201034483,1,TestCafe tests,Send notifications,fluent-next/roles-audit,cancelled,,https://github.com/DevExpress/DevExtreme/actions/runs/35201034483/job/105135740928
"17.09.26, 08:36:15",105134007836,35199504931,1,TestCafe tests,quarantine,fluent-next/roles-audit,failure,Run quarantined tests,https://github.com/DevExpress/DevExtreme/actions/runs/35199504931/job/105134007836
"17.09.26, 08:20:00",105129293369,35199055370,1,TestCafe tests,Build DevExtreme,fluent-next/roles-audit,cancelled,Build,https://github.com/DevExpress/DevExtreme/actions/runs/35199055370/job/105129293369
"17.09.26, 08:24:58",105130708181,35199055370,1,TestCafe tests,${{ matrix.name }}${{ ((!matrix.theme && ' - fluent') || '') }},fluent-next/roles-audit,cancelled,,https://github.com/DevExpress/DevExtreme/actions/runs/35199055370/job/105130708181
"17.09.26, 08:24:58",105130708303,35199055370,1,TestCafe tests,quarantine,fluent-next/roles-audit,cancelled,,https://github.com/DevExpress/DevExtreme/actions/runs/35199055370/job/105130708303
"17.09.26, 08:24:58",105130709543,35199055370,1,TestCafe tests,Send notifications,fluent-next/roles-audit,cancelled,,https://github.com/DevExpress/DevExtreme/actions/runs/35199055370/job/105130709543
"17.09.26, 07:52:26",105121563062,35196696923,1,TestCafe tests,Build DevExtreme,remove_deprecated_headerfilter_allowsearch_main,failure,Build,https://github.com/DevExpress/DevExtreme/actions/runs/35196696923/job/105121563062
"17.09.26, 07:55:09",105122296407,35196486441,1,TestCafe tests,scheduler / common (2/3) - fluent,gh-readonly-queue/main/pr-35248-f73b4a282e50a23de66ccabab34c05c96adcd1ef,failure,Run TestCafe tests,https://github.com/DevExpress/DevExtreme/actions/runs/35196486441/job/105122296407
"17.09.26, 07:46:21",105119935806,35195522317,1,TestCafe tests,editors - fluent-next,fluent-next/roles-audit,failure,Run TestCafe tests,https://github.com/DevExpress/DevExtreme/actions/runs/35195522317/job/105119935806
"17.09.26, 07:46:21",105119935857,35195522317,1,TestCafe tests,dataGrid (2/4) - fluent-next,fluent-next/roles-audit,failure,Run TestCafe tests,https://github.com/DevExpress/DevExtreme/actions/runs/35195522317/job/105119935857
"17.09.26, 07:46:21",105119935997,35195522317,1,TestCafe tests,navigation - fluent-next,fluent-next/roles-audit,failure,Run TestCafe tests,https://github.com/DevExpress/DevExtreme/actions/runs/35195522317/job/105119935997
"17.09.26, 08:04:45",105124939525,35195522317,1,TestCafe tests,quarantine,fluent-next/roles-audit,failure,Run quarantined tests,https://github.com/DevExpress/DevExtreme/actions/runs/35195522317/job/105124939525
"17.09.26, 07:41:33",105118619042,35195189099,1,TestCafe tests,common - fluent,chart_scrollbar_internal_bug_26_2,failure,Run TestCafe tests,https://github.com/DevExpress/DevExtreme/actions/runs/35195189099/job/105118619042
"17.09.26, 07:41:33",105118619049,35195189099,1,TestCafe tests,dataGrid (1/4) - fluent,chart_scrollbar_internal_bug_26_2,failure,,https://github.com/DevExpress/DevExtreme/actions/runs/35195189099/job/105118619049
"17.09.26, 07:37:26",105117502759,35194959982,1,TestCafe tests,editors - fluent,gh-readonly-queue/main/pr-35248-f73b4a282e50a23de66ccabab34c05c96adcd1ef,failure,Run TestCafe tests,https://github.com/DevExpress/DevExtreme/actions/runs/35194959982/job/105117502759
"17.09.26, 07:37:26",105117502786,35194959982,1,TestCafe tests,navigation - fluent,gh-readonly-queue/main/pr-35248-f73b4a282e50a23de66ccabab34c05c96adcd1ef,cancelled,Run TestCafe tests,https://github.com/DevExpress/DevExtreme/actions/runs/35194959982/job/105117502786
"17.09.26, 07:08:13",105109754853,35192690099,1,TestCafe tests,editors - fluent-next,fluent-next/roles-audit,failure,Run TestCafe tests,https://github.com/DevExpress/DevExtreme/actions/runs/35192690099/job/105109754853
"17.09.26, 07:08:13",105109754939,35192690099,1,TestCafe tests,navigation - fluent-next,fluent-next/roles-audit,failure,Run TestCafe tests,https://github.com/DevExpress/DevExtreme/actions/runs/35192690099/job/105109754939
"17.09.26, 07:08:13",105109754995,35192690099,1,TestCafe tests,dataGrid (2/4) - fluent-next,fluent-next/roles-audit,failure,Run TestCafe tests,https://github.com/DevExpress/DevExtreme/actions/runs/35192690099/job/105109754995
"17.09.26, 07:15:07",105111544104,35192690099,1,TestCafe tests,quarantine,fluent-next/roles-audit,failure,Run quarantined tests,https://github.com/DevExpress/DevExtreme/actions/runs/35192690099/job/105111544104
"17.09.26, 06:59:52",105107601165,35191829041,1,TestCafe tests,accessibility - fluent.dark,fluent-next/roles-audit,cancelled,Run TestCafe tests,https://github.com/DevExpress/DevExtreme/actions/runs/35191829041/job/105107601165
"17.09.26, 06:59:52",105107601201,35191829041,1,TestCafe tests,scheduler / viewOffset (2/2) - fluent,fluent-next/roles-audit,cancelled,Run TestCafe tests,https://github.com/DevExpress/DevExtreme/actions/runs/35191829041/job/105107601201
"17.09.26, 06:59:52",105107601202,35191829041,1,TestCafe tests,dataGrid (2/4) - fluent,fluent-next/roles-audit,cancelled,Run TestCafe tests,https://github.com/DevExpress/DevExtreme/actions/runs/35191829041/job/105107601202
"17.09.26, 06:59:52",105107601209,35191829041,1,TestCafe tests,accessibility - fluent,fluent-next/roles-audit,cancelled,Run TestCafe tests,https://github.com/DevExpress/DevExtreme/actions/runs/35191829041/job/105107601209
"17.09.26, 06:59:52",105107601211,35191829041,1,TestCafe tests,navigation - fluent,fluent-next/roles-audit,cancelled,Run TestCafe tests,https://github.com/DevExpress/DevExtreme/actions/runs/35191829041/job/105107601211
"17.09.26, 06:59:52",105107601213,35191829041,1,TestCafe tests,accessibility - fluent-next.dark,fluent-next/roles-audit,cancelled,Run TestCafe tests,https://github.com/DevExpress/DevExtreme/actions/runs/35191829041/job/105107601213
"17.09.26, 06:59:52",105107601219,35191829041,1,TestCafe tests,common - fluent,fluent-next/roles-audit,cancelled,Run TestCafe tests,https://github.com/DevExpress/DevExtreme/actions/runs/35191829041/job/105107601219
"17.09.26, 06:59:52",105107601224,35191829041,1,TestCafe tests,editors - fluent,fluent-next/roles-audit,cancelled,Run TestCafe tests,https://github.com/DevExpress/DevExtreme/actions/runs/35191829041/job/105107601224
"17.09.26, 06:59:52",105107601239,35191829041,1,TestCafe tests,dataGrid (4/4) - fluent,fluent-next/roles-audit,cancelled,Run TestCafe tests,https://github.com/DevExpress/DevExtreme/actions/runs/35191829041/job/105107601239
"17.09.26, 06:59:52",105107601240,35191829041,1,TestCafe tests,scheduler / viewOffset (1/2) - fluent,fluent-next/roles-audit,cancelled,Run TestCafe tests,https://github.com/DevExpress/DevExtreme/actions/runs/35191829041/job/105107601240
"17.09.26, 06:59:52",105107601248,35191829041,1,TestCafe tests,cardView - fluent,fluent-next/roles-audit,cancelled,Run TestCafe tests,https://github.com/DevExpress/DevExtreme/actions/runs/35191829041/job/105107601248
"17.09.26, 06:59:52",105107601250,35191829041,1,TestCafe tests,accessibility - material.dark,fluent-next/roles-audit,cancelled,Run TestCafe tests,https://github.com/DevExpress/DevExtreme/actions/runs/35191829041/job/105107601250
"17.09.26, 06:59:52",105107601273,35191829041,1,TestCafe tests,dataGrid (1/4) - fluent,fluent-next/roles-audit,cancelled,Run TestCafe tests,https://github.com/DevExpress/DevExtreme/actions/runs/35191829041/job/105107601273
"17.09.26, 06:59:52",105107601278,35191829041,1,TestCafe tests,scheduler / common (1/3) - fluent,fluent-next/roles-audit,cancelled,Run TestCafe tests,https://github.com/DevExpress/DevExtreme/actions/runs/35191829041/job/105107601278
"17.09.26, 06:59:52",105107601305,35191829041,1,TestCafe tests,scheduler / common (3/3) - fluent,fluent-next/roles-audit,cancelled,Run TestCafe tests,https://github.com/DevExpress/DevExtreme/actions/runs/35191829041/job/105107601305
"17.09.26, 06:59:52",105107601349,35191829041,1,TestCafe tests,dataGrid (3/4) - fluent,fluent-next/roles-audit,cancelled,Run TestCafe tests,https://github.com/DevExpress/DevExtreme/actions/runs/35191829041/job/105107601349
"17.09.26, 06:59:52",105107601350,35191829041,1,TestCafe tests,navigation - fluent-next,fluent-next/roles-audit,cancelled,Run TestCafe tests,https://github.com/DevExpress/DevExtreme/actions/runs/35191829041/job/105107601350
"17.09.26, 06:59:52",105107601351,35191829041,1,TestCafe tests,dataGrid (3/4) - fluent-next,fluent-next/roles-audit,cancelled,Run TestCafe tests,https://github.com/DevExpress/DevExtreme/actions/runs/35191829041/job/105107601351
"17.09.26, 06:59:52",105107601352,35191829041,1,TestCafe tests,scheduler / common (2/3) - fluent,fluent-next/roles-audit,cancelled,Run TestCafe tests,https://github.com/DevExpress/DevExtreme/actions/runs/35191829041/job/105107601352
"17.09.26, 06:59:52",105107601357,35191829041,1,TestCafe tests,dataGrid (4/4) - fluent-next,fluent-next/roles-audit,cancelled,Run TestCafe tests,https://github.com/DevExpress/DevExtreme/actions/runs/35191829041/job/105107601357
"17.09.26, 06:59:52",105107601359,35191829041,1,TestCafe tests,accessibility - material.light,fluent-next/roles-audit,cancelled,Run TestCafe tests,https://github.com/DevExpress/DevExtreme/actions/runs/35191829041/job/105107601359
"17.09.26, 06:59:52",105107601366,35191829041,1,TestCafe tests,dataGrid (1/4) - fluent-next,fluent-next/roles-audit,cancelled,Run TestCafe tests,https://github.com/DevExpress/DevExtreme/actions/runs/35191829041/job/105107601366
"17.09.26, 06:59:52",105107601375,35191829041,1,TestCafe tests,scheduler / common (1/3) - fluent-next,fluent-next/roles-audit,cancelled,Run TestCafe tests,https://github.com/DevExpress/DevExtreme/actions/runs/35191829041/job/105107601375
"17.09.26, 06:59:52",105107601377,35191829041,1,TestCafe tests,editors - fluent-next,fluent-next/roles-audit,cancelled,Run TestCafe tests,https://github.com/DevExpress/DevExtreme/actions/runs/35191829041/job/105107601377
"17.09.26, 06:59:52",105107601383,35191829041,1,TestCafe tests,common - fluent-next,fluent-next/roles-audit,cancelled,Run TestCafe tests,https://github.com/DevExpress/DevExtreme/actions/runs/35191829041/job/105107601383
"17.09.26, 06:59:52",105107601406,35191829041,1,TestCafe tests,cardView - fluent-next,fluent-next/roles-audit,cancelled,Run TestCafe tests,https://github.com/DevExpress/DevExtreme/actions/runs/35191829041/job/105107601406
"17.09.26, 06:59:52",105107601415,35191829041,1,TestCafe tests,scheduler / viewOffset (2/2) - fluent-next,fluent-next/roles-audit,cancelled,Run TestCafe tests,https://github.com/DevExpress/DevExtreme/actions/runs/35191829041/job/105107601415
"17.09.26, 06:59:52",105107601430,35191829041,1,TestCafe tests,scheduler / common (2/3) - fluent-next,fluent-next/roles-audit,cancelled,Run TestCafe tests,https://github.com/DevExpress/DevExtreme/actions/runs/35191829041/job/105107601430
"17.09.26, 06:59:52",105107601432,35191829041,1,TestCafe tests,scheduler / common (3/3) - fluent-next,fluent-next/roles-audit,cancelled,Run TestCafe tests,https://github.com/DevExpress/DevExtreme/actions/runs/35191829041/job/105107601432
"17.09.26, 06:59:52",105107601438,35191829041,1,TestCafe tests,dataGrid (2/4) - fluent-next,fluent-next/roles-audit,cancelled,Run TestCafe tests,https://github.com/DevExpress/DevExtreme/actions/runs/35191829041/job/105107601438
"17.09.26, 06:59:52",105107601444,35191829041,1,TestCafe tests,scheduler / viewOffset (1/2) - fluent-next,fluent-next/roles-audit,cancelled,Run TestCafe tests,https://github.com/DevExpress/DevExtreme/actions/runs/35191829041/job/105107601444
"17.09.26, 06:59:52",105107601538,35191829041,1,TestCafe tests,accessibility - fluent-next,fluent-next/roles-audit,cancelled,Run TestCafe tests,https://github.com/DevExpress/DevExtreme/actions/runs/35191829041/job/105107601538
"17.09.26, 07:04:07",105108689372,35191829041,1,TestCafe tests,quarantine,fluent-next/roles-audit,cancelled,,https://github.com/DevExpress/DevExtreme/actions/runs/35191829041/job/105108689372
"17.09.26, 07:04:07",105108690066,35191829041,1,TestCafe tests,Send notifications,fluent-next/roles-audit,cancelled,,https://github.com/DevExpress/DevExtreme/actions/runs/35191829041/job/105108690066
"17.09.26, 06:52:53",105105890271,35191800804,1,TestCafe tests,Check if tests should run,fluent-next/roles-audit,cancelled,,https://github.com/DevExpress/DevExtreme/actions/runs/35191800804/job/105105890271
"17.09.26, 06:52:55",105105897742,35191800804,1,TestCafe tests,Build DevExtreme,fluent-next/roles-audit,cancelled,,https://github.com/DevExpress/DevExtreme/actions/runs/35191800804/job/105105897742
"17.09.26, 06:52:55",105105898479,35191800804,1,TestCafe tests,Determine TestCafe matrix,fluent-next/roles-audit,cancelled,,https://github.com/DevExpress/DevExtreme/actions/runs/35191800804/job/105105898479
"17.09.26, 06:52:55",105105898555,35191800804,1,TestCafe tests,${{ matrix.name }}${{ ((!matrix.theme && ' - fluent') || '') }},fluent-next/roles-audit,cancelled,,https://github.com/DevExpress/DevExtreme/actions/runs/35191800804/job/105105898555
"17.09.26, 06:52:55",105105898767,35191800804,1,TestCafe tests,quarantine,fluent-next/roles-audit,cancelled,,https://github.com/DevExpress/DevExtreme/actions/runs/35191800804/job/105105898767
"17.09.26, 06:52:56",105105900407,35191800804,1,TestCafe tests,Send notifications,fluent-next/roles-audit,cancelled,,https://github.com/DevExpress/DevExtreme/actions/runs/35191800804/job/105105900407
"17.09.26, 06:44:30",105103871649,35190884457,1,TestCafe tests,navigation - fluent-next,fluent-next/roles-audit,failure,Run TestCafe tests,https://github.com/DevExpress/DevExtreme/actions/runs/35190884457/job/105103871649
"17.09.26, 06:51:17",105105506417,35190884457,1,TestCafe tests,quarantine,fluent-next/roles-audit,cancelled,Restore pnpm cache,https://github.com/DevExpress/DevExtreme/actions/runs/35190884457/job/105105506417
"17.09.26, 06:52:36",105105825006,35190884457,1,TestCafe tests,Send notifications,fluent-next/roles-audit,cancelled,,https://github.com/DevExpress/DevExtreme/actions/runs/35190884457/job/105105825006
"17.09.26, 12:51:09",105209156703,35223493541,1,Themebuilder and Styles tests,test,fix/systemjs-build-codeql,cancelled,Install dependencies,https://github.com/DevExpress/DevExtreme/actions/runs/35223493541/job/105209156703
"17.09.26, 12:52:38",105209641839,35223493541,1,Themebuilder and Styles tests,Send notifications,fix/systemjs-build-codeql,cancelled,,https://github.com/DevExpress/DevExtreme/actions/runs/35223493541/job/105209641839
"17.09.26, 11:15:09",105180284660,35214699876,1,Themebuilder and Styles tests,test,remove_deprecated_columnchooser_options_main,cancelled,Post Setup pnpm cache,https://github.com/DevExpress/DevExtreme/actions/runs/35214699876/job/105180284660
"17.09.26, 11:19:04",105181399848,35214699876,1,Themebuilder and Styles tests,Send notifications,remove_deprecated_columnchooser_options_main,cancelled,,https://github.com/DevExpress/DevExtreme/actions/runs/35214699876/job/105181399848
"17.09.26, 08:41:30",105135578955,35201034503,1,Themebuilder and Styles tests,test,fluent-next/roles-audit,cancelled,Install dependencies,https://github.com/DevExpress/DevExtreme/actions/runs/35201034503/job/105135578955
"17.09.26, 08:42:45",105135946150,35201034503,1,Themebuilder and Styles tests,Send notifications,fluent-next/roles-audit,cancelled,,https://github.com/DevExpress/DevExtreme/actions/runs/35201034503/job/105135946150
"17.09.26, 06:52:33",105105808818,35191800758,1,Themebuilder and Styles tests,test,fluent-next/roles-audit,cancelled,Get sources,https://github.com/DevExpress/DevExtreme/actions/runs/35191800758/job/105105808818
"17.09.26, 06:52:57",105105908313,35191800758,1,Themebuilder and Styles tests,Send notifications,fluent-next/roles-audit,cancelled,,https://github.com/DevExpress/DevExtreme/actions/runs/35191800758/job/105105908313
"17.09.26, 12:51:08",105209156176,35223493479,1,TS Declarations,check-ts-bundle,fix/systemjs-build-codeql,cancelled,Install dependencies,https://github.com/DevExpress/DevExtreme/actions/runs/35223493479/job/105209156176
"17.09.26, 12:51:09",105209156634,35223493479,1,TS Declarations,validate-declarations,fix/systemjs-build-codeql,cancelled,Use Node.js,https://github.com/DevExpress/DevExtreme/actions/runs/35223493479/job/105209156634
"17.09.26, 12:52:32",105209610221,35223493479,1,TS Declarations,Send notifications,fix/systemjs-build-codeql,cancelled,,https://github.com/DevExpress/DevExtreme/actions/runs/35223493479/job/105209610221
"17.09.26, 08:41:27",105135566878,35201034482,1,TS Declarations,check-ts-bundle,fluent-next/roles-audit,cancelled,Run pnpm/action-setup@v6,https://github.com/DevExpress/DevExtreme/actions/runs/35201034482/job/105135566878
"17.09.26, 08:41:27",105135567022,35201034482,1,TS Declarations,validate-declarations,fluent-next/roles-audit,cancelled,Use Node.js,https://github.com/DevExpress/DevExtreme/actions/runs/35201034482/job/105135567022
"17.09.26, 08:42:09",105135764279,35201034482,1,TS Declarations,Send notifications,fluent-next/roles-audit,cancelled,,https://github.com/DevExpress/DevExtreme/actions/runs/35201034482/job/105135764279
"17.09.26, 06:52:32",105105807971,35191800593,1,TS Declarations,validate-declarations,fluent-next/roles-audit,cancelled,Get sources,https://github.com/DevExpress/DevExtreme/actions/runs/35191800593/job/105105807971
"17.09.26, 06:52:33",105105808214,35191800593,1,TS Declarations,check-ts-bundle,fluent-next/roles-audit,cancelled,Get sources,https://github.com/DevExpress/DevExtreme/actions/runs/35191800593/job/105105808214
"17.09.26, 06:52:57",105105905256,35191800593,1,TS Declarations,Send notifications,fluent-next/roles-audit,cancelled,,https://github.com/DevExpress/DevExtreme/actions/runs/35191800593/job/105105905256
"17.09.26, 19:45:03",105355610381,35266061333,1,Demos Visual Tests,CSP check (jQuery),26_1,failure,,https://github.com/DevExpress/DevExtreme/actions/runs/35266061333/job/105355610381
"17.09.26, 19:28:48",105350259666,35264359251,1,Demos Visual Tests,CSP check (Vue 2/2),gridcore_move_column_sync_to_filter_sync_26_2,failure,,https://github.com/DevExpress/DevExtreme/actions/runs/35264359251/job/105350259666
"17.09.26, 19:28:48",105350259870,35264359251,1,Demos Visual Tests,jquery(1/3)-screenshots-fluent.blue.light,gridcore_move_column_sync_to_filter_sync_26_2,failure,,https://github.com/DevExpress/DevExtreme/actions/runs/35264359251/job/105350259870
"17.09.26, 18:55:27",105338970956,35261734014,1,Demos Visual Tests,Build DevExtreme,gridcore_move_column_sync_to_filter_sync_26_2,failure,DevExtreme - Build-all,https://github.com/DevExpress/DevExtreme/actions/runs/35261734014/job/105338970956
"17.09.26, 16:43:59",105294324707,35247150083,1,Demos Visual Tests,angular(4/10)-screenshots-fluent.blue.light,khd/devextreme-extra-deps,failure,,https://github.com/DevExpress/DevExtreme/actions/runs/35247150083/job/105294324707
"17.09.26, 15:41:41",105272152115,35241828343,1,Demos Visual Tests,Determine scope for framework tests,feature/demo_custom_AI_assistant_Vue,cancelled,,https://github.com/DevExpress/DevExtreme/actions/runs/35241828343/job/105272152115
"17.09.26, 15:41:52",105272220267,35241828343,1,Demos Visual Tests,Build DevExtreme,feature/demo_custom_AI_assistant_Vue,cancelled,,https://github.com/DevExpress/DevExtreme/actions/runs/35241828343/job/105272220267
"17.09.26, 15:41:52",105272220693,35241828343,1,Demos Visual Tests,Build Demos Bundles,feature/demo_custom_AI_assistant_Vue,cancelled,,https://github.com/DevExpress/DevExtreme/actions/runs/35241828343/job/105272220693
"17.09.26, 15:41:52",105272220696,35241828343,1,Demos Visual Tests,Determine jQuery test matrix,feature/demo_custom_AI_assistant_Vue,cancelled,,https://github.com/DevExpress/DevExtreme/actions/runs/35241828343/job/105272220696
"17.09.26, 15:41:52",105272220775,35241828343,1,Demos Visual Tests,CSP check (jQuery),feature/demo_custom_AI_assistant_Vue,cancelled,,https://github.com/DevExpress/DevExtreme/actions/runs/35241828343/job/105272220775
"17.09.26, 15:41:52",105272220804,35241828343,1,Demos Visual Tests,"matrix.SHARD_TOTAL == 1 && format('CSP check ({0})', matrix.FRAMEWORK) || format('CSP check ({0} {1}/{2})', matrix.FRAMEWORK, matrix.SHARD_INDEX, matrix.SHARD_TOTAL)",feature/demo_custom_AI_assistant_Vue,cancelled,,https://github.com/DevExpress/DevExtreme/actions/runs/35241828343/job/105272220804
"17.09.26, 15:41:52",105272220866,35241828343,1,Demos Visual Tests,Check generated demos (changed only),feature/demo_custom_AI_assistant_Vue,cancelled,,https://github.com/DevExpress/DevExtreme/actions/runs/35241828343/job/105272220866
"17.09.26, 15:41:52",105272220986,35241828343,1,Demos Visual Tests,Check TS and lint code base,feature/demo_custom_AI_assistant_Vue,cancelled,,https://github.com/DevExpress/DevExtreme/actions/runs/35241828343/job/105272220986
"17.09.26, 15:41:52",105272221272,35241828343,1,Demos Visual Tests,Check generated demos,feature/demo_custom_AI_assistant_Vue,cancelled,,https://github.com/DevExpress/DevExtreme/actions/runs/35241828343/job/105272221272
"17.09.26, 15:41:52",105272221380,35241828343,1,Demos Visual Tests,${{ matrix.CONSTEL }}-${{ matrix.STRATEGY }}-${{ matrix.THEME }},feature/demo_custom_AI_assistant_Vue,cancelled,,https://github.com/DevExpress/DevExtreme/actions/runs/35241828343/job/105272221380
"17.09.26, 15:41:52",105272221879,35241828343,1,Demos Visual Tests,${{ matrix.CONSTEL }}-screenshots-${{ matrix.THEME }},feature/demo_custom_AI_assistant_Vue,cancelled,,https://github.com/DevExpress/DevExtreme/actions/runs/35241828343/job/105272221879
"17.09.26, 15:41:53",105272222358,35241828343,1,Demos Visual Tests,CSP Violations Summary,feature/demo_custom_AI_assistant_Vue,cancelled,,https://github.com/DevExpress/DevExtreme/actions/runs/35241828343/job/105272222358
"17.09.26, 15:41:53",105272222647,35241828343,1,Demos Visual Tests,${{ matrix.CONSTEL }}-screenshots-${{ matrix.THEME }},feature/demo_custom_AI_assistant_Vue,cancelled,,https://github.com/DevExpress/DevExtreme/actions/runs/35241828343/job/105272222647
"17.09.26, 15:41:53",105272222730,35241828343,1,Demos Visual Tests,merge-artifacts,feature/demo_custom_AI_assistant_Vue,cancelled,,https://github.com/DevExpress/DevExtreme/actions/runs/35241828343/job/105272222730
"17.09.26, 15:33:39",105269226036,35240030395,1,Demos Visual Tests,jquery(3/3)-screenshots-fluent.blue.light,demo-htmleditor-typo,failure,Run TestCafe tests (jQuery),https://github.com/DevExpress/DevExtreme/actions/runs/35240030395/job/105269226036
"17.09.26, 15:33:39",105269226069,35240030395,1,Demos Visual Tests,jquery(2/3)-screenshots-material.blue.light,demo-htmleditor-typo,failure,Run TestCafe tests (jQuery),https://github.com/DevExpress/DevExtreme/actions/runs/35240030395/job/105269226069
"17.09.26, 15:33:39",105269226129,35240030395,1,Demos Visual Tests,jquery(3/3)-screenshots-material.blue.light,demo-htmleditor-typo,failure,Run TestCafe tests (jQuery),https://github.com/DevExpress/DevExtreme/actions/runs/35240030395/job/105269226129
"17.09.26, 15:33:39",105269226215,35240030395,1,Demos Visual Tests,jquery(2/3)-screenshots-fluent.blue.light,demo-htmleditor-typo,failure,Run TestCafe tests (jQuery),https://github.com/DevExpress/DevExtreme/actions/runs/35240030395/job/105269226215
"17.09.26, 15:37:06",105270487968,35240030395,1,Demos Visual Tests,react(3/3)-screenshots-fluent.blue.light,demo-htmleditor-typo,failure,Run TestCafe tests,https://github.com/DevExpress/DevExtreme/actions/runs/35240030395/job/105270487968
"17.09.26, 15:37:06",105270487997,35240030395,1,Demos Visual Tests,react(2/3)-screenshots-fluent.blue.light,demo-htmleditor-typo,failure,Run TestCafe tests,https://github.com/DevExpress/DevExtreme/actions/runs/35240030395/job/105270487997
"17.09.26, 15:37:06",105270488002,35240030395,1,Demos Visual Tests,vue(1/5)-screenshots-fluent.blue.light,demo-htmleditor-typo,failure,Run TestCafe tests,https://github.com/DevExpress/DevExtreme/actions/runs/35240030395/job/105270488002
"17.09.26, 15:37:06",105270488056,35240030395,1,Demos Visual Tests,vue(3/5)-screenshots-fluent.blue.light,demo-htmleditor-typo,failure,Run TestCafe tests,https://github.com/DevExpress/DevExtreme/actions/runs/35240030395/job/105270488056
"17.09.26, 15:37:06",105270488064,35240030395,1,Demos Visual Tests,angular(2/10)-screenshots-fluent.blue.light,demo-htmleditor-typo,failure,Run TestCafe tests,https://github.com/DevExpress/DevExtreme/actions/runs/35240030395/job/105270488064
"17.09.26, 15:37:06",105270488076,35240030395,1,Demos Visual Tests,angular(5/10)-screenshots-fluent.blue.light,demo-htmleditor-typo,failure,Run TestCafe tests,https://github.com/DevExpress/DevExtreme/actions/runs/35240030395/job/105270488076
"17.09.26, 15:37:06",105270488248,35240030395,1,Demos Visual Tests,angular(10/10)-screenshots-fluent.blue.light,demo-htmleditor-typo,failure,Run TestCafe tests,https://github.com/DevExpress/DevExtreme/actions/runs/35240030395/job/105270488248
"17.09.26, 15:24:13",105265672649,35238949156,1,Demos Visual Tests,Check TS and lint code base,feature/demo_custom_AI_assistant_Vue,failure,Check TS and lint results,https://github.com/DevExpress/DevExtreme/actions/runs/35238949156/job/105265672649
"17.09.26, 15:41:54",105272227904,35238949156,2,Demos Visual Tests,Check TS and lint code base,feature/demo_custom_AI_assistant_Vue,failure,Check TS and lint results,https://github.com/DevExpress/DevExtreme/actions/runs/35238949156/job/105272227904
"17.09.26, 12:51:08",105209156270,35223493408,1,Demos Visual Tests,Check if tests should run,fix/systemjs-build-codeql,cancelled,,https://github.com/DevExpress/DevExtreme/actions/runs/35223493408/job/105209156270
"17.09.26, 12:51:29",105209263092,35223493408,1,Demos Visual Tests,Build DevExtreme,fix/systemjs-build-codeql,cancelled,,https://github.com/DevExpress/DevExtreme/actions/runs/35223493408/job/105209263092
"17.09.26, 12:51:29",105209263513,35223493408,1,Demos Visual Tests,${{ matrix.CONSTEL }}-${{ matrix.STRATEGY }}-${{ matrix.THEME }},fix/systemjs-build-codeql,cancelled,,https://github.com/DevExpress/DevExtreme/actions/runs/35223493408/job/105209263513
"17.09.26, 12:51:29",105209263804,35223493408,1,Demos Visual Tests,"matrix.SHARD_TOTAL == 1 && format('CSP check ({0})', matrix.FRAMEWORK) || format('CSP check ({0} {1}/{2})', matrix.FRAMEWORK, matrix.SHARD_INDEX, matrix.SHARD_TOTAL)",fix/systemjs-build-codeql,cancelled,,https://github.com/DevExpress/DevExtreme/actions/runs/35223493408/job/105209263804
"17.09.26, 12:51:29",105209264105,35223493408,1,Demos Visual Tests,"Build vendor bundles (React, Vue)",fix/systemjs-build-codeql,cancelled,,https://github.com/DevExpress/DevExtreme/actions/runs/35223493408/job/105209264105
"17.09.26, 12:51:29",105209264182,35223493408,1,Demos Visual Tests,CSP Violations Summary,fix/systemjs-build-codeql,cancelled,,https://github.com/DevExpress/DevExtreme/actions/runs/35223493408/job/105209264182
"17.09.26, 12:51:29",105209264185,35223493408,1,Demos Visual Tests,Check TS and lint code base,fix/systemjs-build-codeql,cancelled,,https://github.com/DevExpress/DevExtreme/actions/runs/35223493408/job/105209264185
"17.09.26, 12:51:29",105209264271,35223493408,1,Demos Visual Tests,Check generated demos,fix/systemjs-build-codeql,cancelled,,https://github.com/DevExpress/DevExtreme/actions/runs/35223493408/job/105209264271
"17.09.26, 12:51:29",105209264392,35223493408,1,Demos Visual Tests,CSP check (jQuery),fix/systemjs-build-codeql,cancelled,,https://github.com/DevExpress/DevExtreme/actions/runs/35223493408/job/105209264392
"17.09.26, 12:51:29",105209264621,35223493408,1,Demos Visual Tests,"matrix.SHARD_TOTAL == 1 && format('Build demos ({0})', matrix.FRAMEWORK) || format('Build demos ({0} {1}/{2})', matrix.FRAMEWORK, matrix.SHARD_INDEX, matrix.SHARD_TOTAL)",fix/systemjs-build-codeql,cancelled,,https://github.com/DevExpress/DevExtreme/actions/runs/35223493408/job/105209264621
"17.09.26, 12:51:29",105209265263,35223493408,1,Demos Visual Tests,${{ matrix.CONSTEL }}-screenshots-${{ matrix.THEME }},fix/systemjs-build-codeql,cancelled,,https://github.com/DevExpress/DevExtreme/actions/runs/35223493408/job/105209265263
"17.09.26, 12:51:29",105209265472,35223493408,1,Demos Visual Tests,merge-artifacts,fix/systemjs-build-codeql,cancelled,,https://github.com/DevExpress/DevExtreme/actions/runs/35223493408/job/105209265472
"17.09.26, 12:27:05",105201408861,35220327753,1,Demos Visual Tests,CSP check (Angular 1/3),gridcore_build_additional_filter_from_sources_26_2,failure,,https://github.com/DevExpress/DevExtreme/actions/runs/35220327753/job/105201408861
"17.09.26, 12:08:46",105195775455,35218614294,1,Demos Visual Tests,CSP check (jQuery),feature/26_2_new_fluent_theme_with_design_tokens_5120-fluent-next-research-if-its-possible-to-use-shadow-tokens-instead-of-building-shadows-in-scss,cancelled,,https://github.com/DevExpress/DevExtreme/actions/runs/35218614294/job/105195775455
"17.09.26, 12:08:46",105195775839,35218614294,1,Demos Visual Tests,jquery(2/3)-screenshots-material.blue.light,feature/26_2_new_fluent_theme_with_design_tokens_5120-fluent-next-research-if-its-possible-to-use-shadow-tokens-instead-of-building-shadows-in-scss,cancelled,,https://github.com/DevExpress/DevExtreme/actions/runs/35218614294/job/105195775839
"17.09.26, 12:14:33",105197508900,35218614294,1,Demos Visual Tests,react(1/3)-screenshots-fluent.blue.light,feature/26_2_new_fluent_theme_with_design_tokens_5120-fluent-next-research-if-its-possible-to-use-shadow-tokens-instead-of-building-shadows-in-scss,cancelled,Run TestCafe tests,https://github.com/DevExpress/DevExtreme/actions/runs/35218614294/job/105197508900
"17.09.26, 12:14:33",105197508915,35218614294,1,Demos Visual Tests,react(2/3)-screenshots-fluent-next.blue.light,feature/26_2_new_fluent_theme_with_design_tokens_5120-fluent-next-research-if-its-possible-to-use-shadow-tokens-instead-of-building-shadows-in-scss,cancelled,Run TestCafe tests,https://github.com/DevExpress/DevExtreme/actions/runs/35218614294/job/105197508915
"17.09.26, 12:14:33",105197508937,35218614294,1,Demos Visual Tests,react(1/3)-screenshots-fluent-next.blue.light,feature/26_2_new_fluent_theme_with_design_tokens_5120-fluent-next-research-if-its-possible-to-use-shadow-tokens-instead-of-building-shadows-in-scss,cancelled,Run TestCafe tests,https://github.com/DevExpress/DevExtreme/actions/runs/35218614294/job/105197508937
"17.09.26, 12:14:33",105197508946,35218614294,1,Demos Visual Tests,react(3/3)-screenshots-fluent-next.blue.light,feature/26_2_new_fluent_theme_with_design_tokens_5120-fluent-next-research-if-its-possible-to-use-shadow-tokens-instead-of-building-shadows-in-scss,cancelled,Run TestCafe tests,https://github.com/DevExpress/DevExtreme/actions/runs/35218614294/job/105197508946
"17.09.26, 12:14:33",105197508961,35218614294,1,Demos Visual Tests,react(2/3)-screenshots-fluent.blue.light,feature/26_2_new_fluent_theme_with_design_tokens_5120-fluent-next-research-if-its-possible-to-use-shadow-tokens-instead-of-building-shadows-in-scss,cancelled,Run TestCafe tests,https://github.com/DevExpress/DevExtreme/actions/runs/35218614294/job/105197508961
"17.09.26, 12:14:33",105197509037,35218614294,1,Demos Visual Tests,vue(1/5)-screenshots-fluent-next.blue.light,feature/26_2_new_fluent_theme_with_design_tokens_5120-fluent-next-research-if-its-possible-to-use-shadow-tokens-instead-of-building-shadows-in-scss,cancelled,Run TestCafe tests,https://github.com/DevExpress/DevExtreme/actions/runs/35218614294/job/105197509037
"17.09.26, 12:14:33",105197509085,35218614294,1,Demos Visual Tests,vue(1/5)-screenshots-fluent.blue.light,feature/26_2_new_fluent_theme_with_design_tokens_5120-fluent-next-research-if-its-possible-to-use-shadow-tokens-instead-of-building-shadows-in-scss,cancelled,Run TestCafe tests,https://github.com/DevExpress/DevExtreme/actions/runs/35218614294/job/105197509085
"17.09.26, 12:21:22",105199623688,35218614294,1,Demos Visual Tests,CSP Violations Summary,feature/26_2_new_fluent_theme_with_design_tokens_5120-fluent-next-research-if-its-possible-to-use-shadow-tokens-instead-of-building-shadows-in-scss,cancelled,,https://github.com/DevExpress/DevExtreme/actions/runs/35218614294/job/105199623688
"17.09.26, 12:26:20",105201172672,35218614294,1,Demos Visual Tests,merge-artifacts,feature/26_2_new_fluent_theme_with_design_tokens_5120-fluent-next-research-if-its-possible-to-use-shadow-tokens-instead-of-building-shadows-in-scss,cancelled,,https://github.com/DevExpress/DevExtreme/actions/runs/35218614294/job/105201172672
"17.09.26, 11:57:22",105192363040,35217544882,1,Demos Visual Tests,CSP check (React 1/2),fix/systemjs-build-codeql,failure,,https://github.com/DevExpress/DevExtreme/actions/runs/35217544882/job/105192363040
"17.09.26, 11:57:22",105192363450,35217544882,1,Demos Visual Tests,jquery-accessibility-material.blue.dark,fix/systemjs-build-codeql,failure,,https://github.com/DevExpress/DevExtreme/actions/runs/35217544882/job/105192363450
"17.09.26, 11:45:33",105188959076,35216875106,1,Demos Visual Tests,CSP check (Angular 3/3),feature/26_2_new_fluent_theme_with_design_tokens_5120-fluent-next-research-if-its-possible-to-use-shadow-tokens-instead-of-building-shadows-in-scss,cancelled,Run CSP Check,https://github.com/DevExpress/DevExtreme/actions/runs/35216875106/job/105188959076
"17.09.26, 11:53:37",105191286803,35216875106,1,Demos Visual Tests,react(3/3)-screenshots-fluent-next.blue.light,feature/26_2_new_fluent_theme_with_design_tokens_5120-fluent-next-research-if-its-possible-to-use-shadow-tokens-instead-of-building-shadows-in-scss,cancelled,Run TestCafe tests,https://github.com/DevExpress/DevExtreme/actions/runs/35216875106/job/105191286803
"17.09.26, 11:53:37",105191286810,35216875106,1,Demos Visual Tests,react(1/3)-screenshots-fluent-next.blue.light,feature/26_2_new_fluent_theme_with_design_tokens_5120-fluent-next-research-if-its-possible-to-use-shadow-tokens-instead-of-building-shadows-in-scss,cancelled,Run TestCafe tests,https://github.com/DevExpress/DevExtreme/actions/runs/35216875106/job/105191286810
"17.09.26, 11:53:37",105191286870,35216875106,1,Demos Visual Tests,react(2/3)-screenshots-fluent-next.blue.light,feature/26_2_new_fluent_theme_with_design_tokens_5120-fluent-next-research-if-its-possible-to-use-shadow-tokens-instead-of-building-shadows-in-scss,cancelled,Run TestCafe tests,https://github.com/DevExpress/DevExtreme/actions/runs/35216875106/job/105191286870
"17.09.26, 11:59:54",105193101297,35216875106,1,Demos Visual Tests,merge-artifacts,feature/26_2_new_fluent_theme_with_design_tokens_5120-fluent-next-research-if-its-possible-to-use-shadow-tokens-instead-of-building-shadows-in-scss,cancelled,,https://github.com/DevExpress/DevExtreme/actions/runs/35216875106/job/105193101297
"17.09.26, 12:00:00",105193131303,35216875106,1,Demos Visual Tests,CSP Violations Summary,feature/26_2_new_fluent_theme_with_design_tokens_5120-fluent-next-research-if-its-possible-to-use-shadow-tokens-instead-of-building-shadows-in-scss,cancelled,,https://github.com/DevExpress/DevExtreme/actions/runs/35216875106/job/105193131303
"17.09.26, 11:46:09",105189134818,35216679433,1,Demos Visual Tests,CSP check (jQuery),refactor/gridcore-invert-focus-fire-changed-26_2,cancelled,Run CSP Check,https://github.com/DevExpress/DevExtreme/actions/runs/35216679433/job/105189134818
"17.09.26, 11:46:09",105189134838,35216679433,1,Demos Visual Tests,Check TS and lint code base,refactor/gridcore-invert-focus-fire-changed-26_2,cancelled,Run lint on all demos,https://github.com/DevExpress/DevExtreme/actions/runs/35216679433/job/105189134838
"17.09.26, 11:46:09",105189134867,35216679433,1,Demos Visual Tests,Check generated demos,refactor/gridcore-invert-focus-fire-changed-26_2,cancelled,Check generated JS demos,https://github.com/DevExpress/DevExtreme/actions/runs/35216679433/job/105189134867
"17.09.26, 11:46:09",105189134983,35216679433,1,Demos Visual Tests,CSP check (Vue 1/2),refactor/gridcore-invert-focus-fire-changed-26_2,cancelled,Start CSP Server,https://github.com/DevExpress/DevExtreme/actions/runs/35216679433/job/105189134983
"17.09.26, 11:46:09",105189135043,35216679433,1,Demos Visual Tests,CSP check (React 2/2),refactor/gridcore-invert-focus-fire-changed-26_2,cancelled,Start CSP Server,https://github.com/DevExpress/DevExtreme/actions/runs/35216679433/job/105189135043
"17.09.26, 11:46:09",105189135067,35216679433,1,Demos Visual Tests,CSP check (Vue 2/2),refactor/gridcore-invert-focus-fire-changed-26_2,cancelled,Bundle demos for CSP check,https://github.com/DevExpress/DevExtreme/actions/runs/35216679433/job/105189135067
"17.09.26, 11:46:09",105189135089,35216679433,1,Demos Visual Tests,CSP check (Angular 2/3),refactor/gridcore-invert-focus-fire-changed-26_2,cancelled,,https://github.com/DevExpress/DevExtreme/actions/runs/35216679433/job/105189135089
"17.09.26, 11:46:09",105189135117,35216679433,1,Demos Visual Tests,CSP check (Angular 1/3),refactor/gridcore-invert-focus-fire-changed-26_2,cancelled,,https://github.com/DevExpress/DevExtreme/actions/runs/35216679433/job/105189135117
"17.09.26, 11:46:09",105189135120,35216679433,1,Demos Visual Tests,jquery-accessibility-fluent.blue.dark,refactor/gridcore-invert-focus-fire-changed-26_2,cancelled,Run TestCafe tests (jQuery),https://github.com/DevExpress/DevExtreme/actions/runs/35216679433/job/105189135120
"17.09.26, 11:46:09",105189135122,35216679433,1,Demos Visual Tests,jquery-accessibility-fluent.blue.light,refactor/gridcore-invert-focus-fire-changed-26_2,cancelled,Run TestCafe tests (jQuery),https://github.com/DevExpress/DevExtreme/actions/runs/35216679433/job/105189135122
"17.09.26, 11:46:09",105189135135,35216679433,1,Demos Visual Tests,CSP check (React 1/2),refactor/gridcore-invert-focus-fire-changed-26_2,cancelled,Bundle demos for CSP check,https://github.com/DevExpress/DevExtreme/actions/runs/35216679433/job/105189135135
"17.09.26, 11:46:09",105189135161,35216679433,1,Demos Visual Tests,jquery(3/3)-screenshots-material.blue.light,refactor/gridcore-invert-focus-fire-changed-26_2,cancelled,Run TestCafe tests (jQuery),https://github.com/DevExpress/DevExtreme/actions/runs/35216679433/job/105189135161
"17.09.26, 11:46:09",105189135168,35216679433,1,Demos Visual Tests,jquery(2/3)-screenshots-fluent.blue.light,refactor/gridcore-invert-focus-fire-changed-26_2,cancelled,,https://github.com/DevExpress/DevExtreme/actions/runs/35216679433/job/105189135168
"17.09.26, 11:46:09",105189135187,35216679433,1,Demos Visual Tests,jquery-accessibility-material.blue.dark,refactor/gridcore-invert-focus-fire-changed-26_2,cancelled,Run TestCafe tests (jQuery),https://github.com/DevExpress/DevExtreme/actions/runs/35216679433/job/105189135187
"17.09.26, 11:46:09",105189135199,35216679433,1,Demos Visual Tests,CSP check (Angular 3/3),refactor/gridcore-invert-focus-fire-changed-26_2,cancelled,,https://github.com/DevExpress/DevExtreme/actions/runs/35216679433/job/105189135199
"17.09.26, 11:46:09",105189135212,35216679433,1,Demos Visual Tests,jquery(1/3)-screenshots-material.blue.light,refactor/gridcore-invert-focus-fire-changed-26_2,cancelled,Run TestCafe tests (jQuery),https://github.com/DevExpress/DevExtreme/actions/runs/35216679433/job/105189135212
"17.09.26, 11:46:09",105189135214,35216679433,1,Demos Visual Tests,jquery(1/3)-screenshots-fluent.blue.light,refactor/gridcore-invert-focus-fire-changed-26_2,cancelled,,https://github.com/DevExpress/DevExtreme/actions/runs/35216679433/job/105189135214
"17.09.26, 11:46:09",105189135264,35216679433,1,Demos Visual Tests,jquery(3/3)-screenshots-fluent.blue.light,refactor/gridcore-invert-focus-fire-changed-26_2,cancelled,Run TestCafe tests (jQuery),https://github.com/DevExpress/DevExtreme/actions/runs/35216679433/job/105189135264
"17.09.26, 11:46:09",105189135273,35216679433,1,Demos Visual Tests,jquery(2/3)-screenshots-material.blue.light,refactor/gridcore-invert-focus-fire-changed-26_2,cancelled,Run TestCafe tests (jQuery),https://github.com/DevExpress/DevExtreme/actions/runs/35216679433/job/105189135273
"17.09.26, 11:46:09",105189135286,35216679433,1,Demos Visual Tests,jquery-accessibility-material.blue.light,refactor/gridcore-invert-focus-fire-changed-26_2,cancelled,Run TestCafe tests (jQuery),https://github.com/DevExpress/DevExtreme/actions/runs/35216679433/job/105189135286
"17.09.26, 11:47:50",105189612977,35216679433,1,Demos Visual Tests,Build demos (Angular 3/3),refactor/gridcore-invert-focus-fire-changed-26_2,cancelled,,https://github.com/DevExpress/DevExtreme/actions/runs/35216679433/job/105189612977
"17.09.26, 11:47:50",105189612980,35216679433,1,Demos Visual Tests,Build demos (React),refactor/gridcore-invert-focus-fire-changed-26_2,cancelled,,https://github.com/DevExpress/DevExtreme/actions/runs/35216679433/job/105189612980
"17.09.26, 11:47:50",105189612996,35216679433,1,Demos Visual Tests,Build demos (Angular 2/3),refactor/gridcore-invert-focus-fire-changed-26_2,cancelled,,https://github.com/DevExpress/DevExtreme/actions/runs/35216679433/job/105189612996
"17.09.26, 11:47:50",105189613005,35216679433,1,Demos Visual Tests,Build demos (Vue),refactor/gridcore-invert-focus-fire-changed-26_2,cancelled,,https://github.com/DevExpress/DevExtreme/actions/runs/35216679433/job/105189613005
"17.09.26, 11:47:50",105189613016,35216679433,1,Demos Visual Tests,Build demos (Angular 1/3),refactor/gridcore-invert-focus-fire-changed-26_2,cancelled,,https://github.com/DevExpress/DevExtreme/actions/runs/35216679433/job/105189613016
"17.09.26, 11:48:22",105189765496,35216679433,1,Demos Visual Tests,${{ matrix.CONSTEL }}-screenshots-${{ matrix.THEME }},refactor/gridcore-invert-focus-fire-changed-26_2,cancelled,,https://github.com/DevExpress/DevExtreme/actions/runs/35216679433/job/105189765496
"17.09.26, 11:48:36",105189833466,35216679433,1,Demos Visual Tests,CSP Violations Summary,refactor/gridcore-invert-focus-fire-changed-26_2,cancelled,,https://github.com/DevExpress/DevExtreme/actions/runs/35216679433/job/105189833466
"17.09.26, 11:48:42",105189859452,35216679433,1,Demos Visual Tests,merge-artifacts,refactor/gridcore-invert-focus-fire-changed-26_2,cancelled,,https://github.com/DevExpress/DevExtreme/actions/runs/35216679433/job/105189859452
"17.09.26, 11:15:35",105180414776,35214699842,1,Demos Visual Tests,Build DevExtreme,remove_deprecated_columnchooser_options_main,failure,DevExtreme - Build-all,https://github.com/DevExpress/DevExtreme/actions/runs/35214699842/job/105180414776
"17.09.26, 11:21:40",105182137586,35214104097,1,Demos Visual Tests,react(3/3)-screenshots-fluent-next.blue.light,feature/26_2_new_fluent_theme_with_design_tokens_5120-fluent-next-research-if-its-possible-to-use-shadow-tokens-instead-of-building-shadows-in-scss,failure,Run TestCafe tests,https://github.com/DevExpress/DevExtreme/actions/runs/35214104097/job/105182137586
"17.09.26, 11:21:40",105182137620,35214104097,1,Demos Visual Tests,react(2/3)-screenshots-fluent-next.blue.light,feature/26_2_new_fluent_theme_with_design_tokens_5120-fluent-next-research-if-its-possible-to-use-shadow-tokens-instead-of-building-shadows-in-scss,failure,Run TestCafe tests,https://github.com/DevExpress/DevExtreme/actions/runs/35214104097/job/105182137620
"17.09.26, 11:21:40",105182137623,35214104097,1,Demos Visual Tests,vue(3/5)-screenshots-fluent-next.blue.light,feature/26_2_new_fluent_theme_with_design_tokens_5120-fluent-next-research-if-its-possible-to-use-shadow-tokens-instead-of-building-shadows-in-scss,failure,Run TestCafe tests,https://github.com/DevExpress/DevExtreme/actions/runs/35214104097/job/105182137623
"17.09.26, 11:21:40",105182137641,35214104097,1,Demos Visual Tests,vue(2/5)-screenshots-fluent-next.blue.light,feature/26_2_new_fluent_theme_with_design_tokens_5120-fluent-next-research-if-its-possible-to-use-shadow-tokens-instead-of-building-shadows-in-scss,failure,Run TestCafe tests,https://github.com/DevExpress/DevExtreme/actions/runs/35214104097/job/105182137641
"17.09.26, 11:21:40",105182137644,35214104097,1,Demos Visual Tests,angular(2/10)-screenshots-fluent-next.blue.light,feature/26_2_new_fluent_theme_with_design_tokens_5120-fluent-next-research-if-its-possible-to-use-shadow-tokens-instead-of-building-shadows-in-scss,failure,Run TestCafe tests,https://github.com/DevExpress/DevExtreme/actions/runs/35214104097/job/105182137644
"17.09.26, 11:21:40",105182137689,35214104097,1,Demos Visual Tests,angular(2/10)-screenshots-fluent.blue.light,feature/26_2_new_fluent_theme_with_design_tokens_5120-fluent-next-research-if-its-possible-to-use-shadow-tokens-instead-of-building-shadows-in-scss,failure,,https://github.com/DevExpress/DevExtreme/actions/runs/35214104097/job/105182137689
"17.09.26, 11:21:40",105182137786,35214104097,1,Demos Visual Tests,angular(5/10)-screenshots-fluent.blue.light,feature/26_2_new_fluent_theme_with_design_tokens_5120-fluent-next-research-if-its-possible-to-use-shadow-tokens-instead-of-building-shadows-in-scss,failure,,https://github.com/DevExpress/DevExtreme/actions/runs/35214104097/job/105182137786
"17.09.26, 11:21:40",105182137936,35214104097,1,Demos Visual Tests,angular(7/10)-screenshots-fluent-next.blue.light,feature/26_2_new_fluent_theme_with_design_tokens_5120-fluent-next-research-if-its-possible-to-use-shadow-tokens-instead-of-building-shadows-in-scss,failure,Run TestCafe tests,https://github.com/DevExpress/DevExtreme/actions/runs/35214104097/job/105182137936
"17.09.26, 09:58:00",105158287092,35207094594,1,Demos Visual Tests,CSP check (jQuery),playwright-components-infra,cancelled,Run CSP Check,https://github.com/DevExpress/DevExtreme/actions/runs/35207094594/job/105158287092
"17.09.26, 10:07:58",105161227447,35207094594,1,Demos Visual Tests,CSP Violations Summary,playwright-components-infra,cancelled,,https://github.com/DevExpress/DevExtreme/actions/runs/35207094594/job/105161227447
"17.09.26, 09:09:26",105143847030,35202577574,1,Demos Visual Tests,CSP check (jQuery),fluent-next/roles-audit,cancelled,Run CSP Check,https://github.com/DevExpress/DevExtreme/actions/runs/35202577574/job/105143847030
"17.09.26, 09:09:26",105143847157,35202577574,1,Demos Visual Tests,CSP check (Angular 1/3),fluent-next/roles-audit,cancelled,,https://github.com/DevExpress/DevExtreme/actions/runs/35202577574/job/105143847157
"17.09.26, 09:09:26",105143847172,35202577574,1,Demos Visual Tests,CSP check (Angular 2/3),fluent-next/roles-audit,cancelled,Run CSP Check,https://github.com/DevExpress/DevExtreme/actions/runs/35202577574/job/105143847172
"17.09.26, 09:09:26",105143847259,35202577574,1,Demos Visual Tests,CSP check (Vue 2/2),fluent-next/roles-audit,cancelled,Run CSP Check,https://github.com/DevExpress/DevExtreme/actions/runs/35202577574/job/105143847259
"17.09.26, 09:09:26",105143847311,35202577574,1,Demos Visual Tests,CSP check (React 1/2),fluent-next/roles-audit,cancelled,Run CSP Check,https://github.com/DevExpress/DevExtreme/actions/runs/35202577574/job/105143847311
"17.09.26, 09:09:26",105143847312,35202577574,1,Demos Visual Tests,CSP check (React 2/2),fluent-next/roles-audit,cancelled,Run CSP Check,https://github.com/DevExpress/DevExtreme/actions/runs/35202577574/job/105143847312
"17.09.26, 09:09:26",105143847345,35202577574,1,Demos Visual Tests,CSP check (Vue 1/2),fluent-next/roles-audit,cancelled,Run CSP Check,https://github.com/DevExpress/DevExtreme/actions/runs/35202577574/job/105143847345
"17.09.26, 09:13:56",105145177529,35202577574,1,Demos Visual Tests,react(2/3)-screenshots-fluent.blue.light,fluent-next/roles-audit,cancelled,Run TestCafe tests,https://github.com/DevExpress/DevExtreme/actions/runs/35202577574/job/105145177529
"17.09.26, 09:13:56",105145177554,35202577574,1,Demos Visual Tests,vue(1/5)-screenshots-fluent-next.blue.light,fluent-next/roles-audit,cancelled,Run TestCafe tests,https://github.com/DevExpress/DevExtreme/actions/runs/35202577574/job/105145177554
"17.09.26, 09:13:56",105145177568,35202577574,1,Demos Visual Tests,react(1/3)-screenshots-fluent-next.blue.light,fluent-next/roles-audit,cancelled,Run TestCafe tests,https://github.com/DevExpress/DevExtreme/actions/runs/35202577574/job/105145177568
"17.09.26, 09:13:56",105145177585,35202577574,1,Demos Visual Tests,vue(1/5)-screenshots-fluent.blue.light,fluent-next/roles-audit,cancelled,Run TestCafe tests,https://github.com/DevExpress/DevExtreme/actions/runs/35202577574/job/105145177585
"17.09.26, 09:13:56",105145177590,35202577574,1,Demos Visual Tests,react(2/3)-screenshots-fluent-next.blue.light,fluent-next/roles-audit,cancelled,Run TestCafe tests,https://github.com/DevExpress/DevExtreme/actions/runs/35202577574/job/105145177590
"17.09.26, 09:13:56",105145177600,35202577574,1,Demos Visual Tests,react(3/3)-screenshots-fluent-next.blue.light,fluent-next/roles-audit,cancelled,Run TestCafe tests,https://github.com/DevExpress/DevExtreme/actions/runs/35202577574/job/105145177600
"17.09.26, 09:13:56",105145177622,35202577574,1,Demos Visual Tests,react(3/3)-screenshots-fluent.blue.light,fluent-next/roles-audit,cancelled,Run TestCafe tests,https://github.com/DevExpress/DevExtreme/actions/runs/35202577574/job/105145177622
"17.09.26, 09:13:56",105145177628,35202577574,1,Demos Visual Tests,vue(3/5)-screenshots-fluent.blue.light,fluent-next/roles-audit,cancelled,Run TestCafe tests,https://github.com/DevExpress/DevExtreme/actions/runs/35202577574/job/105145177628
"17.09.26, 09:13:56",105145177648,35202577574,1,Demos Visual Tests,react(1/3)-screenshots-fluent.blue.light,fluent-next/roles-audit,cancelled,Run TestCafe tests,https://github.com/DevExpress/DevExtreme/actions/runs/35202577574/job/105145177648
"17.09.26, 09:13:56",105145177687,35202577574,1,Demos Visual Tests,vue(5/5)-screenshots-fluent-next.blue.light,fluent-next/roles-audit,cancelled,Run TestCafe tests,https://github.com/DevExpress/DevExtreme/actions/runs/35202577574/job/105145177687
"17.09.26, 09:13:56",105145177689,35202577574,1,Demos Visual Tests,angular(1/10)-screenshots-fluent.blue.light,fluent-next/roles-audit,cancelled,Run TestCafe tests,https://github.com/DevExpress/DevExtreme/actions/runs/35202577574/job/105145177689
"17.09.26, 09:13:56",105145177705,35202577574,1,Demos Visual Tests,vue(2/5)-screenshots-fluent-next.blue.light,fluent-next/roles-audit,cancelled,Run TestCafe tests,https://github.com/DevExpress/DevExtreme/actions/runs/35202577574/job/105145177705
"17.09.26, 09:13:56",105145177708,35202577574,1,Demos Visual Tests,vue(5/5)-screenshots-fluent.blue.light,fluent-next/roles-audit,cancelled,Run TestCafe tests,https://github.com/DevExpress/DevExtreme/actions/runs/35202577574/job/105145177708
"17.09.26, 09:13:56",105145177710,35202577574,1,Demos Visual Tests,vue(2/5)-screenshots-fluent.blue.light,fluent-next/roles-audit,cancelled,Run TestCafe tests,https://github.com/DevExpress/DevExtreme/actions/runs/35202577574/job/105145177710
"17.09.26, 09:13:56",105145177718,35202577574,1,Demos Visual Tests,angular(2/10)-screenshots-fluent.blue.light,fluent-next/roles-audit,cancelled,Run TestCafe tests,https://github.com/DevExpress/DevExtreme/actions/runs/35202577574/job/105145177718
"17.09.26, 09:13:56",105145177726,35202577574,1,Demos Visual Tests,angular(1/10)-screenshots-fluent-next.blue.light,fluent-next/roles-audit,cancelled,Run TestCafe tests,https://github.com/DevExpress/DevExtreme/actions/runs/35202577574/job/105145177726
"17.09.26, 09:13:56",105145177731,35202577574,1,Demos Visual Tests,angular(2/10)-screenshots-fluent-next.blue.light,fluent-next/roles-audit,cancelled,Run TestCafe tests,https://github.com/DevExpress/DevExtreme/actions/runs/35202577574/job/105145177731
"17.09.26, 09:13:56",105145177755,35202577574,1,Demos Visual Tests,angular(4/10)-screenshots-fluent-next.blue.light,fluent-next/roles-audit,cancelled,Run TestCafe tests,https://github.com/DevExpress/DevExtreme/actions/runs/35202577574/job/105145177755
"17.09.26, 09:13:56",105145177761,35202577574,1,Demos Visual Tests,vue(4/5)-screenshots-fluent.blue.light,fluent-next/roles-audit,cancelled,Run TestCafe tests,https://github.com/DevExpress/DevExtreme/actions/runs/35202577574/job/105145177761
"17.09.26, 09:13:56",105145177782,35202577574,1,Demos Visual Tests,angular(8/10)-screenshots-fluent-next.blue.light,fluent-next/roles-audit,cancelled,Run TestCafe tests,https://github.com/DevExpress/DevExtreme/actions/runs/35202577574/job/105145177782
"17.09.26, 09:13:56",105145177792,35202577574,1,Demos Visual Tests,angular(6/10)-screenshots-fluent.blue.light,fluent-next/roles-audit,cancelled,Run TestCafe tests,https://github.com/DevExpress/DevExtreme/actions/runs/35202577574/job/105145177792
"17.09.26, 09:13:56",105145177796,35202577574,1,Demos Visual Tests,angular(8/10)-screenshots-fluent.blue.light,fluent-next/roles-audit,cancelled,Run TestCafe tests,https://github.com/DevExpress/DevExtreme/actions/runs/35202577574/job/105145177796
"17.09.26, 09:13:56",105145177802,35202577574,1,Demos Visual Tests,angular(5/10)-screenshots-fluent-next.blue.light,fluent-next/roles-audit,cancelled,Run TestCafe tests,https://github.com/DevExpress/DevExtreme/actions/runs/35202577574/job/105145177802
"17.09.26, 09:13:56",105145177855,35202577574,1,Demos Visual Tests,angular(7/10)-screenshots-fluent-next.blue.light,fluent-next/roles-audit,cancelled,Run TestCafe tests,https://github.com/DevExpress/DevExtreme/actions/runs/35202577574/job/105145177855
"17.09.26, 09:13:56",105145177871,35202577574,1,Demos Visual Tests,angular(5/10)-screenshots-fluent.blue.light,fluent-next/roles-audit,cancelled,Run TestCafe tests,https://github.com/DevExpress/DevExtreme/actions/runs/35202577574/job/105145177871
"17.09.26, 09:13:56",105145177880,35202577574,1,Demos Visual Tests,angular(4/10)-screenshots-fluent.blue.light,fluent-next/roles-audit,cancelled,Run TestCafe tests,https://github.com/DevExpress/DevExtreme/actions/runs/35202577574/job/105145177880
"17.09.26, 09:13:56",105145177881,35202577574,1,Demos Visual Tests,angular(9/10)-screenshots-fluent.blue.light,fluent-next/roles-audit,cancelled,Run TestCafe tests,https://github.com/DevExpress/DevExtreme/actions/runs/35202577574/job/105145177881
"17.09.26, 09:13:56",105145177890,35202577574,1,Demos Visual Tests,angular(3/10)-screenshots-fluent.blue.light,fluent-next/roles-audit,cancelled,Run TestCafe tests,https://github.com/DevExpress/DevExtreme/actions/runs/35202577574/job/105145177890
"17.09.26, 09:13:56",105145177892,35202577574,1,Demos Visual Tests,angular(6/10)-screenshots-fluent-next.blue.light,fluent-next/roles-audit,cancelled,Run TestCafe tests,https://github.com/DevExpress/DevExtreme/actions/runs/35202577574/job/105145177892
"17.09.26, 09:13:56",105145177894,35202577574,1,Demos Visual Tests,vue(4/5)-screenshots-fluent-next.blue.light,fluent-next/roles-audit,cancelled,Run TestCafe tests,https://github.com/DevExpress/DevExtreme/actions/runs/35202577574/job/105145177894
"17.09.26, 09:13:56",105145177903,35202577574,1,Demos Visual Tests,angular(10/10)-screenshots-fluent-next.blue.light,fluent-next/roles-audit,cancelled,Run TestCafe tests,https://github.com/DevExpress/DevExtreme/actions/runs/35202577574/job/105145177903
"17.09.26, 09:13:56",105145177905,35202577574,1,Demos Visual Tests,angular(3/10)-screenshots-fluent-next.blue.light,fluent-next/roles-audit,cancelled,Run TestCafe tests,https://github.com/DevExpress/DevExtreme/actions/runs/35202577574/job/105145177905
"17.09.26, 09:13:56",105145177915,35202577574,1,Demos Visual Tests,vue(3/5)-screenshots-fluent-next.blue.light,fluent-next/roles-audit,cancelled,Run TestCafe tests,https://github.com/DevExpress/DevExtreme/actions/runs/35202577574/job/105145177915
"17.09.26, 09:13:56",105145177950,35202577574,1,Demos Visual Tests,angular(9/10)-screenshots-fluent-next.blue.light,fluent-next/roles-audit,cancelled,Run TestCafe tests,https://github.com/DevExpress/DevExtreme/actions/runs/35202577574/job/105145177950
"17.09.26, 09:13:56",105145177958,35202577574,1,Demos Visual Tests,angular(7/10)-screenshots-fluent.blue.light,fluent-next/roles-audit,cancelled,Run TestCafe tests,https://github.com/DevExpress/DevExtreme/actions/runs/35202577574/job/105145177958
"17.09.26, 09:13:56",105145178002,35202577574,1,Demos Visual Tests,angular(10/10)-screenshots-fluent.blue.light,fluent-next/roles-audit,cancelled,Run TestCafe tests,https://github.com/DevExpress/DevExtreme/actions/runs/35202577574/job/105145178002
"17.09.26, 09:17:09",105146142500,35202577574,1,Demos Visual Tests,CSP Violations Summary,fluent-next/roles-audit,cancelled,,https://github.com/DevExpress/DevExtreme/actions/runs/35202577574/job/105146142500
"17.09.26, 09:17:14",105146165267,35202577574,1,Demos Visual Tests,merge-artifacts,fluent-next/roles-audit,cancelled,,https://github.com/DevExpress/DevExtreme/actions/runs/35202577574/job/105146165267
"17.09.26, 08:52:07",105138737873,35201085338,1,Demos Visual Tests,CSP check (jQuery),fluent-next/roles-audit,cancelled,Run CSP Check,https://github.com/DevExpress/DevExtreme/actions/runs/35201085338/job/105138737873
"17.09.26, 08:52:07",105138737971,35201085338,1,Demos Visual Tests,Check generated demos,fluent-next/roles-audit,cancelled,Check generated JS demos,https://github.com/DevExpress/DevExtreme/actions/runs/35201085338/job/105138737971
"17.09.26, 08:52:07",105138738078,35201085338,1,Demos Visual Tests,CSP check (Vue 2/2),fluent-next/roles-audit,cancelled,Run CSP Check,https://github.com/DevExpress/DevExtreme/actions/runs/35201085338/job/105138738078
"17.09.26, 08:52:07",105138738153,35201085338,1,Demos Visual Tests,CSP check (React 1/2),fluent-next/roles-audit,cancelled,Run CSP Check,https://github.com/DevExpress/DevExtreme/actions/runs/35201085338/job/105138738153
"17.09.26, 08:52:07",105138738161,35201085338,1,Demos Visual Tests,CSP check (Vue 1/2),fluent-next/roles-audit,cancelled,Run CSP Check,https://github.com/DevExpress/DevExtreme/actions/runs/35201085338/job/105138738161
"17.09.26, 08:52:07",105138738173,35201085338,1,Demos Visual Tests,CSP check (React 2/2),fluent-next/roles-audit,cancelled,Run CSP Check,https://github.com/DevExpress/DevExtreme/actions/runs/35201085338/job/105138738173
"17.09.26, 08:52:07",105138738225,35201085338,1,Demos Visual Tests,CSP check (Angular 2/3),fluent-next/roles-audit,cancelled,Run CSP Check,https://github.com/DevExpress/DevExtreme/actions/runs/35201085338/job/105138738225
"17.09.26, 08:52:07",105138738263,35201085338,1,Demos Visual Tests,CSP check (Angular 1/3),fluent-next/roles-audit,cancelled,,https://github.com/DevExpress/DevExtreme/actions/runs/35201085338/job/105138738263
"17.09.26, 08:52:07",105138738276,35201085338,1,Demos Visual Tests,CSP check (Angular 3/3),fluent-next/roles-audit,cancelled,Run CSP Check,https://github.com/DevExpress/DevExtreme/actions/runs/35201085338/job/105138738276
"17.09.26, 08:55:56",105139849079,35201085338,1,Demos Visual Tests,react(3/3)-screenshots-fluent-next.blue.light,fluent-next/roles-audit,cancelled,Run TestCafe tests,https://github.com/DevExpress/DevExtreme/actions/runs/35201085338/job/105139849079
"17.09.26, 08:55:56",105139849099,35201085338,1,Demos Visual Tests,react(1/3)-screenshots-fluent-next.blue.light,fluent-next/roles-audit,cancelled,Run Web Server,https://github.com/DevExpress/DevExtreme/actions/runs/35201085338/job/105139849099
"17.09.26, 08:55:56",105139849104,35201085338,1,Demos Visual Tests,react(2/3)-screenshots-fluent-next.blue.light,fluent-next/roles-audit,cancelled,Run TestCafe tests,https://github.com/DevExpress/DevExtreme/actions/runs/35201085338/job/105139849104
"17.09.26, 08:55:56",105139849116,35201085338,1,Demos Visual Tests,react(1/3)-screenshots-fluent.blue.light,fluent-next/roles-audit,cancelled,Download vendor bundles,https://github.com/DevExpress/DevExtreme/actions/runs/35201085338/job/105139849116
"17.09.26, 08:55:56",105139849118,35201085338,1,Demos Visual Tests,vue(2/5)-screenshots-fluent.blue.light,fluent-next/roles-audit,cancelled,Run Web Server,https://github.com/DevExpress/DevExtreme/actions/runs/35201085338/job/105139849118
"17.09.26, 08:55:56",105139849133,35201085338,1,Demos Visual Tests,react(2/3)-screenshots-fluent.blue.light,fluent-next/roles-audit,cancelled,Run TestCafe tests,https://github.com/DevExpress/DevExtreme/actions/runs/35201085338/job/105139849133
"17.09.26, 08:55:56",105139849149,35201085338,1,Demos Visual Tests,angular(3/10)-screenshots-fluent.blue.light,fluent-next/roles-audit,cancelled,Run TestCafe tests,https://github.com/DevExpress/DevExtreme/actions/runs/35201085338/job/105139849149
"17.09.26, 08:55:56",105139849155,35201085338,1,Demos Visual Tests,vue(5/5)-screenshots-fluent.blue.light,fluent-next/roles-audit,cancelled,Run TestCafe tests,https://github.com/DevExpress/DevExtreme/actions/runs/35201085338/job/105139849155
"17.09.26, 08:55:56",105139849160,35201085338,1,Demos Visual Tests,vue(2/5)-screenshots-fluent-next.blue.light,fluent-next/roles-audit,cancelled,Download demo bundles (Vue),https://github.com/DevExpress/DevExtreme/actions/runs/35201085338/job/105139849160
"17.09.26, 08:55:56",105139849169,35201085338,1,Demos Visual Tests,vue(4/5)-screenshots-fluent-next.blue.light,fluent-next/roles-audit,cancelled,Run Web Server,https://github.com/DevExpress/DevExtreme/actions/runs/35201085338/job/105139849169
"17.09.26, 08:55:56",105139849178,35201085338,1,Demos Visual Tests,angular(3/10)-screenshots-fluent-next.blue.light,fluent-next/roles-audit,cancelled,Unpack demo bundles,https://github.com/DevExpress/DevExtreme/actions/runs/35201085338/job/105139849178
"17.09.26, 08:55:56",105139849180,35201085338,1,Demos Visual Tests,angular(1/10)-screenshots-fluent-next.blue.light,fluent-next/roles-audit,cancelled,Run TestCafe tests,https://github.com/DevExpress/DevExtreme/actions/runs/35201085338/job/105139849180
"17.09.26, 08:55:56",105139849182,35201085338,1,Demos Visual Tests,vue(1/5)-screenshots-fluent.blue.light,fluent-next/roles-audit,cancelled,Run Web Server,https://github.com/DevExpress/DevExtreme/actions/runs/35201085338/job/105139849182
"17.09.26, 08:55:56",105139849206,35201085338,1,Demos Visual Tests,vue(5/5)-screenshots-fluent-next.blue.light,fluent-next/roles-audit,cancelled,Install tgz,https://github.com/DevExpress/DevExtreme/actions/runs/35201085338/job/105139849206
"17.09.26, 08:55:56",105139849214,35201085338,1,Demos Visual Tests,angular(2/10)-screenshots-fluent.blue.light,fluent-next/roles-audit,cancelled,Download demo bundles (Angular shard 1),https://github.com/DevExpress/DevExtreme/actions/runs/35201085338/job/105139849214
"17.09.26, 08:55:56",105139849219,35201085338,1,Demos Visual Tests,angular(7/10)-screenshots-fluent-next.blue.light,fluent-next/roles-audit,cancelled,Download vendor bundles,https://github.com/DevExpress/DevExtreme/actions/runs/35201085338/job/105139849219
"17.09.26, 08:55:56",105139849221,35201085338,1,Demos Visual Tests,angular(6/10)-screenshots-fluent.blue.light,fluent-next/roles-audit,cancelled,Run Web Server,https://github.com/DevExpress/DevExtreme/actions/runs/35201085338/job/105139849221
"17.09.26, 08:55:56",105139849223,35201085338,1,Demos Visual Tests,angular(7/10)-screenshots-fluent.blue.light,fluent-next/roles-audit,cancelled,Download vendor bundles,https://github.com/DevExpress/DevExtreme/actions/runs/35201085338/job/105139849223
"17.09.26, 08:55:56",105139849224,35201085338,1,Demos Visual Tests,vue(1/5)-screenshots-fluent-next.blue.light,fluent-next/roles-audit,cancelled,Install tgz,https://github.com/DevExpress/DevExtreme/actions/runs/35201085338/job/105139849224
"17.09.26, 08:55:56",105139849225,35201085338,1,Demos Visual Tests,angular(8/10)-screenshots-fluent-next.blue.light,fluent-next/roles-audit,cancelled,Run Web Server,https://github.com/DevExpress/DevExtreme/actions/runs/35201085338/job/105139849225
"17.09.26, 08:55:56",105139849237,35201085338,1,Demos Visual Tests,vue(3/5)-screenshots-fluent-next.blue.light,fluent-next/roles-audit,cancelled,Download vendor bundles,https://github.com/DevExpress/DevExtreme/actions/runs/35201085338/job/105139849237
"17.09.26, 08:55:56",105139849240,35201085338,1,Demos Visual Tests,angular(10/10)-screenshots-fluent.blue.light,fluent-next/roles-audit,cancelled,Run Web Server,https://github.com/DevExpress/DevExtreme/actions/runs/35201085338/job/105139849240
"17.09.26, 08:55:56",105139849241,35201085338,1,Demos Visual Tests,angular(6/10)-screenshots-fluent-next.blue.light,fluent-next/roles-audit,cancelled,Install tgz,https://github.com/DevExpress/DevExtreme/actions/runs/35201085338/job/105139849241
"17.09.26, 08:55:56",105139849249,35201085338,1,Demos Visual Tests,react(3/3)-screenshots-fluent.blue.light,fluent-next/roles-audit,cancelled,Install tgz,https://github.com/DevExpress/DevExtreme/actions/runs/35201085338/job/105139849249
"17.09.26, 08:55:56",105139849265,35201085338,1,Demos Visual Tests,vue(3/5)-screenshots-fluent.blue.light,fluent-next/roles-audit,cancelled,Install tgz,https://github.com/DevExpress/DevExtreme/actions/runs/35201085338/job/105139849265
"17.09.26, 08:55:56",105139849266,35201085338,1,Demos Visual Tests,angular(5/10)-screenshots-fluent.blue.light,fluent-next/roles-audit,cancelled,Install tgz,https://github.com/DevExpress/DevExtreme/actions/runs/35201085338/job/105139849266
"17.09.26, 08:55:56",105139849269,35201085338,1,Demos Visual Tests,vue(4/5)-screenshots-fluent.blue.light,fluent-next/roles-audit,cancelled,Install tgz,https://github.com/DevExpress/DevExtreme/actions/runs/35201085338/job/105139849269
"17.09.26, 08:55:56",105139849278,35201085338,1,Demos Visual Tests,angular(8/10)-screenshots-fluent.blue.light,fluent-next/roles-audit,cancelled,Download demo bundles (Angular shard 3),https://github.com/DevExpress/DevExtreme/actions/runs/35201085338/job/105139849278
"17.09.26, 08:55:56",105139849280,35201085338,1,Demos Visual Tests,angular(5/10)-screenshots-fluent-next.blue.light,fluent-next/roles-audit,cancelled,Install tgz,https://github.com/DevExpress/DevExtreme/actions/runs/35201085338/job/105139849280
"17.09.26, 08:55:56",105139849281,35201085338,1,Demos Visual Tests,angular(4/10)-screenshots-fluent.blue.light,fluent-next/roles-audit,cancelled,Download demo bundles (Angular shard 1),https://github.com/DevExpress/DevExtreme/actions/runs/35201085338/job/105139849281
"17.09.26, 08:55:56",105139849284,35201085338,1,Demos Visual Tests,angular(1/10)-screenshots-fluent.blue.light,fluent-next/roles-audit,cancelled,Install tgz,https://github.com/DevExpress/DevExtreme/actions/runs/35201085338/job/105139849284
"17.09.26, 08:55:56",105139849293,35201085338,1,Demos Visual Tests,angular(2/10)-screenshots-fluent-next.blue.light,fluent-next/roles-audit,cancelled,Download demo bundles (Angular shard 2),https://github.com/DevExpress/DevExtreme/actions/runs/35201085338/job/105139849293
"17.09.26, 08:55:56",105139849301,35201085338,1,Demos Visual Tests,angular(9/10)-screenshots-fluent.blue.light,fluent-next/roles-audit,cancelled,Install tgz,https://github.com/DevExpress/DevExtreme/actions/runs/35201085338/job/105139849301
"17.09.26, 08:55:56",105139849349,35201085338,1,Demos Visual Tests,angular(10/10)-screenshots-fluent-next.blue.light,fluent-next/roles-audit,cancelled,Install tgz,https://github.com/DevExpress/DevExtreme/actions/runs/35201085338/job/105139849349
"17.09.26, 08:55:56",105139849379,35201085338,1,Demos Visual Tests,angular(9/10)-screenshots-fluent-next.blue.light,fluent-next/roles-audit,cancelled,Download demo bundles (Angular shard 3),https://github.com/DevExpress/DevExtreme/actions/runs/35201085338/job/105139849379
"17.09.26, 08:55:56",105139849468,35201085338,1,Demos Visual Tests,angular(4/10)-screenshots-fluent-next.blue.light,fluent-next/roles-audit,cancelled,Install tgz,https://github.com/DevExpress/DevExtreme/actions/runs/35201085338/job/105139849468
"17.09.26, 08:58:52",105140708191,35201085338,1,Demos Visual Tests,merge-artifacts,fluent-next/roles-audit,cancelled,,https://github.com/DevExpress/DevExtreme/actions/runs/35201085338/job/105140708191
"17.09.26, 09:03:32",105142094288,35201085338,1,Demos Visual Tests,CSP Violations Summary,fluent-next/roles-audit,cancelled,,https://github.com/DevExpress/DevExtreme/actions/runs/35201085338/job/105142094288
"17.09.26, 08:42:02",105135733190,35201034495,1,Demos Visual Tests,Check if tests should run,fluent-next/roles-audit,cancelled,,https://github.com/DevExpress/DevExtreme/actions/runs/35201034495/job/105135733190
"17.09.26, 08:42:03",105135738298,35201034495,1,Demos Visual Tests,Build DevExtreme,fluent-next/roles-audit,cancelled,,https://github.com/DevExpress/DevExtreme/actions/runs/35201034495/job/105135738298
"17.09.26, 08:42:04",105135739114,35201034495,1,Demos Visual Tests,"matrix.SHARD_TOTAL == 1 && format('CSP check ({0})', matrix.FRAMEWORK) || format('CSP check ({0} {1}/{2})', matrix.FRAMEWORK, matrix.SHARD_INDEX, matrix.SHARD_TOTAL)",fluent-next/roles-audit,cancelled,,https://github.com/DevExpress/DevExtreme/actions/runs/35201034495/job/105135739114
"17.09.26, 08:42:04",105135739199,35201034495,1,Demos Visual Tests,Check TS and lint code base,fluent-next/roles-audit,cancelled,,https://github.com/DevExpress/DevExtreme/actions/runs/35201034495/job/105135739199
"17.09.26, 08:42:04",105135739236,35201034495,1,Demos Visual Tests,Get changed demos,fluent-next/roles-audit,cancelled,,https://github.com/DevExpress/DevExtreme/actions/runs/35201034495/job/105135739236
"17.09.26, 08:42:04",105135739243,35201034495,1,Demos Visual Tests,"Build vendor bundles (React, Vue)",fluent-next/roles-audit,cancelled,,https://github.com/DevExpress/DevExtreme/actions/runs/35201034495/job/105135739243
"17.09.26, 08:42:04",105135739297,35201034495,1,Demos Visual Tests,${{ matrix.CONSTEL }}-${{ matrix.STRATEGY }}-${{ matrix.THEME }},fluent-next/roles-audit,cancelled,,https://github.com/DevExpress/DevExtreme/actions/runs/35201034495/job/105135739297
"17.09.26, 08:42:04",105135739448,35201034495,1,Demos Visual Tests,"matrix.SHARD_TOTAL == 1 && format('Build demos ({0})', matrix.FRAMEWORK) || format('Build demos ({0} {1}/{2})', matrix.FRAMEWORK, matrix.SHARD_INDEX, matrix.SHARD_TOTAL)",fluent-next/roles-audit,cancelled,,https://github.com/DevExpress/DevExtreme/actions/runs/35201034495/job/105135739448
"17.09.26, 08:42:04",105135739645,35201034495,1,Demos Visual Tests,CSP check (jQuery),fluent-next/roles-audit,cancelled,,https://github.com/DevExpress/DevExtreme/actions/runs/35201034495/job/105135739645
"17.09.26, 08:42:04",105135739680,35201034495,1,Demos Visual Tests,Check generated demos,fluent-next/roles-audit,cancelled,,https://github.com/DevExpress/DevExtreme/actions/runs/35201034495/job/105135739680
"17.09.26, 08:42:04",105135739801,35201034495,1,Demos Visual Tests,Determine scope for framework tests,fluent-next/roles-audit,cancelled,,https://github.com/DevExpress/DevExtreme/actions/runs/35201034495/job/105135739801
"17.09.26, 08:42:04",105135739982,35201034495,1,Demos Visual Tests,CSP Violations Summary,fluent-next/roles-audit,cancelled,,https://github.com/DevExpress/DevExtreme/actions/runs/35201034495/job/105135739982
"17.09.26, 08:42:04",105135740348,35201034495,1,Demos Visual Tests,Determine jQuery test matrix,fluent-next/roles-audit,cancelled,,https://github.com/DevExpress/DevExtreme/actions/runs/35201034495/job/105135740348
"17.09.26, 08:42:04",105135740436,35201034495,1,Demos Visual Tests,${{ matrix.CONSTEL }}-screenshots-${{ matrix.THEME }},fluent-next/roles-audit,cancelled,,https://github.com/DevExpress/DevExtreme/actions/runs/35201034495/job/105135740436
"17.09.26, 08:42:04",105135740641,35201034495,1,Demos Visual Tests,${{ matrix.CONSTEL }}-screenshots-${{ matrix.THEME }},fluent-next/roles-audit,cancelled,,https://github.com/DevExpress/DevExtreme/actions/runs/35201034495/job/105135740641
"17.09.26, 08:42:04",105135740978,35201034495,1,Demos Visual Tests,merge-artifacts,fluent-next/roles-audit,cancelled,,https://github.com/DevExpress/DevExtreme/actions/runs/35201034495/job/105135740978
"17.09.26, 08:34:47",105133585257,35199504984,1,Demos Visual Tests,CSP check (jQuery),fluent-next/roles-audit,cancelled,Run CSP Check,https://github.com/DevExpress/DevExtreme/actions/runs/35199504984/job/105133585257
"17.09.26, 08:34:47",105133585325,35199504984,1,Demos Visual Tests,Check generated demos,fluent-next/roles-audit,cancelled,Check generated JS demos,https://github.com/DevExpress/DevExtreme/actions/runs/35199504984/job/105133585325
"17.09.26, 08:34:47",105133585458,35199504984,1,Demos Visual Tests,CSP check (React 2/2),fluent-next/roles-audit,cancelled,Run CSP Check,https://github.com/DevExpress/DevExtreme/actions/runs/35199504984/job/105133585458
"17.09.26, 08:34:47",105133585468,35199504984,1,Demos Visual Tests,CSP check (Vue 2/2),fluent-next/roles-audit,cancelled,Run CSP Check,https://github.com/DevExpress/DevExtreme/actions/runs/35199504984/job/105133585468
"17.09.26, 08:34:47",105133585478,35199504984,1,Demos Visual Tests,CSP check (Angular 1/3),fluent-next/roles-audit,cancelled,Run CSP Check,https://github.com/DevExpress/DevExtreme/actions/runs/35199504984/job/105133585478
"17.09.26, 08:34:47",105133585483,35199504984,1,Demos Visual Tests,CSP check (React 1/2),fluent-next/roles-audit,cancelled,Run CSP Check,https://github.com/DevExpress/DevExtreme/actions/runs/35199504984/job/105133585483
"17.09.26, 08:34:47",105133585485,35199504984,1,Demos Visual Tests,CSP check (Angular 2/3),fluent-next/roles-audit,cancelled,Run CSP Check,https://github.com/DevExpress/DevExtreme/actions/runs/35199504984/job/105133585485
"17.09.26, 08:34:47",105133585514,35199504984,1,Demos Visual Tests,CSP check (Vue 1/2),fluent-next/roles-audit,cancelled,Run CSP Check,https://github.com/DevExpress/DevExtreme/actions/runs/35199504984/job/105133585514
"17.09.26, 08:34:47",105133585580,35199504984,1,Demos Visual Tests,CSP check (Angular 3/3),fluent-next/roles-audit,cancelled,Run CSP Check,https://github.com/DevExpress/DevExtreme/actions/runs/35199504984/job/105133585580
"17.09.26, 08:34:47",105133585638,35199504984,1,Demos Visual Tests,jquery(3/3)-screenshots-fluent.blue.light,fluent-next/roles-audit,cancelled,,https://github.com/DevExpress/DevExtreme/actions/runs/35199504984/job/105133585638
"17.09.26, 08:34:47",105133585699,35199504984,1,Demos Visual Tests,jquery(1/3)-screenshots-fluent.blue.light,fluent-next/roles-audit,cancelled,Run TestCafe tests (jQuery),https://github.com/DevExpress/DevExtreme/actions/runs/35199504984/job/105133585699
"17.09.26, 08:38:39",105134728357,35199504984,1,Demos Visual Tests,react(1/3)-screenshots-fluent-next.blue.light,fluent-next/roles-audit,cancelled,Run TestCafe tests,https://github.com/DevExpress/DevExtreme/actions/runs/35199504984/job/105134728357
"17.09.26, 08:38:39",105134728371,35199504984,1,Demos Visual Tests,react(2/3)-screenshots-fluent.blue.light,fluent-next/roles-audit,cancelled,Run TestCafe tests,https://github.com/DevExpress/DevExtreme/actions/runs/35199504984/job/105134728371
"17.09.26, 08:38:39",105134728393,35199504984,1,Demos Visual Tests,react(2/3)-screenshots-fluent-next.blue.light,fluent-next/roles-audit,cancelled,Run TestCafe tests,https://github.com/DevExpress/DevExtreme/actions/runs/35199504984/job/105134728393
"17.09.26, 08:38:39",105134728414,35199504984,1,Demos Visual Tests,vue(1/5)-screenshots-fluent.blue.light,fluent-next/roles-audit,cancelled,Run TestCafe tests,https://github.com/DevExpress/DevExtreme/actions/runs/35199504984/job/105134728414
"17.09.26, 08:38:39",105134728427,35199504984,1,Demos Visual Tests,vue(2/5)-screenshots-fluent-next.blue.light,fluent-next/roles-audit,cancelled,Run TestCafe tests,https://github.com/DevExpress/DevExtreme/actions/runs/35199504984/job/105134728427
"17.09.26, 08:38:39",105134728430,35199504984,1,Demos Visual Tests,vue(2/5)-screenshots-fluent.blue.light,fluent-next/roles-audit,cancelled,Run TestCafe tests,https://github.com/DevExpress/DevExtreme/actions/runs/35199504984/job/105134728430
"17.09.26, 08:38:39",105134728451,35199504984,1,Demos Visual Tests,react(3/3)-screenshots-fluent-next.blue.light,fluent-next/roles-audit,cancelled,Run TestCafe tests,https://github.com/DevExpress/DevExtreme/actions/runs/35199504984/job/105134728451
"17.09.26, 08:38:39",105134728479,35199504984,1,Demos Visual Tests,vue(5/5)-screenshots-fluent.blue.light,fluent-next/roles-audit,cancelled,Run TestCafe tests,https://github.com/DevExpress/DevExtreme/actions/runs/35199504984/job/105134728479
"17.09.26, 08:38:39",105134728489,35199504984,1,Demos Visual Tests,vue(4/5)-screenshots-fluent-next.blue.light,fluent-next/roles-audit,cancelled,Run Web Server,https://github.com/DevExpress/DevExtreme/actions/runs/35199504984/job/105134728489
"17.09.26, 08:38:39",105134728492,35199504984,1,Demos Visual Tests,vue(4/5)-screenshots-fluent.blue.light,fluent-next/roles-audit,cancelled,Run TestCafe tests,https://github.com/DevExpress/DevExtreme/actions/runs/35199504984/job/105134728492
"17.09.26, 08:38:39",105134728495,35199504984,1,Demos Visual Tests,vue(1/5)-screenshots-fluent-next.blue.light,fluent-next/roles-audit,cancelled,Run TestCafe tests,https://github.com/DevExpress/DevExtreme/actions/runs/35199504984/job/105134728495
"17.09.26, 08:38:39",105134728497,35199504984,1,Demos Visual Tests,vue(5/5)-screenshots-fluent-next.blue.light,fluent-next/roles-audit,cancelled,Run Web Server,https://github.com/DevExpress/DevExtreme/actions/runs/35199504984/job/105134728497
"17.09.26, 08:38:39",105134728501,35199504984,1,Demos Visual Tests,react(3/3)-screenshots-fluent.blue.light,fluent-next/roles-audit,cancelled,Download vendor bundles,https://github.com/DevExpress/DevExtreme/actions/runs/35199504984/job/105134728501
"17.09.26, 08:38:39",105134728507,35199504984,1,Demos Visual Tests,angular(2/10)-screenshots-fluent-next.blue.light,fluent-next/roles-audit,cancelled,Run TestCafe tests,https://github.com/DevExpress/DevExtreme/actions/runs/35199504984/job/105134728507
"17.09.26, 08:38:39",105134728511,35199504984,1,Demos Visual Tests,angular(1/10)-screenshots-fluent.blue.light,fluent-next/roles-audit,cancelled,Run TestCafe tests,https://github.com/DevExpress/DevExtreme/actions/runs/35199504984/job/105134728511
"17.09.26, 08:38:39",105134728513,35199504984,1,Demos Visual Tests,angular(3/10)-screenshots-fluent.blue.light,fluent-next/roles-audit,cancelled,Run TestCafe tests,https://github.com/DevExpress/DevExtreme/actions/runs/35199504984/job/105134728513
"17.09.26, 08:38:39",105134728517,35199504984,1,Demos Visual Tests,angular(2/10)-screenshots-fluent.blue.light,fluent-next/roles-audit,cancelled,Run Web Server,https://github.com/DevExpress/DevExtreme/actions/runs/35199504984/job/105134728517
"17.09.26, 08:38:39",105134728533,35199504984,1,Demos Visual Tests,vue(3/5)-screenshots-fluent-next.blue.light,fluent-next/roles-audit,cancelled,Run TestCafe tests,https://github.com/DevExpress/DevExtreme/actions/runs/35199504984/job/105134728533
"17.09.26, 08:38:39",105134728540,35199504984,1,Demos Visual Tests,react(1/3)-screenshots-fluent.blue.light,fluent-next/roles-audit,cancelled,Run TestCafe tests,https://github.com/DevExpress/DevExtreme/actions/runs/35199504984/job/105134728540
"17.09.26, 08:38:39",105134728561,35199504984,1,Demos Visual Tests,vue(3/5)-screenshots-fluent.blue.light,fluent-next/roles-audit,cancelled,Run TestCafe tests,https://github.com/DevExpress/DevExtreme/actions/runs/35199504984/job/105134728561
"17.09.26, 08:38:39",105134728592,35199504984,1,Demos Visual Tests,angular(4/10)-screenshots-fluent-next.blue.light,fluent-next/roles-audit,cancelled,Run TestCafe tests,https://github.com/DevExpress/DevExtreme/actions/runs/35199504984/job/105134728592
"17.09.26, 08:38:39",105134728615,35199504984,1,Demos Visual Tests,angular(1/10)-screenshots-fluent-next.blue.light,fluent-next/roles-audit,cancelled,Run Web Server,https://github.com/DevExpress/DevExtreme/actions/runs/35199504984/job/105134728615
"17.09.26, 08:38:39",105134728665,35199504984,1,Demos Visual Tests,angular(8/10)-screenshots-fluent.blue.light,fluent-next/roles-audit,cancelled,Run TestCafe tests,https://github.com/DevExpress/DevExtreme/actions/runs/35199504984/job/105134728665
"17.09.26, 08:38:39",105134728682,35199504984,1,Demos Visual Tests,angular(9/10)-screenshots-fluent-next.blue.light,fluent-next/roles-audit,cancelled,Run TestCafe tests,https://github.com/DevExpress/DevExtreme/actions/runs/35199504984/job/105134728682
"17.09.26, 08:38:39",105134728738,35199504984,1,Demos Visual Tests,angular(5/10)-screenshots-fluent.blue.light,fluent-next/roles-audit,cancelled,Download vendor bundles,https://github.com/DevExpress/DevExtreme/actions/runs/35199504984/job/105134728738
"17.09.26, 08:38:39",105134728747,35199504984,1,Demos Visual Tests,angular(8/10)-screenshots-fluent-next.blue.light,fluent-next/roles-audit,cancelled,Run TestCafe tests,https://github.com/DevExpress/DevExtreme/actions/runs/35199504984/job/105134728747
"17.09.26, 08:38:39",105134728770,35199504984,1,Demos Visual Tests,angular(7/10)-screenshots-fluent.blue.light,fluent-next/roles-audit,cancelled,Run TestCafe tests,https://github.com/DevExpress/DevExtreme/actions/runs/35199504984/job/105134728770
"17.09.26, 08:38:39",105134728771,35199504984,1,Demos Visual Tests,angular(6/10)-screenshots-fluent-next.blue.light,fluent-next/roles-audit,cancelled,Run TestCafe tests,https://github.com/DevExpress/DevExtreme/actions/runs/35199504984/job/105134728771
"17.09.26, 08:38:39",105134728788,35199504984,1,Demos Visual Tests,angular(10/10)-screenshots-fluent.blue.light,fluent-next/roles-audit,cancelled,Run TestCafe tests,https://github.com/DevExpress/DevExtreme/actions/runs/35199504984/job/105134728788
"17.09.26, 08:38:39",105134728801,35199504984,1,Demos Visual Tests,angular(3/10)-screenshots-fluent-next.blue.light,fluent-next/roles-audit,cancelled,Run TestCafe tests,https://github.com/DevExpress/DevExtreme/actions/runs/35199504984/job/105134728801
"17.09.26, 08:38:39",105134728830,35199504984,1,Demos Visual Tests,angular(7/10)-screenshots-fluent-next.blue.light,fluent-next/roles-audit,cancelled,Run TestCafe tests,https://github.com/DevExpress/DevExtreme/actions/runs/35199504984/job/105134728830
"17.09.26, 08:38:39",105134728842,35199504984,1,Demos Visual Tests,angular(9/10)-screenshots-fluent.blue.light,fluent-next/roles-audit,cancelled,Run TestCafe tests,https://github.com/DevExpress/DevExtreme/actions/runs/35199504984/job/105134728842
"17.09.26, 08:38:39",105134728844,35199504984,1,Demos Visual Tests,angular(4/10)-screenshots-fluent.blue.light,fluent-next/roles-audit,cancelled,Download vendor bundles,https://github.com/DevExpress/DevExtreme/actions/runs/35199504984/job/105134728844
"17.09.26, 08:38:39",105134728867,35199504984,1,Demos Visual Tests,angular(10/10)-screenshots-fluent-next.blue.light,fluent-next/roles-audit,cancelled,Run TestCafe tests,https://github.com/DevExpress/DevExtreme/actions/runs/35199504984/job/105134728867
"17.09.26, 08:38:39",105134728869,35199504984,1,Demos Visual Tests,angular(6/10)-screenshots-fluent.blue.light,fluent-next/roles-audit,cancelled,Run TestCafe tests,https://github.com/DevExpress/DevExtreme/actions/runs/35199504984/job/105134728869
"17.09.26, 08:38:39",105134728878,35199504984,1,Demos Visual Tests,angular(5/10)-screenshots-fluent-next.blue.light,fluent-next/roles-audit,cancelled,Run TestCafe tests,https://github.com/DevExpress/DevExtreme/actions/runs/35199504984/job/105134728878
"17.09.26, 08:41:55",105135697806,35199504984,1,Demos Visual Tests,merge-artifacts,fluent-next/roles-audit,cancelled,,https://github.com/DevExpress/DevExtreme/actions/runs/35199504984/job/105135697806
"17.09.26, 08:42:02",105135731777,35199504984,1,Demos Visual Tests,CSP Violations Summary,fluent-next/roles-audit,cancelled,,https://github.com/DevExpress/DevExtreme/actions/runs/35199504984/job/105135731777
"17.09.26, 08:20:29",105129435935,35199055317,1,Demos Visual Tests,Build DevExtreme,fluent-next/roles-audit,cancelled,DevExtreme - Build-all,https://github.com/DevExpress/DevExtreme/actions/runs/35199055317/job/105129435935
"17.09.26, 08:24:58",105130709298,35199055317,1,Demos Visual Tests,Check TS and lint code base,fluent-next/roles-audit,cancelled,,https://github.com/DevExpress/DevExtreme/actions/runs/35199055317/job/105130709298
"17.09.26, 08:24:59",105130709945,35199055317,1,Demos Visual Tests,Check generated demos,fluent-next/roles-audit,cancelled,,https://github.com/DevExpress/DevExtreme/actions/runs/35199055317/job/105130709945
"17.09.26, 08:24:59",105130709961,35199055317,1,Demos Visual Tests,"matrix.SHARD_TOTAL == 1 && format('CSP check ({0})', matrix.FRAMEWORK) || format('CSP check ({0} {1}/{2})', matrix.FRAMEWORK, matrix.SHARD_INDEX, matrix.SHARD_TOTAL)",fluent-next/roles-audit,cancelled,,https://github.com/DevExpress/DevExtreme/actions/runs/35199055317/job/105130709961
"17.09.26, 08:24:59",105130709975,35199055317,1,Demos Visual Tests,"matrix.SHARD_TOTAL == 1 && format('Build demos ({0})', matrix.FRAMEWORK) || format('Build demos ({0} {1}/{2})', matrix.FRAMEWORK, matrix.SHARD_INDEX, matrix.SHARD_TOTAL)",fluent-next/roles-audit,cancelled,,https://github.com/DevExpress/DevExtreme/actions/runs/35199055317/job/105130709975
"17.09.26, 08:24:59",105130710179,35199055317,1,Demos Visual Tests,${{ matrix.CONSTEL }}-${{ matrix.STRATEGY }}-${{ matrix.THEME }},fluent-next/roles-audit,cancelled,,https://github.com/DevExpress/DevExtreme/actions/runs/35199055317/job/105130710179
"17.09.26, 08:24:59",105130710268,35199055317,1,Demos Visual Tests,CSP check (jQuery),fluent-next/roles-audit,cancelled,,https://github.com/DevExpress/DevExtreme/actions/runs/35199055317/job/105130710268
"17.09.26, 08:24:59",105130710525,35199055317,1,Demos Visual Tests,"Build vendor bundles (React, Vue)",fluent-next/roles-audit,cancelled,,https://github.com/DevExpress/DevExtreme/actions/runs/35199055317/job/105130710525
"17.09.26, 08:24:59",105130710529,35199055317,1,Demos Visual Tests,CSP Violations Summary,fluent-next/roles-audit,cancelled,,https://github.com/DevExpress/DevExtreme/actions/runs/35199055317/job/105130710529
"17.09.26, 08:24:59",105130710648,35199055317,1,Demos Visual Tests,${{ matrix.CONSTEL }}-screenshots-${{ matrix.THEME }},fluent-next/roles-audit,cancelled,,https://github.com/DevExpress/DevExtreme/actions/runs/35199055317/job/105130710648
"17.09.26, 08:24:59",105130711201,35199055317,1,Demos Visual Tests,${{ matrix.CONSTEL }}-screenshots-${{ matrix.THEME }},fluent-next/roles-audit,cancelled,,https://github.com/DevExpress/DevExtreme/actions/runs/35199055317/job/105130711201
"17.09.26, 08:24:59",105130711266,35199055317,1,Demos Visual Tests,merge-artifacts,fluent-next/roles-audit,cancelled,,https://github.com/DevExpress/DevExtreme/actions/runs/35199055317/job/105130711266
"17.09.26, 07:52:27",105121565126,35196696873,1,Demos Visual Tests,Build DevExtreme,remove_deprecated_headerfilter_allowsearch_main,failure,DevExtreme - Build-all,https://github.com/DevExpress/DevExtreme/actions/runs/35196696873/job/105121565126
"17.09.26, 08:05:52",105125255014,35196491647,1,Demos Visual Tests,angular(4/10)-screenshots-fluent.blue.light,26_1,failure,Run TestCafe tests,https://github.com/DevExpress/DevExtreme/actions/runs/35196491647/job/105125255014
"17.09.26, 08:05:52",105125255050,35196491647,1,Demos Visual Tests,angular(6/10)-screenshots-fluent.blue.light,26_1,cancelled,Run TestCafe tests,https://github.com/DevExpress/DevExtreme/actions/runs/35196491647/job/105125255050
"17.09.26, 08:05:52",105125255104,35196491647,1,Demos Visual Tests,angular(1/10)-screenshots-fluent.blue.light,26_1,failure,Run TestCafe tests,https://github.com/DevExpress/DevExtreme/actions/runs/35196491647/job/105125255104
"17.09.26, 07:41:00",105118473529,35194947297,1,Demos Visual Tests,CSP check (Angular 1/3),26_1,failure,,https://github.com/DevExpress/DevExtreme/actions/runs/35194947297/job/105118473529
"17.09.26, 07:45:16",105119629097,35194947297,1,Demos Visual Tests,angular(2/10)-screenshots-fluent.blue.light,26_1,failure,Run TestCafe tests,https://github.com/DevExpress/DevExtreme/actions/runs/35194947297/job/105119629097
"17.09.26, 07:45:16",105119629100,35194947297,1,Demos Visual Tests,angular(1/10)-screenshots-fluent.blue.light,26_1,failure,Run TestCafe tests,https://github.com/DevExpress/DevExtreme/actions/runs/35194947297/job/105119629100
"17.09.26, 07:03:21",105108492492,35191829042,1,Demos Visual Tests,"Build vendor bundles (React, Vue)",fluent-next/roles-audit,cancelled,Get sources,https://github.com/DevExpress/DevExtreme/actions/runs/35191829042/job/105108492492
"17.09.26, 07:03:21",105108492528,35191829042,1,Demos Visual Tests,CSP check (jQuery),fluent-next/roles-audit,cancelled,Get sources,https://github.com/DevExpress/DevExtreme/actions/runs/35191829042/job/105108492528
"17.09.26, 07:03:21",105108492538,35191829042,1,Demos Visual Tests,Check TS and lint code base,fluent-next/roles-audit,cancelled,Get sources,https://github.com/DevExpress/DevExtreme/actions/runs/35191829042/job/105108492538
"17.09.26, 07:03:21",105108492541,35191829042,1,Demos Visual Tests,Check generated demos,fluent-next/roles-audit,cancelled,Get sources,https://github.com/DevExpress/DevExtreme/actions/runs/35191829042/job/105108492541
"17.09.26, 07:03:21",105108492717,35191829042,1,Demos Visual Tests,CSP check (Angular 2/3),fluent-next/roles-audit,cancelled,Get sources,https://github.com/DevExpress/DevExtreme/actions/runs/35191829042/job/105108492717
"17.09.26, 07:03:21",105108492735,35191829042,1,Demos Visual Tests,CSP check (React 1/2),fluent-next/roles-audit,cancelled,Get sources,https://github.com/DevExpress/DevExtreme/actions/runs/35191829042/job/105108492735
"17.09.26, 07:03:21",105108492737,35191829042,1,Demos Visual Tests,CSP check (Angular 3/3),fluent-next/roles-audit,cancelled,Get sources,https://github.com/DevExpress/DevExtreme/actions/runs/35191829042/job/105108492737
"17.09.26, 07:03:21",105108492738,35191829042,1,Demos Visual Tests,CSP check (Vue 2/2),fluent-next/roles-audit,cancelled,Download devextreme sources,https://github.com/DevExpress/DevExtreme/actions/runs/35191829042/job/105108492738
"17.09.26, 07:03:21",105108492788,35191829042,1,Demos Visual Tests,CSP check (Vue 1/2),fluent-next/roles-audit,cancelled,Get sources,https://github.com/DevExpress/DevExtreme/actions/runs/35191829042/job/105108492788
"17.09.26, 07:03:21",105108492822,35191829042,1,Demos Visual Tests,CSP check (Angular 1/3),fluent-next/roles-audit,cancelled,Get sources,https://github.com/DevExpress/DevExtreme/actions/runs/35191829042/job/105108492822
"17.09.26, 07:03:21",105108492841,35191829042,1,Demos Visual Tests,CSP check (React 2/2),fluent-next/roles-audit,cancelled,Get sources,https://github.com/DevExpress/DevExtreme/actions/runs/35191829042/job/105108492841
"17.09.26, 07:03:21",105108492847,35191829042,1,Demos Visual Tests,jquery(3/3)-screenshots-material.blue.light,fluent-next/roles-audit,cancelled,Get sources,https://github.com/DevExpress/DevExtreme/actions/runs/35191829042/job/105108492847
"17.09.26, 07:03:21",105108492854,35191829042,1,Demos Visual Tests,jquery-accessibility-fluent.blue.dark,fluent-next/roles-audit,cancelled,Download artifacts,https://github.com/DevExpress/DevExtreme/actions/runs/35191829042/job/105108492854
"17.09.26, 07:03:21",105108492861,35191829042,1,Demos Visual Tests,jquery-accessibility-material.blue.light,fluent-next/roles-audit,cancelled,Download artifacts,https://github.com/DevExpress/DevExtreme/actions/runs/35191829042/job/105108492861
"17.09.26, 07:03:21",105108492865,35191829042,1,Demos Visual Tests,jquery(3/3)-screenshots-fluent.blue.light,fluent-next/roles-audit,cancelled,Get sources,https://github.com/DevExpress/DevExtreme/actions/runs/35191829042/job/105108492865
"17.09.26, 07:03:21",105108492891,35191829042,1,Demos Visual Tests,jquery-accessibility-fluent.blue.light,fluent-next/roles-audit,cancelled,Get sources,https://github.com/DevExpress/DevExtreme/actions/runs/35191829042/job/105108492891
"17.09.26, 07:03:21",105108492908,35191829042,1,Demos Visual Tests,jquery(2/3)-screenshots-fluent.blue.light,fluent-next/roles-audit,cancelled,Download artifacts,https://github.com/DevExpress/DevExtreme/actions/runs/35191829042/job/105108492908
"17.09.26, 07:03:21",105108492910,35191829042,1,Demos Visual Tests,jquery(1/3)-screenshots-material.blue.light,fluent-next/roles-audit,cancelled,Get sources,https://github.com/DevExpress/DevExtreme/actions/runs/35191829042/job/105108492910
"17.09.26, 07:03:21",105108492911,35191829042,1,Demos Visual Tests,jquery-accessibility-material.blue.dark,fluent-next/roles-audit,cancelled,Download artifacts,https://github.com/DevExpress/DevExtreme/actions/runs/35191829042/job/105108492911
"17.09.26, 07:03:21",105108492914,35191829042,1,Demos Visual Tests,jquery(1/3)-screenshots-fluent.blue.light,fluent-next/roles-audit,cancelled,Get sources,https://github.com/DevExpress/DevExtreme/actions/runs/35191829042/job/105108492914
"17.09.26, 07:03:21",105108492917,35191829042,1,Demos Visual Tests,jquery(2/3)-screenshots-material.blue.light,fluent-next/roles-audit,cancelled,Get sources,https://github.com/DevExpress/DevExtreme/actions/runs/35191829042/job/105108492917
"17.09.26, 07:03:51",105108624545,35191829042,1,Demos Visual Tests,"matrix.SHARD_TOTAL == 1 && format('Build demos ({0})', matrix.FRAMEWORK) || format('Build demos ({0} {1}/{2})', matrix.FRAMEWORK, matrix.SHARD_INDEX, matrix.SHARD_TOTAL)",fluent-next/roles-audit,cancelled,,https://github.com/DevExpress/DevExtreme/actions/runs/35191829042/job/105108624545
"17.09.26, 07:03:52",105108624953,35191829042,1,Demos Visual Tests,${{ matrix.CONSTEL }}-screenshots-${{ matrix.THEME }},fluent-next/roles-audit,cancelled,,https://github.com/DevExpress/DevExtreme/actions/runs/35191829042/job/105108624953
"17.09.26, 07:03:52",105108625053,35191829042,1,Demos Visual Tests,${{ matrix.CONSTEL }}-screenshots-${{ matrix.THEME }},fluent-next/roles-audit,cancelled,,https://github.com/DevExpress/DevExtreme/actions/runs/35191829042/job/105108625053
"17.09.26, 07:03:54",105108634273,35191829042,1,Demos Visual Tests,CSP Violations Summary,fluent-next/roles-audit,cancelled,,https://github.com/DevExpress/DevExtreme/actions/runs/35191829042/job/105108634273
"17.09.26, 07:03:55",105108637074,35191829042,1,Demos Visual Tests,merge-artifacts,fluent-next/roles-audit,cancelled,,https://github.com/DevExpress/DevExtreme/actions/runs/35191829042/job/105108637074
"17.09.26, 06:46:52",105104436741,35190884394,1,Demos Visual Tests,Check TS and lint code base,fluent-next/roles-audit,cancelled,Run lint on all demos,https://github.com/DevExpress/DevExtreme/actions/runs/35190884394/job/105104436741
"17.09.26, 06:46:52",105104436755,35190884394,1,Demos Visual Tests,CSP check (jQuery),fluent-next/roles-audit,cancelled,Run CSP Check,https://github.com/DevExpress/DevExtreme/actions/runs/35190884394/job/105104436755
"17.09.26, 06:46:52",105104436808,35190884394,1,Demos Visual Tests,Check generated demos,fluent-next/roles-audit,cancelled,Check generated JS demos,https://github.com/DevExpress/DevExtreme/actions/runs/35190884394/job/105104436808
"17.09.26, 06:46:52",105104436941,35190884394,1,Demos Visual Tests,CSP check (Angular 3/3),fluent-next/roles-audit,cancelled,Run CSP Check,https://github.com/DevExpress/DevExtreme/actions/runs/35190884394/job/105104436941
"17.09.26, 06:46:52",105104436977,35190884394,1,Demos Visual Tests,CSP check (Angular 2/3),fluent-next/roles-audit,cancelled,Run CSP Check,https://github.com/DevExpress/DevExtreme/actions/runs/35190884394/job/105104436977
"17.09.26, 06:46:52",105104436978,35190884394,1,Demos Visual Tests,CSP check (Vue 2/2),fluent-next/roles-audit,cancelled,Run CSP Check,https://github.com/DevExpress/DevExtreme/actions/runs/35190884394/job/105104436978
"17.09.26, 06:46:52",105104437042,35190884394,1,Demos Visual Tests,CSP check (Angular 1/3),fluent-next/roles-audit,cancelled,Run CSP Check,https://github.com/DevExpress/DevExtreme/actions/runs/35190884394/job/105104437042
"17.09.26, 06:46:52",105104437046,35190884394,1,Demos Visual Tests,CSP check (Vue 1/2),fluent-next/roles-audit,cancelled,Run CSP Check,https://github.com/DevExpress/DevExtreme/actions/runs/35190884394/job/105104437046
"17.09.26, 06:46:52",105104437069,35190884394,1,Demos Visual Tests,CSP check (React 2/2),fluent-next/roles-audit,cancelled,Run CSP Check,https://github.com/DevExpress/DevExtreme/actions/runs/35190884394/job/105104437069
"17.09.26, 06:46:52",105104437070,35190884394,1,Demos Visual Tests,jquery(2/3)-screenshots-material.blue.light,fluent-next/roles-audit,cancelled,Run TestCafe tests (jQuery),https://github.com/DevExpress/DevExtreme/actions/runs/35190884394/job/105104437070
"17.09.26, 06:46:52",105104437146,35190884394,1,Demos Visual Tests,jquery(1/3)-screenshots-fluent.blue.light,fluent-next/roles-audit,cancelled,Run TestCafe tests (jQuery),https://github.com/DevExpress/DevExtreme/actions/runs/35190884394/job/105104437146
"17.09.26, 06:46:52",105104437155,35190884394,1,Demos Visual Tests,jquery(1/3)-screenshots-material.blue.light,fluent-next/roles-audit,cancelled,,https://github.com/DevExpress/DevExtreme/actions/runs/35190884394/job/105104437155
"17.09.26, 06:46:52",105104437556,35190884394,1,Demos Visual Tests,CSP check (React 1/2),fluent-next/roles-audit,cancelled,Run CSP Check,https://github.com/DevExpress/DevExtreme/actions/runs/35190884394/job/105104437556
"17.09.26, 06:50:41",105105359330,35190884394,1,Demos Visual Tests,react(2/3)-screenshots-fluent-next.blue.light,fluent-next/roles-audit,cancelled,Run TestCafe tests,https://github.com/DevExpress/DevExtreme/actions/runs/35190884394/job/105105359330
"17.09.26, 06:50:41",105105359338,35190884394,1,Demos Visual Tests,vue(2/5)-screenshots-fluent-next.blue.light,fluent-next/roles-audit,cancelled,Run TestCafe tests,https://github.com/DevExpress/DevExtreme/actions/runs/35190884394/job/105105359338
"17.09.26, 06:50:41",105105359340,35190884394,1,Demos Visual Tests,react(2/3)-screenshots-fluent.blue.light,fluent-next/roles-audit,cancelled,Run TestCafe tests,https://github.com/DevExpress/DevExtreme/actions/runs/35190884394/job/105105359340
"17.09.26, 06:50:41",105105359342,35190884394,1,Demos Visual Tests,react(1/3)-screenshots-fluent.blue.light,fluent-next/roles-audit,cancelled,Run TestCafe tests,https://github.com/DevExpress/DevExtreme/actions/runs/35190884394/job/105105359342
"17.09.26, 06:50:41",105105359352,35190884394,1,Demos Visual Tests,vue(1/5)-screenshots-fluent-next.blue.light,fluent-next/roles-audit,cancelled,Run TestCafe tests,https://github.com/DevExpress/DevExtreme/actions/runs/35190884394/job/105105359352
"17.09.26, 06:50:41",105105359357,35190884394,1,Demos Visual Tests,react(3/3)-screenshots-fluent.blue.light,fluent-next/roles-audit,cancelled,Run TestCafe tests,https://github.com/DevExpress/DevExtreme/actions/runs/35190884394/job/105105359357
"17.09.26, 06:50:41",105105359378,35190884394,1,Demos Visual Tests,vue(1/5)-screenshots-fluent.blue.light,fluent-next/roles-audit,cancelled,Run TestCafe tests,https://github.com/DevExpress/DevExtreme/actions/runs/35190884394/job/105105359378
"17.09.26, 06:50:41",105105359398,35190884394,1,Demos Visual Tests,vue(2/5)-screenshots-fluent.blue.light,fluent-next/roles-audit,cancelled,Run TestCafe tests,https://github.com/DevExpress/DevExtreme/actions/runs/35190884394/job/105105359398
"17.09.26, 06:50:41",105105359401,35190884394,1,Demos Visual Tests,vue(3/5)-screenshots-fluent.blue.light,fluent-next/roles-audit,cancelled,Run TestCafe tests,https://github.com/DevExpress/DevExtreme/actions/runs/35190884394/job/105105359401
"17.09.26, 06:50:41",105105359408,35190884394,1,Demos Visual Tests,vue(3/5)-screenshots-fluent-next.blue.light,fluent-next/roles-audit,cancelled,Run TestCafe tests,https://github.com/DevExpress/DevExtreme/actions/runs/35190884394/job/105105359408
"17.09.26, 06:50:41",105105359444,35190884394,1,Demos Visual Tests,react(3/3)-screenshots-fluent-next.blue.light,fluent-next/roles-audit,cancelled,Run TestCafe tests,https://github.com/DevExpress/DevExtreme/actions/runs/35190884394/job/105105359444
"17.09.26, 06:50:41",105105359449,35190884394,1,Demos Visual Tests,vue(4/5)-screenshots-fluent.blue.light,fluent-next/roles-audit,cancelled,Run TestCafe tests,https://github.com/DevExpress/DevExtreme/actions/runs/35190884394/job/105105359449
"17.09.26, 06:50:41",105105359481,35190884394,1,Demos Visual Tests,react(1/3)-screenshots-fluent-next.blue.light,fluent-next/roles-audit,cancelled,Install dependencies,https://github.com/DevExpress/DevExtreme/actions/runs/35190884394/job/105105359481
"17.09.26, 06:50:41",105105359486,35190884394,1,Demos Visual Tests,vue(4/5)-screenshots-fluent-next.blue.light,fluent-next/roles-audit,cancelled,Install dependencies,https://github.com/DevExpress/DevExtreme/actions/runs/35190884394/job/105105359486
"17.09.26, 06:50:41",105105359522,35190884394,1,Demos Visual Tests,vue(5/5)-screenshots-fluent-next.blue.light,fluent-next/roles-audit,cancelled,Run TestCafe tests,https://github.com/DevExpress/DevExtreme/actions/runs/35190884394/job/105105359522
"17.09.26, 06:50:41",105105359528,35190884394,1,Demos Visual Tests,angular(5/10)-screenshots-fluent-next.blue.light,fluent-next/roles-audit,cancelled,Run TestCafe tests,https://github.com/DevExpress/DevExtreme/actions/runs/35190884394/job/105105359528
"17.09.26, 06:50:41",105105359555,35190884394,1,Demos Visual Tests,angular(2/10)-screenshots-fluent-next.blue.light,fluent-next/roles-audit,cancelled,Run TestCafe tests,https://github.com/DevExpress/DevExtreme/actions/runs/35190884394/job/105105359555
"17.09.26, 06:50:41",105105359566,35190884394,1,Demos Visual Tests,angular(5/10)-screenshots-fluent.blue.light,fluent-next/roles-audit,cancelled,Run TestCafe tests,https://github.com/DevExpress/DevExtreme/actions/runs/35190884394/job/105105359566
"17.09.26, 06:50:41",105105359570,35190884394,1,Demos Visual Tests,angular(10/10)-screenshots-fluent.blue.light,fluent-next/roles-audit,cancelled,Run TestCafe tests,https://github.com/DevExpress/DevExtreme/actions/runs/35190884394/job/105105359570
"17.09.26, 06:50:41",105105359583,35190884394,1,Demos Visual Tests,angular(2/10)-screenshots-fluent.blue.light,fluent-next/roles-audit,cancelled,Run TestCafe tests,https://github.com/DevExpress/DevExtreme/actions/runs/35190884394/job/105105359583
"17.09.26, 06:50:41",105105359585,35190884394,1,Demos Visual Tests,angular(1/10)-screenshots-fluent.blue.light,fluent-next/roles-audit,cancelled,Run TestCafe tests,https://github.com/DevExpress/DevExtreme/actions/runs/35190884394/job/105105359585
"17.09.26, 06:50:41",105105359586,35190884394,1,Demos Visual Tests,angular(3/10)-screenshots-fluent.blue.light,fluent-next/roles-audit,cancelled,Run TestCafe tests,https://github.com/DevExpress/DevExtreme/actions/runs/35190884394/job/105105359586
"17.09.26, 06:50:41",105105359591,35190884394,1,Demos Visual Tests,angular(4/10)-screenshots-fluent.blue.light,fluent-next/roles-audit,cancelled,Run TestCafe tests,https://github.com/DevExpress/DevExtreme/actions/runs/35190884394/job/105105359591
"17.09.26, 06:50:41",105105359592,35190884394,1,Demos Visual Tests,angular(6/10)-screenshots-fluent.blue.light,fluent-next/roles-audit,cancelled,Run TestCafe tests,https://github.com/DevExpress/DevExtreme/actions/runs/35190884394/job/105105359592
"17.09.26, 06:50:41",105105359602,35190884394,1,Demos Visual Tests,angular(10/10)-screenshots-fluent-next.blue.light,fluent-next/roles-audit,cancelled,Run TestCafe tests,https://github.com/DevExpress/DevExtreme/actions/runs/35190884394/job/105105359602
"17.09.26, 06:50:41",105105359608,35190884394,1,Demos Visual Tests,angular(7/10)-screenshots-fluent.blue.light,fluent-next/roles-audit,cancelled,Install dependencies,https://github.com/DevExpress/DevExtreme/actions/runs/35190884394/job/105105359608
"17.09.26, 06:50:41",105105359614,35190884394,1,Demos Visual Tests,angular(1/10)-screenshots-fluent-next.blue.light,fluent-next/roles-audit,cancelled,Run TestCafe tests,https://github.com/DevExpress/DevExtreme/actions/runs/35190884394/job/105105359614
"17.09.26, 06:50:41",105105359617,35190884394,1,Demos Visual Tests,vue(5/5)-screenshots-fluent.blue.light,fluent-next/roles-audit,cancelled,Install dependencies,https://github.com/DevExpress/DevExtreme/actions/runs/35190884394/job/105105359617
"17.09.26, 06:50:41",105105359640,35190884394,1,Demos Visual Tests,angular(8/10)-screenshots-fluent-next.blue.light,fluent-next/roles-audit,cancelled,Install dependencies,https://github.com/DevExpress/DevExtreme/actions/runs/35190884394/job/105105359640
"17.09.26, 06:50:41",105105359648,35190884394,1,Demos Visual Tests,angular(9/10)-screenshots-fluent-next.blue.light,fluent-next/roles-audit,cancelled,Run TestCafe tests,https://github.com/DevExpress/DevExtreme/actions/runs/35190884394/job/105105359648
"17.09.26, 06:50:41",105105359664,35190884394,1,Demos Visual Tests,angular(3/10)-screenshots-fluent-next.blue.light,fluent-next/roles-audit,cancelled,Run TestCafe tests,https://github.com/DevExpress/DevExtreme/actions/runs/35190884394/job/105105359664
"17.09.26, 06:50:41",105105359686,35190884394,1,Demos Visual Tests,angular(8/10)-screenshots-fluent.blue.light,fluent-next/roles-audit,cancelled,Install dependencies,https://github.com/DevExpress/DevExtreme/actions/runs/35190884394/job/105105359686
"17.09.26, 06:50:41",105105359693,35190884394,1,Demos Visual Tests,angular(4/10)-screenshots-fluent-next.blue.light,fluent-next/roles-audit,cancelled,Install dependencies,https://github.com/DevExpress/DevExtreme/actions/runs/35190884394/job/105105359693
"17.09.26, 06:50:41",105105359718,35190884394,1,Demos Visual Tests,angular(7/10)-screenshots-fluent-next.blue.light,fluent-next/roles-audit,cancelled,Run TestCafe tests,https://github.com/DevExpress/DevExtreme/actions/runs/35190884394/job/105105359718
"17.09.26, 06:50:41",105105359746,35190884394,1,Demos Visual Tests,angular(6/10)-screenshots-fluent-next.blue.light,fluent-next/roles-audit,cancelled,Install dependencies,https://github.com/DevExpress/DevExtreme/actions/runs/35190884394/job/105105359746
"17.09.26, 06:50:41",105105360386,35190884394,1,Demos Visual Tests,angular(9/10)-screenshots-fluent.blue.light,fluent-next/roles-audit,cancelled,Install dependencies,https://github.com/DevExpress/DevExtreme/actions/runs/35190884394/job/105105360386
"17.09.26, 06:52:50",105105879797,35190884394,1,Demos Visual Tests,CSP Violations Summary,fluent-next/roles-audit,cancelled,,https://github.com/DevExpress/DevExtreme/actions/runs/35190884394/job/105105879797
"17.09.26, 06:52:54",105105896122,35190884394,1,Demos Visual Tests,merge-artifacts,fluent-next/roles-audit,cancelled,,https://github.com/DevExpress/DevExtreme/actions/runs/35190884394/job/105105896122
"17.09.26, 18:55:10",105338871156,35261734221,1,Wrappers Tests,build,gridcore_move_column_sync_to_filter_sync_26_2,failure,Build devextreme package,https://github.com/DevExpress/DevExtreme/actions/runs/35261734221/job/105338871156
"17.09.26, 12:51:09",105209156746,35223493426,1,Wrappers Tests,check-regenerate,fix/systemjs-build-codeql,cancelled,Install dependencies,https://github.com/DevExpress/DevExtreme/actions/runs/35223493426/job/105209156746
"17.09.26, 12:51:09",105209156991,35223493426,1,Wrappers Tests,build,fix/systemjs-build-codeql,cancelled,Install dependencies,https://github.com/DevExpress/DevExtreme/actions/runs/35223493426/job/105209156991
"17.09.26, 12:52:41",105209655826,35223493426,1,Wrappers Tests,test,fix/systemjs-build-codeql,cancelled,,https://github.com/DevExpress/DevExtreme/actions/runs/35223493426/job/105209655826
"17.09.26, 12:20:48",105199440930,35219967466,1,Wrappers Tests,test (vue),26_1,failure,,https://github.com/DevExpress/DevExtreme/actions/runs/35219967466/job/105199440930
"17.09.26, 12:08:13",105195608909,35218912931,1,Wrappers Tests,test (angular),gh-readonly-queue/main/pr-35258-a6a600dfebcbe34373cb8afbdc507abad0af637e,failure,,https://github.com/DevExpress/DevExtreme/actions/runs/35218912931/job/105195608909
"17.09.26, 11:57:11",105192311954,35217923614,1,Wrappers Tests,test (vue),gh-readonly-queue/main/pr-35255-60e8d8e9114f2135d4013948b5d860f2bb45af39,failure,,https://github.com/DevExpress/DevExtreme/actions/runs/35217923614/job/105192311954
"17.09.26, 11:57:11",105192311955,35217923614,1,Wrappers Tests,test (angular),gh-readonly-queue/main/pr-35255-60e8d8e9114f2135d4013948b5d860f2bb45af39,failure,,https://github.com/DevExpress/DevExtreme/actions/runs/35217923614/job/105192311955
"17.09.26, 11:43:05",105188250479,35216679326,1,Wrappers Tests,test (angular),refactor/gridcore-invert-focus-fire-changed-26_2,cancelled,Test angular,https://github.com/DevExpress/DevExtreme/actions/runs/35216679326/job/105188250479
"17.09.26, 11:15:09",105180283877,35214699771,1,Wrappers Tests,build,remove_deprecated_columnchooser_options_main,failure,Build devextreme package,https://github.com/DevExpress/DevExtreme/actions/runs/35214699771/job/105180283877
"17.09.26, 11:01:41",105176467088,35212917249,1,Wrappers Tests,test (react),25_2-35190,failure,,https://github.com/DevExpress/DevExtreme/actions/runs/35212917249/job/105176467088
"17.09.26, 08:41:27",105135567345,35201034499,1,Wrappers Tests,check-regenerate,fluent-next/roles-audit,cancelled,Use Node.js,https://github.com/DevExpress/DevExtreme/actions/runs/35201034499/job/105135567345
"17.09.26, 08:41:30",105135578117,35201034499,1,Wrappers Tests,build,fluent-next/roles-audit,cancelled,Use Node.js,https://github.com/DevExpress/DevExtreme/actions/runs/35201034499/job/105135578117
"17.09.26, 08:42:06",105135748279,35201034499,1,Wrappers Tests,test,fluent-next/roles-audit,cancelled,,https://github.com/DevExpress/DevExtreme/actions/runs/35201034499/job/105135748279
"17.09.26, 08:19:27",105129136943,35199055364,1,Wrappers Tests,build,fluent-next/roles-audit,cancelled,Build devextreme package,https://github.com/DevExpress/DevExtreme/actions/runs/35199055364/job/105129136943
"17.09.26, 08:24:55",105130694212,35199055364,1,Wrappers Tests,test,fluent-next/roles-audit,cancelled,,https://github.com/DevExpress/DevExtreme/actions/runs/35199055364/job/105130694212
"17.09.26, 07:52:10",105121492109,35196696935,1,Wrappers Tests,build,remove_deprecated_headerfilter_allowsearch_main,failure,Build devextreme package,https://github.com/DevExpress/DevExtreme/actions/runs/35196696935/job/105121492109
"17.09.26, 06:58:29",105107264003,35191829050,1,Wrappers Tests,test (vue),fluent-next/roles-audit,cancelled,Post Setup nx cache,https://github.com/DevExpress/DevExtreme/actions/runs/35191829050/job/105107264003
"17.09.26, 06:58:29",105107264027,35191829050,1,Wrappers Tests,test (react),fluent-next/roles-audit,cancelled,Post Setup nx cache,https://github.com/DevExpress/DevExtreme/actions/runs/35191829050/job/105107264027
"17.09.26, 06:58:29",105107264047,35191829050,1,Wrappers Tests,test (angular),fluent-next/roles-audit,cancelled,Test angular,https://github.com/DevExpress/DevExtreme/actions/runs/35191829050/job/105107264047
"17.09.26, 06:52:33",105105808546,35191800628,1,Wrappers Tests,check-regenerate,fluent-next/roles-audit,cancelled,Get sources,https://github.com/DevExpress/DevExtreme/actions/runs/35191800628/job/105105808546
"17.09.26, 06:52:33",105105808777,35191800628,1,Wrappers Tests,build,fluent-next/roles-audit,cancelled,Get sources,https://github.com/DevExpress/DevExtreme/actions/runs/35191800628/job/105105808777
"17.09.26, 06:52:58",105105908665,35191800628,1,Wrappers Tests,test,fluent-next/roles-audit,cancelled,,https://github.com/DevExpress/DevExtreme/actions/runs/35191800628/job/105105908665
"17.09.26, 18:55:10",105338870858,35261733905,1,Wrappers E2E Tests,Build DevExtreme and Wrappers,gridcore_move_column_sync_to_filter_sync_26_2,failure,Build all DevExtreme packages,https://github.com/DevExpress/DevExtreme/actions/runs/35261733905/job/105338870858
"17.09.26, 12:51:08",105209155891,35223493393,1,Wrappers E2E Tests,Build DevExtreme and Wrappers,fix/systemjs-build-codeql,cancelled,Install dependencies,https://github.com/DevExpress/DevExtreme/actions/runs/35223493393/job/105209155891
"17.09.26, 12:52:32",105209609292,35223493393,1,Wrappers E2E Tests,Test ${{ matrix.framework }},fix/systemjs-build-codeql,cancelled,,https://github.com/DevExpress/DevExtreme/actions/runs/35223493393/job/105209609292
"17.09.26, 11:15:09",105180283906,35214700147,1,Wrappers E2E Tests,Build DevExtreme and Wrappers,remove_deprecated_columnchooser_options_main,failure,Build all DevExtreme packages,https://github.com/DevExpress/DevExtreme/actions/runs/35214700147/job/105180283906
"17.09.26, 08:41:27",105135566304,35201034455,1,Wrappers E2E Tests,Build DevExtreme and Wrappers,fluent-next/roles-audit,cancelled,Run pnpm/action-setup@v6,https://github.com/DevExpress/DevExtreme/actions/runs/35201034455/job/105135566304
"17.09.26, 08:42:08",105135760986,35201034455,1,Wrappers E2E Tests,Test ${{ matrix.framework }},fluent-next/roles-audit,cancelled,,https://github.com/DevExpress/DevExtreme/actions/runs/35201034455/job/105135760986
"17.09.26, 08:19:27",105129137427,35199055399,1,Wrappers E2E Tests,Build DevExtreme and Wrappers,fluent-next/roles-audit,cancelled,Build all DevExtreme packages,https://github.com/DevExpress/DevExtreme/actions/runs/35199055399/job/105129137427
"17.09.26, 08:24:56",105130698089,35199055399,1,Wrappers E2E Tests,Test ${{ matrix.framework }},fluent-next/roles-audit,cancelled,,https://github.com/DevExpress/DevExtreme/actions/runs/35199055399/job/105130698089
"17.09.26, 07:52:10",105121492157,35196696968,1,Wrappers E2E Tests,Build DevExtreme and Wrappers,remove_deprecated_headerfilter_allowsearch_main,failure,Build all DevExtreme packages,https://github.com/DevExpress/DevExtreme/actions/runs/35196696968/job/105121492157
"17.09.26, 06:52:33",105105808715,35191800644,1,Wrappers E2E Tests,Build DevExtreme and Wrappers,fluent-next/roles-audit,cancelled,Get sources,https://github.com/DevExpress/DevExtreme/actions/runs/35191800644/job/105105808715
"17.09.26, 06:52:59",105105914370,35191800644,1,Wrappers E2E Tests,Test ${{ matrix.framework }},fluent-next/roles-audit,cancelled,,https://github.com/DevExpress/DevExtreme/actions/runs/35191800644/job/105105914370
